Date,Close,High,Low,Open,Volume
2011-01-03,35.16316604614258,35.29938249211401,34.6701944708917,34.696140198339705,4228110
2011-01-04,34.689659118652344,35.208576522009984,34.36533470890155,35.195603655769524,5553679
2011-01-05,35.26694107055664,35.44856112208401,34.46910599931123,34.50153677450057,4907866
2011-01-06,35.26047134399414,35.39020000861827,34.83884905335656,35.38371219851735,3694032
2011-01-07,35.2215461730957,35.46803336290348,34.903709602348144,35.409654093280814,3188221
2011-01-10,34.96208572387695,35.24748872941577,34.63776137293487,35.24748872941577,3812332
2011-01-11,35.026947021484375,35.2604613050639,34.83235407995031,35.14370278640481,2925578
2011-01-12,35.49397659301758,35.54586804958761,35.13073364328841,35.331814414366754,4078203
2011-01-13,35.40963363647461,35.571795732863166,35.292877918420366,35.41612144212417,3311419
2011-01-14,35.68857955932617,35.695064615845446,35.26695725843017,35.33830664883971,3974259
2011-01-18,35.519920349121094,35.8377568798347,35.40316457832118,35.69505538219036,3656193
2011-01-19,35.24749755859375,35.63020126976566,35.072365229104406,35.565336934077095,4192275
2011-01-20,35.40316390991211,36.2204597975586,35.00100239767751,35.182622482159516,8277378
2011-01-21,35.344791412353516,35.80533227388475,35.305872815374165,35.74046519184657,5091716
2011-01-24,35.915611267089844,36.08425855944482,35.33182667068898,35.40317882509373,3618466
2011-01-25,35.92207336425781,35.967476998616675,35.47450830528485,35.818290481451115,2693539
2011-01-26,36.17505645751953,36.382622285902066,35.7728949112894,36.04532781478044,5831458
2011-01-27,36.2723503112793,36.34369968003797,35.90910739797989,36.298296036962206,4246028
2011-01-28,35.88316345214844,36.966404437486766,35.40964980434043,36.123162803488974,10312862
2011-01-31,36.33073043823242,36.33073043823242,35.51343724402354,35.844246656321324,6203610
2011-02-01,36.93398666381836,36.972905270882,36.38263559980674,36.53182497042071,4180256
2011-02-02,37.23883819580078,37.51127110924386,36.68749006714932,36.68749006714932,4913653
2011-02-03,37.08315658569336,37.42693881132454,36.99234655017134,37.08315658569336,4511898
2011-02-04,37.05072784423828,37.16748637303151,36.66154192739048,37.10262205355688,3079380
2011-02-07,37.057212829589844,37.245320718603395,36.95342992633786,37.148022869935325,3254216
2011-02-08,37.225860595703125,37.28423985651161,37.05721337543452,37.141538362438176,3515635
2011-02-09,37.19342803955078,37.32315666433456,36.933968036244636,37.05721160665852,3317762
2011-02-10,37.27773666381836,37.38152227950612,37.01827950894291,37.109089513149314,3844940
2011-02-11,37.60857009887695,37.66694661512215,37.02478566025094,37.18046279562948,2573235
2011-02-14,37.36208724975586,37.64100525947847,37.10262991686947,37.43992444962178,3204581
2011-02-15,37.212886810302734,37.264778261406974,36.933968883748136,37.199913947526674,2141655
2011-02-16,37.319236755371094,37.57368589544383,37.04521332614695,37.28661386339073,3063020
2011-02-17,37.42362594604492,37.53454045608985,37.11045670525403,37.26051702417083,3161734
2011-02-18,37.83465576171875,37.85423004973697,37.423623411493736,37.47581781978797,4069634
2011-02-22,36.686378479003906,37.49539469292058,36.503695254068276,37.29314271680353,4087217
2011-02-23,36.30144119262695,37.182228899529875,35.83168867221747,36.75162219166983,5629578
2011-02-24,36.84947967529297,36.93429697435723,35.923026150846056,35.97521778974188,4904527
2011-02-25,37.371437072753906,37.508448809018894,36.927781736639325,36.9669275513127,3921730
2011-02-28,37.782466888427734,37.893381407209475,37.19527693928045,37.227897064335195,5306616
2011-03-01,36.82990646362305,37.96514311035374,36.797283574770276,37.899897332648216,4978090
2011-03-02,36.24272155761719,37.00606900858973,35.92302939051963,36.92125170187633,7407873
2011-03-03,37.377952575683594,37.53453857313172,36.679848197765814,36.679848197765814,4196726
2011-03-04,36.869041442871094,37.41708531804504,36.41886343570441,37.371416610839205,4357985
2011-03-07,36.6602783203125,37.49539167488439,36.353631997748515,37.05173640691685,4647894
2011-03-08,37.38446807861328,37.567148461090795,36.379717665541776,36.712461088348405,4326712
2011-03-09,36.999549865722656,37.47582812712664,36.71900345907185,37.16918450915095,5391196
2011-03-10,36.3993034362793,36.88863019849936,36.16442581486521,36.88863019849936,5799406
2011-03-11,36.71247100830078,36.85600563331712,36.19052137770067,36.37972749558465,3587750
2011-03-14,36.54282760620117,36.7059364802458,35.96868647462358,36.35362153389461,4772427
2011-03-15,36.23619079589844,36.51021419778375,35.35540603809392,35.52503785794656,5335552
2011-03-16,35.44675064086914,36.216623765993255,35.06181546321508,36.11875785750575,6146963
2011-03-17,36.02090072631836,36.347118654223024,35.766451518101384,35.94260908837724,4033131
2011-03-18,36.44498825073242,36.8755950725184,36.249256366384095,36.431939643096996,5898343
2011-03-21,37.214839935302734,37.495386241624665,36.95386791538259,37.01911092036263,3807881
2011-03-22,36.888633728027344,37.358386245985805,36.86905943694665,37.247471726099675,3753905
2011-03-23,37.25398635864258,37.364900853863354,36.732039540295304,36.78423394514847,2895530
2011-03-24,37.665035247802734,37.665035247802734,37.123513944375446,37.44973186401276,2756084
2011-03-25,37.443206787109375,37.77595040008114,37.43668386891482,37.65851017441269,3454759
2011-03-28,38.04997253417969,38.54582235810849,37.899912172368985,38.089118354241165,6595794
2011-03-29,38.885093688964844,38.90466798631376,37.71071063309109,38.063025826834924,5746766
2011-03-30,38.878536224365234,39.06774227489206,38.75457593179785,39.061219360985014,3951778
2011-03-31,38.95684051513672,39.11342372661732,38.85897462305358,38.89159751035313,3578513
2011-04-01,38.66324996948242,39.15909963157945,38.54580977781051,39.11995382429409,5254978
2011-04-04,38.643672943115234,39.022085156546545,38.5458070469275,38.78720755965911,5234056
2011-04-05,38.5262451171875,38.8133171915314,38.50014790768499,38.55234232669,2937041
2011-04-06,38.395755767822266,38.81331385377069,38.22612115082742,38.682825047663236,3906706
2011-04-07,38.16088104248047,38.59801345211235,38.03691791364334,38.291367088721486,5161161
2011-04-08,38.03691482543945,38.493618720019704,37.71069696650611,38.44794999245133,3542455
2011-04-11,38.01081848144531,38.330510660947716,37.788992215808435,38.069538583727855,3055453
2011-04-12,37.534542083740234,37.94557447962685,37.38448175831621,37.82813704791869,4206186
2011-04-13,37.3909912109375,37.606294476447985,37.156116432097924,37.58019727879915,3438845
2011-04-14,37.514984130859375,37.586752866399024,36.738587728398024,37.15614599279571,3446969
2011-04-15,37.678077697753906,37.7628950077577,37.260519604389614,37.54759165914511,5371943
2011-04-18,37.260528564453125,37.34534589485299,36.75815304027847,37.260528564453125,3513743
2011-04-19,37.48887252807617,37.586738444476225,37.05826581969541,37.28661777808472,3462995
2011-04-20,38.32399368286133,38.806794870352235,37.69113214280659,38.09564169499896,6093989
2011-04-21,39.615806579589844,39.86373004508828,38.754593212436845,39.14605408567149,10726859
2011-04-25,39.35483169555664,39.61580653401821,39.2830629917711,39.4853177298794,5592853
2011-04-26,40.45093536376953,40.45093536376953,39.52447592043473,39.54405021662243,7122527
2011-04-27,40.09861373901367,40.5161718822688,39.97465060261583,40.5161718822688,6158203
2011-04-28,39.805023193359375,40.24215290882812,39.791974586476975,40.05947241247454,5611104
2011-04-29,39.94853210449219,40.13773816716801,39.79847183721671,39.86371482955061,4562869
2011-05-02,40.15080642700195,40.63360757650977,40.00074608624373,40.235623743477554,4596478
2011-05-03,40.320430755615234,40.35305364656862,39.96811572050842,40.15732184048001,4482184
2011-05-04,39.35483169555664,40.35305678266588,39.28958867839526,40.20299645828668,7057756
2011-05-05,39.243919372558594,39.7919634784482,38.7023981833809,39.06775907409663,5098950
2011-05-06,39.7658576965332,40.242132996987735,39.55055440459748,39.66799180843094,4477510
2011-05-09,40.20298385620117,40.45743292827861,39.739754424835866,39.86371750349287,3600326
2011-05-10,40.29433822631836,40.43787563938954,40.04641475160514,40.3400097249894,4686400
2011-05-11,39.98116683959961,40.36610199340673,39.77238643241472,40.19647016304437,3725193
2011-05-12,39.70713806152344,40.05945304684813,39.53750348424058,40.000732959355524,6217409
2011-05-13,39.478790283203125,39.95506563874052,39.34177857797717,39.7854338135848,4146757
2011-05-16,39.22434997558594,39.75934554497036,39.146058346380855,39.43312765346616,4933240
2011-05-17,38.48056411743164,39.22433994429837,38.28483509447495,39.080802557647814,5609769
2011-05-18,39.073055267333984,39.16491410217078,38.200389372528186,38.64656364156369,6126597
2011-05-19,39.03369140625,39.453617553663065,38.79748016278735,39.3486360168098,4049824
2011-05-20,38.70561981201172,39.04681257905188,38.41691781135579,38.961513690906166,4486190
2011-05-23,38.370994567871094,38.65969381898113,38.0626070985981,38.13478330414712,4542391
2011-05-24,38.2200813293457,38.5547113918917,37.89857117418908,38.37099369083903,4139746
2011-05-25,38.62689971923828,38.89591640155624,37.9313912044462,38.09542631035595,4160335
2011-05-26,38.384117126464844,38.51534405832729,37.931380033224876,38.27257284161025,4387031
2011-05-27,38.836856842041016,39.00089192248182,38.430050511078235,38.640016416838094,3181321
2011-05-31,39.073055267333984,39.43393065410693,38.67937176106236,39.34207181927014,3692251
2011-06-01,37.74766540527344,39.066503141841565,37.6754891940948,38.95495884789546,5083481
2011-06-02,38.02323532104492,38.19383310201645,37.61642908486432,37.82639494170403,3514411
2011-06-03,37.56394958496094,37.997001334954604,37.176828663362556,37.26212479389153,4466047
2011-06-06,37.69518280029297,37.83297252280471,37.24900828035366,37.472096933095344,5217807
2011-06-07,37.30149459838867,37.924824028191736,37.262123726295805,37.898578637158835,3520086
2011-06-08,36.789703369140625,37.24900049110541,36.69784450185636,37.11121358295076,5053767
2011-06-09,37.045597076416016,37.25556298579569,36.65191621922311,36.7897031264689,3609118
2011-06-10,36.435394287109375,36.94061950113599,36.33697266941774,36.94061950113599,3572615
2011-06-13,36.55348587036133,36.796257067009776,36.33040010463647,36.59941389994505,3505730
2011-06-14,37.52458190917969,37.72798509051679,36.90781240992196,36.95374045327779,4718340
2011-06-15,36.776580810546875,37.31461689201346,36.72409002904643,37.176827197803036,4494760
2011-06-16,36.973426818847656,37.111216523463575,36.5863030977321,36.72409280234802,3743667
2011-06-17,36.64534378051758,37.39990273542259,36.56660762991679,37.3605346601222,5868517
2011-06-20,37.02591323852539,37.176825621713085,36.58629878378109,36.704405822693516,3055675
2011-06-21,37.931392669677734,38.02325155258328,37.255569567128106,37.373673845149526,5373167
2011-06-22,37.406463623046875,37.86576059769959,37.36053281136457,37.741093639312695,3949886
2011-06-23,37.07184982299805,37.10465517237027,36.4353948470863,36.947182810078466,5255089
2011-06-24,36.973426818847656,37.242443487124596,36.848759810597834,37.111216523463575,3943209
2011-06-27,37.26212692260742,37.36054854019506,36.84220063006018,37.09809460735303,3567050
2011-06-28,38.30537033081055,38.31849302130719,37.21618144850424,37.419584543973436,5511945
2011-06-29,38.46284866333008,38.653129084435285,38.17414666238428,38.39723520528392,4038139
2011-06-30,39.09931182861328,39.33552313096289,38.55471857764966,38.57440122794509,4326935
2011-07-01,39.49299240112305,39.66359021330168,38.81060950903832,39.03369809864322,4204071
2011-07-05,39.014015197753906,39.479875055978034,38.94840172171039,39.15836484504963,4563425
2011-07-06,39.1649284362793,39.335523477698594,38.882789090391014,39.04026143631652,4301895
2011-07-07,39.65701675415039,39.79480640042175,39.45361365383137,39.60452599091226,3204358
2011-07-08,39.06649398803711,39.25021445011368,38.84340823796014,39.151792873484894,3210702
2011-07-11,38.25946044921875,38.731880316658646,38.15447887546406,38.46286364114035,3814224
2011-07-12,37.58363342285156,38.25289367044014,37.53114264151469,38.06261319532224,5113752
2011-07-13,37.78703308105469,38.23320746649031,37.65580335436664,37.898574588256174,3766815
2011-07-14,37.406463623046875,38.042918320556225,37.32116473801227,37.85919785936959,3110096
2011-07-15,37.56394958496094,37.62300310924865,37.170265922644546,37.590194976745785,4494426
2011-07-18,37.117774963378906,37.386791620672064,36.88156643843332,37.35398627386808,3134691
2011-07-19,37.68206024169922,37.793604568482934,37.27525381446549,37.28837929812858,3182545
2011-07-20,37.62298583984375,37.924807706829675,37.426142706267136,37.813266235714735,4191051
2011-07-21,38.19384002685547,38.416925830555655,37.76734828264314,37.86576988292957,5032510
2011-07-22,37.0062255859375,37.5508215665973,36.42882426296828,37.4195946262732,11945590
2011-07-25,36.94062042236328,37.189954450588324,36.61255021223891,36.64535834746888,4411960
2011-07-26,36.31071853637695,37.00622407728379,36.2647877163644,36.960296042814335,4495205
2011-07-27,35.07718276977539,36.166372080586555,35.07718276977539,36.10732134289136,9763537
2011-07-28,34.77534866333008,35.73331354633094,34.69005255717791,35.26089384367295,9010775
2011-07-29,34.84095764160156,35.333059887046524,34.112641415788715,34.2438710953773,6888485
2011-08-01,34.814727783203125,35.45774263622862,34.237323620907844,35.43805720057479,6820042
2011-08-02,33.59430694580078,34.81472589492871,33.58774420575763,34.52602382943964,7340432
2011-08-03,33.850196838378906,33.88956491730492,32.73475957884625,33.673039090440355,8996197
2011-08-04,31.947376251220703,33.39744271365468,31.921130880848953,33.18747696513933,11565648
2011-08-05,31.481534957885742,32.662585664364165,30.995992539626858,32.42637440885131,18013204
2011-08-08,29.060379028320312,31.08784733262173,29.02101095512886,30.352973847505368,14752200
2011-08-09,30.681047439575195,30.707292827105256,28.71263223264804,29.690279882000677,13269935
2011-08-10,28.358318328857422,30.083962406538138,28.26645946727602,29.992103544956738,16579907
2011-08-11,29.283477783203125,29.73621217570086,28.318952689493305,28.692950908125653,11714220
2011-08-12,30.759788513183594,30.825404778027995,29.28347826505641,29.65091653468453,11456584
2011-08-15,30.98943519592285,31.36999613823094,30.733541249464555,30.904139070799033,9367792
2011-08-16,30.202075958251953,30.858213610926825,30.064286243382497,30.667933106686892,9299572
2011-08-17,30.39571762084961,30.977326533222072,30.038820158727642,30.48163530184803,6554060
2011-08-18,28.26093864440918,29.39111468577621,27.844560212727618,29.377896367402844,14619543
2011-08-19,27.884218215942383,29.00778381802189,27.83795549949917,27.963528134852126,12624901
2011-08-22,27.718982696533203,28.97473126490127,27.507489618496184,28.895421360637386,8901712
2011-08-23,29.18624496459961,29.18624496459961,27.712391856918302,27.923885064054662,7435584
2011-08-24,29.62244987487793,29.70836757971223,28.954920290474607,29.153195154525942,5693013
2011-08-25,29.562959671020508,30.078477012809937,29.120141694200132,29.74140841330792,8403803
2011-08-26,30.058645248413086,30.32301162710295,28.7830676507895,29.28536657614167,7048742
2011-08-29,31.06324577331543,31.102900733532756,30.40232415800996,30.521289038661944,4499768
2011-08-30,31.25492286682129,31.50607102895049,30.58739327976667,30.983943009444356,6052812
2011-08-31,31.59859275817871,32.021581854783776,31.2813530401064,31.6977315729973,6307665
2011-09-01,30.98392677307129,31.962090677887613,30.91122743031465,31.55232003277511,5951205
2011-09-02,30.038814544677734,30.620423348351473,29.926457437630383,30.3692753038329,4374901
2011-09-06,29.77445411682129,29.880200692924873,28.683935536147892,29.133361290430198,5799295
2011-09-07,31.083080291748047,31.08308029174805,30.184228671037108,30.375895767059472,5655509
2011-09-08,30.356063842773438,31.25491529050961,30.217270068109112,30.83853396651663,4638991
2011-09-09,29.55634307861328,30.31640061482978,29.344849978799875,29.9528954466048,6606032
2011-09-12,29.173009872436523,29.549733334053826,28.49887005045477,29.153180992742417,8331353
2011-09-13,29.45722007751465,29.89342478818513,29.001183671231583,29.212679670126555,7933382
2011-09-14,30.012388229370117,30.488250651627688,29.02761617523836,29.695145679251,5538210
2011-09-15,30.825315475463867,30.838533796509413,30.237095980174196,30.395718638562638,4989886
2011-09-16,31.149171829223633,31.39371221925998,30.607217754639546,31.05664356382871,6460132
2011-09-19,31.27472686767578,31.46639383794087,30.481622356636823,30.521277301604712,6991205
2011-09-20,30.898019790649414,31.525894292694748,30.858364824757903,31.38048994525048,4080206
2011-09-21,29.655492782592773,31.116127361004477,29.648885023713238,30.851758083132516,4903971
2011-09-22,27.738813400268555,28.756629516959123,27.428181518546772,28.604617454199623,13131714
2011-09-23,28.042844772338867,28.40635286319447,27.520719611503505,27.60663730798597,8504631
2011-09-26,28.94830322265625,29.001176507859487,27.89083190690763,28.41956756478194,7897324
2011-09-27,29.83393669128418,30.36928291864767,29.635661869580268,29.7612345204051,6755049
2011-09-28,29.25893211364746,30.210656759373677,29.206058833978407,29.900024838397176,6218411
2011-09-29,29.741413116455078,30.270148863290487,28.994573628538852,29.919861886961417,5728515
2011-09-30,29.021005630493164,29.972730383632538,28.961521781231223,29.093704995322263,6103338
2011-10-03,27.970144271850586,29.073881211245524,27.970144271850586,28.783075311446837,10752567
2011-10-04,28.855783462524414,28.875609547387228,27.24313656603945,27.553768610913107,7786591
2011-10-05,29.32501792907715,29.424156711823002,28.591397109608216,29.01438606937063,6359637
2011-10-06,29.781068801879883,29.814116014406395,28.882217168931373,29.23250415366856,6474043
2011-10-07,30.065250396728516,30.560941522531778,29.767836843583027,30.01898488155072,5965339
2011-10-10,31.168989181518555,31.32760900634534,30.62703530751899,30.62703530751899,3862969
2011-10-11,31.30779457092285,31.545724396621708,30.81871379003278,31.01038088587807,4585794
2011-10-12,32.04801940917969,32.49083740367593,31.545720368774646,31.572157012699012,6313786
2011-10-13,31.65146255493164,31.803474639336194,31.155774147172604,31.7836485620635,5265328
2011-10-14,32.68251037597656,32.68251037597656,32.03480687120057,32.087680168595746,4164230
2011-10-17,31.52589225769043,32.53710083725532,31.42675344644006,32.53710083725532,4857007
2011-10-18,32.60318374633789,32.92703393008552,31.003756095215177,31.552320483745177,6426189
2011-10-19,32.26612091064453,32.89399536953184,32.12071937903676,32.523879574142896,5045309
2011-10-20,32.02819061279297,32.616410098985355,31.625027618376205,32.31238591379787,6240224
2011-10-21,33.89198303222656,33.98451127253807,32.94686613444055,33.19140645818466,9966530
2011-10-24,34.21583938598633,34.427335350305775,33.773024182503434,33.79946082731309,7050077
2011-10-25,33.51523971557617,34.29512294348254,33.40949041182887,33.91839964176777,6164213
2011-10-26,33.971290588378906,34.23565977671274,33.4623810933189,33.75979748238501,6091875
2011-10-27,35.73595428466797,36.033367913390784,35.09486150028778,35.213826390608524,8262688
2011-10-28,35.610374450683594,35.80204148665686,35.35922357394568,35.583937811641874,6025435
2011-10-31,34.63222122192383,35.25348518924981,34.62561065771035,35.068428673063146,4450132
2011-11-01,33.83909606933594,34.38766033813532,33.316968429936004,33.614381913600084,7193863
2011-11-02,34.665279388427734,34.982522062257296,34.38108393710173,34.38108393710173,5426030
2011-11-03,35.65003967285156,35.82187787609479,34.70492254040795,35.121303933953136,6390019
2011-11-04,35.656639099121094,35.76899622406035,35.06842244563328,35.27330781223476,4489640
2011-11-07,35.663246154785156,35.72272999292451,34.94945132047856,35.65002783584768,4125612
2011-11-08,36.119293212890625,36.231650369247006,35.365845942836046,36.1457326666002,4986770
2011-11-09,34.91640853881836,35.44514412658076,34.65864990471117,35.15433829068274,5831346
2011-11-10,35.39887619018555,35.74916584307224,35.246864122833415,35.4517494647704,6245232
2011-11-11,36.2118034362793,36.88594323265487,35.95404765093472,35.95404765093472,5589514
2011-11-14,36.158935546875,36.34399200290611,35.9408318922034,36.14571722858706,4837976
2011-11-15,36.205196380615234,36.48278385610946,35.70289750587803,35.98048498137226,5073799
2011-11-16,35.46189498901367,36.1938924509545,35.408659220883855,35.71476771270822,4469719
2011-11-17,35.002742767333984,35.71477556013861,34.67001631833637,35.35543122122748,5771584
2011-11-18,35.102542877197266,35.38868645639934,34.81639647291814,35.26225013300948,3570055
2011-11-21,34.13763427734375,34.31065045323288,33.37901924059941,34.2241437778267,5736528
2011-11-22,33.91139602661133,34.25743137179997,33.71176188039373,33.97794356709533,5167171
2011-11-23,32.733543395996094,33.54539447228665,32.706925513171996,33.54539447228665,5444504
2011-11-25,32.700279235839844,33.252604656588524,32.487333304012125,32.520607076980895,1985516
2011-11-28,34.377227783203125,34.39053673244906,33.778322242056696,33.824904976957185,5506047
2011-11-29,34.31065368652344,35.075924676225476,34.28403581080137,34.58348832521315,4917882
2011-11-30,36.034183502197266,36.060801385047505,35.19571454225911,35.255603366133265,5663077
2011-12-01,36.04749298095703,36.40018134651889,35.83454708990309,35.854511914877264,4022670
2011-12-02,36.020877838134766,36.84603793172506,35.967642067590624,36.27374774821945,4021223
2011-12-05,36.40019607543945,36.965830560932744,36.087434408192706,36.69964879567738,5124881
2011-12-06,36.33363723754883,36.653054666858075,36.04749357538595,36.593163016025755,3417477
2011-12-07,35.89443588256836,36.100725873851054,35.43527319548974,36.020872230466324,4921666
2011-12-08,35.18240737915039,36.027529439979425,35.06927995877988,35.72807683023931,5030952
2011-12-09,35.93436813354492,36.08742238569592,35.2356444107427,35.29553606486901,4177473
2011-12-12,35.19572067260742,35.847861741105255,34.86299425394774,35.82789973802951,3802984
2011-12-13,34.80975341796875,35.847856529169,34.630081291018264,35.3554228571854,5259986
2011-12-14,34.30401611328125,34.7698319737409,34.22416245007302,34.60346876285127,5336331
2011-12-15,34.87629699707031,35.13582276646213,34.45706393115361,34.7831344074308,5776926
2011-12-16,35.3354606628418,35.741384798302185,34.95615158577383,35.175750536942395,7890758
2011-12-19,34.79644012451172,35.68814476430434,34.670003780606436,35.594982183297425,4068298
2011-12-20,36.1739387512207,36.24048347665289,35.44859418131349,35.461903126399925,4365998
2011-12-21,36.06080627441406,36.20720464994007,35.59499043629862,36.09407721994907,5138347
2011-12-22,36.36025619506836,36.42014784766947,35.967640986566515,36.12734829339887,4471389
2011-12-23,36.58650588989258,36.59981483128351,36.280400237901155,36.4267985932014,2270862
2011-12-27,36.5665283203125,36.70627355795263,36.360238404052446,36.46005400944405,1460118
2011-12-28,35.92107009887695,36.679682881090244,35.894452205644164,36.62644991970355,2524045
2011-12-29,36.46006774902344,36.526615277797646,35.88112741432445,36.05414364393554,2739836
2011-12-30,36.167274475097656,36.53327179260022,36.11403870710295,36.44676508214777,2331181
2012-01-03,36.985782623291016,37.23865537353913,36.752874700727,36.78614847184109,5131335
2012-01-04,36.9525260925293,37.02572389740981,36.69965324363484,36.925908195285594,4074085
2012-01-05,36.992435455322266,37.118868994936165,36.42014810997335,36.80610743759794,3199239
2012-01-06,36.719600677490234,37.07894211998632,36.62643808128754,37.07894211998632,4262387
2012-01-09,37.025699615478516,37.09890019743246,36.58650177390978,36.92588397881468,2883510
2012-01-10,37.651241302490234,37.93072915800109,37.33847684561012,37.4249864039028,6134499
2012-01-11,37.57137680053711,37.70446905226814,37.30519794723114,37.43828737388413,3899806
2012-01-12,38.05717086791992,38.15033349943478,37.57804593790732,37.77102708715619,3336681
2012-01-13,37.731075286865234,37.817584800015986,37.3850400593394,37.76434622071594,2738723
2012-01-17,38.03718948364258,38.39653087929771,37.95733301508606,38.150314066032244,3442406
2012-01-18,38.72260284423828,38.762529664619905,37.95733172423006,38.030532307468455,4422199
2012-01-19,38.92890167236328,38.968828501815224,38.529630552765724,38.749229527290474,4447907
2012-01-20,38.18358612060547,38.88230970738171,37.78431509600798,38.88230970738171,7097375
2012-01-23,38.34330368041992,38.862355304033414,38.13701364282192,38.23017624768722,3757467
2012-01-24,38.349952697753906,38.38322363813773,37.92406375526582,38.05050010891089,2946834
2012-01-25,38.66936492919922,38.809110215496915,37.59799099276453,38.13700448980198,4090445
2012-01-26,38.48305130004883,39.20173994497301,38.263452305775154,39.12853933852232,5087933
2012-01-27,38.775840759277344,39.068637458344796,37.81093548374727,38.01056959674781,6797228
2012-01-30,38.7159538269043,38.78249853934031,38.26344695726139,38.56289957576246,4136853
2012-01-31,38.62277603149414,38.97546428116177,38.336632468077305,38.85568384591035,3835926
2012-02-01,39.22169494628906,39.4878766107941,39.0220608167187,39.0220608167187,3851952
2012-02-02,39.281578063964844,39.414667454765386,38.95550764396487,39.221686425565956,3598100
2012-02-03,40.41950607299805,40.45277701363754,39.594346064019085,39.68085559482171,6290972
2012-02-06,40.13336181640625,40.27310428510394,39.92707181728011,39.96699864049055,4333946
2012-02-07,40.033538818359375,40.13335727763564,39.60099686995787,39.91375836227429,3210479
2012-02-08,39.84056854248047,40.10009434663096,39.66755228140619,39.97365797407607,3619023
2012-02-09,39.85386657714844,39.98695597231584,39.70081236016724,39.8405576376317,3546239
2012-02-10,39.48122024536133,39.547764954405864,39.10191399126851,39.54111189604034,4069634
2012-02-13,40.020240783691406,40.11340338603184,39.494533290010274,39.80064180849273,3042766
2012-02-14,39.82060241699219,39.98696277672156,39.4679112221666,39.82060241699219,2451151
2012-02-15,39.26162338256836,40.000273929892224,39.135189841193586,40.000273929892224,3457208
2012-02-16,39.57439041137695,39.64093795823456,39.23501091776379,39.26162880647547,2503234
2012-02-17,39.993629455566406,40.100101018557815,39.774030444357315,39.840575171226945,3527320
2012-02-21,39.85386657714844,40.319682285311714,39.71412129968398,40.24648453050833,2485094
2012-02-22,39.60101318359375,39.807303244371276,39.37475829270551,39.53446563327705,2814734
2012-02-23,39.50926971435547,39.67668225963968,39.06060648102764,39.49587682444863,4060953
2012-02-24,39.690059661865234,39.9579201983761,39.41550410446218,39.509254297227265,2870378
2012-02-27,39.97801208496094,40.11194094510484,39.30836494134481,39.34184573493247,3916277
2012-02-28,40.01150894165039,40.26597386000157,39.864187146815496,39.991418184542304,3391770
2012-02-29,39.89094924926758,40.31282646914431,39.86416348428797,39.998092309186006,5052876
2012-03-01,40.25926971435547,40.3061433988245,39.7101584878536,39.743639284917634,4452692
2012-03-02,40.01150894165039,40.326243288428266,39.924453732344624,40.25258096956204,3040429
2012-03-05,39.57622528076172,40.12533648658816,39.522653733158826,40.044979165183825,3819344
2012-03-06,38.68559646606445,39.19452904313773,38.538274700908154,39.08738594120588,5545777
2012-03-07,38.66549301147461,38.8128175711321,38.37754459817468,38.605226457883866,6483503
2012-03-08,39.83738708496094,39.91774439879152,39.080681939148214,39.402114037367106,4592360
2012-03-09,40.031578063964844,40.292743569284056,39.757022517389316,40.0449709481174,3622918
2012-03-12,39.6833610534668,40.12532620797565,39.60300090975092,40.05166677033888,4129062
2012-03-13,40.42667770385742,40.48024924748175,39.76372558716147,39.984709626060116,4948709
2012-03-14,40.527122497558594,40.841859577363635,40.393193639915964,40.44676518297302,3627147
2012-03-15,40.74811935424805,40.788298024181806,40.32624189849483,40.53383311460133,2992908
2012-03-16,40.42667770385742,40.734714079697305,40.32622963811351,40.70792830788514,5673093
2012-03-19,40.486934661865234,40.714616511138736,40.265950675403744,40.33961295185622,2532615
2012-03-20,39.8306884765625,40.23917290235147,39.7302404147026,40.23917290235147,3580071
2012-03-21,39.82400131225586,40.05168326792525,39.656591621372044,39.777127622251406,4209413
2012-03-22,40.01150894165039,40.05838547963755,39.09408883929827,39.51596915249,5916594
2012-03-23,40.286041259765625,40.332914927678445,39.73693022721481,40.078450156862765,4565540
2012-03-26,41.37089157104492,41.417768105794345,40.6878513629082,40.71463714193719,5528973
2012-03-27,41.04946517944336,41.51821918911195,41.04276731275499,41.417771089069376,3258779
2012-03-28,40.681129455566406,41.049437963903586,40.332911691076724,40.96238281205724,3045103
2012-03-29,40.647674560546875,40.734726924939096,40.0516866854432,40.26597292751329,3035643
2012-03-30,40.882041931152344,41.11641887466726,40.741415196464025,41.0025779139294,2987789
2012-04-02,40.92891311645508,41.109718501035545,40.42667846408415,40.560607325663504,3349480
2012-04-03,40.60079574584961,41.06285469373694,40.42668818393549,40.78829619714174,2838661
2012-04-04,40.27935028076172,40.33291897393793,40.038275525539646,40.252561669829305,3223722
2012-04-05,39.83738708496094,40.185602111560144,39.83068922069344,40.071764005081754,3264900
2012-04-09,38.76594924926758,39.522651582323654,38.7525563630957,39.32175828974549,5159826
2012-04-10,37.88872146606445,38.69899556890032,37.88202359966953,38.60524533965358,7644697
2012-04-11,38.22352600097656,38.591834566693024,38.062811396741395,38.35745768073534,5535205
2012-04-12,39.3686408996582,39.42891032255054,38.23023963103835,38.3039019431404,5188316
2012-04-13,38.8864860534668,39.274882603624455,38.8329145076377,39.24140180892963,3027630
2012-04-16,38.8396110534668,39.301667042001405,38.73916298699972,39.22800759043596,3694811
2012-04-17,39.46238327026367,39.60970501163712,38.81951907665922,39.194522715779065,5698578
2012-04-18,39.32844543457031,39.482465016147756,39.06728278507677,39.24139311333653,4006533
2012-04-19,38.8396110534668,39.455686652478484,38.58514337652265,39.28157913444596,5057105
2012-04-20,39.77042007446289,40.51372949661107,39.75033216732189,40.08515715337311,9378810
2012-04-23,39.643184661865234,39.676665450999785,39.201216639277625,39.50925297663827,5164166
2012-04-24,40.132015228271484,40.34630131657407,39.68335230944022,39.85745975618607,4256711
2012-04-25,40.50033187866211,40.74140377664375,40.29943578744805,40.49363401560349,3839487
2012-04-26,40.84855651855469,40.95569960970419,40.359711900840026,40.42667917570517,3436619
2012-04-27,41.04275131225586,41.14989439431955,40.82176728405127,41.022660562920684,4402055
2012-04-30,40.620880126953125,40.98918594850083,40.40659108763484,40.88873787247986,3731870
2012-05-01,40.80167770385742,41.163288459080526,40.31283595648621,40.5003391983669,3255106
2012-05-02,40.60750198364258,40.66107355219895,40.1923194844328,40.48696311149283,4523361
2012-05-03,40.49365234375,40.76820799550143,40.21909669199858,40.600795458014495,3723190
2012-05-04,39.71685028076172,40.32623087248629,39.64988584918155,40.27935719182852,2943941
2012-05-07,39.85747528076172,39.93113757375509,39.515955273058935,39.60300760889121,3031748
2012-05-08,39.75703048706055,39.83069278611403,39.2280100355393,39.5963158450131,3418924
2012-05-09,39.08737564086914,39.549431567637384,38.94674893519315,39.228002346545125,4424091
2012-05-10,39.221317291259766,39.57623026023238,39.080690539660154,39.408820574358316,3006263
2012-05-11,39.207908630371094,39.64318159865697,38.89986947391623,38.986924636152615,3269129
2012-05-14,38.940059661865234,39.234703158020835,38.50478659638128,38.81282582162244,4125056
2012-05-15,38.49140548706055,39.20792938173956,38.40435027874892,38.87980214826927,3369623
2012-05-16,38.513633728027344,39.13373613503726,38.47993425201651,38.816946180916226,4289097
2012-05-17,37.394752502441406,38.60125194333463,37.36105016983103,38.46644833582277,5318636
2012-05-18,37.22625732421875,37.73177529072784,37.057751335382385,37.59696878277936,5504934
2012-05-21,38.439491271972656,38.49341272010822,37.28691316441233,37.28691316441233,5066008
2012-05-22,38.60800552368164,38.89109318721928,38.36535609346938,38.64844661847273,4414742
2012-05-23,38.8371696472168,38.9045714682583,37.79917588024664,38.11596586987446,4434107
2012-05-24,38.60126495361328,39.012420387298675,38.10248857624558,38.91805496877036,3218826
2012-05-25,38.250762939453125,38.796721888277226,38.048557511072936,38.6956177433546,2628101
2012-05-29,38.554080963134766,38.70236496544259,38.29120957593632,38.628221533555944,4149651
2012-05-30,37.88005065917969,38.23054292153269,37.81264885131661,38.23054292153269,3927295
2012-05-31,37.51608657836914,37.90702001446285,36.92294767264023,37.880059285178156,5673872
2012-06-01,36.35675811767578,36.754430180899014,36.26239559471185,36.53874441412431,6655111
2012-06-04,35.858001708984375,36.29611509525319,35.41988546124922,36.2354548706045,6380003
2012-06-05,35.91864776611328,36.06693461557929,35.5951190650206,35.72318107847052,4289319
2012-06-06,36.84206771850586,36.84206771850586,36.073681164373816,36.25566752881208,5309287
2012-06-07,37.32063293457031,37.90029163428034,37.21278712645391,37.280188968110146,5430259
2012-06-08,37.73850631713867,37.765467040916306,37.19255022990915,37.32061509858542,3336236
2012-06-11,37.158843994140625,38.21031783403214,37.104922552245135,38.19683747355827,3399115
2012-06-12,37.7789421081543,37.80590282815343,37.098182497443865,37.31386825743692,3084054
2012-06-13,37.1521110534668,37.630668254168654,36.96338596278927,37.58348555076656,3340131
2012-06-14,37.219512939453125,37.61718506712262,36.89598137539519,37.33409745235399,4762745
2012-06-15,37.772212982177734,37.77895173316203,37.3745379686772,37.42846228387852,5554235
2012-06-18,37.66436004638672,37.799163644834415,37.41497195852616,37.569994666008704,2500452
2012-06-19,38.136199951171875,38.230562530580215,37.805926631043,37.886811703430894,3543902
2012-06-20,38.109249114990234,38.31145469482688,37.76549533706714,38.19687010218584,3857739
2012-06-21,37.361061096191406,38.41253812668618,37.33410322826993,38.284473231364515,4566764
2012-06-22,37.41498947143555,37.56327349913562,37.14537928687854,37.293663314578616,3796084
2012-06-25,36.20848083496094,36.956645268724685,36.17477849695056,36.9162041799914,5210017
2012-06-26,35.8984375,36.35677280096738,35.615346955312596,36.275890605761234,5535650
2012-06-27,36.397193908691406,36.484817669440076,35.979299934840675,35.992780293304754,3650406
2012-06-28,35.66925811767578,36.13433489799805,35.19070383684396,35.797322987167284,7330193
2012-06-29,37.63740921020508,37.650889573589765,36.4106875578025,36.65333696019223,5420577
2012-07-02,37.179073333740234,37.873316327926986,36.8218394181888,37.70481035787666,4779995
2012-07-03,37.468902587890625,37.70481037376744,36.882502498620035,37.05100846874137,2681075
2012-07-05,37.805912017822266,38.00137871606136,37.27343623767556,37.34083805405709,3085946
2012-07-06,36.9970817565918,37.33409364892451,36.612887169205145,37.27343059263585,3369512
2012-07-09,37.21277618408203,37.26669764155148,36.65333963210372,36.895986190716236,3188110
2012-07-10,36.201744079589844,37.85984038596556,36.02649933823481,37.293659344810266,5970903
2012-07-11,36.19499969482422,36.61963254813812,36.053454456564516,36.215218808024055,4216758
2012-07-12,36.127601623535156,36.376989808350245,35.54120431158194,35.93213489906217,4169906
2012-07-13,36.788143157958984,36.875766956799,36.12759958314255,36.16804067611512,3579960
2012-07-16,36.72074508666992,36.82859088214732,36.12760608814166,36.64660450027019,3231735
2012-07-17,36.76119613647461,37.024064769545035,36.30286071708685,36.81511761387709,3839042
2012-07-18,39.21461868286133,39.423565737383534,37.67784873640029,37.95419760504817,9340415
2012-07-19,39.05958938598633,39.511185790121175,38.72931909726979,39.26179767070685,6490514
2012-07-20,38.91804885864258,39.36290370498955,38.66192195825617,38.91804885864258,3965578
2012-07-23,38.71584701538086,38.89783336596242,38.04856468373699,38.257511763185036,3926182
2012-07-24,38.203582763671875,38.78324118133634,37.69806490502133,38.6956173990853,3743778
2012-07-25,38.28447723388672,38.85739708545855,37.967687199735785,38.39906177649428,3336793
2012-07-26,38.91804885864258,39.544890038628346,38.675402321434404,38.99219228685552,3426603
2012-07-27,39.774051666259766,40.11780229401424,38.97196591434438,39.234834378093666,4005420
2012-07-30,39.35615921020508,39.983000298705036,39.20787523688619,39.6325080457591,3479466
2012-07-31,39.12699508666992,39.49770935838669,39.10003436088673,39.19439976259317,3297952
2012-08-01,39.093284606933594,39.52465895951479,38.93825904658128,39.36289178888155,3998742
2012-08-02,38.63495635986328,38.86412250499437,38.217062292571036,38.823681420559474,3549133
2012-08-03,39.70665740966797,39.8616801560762,39.362903855114034,39.39660619392082,3076041
2012-08-06,39.52466583251953,40.1043242359698,39.52466583251953,39.96277901010137,2288223
2012-08-07,39.47748565673828,40.07062445949235,39.43030581941378,39.767314876964306,4354980
2012-08-08,39.72013473510742,39.84145799489543,39.20787811009293,39.28201867145304,3059904
2012-08-09,39.74708557128906,39.90884987742961,39.51791660945887,39.65272305937374,2107934
2012-08-10,39.774051666259766,39.787532026927295,39.38985709503789,39.56510464518061,2030588
2012-08-13,39.57184600830078,39.774054293133396,39.315719138701795,39.56510725825436,1936882
2012-08-14,39.383121490478516,39.74035250742814,39.20787678780597,39.67969231031247,2141877
2012-08-15,39.41008758544922,39.511191743042254,39.22810124636792,39.36290488218169,1897374
2012-08-16,39.859840393066406,40.02942825541128,39.378210633619965,39.41891137500225,2957518
2012-08-17,40.36180877685547,40.40250950784478,39.75129493217914,40.002284213198216,3787292
2012-08-20,40.36180877685547,40.44999513391729,40.19222095781502,40.26005550946387,2486318
2012-08-21,40.097251892089844,40.68741680098388,39.9683648062676,40.497477179815164,2739391
2012-08-22,39.94123458862305,40.1379562426646,39.75129783015934,40.083688597389255,2426445
2012-08-23,39.66990280151367,39.90732522805043,39.54101568314519,39.79200502320299,1978950
2012-08-24,39.5884895324707,39.71059460652161,39.11364478624528,39.479954248724695,3440069
2012-08-27,39.60884475708008,39.859834062326144,39.398556186752,39.67667931527673,1998203
2012-08-28,39.72416305541992,39.87339907635026,39.41890323830726,39.49352268869081,3568497
2012-08-29,39.8394889831543,39.8666228110154,39.50709815193715,39.859840793968814,2225344
2012-08-30,39.41889572143555,39.6766698609965,39.317145348304415,39.51386696011772,2428003
2012-08-31,39.649539947509766,39.90731411244747,39.45281831633007,39.73094140596278,3051558
2012-09-04,39.0186767578125,39.68346113630542,38.77447236722573,39.66989422571726,3142147
2012-09-05,38.91691970825195,39.20860969748203,38.821951343359714,39.00510605842723,2539737
2012-09-06,40.036197662353516,40.19900345644175,39.25609604514236,39.25609604514236,3904925
2012-09-07,40.633148193359375,40.64671510409312,40.13795451165934,40.17865524386057,3274359
2012-09-10,40.40250778198242,40.60601430807248,40.341455248188105,40.544961774278164,3386873
2012-09-11,40.558536529541016,40.81631074449504,40.34824794781654,40.51105089631147,3424377
2012-09-12,40.76882553100586,40.89092774363417,40.456783663340865,40.626371509687615,2870378
2012-09-13,41.46073913574219,41.54892550314648,40.31432787883423,40.59923590900996,4289319
2012-09-14,41.39290237426758,42.02376806478608,41.17583179508021,41.43360310786521,4976087
2012-09-17,41.867759704589844,41.89489353512724,41.189411061317315,41.223326909570225,4059840
2012-09-18,41.64387130737305,41.921994290872156,41.331829622543864,41.80667704198781,3634714
2012-09-19,41.569278717041016,41.732081665598606,41.33185343063894,41.58284562942081,3454648
2012-09-20,41.07408142089844,41.345422543875486,40.8705748587064,41.209750542468456,3807547
2012-09-21,41.05374526977539,41.487889504209896,41.04017835244425,41.345438312152005,5800853
2012-09-24,40.78916931152344,40.92484129937882,40.42964473535562,40.80273910216203,2544968
2012-09-25,40.23292541503906,41.040160974178754,40.21935850345277,40.86379112355696,3244645
2012-09-26,40.32111358642578,40.470349620559915,39.77843421882826,40.300761778216255,4275074
2012-09-27,40.8637809753418,41.03336876797302,40.4906895594548,40.63314065581575,3341133
2012-09-28,40.53139877319336,40.80273987420152,40.239708745515735,40.59245131287531,3395108
2012-10-01,41.24367904663086,41.5828548108524,40.768834128655776,40.9519889261419,5060221
2012-10-02,41.68458938598633,41.75920883209612,41.30471302008395,41.521786463386704,4917214
2012-10-03,41.35221862792969,41.874549243425,41.304732979307204,41.69817644554549,5245518
2012-10-04,41.562496185302734,41.8338373281716,41.47430980989884,41.65746457736381,3165407
2012-10-05,41.67102813720703,42.01020381854,41.528574120660224,41.854182889933355,3944656
2012-10-08,41.569278717041016,41.66424710369961,41.13513464105037,41.40647288864636,3029967
2012-10-09,41.16226577758789,41.62354364821303,41.04694558997239,41.589624929560166,3466111
2012-10-10,40.8637809753418,41.22330548301174,40.8162982365002,41.101203309058285,3751012
2012-10-11,40.8977165222168,41.36577648830999,40.8977165222168,41.17583969507975,3044212
2012-10-12,40.83666229248047,41.42004244184347,40.734909003225965,41.09443364413139,2799932
2012-10-15,41.277587890625,41.3250735262996,40.816312846138196,40.95198197686961,2488210
2012-10-16,41.73207473754883,41.78634237805891,41.39968399950626,41.5150012956719,2386269
2012-10-17,41.98308181762695,42.02378256526855,41.49466996609,41.49466996609,3348367
2012-10-18,41.66424560546875,41.96950256295584,41.325069928333335,41.92201693141558,6300543
2012-10-19,42.39007568359375,43.061642078188775,41.243664538063044,41.243664538063044,10958564
2012-10-22,42.24763870239258,43.061659426175176,41.79992759229593,42.15267028991344,6093656
2012-10-23,41.752437591552734,41.84740887396465,41.36577908400971,41.711736847592285,3765591
2012-10-24,41.39290237426758,41.89488096847518,41.27080017347468,41.69815931616822,3919727
2012-10-25,41.67102813720703,42.24084420339426,41.43360573624135,42.23405930744585,3368733
2012-10-26,41.711727142333984,41.949149533446544,41.399688177907414,41.643892584849944,3591423
2012-10-31,41.542137145996094,42.010199888023614,41.28436584097649,41.87453078011856,3983384
2012-11-01,42.48503494262695,42.75637597630384,41.55569456613197,41.55569456613197,6252466
2012-11-02,42.34938049316406,42.85814114725935,42.234060298032134,42.76995765672057,4171798
2012-11-05,42.60036849975586,42.7156886913353,42.17979134915539,42.3018935567964,2613745
2012-11-06,43.0955696105957,43.33977694755936,42.55967505642783,42.55967505642783,4488193
2012-11-07,42.13908386230469,42.67497823879368,41.867742786736166,42.55966094552583,3808326
2012-11-08,41.58282470703125,42.39005990722469,41.57603981433664,42.091585105209575,3521199
2012-11-09,41.26401138305664,41.73885611004535,41.12834228387031,41.32506391760876,5459194
2012-11-12,41.67780685424805,41.827042864781426,41.24366285285984,41.338631223199265,3270687
2012-11-13,41.542137145996094,42.05090062039513,41.379334216510024,41.38611911182364,2830203
2012-11-14,40.673851013183594,41.71172398385525,40.58566465521353,41.582839774313335,4280193
2012-11-15,40.2464714050293,40.91803749920132,40.05653474155728,40.63991451634245,6054704
2012-11-16,40.40359878540039,40.50606012023994,39.8161592120897,40.355782722508216,5313405
2012-11-19,41.28475570678711,41.318910449675016,40.79294538843423,40.86125487421004,4075310
2012-11-20,41.400875091552734,41.53748825259059,41.06617139707196,41.18912324200603,3361165
2012-11-21,41.387210845947266,41.54431741995839,41.23010427193615,41.39404005357774,1948790
2012-11-23,41.84487533569336,41.84487533569336,41.46235842974911,41.510171593053904,1013402
2012-11-26,41.435035705566406,41.5853102040109,41.13448380880094,41.39404885156871,2651583
2012-11-27,41.40771484375,41.79023176527179,41.3530666693703,41.42820537175037,3415697
2012-11-28,41.831207275390625,41.865362014997494,40.88174147278217,41.154967790133085,3374186
2012-11-29,41.89952087402344,42.152256692359174,41.5853076783015,41.97465666874404,2496112
2012-11-30,41.8927001953125,42.00882287322386,41.708270912711235,41.954177589471946,3923066
2012-12-03,41.387210845947266,42.14541818585342,41.35988821567367,42.04978897989583,2892191
2012-12-04,41.33940124511719,41.633123916215204,41.14814280335115,41.35306256238619,2555540
2012-12-05,42.05662536621094,42.15225748836792,41.24377262701099,41.51016976758808,3556701
2012-12-06,42.022483825683594,42.03614514650178,41.62630262207906,41.94734511124503,2532949
2012-12-07,42.32986068725586,42.350354116336604,41.906356885103584,42.193247492973434,2503679
2012-12-10,42.254730224609375,42.35036237914223,42.00882642692373,42.22740758042208,3279256
2012-12-11,42.11128616333008,42.54161924256955,42.015654012497116,42.35036074065806,5077916
2012-12-12,41.73558807373047,42.35035323496069,41.701436225809,42.31619848716252,4162672
2012-12-13,42.1727409362793,42.35034093343954,41.67410148242754,41.77655989630752,4847213
2012-12-14,42.04296112060547,42.28203560959458,41.967825329698925,42.09760928655042,3608005
2012-12-17,42.61674880981445,42.67139408434063,42.0566289461679,42.13859975783377,4373009
2012-12-18,43.68915557861328,43.750630042826906,42.616735159837624,42.691870938307126,5960331
2012-12-19,43.559383392333984,43.955564512490405,43.552551283425416,43.71648999859013,5811648
2012-12-20,43.91458511352539,44.05119830710191,43.566217120090144,43.6140331877803,4909647
2012-12-21,43.85993957519531,43.928249075970385,43.306654657981824,43.306654657981824,6398923
2012-12-24,43.4910888671875,44.05120595801033,43.306659573888744,43.51841151064826,2490213
2012-12-26,43.586700439453125,43.907742819832926,43.47740990994104,43.56620701523157,3095851
2012-12-27,43.53888702392578,43.66867098553213,43.01975407737664,43.53205781535505,3160065
2012-12-28,42.978790283203125,43.47060082637402,42.93097420127747,43.19737145800014,2326840
2012-12-31,43.35446548461914,43.395449442942144,42.493796560082515,42.8421645556432,4440784
2013-01-02,44.22878646850586,44.461031750254925,43.82577617943537,44.17414120218282,5796624
2013-01-03,44.39955520629883,44.741091027083186,44.085342019187124,44.12632886957232,3309972
2013-01-04,45.30803680419922,45.39000760451168,44.570322800396625,44.570322800396625,4606606
2013-01-07,45.32853317260742,45.62908506026595,45.08262655545474,45.13044261708554,4746051
2013-01-08,44.9050407409668,45.26023798862969,44.76842753027996,45.25340587815679,3313533
2013-01-09,45.45148849487305,45.45148849487305,44.99383286957279,45.11678473758048,3581407
2013-01-10,45.3695182800293,45.67689938438496,45.14410508351828,45.67689938438496,4920108
2013-01-11,45.29438781738281,45.42417181167446,45.15094540250991,45.321710458299265,2611296
2013-01-14,45.60176086425781,45.60176086425781,45.164595815296984,45.35585425552147,2047281
2013-01-15,45.68374252319336,45.74521701898102,45.20559337877879,45.26706787456645,2530055
2013-01-16,45.581275939941406,45.581275939941406,45.342201395132875,45.45149195278779,2321276
2013-01-17,45.977455139160156,46.10723912074682,45.58810609427686,45.76570324284824,2525937
2013-01-18,46.3189811706543,46.3189811706543,45.86132272757813,46.09356800313943,3781505
2013-01-22,46.72199249267578,46.72199249267578,46.19602745676658,46.277998255774406,4054276
2013-01-23,46.63319778442383,46.721997801845184,46.48292328560623,46.65369121147355,3655192
2013-01-24,46.612709045410156,47.27528734724759,46.48292506878703,46.694676957000574,4583791
2013-01-25,46.67418670654297,47.30261320460327,46.41462163550324,47.24113581678704,6272720
2013-01-28,47.07719802856445,47.27528860344324,46.83812349680143,47.27528860344324,4927676
2013-01-29,47.19330596923828,47.26844175015152,46.85859940926969,47.07718334434868,4027789
2013-01-30,46.90641784667969,47.27527626222389,46.87226310825393,47.070353631421156,2756752
2013-01-31,46.612709045410156,46.920090163812525,46.49658638738544,46.721999594197385,3924401
2013-02-01,47.23430633544922,47.514364834110125,46.872277020212266,47.11135156052354,4095898
2013-02-04,46.831295013427734,47.090862993668985,46.71517524320317,46.95424979347722,3372962
2013-02-05,47.732948303222656,47.931038894969575,47.104524677608545,47.11818599773326,5094387
2013-02-06,47.76026153564453,47.81490680537938,47.343589903978135,47.49386439574897,3810107
2013-02-07,48.06764602661133,48.115462090948476,47.52802249988579,47.76026491268031,4572217
2013-02-08,48.17694091796875,48.35453806248869,47.937863488992335,48.0061729829151,3651185
2013-02-11,47.87637710571289,48.12911289081021,47.76025447475577,48.10179025998217,2584921
2013-02-12,48.101810455322266,48.20427181388333,47.78759716900279,47.86273588526452,2275425
2013-02-13,47.937870025634766,48.347712545672906,47.73978232582874,48.10180877357624,2875720
2013-02-14,47.87637710571289,48.07446762915413,47.66462526685763,47.814899736411846,3209255
2013-02-15,47.89006042480469,48.115473682642865,47.65781505618245,48.074489717570216,3404011
2013-02-19,48.450164794921875,48.46382611302641,47.835402580341665,47.97201576138694,3538783
2013-02-20,48.053985595703125,48.79169970278683,48.04715638631543,48.368198824575344,4684063
2013-02-21,47.957801818847656,48.081474466033036,47.64174658138627,47.84787057690509,4612281
2013-02-22,48.01962661743164,48.26010260259986,47.77915063226342,48.09520286739475,4023337
2013-02-25,47.37379455566406,48.18454341571594,47.37379455566406,48.01964652901126,5902238
2013-02-26,47.49058151245117,47.78602312381785,47.29820187798597,47.45622946473463,4213531
2013-02-27,48.33568572998047,48.445616957841565,47.42187802307089,47.47684363700144,3016947
2013-02-28,48.16392135620117,48.6929698164345,48.16392135620117,48.363173184284086,4100127
2013-03-01,48.12956619262695,48.27385239217415,47.566165715229566,47.895959409193175,3316427
2013-03-04,47.88908386230469,47.99214291966512,47.339424861170954,47.813504692281306,3974036
2013-03-05,48.56241226196289,48.692957031754936,48.07459106109613,48.09520170445107,4176249
2013-03-06,48.9677848815918,49.063977606491775,48.64486049621512,48.65860189736145,3919616
2013-03-07,49.58616256713867,49.71671028419041,49.091472008976496,49.215147565393366,4693411
2013-03-08,50.637393951416016,50.69235957621451,49.929707156820406,49.929707156820406,5483789
2013-03-11,50.74732208251953,50.795421376577515,50.12208959729649,50.403789865516224,3776275
2013-03-12,50.56182098388672,50.77481133547792,50.20454439932085,50.754200683268344,3325441
2013-03-13,50.809146881103516,50.85724616287003,50.52744668487046,50.65799437769898,3776942
2013-03-14,50.712974548339844,51.035896125961635,50.445012760123966,50.9671920138893,5107631
2013-03-15,50.47248077392578,50.74730880914613,50.38316020404128,50.54805702517349,6644761
2013-03-18,50.7679328918457,51.02902248129053,49.84725008531721,49.96405347622022,4740042
2013-03-19,50.86411666870117,51.09772343611805,50.451874579511426,50.89159947464715,4737148
2013-03-20,51.324462890625,51.4412662853642,51.09772826172011,51.09772826172011,4046152
2013-03-21,51.24889373779297,51.53059402287451,51.145828816145034,51.24889373779297,4550627
2013-03-22,51.661136627197266,51.68861943992725,51.3107322233283,51.42066347424825,4012431
2013-03-25,51.43438720703125,52.045886907023934,51.09772138924113,51.83976295380997,4834526
2013-03-26,51.860374450683594,51.96343934585908,51.475615176533836,51.60615704325381,3820568
2013-03-27,51.64738845825195,51.66799910549834,51.242012671142724,51.55119571484814,3133467
2013-03-28,51.77105712890625,51.894732677389214,51.530584025886604,51.63364309378755,3884559
2013-04-01,51.07024002075195,51.722961029494186,50.91221534688627,51.66799541825812,4397270
2013-04-02,50.98780059814453,51.41378707724401,50.83664222370503,51.345077134202505,3966246
2013-04-03,50.38317108154297,51.235144008414764,50.280112004523225,51.1733062287018,5412341
2013-04-04,50.67173767089844,50.69234831718178,50.3900374479349,50.506840833127406,4729135
2013-04-05,50.14271545410156,50.266385222928164,49.76482231691205,49.94346355758416,4820504
2013-04-08,50.53432846069336,50.57555559094549,50.00528293059925,50.12208632693549,3682235
2013-04-09,50.52744674682617,50.6511222804466,50.28010151333689,50.59615667300454,3257221
2013-04-10,51.12519454956055,51.145805190868295,50.36254248366656,50.52056712327718,4885720
2013-04-11,51.324462890625,51.43439412479069,50.98092486698091,51.14582171822945,3536668
2013-04-12,51.01527786254883,51.20765751489651,50.699222659672884,51.10459844529121,2385824
2013-04-15,49.60677719116211,50.78854375848693,49.593032870407136,50.754188790351954,3758468
2013-04-16,50.280113220214844,50.314468191303,49.7991611262394,49.97093014792727,2752300
2013-04-17,49.393768310546875,49.97778511688913,49.07084686115851,49.97778511688913,4410068
2013-04-18,49.10521697998047,49.393783559183575,48.72732397884756,49.36630075003315,5939631
2013-04-19,50.96718215942383,51.14581748327549,49.922829687571166,50.65112697049103,7304374
2013-04-22,51.24889373779297,51.455011913582005,50.871000692590705,51.04276972825052,4192720
2013-04-23,51.36567687988281,51.53057368894724,50.671728849547755,51.53057368894724,3240416
2013-04-24,51.41377258300781,51.647379322988414,51.27635856941668,51.50996530939729,4186154
2013-04-25,51.207645416259766,51.55805550413154,51.13894133067281,51.48247925986059,5821108
2013-04-26,50.774803161621094,51.31072670282627,50.62365062474536,51.21453395174391,3706830
2013-04-29,50.70608901977539,50.919079294929965,50.465610106534584,50.85724736049109,3339241
2013-04-30,50.52744674682617,50.8297634215091,50.15642597971645,50.82289126214095,3247538
2013-05-01,49.833526611328125,50.42441007044938,49.79229947057354,50.29386231952167,3529212
2013-05-02,50.822906494140625,50.93283774197195,50.02589911361014,50.03963760271239,3484029
2013-05-03,51.69548034667969,52.01153554114141,51.33133169884951,51.33133169884951,3577957
2013-05-06,52.27263259887695,52.334464547586656,51.70235990200294,51.722970551572836,4015658
2013-05-07,52.83601760864258,52.93907665996097,52.30696636637144,52.355065646237854,3251211
2013-05-08,53.23454284667969,53.282636312384135,52.61617661939439,52.69861922702845,3359162
2013-05-09,53.44065856933594,53.59868911669167,53.13834763151906,53.207057579717805,4500658
2013-05-10,53.41316604614258,53.6467728270438,53.06276170854315,53.420038206463765,2572790
2013-05-13,53.49562454223633,53.60555579306636,53.2276685767765,53.37882112979105,2218111
2013-05-14,54.38882064819336,54.38882064819337,53.48188206275409,53.48188206275409,3391881
2013-05-15,54.89038848876953,54.89038848876953,53.95596700606404,54.196445996918335,3695924
2013-05-16,54.37241744995117,54.75916744915975,54.24810976693666,54.75916744915975,3856181
2013-05-17,55.76744079589844,55.82959753946379,54.593393731448586,54.71770135473557,4523250
2013-05-20,55.615516662597656,56.10585134655781,55.40832944197622,55.470486194547114,2813843
2013-05-21,55.35309982299805,55.85034229126811,55.187352333574694,55.594813445778776,3537225
2013-05-22,54.966331481933594,55.82960669785742,54.77295947544317,55.35998896780925,4601041
2013-05-23,54.724647521972656,54.980176420354546,54.248121925281644,54.35171266165208,4367444
2013-05-24,54.7591438293457,54.84892514514725,54.21355419012405,54.56576598122976,2696433
2013-05-28,55.090667724609375,55.85725432172527,55.0768583646549,55.44288556538443,3688801
2013-05-29,54.420772552490234,55.028513422482895,54.24120981806872,54.68320317806338,3656861
2013-05-30,54.86276626586914,55.14591972990142,54.35170850815978,54.565797577324346,3097298
2013-05-31,54.185935974121094,55.346173879631934,54.185935974121094,54.70390110489129,3654301
2013-06-03,54.45527648925781,54.69008829710427,53.88206218838321,54.24809511889443,3117886
2013-06-04,53.6887092590332,54.717732322672674,53.44008800790633,54.351705125885246,3845497
2013-06-05,52.970462799072266,53.578209482644084,52.83924749713884,53.516052705574126,3016835
2013-06-06,53.63346481323242,53.63346481323243,52.69422302911768,53.01190869877889,3185439
2013-06-07,54.614139556884766,54.71082266344804,53.785396220294864,54.13761404409579,3623363
2013-06-10,54.33787155151367,54.772962991934044,54.06853341971421,54.72462145316902,2616527
2013-06-11,53.97876739501953,54.4898250932589,53.6472724114632,53.81301990324136,1746800
2013-06-12,53.39862823486328,54.517432242380096,53.357194307091284,54.39312459521924,2345315
2013-06-13,54.08236312866211,54.22049191513824,53.30196714984724,53.41246548795033,2657815
2013-06-14,53.992576599121094,54.31716393504172,53.77157410420631,53.97876137775626,2934592
2013-06-17,55.04922866821289,55.22878551402739,54.36551588586485,54.441482018176885,4213976
2013-06-18,55.836524963378906,56.002272429146664,55.049221569059135,55.15971987957098,3587083
2013-06-19,55.028507232666016,55.891782746610275,55.028507232666016,55.82271835995605,3402008
2013-06-20,53.64036560058594,54.75916998255665,53.51605204797358,54.565792042082585,3781950
2013-06-21,54.040916442871094,54.21357152141306,53.37792070671612,54.082350377967465,4905306
2013-06-24,52.93592834472656,53.550576681764596,52.590618181861686,53.51604449270891,3985721
2013-06-25,53.62653350830078,53.861345316550214,53.29503862407451,53.495318249255796,2698102
2013-06-26,55.07685470581055,55.15282084013137,54.17213938616896,54.21357919097369,4044482
2013-06-27,55.387638092041016,55.940129784061476,55.353105895327914,55.353105895327914,3730423
2013-06-28,54.793697357177734,55.387634685339634,54.7660727742758,55.24950590698305,3867643
2013-07-01,55.47050094604492,56.002275561084204,55.15281535363385,55.15281535363385,2388940
2013-07-02,53.78539276123047,55.13900307683714,53.612737666217804,54.724634367114625,9996800
2013-07-03,54.22047805786133,54.53815776679379,53.39863661652718,53.42626119399286,2873161
2013-07-05,55.29093551635742,55.30475073718401,54.58650585034753,54.58650585034753,2338303
2013-07-08,55.712188720703125,55.967717425555314,55.28400501009864,55.58097349642249,4294995
2013-07-09,56.20947265625,56.389029520318054,56.03681754029625,56.16112523636688,3259335
2013-07-10,56.085147857666016,56.45808259884141,55.891775808424036,56.112772436129156,2708230
2013-07-11,57.0244026184082,57.09346701251137,56.6169355936637,56.74815676969024,2770218
2013-07-12,56.88629913330078,57.14873571118665,56.5409887724798,57.017514490319044,2977995
2013-07-15,56.83792495727539,57.10035552078308,56.430458027011674,56.97604784960733,3768596
2013-07-16,56.65143966674805,57.07271584286698,56.534033773365906,56.87243623601116,2103928
2013-07-17,56.93461608886719,57.28683391192952,56.78958556547957,56.88627453568692,2503123
2013-07-18,57.30062484741211,57.52162729913509,56.637635083777965,56.93459778277786,4141193
2013-07-19,57.71499252319336,58.59898463454627,57.25227657387987,58.274391536406,3542122
2013-07-22,57.348995208740234,57.5216503281042,57.148715504831934,57.35589695699086,2885848
2013-07-23,57.50779724121094,57.72879377206324,57.27298549525865,57.62520311418708,2256617
2013-07-24,57.3282470703125,57.728806301340114,57.21084703569965,57.60449865767807,2216330
2013-07-25,57.21776580810547,57.3213623831382,57.01748613299125,57.17633186916953,2863812
2013-07-26,57.23849868774414,57.28684024626965,56.83793926721075,57.01059439205609,2820298
2013-07-29,57.15561294555664,57.40424005156526,56.962240868319704,57.065837450438906,2521597
2013-07-30,57.321353912353516,57.83241150935043,57.14179123324252,57.487101371296475,2714128
2013-07-31,57.30752182006836,57.873828403317866,57.272989643660594,57.528518366927905,3359050
2013-08-01,58.398746490478516,58.502337236434364,57.75646744677674,57.87387341957918,2491326
2013-08-02,58.48160171508789,58.550660235876705,58.04651016511678,58.28822964749402,2662601
2013-08-05,58.37800598144531,58.50231365371329,58.018880594380825,58.205350898551856,1673794
2013-08-06,58.122493743896484,58.495422730937484,57.94983861174712,58.32967521139754,2308478
2013-08-07,57.77024841308594,58.011961964917944,57.55615357087109,58.005060219436125,2713683
2013-08-08,57.673580169677734,58.28132686777281,57.66667842171928,58.08104717234295,2346427
2013-08-09,57.5423583984375,57.797887231902806,57.39732788605488,57.68738891082012,2520707
2013-08-12,57.61834716796875,57.701220941344026,57.05894773172346,57.29375968821108,2353995
2013-08-13,57.79790115356445,57.970556287804826,57.43187391085223,57.65287060624862,1617481
2013-08-14,57.56307601928711,57.95672775856187,57.47329466642952,57.866946405704276,1918074
2013-08-15,56.637630462646484,57.11415578233949,56.47878478018585,57.04509142234018,2554427
2013-08-16,56.887508392333984,57.01938294890971,56.5821112704539,56.67233781830099,3981492
2013-08-19,56.54048156738281,56.92223251331047,56.498839438480196,56.70011955035962,2573347
2013-08-20,56.7209358215332,57.047154045278994,56.4988287937388,56.56129197532426,1964259
2013-08-21,55.92967224121094,56.70011043515302,55.88803011900278,56.63764725184078,3231958
2013-08-22,56.06155014038086,56.27671484630545,55.79085278521148,55.92273325054099,2934704
2013-08-23,56.49882125854492,56.6237534983627,55.81167331296854,56.10318580141547,2009443
2013-08-26,56.25589370727539,56.68622901183,56.18648231579836,56.57517550011382,2278652
2013-08-27,55.00653839111328,55.874145465479316,54.89548487418032,55.645096113477805,3386539
2013-08-28,55.14535903930664,55.34664502577018,54.749729384987496,54.999599815087564,3390879
2013-08-29,55.56874084472656,55.86720155145602,54.89547751524655,55.006531017292396,2017790
2013-08-30,55.22865295410156,55.77698418869191,55.01348231572868,55.77698418869191,2190511
2013-09-03,56.20732498168945,56.24203068712976,55.742283851396515,55.83251632821714,4482629
2013-09-04,56.19343566894531,56.28366813826188,55.68675244890995,55.80474830160777,3715177
2013-09-05,56.49188995361328,56.852813895998814,56.00602785374733,56.151787073038044,2020794
2013-09-06,56.679298400878906,57.07492809141056,55.70063176010477,56.60989288837531,2292675
2013-09-09,57.2137451171875,57.42197344170949,56.75564633922516,56.80423668071,2526383
2013-09-10,58.3936882019043,58.49780529376902,57.47054847790621,57.59548663082025,2629437
2013-09-11,58.32427215576172,58.58108483996909,58.06051715469004,58.44226796922295,2796371
2013-09-12,58.15074920654297,58.59496318997082,58.143806889724914,58.358971564620774,2243707
2013-09-13,58.33816146850586,58.3659248476865,57.83147832513187,58.31734040744765,1846070
2013-09-16,59.06694793701172,59.2265858680232,58.608849308342755,59.0738843606975,2376253
2013-09-17,59.30989074707031,59.46259229238492,59.0044935497507,59.09472601319526,2210766
2013-09-18,60.142784118652344,60.30242205230034,58.92813203690445,59.289055913543706,2533505
2013-09-19,60.23997497558594,60.767479243941565,60.15668482795084,60.33020154887493,2543299
2013-09-20,59.33069610595703,60.18443017669412,59.33069610595703,60.11501879447522,3851395
2013-09-23,58.3936882019043,59.330706668832214,58.28957700334867,59.14330533277027,3635716
2013-09-24,58.47697448730469,58.96977885506929,58.12299289954825,58.372863295607274,2536287
2013-09-25,58.19239044189453,58.76848486293215,58.19239044189453,58.53249324114654,2502344
2013-09-26,58.33816146850586,58.6019165173765,58.109112116938284,58.31734040744765,1544142
2013-09-27,58.011940002441406,58.17157795050341,57.71347927290611,57.99111304923515,1896929
2013-09-30,57.63715744018555,57.9078490208051,57.172116235215384,57.4705712059834,2770552
2013-10-01,57.76206970214844,57.970298002649315,57.51219927753302,57.69960062266724,2723699
2013-10-02,57.49833297729492,57.526096363816094,56.97082274008202,57.366452471336366,3261672
2013-10-03,56.533531188964844,57.47054967541737,56.24895507322795,57.352559731473356,2930475
2013-10-04,57.08185577392578,57.2553783506558,56.43635579593991,56.686226184840066,2822969
2013-10-07,57.54691696166992,57.88701991711185,56.29061636518096,56.533544521934935,3979378
2013-10-08,56.79034423828125,57.85230088611022,56.76952317668322,57.47054999249703,3391324
2013-10-09,56.84586715698242,57.26232372065835,56.5335276808799,56.915278548698026,2931810
2013-10-10,59.06000900268555,59.06000900268555,57.47054245198706,57.50524814563632,4009315
2013-10-11,60.01092529296875,60.045630994302094,58.92814748587497,59.0044953141605,3773715
2013-10-14,59.677764892578125,59.788818433514486,59.226608409196544,59.46954244997763,3172529
2013-10-15,59.09471893310547,59.69163451209627,58.97672310222338,59.525054242607055,2197188
2013-10-16,59.51810836791992,59.80962676875938,59.00448295436794,59.545871744508986,2692204
2013-10-17,60.20527648925781,60.23303987513009,59.12944086672406,59.268257796085464,2981890
2013-10-18,58.70602798461914,59.64998877438968,58.09523363984999,59.490350816697756,7835002
2013-10-21,58.754608154296875,58.886482709867835,58.345093960369404,58.706017828932325,3909043
2013-10-22,59.802669525146484,60.02477648242337,58.928120434215224,58.976704857792775,3710725
2013-10-23,60.17055130004883,60.17055130004883,59.37234979469972,59.78186402369589,3003481
2013-10-24,60.5800895690918,60.68420080038801,60.191396245184755,60.281628729186586,2510579
2013-10-25,60.7327766418457,60.7605400258076,60.14280325932783,60.524554208786526,3057901
2013-10-28,60.61476516723633,60.767460778178595,60.32324679244396,60.482884720240335,2160685
2013-10-29,60.70499801635742,60.74664602849854,60.33713179789686,60.46206994101158,2159906
2013-10-30,60.191375732421875,61.03816761474956,60.087264536605964,60.746649194494275,2034149
2013-10-31,60.19831848144531,60.836882083405044,60.03868052760987,60.28160861735628,2548529
2013-11-01,60.323238372802734,60.92015377947294,60.06642572481763,60.226063630332476,3441627
2013-11-04,59.906803131103516,60.38572880378697,59.62222701215416,60.38572880378697,3606224
2013-11-05,59.927635192871094,60.17056331577592,59.28907150375075,59.72634919695119,2198301
2013-11-06,60.191375732421875,60.51759984905212,59.96232638697972,60.26078712517178,1996422
2013-11-07,59.31681823730469,60.37877468369045,59.22658579641715,60.19830980191537,2662156
2013-11-08,60.691139221191406,60.70501796759407,59.254373676401094,59.35849079431858,3051001
2013-11-11,60.6772346496582,60.8507572292098,60.441248891847295,60.642534848394796,2273310
2013-11-12,60.10115051269531,60.66336636037045,60.010923941893665,60.545370514479494,2713349
2013-11-13,60.73971939086914,60.73971939086914,59.781879690752305,59.94151767633506,2959410
2013-11-14,61.544837951660156,61.64894912583517,60.663346449496196,60.906274487007146,3115215
2013-11-15,61.51016616821289,61.61428329308721,61.22558996818284,61.274180317115245,2862699
2013-11-18,61.55177688598633,62.134807679960666,61.4546021403369,61.6905937416945,2689422
2013-11-19,61.29365921020508,61.71223383223875,61.182039310996096,61.40527910941405,1978393
2013-11-20,60.84718322753906,61.495981397594456,60.76346829001037,61.495981397594456,1999427
2013-11-21,61.349491119384766,61.42622834671706,60.944865878236996,60.97974859006717,1800886
2013-11-22,61.94944381713867,61.998276053818124,61.16809841343298,61.30064559443444,2130748
2013-11-25,61.80293655395508,62.27732120290941,61.72619934158349,62.0889640731368,1852859
2013-11-26,61.76105880737305,62.15871205583269,61.68432161651617,61.84477964531755,2041049
2013-11-27,61.99828338623047,62.375003641916926,61.87271391658005,62.08199834045328,1303200
2013-11-29,61.747100830078125,62.20055803614756,61.66338592695903,61.970340571729054,1286729
2013-12-02,61.48900604248047,62.081988353677616,61.39133564991507,61.726201336305984,2284217
2013-12-03,60.74252700805664,61.35644233151714,60.47044908139965,61.35644233151714,2579134
2013-12-04,60.57512664794922,60.89603695220248,60.12864094361531,60.582098452000864,2697212
2013-12-05,60.596038818359375,60.902993591341406,60.34489400410135,60.484418900911365,1995866
2013-12-06,61.61457824707031,61.7261981623389,61.19599764144679,61.4471424508011,1840617
2013-12-09,61.300628662109375,61.75409188947428,61.20296421572713,61.65642151972678,2008775
2013-12-10,61.279701232910156,61.58666186643609,60.98669604789232,61.1541318131634,1970269
2013-12-11,60.31001281738281,61.25181033708534,60.184437445409166,61.23786080873638,3213818
2013-12-12,60.19840621948242,60.484433809285456,59.9402836159195,60.14957397440422,3257109
2013-12-13,60.421630859375,60.95880318976015,59.83562037287018,60.38674815453707,4664921
2013-12-16,60.95183181762695,61.2029766321729,60.316989093888736,60.65184884661667,3484919
2013-12-17,60.330936431884766,61.377382006223186,60.30303145350373,61.098326299046526,4069300
2013-12-18,61.70524215698242,61.726175325875516,59.92629004964653,60.54020527986354,3988059
2013-12-19,61.837799072265625,61.893609012747184,61.37038637820914,61.440151765493354,2846785
2013-12-20,62.47265625,62.78658871972937,61.81688041038531,61.96338301937447,4273182
2013-12-23,62.59124755859375,62.93308497057726,62.34009686949132,62.78658237638928,2557989
2013-12-24,63.10050964355469,63.21212953029102,62.58426470571672,62.758672259583456,950746
2013-12-26,63.55399703979492,63.637711994529305,63.170299054736645,63.19123223594596,2418654
2013-12-27,63.58189010620117,63.7842026897274,63.53305787260169,63.71443727884255,1186235
2013-12-30,63.4842414855957,63.7911963387031,63.33773882486153,63.70748137876472,1614031
2013-12-31,63.74235916137695,63.87491229253458,63.29587936809169,63.39354978455689,1620931
2014-01-02,63.00981903076172,63.58187393036174,62.82146194667891,63.45630451542821,1941111
2014-01-03,63.149375915527344,63.45633669294114,63.01682870939503,63.12844865632077,1638738
2014-01-06,63.08659362792969,63.66562659481915,63.06566636692737,63.44936440993531,2176600
2014-01-07,63.34471893310547,63.581914312376426,63.11450128225278,63.18426671969792,1751363
2014-01-08,63.093563079833984,63.34470794902376,62.7307982687821,62.8354404834359,2943941
2014-01-09,63.114463806152344,63.79116682342999,62.96098941229308,63.407468992051314,2017233
2014-01-10,62.89822006225586,63.35167749837736,62.619170243622165,63.25401302353906,3337349
2014-01-13,61.99828338623047,63.100539168548906,61.90759070498052,62.695913928121506,2757308
2014-01-14,62.36103820800781,62.4307976903864,61.47504480253451,62.27731735176778,3228953
2014-01-15,62.723819732666016,62.89822737041829,62.50755165557141,62.668009762454695,2750074
2014-01-16,62.821475982666016,62.96797267892556,62.60520795431683,62.688922890765,1823701
2014-01-17,62.751712799072266,63.100528008324865,62.54940021464042,62.94006993191807,2894194
2014-01-21,63.19819641113281,63.505157131473936,62.68195129090182,63.21215186358783,2785353
2014-01-22,63.54701232910156,63.65863225648071,62.94007453145223,63.42144287248352,3044880
2014-01-23,62.64704513549805,63.28188168712976,62.24939193073302,63.03771469394282,4650342
2014-01-24,61.71924591064453,63.42146216779171,61.69134092030995,62.47268657304708,5589514
2014-01-27,62.9889030456543,63.463287664365154,62.24941225496767,62.24941225496767,7330861
2014-01-28,63.10050964355469,63.616754581392655,62.88424167047942,62.967956585531674,3258556
2014-01-29,62.60520935058594,63.16331486272069,62.270349597324966,62.5005671585335,4412183
2014-01-30,63.97257995605469,64.0911776378657,63.10054758573526,63.267977516514904,3506064
2014-01-31,63.64470291137695,64.28652362071956,62.96799948282399,63.20519486541176,4124833
2014-02-03,61.91455841064453,64.15394640121914,61.851770724298206,63.6446790312841,4714668
2014-02-04,62.61914825439453,62.779600362923084,61.579680640792866,62.06104288974343,4379464
2014-02-05,62.500572204589844,62.75171703981204,61.747131775556305,62.22849419057392,4755622
2014-02-06,63.58189010620117,63.61677281164359,62.62613714793126,62.72380753849674,2431786
2014-02-07,64.99110412597656,65.08179679588885,63.81211126385064,63.965591622422714,4669373
2014-02-10,64.77487182617188,65.43761987859016,64.53069868526376,64.9492795201435,3651853
2014-02-11,65.6887435913086,65.96081571499924,64.83763266130907,64.94925852499779,3314757
2014-02-12,65.77943420410156,66.18405943671885,65.51433389249584,65.9677913666253,2757531
2014-02-13,65.94685363769531,65.99568587145347,65.06086608743112,65.21434051449009,2603506
2014-02-14,66.0026626586914,66.14916528124921,65.50036710658374,65.91894772056787,2846340
2014-02-18,65.82127380371094,66.079396329934,65.48641406916194,65.86313423221263,2604842
2014-02-19,64.84459686279297,66.32357261028969,64.76088192501388,65.56315452125494,4747053
2014-02-20,65.2701416015625,65.59802951182905,64.68413710602316,65.03992406890204,2557098
2014-02-21,65.52827453613281,65.88406747898618,65.37480010551765,65.46549277271752,3581963
2014-02-24,65.40967559814453,66.42123250757541,65.40269787296793,65.82825025825048,3293390
2014-02-25,65.80223083496094,66.0966491202766,65.3535920306865,65.63399351533265,3612679
2014-02-26,65.79523468017578,66.27191314799963,65.5428786423516,65.57792958003283,2916563
2014-02-27,66.1527328491211,66.24386289160371,65.50080575009385,65.6269867245979,2296904
2014-02-28,66.20183563232422,66.74159884426557,65.77423070068569,66.10369416109128,3574284
2014-03-03,65.60596466064453,65.94243935477114,64.8909470077255,64.98908843614575,3001700
2014-03-04,66.31398010253906,67.00095240229778,66.25790097406629,66.35604242486097,4343962
2014-03-05,66.35601043701172,67.19019153486639,66.28590858424701,66.86072234996313,4695415
2014-03-06,66.41912078857422,66.94486103389852,66.38406985170364,66.62941450593051,4165009
2014-03-07,66.90279388427734,67.23225716271317,66.74857335807236,66.9308334388662,5353247
2014-03-10,66.76960754394531,66.88877714965393,66.37705374437952,66.6294097583861,2811840
2014-03-11,65.97047424316406,66.7836273150143,65.84429326583113,66.68548589354059,2723254
2014-03-12,65.78821563720703,65.79522701431311,64.91898343404284,65.38163909211626,2948392
2014-03-13,65.08724212646484,66.23687016657786,64.93302155330294,66.13171734090338,3931746
2014-03-14,64.49838256835938,65.24844508102044,64.40725253240196,64.91897586670244,3655526
2014-03-17,65.4727554321289,65.76717368961859,64.82083439220041,64.84887394282173,3468225
2014-03-18,65.71810150146484,65.79520877245459,65.4447114375226,65.69706737597834,2582472
2014-03-19,65.11528015136719,65.90739927895666,64.63860163754616,65.74617328277266,2648022
2014-03-20,65.15731811523438,65.46575321521922,64.83486026201118,65.11526175938457,2658817
2014-03-21,65.18535614013672,66.44013659242154,65.16432796270526,65.92840729408462,5341339
2014-03-24,64.47034454345703,65.6550231351225,64.14788669778372,65.47977443534207,4112146
2014-03-25,64.79981994628906,65.13629462503337,64.3371642870491,64.9049667954134,2634556
2014-03-26,63.678199768066406,65.24141482372525,63.67119434573732,65.09420572392473,3591645
2014-03-27,63.299686431884766,63.92356797146547,63.12443773839675,63.76234203038398,3692362
2014-03-28,63.713253021240234,64.16889713392077,63.425846185371206,63.439868934404245,2753636
2014-03-31,65.02411651611328,65.13627470806635,64.08478273060952,64.25302001853912,3706385
2014-04-01,65.37464141845703,65.44473734203017,64.91899113152992,65.29752816501275,2493218
2014-04-02,65.80928802490234,66.02659322605113,65.29055295229423,65.4938413430156,3207808
2014-04-03,66.08966064453125,66.13171701304499,65.59195393755594,65.96347963512122,2583474
2014-04-04,65.42369079589844,66.70651071328024,65.39565124395307,66.27890010619826,3702378
2014-04-07,64.42127990722656,65.51482851331333,64.18995208855695,65.38864753879072,3146042
2014-04-08,64.47034454345703,65.50080261277463,63.909547513773134,65.50080261277463,2309479
2014-04-09,65.3395767211914,65.38163307609211,64.40024273726424,64.6105423675652,3055564
2014-04-10,64.0287094116211,65.47275519120264,64.0287094116211,65.33255743861197,2824527
2014-04-11,63.36980056762695,64.09883510418022,63.23661414111269,63.390828750353634,3061128
2014-04-14,63.734275817871094,64.00766583358174,63.10338310706847,63.91653582834486,2159016
2014-04-15,64.28810119628906,64.33016351403212,63.06136593053707,63.84647959562404,3975594
2014-04-16,65.40266418457031,65.4166809849123,64.54744890187885,64.84887855645182,3853843
2014-04-17,65.26246643066406,65.85129703568639,64.64559032108941,65.61996923858742,4375346
2014-04-21,65.31855773925781,65.52184602171667,64.82085112331603,65.52184602171667,2946612
2014-04-22,65.43072509765625,65.8863694644014,65.18537446821863,65.36062321726432,3186107
2014-04-23,65.9144058227539,66.00553588206088,65.0662016805178,65.0662016805178,3844050
2014-04-24,65.63398742675781,66.29291984347518,65.4797669221054,66.27189166845542,3152275
2014-04-25,64.94703674316406,65.74617320028476,64.81385030961108,65.64102037722624,3305743
2014-04-28,64.81381225585938,65.44470501606096,64.07076131179359,65.0942077155199,3123896
2014-04-29,64.8208236694336,65.12925867524622,64.47733774315957,64.95401002486999,2896754
2014-04-30,65.12226104736328,65.36060021449468,64.42127224981807,64.67362821693435,3811553
2014-05-01,64.65962219238281,65.31154938266769,64.47736803383816,65.07321015387822,2785019
2014-05-02,64.75074005126953,65.08020927323979,64.5404404212474,64.65260458867635,3149270
2014-05-05,64.91899108886719,65.1152739593839,64.3652112708486,64.61055593109391,3578179
2014-05-06,64.19697570800781,64.86291979752262,64.18997028116324,64.7647843023541,2862365
2014-05-07,65.13631439208984,65.17136533641262,64.16193504191267,64.4423306926252,2808613
2014-05-08,65.16432189941406,65.64099427112522,64.89093181051312,64.96804504047417,2469847
2014-05-09,65.05216979980469,65.18535619288834,64.70167239997856,65.0241302458959,2038823
2014-05-12,66.1667709350586,66.19481049930886,65.33258943466237,65.33258943466237,2652140
2014-05-13,66.04757690429688,66.43312523428642,65.92840731226497,66.24385973348618,2801156
2014-05-14,65.0101089477539,66.27890623043511,64.92599028414514,66.07561797206412,2934592
2014-05-15,63.90254211425781,64.92598880752091,63.790383898663634,64.80681921546898,5545444
2014-05-16,63.93059539794922,64.01471407771025,63.5730865450145,63.825442584297605,3943431
2014-05-19,64.41426849365234,64.44931942565891,63.74832459325849,63.79739232690804,3167633
2014-05-20,63.65346908569336,64.43540044744857,63.44918038859207,64.27338105857199,3074372
2014-05-21,64.2874755859375,64.39314588026241,63.90002980252864,63.963430782878675,3016168
2014-05-22,64.42129516601562,64.6185379218393,64.10429638456495,64.3578942134811,2648690
2014-05-23,64.78761291503906,64.87214553743046,64.28745707997285,64.28745707997285,2074102
2014-05-27,65.0623550415039,65.1609794440034,64.90033564585187,65.12575601588044,2003767
2014-05-28,65.16804504394531,65.43573480496185,64.99897971526933,65.0060196180448,2279320
2014-05-29,65.39344787597656,65.41457954106522,65.08349485685412,65.20325092773021,1754367
2014-05-30,65.61885833740234,65.66112764241626,65.16097176940526,65.22437273631449,2684636
2014-06-02,65.80205535888672,65.9147655991439,65.31599095247087,65.72456856401664,1843733
2014-06-03,65.69635009765625,65.80201438679802,65.25254931705908,65.65408079326562,3091288
2014-06-04,66.11199188232422,66.21061630834362,65.44277051328844,65.66115103475084,2553760
2014-06-05,66.88685607910156,67.15453973175227,66.0767472780488,66.2176349850289,3721743
2014-06-06,67.06300354003906,67.31660154999193,66.92915565997761,67.04186588662333,3089062
2014-06-09,67.49268341064453,67.97170166548418,66.97844172999606,67.2179478668041,2978886
2014-06-10,67.1615982055664,67.38701857900209,66.8939085214995,67.3095318209396,2933034
2014-06-11,66.85870361328125,66.99254548980443,66.5698822103429,66.85870361328125,2293899
2014-06-12,65.97813415527344,66.844598187027,65.83020054238575,66.81642064082097,2755639
2014-06-13,66.05561828613281,66.37966304523249,65.81611214351457,66.00630907753843,2086789
2014-06-16,66.0767822265625,66.2740251206579,65.79500068234294,65.93588846383966,2096694
2014-06-17,66.42898559570312,66.55578756466898,65.85838869780672,65.93587546704977,2064420
2014-06-18,66.35147094726562,66.44304944401479,65.75269675021366,66.3655627073297,3310417
2014-06-19,66.52758026123047,66.56280367921546,66.15422638552302,66.52053438138901,2615971
2014-06-20,66.79529571533203,66.87278247991013,66.51352022484386,66.73894061723439,3451755
2014-06-23,66.40785217285156,66.8093837556647,66.18243177284768,66.64031845566178,2489991
2014-06-24,65.52729797363281,66.35149880924709,65.46390297039129,66.32332125850921,3176202
2014-06-25,65.6611328125,65.8583756285746,65.22437787200863,65.29481874428055,2516144
2014-06-26,65.55548858642578,65.85840180313278,65.23144967898722,65.80204669042814,1907057
2014-06-27,65.69635009765625,65.75270518269495,65.16801668950102,65.21732589360408,2249272
2014-06-30,65.47795867919922,65.66816154523289,65.23140671879753,65.63998400743777,2619977
2014-07-01,66.63327026367188,66.79529565647826,65.56956330209779,65.7174969297799,4873923
2014-07-02,66.41490936279297,66.64032980117469,66.19652882719133,66.38673180799526,2516033
2014-07-03,66.83757781982422,67.05595837220382,66.69669003501137,66.76713691803093,1693158
2014-07-07,66.4853286743164,66.75301834860055,66.26695419083715,66.72484080295084,3243087
2014-07-08,66.36559295654297,66.58396748729099,66.11903489282084,66.43603384530275,2691981
2014-07-09,66.5980453491211,66.83051159782076,66.18242206168111,66.6544004408529,2096026
2014-07-10,66.41490936279297,66.59806645959101,65.70341862761843,65.85839816961875,3094738
2014-07-11,66.85165405273438,66.9080091535627,66.27401127863156,66.37967559737845,2823303
2014-07-14,67.44335174560547,67.52787836944275,66.98545932500949,67.18270207014689,3471008
2014-07-15,67.59835052490234,67.81673098904201,67.18977312342386,67.3165750691323,4480403
2014-07-16,67.90126037597656,68.16190415539523,67.76036667361095,67.94352370170739,3523425
2014-07-17,67.04183959960938,67.87308616703024,67.03479969912401,67.1968190910931,4202959
2014-07-18,68.20414733886719,68.52819199240781,67.37995291828396,67.83783937207707,4994672
2014-07-21,68.57048797607422,68.68319816357132,67.83081989409433,68.11964124486168,4163785
2014-07-22,68.46479797363281,69.09879558634437,68.16893082604145,68.9860854313043,4270066
2014-07-23,68.04917907714844,68.89450521889214,68.04213319732834,68.85928778223618,3527877
2014-07-24,67.63357543945312,68.19008646275462,67.5701744652047,68.04215284991629,2441246
2014-07-25,67.45747375488281,67.78856445511323,67.37998698726497,67.49973708950169,2499339
2014-07-28,67.04183959960938,67.62652815699813,66.47124280563908,67.50677209283668,3681011
2014-07-29,66.06266784667969,67.1827298121371,65.99926687139974,66.99253286752133,3880664
2014-07-30,66.2669448852539,66.80232415864117,65.75270325405356,66.80232415864117,2934481
2014-07-31,64.6889877319336,65.82314121152592,64.6889877319336,65.73156270976166,4572328
2014-08-01,64.50584411621094,65.02008578375248,64.06204331726804,64.63264007217788,5156376
2014-08-04,64.35794067382812,65.41460204773267,63.92823143598305,65.41460204773267,3700041
2014-08-05,64.27338409423828,65.0060003007959,63.81549148860973,64.00569441276868,4772316
2014-08-06,63.794368743896484,64.11136768059376,63.52667902499826,63.65348099216712,4325488
2014-08-07,64.07611846923828,64.38607136941467,63.81546878119895,64.09725012621756,3993846
2014-08-08,65.30890655517578,65.36526164207238,64.01977347527524,64.1817988360205,3253882
2014-08-11,65.62592315673828,66.10494750609058,65.48503540140673,65.51321295247304,3129460
2014-08-12,65.44982147216797,65.89362245183179,65.1962234757426,65.38642047775515,2445364
2014-08-13,66.40785217285156,66.46420727285253,65.56956557441849,65.71045332442093,2488989
2014-08-14,66.49238586425781,66.7600755840674,66.4078532129324,66.54874096514142,2178380
2014-08-15,66.3796615600586,66.7671072822388,65.86541987844066,66.56281858963085,3848279
2014-08-18,67.1052474975586,67.20387190799389,66.63326907391563,66.65440672122463,3150939
2014-08-19,67.0415267944336,67.34587756659619,67.00613619145466,67.28925500567453,2664048
2014-08-20,67.78472137451172,67.9333571343216,66.94952938990262,67.26803287246291,2862588
2014-08-21,67.90504455566406,68.18107809748014,67.62192568018516,67.93335584225066,1682586
2014-08-22,67.63610076904297,67.86967044256096,67.41668373745198,67.76350459445803,1613141
2014-08-25,67.81304168701172,68.0678433050494,67.74226045497211,67.97583010724344,1319559
2014-08-26,67.60069274902344,67.97581879332402,67.56530213889405,67.86965297254874,1694382
2014-08-27,67.64317321777344,67.86966354249427,67.43791485859174,67.770571020622,1451104
2014-08-28,67.45203399658203,67.52281519270814,67.02736484865781,67.3387888904689,1052576
2014-08-29,67.40250396728516,67.6431528697172,67.11939114654862,67.4874378135061,1302755
2014-09-02,67.5936050415039,67.7988633432609,67.28218093213927,67.3671147801478,1861650
2014-09-03,67.5653076171875,67.9121224034274,67.42375117480522,67.84842050195205,1493505
2014-09-04,67.2326431274414,67.96166322235136,67.11231866396147,67.57945787059528,2806164
2014-09-05,67.67147827148438,67.81303471138847,66.8858355228067,67.23265030297505,2140542
2014-09-08,67.40959930419922,67.68563286758956,67.22557292219672,67.62193096538766,2250273
2014-09-09,66.85752868652344,67.43791313358166,66.76551549205578,67.2680393847725,2493441
2014-09-10,66.7867431640625,66.96369021675393,66.39038513141712,66.76551120043125,2779010
2014-09-11,67.05567932128906,67.09106992103895,66.48944775412409,66.62393083125146,1702618
2014-09-12,66.88582611083984,67.22556151880316,66.72303172064812,67.06984645201378,3365950
2014-09-15,66.99199676513672,67.11940055713701,66.36914246257604,66.75134782896409,3017726
2014-09-16,67.140625,67.2538701314897,66.45406887832851,66.86458548478474,2490325
2014-09-17,67.62191009521484,67.93334018550438,67.16892961422872,67.3529559394351,3487478
2014-09-18,68.22354125976562,68.30139578774708,67.71393214218172,67.94750173573844,2933813
2014-09-19,68.30139923095703,68.60575005410335,68.11737287232843,68.4571143043822,5997279
2014-09-22,67.02737426757812,68.18106345543413,66.92828178099892,67.8200901217652,2482868
2014-09-23,66.10017395019531,66.83627330460808,66.05063070823675,66.7796507396234,3716512
2014-09-24,66.41162109375,66.54609821766265,65.99402506271628,66.04356831737668,2614301
2014-09-25,65.39950561523438,66.27716192446067,65.3499623426603,66.19930735189917,2519816
2014-09-26,66.03651428222656,66.0718988975357,65.29333519727325,65.42073904315535,2662823
2014-09-29,66.19928741455078,66.41162510531436,65.37117462730264,65.42072389456966,3399782
2014-09-30,65.90908813476562,66.33375746131884,65.59058463744738,66.12850512736145,2852016
2014-10-01,64.87570190429688,65.71797305493264,64.62090036801673,65.64719184560442,4961730
2014-10-02,64.49349975585938,65.02433476392517,63.91311549960776,64.82615580001685,3032193
2014-10-03,64.91109466552734,65.19421350263448,64.51473670703433,65.04557776579657,2830314
2014-10-06,65.08097076416016,65.64012317786003,64.87571243532382,65.17298394737823,2662935
2014-10-07,63.55215072631836,64.66337614993935,63.5167601184501,64.52889304196246,2882843
2014-10-08,64.72708129882812,64.7766245465689,63.19118052273639,63.61585581929746,3846164
2014-10-09,63.53801727294922,64.81911091077262,63.34691753006713,64.67755443278314,2995134
2014-10-10,62.21445083618164,63.5521668746882,62.20737151088666,63.38229912529276,5175183
2014-10-13,60.62898635864258,62.639099411632806,60.558211158034275,62.299364025644145,4587352
2014-10-14,61.00412368774414,61.549123482740946,60.6643882386135,60.86964657486654,6256472
2014-10-15,60.239707946777344,60.67146255643677,58.668422609786454,60.28217787922074,8804445
2014-10-16,61.145660400390625,61.43585250531557,59.08600438762117,59.26295137936674,6689611
2014-10-17,63.743247985839844,64.25285709490235,62.9151414468301,63.15578435009771,8720532
2014-10-20,63.70077896118164,63.714931596892825,62.971758967343824,63.240719141974,5022939
2014-10-21,65.76753997802734,65.78877194462649,64.1254730225927,64.1254730225927,5052209
2014-10-22,64.52178955078125,66.37618682425857,64.50055159022595,66.22047182823471,5846927
2014-10-23,66.23466491699219,66.88583050127728,65.54103540873051,65.6825918380071,4540945
2014-10-24,67.02737426757812,67.13354006707526,65.97277155668968,66.20634112327271,2964418
2014-10-27,66.3196029663086,66.82213282921263,66.00109947790196,66.66641774235997,4586907
2014-10-28,67.36003875732422,67.51575382444173,66.63809800907472,66.81504503683158,3544459
2014-10-29,67.2751235961914,67.76350089386905,66.79383163351194,67.40960674003298,2898646
2014-10-30,67.65731048583984,67.96166129774224,66.6380982465576,66.81504527494506,2551200
2014-10-31,68.03244018554688,68.64113583268453,67.86257247140792,68.60575123278181,4446905
2014-11-03,67.70687103271484,68.12446708796087,67.54408260961294,68.12446708796087,3439847
2014-11-04,67.4449462890625,67.84838343183056,67.15475423832687,67.73513833979813,2995134
2014-11-05,68.4500503540039,68.5774541708395,67.73518273004812,68.17401075406475,3090398
2014-11-06,68.4500503540039,68.63407675396333,68.03953362154917,68.5774541708395,3358939
2014-11-07,68.49250030517578,68.64113605793833,68.03951973265204,68.4429570574592,2631996
2014-11-10,68.84640502929688,68.92426558445004,68.22355664575383,68.5632921276864,2034483
2014-11-11,68.6411361694336,69.07996410458516,68.47126845446128,68.79685124629795,1374425
2014-11-12,68.6623764038086,68.7826948653362,68.18107851924621,68.20231048191427,2015230
2014-11-13,68.69776916503906,69.2215310371505,68.47127884404249,68.68361652478363,2691425
2014-11-14,68.50666046142578,68.8747071847059,68.35802470539019,68.75438271507647,1500293
2014-11-17,68.32266235351562,68.40759624786313,68.07493999740593,68.07493999740593,1938106
2014-11-18,68.90473175048828,69.19648958396888,68.3781441465459,68.49200027258361,2479307
2014-11-19,68.7197036743164,68.81221327531682,68.3140897670367,68.7197036743164,1502185
2014-11-20,68.83354187011719,68.94028647827415,68.20733342054432,68.41369907920742,1933655
2014-11-21,69.90096282958984,70.02905396296029,69.45976742157839,69.55227701323098,3707386
2014-11-24,69.92945098876953,70.34930003346338,69.70885622964893,70.12158775513586,2175598
2014-11-25,70.36351013183594,70.59833986630053,69.84404012590973,69.9223146900529,3103864
2014-11-26,70.50584411621094,70.60547125180862,70.35641247586875,70.54854318633458,2429449
2014-11-28,70.49871826171875,70.69796645024229,70.4062086636812,70.62680336189496,1723985
2014-12-01,69.31036376953125,70.38489181255433,69.2534356916792,70.16429097934949,3385982
2014-12-02,69.6376953125,69.6376953125,69.18938221891099,69.3601664330296,1875895
2014-12-03,71.13916778564453,71.20321336205907,69.83692787200063,69.83692787200063,2989347
2014-12-04,70.63394927978516,71.05379837737128,70.27814577905622,71.05379837737128,2122068
2014-12-05,70.93991088867188,71.27436168135833,70.71931015716602,70.89009431198907,1638626
2014-12-08,70.27101135253906,71.00396469592985,70.14292623167795,70.71220686225178,1746243
2014-12-09,70.67662811279297,70.74066764926837,69.34592412629624,69.37438815651943,1908726
2014-12-10,69.38150024414062,70.62680600046282,69.31033715313468,70.58411297948744,2657704
2014-12-11,69.65902709960938,70.09310506255254,69.43131486226682,69.52382446919613,2463393
2014-12-12,68.22871398925781,69.37439893630899,68.20024995461172,69.09687006698206,2630549
2014-12-15,68.17890167236328,69.26054100292221,67.86579125733344,69.04705772759033,3697704
2014-12-16,68.58448028564453,69.77997513512187,68.17886650118199,68.25002352822744,4494314
2014-12-17,69.49535369873047,69.6163273235936,68.02232973273647,68.5987338301452,5467207
2014-12-18,71.60881805419922,71.60881805419922,70.21406871473762,70.4204344109931,4069968
2014-12-19,71.9859848022461,72.40583381022661,71.47362617877528,71.63018137745394,4914210
2014-12-22,72.02155303955078,72.56948707058326,71.75114176165143,71.85076283527458,2840108
2014-12-23,72.56950378417969,72.85414412013759,72.256399414626,72.30620996290953,1688484
2014-12-24,72.55525970458984,72.86125255913933,72.54814822860443,72.82567101106963,674971
2014-12-26,72.3204574584961,72.71896007281183,72.31334597980532,72.61933290872341,1141719
2014-12-29,72.348876953125,72.53389006844026,72.0001851436492,72.170975311528,1095200
2014-12-30,71.67288208007812,72.17811715444066,71.56613742498648,72.01445047548428,1653205
2014-12-31,71.10359191894531,72.12118557893463,71.0680103689796,71.85077425804552,1939887
2015-01-02,71.32418823242188,71.76537767306249,70.52007183846767,71.30283567855686,2369019
2015-01-05,69.96502685546875,71.08936520137092,69.73731459565145,71.08936520137092,3511962
2015-01-06,69.80134582519531,70.79759288529823,69.40284941796834,69.9507834884143,4709103
2015-01-07,70.30660247802734,71.05379095996551,70.08600771414457,70.4987392485415,2905101
2015-01-08,71.58750915527344,71.7298354121955,70.90437212383199,70.90437212383199,2850235
2015-01-09,70.39910125732422,71.71557024454438,70.32082668252816,71.6515246642404,2950952
2015-01-12,70.05755615234375,70.71222908323149,69.19651137547665,70.59126144274803,3071367
2015-01-13,70.55561828613281,71.32415275001637,69.73727330541521,70.54850077171864,3809216
2015-01-14,70.22833251953125,70.42046326067087,69.50960802563135,69.50960802563135,3449195
2015-01-15,69.1039810180664,70.72644292275797,69.09686349957221,70.63393330844171,3889345
2015-01-16,69.89386749267578,69.9650305986941,68.66990798863813,68.9332018136475,5375059
2015-01-20,70.43466186523438,70.98259580996879,69.69459123671339,70.64814505543033,4231226
2015-01-21,70.6268081665039,70.8118273751655,69.84404435160822,70.07887410028047,2788135
2015-01-22,70.72645568847656,71.12495220757258,69.82982945745478,70.98263202218114,4926229
2015-01-23,72.93954467773438,73.95002705059763,71.51633679089787,71.87214027311627,6546492
2015-01-26,72.50543212890625,72.93239852136466,72.05711922943519,72.88258194895616,3672442
2015-01-27,71.80095672607422,72.44140039498909,71.13916654607162,71.75114618619106,2800266
2015-01-28,71.03244018554688,72.93954268967173,70.9897471523851,72.24928830324853,4243579
2015-01-29,71.281494140625,71.38111523080403,69.78000589116363,70.84029862716292,5041859
2015-01-30,69.56652069091797,70.98261680555765,69.4099715415656,70.63393091558753,4561422
2015-02-02,70.99684143066406,71.06799847665228,68.98299491880613,70.1429145845605,3964910
2015-02-03,72.06424713134766,72.09271115881137,71.1320457003847,71.1605097278484,3076375
2015-02-04,71.69422149658203,72.22792659309478,71.4522742194372,71.79384862306392,2742729
2015-02-05,72.82568359375,72.93953973361636,71.75116174223378,71.87213540135096,2844003
2015-02-06,72.40583801269531,73.19571948644597,72.1852372180245,72.76163541610197,2676178
2015-02-09,72.29197692871094,72.56950579548909,71.96464355430531,72.19235582938282,2507908
2015-02-10,72.8968505859375,73.03917076835288,72.20659014867658,72.58374618462365,1894815
2015-02-11,72.88971710205078,73.16012841043322,72.49122067856612,72.71893292055735,2141877
2015-02-12,73.6511459350586,73.80058362769212,73.0462836873794,73.05340120656116,2161353
2015-02-13,74.27734375,74.32715428880523,73.47322740138615,73.47322740138615,2192625
2015-02-17,74.00695037841797,74.3058257676779,73.76500305929929,74.05676092928238,2557877
2015-02-18,74.44812774658203,74.6829574890273,74.04963135299289,74.17059894094886,2522933
2015-02-19,74.50505065917969,74.71141635926452,74.02116221465639,74.19905784655793,2183166
2015-02-20,74.97472381591797,74.9960703289224,73.70806535773414,74.42678970189773,3755686
2015-02-23,74.27734375,74.93201639812759,74.08520702826219,74.93201639812759,3423042
2015-02-24,74.5905990600586,74.76223503598727,74.0756850601019,74.25447405307028,2617751
2015-02-25,74.65496063232422,74.96247355699737,74.42610660278397,74.44756565291519,2385267
2015-02-26,74.11858367919922,74.63349151381814,73.96840070939298,74.51906755056949,2119731
2015-02-27,73.50353240966797,74.28304697127365,73.46777341256343,73.91116918902308,3333231
2015-03-02,74.79082489013672,74.82658389544679,73.32476032194815,73.50354927632914,3550580
2015-03-03,74.40463256835938,74.66208644754118,74.08996671602607,74.29020862205635,2765766
2015-03-04,73.69664001464844,74.63349075839129,73.24609110979009,74.63349075839129,2789248
2015-03-05,73.75386047363281,74.26162141790306,73.66804249220026,74.1758034364705,2496112
2015-03-06,72.85276794433594,73.49640583508535,72.65967293380903,73.16743387328295,2745845
2015-03-09,73.76102447509766,74.01847845773702,72.94575049398743,73.05302146871107,2763207
2015-03-10,72.3521499633789,73.23178869659962,72.3521499633789,73.04584672834882,3342357
2015-03-11,71.98028564453125,72.56671162650413,71.93022666719335,72.42368163970232,2747626
2015-03-12,73.27469635009766,73.35336737735652,72.22342165502769,72.22342165502769,2898757
2015-03-13,72.3521499633789,73.26754770159698,71.7299651362344,73.21033572246893,2882954
2015-03-16,73.50353240966797,73.55359136231355,72.50946386543502,72.58813487349862,2488989
2015-03-17,73.09591674804688,73.3104647383128,72.83130978651462,72.96719281162348,2058744
2015-03-18,74.26161193847656,74.56197787123415,72.36645142804026,72.93142428781394,3292833
2015-03-19,73.67517852783203,74.0828153637259,73.28184164946258,73.85396746598461,2490770
2015-03-20,75.37723541259766,75.91360216683512,74.08996006016223,74.16862499813652,11087660
2015-03-23,74.5905990600586,75.37011396877732,74.3188390620862,75.37011396877732,4475173
2015-03-24,74.41893005371094,74.96959675011449,74.17577615964913,74.44753603700245,2669946
2015-03-25,72.89566802978516,74.66925163085504,72.88851501393334,74.66925163085504,2747515
2015-03-26,73.06729888916016,73.38197084303108,72.14475421794698,72.5023321196017,3090843
2015-03-27,73.63227844238281,73.69664344209454,72.95288158174648,73.0243995974639,3549467
2015-03-30,75.0268325805664,75.16270952637763,74.07567574337824,74.16864673668903,2877501
2015-03-31,74.5977554321289,74.96248648119777,74.2258774372878,74.55484946880988,3061574
2015-04-01,73.83253479003906,74.44757284312703,73.3891387937262,74.41181382829176,2948837
2015-04-02,74.02562713623047,74.38320512724434,73.5250191632452,73.92550311276511,2266522
2015-04-06,74.72645568847656,75.13409253842413,73.47493915042999,73.53215112683775,2446143
2015-04-07,74.46900177001953,74.98390955751915,74.46900177001953,74.63348468409521,2035485
2015-04-08,74.26873779296875,74.90522235928493,74.01127790352201,74.36885568582719,2321053
2015-04-09,74.65496063232422,74.8265966003516,73.98271064929469,74.27592361271742,2177267
2015-04-10,74.87664031982422,75.01967026404367,74.35457950538093,74.92669928225874,2344758
2015-04-13,73.86114501953125,74.84090807799825,73.86114501953125,74.59775404979145,3118220
2015-04-14,73.83966064453125,74.05420858244759,73.2889938784537,73.63941873615475,2433790
2015-04-15,74.225830078125,74.54764888636966,74.01128218190605,74.19722409677365,2473743
2015-04-16,74.31884002685547,74.49762902214478,73.69665505190913,73.82538507161208,3739660
2015-04-17,72.73119354248047,73.90404539156226,72.13046158457497,73.66804441840945,7474535
2015-04-20,73.36050415039062,73.54644609719043,73.01007930061542,73.0529913160956,3387986
2015-04-21,72.46656799316406,73.63941954150768,72.24486703805319,73.43917763094124,3515190
2015-04-22,73.08160400390625,73.19602795945457,72.24487123874779,72.39505419844723,3705272
2015-04-23,73.66804504394531,73.97556404219158,72.74549412137692,72.9314361236733,3595207
2015-04-24,73.30330657958984,73.69664352212321,73.20318864408047,73.63943153835505,3004816
2015-04-27,73.33187866210938,73.85394536279732,73.23176077289548,73.57503251677223,2076662
2015-04-28,73.61080932617188,73.88972223970988,72.9028066289236,73.62510928287799,2343645
2015-04-29,72.75978088378906,73.54644856856557,72.61675094766322,73.12450570286774,3022511
2015-04-30,72.17333984375,72.91709535428794,72.00885089787079,72.63103554254258,3482025
2015-05-01,73.30330657958984,73.31761261161677,72.53094479871983,72.6310627342292,2336300
2015-05-04,73.36050415039062,73.90402396157376,73.18172129036755,73.28899222081512,2651806
2015-05-05,72.61677551269531,73.57507944500091,72.43083349674627,73.31762547288206,2463838
2015-05-06,72.22343444824219,73.12452633617752,71.73712645602559,73.05301438402071,4267618
2015-05-07,72.23772430419922,72.34499524449616,71.62268643480054,71.9802643320159,4993670
2015-05-08,73.03154754638672,73.2818484396917,72.89566454038543,73.1030594849727,4401722
2015-05-11,73.43920135498047,73.939809329199,73.34623034842734,73.6465963473926,3762586
2015-05-12,73.16744232177734,73.26756634681576,72.55241035355209,72.8599233015793,2761760
2015-05-13,74.69070434570312,75.25567722480201,73.68234164005307,73.73240060650181,5132671
2015-05-14,76.12101745605469,76.22113539080554,74.73361775193366,74.99107167693981,5504823
2015-05-15,76.41422271728516,76.46428167963504,75.86354984275985,76.28549273162072,6085531
2015-05-18,76.35700988769531,76.59301081066737,76.22827990346725,76.2711919222663,3381531
2015-05-19,76.03938293457031,76.62866778764503,75.91002534173997,76.4705647410494,2784574
2015-05-20,76.34121704101562,76.59273824850872,75.8884715453998,76.11843518694172,3758134
2015-05-21,76.43463134765625,76.7508313136221,76.2334070857234,76.37714044475337,2959966
2015-05-22,76.11843872070312,76.53525089123495,76.06094780764866,76.3699660416468,1622601
2015-05-26,75.34230041503906,75.93877312738721,75.07640345546712,75.82378521626131,2428559
2015-05-27,75.73036193847656,75.874089190424,75.29917408086172,75.56507102240761,2327842
2015-05-28,75.95315551757812,76.01064643187885,75.32793724822731,75.70881608091308,2678960
2015-05-29,74.88239288330078,75.85255681040306,74.73866557207546,75.78788409668294,2644016
2015-06-01,74.7817611694336,75.24887629615948,74.3936945113277,74.90392476574704,2394727
2015-06-02,75.14109802246094,75.55072846475127,74.13500079594813,74.71710400247927,2175042
2015-06-03,75.44291687011719,75.73755932273356,74.95424411285478,75.45729264915886,1688039
2015-06-04,74.53742218017578,75.35667062855349,74.32901612379179,74.95423429294377,2748405
2015-06-05,74.55180358886719,74.7817733471823,74.285906585548,74.5086884541527,1773843
2015-06-08,74.20683288574219,74.68113581705904,74.1996449984745,74.57334191513135,1639294
2015-06-09,74.42240905761719,74.73142101700384,74.18525764846841,74.25711819870628,1696274
2015-06-10,75.29198455810547,75.46446335847013,74.494293750787,74.95422704880541,2340529
2015-06-11,75.38541412353516,75.62256562630449,75.12670505736119,75.62256562630449,1816022
2015-06-12,74.77458190917969,75.31356377995206,74.51587280784747,75.05484857684618,1390785
2015-06-15,74.33621215820312,74.49430911363058,73.5385211863781,74.14936364530851,3193340
2015-06-16,74.81050109863281,74.97578591220984,74.08467085224171,74.14934964077968,2021240
2015-06-17,74.88239288330078,75.24171421225164,74.17812600740915,75.01175051429111,2970539
2015-06-18,75.83815002441406,76.1184166187321,74.96140470224704,74.96140470224704,2479196
2015-06-19,75.70159912109375,76.09684744783064,75.5291203565533,75.61535668793796,3096964
2015-06-22,75.7231674194336,76.32682182475142,75.13388268716591,76.10404612918427,2436015
2015-06-23,75.28482055664062,75.70881451539755,75.11234171553103,75.65851149186808,2013227
2015-06-24,74.81050109863281,75.6441191562997,74.81050109863281,75.27761619087204,2558434
2015-06-25,74.27871704101562,75.50758977866214,74.17810490089838,75.50758977866214,1613252
2015-06-26,74.4080581665039,74.55897330476684,74.14934911595566,74.5446036306226,2353216
2015-06-29,73.19354248046875,74.12777859680895,73.16479703543234,73.96967559822303,2380816
2015-06-30,73.27977752685547,74.10621363344664,72.9923230815467,73.78282585703145,2443361
2015-07-01,73.90503692626953,74.36497039820786,73.6463277805525,74.00564908938017,2416206
2015-07-02,73.6678695678711,74.24278475917963,73.43790593205703,74.12061505221007,1995532
2015-07-06,73.574462890625,73.99127513099154,72.8414505754812,72.94206274107049,2517925
2015-07-07,73.90503692626953,74.00564908938017,72.61867298651212,73.6032065387123,2631440
2015-07-08,72.56114196777344,73.58161449488342,72.40304505923719,73.30134791044162,2611074
2015-07-09,72.71208190917969,73.8187911555384,72.68333645220052,73.53133658574676,3027853
2015-07-10,73.59601593017578,73.78285835102629,72.9995431171448,73.29418557878975,2864925
2015-07-13,74.57337188720703,74.64523248344997,74.10625055364342,74.26435362821682,1790203
2015-07-14,74.7961196899414,75.03327116220646,74.30744707224751,74.53741065704465,1606130
2015-07-15,74.62364959716797,75.06920710909739,74.42243145347099,74.79612229176537,3044101
2015-07-16,74.42962646484375,75.37823255545987,74.0415658839311,75.37823255545987,5150922
2015-07-17,75.84534454345703,76.62147171219465,74.93266580582095,75.39978700681395,6056930
2015-07-20,76.44180297851562,76.74363322954248,75.83814857823386,75.96031825611482,5033178
2015-07-21,75.7447509765625,76.4633935217897,75.59383579799382,76.19030862239048,4144865
2015-07-22,75.27043914794922,75.8309785597542,75.10515431055768,75.71599674212995,3480801
2015-07-23,74.9686279296875,75.79506453078875,74.88957943537062,75.29920379048299,2636782
2015-07-24,73.85469818115234,75.11231605211917,73.51693460569217,74.86079491863451,3119778
2015-07-27,73.04263305664062,73.33727541665132,72.84141492571632,73.3013481838866,3662871
2015-07-28,74.88239288330078,75.11235658126131,73.51697427399758,73.80443499822329,4372341
2015-07-29,75.84534454345703,76.06093237277562,74.70270220026906,74.88236279254963,2863367
2015-07-30,75.73036193847656,76.01062855433094,75.18419227930376,75.47164678319864,2462168
2015-07-31,75.49321746826172,76.11842954693527,75.40697500730009,76.0034477346839,2202419
2015-08-03,75.24169921875,75.47166287088541,74.66678398663767,75.47166287088541,2613188
2015-08-04,75.18419647216797,75.74473583690934,74.80331770782331,75.2560631530358,3200685
2015-08-05,75.98189544677734,76.36996214096096,75.63694998606903,75.81661060563133,2176822
2015-08-06,76.02499389648438,76.39149681320711,75.74472121732305,76.0321756817667,2364456
2015-08-07,75.787841796875,76.13278715128989,75.45007822768169,75.93156902788121,2027472
2015-08-10,77.11014556884766,77.1891940277827,76.41306080666187,76.49930325502837,2465952
2015-08-11,75.7231674194336,76.50648239939616,75.10513723929364,76.25496125595673,3599547
2015-08-12,75.84534454345703,76.01781724762094,74.47273859471719,75.66568395117648,4068410
2015-08-13,75.83097076416016,76.10405560383074,75.18419505562696,75.44290411868569,2306252
2015-08-14,76.2333984375,76.32682266956195,75.77347126645294,75.93157428238639,1755035
2015-08-17,76.37712860107422,76.42743160787064,75.24886217934768,75.85970445341165,2539737
2015-08-18,76.70068359375,77.03287851123783,76.23850362622572,76.38293486607706,3813891
2015-08-19,75.8557357788086,76.54178855404756,75.68241834474651,76.1879305932564,2770552
2015-08-20,74.12255096435547,75.32855607089633,74.09366472464775,75.16968481833273,4449242
2015-08-21,71.40721893310547,73.69646699843314,71.38555578839421,73.56648199850845,8186566
2015-08-24,68.80744934082031,71.12558377727422,62.82796117982887,66.67707238883621,8557827
2015-08-25,67.83253479003906,71.16170016783536,67.74587606591977,71.02448592256957,6772410
2015-08-26,70.64895629882812,70.68506562912181,68.67745676568721,69.52238688893543,5858612
2015-08-27,72.13665008544922,72.57716701103821,71.038966254011,71.59502820062916,5603648
2015-08-28,72.23049926757812,72.39659362724363,71.57333265906105,71.86941817440098,3846498
2015-08-31,71.68885803222656,72.49045563257243,71.56609000357135,71.934394089537,4720677
2015-09-01,69.29853820800781,70.36733551628181,68.90857079395386,70.03514059826107,4758627
2015-09-02,70.77894592285156,70.77894592285156,69.69570886494684,70.0712299821998,4250257
2015-09-03,71.18338775634766,71.97053963694302,71.03895649989256,71.14727840931883,3477017
2015-09-04,69.75347137451172,70.5550690128171,69.37072721910359,70.27342361639023,4066184
2015-09-08,72.07884216308594,72.08605912460882,71.05337140776729,71.35668000478593,4134404
2015-09-09,71.39276885986328,72.95263156161799,71.23389151374734,72.53377812048564,3665319
2015-09-10,71.89108276367188,72.32437640517176,70.95949376987411,71.29168862751989,3921841
2015-09-11,71.94164276123047,71.95608895057266,71.08227231349024,71.8333208678013,2845672
2015-09-14,71.65277862548828,72.223286589717,71.44335180650961,72.223286589717,2787913
2015-09-15,72.44715881347656,72.75046748840701,71.69611635284642,71.95609258921839,3336347
2015-09-16,72.90933990478516,73.03210798531823,72.49048626472852,72.71435314217645,3609786
2015-09-17,72.5987777709961,73.86977821662647,72.43990041592106,72.88764011508104,3006374
2015-09-18,70.80061340332031,71.75386542379518,70.59118663725667,71.7033099067056,5453964
2015-09-21,70.58399200439453,71.19782636473019,70.19402455408549,70.90174076211815,2986342
2015-09-22,69.35631561279297,69.61629799500243,68.76414442071133,69.5296331131593,5098728
2015-09-23,68.30914306640625,69.65236213827455,67.97695444287083,69.48626782650685,6361195
2015-09-24,67.6086654663086,67.84697848178827,66.25100604003676,67.63032861362731,6204834
2015-09-25,67.53644561767578,68.45359446189728,67.18981074001138,68.43192518329992,4338620
2015-09-28,66.14268493652344,67.4425720177067,66.12824488069131,67.0381646111879,4855449
2015-09-29,66.8143081665039,67.23316182576126,66.22935398352203,66.41711766019863,3841713
2015-09-30,68.38137817382812,68.48970004394961,67.50756172476541,67.63032978112068,4894734
2015-10-01,68.39582061767578,69.38518206453826,67.59422280846383,68.41748989778344,3689024
2015-10-02,69.71736907958984,69.76791846417952,67.1681447292274,67.42812087639109,4248476
2015-10-05,71.0461654663086,71.44335597559358,69.97736815719506,70.10735933920166,4124945
2015-10-06,70.92337799072266,71.55165212659234,70.88004556842614,71.04613990197194,2899981
2015-10-07,71.84774017333984,72.46880350248291,71.32056478448426,71.51555149432896,3317985
2015-10-08,72.98873901367188,73.22705196090598,71.51553504803705,71.54442128007585,3432724
2015-10-09,73.05374145507812,73.73979412941237,72.94541960763571,73.02485522031637,3685351
2015-10-12,73.29928588867188,73.42927089411839,72.82265989483402,73.14763160593643,1961032
2015-10-13,72.0860595703125,73.00320846022005,72.01384703303084,72.70712295455165,4073418
2015-10-14,70.95948791503906,72.2160485691981,70.94504786067638,72.11494979368561,3952001
2015-10-15,71.13282012939453,71.37113319496112,70.34566838256926,71.37113319496112,6697624
2015-10-16,70.07122802734375,72.82987917934678,68.84355367308761,72.21604506804752,14072778
2015-10-19,70.1795425415039,70.43230170487814,69.68847653021982,69.89790327382875,6619498
2015-10-20,70.97391510009766,71.3783223571965,70.19398068689362,70.19398068689362,5174182
2015-10-21,71.32781219482422,72.15107334375573,70.93784477384096,71.40003088197874,4043147
2015-10-22,74.07920837402344,74.31030439163266,71.68886163580477,71.68886163580477,4914766
2015-10-23,74.4764175415039,74.9602667112738,73.72536909064081,74.60640870104163,4572662
2015-10-26,74.22364807128906,74.68582785805646,74.0575476116767,74.68582785805646,2116503
2015-10-27,73.9853515625,74.37531891026002,73.68204294405794,74.07922725385059,2729375
2015-10-28,74.8013916015625,74.8519471271871,73.81203008232585,74.02867997764349,2799932
2015-10-29,74.3392105102539,74.98915405415808,73.89869376442184,74.55585427044959,3482359
2015-10-30,74.58472442626953,75.10468282823489,74.33919447556376,74.59194751849367,3253325
2015-11-02,75.23467254638672,75.35744058525881,74.38251936637035,74.57750606281088,2727149
2015-11-03,74.8519287109375,75.25633602648371,74.66416510574818,75.08301860553534,2744844
2015-11-04,74.64974212646484,75.26358251437476,74.53419714324863,74.88083822455631,2159684
2015-11-05,74.81582641601562,75.04691633234003,74.28142791868656,74.65694903271373,2475189
2015-11-06,75.10467529296875,75.10467529296875,74.10087405087032,74.28863150825967,2732268
2015-11-09,74.17310333251953,74.83026991103021,73.67481414461673,74.63528931807973,3644174
2015-11-10,73.94921875,74.28141350609047,73.16206121067759,73.85533695679437,3068696
2015-11-11,74.57032012939453,75.19860068934898,73.98537201190528,74.29589767820865,2563664
2015-11-12,73.63868713378906,74.12253615093938,73.393151079515,73.99254503240451,3870871
2015-11-13,72.99598693847656,74.0286746839352,72.7865601520324,73.4798360884783,2722363
2015-11-16,74.3536376953125,74.3753069729079,72.90931964017015,72.99597835557924,2557098
2015-11-17,74.2991714477539,74.94563389378217,74.04494921663866,74.94563389378217,2697434
2015-11-18,75.5848159790039,75.6501831676404,74.39358392062992,74.5388546186517,2822079
2015-11-19,76.2966537475586,76.39834016353984,75.59208307671041,75.73009488025409,3793525
2015-11-20,76.7251968383789,77.09564176475286,76.52181784964928,76.55087199089637,2851237
2015-11-23,75.96979522705078,76.94311212013143,75.42502540973094,76.67435975032947,3488480
2015-11-24,74.93836212158203,75.39596949747164,74.15389409642798,75.03278962777814,6398255
2015-11-25,75.2724609375,75.47583986497415,74.74948038527022,75.1635094824629,4145644
2015-11-27,75.5848159790039,75.83177308199205,75.12720865476203,75.29426841566263,1273931
2015-11-30,75.50494384765625,75.93349721039024,75.41051631287586,75.75917230031888,3221274
2015-12-01,75.65018463134766,76.46370672330762,75.37417338341479,75.46859471348255,3633156
2015-12-02,74.88751220703125,75.75187750588476,74.75676549211472,75.47586008955983,2763207
2015-12-03,74.37906646728516,75.30880518358236,73.9868324645271,75.1126850985542,3007932
2015-12-04,75.94074249267578,76.05695906909281,74.38633653215001,74.65508890693906,3953002
2015-12-07,75.67200469970703,76.15866016540605,75.25797535731552,75.94075712628405,2557877
2015-12-08,74.56791687011719,75.2216381119116,74.37179679720013,74.83666921029035,3018059
2015-12-09,74.00861358642578,75.21436960744974,73.65996391796963,74.16114935819975,2742841
2015-12-10,73.91421508789062,74.33550335285412,73.58008927423337,74.20476275954478,3129794
2015-12-11,71.35015106201172,73.3548991761163,71.11771792815568,72.83192462494024,6180684
2015-12-14,71.89491271972656,71.95302099662344,70.93611998363065,71.43004033725408,6411610
2015-12-15,71.52447509765625,72.59948449679294,71.45910173767938,72.22178065857938,5660294
2015-12-16,75.59935760498047,75.83179077604963,73.58007901306924,73.89241571216779,8192241
2015-12-17,74.3136978149414,75.92621205774546,74.27737859311999,75.68651382794219,4170128
2015-12-18,73.96504211425781,74.80761838944281,73.68902468492168,74.15389095134199,6108680
2015-12-21,74.52433776855469,75.35964898763815,74.03767625810832,74.61150019571396,3408352
2015-12-22,75.657470703125,75.88264497737455,74.45897937955363,74.76405101960808,2840330
2015-12-23,76.23853302001953,76.50002026210912,75.70828729221611,76.04241296297928,4062400
2015-12-24,76.01336669921875,76.26032998153507,75.8898850580606,76.17316755847602,883527
2015-12-28,75.78093719482422,75.99158126911419,75.4177573310623,75.7082987551525,1597115
2015-12-29,76.51456451416016,76.79057579246684,75.71556632070832,76.41287192873766,2241036
2015-12-30,75.87535858154297,76.58718809681733,75.67923851062177,76.55813395675098,2476302
2015-12-31,75.22893524169922,75.96256036768192,75.16356801814817,75.59211526438756,2314153
2016-01-04,74.50255584716797,74.55339905939466,73.35490786191599,73.81251527385301,3718182
2016-01-05,75.11267852783203,75.24342523974666,74.28463246516671,74.55338479842631,2841999
2016-01-06,74.26285552978516,74.45170438447126,73.71082061965966,74.19021708523752,2583697
2016-01-07,72.07650756835938,73.44205833635446,71.69879757533671,73.02803529325477,3806657
2016-01-08,71.49542236328125,72.88276843525563,71.31383243412652,72.57769686089183,4481850
2016-01-11,71.4881591796875,72.2145189155477,70.77632959884774,71.77870677441062,3484029
2016-01-12,72.0329360961914,72.33800770876813,71.05961913453602,72.08378547648687,3501946
2016-01-13,70.52936553955078,72.563174011436,70.25335427012985,72.45421635185565,3320099
2016-01-14,71.72059631347656,72.25810102155775,70.10807602193479,70.70369518103658,6069728
2016-01-15,70.64559936523438,70.88529761971704,69.65775220031493,69.95555874877525,5358032
2016-01-19,70.69646453857422,71.58261938061794,69.8829420029121,71.48819183175075,4157664
2016-01-20,69.90470886230469,70.37684645659482,68.0670263693804,69.35994515201482,5526079
2016-01-21,70.15164947509766,70.9215871990598,69.6504640636353,70.32597429931958,3385649
2016-01-22,71.05235290527344,71.56806860700824,70.28967388618689,71.28478606640499,3550468
2016-01-25,70.07904052734375,70.97972533200138,69.9991431577902,70.87803889207865,2706338
2016-01-26,71.5535659790039,71.64799352886666,70.01368952678443,70.27517693365733,3625589
2016-01-27,70.42768859863281,71.74966150790574,69.96281608994492,71.0160366037777,5631470
2016-01-28,71.16131591796875,71.58260417431191,70.52938353345401,71.12500285614254,5007359
2016-01-29,74.96014404296875,75.12720997410099,72.54863807886247,73.35489509251559,7389510
2016-02-01,74.72772216796875,74.96015532386474,73.12973805388505,74.23380171168976,6003288
2016-02-02,73.11519622802734,73.94324229739121,72.7011731933454,73.94324229739121,4247140
2016-02-03,74.20476531982422,74.2919277741378,72.2145405280799,73.68904950632694,4183038
2016-02-04,74.488037109375,75.33787869506092,73.81252658874504,73.86336980876563,5608879
2016-02-05,74.18296813964844,74.64057563829591,73.52198158625767,74.56794334525192,4083990
2016-02-08,73.74714660644531,73.82704396893736,72.54865533256812,73.3621776165483,3839376
2016-02-09,74.61149597167969,75.21437401754058,72.81012691110688,72.81012691110688,4126058
2016-02-10,74.52433776855469,75.95526199020902,74.42991026397422,74.91657177442059,4496985
2016-02-11,73.7543716430664,74.31366521146346,72.58493515111188,72.93358472611845,5621566
2016-02-12,75.1635513305664,75.38145436196044,74.01590320705265,74.58246218981648,4945482
2016-02-16,76.23130798339844,76.99398104857023,75.6574838308336,75.88265814415426,5878088
2016-02-17,77.08838653564453,77.42977736438401,76.46371933538194,76.5508817702582,6719993
2016-02-18,77.33534240722656,77.76389562959022,76.79783769357985,76.94310840439,4557749
2016-02-19,77.91641998291016,78.09800988659765,76.55812824340337,77.095632878167,4924560
2016-02-22,76.39107513427734,81.25040633125275,76.01336514146392,78.44666636206584,16824855
2016-02-23,75.70806884765625,77.28592540248451,75.36473564695451,76.19749310082531,8722202
2016-02-24,75.459716796875,75.7738306148054,73.96221185648486,74.7511434063844,7525395
2016-02-25,76.10985565185547,76.16099435689159,75.26979155391713,75.69347681055959,5387190
2016-02-26,75.26248168945312,76.35821436249778,75.0287198450693,76.03680035475509,8801217
2016-02-29,74.0352554321289,75.59850566055414,73.98412293378286,74.94106478722999,6200605
2016-03-01,77.33708953857422,77.33708953857422,75.45972524062486,75.68617450955924,9150666
2016-03-02,77.78997802734375,78.64464862149227,76.97913351372132,77.28593468457088,4677386
2016-03-03,78.8783950805664,79.0464115760732,77.57812640626895,77.87032091707869,5906912
2016-03-04,79.00260925292969,79.5796982823795,78.64466929087399,78.78346638792618,3283262
2016-03-07,78.50584411621094,79.06832006777735,77.87762285289527,78.7615127478728,4321259
2016-03-08,78.5862045288086,78.72499537783823,77.49777216822346,77.79727310748889,3460769
2016-03-09,79.57237243652344,79.58698526523055,78.71770182644109,78.7323084527591,3964465
2016-03-10,79.156005859375,79.864585505999,78.35977403654685,79.66004308688915,3493377
2016-03-11,79.64542388916016,80.27364527113816,79.36052955189676,80.06910908669704,3114102
2016-03-14,79.26556396484375,79.98144364826888,79.25825755116263,79.41166122652352,3099078
2016-03-15,79.38973999023438,79.46279172043256,78.58620196999614,78.73229922800414,2249383
2016-03-16,79.7915267944336,80.1056406087833,78.96606938170237,79.32401548271999,2952510
2016-03-17,81.09910583496094,81.34016789818912,79.31670660951788,80.1129383381989,4686845
2016-03-18,81.8880386352539,81.91725809400162,81.06989379031782,81.51549208681799,6013193
2016-03-21,82.31169891357422,82.38475063947337,81.49354811448859,81.62503874015185,3219605
2016-03-22,82.5308609008789,82.8888007689647,81.69079693253241,81.80036833626839,3471342
2016-03-23,81.9683837890625,82.34823669249481,81.76384761029126,82.15830713958421,2449927
2016-03-24,81.3182373046875,81.8003613638534,81.08448168870123,81.38398262228075,2634778
2016-03-28,81.5228042602539,81.72003407013435,81.14294506731332,81.46435913624046,2374361
2016-03-29,81.74193572998047,81.95377834195602,80.63159017140188,81.2305921358039,2748405
2016-03-30,81.93916320800781,82.5600781499066,81.75654007173367,82.5600781499066,2470626
2016-03-31,81.85150909423828,82.1948361425293,81.18676183608824,81.89533517588052,2781013
2016-04-01,82.7134780883789,82.87418817769435,80.9602985404618,81.44972901971313,2629993
2016-04-04,82.21676635742188,82.85229429310135,81.96840403732804,82.85229429310135,2587480
2016-04-05,81.65425872802734,82.15829579241078,81.32553836409136,81.78574935455696,3696703
2016-04-06,82.58929443359375,82.69156561884178,81.28171927854387,81.67617878727113,2793366
2016-04-07,81.57391357421875,82.2605738092647,81.35476457924202,82.23135435676038,3061685
2016-04-08,81.90262603759766,82.5381537198413,81.58851230178986,81.87340658792168,2306252
2016-04-11,81.7711410522461,82.45050105705006,81.74192160055497,82.114474261408,2397843
2016-04-12,82.5673828125,82.80113843720802,81.81497724367955,81.88072256372585,2381929
2016-04-13,83.81651306152344,83.96991672981304,82.86687780318502,83.224817628398,3848168
2016-04-14,83.65579986572266,83.99912682601146,83.41473787131241,83.99912682601146,1965929
2016-04-15,83.7361831665039,83.93341916439607,83.31249791442802,83.58277945782885,2329734
2016-04-18,84.34246826171875,84.38629433642625,83.36360736300146,83.71424697260218,2878169
2016-04-19,84.59085845947266,85.14602816374573,84.24752517477464,84.65659758844953,2455825
2016-04-20,84.13795471191406,84.72965029614652,83.93341850275628,84.69312442248517,2852238
2016-04-21,83.94798278808594,84.87570477776542,83.79457915799573,84.23287081369153,3189111
2016-04-22,83.40015411376953,84.43745417347263,82.06335926219069,83.27596986701707,5453518
2016-04-25,82.72807312011719,84.0064285387943,82.26055578012571,83.27593618390041,4075866
2016-04-26,83.86034393310547,83.96991532188017,82.99836704218707,82.99836704218707,3300178
2016-04-27,84.32787322998047,84.7004259555505,83.58277398122985,83.90418800566573,3633935
2016-04-28,83.72888946533203,85.116823267041,83.4366948341483,84.0941358555071,3326220
2016-04-29,83.47318267822266,84.01374560079486,83.04949755486736,83.57544765134345,3026072
2016-05-02,83.76538848876953,83.91148575752108,83.15177375762416,83.61198480598318,3398892
2016-05-03,83.64849853515625,83.96261226918125,83.0421903060298,83.12984865456023,2925578
2016-05-04,82.49430084228516,83.26131895771218,82.28976474563342,83.02025700749032,3604332
2016-05-05,82.9983901977539,83.31249782765482,82.58200515898966,82.75002169802538,3338017
2016-05-06,83.11526489257812,83.27596880789297,82.47973703913404,82.96916760484206,3730423
2016-05-09,82.6623306274414,83.27593901641808,82.53084001432413,83.03487702729467,2974545
2016-05-10,83.96260833740234,84.37168061138844,82.72807890042404,83.2321159314681,3194676
2016-05-11,83.35631561279297,84.23289921979743,83.24673801012582,84.0064500052518,1912621
2016-05-12,83.4147720336914,83.8530639292174,82.91803501637186,83.67044075548404,2632219
2016-05-13,82.69154357910156,83.64117863626042,82.44317519711716,83.36359080947707,2796705
2016-05-16,83.88958740234375,84.10143002971293,82.53817967684728,82.99839080576443,2668277
2016-05-17,83.43797302246094,84.06946617859488,83.00474304289516,83.78309434758454,2778008
2016-05-18,82.74774932861328,83.56281685442346,82.32185751498,83.09287070679613,2747070
2016-05-19,82.47604370117188,82.65227347137812,81.30117233177272,82.24841513999483,3367731
2016-05-20,83.13693237304688,83.77577014983906,82.76978379548636,82.76978379548636,4435554
2016-05-23,82.82849884033203,83.261735011753,82.67430247561319,83.04144469335533,1891699
2016-05-24,83.9813461303711,84.2310080849238,82.98270454685095,83.0487922683138,2323279
2016-05-25,84.23837280273438,84.62754852473512,84.0254268905424,84.14291343041492,1769837
2016-05-26,83.84920501708984,84.64958370440048,83.56282687302567,84.2383807759262,2251052
2016-05-27,83.95198822021484,84.15025141699961,83.6362447272975,84.05479205203196,1961588
2016-05-31,83.58483123779297,84.14289843744058,83.25439884460647,83.91526986567057,3316983
2016-06-01,83.6656265258789,83.81248470725342,82.57886974901508,83.62891042186216,2480197
2016-06-02,84.09883117675781,84.09883117675781,83.37187872271335,83.74637164801769,2383153
2016-06-03,84.28975677490234,84.42927045778117,83.51140546784781,84.260385145102,2392056
2016-06-06,84.84048461914062,85.0093699419908,84.26773468619497,84.42927554247997,2083228
2016-06-07,84.70095825195312,85.0901401340138,84.68627555463083,84.84047816731555,2228572
2016-06-08,85.22966766357422,85.46464073643969,84.66426214831866,84.81846478605962,2725813
2016-06-09,86.0667495727539,86.1328372983568,84.7670471630975,84.86250651844712,2957629
2016-06-10,85.67759704589844,86.28706320366742,85.33982009529333,86.28706320366742,3611678
2016-06-13,84.5394058227539,85.64818935424502,84.48800703713297,85.62616219393463,2670502
2016-06-14,84.8184585571289,84.87720182103126,84.12087762226972,84.48802613900524,2285775
2016-06-15,84.8258056640625,85.56010277435995,84.76706239401409,85.1562381167579,3210590
2016-06-16,85.02404022216797,85.18558104301343,83.70964908709198,84.42191878974917,2386603
2016-06-17,85.1195297241211,85.29575953732042,84.56880688185396,85.1195297241211,3626924
2016-06-20,85.95661926269531,87.03603147936784,85.6408695237641,86.132849065251,3224390
2016-06-21,86.13285064697266,86.36782372136189,85.88318863808807,86.26502611866263,2581248
2016-06-22,85.5967788696289,86.50730536449952,85.50131954174402,86.24296077283397,2443361
2016-06-23,86.14752197265625,86.42655555880418,85.64819805695038,86.28703564838482,2234136
2016-06-24,82.960693359375,84.69363220894655,82.71103135674775,83.34252459568755,4076979
2016-06-27,81.84456634521484,82.29248532280825,80.91935052130847,82.29248532280825,4332277
2016-06-28,83.75372314453125,83.78309477439197,82.52010845569019,83.21034487476251,4055389
2016-06-29,84.04742431640625,84.41457274093189,83.10752609533382,83.97399837231512,4470165
2016-06-30,85.4132308959961,85.42791359380648,84.15758902414046,84.44396086100949,3758914
2016-07-01,85.54542541503906,86.36783124706207,85.36918935919867,85.65556749458328,2485094
2016-07-05,84.61286163330078,85.51604403985073,84.20165252942402,85.08280776951204,2689533
2016-07-06,85.78038787841797,85.80975951163566,84.01073294899547,84.79642881358758,3447971
2016-07-07,85.25904846191406,86.03006173349277,84.84784554020054,85.75102806212654,2382151
2016-07-08,87.26366424560547,87.37380631091528,85.86115785618082,85.96396168924399,2809948
2016-07-11,87.06539154052734,87.41051286734485,86.73495914598303,87.35176960763435,3302404
2016-07-12,87.39585876464844,87.90252110409813,87.21962269316349,87.38851429610882,2557766
2016-07-13,87.41787719726562,87.96859382351694,87.20493127375504,87.82908010867588,2115947
2016-07-14,87.44720458984375,88.13009635231383,87.30768471090029,87.87309622138487,2688754
2016-07-15,87.55000305175781,87.91715144375006,87.33705723378988,87.87309712813708,2508465
2016-07-18,87.30039978027344,87.56474453668008,87.14619711369627,87.55005559953311,1388893
2016-07-19,87.63814544677734,87.69688870499445,86.89650401842268,87.08007825902388,2429338
2016-07-20,88.02734375,88.11545866000706,87.5206752240937,87.70424951194822,2419878
2016-07-21,87.13147735595703,88.11543628657054,86.86713269305574,87.97591637179885,4571215
2016-07-22,84.89188385009766,85.17826193538158,82.75508673179255,83.45266766114975,10202352
2016-07-25,84.80375671386719,85.50868200807409,84.4953515079835,84.4953515079835,6010745
2016-07-26,85.14154815673828,85.14889262354113,84.15025088317803,84.6569131028166,3394107
2016-07-27,84.41458129882812,85.47931059095605,84.15023665085897,85.23699310497832,3835592
2016-07-28,85.00204467773438,85.11953122193462,83.88591627313961,84.44397735809078,3313644
2016-07-29,85.42060089111328,85.54543191591911,84.48070220553981,84.88456068435421,3271799
2016-08-01,85.09014129638672,85.42791192101491,84.6715877792728,85.14154008975343,2526828
2016-08-02,84.77437591552734,84.98732175039248,84.47331520775491,84.81109200457787,2328955
2016-08-03,85.18560028076172,85.26637694411663,84.5394243820716,84.78174190275328,2214216
2016-08-04,85.14154815673828,85.61149427705423,85.10483205741568,85.20763588858063,1435968
2016-08-05,85.449951171875,85.83912685121595,85.10482982281108,85.39854614029642,3269351
2016-08-08,85.2076416015625,85.74367548966069,84.96532405835481,85.6188444844092,2236251
2016-08-09,85.36917114257812,85.60415042199305,85.11951539990487,85.3471439783081,1851523
2016-08-10,85.20028686523438,85.54540820490296,84.86250999197587,85.41323274828704,1967709
2016-08-11,85.449951171875,85.64086366089471,85.23700528302524,85.50869443537206,1743127
2016-08-12,85.25169372558594,85.41324082843325,85.05343675659819,85.28840982641832,1518211
2016-08-15,85.7950668334961,85.92724229455335,85.20028972812159,85.54541107938688,2056741
2016-08-16,85.3471450805664,86.24298917718211,85.29574628504211,85.49400323541538,2156568
2016-08-17,85.45417022705078,85.52059801296677,84.9375187219307,85.32131465521877,1883129
2016-08-18,85.51321411132812,85.60178240192272,85.20322196086097,85.32869527256301,1977280
2016-08-19,85.69774627685547,85.80107909867107,85.2253819868941,85.2253819868941,1773398
2016-08-22,86.04463958740234,86.31034448841622,85.42465521826382,85.55012854376913,2469736
2016-08-23,86.36200714111328,86.61295379031516,86.24391607484718,86.29557934964541,2016009
2016-08-24,86.17745971679688,86.41364803780885,86.01508768789134,86.20698247357703,1923861
2016-08-25,86.18487548828125,86.52439045666911,85.88964780567144,86.08892492473979,2029475
2016-08-26,86.17011260986328,86.90818177675061,85.8896431930597,86.45057575989406,1896150
2016-08-29,86.48007202148438,86.63506806571952,85.9929433872513,86.17008619978496,2674398
2016-08-30,86.36939239501953,86.65724407910639,86.24391906606678,86.50224798256316,2166695
2016-08-31,86.14056396484375,86.4505497884241,85.91914014791128,86.32507650105474,2284439
2016-09-01,85.71248626708984,86.19223267849242,84.98179326506882,85.91176332819951,3191894
2016-09-02,85.90441131591797,86.3103541044402,85.47632801653774,85.80846074650191,2753636
2016-09-06,85.40251922607422,86.05202012956573,84.88586764672849,85.94869357376048,2441914
2016-09-07,84.31753540039062,85.41725986096853,83.94111548159944,85.26226379245286,3801871
2016-09-08,84.00753021240234,84.53155759427133,83.79348865263512,84.14037948851141,3009379
2016-09-09,82.671630859375,83.66064653324214,82.48711202766688,83.29899112711948,5050094
2016-09-12,83.76399230957031,84.14778828024949,81.92618596511764,82.12546934228071,4239016
2016-09-13,82.36903381347656,83.38019015001923,82.1402276691244,83.2768635988955,4314471
2016-09-14,84.16253662109375,84.34705544591823,82.48710895040878,82.48710895040878,4872810
2016-09-15,85.08513641357422,85.24013249883937,83.88946127977519,83.97802957610206,3635160
2016-09-16,84.33228302001953,84.7751243979889,83.76396835159939,84.7087028913718,4359320
2016-09-19,84.53898620605469,85.38038839427557,84.47994065834706,84.78255065704224,3289494
2016-09-20,84.78253936767578,85.46156934267043,84.67921280633323,85.1368126067477,3181989
2016-09-21,85.56488037109375,85.57964488676157,84.50205458004336,84.84895176374116,2713905
2016-09-22,86.22913360595703,86.5538839469769,85.76414546305487,85.91175925442754,3223277
2016-09-23,85.6017837524414,85.91177590779922,85.07774999141006,85.10727275540737,2613411
2016-09-26,85.5722427368164,86.24389017457919,85.16630638512831,85.4246289483143,2900760
2016-09-27,85.77156066894531,85.94869728664054,85.04086742087242,85.37300014574433,4105692
2016-09-28,86.47272491455078,86.54652869988405,85.5132255710344,85.96344934191819,3707275
2016-09-29,85.75678253173828,86.88603612367568,85.71987750888596,86.88603612367568,2088904
2016-09-30,86.05200958251953,86.35461948761352,85.65345539215822,86.08891460511518,4270956
2016-10-03,86.10982513427734,86.2879079887843,85.64978141575129,85.9317422797704,2746790
2016-10-04,85.24166870117188,86.05787805210217,85.01906672062464,86.0504581949763,2792067
2016-10-05,85.52363586425781,85.9391541303631,85.40491188339115,85.40491188339115,2350043
2016-10-06,85.78333282470703,85.99109508071663,85.3307090288952,85.5681507119389,3621318
2016-10-07,79.35015869140625,79.81020244338252,78.09616502762807,79.40951755830066,22633982
2016-10-10,79.24626159667969,80.10699009459312,78.80847749056066,79.59500741685095,9324342
2016-10-11,78.48941040039062,78.9717136066823,78.10356532864901,78.9717136066823,9240321
2016-10-12,79.7137222290039,79.95116391632375,78.45231522348317,78.52651379240469,8020300
2016-10-13,80.32959747314453,80.6412377616704,79.06076421251531,79.26852649378976,5666051
2016-10-14,80.87867736816406,81.67262718428985,80.5447775153478,81.61326832454856,5874941
2016-10-17,80.16637420654297,81.17550643237882,80.10701533054475,80.7748214858444,4009098
2016-10-18,80.04021453857422,81.00482107482408,79.92149055252102,80.99740121736897,3607480
2016-10-19,80.3370361328125,80.62641691608233,79.69890942432087,80.14411352170822,3460692
2016-10-20,80.24053955078125,80.56702576702575,79.92889931415752,80.19602041223081,4517321
2016-10-21,80.84898376464844,81.32386709286992,79.77307328659802,80.10697934764868,3734342
2016-10-24,81.07160949707031,81.70973611491465,80.73770960484758,81.19775335567941,3825448
2016-10-25,80.93061065673828,81.25709689580847,80.58929097055152,81.24967703886465,3911019
2016-10-26,81.19775390625,81.43519564161926,80.53736770889782,80.77480944426708,2361998
2016-10-27,80.7525405883789,81.53906428802985,80.44831389565854,81.44260613999803,3223684
2016-10-28,81.49456787109375,82.27367193049088,80.8267617058505,81.1755076410793,3186711
2016-10-31,81.3832778930664,81.74686361087886,81.27197997951632,81.59104026513432,2814428
2016-11-01,80.989990234375,81.7616742945777,80.75254850302247,81.52423256322517,3245160
2016-11-02,80.47799682617188,81.16806240780507,80.14409695553665,81.16806240780507,5135910
2016-11-03,80.39637756347656,80.745123413027,80.14409613193385,80.69317814174356,4142159
2016-11-04,80.32220458984375,81.02711010466236,80.14412167940749,80.4928613733536,3476301
2016-11-07,82.54821014404297,82.61498887315301,81.21259796120628,81.49455886199911,5172441
2016-11-08,82.08073425292969,82.74111412019758,81.99910955165272,82.3626951116287,3633052
2016-11-09,83.371826171875,83.95059390853768,81.42035334206868,82.39979968605098,5056206
2016-11-10,83.98768615722656,84.95971256154922,83.71314516161723,83.92832729693731,7254812
2016-11-11,84.03219604492188,84.2251185863799,83.65377081872452,83.92831805085956,3648328
2016-11-14,83.87638854980469,84.85584115459923,83.72799138754192,84.30675285391082,2963540
2016-11-15,83.93575286865234,84.17319459274545,83.17148242331203,83.89122745363264,3092948
2016-11-16,83.79768371582031,84.21566557009781,83.49912795012133,83.94696475058558,2737049
2016-11-17,84.41717529296875,84.6336299118651,83.9245498713276,84.03651220019202,2429857
2016-11-18,83.66329956054688,84.34251824941644,83.51402488419922,84.32759078178168,3187154
2016-11-21,83.75288391113281,83.95441105989191,83.43193069858563,83.77527511612492,2793284
2016-11-22,83.9842529296875,84.16338884557616,83.670763500925,83.9917166635233,2382921
2016-11-23,84.96204376220703,85.05907232089845,84.1708626067858,84.1708626067858,2907858
2016-11-25,85.21583557128906,85.35765287631196,84.7306800648139,85.02923584483742,920246
2016-11-28,84.97697448730469,85.23074780050891,84.59631136558298,85.20835659379948,2897453
2016-11-29,84.5963134765625,85.45466830383243,84.55899479778222,84.68588460946604,3691390
2016-11-30,85.04412841796875,85.64124603680064,84.55150937675134,84.88739000729092,6527737
2016-12-01,84.84260559082031,85.12624009881041,84.20071184030692,84.52165871556362,4214668
2016-12-02,83.93203735351562,85.08894803845757,83.72304642618758,85.05908678841224,3914893
2016-12-05,84.25298309326172,84.93966575760068,84.12609326988289,84.26791056614964,3350103
2016-12-06,84.39479064941406,84.83515735261604,84.08876488286751,84.59631151014328,2817970
2016-12-07,86.96236419677734,87.18628251443673,84.20070704692124,84.61868874706266,8254651
2016-12-08,86.32048797607422,87.43261613717175,85.70844272472023,86.8354983575217,5769666
2016-12-09,86.75337982177734,86.90266081263533,85.8577064842888,85.9547350308572,3227227
2016-12-12,87.63414001464844,87.63414001464844,86.34287593781421,86.8802775066155,6310101
2016-12-13,88.14167785644531,88.37305993992811,87.55202389358199,87.79833344671981,4710491
2016-12-14,86.96236419677734,88.53725615418742,86.79069201567832,87.95506600674132,4599349
2016-12-15,86.83548736572266,87.69384209537027,86.69367640248602,86.81309616100108,4410717
2016-12-16,86.86534118652344,87.76101457917072,84.7903661745786,84.82022111382283,8451143
2016-12-19,87.54456329345703,88.11928980724454,87.17883396998346,87.32810867187867,3980759
2016-12-20,87.85803985595703,88.14166805168196,87.55201415441095,87.66397646819911,3011030
2016-12-21,87.4773941040039,87.99986819473521,87.27586694241768,87.76102235578685,3045237
2016-12-22,87.26840209960938,87.70131135917842,87.0370199990694,87.5818852893043,3588108
2016-12-23,87.32061767578125,87.66396199061072,87.11909058730801,87.5594634280776,1578688
2016-12-27,87.35050201416016,87.73862885624371,87.17883610278092,87.33557454360545,1269614
2016-12-28,86.39511108398438,87.60427391554069,86.35779241088015,87.46245665391473,2877527
2016-12-29,86.58171844482422,87.01462769895053,86.43243743531603,86.67128326823084,1845363
2016-12-30,86.46976470947266,86.73100175516933,86.14881147609023,86.73100175516933,2529930
2017-01-03,86.71607971191406,87.25348130790809,86.25331547541059,87.05195413345257,3348443
2017-01-04,86.95492553710938,87.30572743042897,86.60411733995875,87.05941784036129,3256341
2017-01-05,87.14900207519531,87.6714762776517,86.74594766583432,86.97732981878868,2934758
2017-01-06,88.47010040283203,88.60445395164439,86.96238794172169,87.28333488634155,4000353
2017-01-09,87.73863983154297,88.365612584761,87.73863983154297,88.2760414463977,4276438
2017-01-10,87.96253967285156,88.40291262410085,87.2385385015622,87.57441286406204,4153340
2017-01-11,88.08198547363281,88.1640865730432,87.42515776685562,87.73117725939844,3196010
2017-01-12,87.79830932617188,88.08194377935533,87.07430833531589,88.08194377935533,3499769
2017-01-13,88.12674713134766,88.30588306442056,87.78340273430545,87.82819144544607,3308038
2017-01-17,87.49978637695312,88.13422281133464,87.33557789072752,87.64160365648853,3720504
2017-01-18,88.11930084228516,88.29843681082265,87.48486436829009,87.71624648903361,2552291
2017-01-19,88.00732421875,88.6342968549888,87.55948752198373,88.32081368878444,2671404
2017-01-20,87.94014739990234,88.4029115494374,87.41767337399628,88.4029115494374,3258001
2017-01-23,87.63414001464844,88.26110641030637,87.31318677741737,87.99240562590573,2516314
2017-01-24,88.0446548461914,88.1342259800033,87.52964446613903,87.80580899574458,2827269
2017-01-25,87.98493957519531,88.56712984593652,87.8655198091954,88.27603155865064,4753664
2017-01-26,88.0521240234375,88.15661632405852,87.53710734459847,88.05958775919615,6840353
2017-01-27,88.38799285888672,88.90300320139634,87.41768205616876,88.55966507433342,4288283
2017-01-30,88.90299224853516,88.91045598290329,87.89536289351898,88.14167243149693,3498109
2017-01-31,88.31334686279297,88.99256561898657,87.60427316837063,88.80596595122704,4697872
2017-02-01,88.07449340820312,88.76863957325871,87.65651170162205,88.60443112342415,2656349
2017-02-02,88.06702423095703,88.17151649922907,87.42512424294196,87.76099855193104,2450669
2017-02-03,88.96270751953125,89.08959100249471,88.0073180110111,88.46261841048045,3166453
2017-02-06,89.07465362548828,89.26125326586029,88.7163818116677,88.84327158434593,3327631
2017-02-07,89.35831451416016,89.68673151436444,89.13439612450496,89.32845956938363,2821623
2017-02-08,89.36576080322266,89.56728794495073,89.0522776404401,89.28365972111604,2019272
2017-02-09,90.0599136352539,90.29129573286089,89.29859372488491,89.36576734243293,2418566
2017-02-10,90.94813537597656,91.0600977238593,90.11964173850203,90.1569604198525,3974449
2017-02-13,92.26922607421875,92.41104332346276,91.1347069917547,91.2317355333542,4898459
2017-02-14,92.26922607421875,92.52299933300066,91.91095423603879,92.17966126658844,3444198
2017-02-15,92.76185607910156,92.90367334509432,91.9333625991873,92.07517356134996,3565082
2017-02-16,92.67228698730469,92.88127785731582,92.03038690825835,92.77677927039534,4769826
2017-02-17,92.97087097167969,92.97087097167969,92.04534239582703,92.4931792101965,3009149
2017-02-21,93.08280944824219,93.29926406312042,92.70214636253182,93.14998306201574,2622696
2017-02-22,93.82946014404297,93.85197138877793,92.68885872267872,93.05654872430834,3543496
2017-02-23,93.66436767578125,94.11460522809317,93.08656007067681,93.7994414765248,3312355
2017-02-24,93.82195281982422,93.82195281982422,92.76389266948223,93.22913771818935,2794170
2017-02-27,93.71688079833984,93.87446582088681,93.22912457452082,93.49926580058415,4523520
2017-02-28,93.42425537109375,94.33973810848867,93.23665530664586,93.79945549998953,3213500
2017-03-01,95.48780822753906,95.60786816847566,94.06956214948414,94.06956214948414,4394665
2017-03-02,94.79744720458984,95.56284836233009,94.41474345690784,95.1201146425015,3337816
2017-03-03,94.70738220214844,95.0225521855523,94.33218859290868,94.76741850322998,2162407
2017-03-06,94.60986328125,94.97005585058527,93.81444700226979,93.88198073241084,3346450
2017-03-07,94.74493408203125,94.85749029537244,94.23466023534395,94.52731906528031,2272442
2017-03-08,94.9925537109375,95.45779868383502,94.5648274717214,94.85747993206044,3453608
2017-03-09,94.69241333007812,95.47282852381255,94.35473831028469,94.95505086494533,2744576
2017-03-10,95.33023834228516,95.57036459987971,94.91751955458757,95.39026832227765,2973171
2017-03-13,95.0976333618164,95.5628784677674,94.91753705101665,95.39028590584991,3451726
2017-03-14,94.33220672607422,94.99255546392511,93.13907928486736,93.82944301021729,2189639
2017-03-15,95.27769470214844,95.69041341444054,94.54981231485291,94.79744227470349,3986626
2017-03-16,94.8199691772461,95.66041423292711,94.7149167140982,95.66041423292711,3036159
2017-03-17,95.42030334472656,95.54036332194269,94.77496195431337,95.18767446361932,4250645
2017-03-20,94.9250259399414,95.42779604922369,94.78245473349733,95.30022600057004,2248088
2017-03-21,94.2947006225586,95.52534696298541,94.10710058793639,95.3452506762431,2617161
2017-03-22,94.17461395263672,94.50479146319752,93.44673155282446,94.45225890177407,2326464
2017-03-23,94.18963623046875,94.53482128772887,93.89698374287832,94.25716995738397,1959716
2017-03-24,93.6268539428711,94.57235158576312,93.25915759835739,94.24217398301096,2460078
2017-03-27,93.42425537109375,93.67188542812468,92.3361800673967,92.87646267589582,3684416
2017-03-28,94.0095443725586,94.3997519327674,92.70386056937885,93.20662434640279,2184990
2017-03-29,94.02454376220703,94.15961754836522,93.62683882612183,93.7694100217965,1706214
2017-03-30,94.10709381103516,94.33971631618496,93.79192374752613,93.89698254790395,1971671
2017-03-31,93.70187377929688,94.21214124640454,93.57431008133202,93.88197004345962,2953245
2017-04-03,93.29666900634766,93.97202531784356,92.5162602261773,93.5968315920957,3216157
2017-04-04,93.1841049194336,93.60432743388836,92.9364749265628,93.40171992378966,1958387
2017-04-05,92.72638702392578,93.88949980994107,92.67386078079545,93.44676594259082,2862250
2017-04-06,92.92147827148438,93.29667200930868,92.55378194403906,92.8539382018235,2298900
2017-04-07,93.25163269042969,93.40171396104645,92.74136524300609,93.02651395331647,2063109
2017-04-10,93.39421844482422,93.92699717914823,93.22162591904868,93.24413716098144,2510779
2017-04-11,93.45425415039062,93.64185418228453,92.75638659483516,93.37171292491223,2111264
2017-04-12,92.41119384765625,93.61933516416555,92.27612639899945,93.54429135506527,3011584
2017-04-13,91.9234390258789,92.65883160818544,91.91593527861555,92.24611283345203,1857208
2017-04-17,92.62130737304688,92.62130737304688,91.8484023850483,92.29863990017597,2055914
2017-04-18,92.35868072509766,92.81642204131212,92.06602820718395,92.44873204127315,1844367
2017-04-19,92.1035385131836,92.89896110136542,92.02850103793044,92.89896110136542,2036652
2017-04-20,92.87641906738281,93.49924896087056,92.32112922146464,92.63629287217186,4403521
2017-04-21,95.36024475097656,96.27572721397776,94.62485854937088,95.36024475097656,6954041
2017-04-24,97.39382934570312,98.10670439589279,96.3132579799644,96.3132579799644,6244567
2017-04-25,97.02613830566406,98.55694085794318,96.5683970219912,97.52139832773229,7159832
2017-04-26,97.6264419555664,98.17422816178835,96.90606323072862,97.06364825534519,5192810
2017-04-27,97.46137237548828,97.93412117406339,97.12369104072036,97.80655112062051,3802865
2017-04-28,98.40686798095703,101.30339069769848,98.25678668658382,101.11579066413817,6619285
2017-05-01,98.22675323486328,98.96964314402622,97.92659704015196,98.32430193841677,3502205
2017-05-02,98.44438171386719,98.729530454813,98.08418916073862,98.09919665565026,4371308
2017-05-03,98.35433197021484,98.69951703391884,97.64896068528128,97.93411576838446,4978052
2017-05-04,98.45188903808594,98.6169714881115,98.03917023777251,98.51942276764186,3129811
2017-05-05,98.6094741821289,98.86461429681246,98.11421412444942,98.51192545528681,4907980
2017-05-08,98.39934539794922,98.6544791132097,98.16672292189199,98.6544791132097,2590593
2017-05-09,98.98466491699219,99.1347462048113,98.29430113322364,98.4593899160622,3229109
2017-05-10,98.85710144042969,99.09722769892686,98.4593901462353,98.84208760775056,2685906
2017-05-11,98.9771728515625,99.42741043053589,98.13672768077876,98.96216535477174,2301667
2017-05-12,98.66950225830078,98.88711727607688,98.50441347366468,98.83458470531221,2399304
2017-05-15,99.03719329833984,99.10473336501737,98.57194826739338,98.73703705381382,2557715
2017-05-16,99.05970001220703,99.23979628573827,98.60195874986168,99.03718877021868,2082703
2017-05-17,98.00007629394531,99.0634871085212,97.93973600447507,99.0634871085212,3472427
2017-05-18,98.36205291748047,98.93524407046893,97.29110072511651,97.89445245807097,2676053
2017-05-19,99.10118103027344,99.56123983924488,98.5732465716966,99.0785558137383,2765609
2017-05-22,99.43305206298828,99.8403187892697,99.15400129487445,99.77997849557794,2420005
2017-05-23,99.44056701660156,99.84029189470945,99.06346735389093,99.350059785301,2536129
2017-05-24,99.6593017578125,100.05902670794035,99.35762579511683,99.7498026357074,2398972
2017-05-25,100.87353515625,101.00929281782408,99.67436689623982,100.22492654154989,2770037
2017-05-26,100.49646759033203,101.15261815302236,100.18724984595713,100.83585866780207,2980367
2017-05-30,100.25511169433594,100.47382851841799,100.02885313044806,100.0816516788016,2987341
2017-05-31,100.30036926269531,100.66992088569364,100.2777440431064,100.66237914583067,2410485
2017-06-01,100.64729309082031,100.95651715671542,100.17215075218523,100.73025222719032,2542660
2017-06-02,101.08473205566406,101.51462397892337,100.60204795193395,100.78305608326097,2914168
2017-06-05,100.67744445800781,101.17521193856574,100.66236098100373,101.00929369152081,2750443
2017-06-06,100.11180877685547,100.81320961884757,100.07410008154064,100.63974325068727,2191521
2017-06-07,100.09671020507812,100.5643106958964,99.96095255270366,100.20229453603854,2297571
2017-06-08,100.72271728515625,100.75288424396442,99.6668418783076,100.0967337807491,2853948
2017-06-09,100.90370178222656,101.12241856589506,100.27017664645798,100.74532527556804,2570557
2017-06-12,100.50397491455078,101.2430907431509,100.00620744978309,100.55677345210178,2469488
2017-06-13,101.35623931884766,101.378864538659,100.5794209961861,100.88109696338361,2983023
2017-06-14,101.24309539794922,101.70315419255478,100.93387137553455,101.4090136473592,2313069
2017-06-15,101.41655731201172,101.52214802426234,100.5718634625658,100.5718634625658,3119627
2017-06-16,101.53721618652344,102.06515055901077,101.24308204981888,101.5598413993691,3852458
2017-06-19,102.44979858398438,102.4950490126205,101.82381521205089,102.00482329630664,3127929
2017-06-20,101.74842071533203,102.14814566427619,101.62020476898124,101.99730449851867,2136614
2017-06-21,101.25065612792969,101.95205705931262,100.99423059739631,101.8464663292619,2803579
2017-06-22,101.1148910522461,101.5221577232278,100.83584032202248,101.5221577232278,2080489
2017-06-23,101.05455017089844,101.2581834923531,100.79812467676972,101.0922588656656,6992343
2017-06-26,101.25819396972656,101.82383718918618,101.10735280533811,101.36377832599965,1389834
2017-06-27,100.25511169433594,101.43920306212891,100.20231951569505,101.34869581474615,2152333
2017-06-28,101.03945922851562,101.34867687247434,100.68498478446777,101.2204673197377,2667861
2017-06-29,99.7950439453125,101.175220425226,99.11626831405773,101.03946912080231,2030010
2017-06-30,100.52662658691406,100.96405386327744,100.07410946129836,100.624669203922,1957170
2017-07-03,100.84337615966797,101.39393584842061,100.70761848738178,101.00930078808176,1000725
2017-07-05,100.91126251220703,101.06964541838482,100.49645408203973,100.76042771557361,2071412
2017-07-06,100.58694458007812,101.14504597411259,100.45872865457743,100.54923588719899,1583669
2017-07-07,101.152587890625,101.54477103668117,100.692529097267,100.83582850017143,1915657
2017-07-10,101.58248901367188,102.21601422219118,100.92633858731747,101.12243017826718,2270893
2017-07-11,101.22801971435547,101.74087071871264,100.6774536443352,101.74087071871264,2150009
2017-07-12,101.64283752441406,101.9973120608263,101.43921053465618,101.75596999954826,1873481
2017-07-13,102.06517028808594,102.2235531783317,101.55231929169558,101.69561870379526,2707160
2017-07-14,102.44225311279297,102.51767049110491,101.91431872518739,102.20091113248375,1986616
2017-07-17,102.0123519897461,102.51011938051477,101.81626045435318,102.51011938051477,1581234
2017-07-18,101.95958709716797,102.07271318454619,101.63527957392616,101.89171144474103,1882780
2017-07-19,102.6836166381836,102.6987001170108,102.0425496788904,102.19339083687478,2440374
2017-07-20,101.7785873413086,102.87971319739405,101.71071168331065,102.70624681279777,3258776
2017-07-21,102.83444213867188,103.64142724219336,100.83582417096436,100.83582417096436,3927734
2017-07-24,103.86015319824219,104.02607782445061,103.12858541273549,103.17383584632545,4295036
2017-07-25,103.51322174072266,104.07886487216886,102.96265571668542,104.07886487216886,3402796
2017-07-26,104.44844055175781,104.59927534859789,103.21909873923506,103.56603151139262,2966972
2017-07-27,103.30960845947266,104.60681959190579,102.83446609862987,104.34285232140567,4063120
2017-07-28,103.1662826538086,103.53584055985519,102.71376562872393,103.30958204731286,2044401
2017-07-31,102.66097259521484,104.15427494355836,102.58554884519677,103.64142401804914,4271789
2017-08-01,103.33222198486328,103.36993068070805,102.43472954490932,102.83445446028811,3177080
2017-08-02,104.62190246582031,104.75011841517274,103.2191006114866,103.59620034985224,5343804
2017-08-03,105.25540924072266,105.25540924072266,104.08640790082788,104.51629974351688,2828708
2017-08-04,105.617431640625,105.6400568579156,104.92357253457722,105.25541542455134,3868621
2017-08-07,104.80288696289062,105.74562972651165,104.03361054937967,105.74562972651165,3921092
2017-08-08,104.58416748046875,105.31573518368367,104.45595793305245,104.71238339759627,2289047
2017-08-09,104.83308410644531,105.0668844301122,104.22973213100941,104.75012496149401,2167056
2017-08-10,103.50567626953125,104.44841903441875,103.35483513405315,104.32774485209399,3391948
2017-08-11,103.01546478271484,103.75458076169764,103.0003813031203,103.19647290756191,2598010
2017-08-14,104.2824935913086,104.5917112283775,103.3246673574776,103.4377934309011,2569450
2017-08-15,103.64144134521484,104.56155901763236,103.52831525584166,104.39563438350612,1916764
2017-08-16,104.64559936523438,105.00179752978885,103.96352308474168,104.06204884120146,2215986
2017-08-17,102.95558166503906,104.49404429622129,102.95558166503906,104.31215598502718,3401136
2017-08-18,102.27350616455078,102.99347460179895,102.19014362152899,102.86464158076528,3296193
2017-08-21,102.7433853149414,102.89495998266474,101.93247588423583,102.26593247240285,1674443
2017-08-22,103.7513427734375,103.94838792674139,102.98590380159558,103.07685116502891,1855215
2017-08-23,103.37997436523438,103.84227030561495,103.19050766167602,103.41028801369396,1382860
2017-08-24,103.47848510742188,103.86499689447368,103.21323430479853,103.54669721146273,2125876
2017-08-25,103.69070434570312,104.33488863147122,103.67554752020409,104.06963778455174,2210118
2017-08-28,103.72860717773438,104.18332479128334,103.50882678449614,103.93323074390013,1678207
2017-08-29,104.30457305908203,104.37277877257125,103.08441022476805,103.24356329026256,1881230
2017-08-30,104.61531066894531,104.6835163930565,103.8877637430308,104.30458930286264,1974992
2017-08-31,104.78959655761719,105.0093769078207,104.27425173668682,104.89569432634985,3304717
2017-09-01,104.30457305908203,104.9866493960332,104.30457305908203,104.80476109270896,1947539
2017-09-05,103.45579528808594,104.28944652001802,103.19812278383323,104.12271499349396,3150180
2017-09-06,103.48607635498047,104.00142120118097,103.19809028218445,104.00142120118097,2700739
2017-09-07,103.88774108886719,104.14541350222991,103.31176896504134,103.38755308641686,2723765
2017-09-08,104.25910949707031,104.65319337960469,103.57703311488919,103.69828772468846,3243389
2017-09-11,105.34285736083984,105.94157125099208,104.90329656061411,104.90329656061411,2582955
2017-09-12,105.10032653808594,105.39589103323866,104.85023251900498,105.29737166841655,1773740
2017-09-13,104.5091781616211,105.17609755568745,104.403074003116,105.00936610699956,2262258
2017-09-14,103.98625946044922,104.40308492543329,103.72100863746458,104.40308492543329,3788695
2017-09-15,105.30496215820312,105.71420929115689,104.29700755360136,104.4864742929827,5085652
2017-09-18,104.33488464355469,105.60051152778075,104.04689856939416,105.57019787794135,3187264
2017-09-19,104.39551544189453,104.64560946213734,103.9635331158334,104.49404120786075,3787588
2017-09-20,105.10790252685547,105.20642829009184,104.44856143696121,104.63044973774001,4034338
2017-09-21,106.75244903564453,107.1162255901445,105.19883626920969,105.25188514987437,4333448
2017-09-22,107.4269790649414,107.66190987859447,106.48722380689443,106.56301434101785,3229330
2017-09-25,106.71456146240234,107.5482123677634,106.46446747093117,107.42695777829164,3258555
2017-09-26,106.2825927734375,107.16929267505012,106.21438705814006,106.9040418259847,2614504
2017-09-27,105.77481079101562,106.54024957463844,105.70660508572756,106.51751433954242,3365491
2017-09-28,106.54026794433594,106.54026794433594,105.56262706389961,105.73693696370924,2305431
2017-09-29,107.41940307617188,107.44213831671598,105.49442843725419,105.9264108089663,4066662
2017-10-02,108.11661529541016,108.12419370789969,107.41938854500098,107.4724374324277,2791956
2017-10-03,108.12419128417969,108.48796787689511,107.79072834074286,108.14692652113864,2480668
2017-10-04,108.03327178955078,108.41978369597855,107.68465195224586,108.27578103193702,1978645
2017-10-05,108.42736053466797,108.94270546862697,107.9347508418524,108.33641957009424,2485761
2017-10-06,108.84417724609375,108.87449089848849,108.10904557277426,108.23030018235323,2397312
2017-10-09,108.82898712158203,110.11734255690854,108.65467087227417,110.0188232167695,2682585
2017-10-10,108.60920715332031,109.28371135736634,106.25225724752524,109.13970874223418,4535143
2017-10-11,108.16206359863281,108.9350871168507,107.89681921587068,108.45763442650902,3587997
2017-10-12,108.5182876586914,108.69259115189351,108.13935421992262,108.13935421992262,3325417
2017-10-13,108.65467834472656,109.54895648099865,108.57889423171544,109.38980984367531,2388456
2017-10-16,108.94268798828125,109.04120735076158,108.38187266202074,108.65469551196628,2216096
2017-10-17,108.70015716552734,109.04877691353839,108.00293047087665,108.75320604871163,2696201
2017-10-18,108.70771789550781,108.91234778444877,108.4500519333806,108.66982584225381,1919643
2017-10-19,108.84417724609375,109.00332392116614,108.08631033347821,108.68501776964787,2903762
2017-10-20,110.15526580810547,110.6175617979783,108.66228005751985,109.99611913665477,3730025
2017-10-23,110.58724212646484,111.01922444111784,110.14768139929814,110.66303905297426,3201655
2017-10-24,110.73880767822266,111.40572068745368,110.55691300198096,111.0950058178824,3674343
2017-10-25,110.64031982421875,111.0268189183405,110.15527575041533,110.99650526389958,3077893
2017-10-26,110.52660369873047,111.02679167564867,110.03399413356298,111.02679167564867,2376389
2017-10-27,110.7994384765625,110.95100671041868,110.2916720917732,110.5417596776359,2069530
2017-10-30,109.6171646118164,110.4583938876223,109.53380208565686,110.40534500733895,1998793
2017-10-31,109.25341796875,109.94306632179278,109.20035627878727,109.39740780920857,2704614
2017-11-01,109.83695220947266,110.03399090921731,109.30645060109698,109.57927341612805,2392994
2017-11-02,110.20073699951172,110.20073699951172,109.02604472067529,109.67780096221489,2152223
2017-11-03,109.86729431152344,110.24622778747111,109.72330445518548,110.19317889303082,1576031
2017-11-06,110.34473419189453,110.69335397289625,110.00369282349344,110.26137165328757,2257055
2017-11-07,111.38301849365234,111.43606738955943,110.42811276457584,110.50389690158596,2893578
2017-11-08,111.29965209960938,111.79226177453916,111.05713006817712,111.26176003241278,2783764
2017-11-09,110.22347259521484,110.988905020675,109.60201719865691,110.85249360252065,2605980
2017-11-10,110.45841979980469,111.12534576827505,109.4353084087323,109.76877139296748,3219367
2017-11-13,111.19354248046875,111.3981596215591,110.07947741930322,110.3977835512609,2229602
2017-11-14,111.64823913574219,111.86043464973581,110.4583901710242,110.72364736488653,2558712
2017-11-15,110.92828369140625,111.73162102205438,110.80702909096804,111.16322728112779,2791292
2017-11-16,111.8842544555664,112.12039995850297,111.22154677133234,111.45767940740775,2445245
2017-11-17,111.58717346191406,111.9756626078651,111.36627518556898,111.5033844605418,1812596
2017-11-20,112.69169616699219,112.96591469922974,111.5338459858519,111.5338459858519,3934598
2017-11-21,113.7657470703125,114.01712693076938,112.92783135793736,112.92783135793736,3352207
2017-11-22,113.49150848388672,114.11614307126312,113.33154767990156,113.87238040785428,2009641
2017-11-24,114.00194549560547,114.58848161983693,113.72009677779721,113.78103425908184,1324300
2017-11-27,114.58841705322266,115.09878103827585,114.03996716382667,114.1923107811979,2529044
2017-11-28,116.3633041381836,116.64513990897625,115.0378756965692,115.07596161154119,4047843
2017-11-29,116.72891235351562,116.9726750416,116.0814390240306,116.58418589716445,3704232
2017-11-30,118.80083465576172,119.36451891059808,116.87363641591627,117.25450832870612,6288958
2017-12-01,117.61253356933594,119.04460239858653,116.4546961613723,118.6027929718174,3335934
2017-12-04,117.13259887695312,118.97600778533807,117.13259887695311,118.69417214353903,3598181
2017-12-05,116.59178924560547,117.93245170384823,116.56132052156768,117.178325050193,2858818
2017-12-06,116.54615020751953,117.10983477885172,116.40142368880547,116.76704857818837,3206305
2017-12-07,116.7593994140625,117.14788861949641,116.41662617414731,116.54611828700416,2263586
2017-12-08,117.0488510131836,117.39163707830059,116.59942439749832,117.2392934346316,1641012
2017-12-11,116.70606231689453,117.24689510658794,116.50039840257817,116.53086713062504,4011423
2017-12-12,117.10980224609375,117.78014009081163,116.54611783135144,116.85843520447204,3275935
2017-12-13,118.67898559570312,119.23505279066839,116.63751633082164,116.88889622271687,5606052
2017-12-14,116.72128295898438,119.15885811733781,116.675579872287,118.75513465131765,3477851
2017-12-15,117.49827575683594,117.79535872411898,116.98791169181442,117.43733830033923,4753332
2017-12-18,117.75726318359375,118.30571311407336,117.30783661182315,118.06956762259905,3957291
2017-12-19,117.39164733886719,118.38952402584155,117.32309269322417,118.18386008891247,4706174
2017-12-20,117.86392211914062,118.2143253868908,117.38402674671461,118.02388295432846,3966036
2017-12-21,117.0945816040039,118.27528372029214,116.9270035566151,118.17624746178849,5378232
2017-12-22,116.91938018798828,117.52876774039592,116.64514871262958,117.46783027184158,2382256
2017-12-26,117.1249771118164,117.63534098573362,116.88884455631083,116.88884455631083,1557987
2017-12-27,117.26978302001953,117.38404077309222,116.78988759025016,117.33072048832497,1952852
2017-12-28,117.40685272216797,117.60489942735913,117.02598080686369,117.31544655054128,1831083
2017-12-29,116.82035827636719,117.85632098859776,116.82035827636719,117.58970669344251,1847909
2018-01-02,117.08692932128906,117.30784045712643,116.3251982855439,117.17071831986631,3169995
2018-01-03,116.11956024169922,117.00317934603463,115.6320475841554,116.46996358311469,7015701
2018-01-04,117.68871307373047,117.68871307373047,116.32521166092683,116.40138348657369,4977610
2018-01-05,118.51139068603516,119.02175476820162,117.6963264442876,118.05434688009454,2744244
2018-01-08,117.87150573730469,118.93793673527739,117.48301666703864,118.8312962088519,3033060
2018-01-09,118.8389663696289,119.41788520946037,117.92487857332047,118.07722225041701,3754711
2018-01-10,119.66158294677734,119.68443448592645,118.08477527805942,118.96077667915658,2836236
2018-01-11,120.29386138916016,120.35479884698123,119.60068493958357,119.68447394408756,2578638
2018-01-12,121.16989135742188,121.48982595251,120.20248325501704,120.79663647429653,2594357
2018-01-16,120.27101135253906,121.76401768848638,119.80635036395746,121.22318487667206,3788585
2018-01-17,120.6671142578125,121.07845495839645,119.93583904191624,120.11866427932114,3501541
2018-01-18,120.18721008300781,121.6116616326938,120.1795929014618,121.04036014988235,2939961
2018-01-19,120.88037109375,120.88798827432706,120.0500855439922,120.66709003759253,4168395
2018-01-22,120.7661361694336,121.09368786290347,120.36241265582223,120.88801108165995,3619104
2018-01-23,121.56596374511719,122.13726525237412,120.93371191602344,121.10891996593939,4319943
2018-01-24,121.85543823242188,122.35056800862888,121.21558197502216,122.0534978630228,2938854
2018-01-25,123.27989196777344,123.31799075131902,121.62692458319083,122.33533550033658,4519977
2018-01-26,125.67933654785156,125.76312553430256,122.63999142584296,123.94256790670379,5556901
2018-01-29,122.99801635742188,125.78598175696769,122.94469609133247,125.57268782575052,4062456
2018-01-30,121.09368133544922,122.64000780155234,120.36240616778676,122.14487813046077,4304224
2018-01-31,121.62689208984375,122.28198254862365,121.345043514832,121.87064189148825,3641908
2018-02-01,121.61167907714844,122.49529799695677,120.67473987886957,121.11654933877374,3048115
2018-02-02,119.32646179199219,121.50504039456555,119.12841504033223,120.88040567483554,4659016
2018-02-05,114.39038848876953,119.9891723470016,111.96805998170817,118.41237687924753,6389805
2018-02-06,115.32730865478516,116.119521282574,112.12039796898306,112.49363987099538,5888336
2018-02-07,115.16737365722656,117.71159010776343,115.03026435636318,115.31971732485255,3511282
2018-02-08,111.22919464111328,115.39591004191395,111.00066625693495,115.39591004191395,3722386
2018-02-09,112.66124725341797,113.73529576061479,109.57619815519504,111.99090943412166,5984312
2018-02-12,113.85716247558594,114.74078134930497,112.0366044524585,113.52962363920838,3825337
2018-02-13,113.11829376220703,113.84193901128393,112.81359357651706,113.3925123491512,3116527
2018-02-14,114.55037689208984,114.84744706459227,112.0137774487655,112.59270915967913,3277042
2018-02-15,116.86607360839844,117.20122972475258,114.86268976040792,115.46447306668415,4024264
2018-02-16,117.33070373535156,118.09243484727038,116.3861473777569,116.61466285127388,3100808
2018-02-20,117.56685638427734,118.3133661251058,116.21095907691131,116.47757337488274,4111163
2018-02-21,117.34593200683594,119.48641163174534,117.33069764272588,118.05434280481519,4488760
2018-02-22,117.34979248046875,118.49029420731446,116.95176112732348,117.88559944183609,2462403
2018-02-23,118.73523712158203,118.85005012415034,117.58706830772246,117.7554607114893,3504197
2018-02-26,119.79153442382812,119.95992681609602,118.72756188450713,119.08732219737982,3213500
2018-02-27,117.81668853759766,120.12832152295303,117.75545493922951,119.89104132927646,3429696
2018-02-28,115.66578674316406,118.62803913004916,115.56628216296473,118.18408268900131,3906591
2018-03-01,112.68058013916016,115.92603811100402,112.23662366510213,115.83418772245207,5121298
2018-03-02,113.39242553710938,113.88996136920007,111.85389284981873,111.99932262137759,3768105
2018-03-05,113.67562103271484,114.03536829027401,112.15238411826827,112.95610065882295,3763788
2018-03-06,114.30329132080078,114.75490192356035,113.53019147879539,114.32625391436203,3080660
2018-03-07,115.12999725341797,115.84185074832712,112.70355132399744,112.95613991176187,4411270
2018-03-08,115.75759887695312,116.27809713078977,114.94622824771436,115.85710342427475,2420226
2018-03-09,118.0386734008789,118.23768259581111,116.04087553418566,116.35469772619412,3193242
2018-03-12,116.52307891845703,118.23000390964802,116.29344004247295,118.19938711676865,2673618
2018-03-13,115.96434783935547,117.58707718635794,115.64285847849737,116.83693965415345,2087685
2018-03-14,115.13765716552734,116.83692835569724,114.88505563583901,116.8063115556613,2245432
2018-03-15,115.63516235351562,116.07146456742717,114.90798768720022,115.33663570313767,2045508
2018-03-16,116.17862701416016,116.68381702581925,115.80355837217671,115.80355837217671,4792409
2018-03-19,114.96922302246094,115.92602364257515,114.26502386872835,115.63516411512873,2405946
2018-03-20,115.18357849121094,116.27050071471007,114.93863116977076,115.45912968226575,3012248
2018-03-21,115.85718536376953,116.93646654388392,114.86211332802274,115.40557455406345,2866789
2018-03-22,112.42797088623047,115.0304759586959,112.0605564279758,114.5099646006913,2855387
2018-03-23,109.6723861694336,113.38477603222697,109.53461059067455,112.51217150797324,4001239
2018-03-26,112.4738998413086,112.76477232411712,110.4761022436892,111.34105256395081,2485761
2018-03-27,110.48374938964844,113.40007651278268,109.89436319227093,112.96377428111647,3410324
2018-03-28,109.65709686279297,111.02723747827085,109.06771052165662,110.14697860194651,5559558
2018-03-29,110.61387634277344,111.64721902225166,109.90967713557414,110.23115347979159,2848523
2018-04-02,109.02177429199219,110.71339114275038,107.29187351495207,110.10104226310229,4529940
2018-04-03,110.42254638671875,110.48377998996293,108.40943349779968,109.45809127683773,3548699
2018-04-04,110.86648559570312,111.04253217748946,108.3481829445897,108.55485278790371,3065273
2018-04-05,112.0605697631836,112.47390946173385,111.20327356836756,111.61661326691782,2479229
2018-04-06,109.25906372070312,111.69316397595883,108.29460865863214,111.11908604461028,3174755
2018-04-09,109.32791900634766,111.22621176582489,109.18248924910341,109.7029876254709,2161300
2018-04-10,111.47117614746094,112.57340665151868,110.68276779935027,111.00425708361298,3188593
2018-04-11,110.43782806396484,111.54005851442935,110.18522658231412,110.59856623358566,2162075
2018-04-12,112.11415100097656,112.64230369963636,111.06549980321158,111.06549980321158,2576645
2018-04-13,111.84623718261719,112.80303784171895,111.27981357143656,112.67291646887497,1758464
2018-04-16,112.32845306396484,113.38475819371169,112.09116000848927,112.8183346407596,2840332
2018-04-17,113.82107543945312,114.08133112219339,113.04797551924987,113.20107242119867,2331667
2018-04-18,114.33391571044922,114.99985682675822,113.72156691206631,114.3262615120868,3045790
2018-04-19,113.38475036621094,114.77785302426524,112.91783141449707,113.88994030336144,3522795
2018-04-20,115.25245666503906,116.01790243505717,113.23935058092336,115.40554064728653,5834093
2018-04-23,113.75983428955078,116.06381257038454,112.94846343013428,115.35960048463735,4939197
2018-04-24,112.68822479248047,114.87737725175508,110.874128054689,113.95884758526292,4640197
2018-04-25,112.56572723388672,113.43833157468406,111.02719480636888,112.87190805170302,3184940
2018-04-26,112.36676025390625,113.29294432257983,111.80799071854781,112.76479158754832,2661884
2018-04-27,112.46626281738281,112.66528494529412,111.65489176463507,112.16773609021176,2360227
2018-04-30,110.74398803710938,113.06327467883563,110.68275445308869,112.54277628527123,3581798
2018-05-01,110.61387634277344,110.77461451488216,108.83039633467521,110.50671756136762,2691662
2018-05-02,109.44276428222656,111.27216958590962,109.22843377789307,110.62919100229954,2598010
2018-05-03,109.73360443115234,110.27706540084164,106.78666072079614,108.87630842429539,4822298
2018-05-04,110.1393051147461,110.69042035861126,108.34817733983682,108.7462021427639,2922471
2018-05-07,110.34600830078125,110.94304888300405,109.97093953820027,110.38427930416776,2021597
2018-05-08,110.39955139160156,110.48374757135711,109.30496226661303,109.87905298736027,3130697
2018-05-09,111.51710510253906,111.54772189927394,110.36129516701652,110.75931352456989,2737381
2018-05-10,112.74946594238281,112.82600793149305,111.52475532844886,111.75439422516962,2184879
2018-05-11,112.7953872680664,113.49958647312347,112.3973560089517,112.50451479003154,1708538
2018-05-14,112.74946594238281,113.62207047701963,112.35143466961954,113.17045981187918,2012630
2018-05-15,112.7877426147461,113.04033119152535,112.42032811913101,112.58106630435418,2963651
2018-05-16,112.94078826904297,113.20869808287814,112.30547701367793,112.62695327501656,2157204
2018-05-17,113.18316650390625,113.56013860286942,112.62925441737087,113.11392911746495,2180008
2018-05-18,114.1217041015625,114.43713174748444,112.90617774947384,113.3600801201906,3261765
2018-05-21,115.7757797241211,116.26814738116255,114.64487661974543,114.95259828351965,2709263
2018-05-22,116.06815338134766,117.29137324918614,115.78349778584142,116.26047946276707,3706335
2018-05-23,116.41429901123047,116.48353637596838,115.25262390173704,115.3987916717393,3132136
2018-05-24,116.2297134399414,117.18367684427092,115.24497786095651,116.49896996817608,2921585
2018-05-25,115.90654754638672,116.57586807492088,115.24493305352648,116.02194315647843,2141374
2018-05-29,114.01402282714844,115.53728406932424,113.46011082953932,115.08338161385237,2600335
2018-05-30,115.73733520507812,115.99120562307313,114.45255804414896,114.45255804414896,2426315
2018-05-31,113.79092407226562,115.9911859687486,113.67551545227303,115.9911859687486,5576827
2018-06-01,115.46802520751953,115.6449781287606,114.46021094197425,114.51406222387357,1918978
2018-06-04,115.5064926147461,115.79114810522198,114.79102686084833,115.39879004889063,2320707
2018-06-05,115.298828125,115.89889852036532,115.0757168657578,115.76042373566703,1868942
2018-06-06,116.16813659667969,116.16813659667969,114.41407115193576,115.47573687059548,2882730
2018-06-07,117.00674438476562,117.25293482023207,116.1681894831972,116.19896166325444,2196281
2018-06-08,116.82976531982422,117.23750956437507,116.69129055582722,116.76822098027,2149344
2018-06-11,116.83744812011719,117.27596449600411,116.560498616401,116.87591332896665,1909237
2018-06-12,117.13748168945312,117.3144216379938,116.59895580758808,116.89129137474225,2487864
2018-06-13,116.80668640136719,117.32213324105966,116.4604864957515,116.89130986840557,2142260
2018-06-14,116.32199096679688,117.31441925673263,115.62960427416799,117.20671668154621,2803026
2018-06-15,115.57577514648438,115.75272814025948,114.46025785988358,115.75272814025948,4345183
2018-06-18,115.36033630371094,115.48342496262734,114.28328454818836,114.66025656112187,1751601
2018-06-19,113.30623626708984,114.58330702503886,113.02927380434113,114.20634802727155,2868781
2018-06-20,112.73695373535156,113.6986230596008,112.4753902830795,113.2370275017632,2142260
2018-06-21,110.75978088378906,112.45999516704754,110.45975224204007,112.29844128302885,3543053
2018-06-22,110.78285217285156,111.85991697512421,110.69053567422887,111.85991697512421,3197006
2018-06-25,110.81364440917969,111.21369563733631,109.20575944861288,110.3366627515708,3957402
2018-06-26,110.79054260253906,111.65988226741352,110.71361218883376,111.16751462469732,3521799
2018-06-27,110.1212387084961,112.17533280345656,110.10585262523804,111.71373731071235,3444087
2018-06-28,110.11353302001953,110.82130576360284,109.49807676538173,110.6674449486937,3163575
2018-06-29,110.82133483886719,112.05995370885557,110.15972016617434,110.27511580763158,3131250
2018-07-02,111.40601348876953,111.52140911097086,110.02122703734591,110.29048348914904,2494617
2018-07-03,111.50601959228516,112.7984895061241,111.31368056620678,111.62141521093093,1380535
2018-07-05,111.49063110351562,112.3984359406069,110.99057043850792,112.25225516514182,2191853
2018-07-06,112.10609436035156,112.59076897336358,111.10597296810472,111.19059642521748,2092666
2018-07-09,113.41395568847656,113.87555119830559,112.1291787038684,112.29073258405742,2210672
2018-07-10,113.89094543457031,114.03711324139466,113.39088467937758,113.69091333549072,1909901
2018-07-11,111.18289947509766,113.05236048742465,111.09058297967454,113.05236048742465,2576313
2018-07-12,113.77554321289062,113.87555275914033,111.8445376860558,112.27534803913144,3447962
2018-07-13,113.47547912597656,114.27558132766642,113.14466538960465,113.73705549787546,2842213
2018-07-16,112.6292495727539,113.57551980342558,112.33691395368734,113.46012416432035,1968572
2018-07-17,114.23712921142578,114.36791091485628,112.17532914703906,112.62153854198077,2763949
2018-07-18,114.74491119384766,115.02186075166529,114.1602139151105,114.36024603520654,3369476
2018-07-19,113.50627899169922,114.61410308365828,113.32164597470738,113.79093455456565,3349218
2018-07-20,117.80677795410156,118.46840542725708,114.72179074287924,114.77564202639175,7139242
2018-07-23,118.24530029296875,118.31453766101873,116.26813680309084,117.79909092608953,4837132
2018-07-24,119.36853790283203,119.9301429520733,117.8529566805605,118.49150514319365,4225848
2018-07-25,121.56879425048828,121.72266807518304,118.09914157591065,118.09914157591065,4361898
2018-07-26,122.41504669189453,122.86894910441104,121.63033052245876,121.72266000915835,5301849
2018-07-27,122.58429718017578,122.87664574077507,121.83036614758085,122.51505980937644,3142099
2018-07-30,120.72254180908203,122.86127246052797,120.50713663303883,122.47660736544742,3453275
2018-07-31,122.82279968261719,122.9766605131677,121.19951594029901,121.19951594029901,3015237
2018-08-01,120.69944763183594,123.08435532993285,120.36864686702049,123.03050404263732,3735781
2018-08-02,119.93782043457031,120.19938382315999,119.11463907459408,119.76856054106969,2368972
2018-08-03,119.27620697021484,120.14554667755144,118.65305759376247,119.814745882461,3282687
2018-08-06,119.22235107421875,119.39930402255331,118.32223923465483,119.07618328668353,3401357
2018-08-07,120.29168701171875,120.38400348162826,119.18385038780899,119.52235710580908,1803187
2018-08-08,119.3992919921875,120.3686411071253,119.30696250909726,120.26092554268688,1878905
2018-08-09,118.44532775878906,119.5608446352348,118.15297922113383,119.13002136684862,2772141
2018-08-10,117.77603149414062,118.19146876689818,117.34520813702183,118.02991488110501,1707431
2018-08-13,117.20671081542969,118.0914364858991,116.78358058194426,117.86832531060622,2253291
2018-08-14,118.57613372802734,119.15312488588268,117.26058453171454,117.47600270751617,2861586
2018-08-15,117.8452377319336,118.09142801165899,116.32966983784362,117.66829780853739,2512328
2018-08-16,119.1324462890625,119.44167187126585,118.32843365830821,118.44439325163448,2325357
2018-08-17,119.95966339111328,120.18385196166992,118.66860727477928,119.08607491295058,2249417
2018-08-20,120.19157409667969,120.4621595487866,119.68906945006387,120.10653705869309,2369747
2018-08-21,121.35895538330078,121.63725845225348,120.56267326343419,120.57040390423843,2730185
2018-08-22,120.70176696777344,121.20427143780611,119.7508724874107,121.20427143780611,2256391
2018-08-23,122.07788848876953,122.79686402657224,121.38211792627787,122.03923529410397,3866849
2018-08-24,121.7686996459961,122.50313676186683,121.45947396227541,121.98517068311763,2745573
2018-08-27,123.19115447998047,123.36124163349706,122.10110802680244,122.10110802680244,2054143
2018-08-28,123.77096557617188,123.93330901334612,123.05972059152485,123.70137675886963,3327521
2018-08-29,123.92557525634766,124.46673309182984,123.56995277296922,123.81734630095382,2394212
2018-08-30,123.26844024658203,123.96421077626069,122.92827909105569,123.61631898216582,1684738
2018-08-31,122.96699523925781,123.32261785398917,122.51087427168348,122.85876624388845,2667640
2018-09-04,123.41534423828125,123.44626679803225,122.30982355164241,122.97468470331594,2585944
2018-09-05,125.07749938964844,125.32489298232157,123.46175610038789,123.50040930884988,3546927
2018-09-06,126.79373931884766,127.342627873626,125.59545082047434,125.59545082047434,4525291
2018-09-07,125.86598205566406,126.85552976760928,125.425322661914,126.29891081195375,3063059
2018-09-10,126.29895782470703,126.97926723296264,126.10569181625773,126.46903191214241,2574984
2018-09-11,126.059326171875,126.46906326989509,125.30944081464506,125.9820197493273,2819188
2018-09-12,126.7009506225586,127.25756972584298,125.7036720086506,125.7500558457149,2489746
2018-09-13,128.10800170898438,128.22396133379675,127.27306629330262,127.27306629330262,2316833
2018-09-14,127.64411163330078,128.33988223073547,127.3812568378622,127.98425976344058,2173255
2018-09-17,128.13890075683594,128.68778927205386,127.13389140922328,127.55908968067693,3125162
2018-09-18,128.4403533935547,128.54859537968704,127.2575397103726,128.27027936443324,2883394
2018-09-19,128.17750549316406,128.86554527246398,128.09246848272923,128.53312786803687,1632488
2018-09-20,128.74966430664062,129.02024983625466,127.50499176404313,128.7960481588287,2262369
2018-09-21,129.3680877685547,129.5922893749964,128.56408819333134,129.0202089872857,3476744
2018-09-24,127.91471099853516,129.0434237531401,127.75236753853343,128.8114914660511,2155433
2018-09-25,127.99203491210938,128.47134772632512,127.52818338033556,128.1930315838546,2544542
2018-09-26,128.14663696289062,128.91198343793752,127.33489358590305,128.27032721202718,3075125
2018-09-27,127.8373794555664,128.55635503982165,127.6209215514541,128.43265175038778,1931930
2018-09-28,128.6414337158203,128.87335297387185,127.69053864077543,127.85288212141151,2429304
2018-10-01,130.0877227783203,131.08814855311607,129.36084674351517,130.03300760691678,2399697
2018-10-02,129.76730346679688,130.2440699277759,129.4234074177724,129.6735171966585,2950348
2018-10-03,129.25924682617188,130.33784093244,128.86844466848714,130.283125757491,2515105
2018-10-04,128.73558044433594,129.64223313609116,127.28182821097364,128.9622501465322,3262519
2018-10-05,128.2353973388672,129.50157742282914,127.83678605751017,128.9544646675461,2669712
2018-10-08,128.85279846191406,128.962228798933,127.54754787642582,128.19626867385148,2044823
2018-10-09,125.78897857666016,128.36821782300686,125.67956129158092,128.36821782300686,4018364
2018-10-10,122.4124984741211,125.63263601786413,122.32652123393989,125.63263601786413,4972615
2018-10-11,120.06773376464844,123.62397153301784,119.91142336999127,122.36561409272136,5321138
2018-10-12,122.084228515625,122.92053482669907,120.58358344356873,121.24793526306334,4864981
2018-10-15,122.09207153320312,123.29571400544101,121.47461272577257,121.71691346538584,3636993
2018-10-16,124.71041107177734,124.8276504314255,122.56104457575502,122.75643915566317,3107255
2018-10-17,123.5301742553711,125.4450745600419,122.81112031117856,124.66348339845256,3796746
2018-10-18,121.29485321044922,123.00653725215032,120.3882135658768,122.85021376794089,3979056
2018-10-19,119.95048522949219,123.28787513058123,119.11419203600641,122.00606470024849,7436476
2018-10-22,119.2783432006836,120.54450973310102,118.09814086297231,120.1849827380152,4930240
2018-10-23,117.70733642578125,119.0438489962846,114.77636650026336,116.75379083221104,5880549
2018-10-24,113.59618377685547,117.88712009523874,113.33826506518362,117.76205870585687,5063496
2018-10-25,115.268798828125,116.0738301198502,114.2839909695496,115.03432014472541,3069588
2018-10-26,114.14330291748047,115.73773433806369,113.15067308427781,113.90882425190588,3810871
2018-10-29,113.77899169921875,117.75553038207534,112.35937481973187,117.05379210230984,5030519
2018-10-30,115.31156921386719,115.41642908738868,113.46445535960324,114.10167170433893,4461081
2018-10-31,116.81185150146484,118.2395258932411,116.22302999939693,116.87637362432123,5022668
2018-11-01,116.51338958740234,117.3925932165281,115.74712904567424,117.31193077568462,4023312
2018-11-02,117.34420013427734,118.19920644505063,115.90845551647526,117.44906001477386,5156991
2018-11-05,118.71539306640625,119.50586399611764,117.35224107640555,117.43290350735771,4436678
2018-11-06,119.73977661132812,120.53024751122024,119.05416556186692,119.12675782943172,3372282
2018-11-07,121.15132141113281,122.28056926634812,119.9817488718791,121.03033430050594,2318285
2018-11-08,121.43364715576172,122.19185054641663,120.91741801382086,121.02227787443466,2971861
2018-11-09,121.2481460571289,121.56272569396806,120.04631864754592,121.0626367868534,2523482
2018-11-12,119.4817123413086,121.49820859498917,119.30426014864402,121.12717694069681,2399133
2018-11-13,119.11868286132812,121.62720983454267,118.69925653504491,119.33647271374417,2623747
2018-11-14,118.99771881103516,120.13502396103969,118.73960422553472,119.9011198602867,2999765
2018-11-15,119.85750579833984,120.40905513179126,117.78106083260789,118.13794878519451,3213769
2018-11-16,120.49018096923828,120.84706895900229,119.07884641644317,119.62229366997114,3349789
2018-11-19,119.61418151855469,121.48785007940002,119.20051289884168,120.39284027492323,2394571
2018-11-20,116.84016418457031,119.19238358709393,116.23183429733153,118.17848731019556,3796789
2018-11-21,116.88072967529297,118.2028487038305,116.82396219160289,117.57017293140676,3041463
2018-11-23,116.1993637084961,116.89692200493133,115.18548076073974,115.69647986744859,1605611
2018-11-26,116.16692352294922,117.27815033824105,115.19360370710429,116.69415319613461,4274875
2018-11-27,115.89930725097656,116.54008523160502,115.29097721571631,115.48563862491844,3882305
2018-11-28,117.0429458618164,117.14027654693251,115.25850619635135,116.54006190104924,4557313
2018-11-29,118.21090698242188,119.11124182863765,116.64547493179579,117.04291282768084,2808361
2018-11-30,119.03018188476562,119.31407185105344,117.87840461324193,118.34073857563897,5723034
2018-12-03,120.83893585205078,122.89103492451434,120.70104195892823,121.66625981628275,4582777
2018-12-04,115.7289810180664,121.05795539363115,115.59108709590019,120.2874118778906,4364530
2018-12-06,114.82049560546875,114.95027421885935,111.23539916361558,113.75794716055184,6308812
2018-12-07,112.50886535644531,116.13452583479538,112.02219872724713,114.22842253047924,3866815
2018-12-10,111.89241027832031,112.93874146967556,110.02686378421669,112.50074022863122,3312230
2018-12-11,110.9677505493164,113.70929283541594,110.40808596989366,113.38485283626535,4376413
2018-12-12,112.16819763183594,114.23651420206194,112.11951915502316,112.55752039432457,4457367
2018-12-13,112.59808349609375,113.7174127001884,111.85185964953008,112.83329495437324,2505552
2018-12-14,110.66764068603516,112.24120175215128,110.35943119280877,111.47064519032926,2756266
2018-12-17,108.99675750732422,111.26786388705652,108.34787090822226,110.17286734071254,3324325
2018-12-18,109.64564514160156,110.92719438134566,108.9967585363734,110.27019907363689,2798706
2018-12-19,108.08831787109375,111.73829752565757,107.18798272792053,109.94575563879222,4104691
2018-12-20,105.98754119873047,108.38031076479149,104.93309480881337,107.65841963489818,4794553
2018-12-21,104.98988342285156,107.43131851733818,104.90066143325652,105.45221734141249,7324826
2018-12-24,101.25067138671875,104.62488289606426,101.08844481835786,104.30854502721097,3011967
2018-12-26,105.09532165527344,105.11965432648734,100.15567121534284,101.40477897782534,3650052
2018-12-27,106.71755981445312,106.7662251683092,102.88102020877147,103.51368294040462,3447826
2018-12-28,106.06053161621094,107.93419312067304,105.64686310481997,107.16363670367024,2927511
2018-12-31,107.16365814208984,107.19610608495493,105.82532822830846,106.70943946798874,2334094
2019-01-02,106.92843627929688,107.1393216373753,105.03855049613753,105.59821511591414,2924116
2019-01-03,105.50088500976562,107.86120686903138,104.68977181738722,107.14743093655899,3378224
2019-01-04,109.19140625,109.53207017731174,107.10685948399149,107.56918675471822,3802200
2019-01-07,109.79974365234375,110.31073629559066,107.99908665142549,108.96430446141999,3124221
2019-01-08,109.5726547241211,111.02453277694569,108.94810074875453,110.35943528636315,2796902
2019-01-09,110.0836410522461,110.91097159793571,109.556417838549,110.4729703702027,2114467
2019-01-10,111.7302017211914,111.88431303252696,109.23198592906932,109.67809589194827,2280832
2019-01-11,111.41384887695312,111.73018672560721,110.64329242369362,110.91908019859744,2005714
2019-01-14,111.61666107177734,111.96544696946141,110.29455491046457,110.5865601816065,3289737
2019-01-15,111.74642181396484,112.05464444404842,110.7487559005105,111.47064712691707,1954256
2019-01-16,111.94918823242188,112.50073755604062,111.32464089228019,111.543634941849,2384385
2019-01-17,113.45789337158203,114.06622352228487,111.27601484720732,111.3733455702788,2734621
2019-01-18,115.05570983886719,115.59104164675497,113.84716548664248,114.99892923844756,5752318
2019-01-22,113.40917205810547,114.48793788193221,112.50072178412027,114.33382660259987,3391487
2019-01-23,114.15540313720703,114.60151965324111,112.93064108104527,114.22029901988564,3147244
2019-01-24,114.51229858398438,115.17740920166277,113.92830125920625,114.2770871055272,2872339
2019-01-25,114.94217681884766,115.74516807006522,114.7069522516676,115.58294151376855,3401884
2019-01-28,113.94450378417969,114.19594573830325,112.63861554458674,113.82284044049081,3690476
2019-01-29,114.96651458740234,115.34773519325461,113.96073353046175,114.24462345081999,2572395
2019-01-30,116.21562957763672,116.59685020717122,114.31762856659142,115.55051901010815,3302681
2019-01-31,116.49948120117188,116.8482669457993,115.38015222741178,115.82626864254026,3685490
2019-02-01,117.37548828125,120.85513868243811,117.07538099114394,120.6118119962709,5874227
2019-02-04,119.98729705810547,120.05219295332743,117.15653863378408,117.18897344989055,4979061
2019-02-05,120.60372924804688,120.60372924804688,119.56551322129924,120.36850463366176,3143425
2019-02-06,120.77405548095703,121.25260678520638,120.2792736410204,120.84705349704578,3339179
2019-02-07,120.16568756103516,120.77403049894215,119.43569441964486,119.77636488909295,3142364
2019-02-08,120.53881072998047,120.56314339793902,119.38703380644445,120.02781157135178,4193178
2019-02-11,120.433349609375,121.11467735782277,120.08457703543701,120.84701804402088,3159340
2019-02-12,121.95823669433594,122.07990002384689,120.82269039973707,121.01735172695457,2816849
2019-02-13,122.86669158935547,123.84002462991835,122.21781164998019,122.46925361135061,2928042
2019-02-14,122.0880126953125,122.99644971168759,121.63379418712496,122.42056787657441,2239453
2019-02-15,124.35921478271484,124.35921478271484,122.95599497360378,123.28855041269397,3224803
2019-02-19,124.32669067382812,124.7079112479129,123.60479959740167,123.78324354977113,2630856
2019-02-20,125.38113403320312,125.59201278540138,124.10769372725767,124.36723781700165,2782366
2019-02-21,124.44338989257812,125.37298892053268,124.01121136244083,125.20175185805259,2871384
2019-02-22,124.92454528808594,125.2507156231671,124.25588752017157,124.96531162939532,3043479
2019-02-25,125.62577819824219,126.13134406645152,125.35669137215825,125.73994504669305,2453563
2019-02-26,125.5116195678711,126.23734735587945,125.26698198870346,125.48715713010748,2107464
2019-02-27,126.06610870361328,126.18026234456183,124.85110577257375,125.46269311202362,1858235
2019-02-28,125.6339111328125,126.04162716296374,125.09572438882935,125.650215021468,3017378
2019-03-01,126.9793930053711,127.08540130349894,126.0987320390186,126.38413594900938,3591909
2019-03-04,125.98458099365234,128.0068578535739,125.56056094949776,127.8519246601931,4316572
2019-03-05,125.69915771484375,126.54721087425219,125.25882064340634,125.99272016297908,3588196
2019-03-06,125.36483001708984,126.40859588474551,125.35668467230154,125.65839246775082,4169093
2019-03-07,124.3373794555664,125.44637407325064,123.6524180159075,125.2262121395667,3797956
2019-03-08,123.61163330078125,123.79102887983055,122.62495101524554,123.35069187643151,3098863
2019-03-11,124.91638946533203,124.94901046001267,122.76364144405204,123.13059132998612,2963161
2019-03-12,125.16915130615234,125.87857531090374,124.59834340266801,125.22623473680747,1933142
2019-03-13,126.4249038696289,126.75107411306742,125.45453848436546,125.82148825919109,2688468
2019-03-14,126.59611511230469,126.90598140089647,125.87853280220351,126.67766095691236,2819714
2019-03-15,126.67766571044922,127.21585246322037,126.41672427852451,126.51457401511391,5609825
2019-03-18,127.96609497070312,128.09656572662365,126.31075468082416,126.8407962522305,2542050
2019-03-19,128.2188720703125,128.9690755821591,127.74591395154121,128.5287384512593,2858971
2019-03-20,127.4441909790039,128.57764805871645,126.9223080411857,128.1780773089708,2518496
2019-03-21,129.20553588867188,129.58064422924505,127.28926745846503,127.50944261522153,2070966
2019-03-22,127.069091796875,128.69995612300394,126.89784153752919,128.51240197294797,2579185
2019-03-25,127.15064239501953,128.21069896592118,126.8897009247408,127.15064239501953,2173459
2019-03-26,128.41456604003906,128.73259095458113,127.68067965463815,127.91715870379515,2349478
2019-03-27,128.1128692626953,129.07507623319628,127.37082426633266,128.29226490139325,2933347
2019-03-28,129.27894592285156,129.3849542463564,128.0313348876307,128.52875551295304,2312131
2019-03-29,129.58876037597656,130.05355982269867,128.82225317660203,129.80893548312355,2869687
2019-04-01,131.66815185546875,131.91278945563303,130.27376638020286,130.46946589910823,2539610
2019-04-02,131.31748962402344,131.73336420972214,130.35526973551416,131.54581007858692,3535995
2019-04-03,130.70594787597656,132.05956704892787,130.5999395670206,131.7986255501952,4047927
2019-04-04,131.3419647216797,131.5702851982566,130.29821208568077,130.68146572867033,2087305
2019-04-05,131.855712890625,132.24711194880436,131.43167964221968,131.7904709132396,1851445
2019-04-08,132.1492462158203,132.18186720057122,130.91793935717345,131.4479808536318,1967094
2019-04-09,131.16258239746094,131.71707315363722,130.91794480394867,131.431669228639,2050383
2019-04-10,130.44500732421875,131.1218103148413,129.82527456061285,131.1218103148413,2526241
2019-04-11,131.20335388183594,131.32566608262965,130.20852597949244,130.61624211649334,1863328
2019-04-12,132.48353576660156,132.61400646543095,131.61102039403943,132.0268949214626,2248153
2019-04-15,132.10032653808594,132.8097504747635,131.92908946408534,132.7119007181917,2538761
2019-04-16,132.8015899658203,132.85051483851984,132.20631974593508,132.57326949271226,3190533
2019-04-17,132.82606506347656,134.26123000354815,132.63851089922977,133.16853920501876,3624800
2019-04-18,137.8572998046875,138.50965356270197,135.2723736165256,136.60153037185114,6765891
2019-04-22,137.1886444091797,138.1508645678818,136.5852287244354,137.19680295676812,3463847
2019-04-23,140.0997772216797,140.25471044220208,137.00112601276714,137.19682557488576,4423733
2019-04-24,139.67568969726562,140.34434721039656,139.4799902110928,140.06710187114163,4058537
2019-04-25,138.96629333496094,139.39847192006377,137.49850729386105,139.19461384781653,3544058
2019-04-26,140.45849609375,140.49110386959111,138.62376083924627,138.75423154719684,2868201
2019-04-29,140.7031707763672,141.16797036450123,140.06713409843292,140.17314241167753,3122629
2019-04-30,141.5838165283203,141.89368285794453,140.64605899344787,141.07823750541564,3874454
2019-05-01,139.3903045654297,142.16278473404174,139.30061335604378,141.68983984498527,3991694
2019-05-02,139.74908447265625,139.87955520425385,138.2649947524562,138.9581147383985,4691318
2019-05-03,141.5103759765625,141.5919085997616,139.765345493248,139.91212005683732,4380445
2019-05-06,140.75204467773438,141.47778551228902,138.83577679037347,139.02333090752919,3184804
2019-05-07,138.50146484375,140.06710032038973,137.71049516051824,139.18642623930168,4969618
2019-05-08,138.91737365722656,139.79803475364739,138.21609499763085,138.4199530775141,3076476
2019-05-09,138.94180297851562,139.03149417554806,137.13968847682264,137.98774158341166,3140136
2019-05-10,139.9529571533203,140.33621084199467,137.0092398421125,138.4281009456795,2485180
2019-05-13,136.0307159423828,137.72680906399032,134.7994091290829,137.38433494207945,3930793
2019-05-14,137.1234130859375,138.03669514367766,136.01441830044368,136.12042661099085,2780563
2019-05-15,138.1182403564453,138.62380626446566,135.7942556874983,136.17750939221258,1983433
2019-05-16,139.26795959472656,140.29540819662446,138.44436900421925,138.5096109607205,3217801
2019-05-17,138.58303833007812,139.6104872290492,137.6860601803044,138.02854754713903,2222795
2019-05-20,137.4984893798828,138.5911801221159,137.00108208514004,138.12638060958065,2187464
2019-05-21,138.297607421875,139.08857710858302,137.85727037939574,138.50146545245408,2691120
2019-05-22,138.06114196777344,139.02336199976102,137.80835904115418,138.1916127043401,2388842
2019-05-23,136.38137817382812,137.06967320135536,135.4718364571017,136.80746178159814,2881994
2019-05-24,136.57801818847656,137.54492105624047,136.46330899345477,137.45478008478528,2159666
2019-05-28,135.41445922851562,137.34825163860802,135.15226110550603,136.72550290667976,4113921
2019-05-29,134.68519592285156,135.30793137219982,133.30040781628475,134.1525749081884,2682102
2019-05-30,135.57015991210938,135.8077898359744,134.8654816585667,134.92282962712966,2070648
2019-05-31,134.6360626220703,135.38171894116977,134.09525650275265,134.1690009827803,2011126
2019-06-03,136.4059295654297,136.81562984372647,134.64420775613132,134.7753134370796,2530273
2019-06-04,137.78253173828125,138.3151527607068,136.7910606898363,137.70058902207893,2864912
2019-06-05,138.81500244140625,139.03624913625848,137.83991447771643,138.618350504454,2872551
2019-06-06,139.5115203857422,139.85567460198905,138.4135247674815,138.86418995787346,2365181
2019-06-07,141.15029907226562,141.95331660145607,140.06050188658966,140.16702610906995,2151496
2019-06-10,140.3472900390625,142.55147909372013,140.2817305509422,142.15816196234033,3199764
2019-06-11,140.6504364013672,142.09258564520277,139.6179874412778,141.33873128616747,1832029
2019-06-12,141.6747283935547,141.89596183556316,140.4783936650538,140.82254784062653,1666619
2019-06-13,141.91232299804688,142.24008058576496,141.20763158196348,142.2236973494015,1486143
2019-06-14,141.60093688964844,142.17452256986442,140.1997524248921,141.7074610816123,1726884
2019-06-17,141.2322540283203,142.16637735329036,140.95365933467545,142.06805137503716,1746830
2019-06-18,144.010009765625,144.56721234333568,141.8713669647386,142.2155211078605,3059606
2019-06-19,143.73141479492188,144.33776708800167,142.7809083594738,143.91988173785933,2320407
2019-06-20,144.45248413085938,145.32924605981634,143.5019777311182,144.55900834391883,4492592
2019-06-21,142.83006286621094,144.94412404577952,142.21551235727722,144.93592579394425,4046442
2019-06-24,143.0758819580078,143.81335320297234,142.7481243301236,142.81368381516847,1905132
2019-06-25,142.5269012451172,143.7314208958635,142.27288807016492,143.41184823111521,1956166
2019-06-26,142.2401123046875,143.22339855288874,142.1991475717547,143.02673334377965,1926564
2019-06-27,142.44496154785156,143.08409362517168,141.9287369342889,142.6416134898635,1922108
2019-06-28,143.05947875976562,143.706808938922,142.57603400457583,142.73172117761064,3767929
2019-07-01,144.8785858154297,145.02608804120396,143.9362775499899,144.73109685543702,1712030
2019-07-02,144.722900390625,145.42759198448888,144.3377814798089,145.02608983317614,1492827
2019-07-03,146.181396484375,146.23875770513413,144.3869082663985,144.84577150091715,1315640
2019-07-05,144.69833374023438,145.40302540638595,143.12509145459254,145.20637343712653,1282537
2019-07-08,143.9444580078125,144.46886755599434,143.23156825774944,144.4606825697499,1669908
2019-07-09,143.82156372070312,144.01821566104886,143.059510920301,143.39546682891242,1693250
2019-07-10,142.95294189453125,144.98505994908302,142.87919744001383,144.3131483424437,1979402
2019-07-11,143.01853942871094,143.42004154320162,141.95331051535976,143.25615609013818,2574410
2019-07-12,145.1490020751953,145.1899668106751,143.1906277099303,143.1906277099303,2331229
2019-07-15,143.40365600585938,145.32925035248041,143.0103388842792,145.32925035248041,1769748
2019-07-16,143.21514892578125,144.12469036896346,142.82183191443534,143.39541756442605,2110329
2019-07-17,138.1676483154297,143.1086467718284,138.08570560056165,143.04310055940118,5809506
2019-07-18,142.4777069091797,142.4777069091797,139.05260239577353,139.79006026612828,4379808
2019-07-19,141.7484893798828,143.39548943729548,141.69112813297772,142.60886828610904,3223212
2019-07-22,142.23191833496094,142.97757466357498,141.2896100570972,141.7730549428572,1871816
2019-07-23,143.28073120117188,143.87888516469755,142.14175796984816,143.56751080603988,2208259
2019-07-24,142.5432586669922,143.6494521484698,142.41215297692727,142.780888559346,1858129
2019-07-25,142.3875732421875,143.11684616481872,141.7648245231567,143.02670519801117,1866511
2019-07-26,142.2564697265625,142.35480894616015,141.47804708164549,142.1827252611985,1866193
2019-07-29,143.01039123535156,143.2808010009818,142.06808271484473,142.4613867146193,1612508
2019-07-30,142.50233459472656,143.35451519036351,142.0352729279636,142.7563477961347,1520944
2019-07-31,141.31414794921875,142.55964528559488,139.43771695981576,142.14993174143615,3073611
2019-08-01,138.92971801757812,142.4203693198627,138.6838898428117,140.8471141050107,2919448
2019-08-02,137.66781616210938,138.5199964926806,136.54522620719214,138.38889080599438,2286137
2019-08-05,132.7513885498047,136.012607418341,131.8336620833845,135.34889405367005,3496419
2019-08-06,134.80809020996094,135.6356889989743,133.74286155034207,133.8657822437508,3824693
2019-08-07,133.88221740722656,134.25095309891807,131.98120423659847,133.5298782227638,3267031
2019-08-08,136.84841918945312,137.2007582697418,134.54589125923377,134.8654638663179,2576957
2019-08-09,136.56982421875,137.38923817612925,135.4062826655156,136.75009290153307,1912028
2019-08-12,134.94740295410156,136.73369306110882,134.7261563041345,135.54555689624183,1581102
2019-08-13,137.64324951171875,139.32301560100467,134.79173036692572,135.12768623793883,3418330
2019-08-14,134.41482543945312,136.6681910624845,134.36566244928486,136.04544216597623,2607195
2019-08-15,133.6324462890625,134.9665419706223,132.66892533436703,134.49713398417006,2355844
2019-08-16,135.9053955078125,136.3418591950408,134.41481675301486,134.90070374990975,1854840
2019-08-19,136.58888244628906,137.79945331743392,136.2924226406659,137.7006333822262,1747679
2019-08-20,134.6206817626953,136.58066842491445,134.5548062442031,136.3830152045851,1831498
2019-08-21,134.88418579101562,135.88065115230447,134.0524291944226,135.88065115230447,1837864
2019-08-22,134.1513214111328,135.7983564522538,133.06427508420984,135.6171820644333,2058340
2019-08-23,128.87249755859375,133.6406654560774,128.0489804317535,132.98185708757453,4607817
2019-08-26,129.2183837890625,130.14073428815882,127.5713493250281,130.00896993114506,3282734
2019-08-27,129.68777465820312,130.28070752012945,128.66661769193908,130.20659257894158,2684542
2019-08-28,131.39247131347656,131.76305938853545,128.84780475102278,129.43249823323993,2507567
2019-08-29,134.72772216796875,135.0571263788817,132.5371648333821,132.98186785094805,4158377
2019-08-30,135.56773376464844,136.40771659854332,135.13949624223355,135.88067246720516,3349153
2019-09-03,134.6701202392578,135.4360016318429,133.9454360527496,134.6536546892562,2970270
2019-09-04,137.6430206298828,138.1289076614199,136.02893014933633,136.02893014933633,4217157
2019-09-05,140.30294799804688,140.78882151656993,138.77119916645793,138.85355354792807,4786808
2019-09-06,140.95350646972656,141.47232436875765,140.42646246585653,140.78057161419045,3530796
2019-09-09,139.71827697753906,142.24647847436358,139.22416389469362,141.55472549135084,5296300
2019-09-10,139.6771240234375,139.701829014068,137.44538209595783,138.87007210879327,4479118
2019-09-11,141.05238342285156,141.11825894408747,139.33945988159564,139.82533351454438,4294398
2019-09-12,138.87005615234375,141.64532088723965,138.68064235765476,141.25826719021592,2946928
2019-09-13,138.11241149902344,139.3229825410747,137.9230110406111,139.1171032028512,2906716
2019-09-16,136.87710571289062,137.86533165449603,136.50651765168257,137.56063243335453,2575790
2019-09-17,137.08299255371094,137.35476070220597,136.09476655769694,137.10769753699003,2426719
2019-09-18,138.32650756835938,138.34297311304042,136.30064561347447,136.61358428938797,1943434
2019-09-19,137.33831787109375,138.97712663348162,137.14067795298803,138.4171379772298,2069162
2019-09-20,138.60653686523438,138.9359411691095,137.2724407684618,138.0218432259239,5358474
2019-09-23,137.6430206298828,138.19478319162582,136.87715259564905,137.3136163139958,2467356
2019-09-24,136.50650024414062,138.7217755583548,135.82298694326363,138.17825269302523,2799130
2019-09-25,137.4700469970703,137.75828069198954,136.09476736655992,136.64652977297246,1745345
2019-09-26,137.55242919921875,138.3512416014114,137.09126052706912,137.4206648168292,2103963
2019-09-27,138.38418579101562,138.74653450885393,136.95949590804108,138.23595586074384,2668203
2019-09-30,139.3394012451172,139.6193954242903,138.40058546869443,139.03470208932353,2206350
2019-10-01,135.213623046875,140.13003555165585,135.07363256183828,139.62769636163551,2963585
2019-10-02,132.65249633789062,134.09365178174033,131.301921408089,133.52542371157108,4795826
2019-10-03,133.0148468017578,133.0230729097796,130.8078100176139,132.26543102881772,3276580
2019-10-04,134.75250244140625,134.86780131248074,133.27017599785813,133.41016653281213,2908838
2019-10-07,134.38186645507812,135.52654854078838,133.854808996603,134.46420751709223,2349478
2019-10-08,130.6266326904297,132.8913055090459,130.60192770206916,132.85013497258757,3626604
2019-10-09,131.63128662109375,132.31481332340877,130.73365452530763,132.28186890425022,1782904
2019-10-10,132.56187438964844,133.61597590039406,131.63953723429913,131.64776334046928,1711499
2019-10-11,134.6701202392578,136.1689252595665,134.0195510264006,134.24189594735356,2381839
2019-10-14,134.21713256835938,135.23828953767207,133.8300789860516,134.74418992827776,1120310
2019-10-15,134.7606964111328,135.73244371472086,134.33247217542302,134.66187645923264,2986185
2019-10-16,134.75250244140625,135.33720957482936,133.97016866992382,134.7360368880093,3660238
2019-10-17,137.9559326171875,139.16651690814223,136.36654743554328,136.95124098267786,3504165
2019-10-18,136.35003662109375,137.9147297830979,133.76418651750623,137.65120111029478,4691636
2019-10-21,139.12535095214844,139.37241417222893,137.17361684240882,137.503021136755,2688998
2019-10-22,139.12535095214844,140.08887217884953,138.26066301293625,138.9277110420263,3490796
2019-10-23,139.874755859375,139.9982808053839,139.17476338875383,139.94887082698034,2524225
2019-10-24,141.20059204101562,141.41471078447373,139.14178565972406,139.9653162116956,2314041
2019-10-25,141.34060668945312,141.72766038217262,140.53356820894277,141.0194418517307,2069162
2019-10-28,142.205322265625,143.06178414001192,141.62062861377427,141.62062861377427,2511599
2019-10-29,142.60055541992188,142.7240803179812,141.34880089979322,141.72761503131605,2879554
2019-10-30,143.7864532470703,144.11585749300195,142.50999346199964,142.6664628119917,2075740
2019-10-31,142.24649047851562,143.7864792720358,141.34061863892387,143.43236997687708,2273935
2019-11-01,145.0382080078125,145.17821182468884,143.23470393043928,143.53117711164862,3008147
2019-11-04,148.23350524902344,148.23350524902344,145.43353492052455,145.43353492052455,4650681
2019-11-05,148.79342651367188,149.74046859774597,147.59932127782355,148.0440242850778,5470728
2019-11-06,148.90048217773438,149.0404859601682,148.00285007984618,148.79342281453623,2909686
2019-11-07,147.95350646972656,149.87229643262432,147.72292209651442,149.7158270366129,2704277
2019-11-08,149.22991943359375,149.24639831307428,147.86287905532862,147.95347289519123,1736645
2019-11-11,148.9169464111328,149.41929880346873,148.0604848455056,148.80166094345776,1691871
2019-11-12,149.88873291015625,150.8028307027833,149.13933057612613,149.19697998622675,1927731
2019-11-13,149.8393096923828,150.531062555156,148.65344383265023,148.88402812024128,1968367
2019-11-14,148.68067932128906,150.10417094463915,148.23376557709574,149.52483781702918,2343006
2019-11-15,150.4186248779297,150.58415241238805,149.51653063214064,149.72343335086381,3440505
2019-11-18,148.8047637939453,150.16205192771827,148.45717476367543,150.16205192771827,2552554
2019-11-19,149.06964111328125,149.54964960291068,148.15098592627604,149.38413544038752,2836265
2019-11-20,146.66952514648438,150.3772398454156,146.1067530041014,149.73997093831545,4446333
2019-11-21,146.09849548339844,147.05852579356008,145.16329296579696,146.42955058246858,3326341
2019-11-22,146.3136749267578,146.9178357287478,145.37847243275024,146.38815830255925,1965184
2019-11-25,146.08197021484375,147.2737312356491,145.63505648236602,147.19924784668663,2819608
2019-11-26,147.74545288085938,148.713763604462,146.53713122598757,146.90128112215427,4858213
2019-11-27,148.4903106689453,148.68066602784404,147.42268869721235,147.80339941500984,1108533
2019-11-29,147.770263671875,148.2833802668812,147.0502443596115,147.96061899528354,1732719
2019-12-02,144.2694549560547,147.93578103686252,144.25289416464474,147.77025351495433,3239764
2019-12-03,142.80462646484375,143.4336151952635,141.73700438260585,142.8294542621654,4005806
2019-12-04,143.35084533691406,145.65161698528348,143.30118974437255,143.9798340407102,3112337
2019-12-05,144.012939453125,144.2529370128715,142.8708340493291,143.73153990255577,2484968
2019-12-06,145.21298217773438,145.85025133218542,144.61710161960178,144.7578014091584,2247198
2019-12-09,144.41018676757812,145.4612614051655,144.21156439769828,144.98123947968548,1651447
2019-12-10,144.0377655029297,144.6667407882476,143.72327116091955,144.41018243528194,2151496
2019-12-11,145.66818237304688,145.81714916906859,144.16192681672666,144.49296860745417,2306720
2019-12-12,146.8102264404297,147.44748195559825,144.99775765197103,145.94122703025565,2416534
2019-12-13,146.4709014892578,147.9688759890302,146.34676254703606,146.81022353046296,2175262
2019-12-16,145.9908905029297,147.31507058144675,145.7757207867441,146.7109232184224,3403264
2019-12-17,146.23919677734375,146.68611044682487,145.5026165924823,145.86676648632601,3225228
2019-12-18,144.5343475341797,146.51233114554807,144.34399215286413,146.12335338282742,3835197
2019-12-19,146.0736846923828,146.1729958741824,144.41018220113293,144.84054852053418,2844117
2019-12-20,145.9991912841797,147.05853281516244,145.78400813924992,146.61163252774102,4617366
2019-12-23,146.01573181152344,146.8019541034717,145.5026018141693,146.8019541034717,2734940
2019-12-24,145.91644287109375,146.36335660427852,145.43643434189738,146.0240344548885,663656
2019-12-26,146.38818359375,146.40474439036734,145.4281531419461,146.12334483490008,1347152
2019-12-27,146.05711364746094,146.68610222862435,145.89986650217008,146.5536828747636,1383438
2019-12-30,146.0074920654297,146.48750061109197,145.46126712806713,146.12335065285026,1771976
2019-12-31,146.4875030517578,146.55371944456135,145.21297817667664,146.04060269449977,1834363
2020-01-02,149.62408447265625,149.63235146820554,146.60329482181447,146.90122823029742,3031701
2020-01-03,148.02684020996094,148.8296233877901,146.82679894251388,147.5964873285674,2976317
2020-01-06,146.90956115722656,147.6295805505582,146.42955269457246,147.1826802780288,3477852
2020-01-07,146.99229431152344,147.3729915231969,145.3205119409564,146.79367200955437,3185971
2020-01-08,147.11642456054688,148.22542134553288,146.26398603334954,147.04194120170797,2700776
2020-01-09,148.20065307617188,148.49860002987947,147.36477500327322,147.89443912284935,1898660
2020-01-10,147.87789916992188,148.8875852661094,147.43098541621174,148.8875852661094,1773674
2020-01-13,150.02142333984375,150.07935933859568,147.88619237381624,148.3496535664223,2399876
2020-01-14,149.34271240234375,149.97998130723133,148.5647571616982,149.37582058669213,2324863
2020-01-15,149.574462890625,150.9896736998732,148.8461631950332,150.0379238971472,2759449
2020-01-16,150.8406982421875,151.03104015251014,149.62410982071881,150.2117097416817,2350539
2020-01-17,151.64349365234375,152.33040478242475,151.06416068098903,151.3372797727161,2767088
2020-01-21,149.739990234375,151.7014393870821,149.35929295943413,151.48625625838926,2322105
2020-01-22,149.01165771484375,150.52619288218534,148.8130354235324,150.26135422797188,1996484
2020-01-23,148.6227264404297,149.41724265064684,148.16754574810452,148.81308179471745,2582474
2020-01-24,146.5950927734375,149.18551768707283,146.06542863127464,148.9041315180014,2903957
2020-01-27,143.6239471435547,145.11364153723719,143.56601115968783,144.2280945793909,2643482
2020-01-28,145.21298217773438,146.28060430245188,143.3756849067176,144.10398485540227,2311282
2020-01-29,145.38681030273438,147.0999688195002,145.35370210083443,146.48752737852686,2333139
2020-01-30,147.5965118408203,147.95238140176838,143.83914025808127,143.83914025808127,3263742
2020-01-31,143.35911560058594,147.24061233496542,141.8032047477385,147.24061233496542,5835500
2020-02-03,141.78665161132812,145.34538720924184,141.24870710196402,144.38535677161082,3758805
2020-02-04,145.0060577392578,145.70952978458718,144.00465215870298,144.07085514474133,3175043
2020-02-05,146.40475463867188,147.00890218862895,145.16332454450082,146.41302163885646,2990004
2020-02-06,145.9495391845703,147.31509467061687,145.7922920208563,147.31509467061687,2575578
2020-02-07,145.06398010253906,146.2557409289205,144.58397165241072,145.53572155437766,3453025
2020-02-10,146.44613647460938,146.58683626857038,144.09570896711236,144.76608633986265,2546082
2020-02-11,148.266845703125,148.92066209787114,146.65299900938595,147.52199853628414,3128359
2020-02-12,149.94692993164062,150.32764069913603,148.1841160780368,148.53998564883562,3130799
2020-02-13,149.06964111328125,149.75656575379267,147.88616058649862,149.2434356734762,2106828
2020-02-14,149.6407012939453,150.50970093595177,148.95377661894668,149.39242333834486,2640829
2020-02-18,148.4903106689453,149.3758576795975,148.10133295203187,149.05309634782358,1929535
2020-02-19,149.68211364746094,150.36075809285418,148.55656877103814,148.82967459000065,2614835
2020-02-20,149.54962158203125,150.79931825863082,148.150958167462,149.73997690190313,2479345
2020-02-21,148.87106323242188,149.7897052951599,147.9358603693929,148.6475996181407,2058764
2020-02-24,145.0557098388672,146.79370901401248,143.55773500360465,144.3687986055988,3399762
2020-02-25,138.8734588623047,146.11508278851298,138.0706755589351,145.3619550792732,4341824
2020-02-26,138.3603057861328,142.41560983217616,138.02098371622674,139.52723873911717,3619814
2020-02-27,132.76036071777344,138.8179932655157,132.73539853842723,135.63940391556736,4192329
2020-02-28,134.94039916992188,134.94039916992188,125.32973468989066,127.93417947373858,10141144
2020-03-02,136.66287231445312,137.69466029610962,131.12945932394172,135.7059573952842,7156339
2020-03-03,134.70742797851562,139.9412802428351,133.6007402287714,136.69613045372913,6481119
2020-03-04,142.44586181640625,143.06161779439378,136.67946584087645,137.21201009522028,4808983
2020-03-05,137.2286834716797,139.71664327146124,135.81412420797483,138.54339402900035,5723777
2020-03-06,136.48812866210938,137.3951056983813,131.12112603113053,132.14460220459378,5327918
2020-03-09,127.193603515625,130.85481133503092,124.5974841318417,126.89405749652018,6205789
2020-03-10,134.541015625,134.74903823726606,127.60136942512896,129.6815955477895,5811734
2020-03-11,127.6346664428711,131.03792885013465,126.11194657284261,130.4970726546043,5121341
2020-03-12,112.20767211914062,121.05281051330608,111.866513368568,119.31374283689249,7607901
2020-03-13,124.32290649414062,124.547579515261,114.84537725766087,118.28192610685572,6710613
2020-03-16,112.55714416503906,119.18060123831081,103.18778698752801,106.50783737247413,6250351
2020-03-17,109.66979217529297,118.13216576144455,108.33011938005463,113.35595682724885,9044813
2020-03-18,99.52657318115234,103.28763083234995,84.12454689734608,101.4487078785373,8099568
2020-03-19,98.98571014404297,101.86474601345172,93.21098797493975,97.97887775380036,7229760
2020-03-20,93.61039733886719,100.81631619892077,92.1792011316201,100.59165661224276,7216073
2020-03-23,86.4211196899414,92.42882697252134,84.10790195611898,89.44161029121035,8700624
2020-03-24,99.44335174560547,99.45998870308244,90.90608017726936,91.53015467974477,6152845
2020-03-25,107.88077545166016,112.61538475262024,99.68466819522793,100.09239494843101,7595805
2020-03-26,114.32949829101562,115.98535402975867,109.13723781753889,109.69474436456926,5935658
2020-03-27,109.22877502441406,112.50721952735562,106.62432950898074,109.35359264533561,4164319
2020-03-30,109.62816619873047,111.30067221421584,108.28017516995544,108.79606906277425,5342878
2020-03-31,111.32565307617188,113.25610636214151,108.17201942189337,109.70307113461858,5619056
2020-04-01,107.93072509765625,109.23711058715784,104.4276139337399,106.74083202401492,4505112
2020-04-02,110.51020812988281,110.79312405465909,105.79224847201199,107.00709698341593,3717956
2020-04-03,106.05017852783203,110.5351526381385,105.28464936624735,110.2522434942027,4277422
2020-04-06,111.50037384033203,112.64034231237844,110.26055667184193,111.10097231894626,5171632
2020-04-07,112.53218078613281,118.34018422592735,112.33248337126666,117.02548712601961,4298854
2020-04-08,115.86886596679688,116.8091303418898,112.50721000121045,113.72206503634673,4127927
2020-04-09,119.3470230102539,121.73512064853996,116.24332051934763,116.4929422869923,4631265
2020-04-13,114.7788314819336,119.1639569395568,113.58893185565671,118.78951083451777,3200294
2020-04-14,116.9838638305664,119.59663430209612,115.28639554559877,117.08371252887825,3699283
2020-04-15,112.1993408203125,114.8037929003679,110.26056246796684,114.4709459330961,3451221
2020-04-16,110.11079406738281,112.58211015918204,107.82253842682799,111.98299771688185,4261719
2020-04-17,115.09503173828125,116.65936404890948,112.88998111483139,113.05640460494111,5040493
2020-04-20,112.9149398803711,114.98685434339089,112.24094766686547,112.98982640729142,2683269
2020-04-21,109.8362045288086,111.51702926419382,108.7711224670707,110.72654461777988,2565604
2020-04-22,110.69325256347656,112.09116807990469,109.62817728220338,111.68344131769412,2790112
2020-04-23,112.06621551513672,115.31969794059606,111.63352654013309,112.12446508713865,2956370
2020-04-24,112.76517486572266,113.36428059501907,110.13576039993345,112.91494793024086,3011012
2020-04-27,116.39309692382812,117.39161096554001,112.98151626212832,113.60559090600417,3329100
2020-04-28,118.78952026367188,121.97643460360504,118.25698931845479,119.25548989244574,3583952
2020-04-29,121.61865234375,123.04152356490916,119.82964669240155,121.06947090530387,2812923
2020-04-30,118.07393646240234,119.81300420163655,116.95892320258272,119.39695890121043,4766649
2020-05-01,114.2046890258789,116.07689262590223,111.64184277618443,115.93543131545134,3905647
2020-05-04,112.49888610839844,113.46411261199658,110.51018353871788,111.41716721544263,4374503
2020-05-05,112.22431182861328,114.07156010459572,111.94140266114329,114.07156010459572,3312760
2020-05-06,110.70159912109375,113.25612063399329,110.65166802448586,113.25612063399329,2492820
2020-05-07,110.4935531616211,112.87333217363349,109.8445163986984,112.01627952896294,3285387
2020-05-08,113.92179870605469,114.2629440082144,111.83324018730214,112.05790654241069,2907564
2020-05-11,111.73338317871094,113.09801143540393,111.62520924990335,112.96487532850414,2500140
2020-05-12,106.16667175292969,113.18953667600427,106.09177849080007,112.59874273698874,5167494
2020-05-13,102.32240295410156,105.79223293029094,101.41542594440568,105.78390771467176,6139158
2020-05-14,106.49677276611328,106.6728030692184,98.16479841087546,100.81359205634278,5544998
2020-05-15,105.12207794189453,106.16985953869364,103.71385594745543,105.08854513104501,4944578
2020-05-18,114.03243255615234,115.3316899260578,108.70131253985309,109.38865376416688,6793371
2020-05-19,110.60409545898438,113.51274485790564,110.59571564787593,113.37024735742918,4697896
2020-05-20,114.02405548095703,114.5688991977711,112.54038805314357,112.78347039834351,3129632
2020-05-21,115.41551208496094,116.33756261334293,114.24198582854237,115.2813944107833,2519132
2020-05-22,116.66447448730469,116.79859217420751,114.37611435481831,115.23111291250582,3138438
2020-05-26,121.49267578125,122.59913656834978,120.21017788901301,120.5119460902878,4636782
2020-05-27,124.55220794677734,126.52205411766562,123.11045957232957,124.35942477072098,4553494
2020-05-28,123.6888427734375,126.74837680623187,121.27475108217517,125.73411414683771,3694190
2020-05-29,122.25548553466797,125.65030719258232,120.98137399922373,122.14651404065789,4387235
2020-06-01,122.53203582763672,123.8815853942794,121.46749475796862,121.9536593805814,2197437
2020-06-02,124.35103607177734,124.66956392141289,122.75841039414539,123.88163089459205,3846974
2020-06-03,128.54214477539062,129.40551624961904,125.77599327746785,125.9352571623729,3175255
2020-06-04,130.6880340576172,130.91436362113757,126.68130325725035,127.41894384693218,3998060
2020-06-05,135.26475524902344,138.91105236063044,134.56903407377163,136.55562628406503,4800919
2020-06-08,136.56396484375,137.72071776703368,135.01324554181957,135.43235813312288,3791377
2020-06-09,132.52369689941406,134.95456068017856,132.0542919031173,134.4180900726734,3903525
2020-06-10,129.1875762939453,132.3141614679248,128.60919976617777,132.20520358098332,3511698
2020-06-11,120.23530578613281,124.74497350159753,119.94193779669841,124.61085582930684,4440179
2020-06-12,121.13221740722656,124.89585834252078,118.31577325998475,124.23367010690077,3832756
2020-06-15,122.90926361083984,124.14145535187119,117.10035193423884,117.45239896279462,3516154
2020-06-16,124.98807525634766,127.7542270819964,122.52367804592754,127.50275133209527,4036575
2020-06-17,124.34265899658203,125.79279405498256,123.89840000663399,125.47426618095439,3721564
2020-06-18,124.25042724609375,124.89585584772553,122.64941527967777,123.0936741500047,2739078
2020-06-19,121.85311126708984,126.43821839593035,121.31664048816374,126.11969056726107,5587120
2020-06-22,121.49267578125,122.80030632216986,120.15151242451192,121.21605379920274,2684224
2020-06-23,121.42559051513672,123.42056881974742,121.30824603456443,123.1272008330455,2450698
2020-06-24,115.96876525878906,120.14313288973064,115.74243570189356,119.71563356719062,3576843
2020-06-25,119.41386413574219,119.69885912530576,115.49933222299862,115.70051553428284,4264159
2020-06-26,115.85140228271484,119.28812920023483,115.28141225712866,119.28812920023483,10880873
2020-06-29,120.06765747070312,120.11794989671797,116.74827593047496,117.44401044124928,3152443
2020-06-30,121.19926452636719,121.97881070225642,119.04502251422734,119.24619221883326,3912968
2020-07-01,120.79691314697266,122.78351828844058,119.84132989635202,121.7273501841844,2768680
2020-07-02,121.55970001220703,123.34512188023598,121.16573362080842,122.02910504401709,2926769
2020-07-06,123.40384674072266,124.30913790301733,122.49018255118865,123.42899296353382,2479239
2020-07-07,121.51779174804688,122.46498838738177,120.92264209025338,122.38116315397721,2781942
2020-07-08,122.0374984741211,122.32249343292993,120.6292697292732,121.065155547898,3806656
2020-07-09,118.50019836425781,121.97884475770506,118.4666791178261,121.32502946465489,3360399
2020-07-10,119.40546417236328,119.96708106311624,118.10620688741514,118.71811620772301,2466825
2020-07-13,120.27725219726562,122.28061756557406,119.23784339627632,120.35269086039018,2743428
2020-07-14,124.14146423339844,124.31748776026969,119.27136237857898,120.27723824464562,2811438
2020-07-15,127.35186767578125,127.98892325911977,126.46334992562134,126.73995830912486,3166661
2020-07-16,128.3158416748047,128.67628892407586,125.94366967396317,126.58071177413024,3923154
2020-07-17,129.92520141601562,130.2437291556142,127.79610565965223,128.66786364636292,5184577
2020-07-20,128.57569885253906,129.82466405523,127.84644485066798,129.1876083429996,5173648
2020-07-21,129.7240447998047,131.61843823972885,128.98640439592123,128.98640439592123,2540034
2020-07-22,129.59835815429688,130.43658370597902,129.01159483990054,129.1792453784558,1908315
2020-07-23,128.8607177734375,130.3359990901319,128.13983674076286,129.38880204341547,2785762
2020-07-24,125.2563247680664,129.29657470946393,124.92941032745313,129.08701834616173,4634766
2020-07-27,126.37113952636719,126.53879001985702,123.99058122796345,124.72822168644922,3584376
2020-07-28,127.41893005371094,127.47760908757125,125.24792793577842,126.15321895076963,4142356
2020-07-29,129.5731658935547,130.28566007344656,126.714802578875,127.0500899663117,3513502
2020-07-30,125.02998352050781,128.3074599351281,124.921012050492,128.19010186878975,2916795
2020-07-31,125.20600891113281,125.2982071798815,123.21940355929439,124.82880209951392,4308933
2020-08-03,124.50187683105469,125.9436383282133,123.4792415160062,125.84303990218181,2233829
2020-08-04,123.49603271484375,124.19175378046475,122.55720892876836,123.43735368373709,3266076
2020-08-05,126.42143249511719,126.57232336811373,124.51866588162095,124.71983561822503,4347129
2020-08-06,127.89673614501953,128.16497155518488,126.01911541495382,126.50528022165086,2655365
2020-08-07,130.0174560546875,130.14318715894535,127.29320975285768,127.77938811671544,2673932
2020-08-10,133.63858032226562,134.01578716900872,130.05934928799846,130.05934928799846,3033187
2020-08-11,134.35108947753906,136.84061965822272,134.2002121503572,134.71990976879187,4003896
2020-08-12,134.17506408691406,136.48018409032164,133.26977299516125,136.22872188180446,2832233
2020-08-13,134.01487731933594,134.57966985924503,132.82629506300387,132.9190283071426,2731969
2020-08-14,135.1107635498047,135.60811133578287,133.1550811848445,133.18880361107594,3018227
2020-08-17,133.8294219970703,135.6165191805261,133.23092069518597,134.89999623324908,2989049
2020-08-18,132.66615295410156,134.6724257697103,132.53127689728422,134.0233338933219,1983327
2020-08-19,132.21932983398438,133.2983378629192,131.63768303906883,132.82626502662347,2226084
2020-08-20,131.6461181640625,132.36264096863636,130.8368757828116,131.0813257471094,1697918
2020-08-21,132.76730346679688,132.98646509008114,131.46913352522714,131.46913352522714,2660776
2020-08-24,134.34364318847656,134.41107438339097,131.93275620203775,133.27306890872438,2214307
2020-08-25,138.6933135986328,140.77543702136478,137.84191485676493,138.53314920863247,7851931
2020-08-26,139.3508758544922,140.29499450657605,137.69023419589837,138.92095932113074,3678063
2020-08-27,139.92404174804688,142.2000520275337,139.16537620397554,140.09264015662842,4542247
2020-08-28,141.9387664794922,142.2085185359503,139.4773028470449,140.20225979286656,13805520
2020-08-31,139.5531463623047,142.1157632057787,138.82820317644214,142.10734283782546,4840176
2020-09-01,141.59312438964844,141.7532887921331,137.82505757100267,138.0695211822593,4217051
2020-09-02,145.3865203857422,145.774280478128,141.55102131262177,142.23382189482874,4362726
2020-09-03,140.18540954589844,146.52452908783968,139.14013725359868,146.14518935736177,3742890
2020-09-04,140.51414489746094,143.0177511445044,138.73548189871238,142.22536306313205,3529417
2020-09-08,138.4741973876953,140.30343763029103,137.65652070785973,139.24973127211518,2967405
2020-09-09,139.7217559814453,141.23908730204863,138.9715106897718,139.30027354269163,2978758
2020-09-10,138.4741973876953,141.02838105402242,138.09485763984068,141.02838105402242,2986609
2020-09-11,140.31182861328125,141.1548071705419,138.47416838485964,138.67647559612794,2245819
2020-09-14,142.01463317871094,142.91660895037742,141.08736900444055,141.62687312302552,2264174
2020-09-15,141.87136840820312,143.29598058280115,141.67748151349767,142.68904513772225,1964123
2020-09-16,143.30438232421875,144.45082185911946,142.02308039441428,142.70588097545294,3344272
2020-09-17,143.5909881591797,144.52667269667904,140.53100958046892,141.65216059888505,2823745
2020-09-18,142.20852661132812,143.70056972856023,141.36556162248536,142.8660387567344,5207388
2020-09-21,136.0295867919922,139.24129630532343,133.6861444132686,138.93782177965198,4731636
2020-09-22,137.1338348388672,137.40357319687237,134.97583244391228,135.59120164709017,2653561
2020-09-23,133.854736328125,138.1623088629273,133.045493628952,136.8304163222745,2660564
2020-09-24,133.8294219970703,135.6502416002492,132.21935728170354,133.45851632194518,2374836
2020-09-25,136.13072204589844,136.61121535245184,132.48911011298262,132.8937382101765,2752128
2020-09-28,138.7860870361328,140.05896863578755,137.59750467139892,138.61748856629112,2665869
2020-09-29,138.6764678955078,140.1263680060613,137.799780616568,138.71862432703142,2301627
2020-09-30,138.7607879638672,141.55101463577955,137.42047526767203,139.7386289897714,3059287
2020-10-01,137.976806640625,140.89346111019728,136.661768959797,140.10107308391812,2556267
2020-10-02,139.60372924804688,140.77545693566978,136.01269463392137,136.2402902295151,2482634
2020-10-05,142.2253875732422,142.67215849209225,140.5563119051516,140.76705316210496,1856750
2020-10-06,140.6827392578125,144.50138353694066,140.45514363705905,142.55413561755563,2488894
2020-10-07,144.61097717285156,145.15890167710307,142.05678019741748,142.4529879288038,2154042
2020-10-08,146.49078369140625,146.5666488961488,144.5519561968639,145.31063553884056,2098552
2020-10-09,146.99659729003906,148.41277538063545,146.06089893381318,147.01345167899433,2797751
2020-10-12,147.82269287109375,149.18829400778478,146.77740697544118,147.56979517897648,3603474
2020-10-13,144.61097717285156,147.468634988569,143.74272379456107,146.61723599675764,2456533
2020-10-14,146.22947692871094,147.48549038281575,145.66468438684458,145.90914805248315,2530061
2020-10-15,145.5045166015625,146.2884843875034,143.58255703568486,144.1979263704548,2585233
2020-10-16,147.40122985839844,148.69938632329297,145.66470914749482,146.0861917094868,3850157
2020-10-19,144.6446990966797,147.65408732221087,144.18949419054036,147.1735940128014,2231814
2020-10-20,146.05245971679688,148.12614977096433,145.38651355345777,145.38651355345777,1676698
2020-10-21,145.72364807128906,147.7046178645583,145.45389608938171,145.4876184989382,1938447
2020-10-22,149.0786895751953,149.4158728127492,145.86698068394114,146.3474739622751,1996908
2020-10-23,147.9744110107422,150.5876050619678,146.38963473526567,150.04810094807112,2109162
2020-10-26,143.44769287109375,146.00187636924596,141.28126946598107,146.00187636924596,2465446
2020-10-27,140.56471252441406,143.17790621919715,140.48884732760968,142.49510580068363,2131867
2020-10-28,135.8525848388672,139.51948612574955,135.69242036181788,136.9990245878895,3430744
2020-10-29,138.7523651123047,139.71335182876248,134.38579574154926,135.22034042880938,3303530
2020-10-30,139.04739379882812,139.7301943457642,135.7598194353265,136.17288155864986,4657260
2020-11-02,146.3474578857422,147.09770313061367,141.7111513486752,142.6299813701665,4454396
2020-11-03,151.06808471679688,152.0627799838118,146.88696915337778,147.96596363648842,3946708
2020-11-04,150.815185546875,153.78241666516803,146.0692779955028,148.73304834310292,4582035
2020-11-05,154.4989776611328,155.42624187965194,151.9195058833375,152.06280228917237,4864791
2020-11-06,155.33351135253906,156.79184559575404,154.1617835481056,154.7097080236373,3268198
2020-11-09,166.05606079101562,177.0230530616088,163.04665892645647,172.72392898653013,8207047
2020-11-10,170.262451171875,171.13912484176404,167.01701993041394,168.0960144564334,6241014
2020-11-11,167.99488830566406,171.08015562854956,167.19407970822786,170.53221743623095,3436049
2020-11-12,167.0463409423828,168.7994628284316,165.72513750254416,167.3088841761859,2822048
2020-11-13,170.68807983398438,170.99296341935812,168.4013980986399,168.4013980986399,2498867
2020-11-16,176.6588592529297,177.52272352720973,172.26334440536647,174.45687190519698,5197627
2020-11-17,173.89791870117188,175.23605559180066,172.22949122343366,175.23605559180066,3658116
2020-11-18,170.3238983154297,173.59300562957873,170.1968634857533,173.19495402241898,4692060
2020-11-19,171.68746948242188,172.00082668277787,169.2906858974464,170.46790750014898,3462043
2020-11-20,171.07762145996094,172.20402868132723,169.8072460354548,170.88282562548397,2502899
2020-11-23,173.26268005371094,173.87246082417332,172.28025471734054,172.47503684638937,2977590
2020-11-24,176.06600952148438,176.82824592116376,175.09205754676816,176.4132471963635,4300870
2020-11-25,175.88816833496094,176.70120499020453,174.93114972587966,176.15918512379588,2582792
2020-11-27,177.3533477783203,177.36182133811238,175.8204287091396,175.87970249389872,1521686
2020-11-30,172.70375061035156,176.37090958473996,172.70375061035156,175.45623137530944,6860108
2020-12-01,174.63473510742188,177.7090468315179,174.40607239246256,175.38849801994652,4027026
2020-12-02,176.15921020507812,177.04000803856772,174.43995491870598,174.45690203995932,2609954
2020-12-03,176.3455047607422,177.37874425505203,174.81257207096772,174.98196098921954,2948943
2020-12-04,180.12277221679688,180.30062099000148,177.3364107840377,177.3364107840377,3393927
2020-12-07,178.78463745117188,179.36901142408436,177.30253233085273,179.13187515328374,2753401
2020-12-08,179.60609436035156,180.44455147452214,177.76827852394524,178.12398968014756,2442740
2020-12-09,179.7501220703125,181.08824517524837,178.46279918776742,180.25827511809285,3126130
2020-12-10,179.52146911621094,180.22441814235415,178.0393638647495,178.06477083489546,3169419
2020-12-11,181.77427673339844,182.30783679506135,177.47191571091884,177.47191571091884,3311063
2020-12-14,179.41981506347656,183.52737975758194,179.29278023127745,182.93453225897147,3549363
2020-12-15,181.38465881347656,182.0029132534439,179.44521474971793,181.24069057991204,2655153
2020-12-16,178.11553955078125,181.52015495346956,177.20087514650135,180.72405180934658,3108836
2020-12-17,179.4960174560547,179.4960174560547,177.8529972323187,178.65757393872636,2279346
2020-12-18,177.8869171142578,179.9788033025148,176.68428856772934,179.7924809561868,7094058
2020-12-21,178.41195678710938,178.8354153074834,173.4913561660048,174.15195090933796,2618018
2020-12-22,176.10838317871094,178.8778113264911,176.03216227252372,178.33577771192125,2142796
2020-12-23,177.8445587158203,179.665441756338,177.20937078389895,177.52274168110705,2171549
2020-12-24,177.45492553710938,178.4458244362632,176.66729603672897,178.30184251676778,800949
2020-12-28,177.80221557617188,178.89474264125846,177.3279430246057,178.69994674244086,1820358
2020-12-29,177.1162109375,179.03870808202373,176.05756441735795,179.03870808202373,1620784
2020-12-30,178.6575927734375,179.1996126291647,177.48037133271944,177.85301598220855,1699828
2020-12-31,180.13970947265625,180.39379286535168,177.5735508451293,178.69994471450082,1492190
2021-01-04,176.11685180664062,180.40226586557708,174.77025497434914,180.25829760602306,2470963
2021-01-05,176.5487823486328,178.01395416797595,175.29533984768398,175.29533984768398,2304598
2021-01-06,179.76705932617188,181.22375744832087,177.20090077676969,177.3872231079025,2915522
2021-01-07,180.0634765625,181.24915784890473,178.53055759378017,180.30061281978095,2182795
2021-01-08,177.87840270996094,180.74098459567185,175.87967129818117,180.22437176522286,3478913
2021-01-11,176.46408081054688,177.5312009201135,176.0152152219813,176.25235150063364,3118173
2021-01-12,176.9044647216797,177.41261774502158,173.8386131749791,176.04060046862034,2651227
2021-01-13,175.32920837402344,176.68427866122585,174.8041218941572,176.39632845327537,2275951
2021-01-14,176.67581176757812,177.6667109801654,175.46472339428655,176.19307935703472,3884852
2021-01-15,174.43991088867188,176.04059076729882,173.78778966659777,175.76111416105553,4124638
2021-01-19,175.10897827148438,176.80282615044908,174.84643507239088,176.36242049163963,2818334
2021-01-20,176.22691345214844,176.7265928900677,175.03275870948994,176.09140507235105,2601996
2021-01-21,173.8131866455078,175.99824028655704,173.70308523652935,175.1936636142213,2870111
2021-01-22,171.28941345214844,173.16111046875403,170.5610574787322,172.9917215322584,3716365
2021-01-25,170.96755981445312,171.5519337424996,169.46850768978575,170.51869427521197,5026700
2021-01-26,170.28152465820312,173.4235965285044,170.21376362144701,172.63595331594786,2336216
2021-01-27,168.85873413085938,170.02748203772168,166.44501741598216,167.7831542440244,4359225
2021-01-28,171.78907775878906,173.9148442803982,169.07046372327147,169.90892105994325,3959334
2021-01-29,165.46258544921875,170.17993098045162,164.76811009496123,166.4280775823954,4917841
2021-02-01,165.62350463867188,167.49520145710207,165.38636837944347,167.30887913118968,3065229
2021-02-02,169.48541259765625,170.12060029940395,167.27495226572051,167.5459689758346,2936636
2021-02-03,168.65550231933594,169.2991638576138,167.1903304481952,169.0704874104555,2026616
2021-02-04,169.88348388671875,170.6202995127381,168.39290551878892,169.23982255306564,2411971
2021-02-05,171.85682678222656,172.66138982477153,170.46787611487017,171.27245286867543,1982054
2021-02-08,172.6529541015625,173.53375187439053,171.55195345771193,172.61907357265238,2202318
2021-02-09,171.09457397460938,172.602099476225,170.29847085609146,172.4327105828667,1903434
2021-02-10,171.21315002441406,172.22098241037065,170.38316637972656,171.9245587007495,2010171
2021-02-11,171.23011779785156,172.00928767285347,170.12913089685551,171.23011779785156,1813249
2021-02-12,172.4073028564453,172.5936251538107,170.78121610568755,171.39099692331433,2111708
2021-02-16,172.2972412109375,174.10117711737334,170.97605141971223,173.49986971898207,2422687
2021-02-17,170.9929656982422,171.23857550835126,169.26525089098405,170.53562660282608,3087722
2021-02-18,172.36500549316406,173.46599243603114,169.934341462967,170.6542238692704,1872559
2021-02-19,172.3988494873047,175.16827730933554,172.19559376137968,172.87312198863674,2582898
2021-02-22,172.4496612548828,173.02557532321129,171.43336892674972,171.9584553529742,2339823
2021-02-23,173.6522674560547,174.32980929962764,171.89914593183656,173.62686049387437,2609317
2021-02-24,178.72535705566406,179.6654423277539,172.34805703607913,173.52527858839002,3545332
2021-02-25,174.20828247070312,179.03156444824106,173.75743006982182,178.5977341803435,2901835
2021-02-26,172.1326446533203,175.0674474769888,171.89445875545383,174.92282821630675,3889308
2021-03-01,175.4247589111328,177.06654101096146,173.27256067715786,173.81699353601792,2690696
2021-03-02,175.7310028076172,176.93044361190817,174.54007307100156,175.8926304617244,2652712
2021-03-03,176.09677124023438,178.17241113964113,175.33968566686684,175.33968566686684,2871490
2021-03-04,172.63455200195312,176.9729649642833,170.5674232334165,176.3860043447171,2969527
2021-03-05,175.7310028076172,176.4795911483339,171.64779743242258,173.98712911118523,3032126
2021-03-08,176.68374633789062,180.72442391269303,176.25841330601185,176.54763811505492,3412070
2021-03-09,176.60716247558594,178.58922182947256,175.65441882562848,177.78108367712358,2804541
2021-03-10,181.11569213867188,181.421939025031,176.6411850838497,176.66670451005032,4596783
2021-03-11,180.7669677734375,182.6894776554251,179.6611073010469,180.16299867063682,3140242
2021-03-12,182.3662109375,183.22537425482494,181.36241456481645,181.438972854165,1951391
2021-03-15,183.91441345214844,184.59494071307267,180.93706881273553,181.79624584151318,2717221
2021-03-16,180.17994689941406,184.14406521039115,179.8396833116246,184.05048480487736,2734940
2021-03-17,181.21780395507812,182.40873359802862,180.29056589782954,181.61761752506362,2896742
2021-03-18,182.91062927246094,186.29628498403005,181.34540545103877,181.61762188223048,4555828
2021-03-19,181.11569213867188,183.39548722438505,180.48620377775524,183.2083401749299,10727559
2021-03-22,180.4521942138672,180.92006877774367,178.2404598561457,179.58451985046358,3508197
2021-03-23,177.44081115722656,180.63931934050564,176.82833115983166,178.99753746274968,2030542
2021-03-24,180.5287628173828,182.9361554508688,178.5467169807963,178.6062531376037,2718388
2021-03-25,181.9408721923828,182.085491482177,177.15162007324318,180.52026758512167,2352768
2021-03-26,185.89646911621094,186.0325773301314,182.16203873038668,182.99569637616707,2694940
2021-03-29,186.19419860839844,186.8662285879221,184.7140442120362,185.14787449637697,3250798
2021-03-30,185.5221710205078,186.55998407909362,184.63747453483967,186.2962787239733,2597434
2021-03-31,184.65447998046875,186.44088115225378,184.38226358302592,185.60722359956696,2599450
2021-04-01,184.4248046875,185.4200899372926,183.31043336269659,185.4115926424757,2238286
2021-04-05,186.52597045898438,187.2405282497763,185.76036003775081,186.04959859845644,2396481
2021-04-06,186.4578857421875,188.04013146987114,185.87943623828227,186.78114098612025,1905556
2021-04-07,185.8709259033203,187.04484704771355,184.83311295543152,185.63274000242544,1821949
2021-04-08,187.02786254882812,187.11293190399059,184.28871745309831,185.59873318917758,2198074
2021-04-09,193.08460998535156,193.6375401184895,189.96265977610824,193.52696510942417,4097476
2021-04-12,194.4627227783203,194.9986308393456,191.87668027152105,191.94474127009704,2822366
2021-04-13,194.80296325683594,195.61110144397196,193.61201987117175,194.98159925590446,2917644
2021-04-14,195.12623596191406,196.49580169703452,193.95231460498,193.95231460498,2319877
2021-04-15,195.51751708984375,196.2575942716133,194.43717627842702,195.84928342481766,2131973
2021-04-16,197.4485626220703,197.6527180713057,195.6961778523011,197.08276574625128,4348084
2021-04-19,196.47877502441406,197.44854084523396,196.07896146578787,197.10826343809896,3081568
2021-04-20,193.38235473632812,195.81526671488004,192.06381414219067,195.65363906932802,2175687
2021-04-21,196.0789794921875,196.22359878071063,193.04209838078748,193.21222332804263,1827466
2021-04-22,195.024169921875,197.38051007250195,194.6328535981527,195.993922119204,2669688
2021-04-23,190.97494506835938,193.05908213926242,189.03542726754824,191.57041673774657,5634334
2021-04-26,188.43997192382812,192.02979684017862,188.21879435227342,191.90218592000267,3831695
2021-04-27,189.639404296875,190.3369537056637,188.09118890818388,188.86529660252944,2956477
2021-04-28,189.58834838867188,190.66870290003303,189.2736042079278,189.47775961771822,2300142
2021-04-29,190.46456909179688,190.68574667478177,188.5760898846484,190.30294143837776,1898872
2021-04-30,189.7329864501953,190.19233616773496,188.0316407028877,189.7159643163919,2352131
2021-05-03,189.8690643310547,191.21311031722686,189.06943732861467,190.7537469011133,2354041
2021-05-04,191.7660675048828,191.9106729974742,187.78494057432476,188.96735902931712,2999447
2021-05-05,192.41261291503906,193.3313400437519,192.04682978599376,192.4976822820614,2879448
2021-05-06,194.51373291015625,194.64984111524961,191.78308528564008,193.31429226397626,2178127
2021-05-07,194.62429809570312,195.39841949834207,192.56569430592083,194.06287071445462,2076483
2021-05-10,196.45323181152344,197.90788036663926,194.80293892013955,194.80293892013955,2537488
2021-05-11,194.9390869140625,195.02415627291606,190.76230121035076,194.00335151058093,3586392
2021-05-12,187.18093872070312,193.322760293505,187.05334160147876,192.79534968607751,4453123
2021-05-13,191.08502197265625,192.10161219494864,186.86489462055334,186.94177785201998,3081887
2021-05-14,194.22877502441406,194.97199344391973,192.09308355208412,192.8448491632094,2208259
2021-05-17,193.46849060058594,194.65594187197806,191.99060073641,194.65594187197806,2183644
2021-05-18,189.92323303222656,193.05843446126983,189.84633596203136,192.5287713142796,2546824
2021-05-19,189.0689239501953,189.19707650098047,185.19050442083696,188.51364694161836,3236262
2021-05-20,189.7609100341797,190.410150859497,188.34280918796375,188.35988974138527,2342476
2021-05-21,190.6750030517578,192.7508920645388,190.21368977211472,190.5041421836208,2413351
2021-05-24,192.21267700195312,192.65690968409396,190.64935691397713,191.7855387032222,1924124
2021-05-25,191.39256286621094,192.8192107763646,190.83728588013435,192.21266447380725,1914681
2021-05-26,191.5890350341797,192.20412851958523,190.7689334376493,192.17848694648762,1854416
2021-05-27,197.5689697265625,197.97048019071278,193.57094563423914,193.65636221054007,7052361
2021-05-28,197.26145935058594,198.39765492512475,196.7488906463793,198.19261914519805,2683587
2021-06-01,199.0041961669922,199.6363564260922,197.77403675494384,198.95294067735745,2370274
2021-06-02,197.11619567871094,199.91823564975203,196.91117376098777,199.91823564975203,2361149
2021-06-03,195.80064392089844,197.8850937521114,195.17703085723926,197.09060600667115,2462899
2021-06-04,196.52684020996094,197.12483953711347,195.79216875757317,196.2791098813621,1379300
2021-06-07,194.93783569335938,196.7916081782193,194.37401147531133,196.06548412945543,2156376
2021-06-08,196.32174682617188,197.18457055673846,194.29711364055908,195.0403320170087,1825557
2021-06-09,194.6132049560547,196.8257796609945,194.43379691454626,196.33030532495997,2093777
2021-06-10,193.280517578125,196.53532405135658,193.19510098498972,195.73230296479232,2359240
2021-06-11,192.36643981933594,195.05740809071804,191.32420808152153,194.56193379459552,2120515
2021-06-14,190.6493377685547,192.16994940611738,190.27345499698586,192.14432166398342,2743852
2021-06-15,190.07701110839844,191.23883462923598,189.36795369197918,190.52123001996063,2188843
2021-06-16,187.07847595214844,190.418699210121,186.74530143034397,190.07699132675768,3238490
2021-06-17,184.7719268798828,188.11215019830038,183.43924259895633,187.25787355922913,2573349
2021-06-18,181.53421020507812,183.91765985561048,181.0729107537577,182.47391732326386,5757304
2021-06-21,184.52413940429688,185.7457513916956,183.10603885715523,183.4477466663738,3047616
2021-06-22,184.08848571777344,185.20758693829413,183.56738363923793,184.2507993754435,2239665
2021-06-23,183.37945556640625,184.84026476121062,183.29402513556914,184.24226557575906,2370486
2021-06-24,185.9678955078125,186.26689507200388,183.37089087457161,184.3447727984395,3569522
2021-06-25,186.86489868164062,188.08651088105972,185.6603670350053,186.1216664338304,5537465
2021-06-28,185.19906616210938,188.03526793786682,184.78046120211107,187.1895384865206,2504278
2021-06-29,184.48146057128906,186.5402687758538,184.02868070953184,185.40407318653624,3185016
2021-06-30,187.38601684570312,187.82170236795466,184.12267668579787,184.12267668579787,3041144
2021-07-01,188.470947265625,189.01767710771517,187.65083175687835,188.436772328492,1729642
2021-07-02,189.0689239501953,189.69255082991194,187.69354530079076,188.7870187653632,1636805
2021-07-06,186.7111358642578,188.7528637357647,184.46438601852407,188.01819244117942,2053672
2021-07-07,188.5734405517578,189.29957837285318,186.24126063141333,186.25834118317326,1658555
2021-07-08,187.3603515625,188.547802520381,185.48948494582507,186.7110970053619,2551387
2021-07-09,191.64883422851562,191.87095054807608,188.57343600939606,188.82118007118228,2293670
2021-07-12,192.22976684570312,192.81067159896094,189.76090089874708,190.40160833171268,2192344
2021-07-13,191.42672729492188,192.93879171194666,191.1106333742686,192.93879171194666,1503755
2021-07-14,194.57904052734375,195.424769970041,191.50364187607013,191.50364187607013,2792340
2021-07-15,198.88461303710938,199.4142762065571,195.66399486980004,196.48409662604053,5885155
2021-07-16,196.7659912109375,199.78160106413657,196.1594586616486,198.3549529725439,3811961
2021-07-19,188.50509643554688,193.58804713496806,187.949805647068,192.78502611975858,6479633
2021-07-20,196.19363403320312,197.56902663523846,189.22272106027611,189.34231259978762,29959563
2021-07-21,198.06446838378906,198.25240976955715,195.39911405005807,195.80062456372602,4832537
2021-07-22,198.82479858398438,200.11476065554936,196.59512950102794,198.7991708396013,3904692
2021-07-23,195.90316772460938,197.44086005745334,193.2207325881686,195.62979589597708,4146812
2021-07-26,195.8433837890625,196.27906931824643,192.40063551791658,195.18558189905406,2946079
2021-07-27,196.79159545898438,198.42327915652297,194.852392673016,195.35641417693537,2299293
2021-07-28,196.9026336669922,198.43179240619807,195.9458462425969,196.5438452980465,1818448
2021-07-29,198.9443817138672,199.26046182471438,197.62879195346997,198.95292890510302,1593516
2021-07-30,199.7217559814453,199.84989468572584,198.26094709183675,198.8674795123681,2373775
2021-08-02,198.5513916015625,202.34438008111667,198.3805307823231,200.87502405903348,2148843
2021-08-03,198.7479248046875,199.77304845917993,196.97955503651036,199.19214367192677,1891763
2021-08-04,196.13381958007812,199.0298238962511,195.55291481065828,198.02178082630363,2465764
2021-08-05,196.38157653808594,197.80822464073248,195.58708873592283,196.08257694203814,1556699
2021-08-06,196.21070861816406,197.2443932939092,195.63833719314783,196.48408045788545,1408371
2021-08-09,194.9720001220703,195.90317380665888,194.39109534099723,195.43331336840842,1453358
2021-08-10,198.09014892578125,198.25246261268146,194.87806396027383,195.12580808718616,2534517
2021-08-11,200.0549774169922,200.4821157518252,198.08158558608775,198.70521253389103,2226509
2021-08-12,198.93138122558594,200.4837857740665,197.86785913992205,200.2865276433356,2034149
2021-08-13,198.77703857421875,199.5489503566388,198.25384481893812,198.85422836390543,1490387
2021-08-16,200.47520446777344,200.52666431443845,197.41327416345752,198.8627589108043,1903965
2021-08-17,198.51109313964844,200.44087890791474,195.84369314613733,200.00345635706552,2842525
2021-08-18,195.91232299804688,198.5454120880912,195.75794345228826,197.2331581780429,2711173
2021-08-19,195.32052612304688,196.61563141368873,193.87104128248163,195.1918764981107,2063751
2021-08-20,195.29476928710938,196.1781817706738,194.2741259273395,195.66358334183903,2207941
2021-08-23,196.504150390625,198.64837119460555,194.90886710837896,194.90886710837896,2274041
2021-08-24,197.64486694335938,198.05655965111666,195.8180005131663,196.28115307369936,1342589
2021-08-25,197.83355712890625,199.27446077357973,196.238260040799,198.00509922803218,1914256
2021-08-26,198.02224731445312,198.27954657685115,196.77860181324337,197.33609280547319,1382589
2021-08-27,198.24525451660156,200.32085286861064,197.83356180030884,198.62263603514867,1765080
2021-08-30,198.871337890625,199.65183079128587,197.74777469701056,198.31384692888165,1398716
2021-08-31,198.9056396484375,199.5403342401162,197.7563465845189,198.49394698509587,2075634
2021-09-01,197.09596252441406,200.00351391711118,196.66712111915862,199.7976744859654,2635842
2021-09-02,198.0994110107422,198.5025223924582,197.070186325559,198.0565324345051,1691765
2021-09-03,195.86083984375,198.12512845431283,195.35480880249887,198.12512845431283,1721366
2021-09-07,191.20361328125,195.29476796155782,191.066382405976,195.29476796155782,3418966
2021-09-08,192.46446228027344,192.89330368116407,190.25164676132096,191.04928843444492,2576745
2021-09-09,191.20361328125,192.96187085299658,190.6890009703596,192.04414718522264,2056112
2021-09-10,190.72335815429688,193.14202687886998,190.58612724592905,191.2379705892882,2501732
2021-09-13,191.77828979492188,193.588007427104,190.5861042330533,192.39582186523543,2940455
2021-09-14,188.8535614013672,192.22426453926712,188.4418826441634,192.16423731087426,2864382
2021-09-15,190.14010620117188,191.18647955698336,188.81068980377356,189.23094984580004,2145024
2021-09-16,188.3904266357422,189.89995247102547,187.42124306584097,189.77987024069643,2539504
2021-09-17,187.3955078125,188.57053073177096,186.5463926115317,188.57053073177096,4659488
2021-09-20,185.02835083007812,186.83805492128218,183.7075153948936,185.33710998124835,4253019
2021-09-21,184.31643676757812,186.06611333374983,183.84470295927738,185.93746370804982,2725391
2021-09-22,186.13475036621094,187.344098689789,185.53438072574724,185.63730044208086,2420247
2021-09-23,188.4333038330078,189.86563988926162,186.37486836348938,186.37486836348938,2312980
2021-09-24,187.99594116210938,189.38539908515844,187.37840893593878,188.4676750752633,2067995
2021-09-27,186.8895263671875,188.5448648709922,186.74372805416837,187.78152044623852,2333457
2021-09-28,184.37646484375,187.2754343369952,183.94762353138944,185.79163839742986,2816000
2021-09-29,184.3336181640625,185.61157503447635,184.0162777357859,185.11411121267543,2237649
2021-09-30,182.0692901611328,185.47430474519754,181.91491061564048,185.4056962423843,3113398
2021-10-01,184.95970153808594,185.62012610243917,181.52038947499662,182.6696826242955,2415367
2021-10-04,183.72459411621094,185.79161059878206,182.84974908314044,184.61658780041222,2792764
2021-10-05,185.01974487304688,186.16045676563505,183.21002713774348,183.21002713774348,1655266
2021-10-06,185.99749755859375,186.10898463947578,182.7897549983996,183.34724594500966,1841790
2021-10-07,187.29261779785156,188.57057458835993,186.72654549406872,186.97527738941696,1965609
2021-10-08,186.71795654296875,188.3046722874324,185.89457116771865,187.5584905731218,1426833
2021-10-11,184.6509552001953,187.16396234711019,184.62522527289266,186.44351049708433,1437867
2021-10-12,183.8275604248047,185.46573607472834,183.48449011633215,185.00259740678837,1468106
2021-10-13,184.89968872070312,185.84314261023613,182.63539938582392,184.65097069775345,1697812
2021-10-14,187.4812774658203,187.6442382786141,185.71445233447167,186.25479462051953,1512456
2021-10-15,189.30816650390625,189.93426597514565,188.05593979032645,188.94793366774823,2313617
2021-10-18,189.23098754882812,189.95145331520663,186.83804866517343,187.47274337502571,1998181
2021-10-19,190.21730041503906,190.26876026279356,188.22747335003237,189.85706759520775,1697176
2021-10-20,191.81263732910156,191.85551591598366,189.40253582439377,190.60328899817253,1757971
2021-10-21,192.56735229492188,192.8589627152585,189.75414001168772,191.79542683959338,2810801
2021-10-22,186.46063232421875,192.0355833312973,186.32340143649975,191.23794181413356,3712015
2021-10-25,186.58074951171875,187.8329625041107,184.95972236456115,185.9546360727466,2875734
2021-10-26,187.24972534179688,189.09375429948628,185.9203087935661,187.14680563701538,2592978
2021-10-27,185.01974487304688,187.11249179249438,184.59090351882486,187.0610319408318,1747573
2021-10-28,187.38693237304688,187.64423160222455,183.87043088950574,183.87043088950574,2066722
2021-10-29,187.50704956054688,188.94796727592444,186.16906544920218,186.9752884246987,2774833
2021-11-01,188.48480224609375,188.73353413974397,187.03531723998876,187.57565961198142,1801366
2021-11-02,189.71128845214844,190.38028042596758,188.04736895994807,189.15378356933977,2437541
2021-11-03,191.09217834472656,191.30659905787877,188.33043900390405,189.4711649737836,2182795
2021-11-04,190.82623291015625,192.84178970581758,190.47458139384526,190.98061243862003,2461520
2021-11-05,193.88815307617188,195.21756930923772,191.96694868090765,192.3271675622458,2471281
2021-11-08,193.60516357421875,195.75795157643464,192.44728916187614,195.3891513510779,1820039
2021-11-09,195.3376922607422,195.77510099358048,193.27924268165327,193.5794344023996,2513509
2021-11-10,194.16619873046875,196.31968580054615,193.96808812817036,195.76838998680128,1405613
2021-11-11,190.3760528564453,194.24369962373873,190.0228816314041,194.24369962373873,1693144
2021-11-12,191.56480407714844,191.69402362768105,189.0753823239022,191.17718726222782,2317861
2021-11-15,191.6337127685547,192.98609723449798,190.91875188338742,191.77153672166594,1281582
2021-11-16,190.68617248535156,192.33142754164496,190.41914294723898,191.76290899243696,1749059
2021-11-17,189.92813110351562,190.61723682941854,189.1614880838089,190.35882566859405,2012293
2021-11-18,190.1090545654297,190.32440188835093,188.6619239023331,189.0753818371841,1791286
2021-11-19,188.20535278320312,190.53971342042826,187.068315784825,190.3760483701061,2223962
2021-11-22,187.90390014648438,190.4105446727901,187.80914007217774,188.06756522846564,2601148
2021-11-23,186.06048583984375,188.1795131569309,185.3283022845359,187.2319823174476,4266705
2021-11-24,182.79583740234375,185.98298314022372,182.4771116721093,185.319704506165,3465226
2021-11-26,179.35025024414062,180.0307515806622,174.4920087209589,176.54211713908634,4093126
2021-11-29,178.87649536132812,181.07303217003067,178.3079768347747,181.07303217003067,2756584
2021-11-30,174.20777893066406,177.8514747807808,173.23440675159773,177.64473185756438,6026798
2021-12-01,171.77862548828125,177.34320958656443,171.57189654934317,177.14509900193448,3313609
2021-12-02,175.7238006591797,176.97282057340817,171.8475492715765,173.10517359479832,6371199
2021-12-03,175.29312133789062,176.13728784516329,173.13964815709593,175.73243432935155,3762200
2021-12-06,177.66197204589844,179.24692677858658,176.4732385644323,176.78334598254523,4643360
2021-12-07,178.43719482421875,180.54760401892347,177.23985709895933,178.59224153890386,5078689
2021-12-08,176.2837371826172,176.86947856420173,174.44896178261402,176.44738832096525,5302241
2021-12-09,177.4465789794922,178.44579204281743,174.81933376813387,176.2234002799999,5296512
2021-12-10,180.72848510742188,180.92660964360812,177.29153272016364,178.17015862836928,3618222
2021-12-13,180.2288818359375,181.53818837144286,179.68620442029257,180.7198630707787,3068730
2021-12-14,178.03236389160156,182.21872333758657,177.3690851743432,179.88434818432742,4021827
2021-12-15,180.6854248046875,181.23670665132047,176.79193662262406,178.78174459623915,3132072
2021-12-16,180.5562286376953,181.99474089422012,180.2891851368403,181.96889977420946,3175785
2021-12-17,176.73162841796875,180.986906023559,176.33539330037283,180.42699190074632,5919425
2021-12-20,172.14903259277344,174.5609308281018,170.64160142527754,174.10439508948252,3594031
2021-12-21,173.71678161621094,174.67293101772583,172.54529882921418,173.26886418804622,2788520
2021-12-22,173.86318969726562,174.00101363545664,172.34714032272117,173.3291306527484,3300877
2021-12-23,176.7747039794922,177.7136305187626,174.8624193178736,175.0347027432857,2521042
2021-12-27,177.81700134277344,177.99788918402206,176.50768073224614,177.1795638024425,2638070
2021-12-28,178.35101318359375,179.2640844486249,177.6360664177882,177.8514136773815,2091443
2021-12-29,178.76454162597656,179.20385463742406,177.84285171572998,179.09187179563867,1819085
2021-12-30,178.4027557373047,179.94464654213985,178.23048623870994,179.2555406566415,1350759
2021-12-31,179.60870361328125,180.19444498330586,177.7739282494884,178.18740012891936,1630227
2022-01-03,178.1356964111328,180.3322472022473,177.06757828332397,179.0487678324321,2735895
2022-01-04,180.03077697753906,180.50453550092286,177.145120115001,178.05819163154493,3455040
2022-01-05,181.8052215576172,185.69870966151723,180.13412539622882,180.49591499578568,4337899
2022-01-06,181.5985107421875,184.6392143598255,181.42622730699733,182.442677261725,3469894
2022-01-07,185.84515380859375,187.18891985649137,182.24453632304264,182.7441498728463,3243159
2022-01-10,183.87258911132812,186.45675702152792,182.4943634367764,185.77625556708537,3664376
2022-01-11,186.3275604248047,186.91330183250534,182.2015015572512,184.69952786878858,3744800
2022-01-12,187.9986572265625,188.80836432809207,187.22340960365713,187.343996860502,3294193
2022-01-13,189.01507568359375,191.13408921775118,187.84357911608166,188.12783141696374,3270533
2022-01-14,187.4818115234375,187.7574594476291,185.5092261126828,187.44736599208298,3547029
2022-01-18,183.9845733642578,186.00884103189702,182.66663433220305,185.09576947892944,3241355
2022-01-19,181.52096557617188,185.00098177364265,181.40898275130527,184.69088836221871,2774303
2022-01-20,179.96188354492188,184.72536598778265,179.7982184563784,182.33932256118734,2725391
2022-01-21,176.6713409423828,180.5476064812827,176.55075370005804,180.25473581214166,4711689
2022-01-24,176.11143493652344,176.3956872413156,171.39962142895615,175.89608763285858,5769824
2022-01-25,174.2594451904297,175.5429246638084,170.47793966578882,172.8898379479676,5557306
2022-01-26,172.83815002441406,177.35183905673753,171.17565821773005,174.9916230918492,3594244
2022-01-27,172.83815002441406,176.43876759178968,171.6408123050523,174.92271808973678,2917750
2022-01-28,173.992431640625,174.0441138850521,168.87576393230472,172.60560150589833,3599230
2022-01-31,176.13726806640625,176.56796265420175,171.68387989255564,172.76061636204437,3498966
2022-02-01,176.87806701660156,177.2915248887336,173.57893872039216,175.66349268054293,3239551
2022-02-02,178.78172302246094,179.0315297697503,176.2750790325358,176.94696198221789,3008890
2022-02-03,165.16314697265625,173.13962916761872,165.02532303073448,172.41606393169738,9209374
2022-02-04,164.95640563964844,166.06760159428117,161.96738460657647,165.27513135271843,5814174
2022-02-07,165.80056762695312,167.61810601237843,164.36204158885184,165.5163153392386,3668726
2022-02-08,167.59228515625,168.02297978977245,164.5688043663437,165.8005876712838,2902684
2022-02-09,169.3667449951172,169.71131185647863,167.70426706583837,168.93605036397395,3406341
2022-02-10,165.1717529296875,169.66821898355536,164.54294774912458,167.2046386601421,3882836
2022-02-11,161.071533203125,166.15374047006003,160.6925208521219,165.22344630113423,5648234
2022-02-14,160.81312561035156,162.30333393022653,158.96112769444335,161.40748526740498,3349365
2022-02-15,163.25950622558594,163.60405919071488,160.67533806877796,162.09662776591023,3001039
2022-02-16,162.8546142578125,163.4920517358413,160.90787024278464,163.26808608581302,3273822
2022-02-17,159.00424194335938,161.83821693384803,158.7544351161519,161.49365002229538,3263530
2022-02-18,156.8851776123047,159.40905853154442,156.24774013026223,158.4356865179016,5345742
2022-02-22,157.25555419921875,159.59854703425063,155.86010610062561,157.73793097538535,4252488
2022-02-23,154.15457153320312,158.39261257782596,154.01674758628653,158.12558303866183,3800926
2022-02-24,157.930908203125,158.23405727751114,151.07113501116797,151.53018451614872,6259582
2022-02-25,163.31829833984375,164.14979551709615,157.69708968304147,157.72307309343387,5306061
2022-02-28,164.34896850585938,164.51353475060606,161.14427366035005,161.14427366035005,4361877
2022-03-01,159.0222625732422,164.43560363765584,158.44194774449997,161.6639745831789,5796243
2022-03-02,161.48207092285156,163.04976912024392,159.50727599856572,160.52932267578697,5666483
2022-03-03,162.41748046875,166.1678406726677,162.07103040010995,164.10644383409414,5329297
2022-03-04,162.3395538330078,162.54742109991335,159.81910713239162,160.7978388846496,5370782
2022-03-07,157.77499389648438,162.22691974245384,157.65372866845703,162.00173492551454,3749362
2022-03-08,158.71046447753906,161.9844441696782,157.7403844756465,157.8010171049549,4854075
2022-03-09,160.581298828125,162.1663147140831,160.1395668828032,161.41278188195486,3076263
2022-03-10,159.68051147460938,160.3301106539406,157.82698175219176,158.10414743406935,2605179
2022-03-11,157.84429931640625,161.90647466112034,157.66241547248774,161.43010753864715,2891756
2022-03-14,158.67578125,160.4167113715979,158.2600327668641,158.90963188419533,3185228
2022-03-15,162.65135192871094,162.98048441549227,160.05294124947557,160.3474245212417,4162091
2022-03-16,165.45762634277344,165.6481760039451,161.55136529992748,164.2190605563307,4384795
2022-03-17,166.23716735839844,166.8261339774392,163.8726210494372,164.2623721845317,3345864
2022-03-18,168.65367126464844,168.82688930777115,164.39229426416668,166.0985754218856,9282265
2022-03-21,167.18124389648438,168.38517452257474,165.88204544824978,167.65761105189847,3714137
2022-03-22,168.9221954345703,169.6930600076758,167.28519845429818,167.28519845429818,2514040
2022-03-23,166.59226989746094,168.8615341759854,166.3064383990339,168.41115044865134,1926882
2022-03-24,168.62765502929688,168.65363843182425,166.34105951751394,167.31979104995088,2331866
2022-03-25,171.31268310546875,171.80638182112995,169.17333602661506,169.19931943152645,2698229
2022-03-28,170.72372436523438,170.92292580452482,168.24657888721572,170.70639274627317,3470001
2022-03-29,171.0961456298828,172.6984929508763,168.7489173501291,172.4299930996246,3554668
2022-03-30,170.2300262451172,171.65048984313125,169.49381103991945,170.73237677225296,2575578
2022-03-31,168.5324249267578,171.67650173153004,168.50644151625627,170.34265394030652,3475836
2022-04-01,169.78831481933594,169.85761325910926,167.59700055816734,169.6757153714647,2426083
2022-04-04,169.82293701171875,170.3079699235497,167.54500707454213,169.18198964638538,2176323
2022-04-05,167.7095489501953,170.16936236636295,167.2418337023272,168.58433281283214,2433722
2022-04-06,167.7008819580078,168.95677906981228,165.54420356616663,166.2284518284676,3121993
2022-04-07,166.90406799316406,167.68359823233175,163.2143401385687,166.73084995739566,2335792
2022-04-08,164.70408630371094,167.50169847437402,164.40093721660514,167.16391419391277,3053346
2022-04-11,163.93319702148438,165.64814363693534,163.46549578100596,164.79934314857894,2865443
2022-04-12,165.42295837402344,167.0686065640967,164.5654780574634,165.3450081674895,3287827
2022-04-13,168.7662353515625,168.90481817043786,165.7087755728287,166.15050743159753,2537169
2022-04-14,169.06072998046875,170.36859402862046,168.81821353667348,169.0434123853206,4536624
2022-04-18,166.3583984375,169.65837511556683,165.55289883354962,168.28122656039014,2077438
2022-04-19,170.80166625976562,170.9402490929745,166.79145795045545,167.22452404585397,3544483
2022-04-20,170.05677795410156,172.79377126407365,169.77096051328982,171.6504734561384,2782897
2022-04-21,169.71034240722656,173.73786848305897,169.29459388997384,171.45993848111283,2565710
2022-04-22,165.11114501953125,168.56702167453284,164.86862858956127,168.54970408037192,3226289
2022-04-25,166.14187622070312,166.21117465574312,162.2529327412295,164.85134360830503,2543748
2022-04-26,162.54739379882812,165.31037054323315,162.46079180039408,164.14108931858598,3022789
2022-04-27,161.4041290283203,163.50884127259724,160.89311263013659,161.4820932786263,3239764
2022-04-28,164.49620056152344,165.14579966557412,160.45135730380323,162.6426710539071,3633395
2022-04-29,167.6056365966797,174.95045722633054,167.05131924231762,173.39142476844475,7690659
2022-05-02,170.51580810546875,174.02365134276812,166.23711463058615,168.45441157032175,7532676
2022-05-03,170.6630859375,171.79771800235022,169.11270536690625,170.0394701900572,5686748
2022-05-04,178.29371643066406,178.77009753699278,170.93157897225083,171.05284420662906,5818206
2022-05-05,171.38197326660156,177.2716803117508,170.16937703630865,176.43153156368197,6110299
2022-05-06,169.2686004638672,170.99221302978924,167.3024854718348,170.87094779438956,3845913
2022-05-09,167.99537658691406,169.58905802298452,166.60956237483512,168.99142573166512,4012065
2022-05-10,168.6969451904297,170.8363061684085,166.4883138331366,170.00480921444577,5058318
2022-05-11,166.31509399414062,170.5071862163997,165.79541186538293,168.7489243744384,3484218
2022-05-12,167.9517822265625,169.54494299996983,164.26924344497877,166.26286493050281,4233708
2022-05-13,168.48284912109375,169.71907237504357,166.21935029067822,168.37838232949093,3434881
2022-05-16,168.857177734375,170.01505078887647,167.43813772471833,168.54377738818874,2784276
2022-05-17,173.297119140625,174.1589841392419,170.45902518401837,170.60702917993785,2890058
2022-05-18,168.7788543701172,172.97503140916106,168.23909984782046,172.16539962571596,3380240
2022-05-19,167.7167205810547,169.94539218450663,163.77300100703212,167.1769661591013,3316898
2022-05-20,165.19203186035156,169.0748075674632,161.73584760372069,168.48281978859205,4121030
2022-05-23,165.0440673828125,167.30756616778123,164.10383808870824,167.07250179711608,3953286
2022-05-24,165.37490844726562,166.07136319175552,160.96107329815442,164.80902311130274,3015786
2022-05-25,165.79275512695312,166.42828022095915,162.53679365921877,164.64359225598807,2665232
2022-05-26,168.1084747314453,169.04870395348166,166.44567420786288,166.5240242939864,2375155
2022-05-27,170.9378662109375,170.9726931710867,168.92683829433494,169.75387641436467,2383430
2022-05-31,168.56117248535156,170.10209969997737,166.77648476421382,168.508939097833,3717107
2022-06-01,167.07247924804688,169.51880867875727,165.7492099357785,169.3272815590877,2505339
2022-06-02,171.53857421875,171.67786797310242,167.2031036827202,168.7091900939914,2663747
2022-06-03,169.60589599609375,170.7811755948717,168.5524896232459,170.06730039036617,2392449
2022-06-06,169.92799377441406,171.47761729206437,169.31858540805422,171.14679641285633,1682958
2022-06-07,172.04348754882812,172.3656122572182,167.2814399728726,168.5698965236009,2260036
2022-06-08,169.3447265625,171.39929195913797,168.56121147421547,171.1903583607366,1791817
2022-06-09,167.1595916748047,170.2675496828684,167.02029789943785,168.23040464490447,1776963
2022-06-10,162.17115783691406,164.26924614316724,162.11021417916464,163.9471355154601,3054301
2022-06-13,160.5518798828125,162.03186362642964,158.73237907921794,158.75849577613926,5054922
2022-06-14,159.55943298339844,162.81539472234627,158.82815130303712,161.17871063541793,3663103
2022-06-15,161.0306854248047,163.0417273990908,159.12412432906493,160.55187463214642,3160931
2022-06-16,156.5994873046875,158.79333245794135,155.86819149265622,158.31452157781325,4698320
2022-06-17,156.44271850585938,158.7671604478251,155.1281454683011,156.18155158845877,5977250
2022-06-21,157.14796447753906,158.36676743632665,156.19032854767698,158.22747365613932,3114566
2022-06-22,154.7277069091797,156.5036844837535,153.36961055635183,155.363231957908,3084009
2022-06-23,151.97669982910156,155.49382831076701,150.54023917665137,154.2924320312594,3536737
2022-06-24,156.72134399414062,156.82581078646203,152.96045490489925,153.6482134133865,4408773
2022-06-27,155.21522521972656,157.696367622472,154.44042053834275,157.56578414743842,2759343
2022-06-28,153.17807006835938,157.97494410695262,153.00394938424523,156.242503905403,3375147
2022-06-29,150.78396606445312,153.6394662040703,149.2256325356438,153.26512225684309,2576426
2022-06-30,151.31504821777344,151.84610649417073,148.15485753815753,149.0950726861229,3047404
2022-07-01,152.4468231201172,152.67316314763937,149.3649680595281,151.17577284537995,2093459
2022-07-05,149.81765747070312,151.2454077606255,147.09274036999093,151.2454077606255,3549682
2022-07-06,150.7926788330078,151.69808098758816,148.93835140154843,150.40962461738826,2336216
2022-07-07,151.29762268066406,151.66325637759584,149.0950538596666,151.66325637759584,2924859
2022-07-08,150.90591430664062,151.76777957842833,149.32146344607105,151.3847252144603,1713303
2022-07-11,150.4705810546875,152.3945484642255,149.81764959905328,152.35973560113746,3420876
2022-07-12,151.1409454345703,153.93550270240712,149.49556520698587,149.49556520698587,2925814
2022-07-13,148.7555694580078,150.02660560208759,147.88499405357095,148.67720526864326,2118923
2022-07-14,147.5715789794922,147.80662926379503,145.69113442223377,146.88382046638282,1935476
2022-07-15,150.43577575683594,150.56635924790868,148.11133323862683,148.89486237362044,2321999
2022-07-18,148.8251953125,151.6806959013964,148.4595474754924,150.7317563967112,1758077
2022-07-19,154.2924041748047,154.692864830914,150.42703496357632,150.54021199762968,2605179
2022-07-20,155.18911743164062,155.5199383168974,153.37831282632285,153.9267775472193,1749377
2022-07-21,156.73004150390625,156.90414811218065,154.18795535574822,155.18911415972747,1966776
2022-07-22,157.98367309570312,159.21989627318467,156.8780333996477,157.13921445677747,2469053
2022-07-25,157.8008270263672,158.82810234922923,157.0172980942191,158.24481078107286,2059613
2022-07-26,157.94012451171875,159.77703140770936,157.06083905469987,158.14034778621,2465870
2022-07-27,159.89022827148438,161.07421801244024,156.31215644757816,157.0086251464572,3719972
2022-07-28,165.79275512695312,166.6981574581024,162.6935079374617,164.63489608639765,3876788
2022-07-29,167.5513153076172,168.1345928740943,164.4172413643135,165.82757111523085,3084751
2022-08-01,167.1421356201172,168.16071488386217,166.19321027051836,166.63719407252518,2475631
2022-08-02,164.64356994628906,166.5849578321611,164.24310927677206,166.39343071295275,3538966
2022-08-03,166.71556091308594,167.07249849970324,163.4944264640951,164.85253698369462,2689741
2022-08-04,167.53392028808594,167.86474121222957,165.79276939830208,166.39346758281988,1804973
2022-08-05,167.3859100341797,167.89083752943463,165.65345552505914,166.7765016590273,1961471
2022-08-08,168.86587524414062,170.16302784724007,168.09976677450905,169.05740236154853,2204440
2022-08-09,168.97036743164062,169.6842426215537,168.3696692955282,169.38824868545566,2420778
2022-08-10,171.70396423339844,172.6528896085887,170.95526215465617,171.45149345279358,2800616
2022-08-11,173.68128967285156,174.65246114238806,172.3601519897912,172.3601519897912,2538655
2022-08-12,175.7461395263672,175.84237422885823,173.44509045076086,174.39875453887012,2395526
2022-08-15,176.95352172851562,177.34724259798392,174.49499014584637,175.5361492618846,2448682
2022-08-16,178.1959228515625,178.71212554345624,175.0374445471818,175.3524099193232,1762533
2022-08-17,177.41725158691406,178.45841082857996,176.07862029972378,176.5685759234888,1762533
2022-08-18,178.23968505859375,178.48466287724543,177.06729020042778,177.18103243134846,1601261
2022-08-19,176.3498077392578,177.45221474070536,175.7373562574185,177.27722455599184,2165183
2022-08-22,173.09512329101562,174.69623996228722,172.64892229078802,174.6174986093059,2745868
2022-08-23,172.8413848876953,173.96128537965808,172.48266488011961,173.55007114313568,1705664
2022-08-24,173.05136108398438,173.69879934807514,171.76522415081783,172.13269791657672,1434260
2022-08-25,175.36114501953125,175.4223930013726,173.16508474924473,174.30247846938732,1731022
2022-08-26,168.9129638671875,175.36990951562447,168.8079754145503,174.31999665993445,3010057
2022-08-29,168.35301208496094,169.64790276079964,167.28560584039838,168.66799161785553,2223538
2022-08-30,166.84812927246094,168.89544647315466,165.61448669678813,167.95053629001072,2359664
2022-08-31,165.6669921875,168.56298508056454,165.36952018063653,168.48424374033533,2789687
2022-09-01,166.8743896484375,167.2331096455928,164.9583078535631,165.49200388723804,2379399
2022-09-02,163.5146942138672,169.236707353109,162.93724347655527,168.93923530625034,2916052
2022-09-06,162.38604736328125,164.86208688916142,161.3011475934464,163.70718536114651,2704383
2022-09-07,165.43951416015625,166.02571860185847,162.5872616242393,162.64850961278395,2487302
2022-09-08,164.32835388183594,164.78330854924505,161.37109896737184,164.78330854924505,3720397
2022-09-09,167.7143096923828,167.9942883454682,165.19453014393275,165.4570154429475,3087404
2022-09-12,168.0117950439453,169.44666084584915,167.44308398118616,169.0354466275936,2935469
2022-09-13,161.84356689453125,166.27068858198817,161.5286015362258,164.93205747987196,5154869
2022-09-14,157.46018981933594,162.07979476446698,155.90281398683885,162.07979476446698,5251844
2022-09-15,154.73919677734375,157.47770721101958,154.16174607105484,156.73402005149626,3662678
2022-09-16,155.16787719726562,155.42160871268973,150.9419931850048,151.85191663832524,6809392
2022-09-19,156.2877960205078,156.67276313610557,153.7592626550889,153.98674708648562,2563588
2022-09-20,154.87039184570312,155.34285396629633,153.17304104640212,154.89663895436627,2630007
2022-09-21,152.49937438964844,157.16273445699932,152.49063479465548,155.65785268837453,2658229
2022-09-22,151.58067321777344,152.89305693293682,150.50451347206328,151.83440470214205,2365924
2022-09-23,149.94459533691406,152.49937586687108,148.66721215426543,151.1694984551177,3397640
2022-09-26,148.79844665527344,150.77577648617626,147.7397941564064,150.07584399338108,3471168
2022-09-27,148.79844665527344,150.88951870330388,147.3198261619335,149.48963955305393,2856636
2022-09-28,152.088134765625,152.90182350234554,149.1134009282603,150.3645367753671,3265546
2022-09-29,148.79844665527344,151.67694629886333,147.08360213266357,151.67694629886333,3307137
2022-09-30,146.086181640625,149.7871097077826,145.78870962665383,148.82469191866437,4042728
2022-10-03,151.39697265625,152.5693815757818,147.93228262210243,148.7984515894743,3585119
2022-10-04,155.90280151367188,156.0952850376525,152.9630544351186,153.02430241198903,3916469
2022-10-05,155.57037353515625,157.28521807317873,153.12058145903578,154.52920021696073,3119552
2022-10-06,153.14682006835938,155.46536227805964,152.11440056725405,154.24047339035562,2757751
2022-10-07,149.97084045410156,152.37689202443707,149.06093105196447,151.8781826899241,3142258
2022-10-10,150.3907928466797,152.06189671668167,148.8421849400246,151.195727873173,2049958
2022-10-11,151.9044647216797,153.7768065140649,149.41967123756817,149.96213533021916,3085706
2022-10-12,151.17825317382812,153.11184274303895,150.6620504262181,152.28941418524366,2894408
2022-10-13,155.34288024902344,156.07781358059273,148.05475242481572,148.21223510343935,3419603
2022-10-14,152.3769073486328,156.19157803925103,152.08817489870518,155.8678588766408,3151488
2022-10-17,154.8966827392578,156.61154153884715,154.10050133187573,155.43913258140236,3647612
2022-10-18,157.3814697265625,158.50137024374968,155.4216331979899,157.6439408772079,2099295
2022-10-19,156.85646057128906,158.21258466852433,155.68405205313402,157.04894407199234,1790968
2022-10-20,155.42164611816406,158.2039113695949,154.95793760370245,156.9265138911706,2851438
2022-10-21,159.9449920654297,160.3824534321969,154.441724105393,154.85293835674062,3140348
2022-10-24,163.52342224121094,164.55582756454706,160.84614591147567,161.4323503170716,3470531
2022-10-25,165.929443359375,166.11318729579693,162.9109548570996,163.3134294338413,3084433
2022-10-26,166.471923828125,168.8167131264018,166.0257087447344,167.66181183095483,4459277
2022-10-27,171.91397094726562,174.61749483110268,168.68550472157784,169.17546035041264,5043994
2022-10-28,179.29832458496094,179.4995477339951,172.08893797621053,174.11002237857127,5191155
2022-10-31,178.5021514892578,179.35082708622983,176.98853009867392,177.09351855773687,4703837
2022-11-01,177.69720458984375,179.42955654359645,176.31481886466946,178.87835300537247,4643573
2022-11-02,175.39614868164062,181.01315812515708,175.02867494940153,177.90717433052293,4978955
2022-11-03,178.82586669921875,180.27824006856832,174.2587555129956,175.30866840988867,4937576
2022-11-04,181.8531036376953,182.01058631782925,178.66837833902667,180.49696500856192,4376625
2022-11-07,183.532958984375,183.94417322974107,181.23190996230488,181.72186555278446,2834674
2022-11-08,184.924072265625,185.81648821460448,182.75425912745027,183.14796579700385,2791809
2022-11-09,183.42941284179688,185.98790729834374,183.26236234836432,184.63392433253046,3225864
2022-11-10,188.85414123535156,189.09153628801354,185.64502358318407,188.8981101355598,4620231
2022-11-11,187.0341796875,188.99481686655918,185.90879504154373,188.66951248020038,4484635
2022-11-14,187.2715606689453,189.97951237684765,186.24288205989703,187.07813453023635,3261514
2022-11-15,189.40805053710938,190.07625258376194,187.35070733633782,189.34650261512306,2511811
2022-11-16,188.15077209472656,190.1114091711862,187.5441180201187,189.69818123970003,2596161
2022-11-17,188.5991668701172,189.36408908592173,186.409945510673,186.61215405563513,2853347
2022-11-18,188.61679077148438,191.09615887903468,187.4122647627051,190.25212382068665,3156157
2022-11-21,190.40155029296875,190.98182874983618,188.01888854567423,189.02998820729078,2489637
2022-11-22,192.3358612060547,192.55566306127994,190.78845159038002,190.90275083254159,2669900
2022-11-23,192.4676971435547,194.02390304607562,191.93138756708726,192.36219455369385,2850589
2022-11-25,193.46998596191406,194.2700661881144,191.4390185546453,191.4390185546453,1188214
2022-11-28,189.7069854736328,193.61068105717555,189.4432289908377,193.16228080239884,2803799
2022-11-29,190.54226684570312,191.15771771057206,189.18828348340776,189.8388923952776,2229904
2022-11-30,193.03038024902344,193.99751096419192,187.87821893041138,190.19053602039767,4960175
2022-12-01,191.13131713867188,193.97116175432595,190.21693758934876,193.6722329896295,4233814
2022-12-02,192.61715698242188,193.30293800905406,188.78380630056284,188.88051225741,2328152
2022-12-05,189.55752563476562,192.18635073564877,189.20583135045268,191.4478183598362,3265546
2022-12-06,187.43862915039062,190.55982355091996,185.82968608265517,190.14659555782552,2672022
2022-12-07,187.667236328125,188.2299358487348,186.401176640779,188.124433247127,3165494
2022-12-08,187.57931518554688,188.66954196238459,186.57702622322617,188.0189188539742,2301840
2022-12-09,186.06704711914062,188.5815870869532,185.86482434097326,187.57928405693744,2397860
2022-12-12,188.59036254882812,188.66948947905067,185.5658747786396,186.53300542695243,3551167
2022-12-13,188.9948272705078,193.3908777438624,187.39466666322582,193.03040106415438,3660238
2022-12-14,188.78379821777344,191.55329785159543,187.31551603650283,190.10260892283372,2701200
2022-12-15,183.72836303710938,187.9046116271339,182.90190709951585,187.17486165282116,3417905
2022-12-16,184.4053497314453,184.88892225582165,181.31932775163978,182.30405182101484,7563339
2022-12-19,184.115234375,186.68252602303767,183.20085477287378,183.9833561232573,3278278
2022-12-20,185.94395446777344,187.06054240969982,183.9481451531037,184.2558704984604,1990330
2022-12-21,189.117919921875,189.29375282806208,187.05176584347353,187.23640961090322,2785337
2022-12-22,186.66493225097656,188.68710324198022,183.74594651690848,188.44972240760066,2355420
2022-12-23,188.0364990234375,188.7750314269116,185.91760778100607,186.392369461366,1380043
2022-12-27,188.93328857421875,189.7157898953676,187.89582738723482,188.06287791120982,1550121
2022-12-28,186.55941772460938,190.35761075969793,186.40116383307137,189.84766257493078,1705345
2022-12-29,188.81021118164062,189.24981483688356,187.0693755826293,187.350725338151,1994574
2022-12-30,188.41453552246094,188.59038265327192,186.33081676906784,188.13318580677293,1697600
2023-01-03,188.41453552246094,189.16186447737178,186.58577660451272,189.16186447737178,2354677
2023-01-04,184.6691131591797,185.72416750344408,182.27765474764385,183.31513007197938,4095778
2023-01-05,179.7718963623047,183.58766785653975,179.41141972864568,183.29753576477782,4305008
2023-01-06,184.87132263183594,185.56590031585006,181.00281374023035,181.53034091500027,4303734
2023-01-09,185.22300720214844,187.82545643159634,184.22950082574482,184.87131294804115,2787671
2023-01-10,185.8120880126953,185.90880821318177,184.19434835914282,184.19434835914282,1884018
2023-01-11,186.65614318847656,187.19245280293023,184.6427545092777,186.37479343957028,3097590
2023-01-12,189.8916015625,190.98181384448455,186.72643882623797,187.1396667450584,3145016
2023-01-13,190.44554138183594,190.63896755666104,187.18367205937486,188.5816099544186,2118923
2023-01-17,186.6033935546875,190.80600386812824,186.3308404311358,190.80600386812824,3481459
2023-01-18,179.56971740722656,185.4164572088613,179.34111895944403,185.4164572088613,5412585
2023-01-19,176.42214965820312,179.6928013528894,176.03529731110928,179.62247103252034,4826595
2023-01-20,177.62664794921875,178.18055077861575,174.79560011431988,175.4637879264282,4220128
2023-01-23,179.7631378173828,180.9852284962298,177.05517150959275,178.08383602359763,2970482
2023-01-24,181.9347686767578,182.59417407377202,177.8024891618591,179.32352273522056,3413449
2023-01-25,181.70619201660156,182.1282166454916,179.14769706163392,179.8334781873141,2286137
2023-01-26,184.06246948242188,184.1240174066989,181.02040211872233,182.69968969097727,2044865
2023-01-27,182.98985290527344,184.48449684230906,182.55903162969364,182.77883346461294,2251866
2023-01-30,180.92369079589844,184.09763630762973,180.774219303369,181.58309622042165,2700988
2023-01-31,183.2975616455078,183.37668859079704,180.68630128083768,181.61825983738876,2439027
2023-02-01,181.75013732910156,183.27115665319099,179.19162847222816,182.35679142699493,5721124
2023-02-02,182.33042907714844,183.06896146017513,173.81088120507576,174.91868689662823,7621694
2023-02-03,178.20692443847656,182.172153535344,177.26616930170803,182.172153535344,4729620
2023-02-06,179.3938751220703,179.47300207136558,176.51006149961626,177.82009006201784,3028306
2023-02-07,180.65115356445312,181.13472616344026,177.4068771964096,178.47951076841895,3127616
2023-02-08,177.793701171875,180.07084621210038,176.9056973058707,179.27076591677394,3779494
2023-02-09,175.1560516357422,179.29712765745282,174.64611773980303,178.7959903881066,3197111
2023-02-10,176.2550811767578,176.57158893721044,174.4087432053784,174.79559551305883,3067033
2023-02-13,178.80479431152344,179.1300987263488,175.6220662483859,176.00891858872558,3154565
2023-02-14,176.7210693359375,178.56740740042085,174.67250848050708,178.55861077306776,3182363
2023-02-15,177.34532165527344,177.3716973061574,174.83957788519214,175.6660339249246,2686664
2023-02-16,175.27919006347656,177.19587297883749,174.06588159587145,174.76045941489687,2922949
2023-02-17,177.09033203125,177.5827011946731,174.66371542634218,175.19124263184716,3024274
2023-02-21,172.9932098388672,177.29253983096743,172.7206567486467,177.22220951872703,3003585
2023-02-22,171.8766326904297,173.63506156144572,171.1117246007832,173.27458485277964,3144061
2023-02-23,172.37158203125,173.27313262220412,170.21495236067258,173.27313262220412,2595843
2023-02-24,169.73765563964844,171.37280712039086,168.69469941431225,171.37280712039086,3507136
2023-02-27,170.1000518798828,172.35391410281443,169.47251232476742,171.84126487008012,3568249
2023-02-28,169.24269104003906,170.02049374520416,167.60753957705575,169.26920639092344,3299816
2023-03-01,170.4801025390625,171.77939769577452,168.43837753751737,168.49140824071972,3428834
2023-03-02,171.86778259277344,172.45997789197685,169.2603775271784,169.3399378959973,4513812
2023-03-03,173.9625701904297,174.5989530389295,171.66452022032368,172.74283520502001,3306607
2023-03-06,174.156982421875,176.1633630349164,173.81226856328624,174.28955917155642,2887830
2023-03-07,172.9019012451172,175.18227873700786,172.13294173369528,174.49286528096565,2950641
2023-03-08,172.85772705078125,173.81229409814043,171.58496144802288,173.48526663107683,2190859
2023-03-09,170.4801025390625,174.07744730240978,170.01165512116293,174.01557337886769,3383105
2023-03-10,170.87786865234375,173.83881673149278,169.60510299628817,170.48012401879393,3890793
2023-03-13,170.67457580566406,172.55722325614744,169.8525854878369,170.5862008282443,3420240
2023-03-14,170.55966186523438,173.38803279609746,168.0848337233747,173.29080030120622,5149245
2023-03-15,166.27293395996094,168.82730862136435,163.30314251072937,167.99647504570805,4165804
2023-03-16,167.17446899414062,167.73130573292295,164.66428205908716,165.61002019291047,4087184
2023-03-17,163.1970672607422,166.17570167954125,162.83468121615087,165.9989231131096,7834106
2023-03-20,167.82850646972656,168.14670499139763,163.96600827486643,164.36375284960081,3014089
2023-03-21,168.95986938476562,169.82606145646963,167.18329775490523,168.88032332349982,3325068
2023-03-22,165.42440795898438,169.7023088719873,165.35369081132748,169.4548274740258,2491759
2023-03-23,165.2122802734375,167.42195515867007,164.00138856739915,165.15924956437155,2504066
2023-03-24,166.30824279785156,166.3612734945289,163.16167370830405,164.7437943176213,2474570
2023-03-27,166.15798950195312,167.5721748861129,165.66302676390978,166.72366937938386,2263219
2023-03-28,166.09613037109375,167.58987624741772,165.6365261618222,165.94588147799772,2195952
2023-03-29,167.11257934570312,167.6782449429218,165.96354740137937,167.63405746058612,2847936
2023-03-30,167.15676879882812,168.32347288795808,166.14917112870174,167.5898719541461,2121363
2023-03-31,168.9245147705078,169.15430971916905,167.34239393491828,168.04063631083676,2867459
2023-04-03,170.83364868164062,171.38164211919312,167.8992165153859,168.4383667331659,3048890
2023-04-04,168.76539611816406,170.7894488822003,167.65172279053778,170.69223070123851,2651545
2023-04-05,167.4307861328125,168.82729964720212,167.2982093585147,168.19091682115288,3214618
2023-04-06,168.3411407470703,169.79951354279794,167.05953217267594,167.58985345550866,2952020
2023-04-10,169.4194793701172,170.2326263838118,168.21741667196113,168.58864591519978,2695152
2023-04-11,169.87022399902344,170.72758703319252,169.5431965809231,170.48009135526027,2584172
2023-04-12,170.7894744873047,172.23901867451258,169.99399955234838,170.9927684089993,3879865
2023-04-13,173.1493682861328,173.60898675836006,170.23260828344166,170.80713137372572,3565597
2023-04-14,173.72393798828125,174.76689443146537,172.5749058088333,172.91077653345008,2083698
2023-04-17,174.88177490234375,175.06738237365818,173.89184930944177,174.28073638429427,1785345
2023-04-18,174.05975341796875,176.30478653480958,173.43221391729915,175.6418741542938,2546400
2023-04-19,174.83758544921875,175.58887291774892,174.31610726291237,175.22648686094215,1977810
2023-04-20,173.90066528320312,174.79337261833217,173.23776719697884,174.5635633694274,2065873
2023-04-21,173.3085174560547,174.4310199451638,172.70747886787123,174.201210652346,2090913
2023-04-24,173.9271697998047,175.07620166333396,173.4763945502387,174.30724222072152,1703542
2023-04-25,173.20240783691406,175.80981268795495,173.11403287335418,175.46511312558542,2381202
2023-04-26,168.73007202148438,171.88547062056475,168.09367492157372,171.3639924645175,3797743
2023-04-27,175.54464721679688,175.7567700099548,171.08995408514684,173.18472390524815,4098006
2023-04-28,176.63182067871094,177.48916945565148,175.43860124346529,175.88937652797136,3037749
2023-05-01,177.19749450683594,178.68239718667334,176.73789029011164,176.77324886352693,2360619
2023-05-02,175.2353057861328,176.47271269304167,173.56479572974249,176.47271269304167,2745974
2023-05-03,174.97018432617188,177.3124218128581,174.74921825555202,176.64068037915925,2944593
2023-05-04,173.4322509765625,175.88940742219012,172.29206204399912,175.1999795438891,2445393
2023-05-05,175.37673950195312,175.52700271036514,173.9271953621438,174.42215816368383,2215474
2023-05-08,174.07745361328125,176.7555614597629,173.21126158054366,176.55228185992362,1585665
2023-05-09,174.23654174804688,175.26182587273553,172.31855025845294,173.2024144028999,2374200
2023-05-10,174.42213439941406,175.65955554408973,171.75287006125487,174.55472545735574,2289956
2023-05-11,172.35191345214844,174.40436513805096,171.65888286186146,174.08449712011344,3045919
2023-05-12,172.0320587158203,173.56917146977338,171.2146310169939,173.2048841332471,2230222
2023-05-15,172.64515686035156,173.68471011782478,171.17024239834134,171.92547167613841,1661314
2023-05-16,170.24620056152344,172.334182359384,169.97076619505012,172.334182359384,2175793
2023-05-17,174.1644744873047,174.5287618553631,171.07248386040425,171.507859409033,2568681
2023-05-18,176.14585876464844,176.27025590295182,173.16048567484492,173.65805984356047,2586718
2023-05-19,175.34620666503906,177.93174819849884,175.0885371582997,177.25649672443723,2832340
2023-05-22,174.97303771972656,176.28802540381275,173.45370385232516,175.07967000586734,1871286
2023-05-23,173.23153686523438,175.54164358971192,173.1604486915302,175.21290034369108,2290487
2023-05-24,170.46832275390625,173.43593092889637,169.60647557639064,173.19602627686257,1850915
2023-05-25,170.83261108398438,171.08139097242622,168.80682788252992,170.4772132982814,2569318
2023-05-26,172.1475830078125,172.65403235809367,170.7259776102058,171.28573590425378,2092292
2023-05-30,172.85836791992188,173.06272844816706,169.18885433673,172.01430010568242,2394253
2023-05-31,170.23731994628906,172.40527966734376,169.13558242212076,172.23646319064073,3878804
2023-06-01,172.2453155517578,172.63625740541542,169.23328823169086,170.45942273775364,2025237
2023-06-02,176.67897033691406,177.30981690664106,174.04900930802654,174.5465691139107,2907883
2023-06-05,175.1951446533203,176.91885329111767,174.19113554465076,176.56344114382108,1764125
2023-06-06,174.44879150390625,176.01255880031826,173.5780548257685,175.53276394628355,2434465
2023-06-07,176.27024841308594,176.54568276819947,172.57406551395545,174.99968014732332,2711279
2023-06-08,176.05699157714844,176.5900809849302,175.0885122558551,175.80821172535175,1725823
2023-06-09,175.8260040283203,176.5989981747834,174.22669240179522,175.59498899255053,1867466
2023-06-12,176.36798095703125,176.76781245484037,174.70648516677582,176.11032583439643,1783223
2023-06-13,178.68699645996094,178.83804808602483,175.7105127326954,176.36799942197524,2109162
2023-06-14,178.16273498535156,180.19740747351642,176.51011469469717,179.47772240025424,2818865
2023-06-15,181.0148468017578,181.34359008044257,178.08278299626633,178.81135773440326,2618230
2023-06-16,180.339599609375,183.0495383023728,179.8864591598529,182.14325740332862,5311154
2023-06-20,178.0561065673828,180.33955876814167,176.8388618706849,180.05523484912615,2212397
2023-06-21,179.30001831054688,180.17075497942957,176.0214465477329,177.06987489009464,2709051
2023-06-22,178.27822875976562,179.72648841295538,177.3719480820917,179.44216449899906,1715531
2023-06-23,177.78070068359375,178.2871500482015,176.50125722800402,176.9277287902027,3525597
2023-06-26,179.99305725097656,180.41954317915474,177.2120450604002,177.96727426499862,2261628
2023-06-27,180.66836547851562,181.31697694954659,179.8776063825323,179.97533467274948,2502687
2023-06-28,179.92201232910156,181.1836910787929,179.4777614768086,180.73944022649994,2092292
2023-06-29,183.44937133789062,183.59151894628508,179.24673888909936,179.8509309550164,2699290
2023-06-30,184.364501953125,185.24411387882878,183.75143473687814,184.5155391603186,3193504
2023-07-03,185.0753173828125,185.37740621425596,182.1787974335347,183.73367530344805,1289221
2023-07-05,183.4138641357422,185.110904387587,182.98737807128092,184.27571150166335,2478390
2023-07-06,181.26364135742188,182.18768709082164,179.5488222597431,182.11659890429226,2230540
2023-07-07,180.5972442626953,182.78295401725052,179.61988969456223,180.25961137693153,2391176
2023-07-10,184.57777404785156,184.79100985738452,180.91713488237704,181.44136355497682,3291434
2023-07-11,185.4573516845703,186.16814711880014,184.3111807412169,185.19968222625164,2972392
2023-07-12,185.27078247070312,187.35876413557682,185.11974525199778,186.932292567941,3147987
2023-07-13,185.43960571289062,185.88385653509758,184.08908839180063,184.51555997504087,2466082
2023-07-14,183.15614318847656,184.7288002206257,182.58749526206185,184.7288002206257,2293033
2023-07-17,184.9597930908203,185.5462058461352,182.3742518269532,182.64968615959404,2281893
2023-07-18,182.3653564453125,184.06241048068986,181.21031020844856,183.65368941946477,3892597
2023-07-19,182.29429626464844,183.08506959109462,181.10370584996832,181.121470703502,2658866
2023-07-20,184.77322387695312,185.91050537193877,182.6585877258477,183.16503710008664,2687195
2023-07-21,185.34188842773438,186.93231049321,184.61331358382952,185.0842189079147,7988906
2023-07-24,185.9816131591797,186.72795287038187,184.99536877989559,185.40407553935185,1959349
2023-07-25,186.30145263671875,186.7101737494463,184.1601619503763,184.94204569794505,2088472
2023-07-26,185.03976440429688,186.05264866652607,184.08906431682615,185.50178002055108,3493979
2023-07-27,174.510986328125,181.36134333715069,173.83572057649195,180.99705599137474,6997826
2023-07-28,173.4270477294922,176.11033202299663,173.26712087854773,175.62164746577983,4174505
2023-07-31,172.48521423339844,173.71134869712387,171.85436776412178,173.36482618150742,3656630
2023-08-01,171.9076690673828,173.08049453573582,171.44565345159026,171.7921759518064,4215459
2023-08-02,171.392333984375,173.52473464210024,170.94808324799496,172.28083545713508,3180454
2023-08-03,169.26882934570312,171.39235503092078,169.22441002040844,171.2857371426163,2661943
2023-08-04,168.11376953125,170.4327661518958,167.75837177355814,169.93520641422785,2555206
2023-08-07,168.46029663085938,169.41099680649634,167.5717950202447,168.9134370553119,3016105
2023-08-08,166.7277069091797,167.5717891635615,165.76811714793547,167.5717891635615,3460664
2023-08-09,168.14041137695312,169.05558175141746,166.15017257573842,166.194591897928,3421407
2023-08-10,168.61392211914062,170.2934489014769,168.0064380167011,168.1493780049019,2983214
2023-08-11,170.33811950683594,171.02600461543818,168.13150973487745,168.13150973487745,2864700
2023-08-14,169.3018035888672,171.3565494281276,168.98912330210834,170.58824888171392,2593296
2023-08-15,167.77415466308594,168.32805252765093,166.6663878603922,167.93497118542706,2389372
2023-08-16,166.60385131835938,168.39951772756294,166.53238855656457,167.64015537530355,2378019
2023-08-17,166.14822387695312,168.1493691430813,166.14822387695312,167.4704078507148,2632235
2023-08-18,166.68426513671875,167.55976719937732,165.3352806590923,165.44248204161795,2178976
2023-08-21,167.01480102539062,167.32748135434755,165.64795452517902,166.17503761080636,2048579
2023-08-22,166.1750030517578,167.5061251245064,165.76405969919622,167.37212342945546,1817493
2023-08-23,167.1309356689453,167.5686939016657,166.30011054850425,166.61279086809927,2015157
2023-08-24,165.41567993164062,168.6586084977687,165.37101751047112,167.00588196620794,2537275
2023-08-25,166.43411254882812,167.21133698302063,164.89752575525478,165.8266284466108,2062478
2023-08-28,167.84561157226562,169.41793675085842,167.16665034274305,168.34589422668765,2059507
2023-08-29,169.31072998046875,169.57873337133876,167.3721239091227,167.84560620847031,2313511
2023-08-30,168.45310974121094,170.36491569520993,167.69374742805041,169.31074961789972,2341415
2023-08-31,167.89923095703125,169.20353841828003,167.88135441959983,168.35485125004485,2757009
2023-09-01,168.30123901367188,169.2839278291109,167.5418767318369,168.86404617655865,1693144
2023-09-05,165.8980712890625,168.6675024925644,165.82660853517828,168.47096184036192,2365075
2023-09-06,164.83497619628906,166.0142201752506,164.048813543648,165.3084585489182,2364757
2023-09-07,164.486572265625,166.01422069672248,163.6914713420463,165.04937945155322,2213458
2023-09-08,164.84390258789062,165.26378422606197,163.86119934289212,164.20067996054763,1877652
2023-09-11,166.35366821289062,166.73781119548093,165.0493465842777,166.10352691455105,2244439
2023-09-12,169.0338134765625,169.68597449815215,166.13931832390017,166.33585901100807,3891218
2023-09-13,171.1600341796875,173.00930137055548,169.55197009332528,169.57877043827037,5365795
2023-09-14,172.91993713378906,174.4833241110124,171.47267532577146,171.8836331733007,3906814
2023-09-15,172.45538330078125,174.13490995616786,171.87469958607008,173.77756724428542,6380854
2023-09-18,173.72401428222656,174.51911541305344,171.91940922719093,172.1963654529377,2436905
2023-09-19,174.51907348632812,174.7602765709358,172.54472853977762,172.54472853977762,3047298
2023-09-20,173.70611572265625,176.07352761312325,173.66143884127032,175.22484042541078,2518920
2023-09-21,171.01707458496094,173.9115693601623,170.9902742430875,173.9115693601623,3095468
2023-09-22,169.54299926757812,171.3833422988867,169.37325896111383,170.57037937403564,2996582
2023-09-25,171.4011993408203,171.55307757070028,168.4530897333938,168.8819096208056,2889209
2023-09-26,167.85455322265625,170.9366794231355,167.73842804603274,170.64186118919682,3606870
2023-09-27,167.84561157226562,168.79257620122274,166.4787508455005,168.79257620122274,2372078
2023-09-28,167.15769958496094,168.82830219399614,166.77355658673594,167.71159734109884,3089950
2023-09-29,165.0404815673828,168.15833233532393,164.68313879435897,168.14939406545187,3534085
2023-10-02,163.1375732421875,165.11190350707923,161.7617887198751,164.3793416024387,2865549
2023-10-03,161.82431030273438,163.23583340717227,161.0202856608629,162.4675473720908,2642208
2023-10-04,163.03932189941406,163.45026532967796,161.18111649929975,162.08341885527923,2438921
2023-10-05,160.82379150390625,162.96787711959215,160.028690436499,162.72665953305636,2427780
2023-10-06,164.968994140625,165.54075411270725,160.53789774664446,161.2257973670071,4000819
2023-10-09,166.63064575195312,167.04158915993946,165.05832041605012,165.51394070388972,2417913
2023-10-10,166.46983337402344,168.03322034437235,164.71882955371646,167.9528193214833,3461725
2023-10-11,167.41680908203125,168.21191002174155,165.9963619908629,166.66638502235088,2345022
2023-10-12,164.32574462890625,167.4078560879308,163.32517930401033,167.38105574755738,2561148
2023-10-13,163.9862823486328,165.13872604000966,162.91425415058632,165.13872604000966,2382582
2023-10-16,166.37155151367188,167.5061329992792,165.38884826507297,165.81766817261155,2581413
2023-10-17,166.45193481445312,167.3185128051056,165.24589070425654,165.57644748335332,1961683
2023-10-18,163.90586853027344,166.20181746502988,163.52172548419213,165.83553649206266,2399982
2023-10-19,162.83380126953125,166.04099024807056,162.46753481530155,163.63784031247621,2722208
2023-10-20,161.98512268066406,164.18279383606006,161.75284343726227,163.17329030984843,3229047
2023-10-23,161.2704620361328,163.5574874931361,161.15432238623282,162.22636511722752,2199984
2023-10-24,162.11019897460938,163.50386008243228,161.0381564188123,162.2084765327789,2707990
2023-10-25,159.09957885742188,162.39609337731304,159.00130129050194,162.1012896029894,4400391
2023-10-26,157.28602600097656,163.4770639659105,156.23185995390733,159.53731253367982,5111474
2023-10-27,158.12579345703125,160.01973733256548,156.65174571353703,156.9197491348205,3607718
2023-10-30,160.58253479003906,161.07387914278095,157.76842697439702,158.60819018553855,2794462
2023-10-31,163.71824645996094,164.30786836045002,160.07331370479486,160.35919361955598,4000288
2023-11-01,164.37042236328125,164.62056369581137,162.07447349417689,164.54908647896465,3563581
2023-11-02,166.5502166748047,167.1845009855818,164.5133475887016,165.8087165483671,3246236
2023-11-03,168.8372344970703,169.9271535301083,167.9349467654947,168.0778722662309,3140560
2023-11-06,167.5061492919922,168.75685606494406,167.07732934274387,168.55139159062716,2482634
2023-11-07,166.7110137939453,167.28277360776843,165.77298752445952,166.85395374740108,2633508
2023-11-08,164.93324279785156,166.9522499794747,164.18280434241086,166.9522499794747,3388304
2023-11-09,165.05905151367188,166.6226469901175,164.6277083088528,165.22979062297594,2884116
2023-11-10,167.7818603515625,167.9705666258462,165.04105847575235,165.89475396376167,2311495
2023-11-13,167.60214233398438,168.5007776502126,166.8832515389885,167.86274643020735,1778130
2023-11-14,170.9540252685547,171.34042872452616,169.52520538083368,169.633037550098,3131648
2023-11-15,170.33395385742188,172.31990151502106,169.64200661302613,171.16966761014612,4325485
2023-11-16,171.37637329101562,172.85909467750236,171.10677832635827,171.83465999878487,2263644
2023-11-17,171.82568359375,172.53558353916728,170.675435022464,172.34687724783177,2342370
2023-11-20,172.3558807373047,172.8770744295672,170.8012614278426,171.3404368480503,2122212
2023-11-21,171.8526153564453,172.18510266834912,170.80122279741948,171.71782516896002,1991921
2023-11-22,172.81419372558594,173.31742027229333,170.85518908127008,171.7268519475891,1996378
2023-11-24,173.8026580810547,174.0722385018097,172.9040227324516,173.54205397544303,1140045
2023-11-27,173.40724182128906,174.04525843522006,172.85008477502944,173.08373080899892,2631811
2023-11-28,174.57545471191406,175.29436003882267,172.9040125566332,173.4252207371822,3532175
2023-11-29,174.5664825439453,176.41765486628265,174.26994406680942,175.70774032628364,2379823
2023-11-30,176.0581817626953,176.23789717417674,174.35978165202079,174.57544596512696,3303954
2023-12-01,177.72962951660156,178.00820080218008,175.51902641067034,176.5793954685707,3301938
2023-12-04,178.25082397460938,178.3406889578049,176.54343293885935,176.59736356743403,2883268
2023-12-05,176.98377990722656,177.7835448548889,175.52800198919712,177.49599725533008,2741836
2023-12-06,177.7386016845703,178.94275169035564,177.2803004669375,178.06211270534678,2366985
2023-12-07,177.7386016845703,178.87086843480606,177.4420632514864,178.81695235606352,2585551
2023-12-08,174.88095092773438,177.23534906097822,173.44315509431132,176.16598941006677,4822563
2023-12-11,180.0750274658203,180.18285962870985,176.17500058583548,176.53446052656327,3932278
2023-12-12,181.0814971923828,181.7913971230402,180.49738205557048,181.5218167124516,3282628
2023-12-13,182.49232482910156,182.56420808503168,179.9492200588909,182.06098164855663,3250267
2023-12-14,182.7888641357422,183.8941728577306,181.93516863319158,183.31904861426042,4016628
2023-12-15,182.7798614501953,184.2625971795923,181.91718968911238,183.18424656699824,7982221
2023-12-18,184.3075714111328,184.62209163581485,182.85180788078526,183.32807637587828,3151913
2023-12-19,183.8582305908203,184.28058292601085,182.86075399140356,183.7953236466102,2755311
2023-12-20,182.33056640625,184.55017475540072,182.27665032593202,183.05844803886438,3553926
2023-12-21,184.26263427734375,184.40641535785855,182.8068562927526,183.13036736099178,2290275
2023-12-22,184.7928009033203,186.15871376155508,184.18174228164793,184.26261640378203,2004972
2023-12-26,186.94952392578125,187.40781067075662,184.9276124458304,185.24213265597047,1973672
2023-12-27,187.83013916015625,188.40526341962408,186.15871155918134,186.15871155918134,2482846
2023-12-28,187.96495056152344,188.6838413629741,187.65940669516843,188.09974076825515,1748210
2023-12-29,188.4501953125,188.86357134425518,187.7313045110236,188.0098757877199,2394040
2024-01-02,187.8121795654297,189.258966587095,187.20112092631553,187.68636567297077,3323795
2024-01-03,183.79531860351562,187.29096021456525,183.55269624463352,187.29096021456525,4046654
2024-01-04,184.1278076171875,185.3139903854167,183.3459954188179,183.4268695327898,2697062
2024-01-05,182.896728515625,183.8312983017485,181.75548523860547,183.66955003539752,2846239
2024-01-08,182.11489868164062,182.9146781052806,180.84784172120337,182.52826013912747,4265220
2024-01-09,181.1893310546875,181.2791960418333,178.73609110205112,180.1559055249943,3270108
2024-01-10,181.8812713623047,181.94417831074975,180.10199691693512,180.62320513501845,2516904
2024-01-11,181.22528076171875,182.0520183458383,179.32020688547533,181.78243790988822,2059083
2024-01-12,180.71307373046875,183.31009491245632,179.86836898637284,182.77091950477248,2577381
2024-01-16,177.7206573486328,180.74003088787447,177.48701127850583,180.33564569701213,3713924
2024-01-17,177.8824005126953,178.00819985955357,176.13008413356,176.80404973348544,2663428
2024-01-18,179.84136962890625,180.20979128205832,177.2623162186023,177.67567763192605,2763481
2024-01-19,180.42550659179688,180.83886808866836,178.50245108542796,179.97619618918614,3278066
2024-01-22,180.65914916992188,183.24717936674276,180.11098292418842,180.9287295869563,3808141
2024-01-23,182.3665313720703,182.5642285334233,180.29071845202566,180.82987930269465,2157862
2024-01-24,179.6077423095703,183.12135105940993,179.43700320944686,182.36651140280583,3696418
2024-01-25,182.02503967285156,182.573205894923,180.32663947387962,181.28816716700166,2815045
2024-01-26,181.3420867919922,183.22021699681432,180.973650531867,182.44739557236772,2042107
2024-01-29,182.46534729003906,182.4743381524069,180.46143246112715,181.00958409914418,2330805
2024-01-30,185.0264434814453,185.4487958102091,180.76697129075987,180.76697129075987,5990406
2024-01-31,181.75547790527344,186.65296730934,181.30616748465533,186.19466602484604,5967595
2024-02-01,177.30726623535156,177.540912285635,170.43280586447844,176.01325119248054,8296065
2024-02-02,176.2289276123047,179.76949447916888,175.71671030073054,177.064641405933,4581080
2024-02-05,173.44320678710938,175.09668194475304,173.27246766266057,174.29690240935346,4914764
2024-02-06,174.00933837890625,174.39575639490755,172.57154213240224,173.02085255016453,3969732
2024-02-07,174.42271423339844,175.96834265062023,173.96441295235513,175.653822448891,3214618
2024-02-08,173.84759521484375,174.35082173361909,172.76026804552458,173.96441825461727,2669688
2024-02-09,175.08767700195312,175.43814608658462,173.28144459293117,173.4342165255885,3911164
2024-02-12,177.34323120117188,177.5948444518347,174.12616048020828,174.31486678112458,3000402
2024-02-13,174.34181213378906,176.99274921071907,173.18260182135884,176.79506660874492,4702458
2024-02-14,175.1146240234375,175.7616315211536,174.22499416969836,174.7282206069974,2244227
2024-02-15,177.8824005126953,178.10705571267047,175.7886059018661,176.13008413356,2118074
2024-02-16,177.18150329589844,178.73612274898167,176.5344956415411,177.49602353243637,2473191
2024-02-20,178.77203369140625,179.41006494569962,176.94783401645654,177.88240373883326,2929527
2024-02-21,179.30221557617188,180.06604610633568,178.1160327209755,179.3651079705474,2089640
2024-02-22,180.45248413085938,181.12644980759353,178.47551232644273,179.2123849579366,3856735
2024-02-23,180.29071044921875,182.0879520005335,180.20084546198854,180.4524586972397,2599662
2024-02-26,178.99668884277344,179.90430052233,178.116049754085,179.75154313068214,2152345
2024-02-27,178.089111328125,179.45500988140242,176.98380236537986,179.35616856395734,2601360
2024-02-28,177.5408935546875,178.76302520993792,177.2533314536497,178.02615278164873,2826610
2024-02-29,179.56488037109375,180.90215433832375,177.66740158584258,179.1673128302493,3646975
2024-03-01,179.5106964111328,179.75465236558298,177.16143728677974,178.5348433367566,2955309
2024-03-04,180.0257110595703,180.52266320030648,179.0498580833396,179.29382864154041,2279983
2024-03-05,178.3179931640625,180.28776524335007,177.66742932549613,179.92632951103386,2686664
2024-03-06,181.16421508789062,182.89001654681147,179.51069199685952,180.26065503368835,2878917
2024-03-07,183.0707244873047,183.65805024026582,182.27560390692605,182.70930338198934,2596798
2024-03-08,181.39012145996094,184.25441352654244,181.119044642281,183.54059692342722,2269903
2024-03-11,180.9744415283203,183.03457231957069,179.91728454679566,182.14003799487352,2592235
2024-03-12,179.9263153076172,180.93831479861234,178.60712179932108,180.46845423500724,3118067
2024-03-13,180.4684600830078,181.73345583067174,179.6642992610881,180.66724387521612,2692394
2024-03-14,177.4144287109375,180.46846402693143,176.15847321719968,180.03476456411678,4072118
2024-03-15,178.62518310546875,179.40225229452943,177.0078066462813,177.45056098346058,6695016
2024-03-18,177.78485107421875,179.8178607448974,177.44149598931202,179.8178607448974,2633084
2024-03-19,179.84498596191406,180.0257038030535,177.2065844740211,177.7848698630387,4800813
2024-03-20,181.77862548828125,182.25751171363163,179.20347650625922,179.43840679245304,2879978
2024-03-21,181.9593505859375,183.50443418533374,181.87803193631532,182.5195554799708,2983320
2024-03-22,181.3719940185547,182.4924182444657,180.79372328788102,182.08581043718016,2187039
2024-03-25,179.33897399902344,181.35391773197404,179.29380185780863,181.05574941773133,2080939
2024-03-26,181.61598205566406,182.0406558357339,178.67939746237812,178.9504742361191,2861623
2024-03-27,185.34768676757812,185.46515190646048,182.70928516804676,183.36888922500117,2928466
2024-03-28,185.4561309814453,186.87472382044353,185.39289289322772,185.59167669632484,3813340
2024-04-01,182.528564453125,186.03437920858565,182.42012497727492,185.5825992582074,2357436
2024-04-02,180.92022705078125,182.79059969326175,180.73048355363113,182.59181591539013,2774621
2024-04-03,178.87818908691406,181.56177758599168,178.83301693678678,180.18835698004898,2648256
2024-04-04,177.14334106445312,181.3268408172947,176.66445485141276,181.3268408172947,3622997
2024-04-05,178.1372528076172,179.26671738607595,176.33013288734054,177.0078028574443,2347781
2024-04-08,178.68844604492188,179.98053337876146,178.29991874229103,178.53483440317012,2530167
2024-04-09,179.27574157714844,180.2787007314354,177.11622626844306,179.2215291502449,2166562
2024-04-10,176.7819061279297,177.5047628454543,175.65245622081497,176.70962777031988,3084645
2024-04-11,177.88426208496094,178.1824450728344,175.5350031905577,177.10720751687623,3210904
2024-04-12,177.24273681640625,177.50477330621916,175.84221007207654,177.01684682167107,3712970
2024-04-15,175.3271942138672,179.3480420222029,174.55012501546432,179.00468688534716,3373874
2024-04-16,172.32737731933594,175.01096602194474,172.15569973057256,174.51399919141835,2972816
2024-04-17,172.00209045410156,173.95378188079602,171.45091122725665,173.85438267045572,2572182
2024-04-18,172.65264892578125,173.75499271710723,171.6677702756412,172.58035593353458,2273829
2024-04-19,175.52597045898438,175.76994102833515,173.1496052478659,174.03509934035364,3787770
2024-04-22,176.7186737060547,177.36925214064266,175.41754609345267,175.5440515191467,2511281
2024-04-23,177.24273681640625,178.55290463718467,176.80902276033171,177.12527167861816,2713295
2024-04-24,176.00486755371094,176.84517484992026,174.62240669904276,174.89348347827217,3796576
2024-04-25,174.4055633544922,180.83892313103115,172.11955703701022,180.22450581424016,4131852
2024-04-26,174.79409790039062,174.9748157673018,171.77620899533068,171.94788658040997,3226819
2024-04-29,175.08322143554688,175.52596114415192,173.68270931958023,174.62240116526087,2751810
2024-04-30,174.14352416992188,176.9536034595729,173.773062803593,175.28201448457713,3318702
2024-05-01,176.46568298339844,178.16437823214875,173.39358171333106,173.45681979986225,5394761
2024-05-02,174.9657745361328,177.53189801656697,174.1074012436815,177.44153908360164,3627241
2024-05-03,176.92649841308594,177.31502571633243,174.8754077768886,175.98679188321958,2388735
2024-05-06,176.1946258544922,178.1824638892809,175.24587898995253,177.43250082822013,2395314
2024-05-07,177.86619567871094,178.17340431841313,176.2217129941702,176.2217129941702,2177384
2024-05-08,178.95046997070312,179.23057239042527,177.02588489898994,177.7216208079311,1897386
2024-05-09,181.2816619873047,181.42621870853282,178.78783180768815,179.67331120956842,2856212
2024-05-10,183.350830078125,183.630932514311,181.3629921810435,181.61598840173687,2459822
2024-05-13,184.14596557617188,186.78436727822324,184.09173851679992,184.7242363838419,3719123
2024-05-14,183.61285400390625,185.57358570740888,183.34179184595058,185.23023055514037,2523482
2024-05-15,185.28443908691406,185.5464755862806,183.21528256378022,184.6609815084514,2839024
2024-05-16,187.6824951171875,188.27291583586768,185.82946905181277,186.1837156007252,2723375
2024-05-17,187.092041015625,188.02764945453833,186.37445984267828,187.92772396740472,2405499
2024-05-20,185.8657684326172,187.29187200393076,184.62133953874965,186.89219947813922,2130806
2024-05-21,184.85752868652344,186.42896918622876,184.5214437411256,186.4107928935661,1849111
2024-05-22,184.21258544921875,185.248104677333,183.37691719687808,184.50325906122322,2136111
2024-05-23,181.1151580810547,183.0771832010021,180.96073310571708,183.05902161214942,2776000
2024-05-24,181.3876495361328,182.40499251107514,180.93346280902824,181.9871436632866,2504597
2024-05-28,180.9243927001953,182.4322456035868,179.9433728807654,179.9978723478739,2564755
2024-05-29,179.00778198242188,180.2249612770916,178.84428357845252,179.6981281846108,3019818
2024-05-30,182.4958038330078,182.83188872797578,179.3074972860873,179.67084661595817,2453881
2024-05-31,183.65850830078125,183.74025749934117,180.87896202105344,181.9689807466619,3356474
2024-06-03,183.90374755859375,185.1391030386571,182.56848129784413,185.1391030386571,2592554
2024-06-04,188.23655700683594,189.07223994904248,182.6320681120959,182.6320681120959,3565809
2024-06-05,190.08958435058594,190.253097446596,187.00121769835368,188.8724051578836,2888891
2024-06-06,189.3447265625,190.94341660206737,188.5908075631393,189.99874949299266,3470319
2024-06-07,189.64450073242188,191.6337752670822,188.6271578062598,189.4083265867994,2719555
2024-06-10,191.4248809814453,191.7155399082394,189.96243937795978,190.54377193728672,2809740
2024-06-11,190.28033447265625,190.625507521786,188.16388486330243,190.55283177158154,2445287
2024-06-12,189.39015197753906,192.23327085238034,188.69980587979865,191.43392583515174,2621943
2024-06-13,189.5082550048828,189.8170902046919,187.34639390048127,188.10940110690456,2079242
2024-06-14,189.41741943359375,189.55366809570447,187.12838308718207,188.20931364949027,2375791
2024-06-17,192.52395629882812,192.72379256544295,188.51814282076901,188.93599164552387,3289737
2024-06-18,193.35964965820312,193.6866464544211,191.1432743145265,191.69737182688024,2592447
2024-06-20,194.5132293701172,195.4669993787478,193.35963780209784,193.84105952639192,4288562
2024-06-21,195.3761749267578,196.27543082627477,193.95007124545683,196.0120216411211,8412669
2024-06-24,196.10284423828125,198.34646932491307,195.2126764852531,195.48517381664166,3112125
2024-06-25,194.79481506347656,196.95669081115764,194.131733364649,196.95669081115764,3146608
2024-06-26,193.86830139160156,194.44963387200264,192.2060237296498,193.97730031256822,2306508
2024-06-27,194.7312469482422,195.61234122550954,193.4868033026577,194.65857119228366,2029905
2024-06-28,193.96823120117188,196.33901678778673,191.78820845070481,194.51324056522319,5097893
2024-07-01,191.61561584472656,195.7758396431517,191.54294008875863,193.60489040184808,2279559
2024-07-02,193.68663024902344,193.7320562707452,191.62468003546147,192.3604521768678,2024706
2024-07-03,192.9872283935547,193.7229858967198,192.63296715572196,193.47773829757756,1152989
2024-07-05,192.78738403320312,193.3959662852543,191.42486801693968,193.08713108625645,1437973
2024-07-08,192.23330688476562,193.68666039707765,191.67922403826418,192.4694810584164,1950224
2024-07-09,191.29771423339844,192.66023040234478,191.26137635128617,192.28780755147739,1459299
2024-07-10,194.83116149902344,195.23992219341775,191.4521211307745,191.84270553295875,1901100
2024-07-11,195.1581573486328,196.8113468743976,194.0681387214669,195.29440600059434,2864806
2024-07-12,195.39434814453125,196.9748768782266,192.86915213509204,195.77585913700648,2216641
2024-07-15,195.9484100341797,196.50249277552143,193.8501220160167,194.74939251115413,1837864
2024-07-16,198.44638061523438,198.936890518718,195.88484687072233,196.0665215626017,3160189
2024-07-17,200.0269012451172,200.48107325088242,197.88320173092174,198.92779440303417,2852074
2024-07-18,197.71969604492188,200.55372690343964,197.5834473893657,199.81796945769898,2297489
2024-07-19,194.94015502929688,198.14662347289396,194.60407010157667,197.77420066749823,2822897
2024-07-22,197.0838623046875,197.21103752870616,194.04998027804615,195.53967155846829,2954461
2024-07-23,197.45628356933594,198.800638028463,196.39351458318836,197.09294889830483,1900463
2024-07-24,194.0681610107422,197.81055088410955,193.59581268870923,197.4562896425848,3739601
2024-07-25,183.89466857910156,186.41986422066017,180.76087600876033,184.20350376337998,7091406
2024-07-26,184.15809631347656,188.75433078207558,180.0705480472833,184.42152020823804,7906996
2024-07-29,182.94090270996094,185.08460216864225,180.87895244551183,184.87567775733504,3049208
2024-07-30,184.06727600097656,185.2572055570643,183.00450696779515,183.4405174157714,2767619
2024-07-31,185.98388671875,187.80966312230157,183.6131008971207,185.0846307376525,3526658
2024-08-01,185.82943725585938,187.80962350832021,183.03172969584875,185.60235127170367,3971323
2024-08-02,185.02099609375,189.80797784444846,182.85004712033347,189.16305779493698,3583740
2024-08-05,181.40579223632812,183.9673256995237,178.85333221271318,183.9673256995237,4154133
2024-08-06,180.5792236328125,183.64942897519018,180.29763814455788,181.3967303634143,3850475
2024-08-07,179.77984619140625,185.25717412560874,179.5800099415395,182.1687930448066,3493024
2024-08-08,181.50570678710938,182.15971503161904,179.77985619085072,179.77985619085072,2611227
2024-08-09,180.06143188476562,180.90618819896446,179.41651182071735,180.7881158424659,2003274
2024-08-12,178.75341796875,180.30668197236332,178.51724384097452,180.27035880327207,3261408
2024-08-13,178.6989288330078,179.3165992120802,177.68158592495035,179.18035055577562,3967291
2024-08-14,179.4892120361328,179.66179859464415,177.64527406875212,178.03585850928224,3682943
2024-08-15,180.27037048339844,181.87813405055576,179.94335900023407,180.71545433236426,3077112
2024-08-16,181.2932891845703,182.30707567158095,179.76806269640437,180.46217145856093,2982577
2024-08-19,181.78646850585938,182.14266812553012,180.69048559970602,181.25675279914688,2168896
2024-08-20,182.7271728515625,183.129032245721,180.77268833106606,181.7499379844152,3247084
2024-08-21,183.9601593017578,184.28896008938952,182.5627892232789,183.4304435929434,1893673
2024-08-22,182.79110717773438,183.91448885662814,182.04218605847186,183.3482364739376,2066404
2024-08-23,184.9282989501953,185.20228730402766,183.43045651936882,184.20677657016532,3128252
2024-08-26,186.17953491210938,187.0654502941404,185.3210183651431,185.94206848407936,1946723
2024-08-27,188.24363708496094,188.41716797584465,186.09734563419187,186.28913748709343,2506188
2024-08-28,187.22984313964844,189.1478059511012,186.12473707807277,188.7002867167035,2481467
2024-08-29,189.52227783203125,190.3442725045708,186.71839947247722,188.43543266707323,2513721
2024-08-30,189.88758850097656,190.65477060541673,187.50383090307113,189.95150925336154,2040727
2024-09-03,187.10195922851562,189.88757604886743,186.41697366737685,189.65010965608823,2182371
2024-09-04,187.72303771972656,189.17522034139253,187.39425169790272,187.47644820335867,1845610
2024-09-05,185.38494873046875,187.62257441432868,184.20676928318963,187.40336895373065,1604444
2024-09-06,180.95535278320312,185.4945395832865,180.69962540719024,185.4032052090956,2695683
2024-09-09,183.72271728515625,184.21591109930338,181.88695098919982,182.64499527850825,2440724
2024-09-10,183.53089904785156,183.74096662615955,181.35720899703855,182.93724780540154,1480519
2024-09-11,186.35305786132812,186.64532194704296,180.25210791339276,183.43044657658533,2904700
2024-09-12,186.92845153808594,187.2207156290834,184.37116292116278,186.26172685291104,2063327
2024-09-13,186.45352172851562,187.79610899425046,185.91466811920753,186.7457858242702,2093671
2024-09-16,186.93759155273438,189.0108094754496,186.06993714333632,188.14316985225486,1657494
2024-09-17,186.5357208251953,187.90569205000958,185.90553287888457,187.22982952448356,1529538
2024-09-18,184.16110229492188,186.9741184012534,183.20212826870193,186.53573703438883,2537275
2024-09-19,186.0425262451172,187.7230224993277,184.65427928009805,186.46264661211924,2859607
2024-09-20,185.7228546142578,186.12471400250018,184.45334091362818,186.12471400250018,4063418
2024-09-23,186.10646057128906,186.3621879390416,185.04699960833997,186.32565123330488,2401892
2024-09-24,187.4764404296875,188.14316510567832,185.12008155950832,186.1064691564866,2739184
2024-09-25,188.85552978515625,189.75056812668197,187.46728291062428,188.3257993347581,3032444
2024-09-26,189.08387756347656,190.42644999869702,188.65461930769305,189.7140655301843,1695478
2024-09-27,189.63186645507812,192.57273866440573,189.17520937155646,189.51313324757007,2604012
2024-09-30,188.7916259765625,190.70045096361767,186.52660133856685,190.0611398674071,2784488
2024-10-01,188.2070770263672,189.96978455265742,187.07457222526645,188.53587780532683,2440618
2024-10-02,186.20692443847656,188.18882269642648,186.00599472931205,187.7504265711032,1954150
2024-10-03,185.29360961914062,185.92379757812563,184.12456807523563,184.94654786941524,2172504
2024-10-04,186.11558532714844,187.30290259152048,184.1610859526387,186.83710764435742,1743754
2024-10-07,185.70460510253906,186.6179192618977,184.23416161714633,184.68168082364724,1911285
2024-10-08,189.05648803710938,191.50416660981512,186.12473873071568,190.59999025924333,4384476
2024-10-09,195.17567443847656,195.47707637447962,188.965129630499,189.0747249576995,5392639
2024-10-10,195.08436584472656,195.14830138944117,192.81934123392446,193.16640300671386,5260014
2024-10-11,197.26718139648438,197.7969118958345,195.20308663884242,196.527398101015,4041880
2024-10-14,198.7376251220703,198.84722045689875,196.60047173430732,197.49551015954148,1962850
2024-10-15,198.43621826171875,200.21718676728145,197.71471072985904,199.10294291372068,4189252
2024-10-16,199.97976684570312,200.5734181796009,197.7878007109963,198.2535957325522,2754780
2024-10-17,200.51858520507812,201.00264110426716,199.42260233066418,200.0162535600542,3326235
2024-10-18,202.7744903564453,202.8201649390315,198.84723035041029,198.84723035041029,4279756
2024-10-21,202.299560546875,203.65127083304483,201.01178580089353,202.72881879553552,3915196
2024-10-22,203.07589721679688,203.52341646245253,200.71040032523578,201.43192271439386,4256202
2024-10-23,201.2401123046875,203.32246798672065,200.17152823736672,202.3360804190088,6561012
2024-10-24,190.9744415283203,197.45898994796391,190.79177277788986,195.7876167187542,9230912
2024-10-25,189.9698028564453,192.12523212160772,188.72768781854415,190.9744514636734,6459262
2024-10-28,188.2344970703125,190.61825493122655,187.14765193922278,190.02460363105078,6466158
2024-10-29,188.12489318847656,189.60447461406346,185.43061038185346,187.25723878330552,6441119
2024-10-30,186.4991912841797,188.71854120495544,185.4854048500432,186.72751983042087,5680806
2024-10-31,187.85092163085938,188.2801799350113,185.75942778414435,186.91020851148875,4938531
2024-11-01,191.05662536621094,191.36715039239766,187.94222244536522,188.40800259154432,4757842
2024-11-04,189.5496826171875,190.72786220342425,188.52677296776216,190.72786220342425,4275724
2024-11-05,190.6821746826172,193.4769148493006,188.7094143085696,190.1524441857567,7827634
2024-11-06,197.6416473388672,198.0891813493202,190.9653069658604,193.67785071818523,6527484
2024-11-07,198.6462860107422,199.42260599553532,196.74658429834005,198.14396914268912,5700965
2024-11-08,200.4637908935547,200.6647205976852,197.7421094078235,198.60062589036278,6042183
2024-11-11,205.71536254882812,205.78842117496646,200.19892615140117,200.19892615140117,7743602
2024-11-12,213.63380432128906,221.72579023257887,209.67914573864385,218.61138718084706,11765111
2024-11-13,212.8666229248047,216.02670056684923,212.0537662244156,214.6293304924455,5868497
2024-11-14,210.67466735839844,214.2365895511142,210.3276056190206,212.79355971424042,4071057
2024-11-15,210.16986083984375,212.19823224969463,209.61917170206073,210.17904369748788,3934082
2024-11-18,210.0413818359375,211.16111100355997,209.50904353744843,210.6196047061269,3656312
2024-11-19,209.44479370117188,210.09644971827797,207.6734233730241,208.64630111071114,3921987
2024-11-20,208.04055786132812,210.07809746991526,206.88411204432086,208.56371333654516,4915189
2024-11-21,207.50820922851562,210.05973618613092,206.34259546980863,209.26124358411172,5974279
2024-11-22,210.28001403808594,211.20700725323135,208.45357618313062,209.03179908529086,4068192
2024-11-25,211.64756774902344,212.92333131437755,210.8215413756907,212.12482379919476,4071800
2024-11-26,211.46400451660156,213.3914093373471,210.95921473785643,212.74895096976195,4459489
2024-11-27,210.7664337158203,213.8135822473895,210.61041429044334,213.09767596980268,3045070
2024-11-29,213.7860565185547,214.0981102399568,210.55535472710972,210.55535472710972,2034468
2024-12-02,211.05099487304688,214.50196668454907,210.92249428649342,214.02469577334446,3422149
2024-12-03,208.3067169189453,210.36260728585611,204.81902877908595,209.38972953301484,4268721
2024-12-04,210.90414428710938,211.22538089580686,208.15069825469845,208.71057031997037,2816743
2024-12-05,207.6917724609375,211.2253599471656,206.9758810212089,211.05097480142462,5499906
2024-12-06,207.77438354492188,209.22453220951311,207.15945893546387,208.60959274106108,3373874
2024-12-09,206.59039306640625,209.02260223605902,206.45272449391481,208.0130079394664,2697911
2024-12-10,210.25247192382812,210.67467536952242,206.12232548364358,206.65464893131016,3764322
2024-12-11,210.23411560058594,214.76811451141788,209.13273730157505,212.83152705980584,4649833
2024-12-12,208.9767303466797,211.04180363635027,208.6554937520432,209.03179777901804,2881252
2024-12-13,208.91249084472656,210.2616727246796,207.3063226475917,207.37055808264097,2580564
2024-12-16,216.60374450683594,218.3842977474369,211.23453621031825,213.354691756802,8697335
2024-12-17,213.96961975097656,218.72388865972798,212.60208708351595,218.58622007894238,5710726
2024-12-18,208.21493530273438,215.41058138742932,207.80191470939815,214.49277105467672,6821063
2024-12-19,208.23329162597656,214.30920866983772,207.70096815696465,209.83029175100089,5167601
2024-12-20,209.554931640625,210.86741169309113,206.15902750777266,206.6546492418578,7250025
2024-12-23,208.471923828125,209.4907010350382,207.3797283317647,209.05014672137384,3679336
2024-12-24,210.08729553222656,210.436065874278,207.10441162435927,208.02222205754921,1987890
2024-12-26,212.8040008544922,212.94166943197814,209.6467172765162,209.97713672147628,3258862
2024-12-27,210.64715576171875,212.52866110021333,209.99549969237157,212.01468847528815,3239976
2024-12-30,207.97630310058594,208.7380940096721,206.87492474053124,208.48110770685855,2516268
2024-12-31,207.32467651367188,208.84824358013358,207.05850733376718,208.4811223872622,2054945
2025-01-02,206.98507690429688,209.25206908259426,206.18656941139525,208.40767701539684,2216960
2025-01-03,207.9028778076172,208.72890412033667,207.29712121589128,207.40725607638808,2797963
2025-01-06,203.5157470703125,208.27001619406542,203.16697674388715,206.21411081171462,4062887
2025-01-07,202.49696350097656,204.74560483510163,201.8361394449108,203.2954709987599,3199976
2025-01-08,202.07476806640625,203.18532926716898,201.18449144955184,202.00134977776605,3310851
2025-01-10,200.25747680664062,201.91872700072477,198.5044574763353,201.8911784290677,3803791
2025-01-13,201.09271240234375,210.15152794769924,199.55079457193963,199.78024716071386,5721230
2025-01-14,200.54200744628906,202.3868108698313,196.96255031470886,202.2307914427714,4267024
2025-01-15,201.49655151367188,202.40519387549543,198.42188383144892,201.71683610450495,4931316
2025-01-16,204.38768005371094,206.07644945125898,201.8453356687701,201.91876882374783,4893014
2025-01-17,204.28668212890625,208.2241072699839,204.02052784480452,208.1965735558012,3553395
2025-01-21,206.57203674316406,209.01341384704722,204.84655105628477,205.01175333890268,4940653
2025-01-22,204.75479125976562,206.08562225358884,204.3417706454082,205.59000048815884,3153823
2025-01-23,207.11355590820312,207.48985992580026,204.4427260703751,205.08519924363728,3221833
2025-01-24,203.30462646484375,208.48109858706368,203.09353960401282,206.50779454003637,6719207
2025-01-27,207.15943908691406,207.3062905109666,202.01050096461515,202.14818439022181,3300347
2025-01-28,202.56118774414062,206.25079444062234,202.0747489084095,206.25079444062234,3818751
2025-01-29,202.8824462890625,204.48861439267475,202.51532512289282,202.79066228277156,2033194
2025-01-30,205.64505004882812,206.23245577295,203.36887515634584,203.80024659156243,1924017
2025-01-31,205.33299255371094,207.3797148336279,204.25914798485937,204.53449998509998,2632978
2025-02-03,204.13067626953125,204.94751975057338,201.60668295971993,204.21327741756963,3417057
2025-02-04,205.17697143554688,207.15027555743845,204.7731336964709,206.11314749385667,3652917
2025-02-05,204.0756072998047,205.78272739772268,201.23037741862012,205.1769707910116,4877311
2025-02-06,192.57540893554688,197.54994736288415,189.23457226866475,197.32967764295557,12928603
2025-02-07,188.6288299560547,195.86119299600819,188.50032937037523,194.57624657519222,7105093
2025-02-10,191.3822479248047,191.96965366062588,188.22497924224976,189.57416100403339,7032520
2025-02-11,189.93212890625,192.13487086860806,188.86746707166142,189.5925265806785,3264909
2025-02-12,188.16073608398438,189.33553274115081,187.46319546101253,188.69307440961893,3621193
2025-02-13,188.39935302734375,190.2625072660907,187.79359647093932,189.5374329981076,3588408
2025-02-14,186.0865020751953,188.28007621162044,184.9759555767311,187.98637329763116,5677835
2025-02-18,190.9417266845703,191.26294843928915,186.11402433791906,187.61924053520923,5196672
2025-02-19,193.48403930664062,194.30089762868172,190.83156033353413,190.84074319166746,5373541
2025-02-20,193.97964477539062,194.1173133408766,191.70347000971677,192.36429398304193,3857796
2025-02-21,194.52117919921875,195.03515182410098,192.1899366698634,193.8052876960617,6601648
2025-02-24,192.65802001953125,197.50407297991046,192.48363486259362,194.35597215555882,7153474
2025-02-25,194.5762481689453,196.24666664249258,193.67680349780045,193.7961063667726,4030102
2025-02-26,193.96131896972656,195.22789965376114,192.5111702686746,193.50241378617747,3317429
2025-02-27,194.82406616210938,197.22872699903013,194.2274775232594,194.38351182703434,2923479
2025-02-28,196.43882751464844,197.25082561868228,194.3165570266476,196.5311027425647,4219173
2025-03-03,195.6360626220703,199.36386533244576,194.72255728013658,197.20469669077065,5658844
2025-03-04,191.92669677734375,196.10662842142247,191.7698274050417,195.3407754445812,7386470
2025-03-05,193.42149353027344,194.16889739525126,190.81018106597895,191.9266858003178,5618844
2025-03-06,194.9347686767578,195.37768076462885,191.83441393869444,192.79404932648987,5349986
2025-03-07,197.94285583496094,198.71794081475997,194.5010960986056,194.9255441959561,6029345
2025-03-10,197.2969512939453,201.58762231744794,197.0755027027775,197.73063141066098,4431903
2025-03-11,192.47109985351562,197.23236387365066,190.93014696804423,196.99245128418963,5563354
2025-03-12,190.40419006347656,191.7329114211779,188.90938227069185,191.08701474968134,4045063
2025-03-13,190.71792602539062,191.83441585187822,189.260016391515,189.76750769305016,3746391
2025-03-14,193.28311157226562,194.8332816325848,191.82520180193904,192.36038916419207,4121348
2025-03-17,194.15968322753906,194.79636281661513,191.67754407967158,192.3326876756012,4684421
2025-03-18,193.53224182128906,195.165470049098,192.69256263481773,194.15047240948877,4043471
2025-03-19,192.52645874023438,195.72832075171186,192.21273494160494,194.03973052734747,6799206
2025-03-20,194.5933837890625,195.31310666916963,191.28079720117165,191.54839088205668,3801457
2025-03-21,193.8828582763672,195.11008731888157,192.64641216890942,192.96936796633514,6944351
2025-03-24,195.4791717529297,196.24503963280674,194.23349365159345,195.28540425137152,4507340
2025-03-25,195.7283172607422,196.5495323492834,194.0212630596293,194.77789893969063,4042728
2025-03-26,196.6510467529297,200.37884920729007,196.18045357693492,196.29117786810608,5570993
2025-03-27,197.6199188232422,198.57955433935388,195.8667491827535,196.63260223159452,3802942
2025-03-28,194.0858612060547,198.29348877322738,193.7444563342037,197.7121713153115,3451857
2025-03-31,195.3869171142578,196.02359676781157,193.55070431145347,194.5380208685317,4210366
2025-04-01,196.95553588867188,197.1216223231813,193.47686313651602,194.79636742449784,2720192
2025-04-02,199.29925537109375,199.68680532458723,195.92208983371486,196.0697271998782,3632758
2025-04-03,190.70872497558594,199.57611063304716,190.38576912286445,197.0847539846465,6907853
2025-04-04,176.2311553955078,188.8171103778566,175.97279373465145,187.54375114273682,8960463
2025-04-07,172.97393798828125,181.0662378291161,169.21845428438502,176.06506097536663,9922684
2025-04-08,168.72940063476562,176.39723690421346,166.85625997275375,173.69364913683512,7376072
2025-04-09,183.71444702148438,184.3419095928072,165.49986721524076,166.55177789834121,9698919
2025-04-10,178.4456787109375,184.12966489300481,174.21037014625023,181.76749696562243,6176399
2025-04-11,183.2069549560547,184.00048902875128,176.79401353034226,177.88283728705605,5414177
2025-04-14,184.77560424804688,185.7998189993774,182.88401425815118,183.64065025410946,4766118
2025-04-15,183.44686889648438,186.72252737912567,183.0593189228659,185.31076273136662,3203690
2025-04-16,178.3441925048828,183.24386189978355,177.63368673865202,182.23808139793783,4380763
2025-04-17,181.40765380859375,183.0039690150378,179.91284583904866,180.16197552113317,3411752
2025-04-21,179.2207794189453,180.66945716369494,177.27384233685058,179.91283615340555,5250359
2025-04-22,183.04087829589844,184.22196240249815,180.30960916184014,180.724840228547,4611849
2025-04-23,182.06275939941406,185.72598257317185,181.61063023957,184.2034787830118,4411320
2025-04-24,185.2277069091797,186.0212558722188,181.07544153165549,182.08122200610998,3437322
2025-04-25,183.7698211669922,185.0800936043515,182.50569381473053,183.80673424736653,3860979
2025-04-28,185.15390014648438,186.1319846338762,182.69022492051465,184.14811964785721,6037727
2025-04-29,195.14698791503906,196.01434802933773,190.87476654808762,191.41917088561277,9278021
2025-04-30,194.23350524902344,195.30386498097312,189.8874721706762,194.80559072298394,5338952
2025-05-01,194.45497131347656,195.18391123284002,193.5599150750845,194.14123256057735,3810688
2025-05-02,197.58299255371094,198.33039642530088,195.6360407231188,195.783678084466,4645589
2025-05-05,197.69374084472656,198.88405694489026,196.05128060224973,196.60491703989692,6668491
2025-05-06,193.70753479003906,196.8078894505484,193.30153578760905,196.2911661635496,5442081
2025-05-07,198.02590942382812,200.01899159276337,196.66027489922854,197.37078070514,4598374
2025-05-08,197.9613037109375,199.91748762551742,197.2600448887844,199.03167835944555,4139598
2025-05-09,196.56802368164062,198.27506318153718,196.23583583556245,197.96132440637263,2540034
2025-05-12,202.390380859375,202.50110514266154,199.79751751267233,201.1539198599651,4278483
2025-05-13,201.35693359375,203.34079858410965,201.20929622609194,202.777930186256,4093550
2025-05-14,200.39730834960938,201.33849474890917,199.14241306856724,199.6499044081173,3432335
2025-05-15,205.11244201660156,205.74912165993914,200.87713310621925,200.87713310621925,4385007
2025-05-16,206.70762634277344,206.80963719819815,204.6116140710825,206.1697045137411,3072656
2025-05-19,208.61814880371094,208.7665405172039,204.61161758393615,205.52977535790097,3623527
2025-05-20,208.72943115234375,208.91492454109368,207.0600507129722,207.0600507129722,3536950
2025-05-21,205.7709197998047,208.63669825194137,205.43703468094895,208.14515725558482,3831695
2025-05-22,207.40321350097656,208.70162226240834,205.14026608183315,205.32574446784028,3093346
2025-05-23,205.91929626464844,206.8189106647221,204.79708679687735,204.79708679687735,2691969
2025-05-27,210.02786254882812,210.3060876273153,206.19753053602102,208.13588697058017,3279339
2025-05-28,208.31210327148438,211.35409589097426,207.9132939685447,210.0278646455372,2740245
2025-05-29,208.85000610351562,209.51776130061748,207.04149806536833,209.17461203534268,7151246
2025-05-30,210.2226104736328,210.54721639356126,207.53303143552077,210.2040671408648,8805876
2025-06-02,209.15606689453125,209.54558199748192,206.84673872480175,208.67379008060882,2685815
2025-06-03,210.31536865234375,210.7327212885923,208.66453147082052,208.67379563028825,2980455
2025-06-04,210.94601440429688,212.17023474498333,209.77743907774664,210.973836911365,1944495
2025-06-05,210.2226104736328,211.38190660563131,209.7125261814912,210.96456900701847,3447826
2025-06-06,212.1795196533203,213.74688929515486,211.59523197425423,212.15169714550026,2350858
2025-06-09,210.6492462158203,212.10532589229862,210.09278101938034,212.0960617325025,2717327
2025-06-10,209.8423614501953,211.0944042871166,209.3508204863485,210.6399650039878,2827671
2025-06-11,209.43429565429688,210.34318926858705,205.56687697500516,209.52704235205627,2645816
2025-06-12,209.64759826660156,210.25970841519361,207.5330277451868,208.701603030212,1696327
2025-06-13,208.0153045654297,209.7217866398387,207.29190439242103,208.5810338607372,2649317
2025-06-16,207.82981872558594,209.97221183113868,207.3104552499503,209.20243077681988,2587779
2025-06-17,205.69671630859375,207.86691686946554,205.40919705373074,207.37537590928744,3294829
2025-06-18,205.7709197998047,207.36611199804872,204.86202615858983,206.03988072682105,3817796
2025-06-20,205.7059783935547,207.189880432949,204.2220763541604,207.1806162740654,6233481
2025-06-23,208.4326629638672,208.67378635167483,205.6503372040007,207.1156959380252,2737062
2025-06-24,208.30282592773438,209.7032605503792,207.42175480457794,209.22098371882188,3802412
2025-06-25,205.69671630859375,208.37700116244199,205.10314948091374,208.37700116244199,3187032
2025-06-26,209.9536590576172,210.0556849295641,206.0120520306455,206.6519847256238,2790324
2025-06-27,212.2444305419922,212.34644139265777,209.40645984797533,209.7588882681729,5299165
2025-06-30,215.9820098876953,216.61267841060948,211.75288367838706,212.24443966493956,4308721
2025-07-01,221.44464111328125,221.5466519708618,216.26951949866384,216.6312271170205,4160605
2025-07-02,221.89907836914062,223.06765372247906,219.72887772354426,220.8788947285154,4353601
2025-07-03,222.95635986328125,223.79105009497127,222.01964376185808,222.48336222555753,2019295
2025-07-07,221.9825439453125,223.4200802037632,220.67485606491385,222.46482076111175,2875947
2025-07-08,222.39990234375,224.11566372134664,221.6857662756203,221.91762551543482,2936636
2025-07-09,221.3982391357422,224.18056474078102,219.54336540894542,223.23456953061472,2309797
2025-07-10,219.58973693847656,222.01035502241336,219.3486135578362,220.5635546791948,2402210
2025-07-11,218.81069946289062,218.92198949092878,217.0207498106395,217.36389906870536,2564649
2025-07-14,220.78614807128906,221.45390327119722,217.6050279438287,219.33934764062886,3088783
2025-07-15,218.22642517089844,220.36881840126912,218.12441431056178,219.9792882644257,2498973
2025-07-16,219.69178771972656,219.80307775646602,216.10259394580413,218.37482058366942,2997007
2025-07-17,221.0736541748047,221.37043760277152,219.0332868760891,219.44136033583223,2659503
2025-07-18,219.37643432617188,222.32568000130675,218.17075737314394,222.32568000130675,3834242
2025-07-21,218.1522216796875,221.0551016184023,218.1151199990283,219.3764420078407,3070534
2025-07-22,219.41354370117188,219.86799802955005,217.3268105049733,218.07803325441716,3617055
2025-07-23,221.90834045410156,223.0583573705096,220.0163650312659,220.3595142714945,4062675
2025-07-24,208.19151306152344,213.8581601069338,207.5608445828723,209.71251672524647,11877152
2025-07-25,207.96893310546875,210.15769207064005,206.16044009868432,209.89801033051918,6333215
2025-07-28,208.74798583984375,211.22424896349753,208.41410074891724,208.79435167879598,5117309
2025-07-29,205.6317901611328,209.60121948515587,205.1866150446169,209.31371524787815,3994135
2025-07-30,206.03985595703125,208.10804556883411,205.1680641037937,206.2531568262244,5035612
2025-07-31,206.21607971191406,207.49594504571627,205.24226195083463,205.48340035136096,3241143
2025-08-01,201.91275024414062,205.55758869930327,201.4026659513164,205.30718613980048,4208987
2025-08-04,204.76927185058594,204.78783019890514,201.9962402019786,202.47850200591404,3662890
2025-08-05,205.01968383789062,205.3071880805412,203.58214760979328,204.05514524150303,2631068
2025-08-06,203.3224639892578,205.79872713750524,203.1091480953016,205.56686791075282,2963267
2025-08-07,200.86474609375,204.50958458441866,199.96513168475795,204.29628370326802,3079553
2025-08-08,200.6143341064453,201.90347856606903,200.32682987721944,201.0409508635476,3246130
2025-08-11,200.74420166015625,200.8740350269674,198.65745348321107,200.6143532784999,2558389
2025-08-12,201.26356506347656,201.5139676374678,199.90949629045517,200.92041579046608,4615244
2025-08-13,203.79547119140625,203.9809495726158,201.4490412921799,201.59743300605462,3849414
2025-08-14,202.36721801757812,203.1926441267698,201.51396939992188,203.1926441267698,3153716
2025-08-15,202.0875244140625,203.25287062971344,201.16458699469146,203.25287062971344,2908201
2025-08-18,201.74258422851562,202.6841765839597,201.2950916541149,202.0502400899809,4364105
2025-08-19,202.05955505371094,203.39270531539208,200.87558407840754,201.61207756660792,2521679
2025-08-20,202.3019561767578,204.6512734422721,201.5747901405291,202.35789086469785,4309252
2025-08-21,202.69351196289062,203.01980770112957,200.43742423190318,201.8264941228825,2851331
2025-08-22,207.737060546875,207.97012676799824,203.86816429483085,204.6885598080658,3483051
2025-08-25,205.6674346923828,207.35483294878796,205.5648927983397,206.7208964410462,2394783
2025-08-26,207.4853515625,207.71841778036676,204.9495905083893,205.30385357442793,4304477
2025-08-27,206.2640838623047,207.63451381428501,205.74201674659858,206.60901944664545,2240514
2025-08-28,206.35733032226562,206.87007000171045,204.893670745148,206.68361097663504,2758918
2025-08-29,204.6326141357422,206.59038854407248,204.33430083740393,206.09627365608878,2112557
2025-09-02,202.86131286621094,203.3460851800695,200.81032405179454,202.3299182516111,3450372
2025-09-03,199.50515747070312,202.51637854609012,198.16269480061788,202.46975624505475,3736418
2025-09-04,200.58657836914062,201.0247434601129,197.73383399210368,199.25342813936936,4939486
2025-09-05,199.73822021484375,201.6400448131448,198.91782469820376,200.41876392382338,4355299
2025-09-08,200.20436096191406,200.6238711232705,198.1440446062225,200.26962312912778,4842192
2025-09-09,199.69158935546875,200.72641118556038,197.58466596831434,200.4001154700177,3124751
2025-09-10,197.36093139648438,199.82211789281575,197.0626030163823,199.47718230651336,4546597
2025-09-11,200.72642517089844,201.51885336585426,197.14651462175706,197.5660398699713,5920911
2025-09-12,197.13719177246094,200.04585573287386,196.65240438372072,199.5517559587397,3362309
2025-09-15,197.3982391357422,198.50763560878158,196.41935190440898,197.41687900084074,4022994
2025-09-16,196.6617431640625,198.8712086035438,196.33544742435248,197.34230198728574,3543528
2025-09-17,197.34230041503906,199.17886289150886,196.00915012301718,197.3329729361763,5742450
2025-09-18,195.96253967285156,198.94579337278222,195.82270295726275,196.79224758068372,4725270
2025-09-19,195.18875122070312,196.80157492071146,193.37082864030648,196.80157492071146,11677472
2025-09-22,194.84381103515625,196.2795031640557,193.28692205801752,194.6107448171599,5098529
2025-09-23,195.13282775878906,196.72701168610067,194.66669528500384,195.2540246168546,6615653
2025-09-24,194.47091674804688,196.03711818026892,194.11665366606638,195.12349313163543,6534487
2025-09-25,193.63186645507812,195.19808298195426,193.25896350792016,194.75059038955993,4322514
2025-09-26,194.08868408203125,194.89042465367336,193.3055833749595,194.30309535011762,3768248
2025-09-29,195.1048583984375,195.9252539587053,190.5274206489869,195.67354785894472,5981918
2025-09-30,196.24220275878906,196.81089216288103,194.33105076979922,194.79719828553428,4437420
2025-10-01,195.94387817382812,198.37709731587103,195.7667466423266,196.242206552463,4124319
2025-10-02,196.71768188476562,198.5915392370256,195.8599915022014,196.2422219373544,4570364
2025-10-03,194.8904266357422,197.66858150739998,194.30309732621322,196.68970938685695,4590417
2025-10-06,194.84381103515625,196.24220834313428,193.72508715157093,195.7760759071416,5471895
2025-10-07,194.82518005371094,195.47775643804874,193.73442346283488,194.49888431503808,4109677
2025-10-08,195.63624572753906,195.6642130709122,193.8183231292615,194.69465334563031,2985760
2025-10-09,190.39691162109375,195.77608997860386,189.69771291684964,195.76676249945126,3983949
2025-10-10,187.30178833007812,191.56224272197383,187.12465678429632,191.086782773506,5870195
2025-10-13,189.1663055419922,189.47394631022127,187.02208727088384,188.70017310388263,3950634
2025-10-14,194.480224609375,194.59210907450895,187.7119766656529,187.77722373738825,4297262
2025-10-15,188.78408813476562,195.2260557773216,188.4111851771944,194.63872644996795,4700548
2025-10-16,189.40870666503906,190.99354796093834,188.54168882547967,189.9028064650853,3294299
2025-10-17,189.21292114257812,191.11474580047707,188.3365909126153,189.3714128194897,4109677
2025-10-20,192.07498168945312,192.2241307855153,190.48079790859168,190.49943777234768,4147661
2025-10-21,194.91839599609375,196.3447758157123,191.93514220917902,192.17753591860566,4031800
2025-10-22,192.61569213867188,195.95320885658668,192.04701780729397,195.5896183092409,4532910
2025-10-23,205.72337341308594,207.4107867955896,199.7382260150734,200.4374247016492,10045972
2025-10-24,201.50018310546875,205.96575102037326,200.20434282267578,205.96575102037326,8531289
2025-10-27,200.502685546875,204.3622695159853,200.15773485231057,204.12920328866247,5723140
2025-10-28,199.88739013671875,200.88490212516837,198.7313713787741,200.2602930841492,4500232
2025-10-29,198.4703369140625,199.9339964464803,196.24221653239377,198.92714189063565,4441983
2025-10-30,197.93588256835938,202.99036499127567,197.6292530137787,199.6075237845012,6511200
2025-10-31,199.1426239013672,199.67675035500844,196.4917332873857,196.64011264723615,4067800
2025-11-03,195.62130737304688,199.2613183090218,194.9585884828452,199.1426268937642,4963400
2025-11-04,194.32554626464844,195.85869405187657,192.56487137668725,195.5125057195705,5727000
2025-11-05,194.9091339111328,197.56000954287538,193.18803287880175,193.9892301392462,4206400
2025-11-06,193.78150939941406,195.1069471417051,193.0990035952919,193.86064203831305,3031300
2025-11-07,191.96151733398438,194.30576343899637,191.59552696699728,193.92000123066515,3706900
2025-11-10,193.9397735595703,194.34530757870516,191.5163798996511,192.87150558010154,3820700
2025-11-11,198.2326202392578,199.3206600746194,193.652918713041,194.34531044336342,4196500
2025-11-12,199.39979553222656,200.08230135212116,197.4116388728445,198.79642235305965,4606900
2025-11-13,197.698486328125,200.83404371529545,197.36218391655657,199.08328493524357,4162200
2025-11-14,198.0566864013672,198.574121723876,194.70333989507265,197.47956510647705,3725400
2025-11-17,195.111328125,198.36517793434467,194.00681113559352,196.91238394029173,2837500
2025-11-18,190.5041961669922,192.88238848781876,189.6285538654402,190.88232375066252,6072500
2025-11-19,189.62855529785156,190.4047007350531,188.07624924004077,189.73799730089058,3394100
2025-11-20,187.21054077148438,192.29529670169603,185.8373534576928,191.47934041860051,3673200
2025-11-21,189.08126831054688,190.13602927401683,186.91203004127192,187.33991365259723,4711500
2025-11-24,187.7279815673828,189.2504218147199,186.11597440053797,189.11111405298342,5304200
2025-11-25,190.07632446289062,190.68331153933505,188.295158944275,188.88225575706429,3663400
2025-11-26,189.05142211914062,191.34004757598368,189.01161122332658,191.34004757598368,3120900
2025-11-28,191.24053955078125,191.44949359969146,188.66333839150784,189.0613562259892,1644100
2025-12-01,189.2802734375,191.21069184893057,189.04145362317414,189.33997459522962,3220200
2025-12-02,192.19578552246094,192.77292200212224,188.59367406959598,189.85740420925794,4477200
2025-12-03,192.51422119140625,194.2356703982614,191.8176823663846,192.37491342640192,4181000
2025-12-04,191.28033447265625,192.9619879057135,190.51414938526656,192.5042689162868,4006200
2025-12-05,190.38479614257812,192.40476635147084,189.7081475733024,191.81768470489584,4294300
2025-12-08,191.04153442382812,191.4097016871982,189.5887404506741,191.19078731886805,3239800
2025-12-09,189.2305145263672,191.7380693966301,188.92204842719576,190.2255742957755,2772000
2025-12-10,191.11117553710938,191.7480131777088,189.18075716870916,189.22056806191307,5567800
2025-12-11,192.89234924316406,193.4694705685772,191.68832019859852,191.72811591009307,3733700
2025-12-12,192.70327758789062,193.75803850864622,191.55894974896353,193.1609965767358,3324500
2025-12-15,196.47454833984375,196.56410007503032,192.4147026605737,194.69339803414644,3463300
2025-12-16,197.28054809570312,197.7780779896851,195.7183121239716,196.52430812287722,4734400
2025-12-17,198.90249633789062,201.4598072286537,197.14123629788762,197.4298121331991,6291100
2025-12-18,197.1014404296875,200.33538467178644,195.68845738284082,199.8378547883866,4168300
2025-12-19,198.12635803222656,200.0667216118804,197.19099938782736,197.8477425019895,7866500
2025-12-22,194.99192810058594,198.7631981201384,194.2356729235238,197.30045897687205,4384000
2025-12-23,194.53419494628906,195.2406940996835,193.75804950081792,194.83271592917978,2419700
2025-12-24,195.95712280273438,196.16609204535462,194.04660977289606,194.53419455007142,1480100
2025-12-26,196.3949432373047,196.50440042006053,194.9123138876385,195.75810558765443,1457900
2025-12-29,196.1163330078125,196.6238232249267,195.2705412849683,196.37505827407702,2067900
2025-12-30,195.3899383544922,196.60391249670363,194.444634603336,195.37003290760475,1904100
