Date,Close,High,Low,Open,Volume
2011-01-03,34.964054107666016,35.14128915229034,34.730422602014464,34.88348992991937,7633300
2011-01-04,35.40715789794922,35.777744017041385,34.802940196868896,35.777744017041385,14066300
2011-01-05,36.43450927734375,36.531580816157145,35.52040995312595,35.66601880427032,10655300
2011-01-06,36.183738708496094,36.88751278294616,35.95723741691416,36.70954880492406,6347100
2011-01-07,35.884422302246094,36.36978294989767,35.59320467931605,36.34551584326941,6387800
2011-01-10,35.965328216552734,36.11093708268039,35.6013060512336,35.755006013173286,5468000
2011-01-11,36.43450927734375,36.758082102004586,36.24036311386838,36.385971965012764,5924200
2011-01-12,36.40216827392578,37.04122930200538,36.264650452765636,36.758099475031486,8155000
2011-01-13,36.45067596435547,36.693356271643026,36.19990456484473,36.24844186064126,6362700
2011-01-14,37.413307189941406,37.66407857606553,36.3212443225199,36.345511426198975,10660800
2011-01-18,37.51036834716797,37.785406761130396,37.04927498932603,37.23532993320554,8069500
2011-01-19,36.5963020324707,36.968412218267495,36.240367867057266,36.56394382000603,14420900
2011-01-20,36.62056350708008,36.92796030643853,36.16755785991228,36.19182805844618,7581200
2011-01-21,37.211082458496094,37.37287039070266,36.814702178882406,37.01693632267858,8736100
2011-01-24,37.04121398925781,37.4375912629698,36.76617537478778,37.251536183453126,9244200
2011-01-25,36.2403564453125,36.60437850619007,35.74690466121713,36.29698175635479,16089200
2011-01-26,35.965328216552734,36.35361749761018,35.957240206589596,36.32935038187187,8081800
2011-01-27,36.03003692626953,36.22417998231126,35.609389523714796,35.989590713414856,8068400
2011-01-28,35.479949951171875,36.07856114143986,35.12401597072859,36.03811493980241,9940200
2011-01-31,35.09166717529297,35.779261984397024,35.010771671614414,35.698369566566406,9931600
2011-02-01,35.26963806152344,35.496142430607826,34.97033235355486,35.221103835600644,11408800
2011-02-02,35.3667106628418,35.633658147699094,35.05122586898846,35.09976009213613,6849000
2011-02-03,35.213016510009766,35.3828955764695,34.90562276009932,35.31009114394358,5189000
2011-02-04,35.44759750366211,35.51231390545427,34.92987863271637,35.213005175937354,6105600
2011-02-07,36.25653076171875,36.48303197599683,35.49613162389405,35.56084493403881,9379400
2011-02-08,37.11402130126953,37.18682573680792,36.09475920373219,36.12711741638236,9824500
2011-02-09,36.98457336425781,37.2515207728354,36.56392606403641,36.88749877400461,8703600
2011-02-10,37.67218017578125,37.68027127049214,36.68527645874925,36.936047935362694,9216500
2011-02-11,37.817779541015625,37.85013774004989,37.405223303795715,37.429490410147565,6606800
2011-02-14,37.631717681884766,37.963381447052534,37.421392512258095,37.55082219901022,5271300
2011-02-15,37.364776611328125,37.898674589142836,37.13018736662997,37.61554804251682,5536200
2011-02-16,37.90677261352539,37.95530683847966,37.42949985776802,37.55083850600217,7012900
2011-02-17,37.03312683105469,37.76117120730507,36.952234382959794,37.656008556102435,10739300
2011-02-18,36.83088302612305,36.94413365828021,36.523489334795975,36.88750834220163,12469400
2011-02-22,35.82781219482422,36.499228145093596,35.64984510846048,36.35361927185946,9228600
2011-02-23,35.14021301269531,36.013866226257534,34.79236994646394,35.755006700575905,9903200
2011-02-24,35.237281799316406,35.552766601000314,34.8085432738307,35.010777437561245,10576300
2011-02-25,35.213016510009766,35.407162692028514,34.84899743322903,35.26155382697667,9931000
2011-02-28,35.245357513427734,35.55275419910632,35.026944322486166,35.37478720963229,9023700
2011-03-01,34.90561294555664,35.544670467099216,34.87325474334365,35.35052742551727,8848900
2011-03-02,34.800445556640625,35.12401827683211,34.58203235044139,34.83280375441405,7159400
2011-03-03,35.83589172363281,35.94914235693348,35.13211772680131,35.13211772680131,7576300
2011-03-04,35.3667106628418,36.143289091688224,34.954151250996375,35.88442961540608,6368800
2011-03-07,35.358585357666016,36.06236177086097,35.21297665740813,35.47992696982939,7628900
2011-03-08,36.5963020324707,36.83898245425778,35.5204146118877,35.56086083454405,10814000
2011-03-09,36.44258499145508,36.70144439818905,36.10283317730957,36.563926688419926,5807500
2011-03-10,35.609378814697266,36.143276687022144,35.4071447253947,36.07856029723862,6888200
2011-03-11,35.81972122192383,35.8439914247791,35.33436036670525,35.41525281395866,6420000
2011-03-14,35.52040100097656,35.763081329772,34.96223593616227,35.47995479381862,6206600
2011-03-15,35.30199432373047,35.560853800547044,34.44452346396871,34.7438291554413,7581000
2011-03-16,34.26654815673828,35.35861111845809,34.12902735703825,35.08357260490566,10406000
2011-03-17,35.124019622802734,35.15637782181614,34.67101718000585,34.800446890211774,7698800
2011-03-18,35.73072814941406,35.97341159815121,35.342438951622164,35.649835723733844,9834900
2011-03-21,35.852073669433594,36.288900220389294,35.67410661107788,36.19991669121144,5322100
2011-03-22,36.19990921020508,36.40214333987103,35.70645744008449,35.884424461661865,6739600
2011-03-23,36.41832733154297,36.491131751434295,35.96532170934714,36.0947514462819,6120200
2011-03-24,36.87940979003906,36.895588887985674,36.17563600152212,36.60437129664145,6425000
2011-03-25,36.87940979003906,36.895588887985674,36.50729979480918,36.855142686042846,6156800
2011-03-28,36.98457336425781,37.291966975850485,36.81469437423846,36.8389645647255,5352700
2011-03-29,36.92796325683594,37.203001870689356,36.67719175760675,36.960318381052,5005800
2011-03-30,37.138267517089844,37.445664192571186,36.98457072227281,37.25960920331458,5542200
2011-03-31,36.56393814086914,37.21917486933753,36.49113371705616,37.073569107560054,5997300
2011-04-01,36.693363189697266,37.02502705888557,36.563933462351784,36.96840174603742,5877600
2011-04-04,36.74188995361328,36.911768943536195,36.5234798402863,36.89558984516985,4362700
2011-04-05,36.74188995361328,36.89558984516985,36.48303055144668,36.59628424001112,4883700
2011-04-06,37.58652877807617,37.69210978535312,36.969292400870906,37.02614299752961,8119100
2011-04-07,37.48908615112305,37.65963800977722,37.123615669630965,37.521573104617104,7490500
2011-04-08,37.58652877807617,37.75708366617744,37.310395980823124,37.55404493578917,5335100
2011-04-11,37.66776657104492,38.13069487970695,37.55406531602293,37.65152309202366,5779400
2011-04-12,37.37538146972656,37.708364967056625,37.212949815342746,37.53781312411037,5950300
2011-04-13,37.44034957885742,37.83830694855934,37.21294713795684,37.619024695636966,5534600
2011-04-14,37.261680603027344,37.44847592303897,37.03427504543071,37.29416445571873,4964600
2011-04-15,37.56218338012695,37.757102019221186,37.24544330245966,37.44035884342723,6837700
2011-04-18,37.407875061035156,37.51345302172009,36.766271616288265,37.237320089685134,7026000
2011-04-19,37.87891387939453,38.033225333277166,37.20482674832461,37.44034937592684,7585000
2011-04-20,38.17129135131836,38.56112544440777,37.97637275571066,38.08195379075342,8308100
2011-04-21,38.260623931884766,38.42305555739477,37.05051157486712,37.74084520875323,11841400
2011-04-25,38.21189880371094,38.57736923716188,38.187535140856205,38.32560002786767,5015100
2011-04-26,38.25251770019531,38.366222057431344,37.984508032027755,38.25251770019531,5500000
2011-04-27,38.674827575683594,38.75604494997955,38.114441634608724,38.293116759933774,4900700
2011-04-28,39.40577697753906,39.44638412440771,38.37433933681662,38.617985316155185,8521700
2011-04-29,39.86058044433594,39.91743106296925,39.23522054124311,39.25146401772782,8551400
2011-05-02,40.32349395751953,40.453438623824596,40.079844997337965,40.096088467891754,8949500
2011-05-03,40.52653884887695,40.68084719539196,40.28288985168125,40.331620270745525,8800500
2011-05-04,40.36411666870117,40.60776262482484,40.12047071257751,40.567155481825296,8252200
2011-05-05,40.217926025390625,40.57527319939456,39.99052355994505,40.226046214245294,9298000
2011-05-06,40.77016830444336,40.989450454602775,40.46154863776072,40.52652250364105,8663300
2011-05-09,40.7620735168457,40.94886886464412,40.550914501372986,40.65649555817265,6289300
2011-05-10,40.745811462402344,40.98133713629633,40.55901619976665,40.94885019545747,6517900
2011-05-11,40.469696044921875,40.770192608439764,40.396601951295764,40.72146217998026,6508900
2011-05-12,40.23418045043945,40.445339497513665,39.97429096259716,40.43721930644919,7900000
2011-05-13,40.19355392456055,40.599631440840454,40.03924248557381,40.42095634227711,8195300
2011-05-16,40.66461181640625,41.10317638090121,39.93367087558131,40.13670968157421,7249400
2011-05-17,41.225006103515625,41.257493062563874,40.40473052537236,40.55903893366115,7688800
2011-05-18,41.46863555908203,41.501119404619295,41.05443477269589,41.249353336546804,7235600
2011-05-19,42.085880279541016,42.175217843130284,41.5011275710484,41.574221659609975,6946400
2011-05-20,41.57422637939453,42.20770958488748,41.460525139418635,42.02903443742455,7397800
2011-05-23,41.51736831665039,41.63106953624324,40.96510259452009,41.20875160579148,6473500
2011-05-24,41.06256866455078,41.728535691035425,40.997594760441906,41.541740363911806,8052600
2011-05-25,40.94074249267578,41.168144951635426,40.437207148639644,40.965106156671126,5734400
2011-05-26,41.160030364990234,41.34682571000554,40.71334557489915,40.729589052482204,6090200
2011-05-27,41.525482177734375,41.606696430974544,41.17625531217633,41.28183631988869,3169500
2011-05-31,41.90719985961914,41.98841722450011,41.476758669189884,41.736648040557625,4978400
2011-06-01,40.5346565246582,41.687918252713885,40.502169580628355,41.67167478069896,8085100
2011-06-02,40.680850982666016,40.981347516223565,40.18543585283066,40.599636708123754,6676700
2011-06-03,40.023006439208984,40.47781445715496,39.82809093017939,40.161074431387256,5472300
2011-06-06,39.61692428588867,40.06361206374374,39.33267124373163,39.901180426171514,6652100
2011-06-07,39.706260681152344,40.10421802666878,39.535708860842036,39.836205367787684,5502700
2011-06-08,39.064659118652344,40.03924585947259,38.92659423858345,39.65753506873009,7859800
2011-06-09,39.25146484375,39.80372756522046,38.91035802664537,38.99969560012816,6992500
2011-06-10,38.772300720214844,39.21898557705302,38.439317125321615,39.14589146607026,6807700
2011-06-13,39.17838668823242,39.23523733119386,38.67484799610589,38.95098101825901,5723900
2011-06-14,39.105262756347656,39.909294435767706,39.01592521460647,39.422002696611635,6280200
2011-06-15,38.3986930847168,38.9347153400269,38.138803694149836,38.9347153400269,8333200
2011-06-16,39.31643295288086,39.41389070902082,38.10632034648201,38.37433304852466,9019300
2011-06-17,39.38951873779297,39.600677681253316,39.048415114174205,39.53570689023689,8339200
2011-06-20,39.6981315612793,40.07984224968702,39.105258868273665,39.26768736642588,4944700
2011-06-21,40.242279052734375,40.35598025540223,39.560068738601856,39.81183790031311,5373400
2011-06-22,40.48592758178711,40.72957657275122,39.884934585993875,40.24228168894862,7043900
2011-06-23,39.966148376464844,40.17731041971031,39.38951904736287,40.079849585231365,7319700
2011-06-24,39.259586334228516,40.087985091078366,39.22709937949875,40.03925465898372,10193300
2011-06-27,40.23418045043945,40.429096017257635,39.283956993287816,39.38141787482399,5625900
2011-06-28,40.4615592956543,40.599627247955944,40.128575890618315,40.33973481410139,5472200
2011-06-29,41.504886627197266,41.602700856791586,40.184425621268474,40.62458032636455,9854600
2011-06-30,42.140682220458984,42.2384933767593,40.893576762847395,41.54565942981111,7579000
2011-07-01,42.662330627441406,42.79274649237713,42.0347033057634,42.13251442712532,6348500
2011-07-05,42.654170989990234,42.89870029071068,42.572659150177586,42.60526388610265,5406900
2011-07-06,43.00468826293945,43.08620015439186,42.23849513945119,42.556383742713756,5926100
2011-07-07,43.68121337890625,43.85238364933183,42.98837955516842,43.020981195230405,5951700
2011-07-08,43.257362365722656,43.28181437390122,42.84166267988633,43.15955122364825,5228100
2011-07-11,42.60529708862305,43.08620643553709,42.47488115264777,42.79276980225243,5342400
2011-07-12,42.711246490478516,43.49374184035546,42.694944115352726,43.135095806308435,6905700
2011-07-13,42.34444046020508,43.28180348032735,42.287383715908916,42.84980152798227,6654800
2011-07-14,41.87983322143555,42.73568748411712,41.814623737739,42.5808196243768,6636900
2011-07-15,42.23033142089844,42.45040879038162,41.58640168530241,42.05915806061617,6399900
2011-07-18,41.839088439941406,42.11621948110291,41.19515863294136,41.977653960522154,5099300
2011-07-19,42.23033142089844,42.890560419988304,41.72496719051793,42.173274670590914,8132900
2011-07-20,42.458560943603516,42.95577246240518,42.06731329996283,42.52376732953036,7104500
2011-07-21,42.85797882080078,43.428546590630525,42.320009593199345,42.57269182652477,10794600
2011-07-22,42.580841064453125,43.22476793870685,42.41782038248778,43.192166289802486,6064800
2011-07-25,42.23033142089844,42.629728673051126,41.92059255540065,42.10806517917677,3730400
2011-07-26,42.03470230102539,42.29553402466228,41.69236182976175,42.14881579144661,3911500
2011-07-27,41.14626693725586,41.78204424063777,41.08921015922729,41.76574496922492,5804400
2011-07-28,41.20330810546875,41.79833078617262,41.11364659986022,41.24406248728353,4037600
2011-07-29,40.78761672973633,41.0565981918966,40.38006660999722,40.8609758756638,6893900
2011-08-01,40.77130126953125,41.252210380888464,40.16812591773963,41.15439925415673,4934600
2011-08-02,39.54865646362305,40.730552207737944,39.53235408881373,40.25779266634796,7069900
2011-08-03,39.82578659057617,39.89099297386151,38.74170209554983,39.524200460492054,6956200
2011-08-04,38.179298400878906,39.45900563065506,38.105939249073096,39.16556902343183,13242700
2011-08-05,38.48088455200195,39.35304162731845,37.869559324853334,38.65205486935695,18172400
2011-08-08,35.081912994384766,38.12223633607461,34.86998520331679,37.372342542899375,21466400
2011-08-09,37.57611083984375,37.600565955564406,34.25865390464023,35.52206146218371,21212600
2011-08-10,34.886295318603516,36.712121520990316,34.82923854128154,36.434987269985925,16766100
2011-08-11,36.73655700683594,37.31527726461589,35.049300243846076,35.22862324008879,13960700
2011-08-12,36.58982849121094,38.09776494424241,36.36975117830281,37.42938026650724,9956900
2011-08-15,37.347877502441406,37.478293363230506,36.69579819849591,36.80991168801645,7285400
2011-08-16,36.58982849121094,37.380476269878024,36.2963920740001,36.834357802433665,8114700
2011-08-17,37.380489349365234,37.41309409809908,36.76916430272544,36.89958018830087,7766100
2011-08-18,36.092628479003906,36.223044359955615,35.579117696771476,36.10893085279285,14953200
2011-08-19,36.24750900268555,36.801777419755275,35.68508784189853,35.75029735419411,12829400
2011-08-22,36.353458404541016,37.054444895256616,36.19044089360598,36.84252026542525,7936200
2011-08-23,37.83693313598633,37.845085875639434,35.99480886299358,36.434963523487475,9316100
2011-08-24,39.19001007080078,39.32042594835088,37.68207318293304,37.83694106584885,8589000
2011-08-25,39.198158264160156,40.16812612350444,38.47271977757766,39.72797449627709,10955300
2011-08-26,39.51605224609375,39.76873439500046,38.34230922825892,39.06774781556128,7169500
2011-08-29,39.573116302490234,40.225195877106046,39.38564361912323,40.11108234021837,9207700
2011-08-30,39.66278076171875,39.98882212783133,38.823228441616095,39.42640092675518,7456200
2011-08-31,40.518619537353516,40.738696906585545,39.79318104767738,39.93989929383207,7974800
2011-09-01,40.347442626953125,40.74684292208544,40.19257477462301,40.46155610860259,10278400
2011-09-02,39.5405158996582,40.127389136104966,39.21447763113524,39.670931828939594,8755600
2011-09-06,39.17369079589844,39.26334914667609,38.415647863022166,38.51345895164407,8360900
2011-09-07,40.73870849609375,40.73870849609375,39.6872284693092,39.719833224254586,7805700
2011-09-08,40.371910095214844,41.187010258554444,40.02141677622999,40.119231034570205,7798200
2011-09-09,38.53793716430664,40.13553594857616,38.423823631721795,40.005120038570546,11081200
2011-09-12,38.68465805053711,38.82322671324233,37.60057630879278,37.77174661916913,9713400
2011-09-13,39.04330062866211,39.198168546518524,38.30155957474268,38.7661664376724,6061300
2011-09-14,39.931758880615234,40.43712011772545,38.50533357653544,39.25522424390154,7407100
2011-09-15,40.23333740234375,40.55122591199549,39.622012388595074,40.445262038991636,7059000
2011-09-16,40.852821350097656,40.90172848170294,40.30670570596099,40.45342399141632,9312300
2011-09-19,39.67908477783203,40.29855966776788,39.30413936788767,40.15184135790078,8114600
2011-09-20,40.15999221801758,40.73871268569171,39.7442893231141,39.923612384394886,6045100
2011-09-21,39.3122673034668,41.04027819885014,39.27151293085744,40.257783051056855,8661200
2011-09-22,38.00810623168945,39.22260324635641,37.364176614861144,38.513467259500445,12460600
2011-09-23,37.861392974853516,37.999958472673256,37.15225689505235,37.64946524842865,9061500
2011-09-26,38.766151428222656,38.81505543105296,37.380481009776986,38.18742815006995,8518700
2011-09-27,38.37491989135742,39.66277662347474,38.1059353259751,39.65462698938464,9141400
2011-09-28,37.87771224975586,39.149266738297825,37.86140987049751,38.676510177249405,8672700
2011-09-29,38.08147048950195,38.96177681471691,37.029990812435585,38.79060657222505,8372300
2011-09-30,36.59799575805664,37.61687088373349,36.57354064067551,37.5598141254444,7858200
2011-10-03,35.4405517578125,37.070751947827944,35.43240212498087,36.28825660286695,9185500
2011-10-04,35.39979553222656,35.50575940968253,33.66363154961389,34.64990186698731,17890900
2011-10-05,35.530757904052734,35.70264057294695,34.85959433020782,35.56349835211858,12080700
2011-10-06,36.365631103515625,36.43929557179811,34.91689864216138,35.440733473369306,10198000
2011-10-07,35.54712677001953,36.742124978059536,35.416168105060365,36.56205564287786,11193200
2011-10-10,37.200477600097656,37.233218043157706,36.38198525739936,36.38198525739936,7589300
2011-10-11,37.45420455932617,37.74067872459,36.64389896791465,37.053145099177094,6348600
2011-10-12,38.49369430541992,39.001161811584424,37.64246463250955,37.74068284047988,10596200
2011-10-13,37.92075729370117,38.231782181454946,37.576988835787844,37.97805151630323,7283900
2011-10-14,37.73250198364258,38.64921580698066,36.8157912826055,38.61647535851123,9612300
2011-10-17,36.93037796020508,37.77342729523764,36.84852996525475,37.54424728923515,7611400
2011-10-18,38.20721435546875,38.50187203322966,36.8321472741177,37.004029878711634,9095700
2011-10-19,37.757057189941406,38.4609611890001,37.658835848932604,38.23178118228044,9097500
2011-10-20,37.8061637878418,37.888014903291705,36.578425156800336,37.24140514159101,12221800
2011-10-21,39.66413879394531,39.67232546598775,38.354552274205275,38.354552274205275,14151400
2011-10-24,40.85914611816406,41.12106660360987,39.54955930244134,39.54955930244134,11165700
2011-10-25,40.44989013671875,41.170164273592846,40.30256438733364,40.523554572561565,12728700
2011-10-26,41.29295349121094,41.612165114894076,40.449903965612705,40.924631186075935,10908300
2011-10-27,42.61072540283203,42.84808588122471,41.79223281199831,42.209662659510876,12093600
2011-10-28,42.64345169067383,42.73348635191862,42.07869307327557,42.13598729001305,7379700
2011-10-31,41.43209457397461,42.594355690587406,41.40754079508962,42.005040018935766,8020300
2011-11-01,40.09794616699219,41.03102705269094,40.032465272830436,40.580856833382,9820100
2011-11-02,41.186527252197266,41.62851378952759,40.71180339981651,40.81820513775533,7349200
2011-11-03,42.2996826171875,42.414271040441356,40.96553928437398,41.56303829298363,7777000
2011-11-04,41.89044189453125,42.08687832491619,41.34205035491335,41.96410633650079,5287800
2011-11-07,41.94773483276367,42.01321572242645,41.153796218256126,41.6367068514668,4458000
2011-11-08,42.02140808105469,42.234214772466146,41.49757334314834,42.201477443072996,6586400
2011-11-09,40.278018951416016,41.448463585920685,40.147060264031644,41.24384044173877,8037800
2011-11-10,40.17979431152344,40.87551164191937,39.88513653130369,40.80184719686443,6265800
2011-11-11,41.22746276855469,41.399348551568586,40.69544456316172,40.900067670382285,5314300
2011-11-14,40.47445297241211,41.014657873802136,40.13887118703801,40.75274053508582,4319800
2011-11-15,40.883705139160156,41.24384075159747,40.12250678730055,40.29438948035235,5465800
2011-11-16,39.3858642578125,40.53175518222938,39.29582956945526,40.34350225307404,7570000
2011-11-17,38.223602294921875,39.459524658205616,37.945314706047874,39.31219575101931,9222800
2011-11-18,38.37091827392578,38.55098444913899,37.96167214125,38.428212482716376,5316200
2011-11-21,37.69976043701172,37.96986130089441,37.24140357665541,37.77342487667075,8207400
2011-11-22,37.650665283203125,37.90439915153168,37.26597270399899,37.658848836625744,5975000
2011-11-23,36.91398620605469,37.39689658811815,36.79121428523797,37.24138423949736,7220000
2011-11-25,36.83216094970703,37.15955918484703,36.58661383450251,36.71757250409832,2748000
2011-11-28,37.65883255004883,38.10900585115216,37.28232680939932,37.707943216251174,9046300
2011-11-29,37.282325744628906,37.86345456107378,37.233218202129656,37.77342302572499,6688600
2011-11-30,39.32038497924805,39.344938757940405,38.305452788510536,38.559186616770276,12252500
2011-12-01,39.115760803222656,39.36130795060087,38.78017897326879,39.04209634677906,6534000
2011-12-02,39.47588348388672,40.12249315399901,39.40221905156633,39.56591813697835,7006700
2011-12-05,39.92605972290039,40.35986283381976,39.58229440111985,40.23708772044052,6106600
2011-12-06,39.74599838256836,40.08976374647882,39.63140680563032,40.007915742395724,5531600
2011-12-07,40.2370719909668,40.42532480153591,39.017517373610836,39.42676342849141,6523000
2011-12-08,39.132118225097656,40.11430649323276,38.98478936041732,39.966980750852784,6940400
2011-12-09,39.94242477416992,40.13886430568029,39.40221996539194,39.729618143809084,7020100
2011-12-12,39.197593688964844,39.500434949817,38.80471778027282,39.44314074160984,5167900
2011-12-13,38.7883415222168,39.81145668421787,38.42001943943647,39.754162484929786,7377000
2011-12-14,38.53462600708008,38.87020778636039,38.31363267111974,38.33818644545948,6965700
2011-12-15,37.99440383911133,39.05844612452458,37.928926091164215,38.976595036716,7172700
2011-12-16,38.37091827392578,38.771977735459934,38.174478756429316,38.33817783395967,11976000
2011-12-19,37.68338394165039,38.53461663105435,37.560608855222846,38.36273088559575,5271000
2011-12-20,39.222145080566406,39.36947392768489,38.166292505950565,38.2154000401234,7589100
2011-12-21,38.870208740234375,39.68870120952101,38.6573989497313,39.38585674782824,6236400
2011-12-22,38.98479080200195,39.28763209179877,38.70650328312636,39.074825458447066,5872000
2011-12-23,39.24671936035156,39.25490291223988,38.763808619105475,39.066649995794975,3125600
2011-12-27,39.00933837890625,39.426768029788704,38.960227722561264,39.25488541603122,2660800
2011-12-28,38.4445915222168,39.12393863471052,38.33818662906685,39.06664441277614,3829800
2011-12-29,38.89476013183594,38.93568412833238,38.46096014883215,38.60828591175921,2898500
2011-12-30,38.60828399658203,39.033900408094,38.600100446609005,39.00116308590126,3333000
2012-01-03,39.60685348510742,40.073393982817954,39.40223035024136,39.53318903166359,6955400
2012-01-04,39.631500244140625,39.74651653045863,38.94139939227384,39.45075857480733,4847600
2012-01-05,40.091556549072266,40.46125391211672,39.18785466959299,39.30287093054947,6095100
2012-01-06,39.6561393737793,40.23122384764766,39.475397733259975,40.14906713197603,4894300
2012-01-09,39.754722595214844,40.009403701946916,39.53290417334332,39.69721446368794,5273000
2012-01-10,39.98475646972656,40.35445385197972,39.66435311642656,40.223006242062844,6838600
2012-01-11,40.21479415893555,40.32159632672334,39.59863286886184,39.804019965553074,4497700
2012-01-12,40.78988265991211,40.82274221679944,40.21479810594152,40.411967983100254,5693400
2012-01-13,40.8802490234375,40.91311171321006,40.10799461753405,40.362675762333446,5741700
2012-01-17,41.25816345214844,41.447119216323,40.74058706004331,40.74058706004331,6533900
2012-01-18,41.537498474121094,41.87433327581607,41.036353325120444,41.18423232429963,7301300
2012-01-19,41.8578987121582,41.89897551233929,41.45533854888202,41.66072568374643,6423200
2012-01-20,41.11029815673828,41.14316085725356,40.12443907899701,40.362688956793406,12745800
2012-01-23,40.61734390258789,41.603202418476855,40.453036761571255,41.093843386618055,7326800
2012-01-24,40.444828033447266,40.74880006903097,40.173718686564094,40.33802586214978,5475800
2012-01-25,41.217071533203125,41.48818394247342,40.46124869637259,40.58448217948776,6667400
2012-01-26,41.06098937988281,41.636073896813976,40.84738817105846,41.381392760098585,6221000
2012-01-27,40.954193115234375,41.30745923513046,40.80631412858211,40.80631412858211,5398100
2012-01-30,40.35445785522461,40.63378444575252,40.173719332383165,40.60913899581018,5490100
2012-01-31,41.192440032958984,41.23351682991514,40.39553700938297,40.66664951041928,6896300
2012-02-01,41.58678436279297,41.849679633152846,41.299243640198995,41.38139723695189,6105800
2012-02-02,42.03041076660156,42.252229182958565,41.57034259186577,41.66893064399647,6457200
2012-02-03,42.9259033203125,43.09021362488528,42.53977457466023,42.59728271116694,8171900
2012-02-06,42.564422607421875,42.81910059895838,42.194725210399774,42.621930743185494,5664300
2012-02-07,42.82731246948242,43.221655265556855,42.33438162392091,42.33438162392091,5944800
2012-02-08,42.424766540527344,42.794464014121665,42.24402485700145,42.589076877009155,6073300
2012-02-09,42.97519302368164,43.21343965066116,42.58085021279773,42.597278421037906,7259300
2012-02-10,42.564422607421875,42.88482597352158,42.33438693040904,42.5726367122631,4077400
2012-02-13,42.77802658081055,42.9669823439952,42.597284922999776,42.91769144383484,3631800
2012-02-14,42.687660217285156,42.86018465381057,42.30974865138409,42.73695425656051,4794700
2012-02-15,42.326171875,43.065563518480474,42.21115560605581,43.065563518480474,5480500
2012-02-16,43.43526077270508,43.56670838451403,42.30974040071855,42.34260308716036,8042800
2012-02-17,43.42704391479492,43.7967412789307,43.27916496914061,43.7967412789307,5158000
2012-02-21,43.4188232421875,43.53384262834325,43.155928056032856,43.31202422740818,5082700
2012-02-22,43.369544982910156,43.61600889995679,43.303819600253064,43.35311363724588,4829500
2012-02-23,43.27096176147461,43.56671974868135,43.098437313590374,43.36954984651625,4345900
2012-02-24,43.81318664550781,43.88712300804358,43.36954966653873,43.48456596465092,4985300
2012-02-27,44.51150131225586,44.7333197999333,43.22988442810588,43.484565610393105,6781500
2012-02-28,44.166439056396484,44.33896659615535,43.59957180849828,44.010345994094806,7067600
2012-02-29,43.451698303222656,44.23216998058017,43.18880304216984,43.91998068284542,10159700
2012-03-01,44.01034927368164,44.265030415954946,43.484558778370285,43.56671236802822,5398900
2012-03-02,43.53384017944336,44.018553739266586,43.40239259376033,44.0021223993115,4751300
2012-03-05,43.517417907714844,43.550277460514685,42.97519611203863,43.25452268156627,6074700
2012-03-06,42.50690460205078,43.16414252528801,42.34259433775207,43.0655544863342,6109800
2012-03-07,42.94234085083008,43.0573571404138,42.52334935710785,42.58907474198931,5116100
2012-03-08,43.50099182128906,43.61600810488362,43.1230802797759,43.32846739589723,4341000
2012-03-09,43.70636749267578,43.92818589607758,43.38596417685913,43.56670266062671,4329800
2012-03-12,43.35311508178711,43.739243882866646,43.13951071499291,43.7063811904431,3983200
2012-03-13,44.569000244140625,44.569000244140625,43.33667765674503,43.68172647691576,6954000
2012-03-14,46.12995147705078,46.23675053011148,44.741532447672185,44.905842781404196,12001900
2012-03-15,46.59822082519531,46.63108037556089,45.727378494366945,46.05599906968733,7985300
2012-03-16,46.45856857299805,47.14045535467809,46.359983627270914,47.082947208507356,11287500
2012-03-19,47.050086975097656,47.23904277010298,46.34355470353744,46.49964780359599,5605000
2012-03-20,46.75431823730469,47.02543070733443,46.44212897501666,46.59822517313985,5450400
2012-03-21,46.86933898925781,47.23903642283696,46.754322706357335,46.89398757413553,6034100
2012-03-22,47.066524505615234,47.28012578291151,46.37642349087109,46.647532924899416,6047600
2012-03-23,47.033634185791016,47.263666677632365,46.721444994036574,47.05827962878612,4420500
2012-03-26,48.19203186035156,48.26597134606984,47.32118937677609,47.4444228976261,6341600
2012-03-27,47.83053970336914,48.61922526438454,47.822322465923946,48.47134632994942,5683000
2012-03-28,48.52063751220703,48.684944643997845,47.961984489036844,47.961984489036844,7925900
2012-03-29,47.559444427490234,48.01129549720748,47.025439757445845,47.879847856308665,7397600
2012-03-30,47.534793853759766,47.90449128332624,47.271898600281084,47.797689107238455,5779700
2012-04-02,47.65802764892578,47.92092605516254,47.21439383568109,47.567659945421816,6674200
2012-04-03,48.13616943359375,48.22685290804195,47.60855992204141,47.72397410959339,5782800
2012-04-04,47.2952995300293,47.888861915058655,47.16339712722293,47.79817842347902,5107700
2012-04-05,47.897098541259766,47.97953949836268,47.16339131944908,47.17987951086967,4411800
2012-04-09,47.12215805053711,47.29527929048471,46.841865171421944,47.171622609722135,4259500
2012-04-10,46.314266204833984,47.47665687637343,46.2812898246256,47.072704080822525,6739600
2012-04-11,46.94904327392578,47.122164537706475,46.7017267335533,46.825383431339326,6449700
2012-04-12,47.847633361816406,47.872364074608576,46.76768049441499,47.02324272420331,4881200
2012-04-13,47.221092224121094,47.88884973747607,47.138654422630594,47.82289698044324,5574900
2012-04-16,47.67451858520508,47.86412808034167,47.03973733028633,47.59207762331886,6443700
2012-04-17,47.96303939819336,48.136160647923745,47.52611344083565,47.781672482399514,5197600
2012-04-18,47.847633361816406,48.391731056849025,47.7734380786392,47.94655935778578,5669900
2012-04-19,47.460174560546875,48.07022509070676,47.072709907142574,47.583834429233676,7207800
2012-04-20,47.36124801635742,47.658029182005365,47.13866214212146,47.418955115811066,7844600
2012-04-23,47.25407028198242,47.31177737403671,46.57807022237449,46.95728915438857,6168200
2012-04-24,47.50962448120117,47.61679297988254,47.06445286501665,47.18811269555683,5401100
2012-04-25,48.564849853515625,48.63904513290021,47.67450964570119,47.76518996957075,8184700
2012-04-26,49.125423431396484,49.23259506256516,48.432935378490754,48.51537315951296,6168400
2012-04-27,49.60358810424805,50.25485752768676,49.323298278505895,49.33978332547812,13975100
2012-04-30,49.63655090332031,49.71899183962421,49.25733203072285,49.50464855003423,7902500
2012-05-01,50.263099670410156,50.42797528697586,49.191389293928275,49.422220817761705,10332800
2012-05-02,50.32904815673828,50.634071814289214,49.7354890318825,49.875633931773216,8132000
2012-05-03,50.17241668701172,50.55988130830702,49.77670954272754,50.39500254532173,6919500
2012-05-04,49.54589080810547,50.048769749880655,49.49642936780079,50.02403902972832,6152100
2012-05-07,49.54589080810547,49.99930830957598,49.38925767247125,49.512917562836236,4409300
2012-05-08,49.37275314331055,49.62831536460905,48.77094837522111,49.34802243133994,6122200
2012-05-09,49.01825714111328,49.455186233576825,48.58133119344984,48.77918314738041,7830700
2012-05-10,48.98529815673828,49.42222740430962,48.86164142783416,49.35627463305311,4137300
2012-05-11,49.166656494140625,49.52114471535651,48.63904699599623,48.77919189309054,4185600
2012-05-14,48.16090393066406,49.00178283506811,48.12793069220192,48.65554024520815,5653900
2012-05-15,47.76519775390625,48.53188138422717,47.63329536292636,48.16090492684591,5089500
2012-05-16,47.3117790222168,48.465927193110424,47.27880264137966,48.09495077069456,5261800
2012-05-17,45.877342224121094,47.344756616164645,45.852608365459105,47.29529204364152,8427200
2012-05-18,45.67124557495117,46.03397634714583,45.38270694599552,45.95153853590188,8783700
2012-05-21,46.43791198730469,46.59454502863287,45.803131012238204,46.017471129045184,4568600
2012-05-22,46.454410552978516,47.18812085231649,46.198851471394,46.56158221498529,5858600
2012-05-23,46.14115524291992,46.24832378535856,45.176616347362284,46.01749536188898,6549800
2012-05-24,46.4461669921875,46.46265518172771,45.91031183893256,46.157631537235204,4486100
2012-05-25,46.00923538208008,46.462649532504976,45.85259917289314,46.39669678236306,3264300
2012-05-29,46.627540588378906,46.80890440960965,46.11641607407132,46.37197833122511,4128600
2012-05-30,45.720699310302734,46.15762844181567,45.572308759192744,46.03396860095721,5272000
2012-05-31,46.02572250366211,46.29776972969636,45.357965075541436,45.81962488144217,5433700
2012-06-01,44.047203063964844,45.60530125657424,43.84110535288314,45.028227036585186,8749200
2012-06-04,44.1131477355957,44.60778407344976,43.85758861526553,44.08017449557968,6101900
2012-06-05,44.5005989074707,44.5995248871375,43.89055169725858,44.071915469181,6156300
2012-06-06,45.654762268066406,45.654762268066406,44.70671161333026,45.019980990213696,5329500
2012-06-07,45.53934097290039,46.47090014484555,45.4321693076604,46.2153410555512,5340500
2012-06-08,46.050453186035156,46.050453186035156,45.20957451047574,45.44864850686815,4001200
2012-06-11,45.4239387512207,46.66877081020089,45.382719833893276,46.545110913416806,5173500
2012-06-12,46.56157684326172,46.61104140728144,45.341479233977985,45.47338159323027,7007400
2012-06-13,45.4239387512207,46.57808730519947,45.2343292156731,46.28955173910568,6096300
2012-06-14,45.38270950317383,45.56407647189109,44.90456451037525,45.432174079587924,6999900
2012-06-15,46.396697998046875,46.437920040365775,45.43216258795031,45.73718620334833,8145300
2012-06-18,46.042213439941406,46.41318983638652,45.79489689057818,46.24006856631232,4635400
2012-06-19,46.9407958984375,47.12216282234867,46.22357701402563,46.3225029976134,4817000
2012-06-20,47.35299301147461,47.70748120668241,46.916067017530295,47.08918828175724,5206200
2012-06-21,46.4296875,47.70749255312349,46.34724968165701,47.476664145922165,4811300
2012-06-22,46.81714630126953,47.07270539300661,46.50387697015872,46.83363449183334,6264700
2012-06-25,46.20709228515625,46.594556871682165,45.98450644682012,46.4049474119441,4025700
2012-06-26,46.25656509399414,46.4461745875125,45.836124053965555,46.17412413281152,4095300
2012-06-27,46.891326904296875,46.95727650110189,46.3966907766601,46.44615533286372,3281700
2012-06-28,46.73470687866211,46.800659643076806,45.902073669132335,46.49563596966106,4012000
2012-06-29,47.987789154052734,47.987789154052734,47.509644110993406,47.52613230486461,5334800
2012-07-02,48.68026351928711,48.729728086620966,48.111435146550086,48.23509184768395,4257600
2012-07-03,49.143497467041016,49.18485645351046,48.432111540008286,48.572735880590486,2280200
2012-07-05,49.011146545410156,49.408198493195385,48.572735611384715,48.92015488238864,3788900
2012-07-06,48.498291015625,48.86225453354846,48.29149291681855,48.423843573835136,3061200
2012-07-09,48.31630325317383,48.48174234816258,47.98542506319633,48.38248015336464,3642500
2012-07-10,48.29974365234375,49.37509269421064,48.084675106165285,48.83741975102083,5339900
2012-07-11,48.043331146240234,48.217040774987744,47.53046963924055,48.217040774987744,5591800
2012-07-12,47.09204864501953,47.56354791100264,46.785988437650474,47.53873315663118,6215400
2012-07-13,47.91923904418945,47.9523274858094,47.11686169008687,47.166494352516786,5009100
2012-07-16,48.506553649902344,48.76298438662808,47.7289940610231,48.02678377967542,6608800
2012-07-17,48.539649963378906,48.98633461374162,47.7041838778314,48.98633461374162,4346200
2012-07-18,48.21703338623047,48.77952432639742,48.076409073444836,48.21703338623047,5317600
2012-07-19,46.51301956176758,47.69590472466028,45.75200421093513,47.69590472466028,13371100
2012-07-20,46.16559982299805,46.73636132981123,46.00843127865984,46.25658831834001,5108400
2012-07-23,46.099430084228516,46.28968394936075,44.95790373794665,45.272237719920476,5926900
2012-07-24,46.0167121887207,46.25659557660922,45.536939101966766,46.082885937124566,6563200
2012-07-25,46.364139556884766,46.55439345553627,45.743745174351545,46.17388565823325,5222600
2012-07-26,47.77864074707031,47.869632433300794,46.8273711989544,47.04243987555346,7455000
2012-07-27,48.41557312011719,48.6223712327512,47.51393322281337,48.02679481409763,5309200
2012-07-30,48.21703338623047,48.862242282985825,48.14258596310579,48.41555774423776,5616700
2012-07-31,47.73725891113281,48.25839085672313,47.33193651883075,48.13431077022955,5307500
2012-08-01,46.984519958496094,47.86134489420717,46.94316097639864,47.58009939826121,4668200
2012-08-02,46.728092193603516,46.91007234521881,46.231774943909315,46.63710054005185,4880100
2012-08-03,47.654537200927734,47.80343203078886,47.14994951700808,47.31538856746349,4633800
2012-08-06,47.23268127441406,47.96061141595809,47.21614020447092,47.81999023302291,4254100
2012-08-07,47.67936706542969,48.09296324490842,47.45602474985256,47.464298440515655,4096000
2012-08-08,47.90271759033203,48.29149907542574,47.44776234603519,47.588383556522466,4531900
2012-08-09,46.711551666259766,47.7041799332239,46.56265679511748,47.604917737625144,6595900
2012-08-10,46.19868469238281,46.57092182624781,45.826450714005745,46.504748088831775,6776900
2012-08-13,46.430301666259766,46.52129331822673,45.80163379202686,46.13251195272713,3783700
2012-08-14,46.38895797729492,46.96799021616799,46.281422066294624,46.62884140961847,2871000
2012-08-15,46.86871337890625,47.06724090994772,46.28140763095266,46.380669818729366,3258500
2012-08-16,47.456024169921875,47.59664851008014,46.868718359556404,46.93489526209874,5131000
2012-08-17,47.638023376464844,47.70419714557768,47.216156526338345,47.57184645186256,3750000
2012-08-20,47.06724166870117,47.45601989188064,46.84389937598712,47.45601989188064,5034000
2012-08-21,46.8190803527832,47.27403861724851,46.703273942005865,47.14995851685105,5365100
2012-08-22,47.001075744628906,47.20787386147627,46.63711219495354,46.769462863516296,4378200
2012-08-23,46.67019271850586,46.984526707476775,46.62056319505523,46.819087599834795,3693100
2012-08-24,47.5552978515625,47.64628637525943,46.57093676453965,46.67019898024745,4224900
2012-08-27,47.497371673583984,47.86133823859965,47.315391546563774,47.64626651281991,3731900
2012-08-28,47.61320114135742,47.819999265077804,47.11688375113513,47.29886710976553,2576000
2012-08-29,47.497371673583984,47.778617130419896,47.29884732492783,47.63799597974575,3162900
2012-08-30,47.29057693481445,47.530463432036036,46.83562185230005,47.32366538039423,3382900
2012-08-31,48.225303649902344,48.34111005067336,47.19131342089291,47.60490951249668,4736000
2012-09-04,48.48173522949219,48.68853327899148,47.9440590385989,48.233578201190596,4470100
2012-09-05,47.3071174621582,48.46518772308357,47.158222624168154,48.31629288509352,6867300
2012-09-06,47.48910903930664,47.9771526145361,47.340214175305235,47.580100695695066,7405400
2012-09-07,47.75381851196289,47.853080719832164,47.207871635448846,47.44775819699756,3894400
2012-09-10,47.580101013183594,48.00196769367714,47.538742029682375,47.88616127767845,3546000
2012-09-11,47.34021759033203,47.547015676864405,46.98452462905728,47.389850267075616,4816100
2012-09-12,47.37329864501953,47.7868947535088,47.166500590774895,47.298851219271945,4390800
2012-09-13,48.84569549560547,49.044222998675544,47.356750266786555,47.47255666212426,7827700
2012-09-14,49.02769088745117,49.05250564815657,48.68026846013369,49.002876126745775,6604500
2012-09-17,48.95323181152344,49.11039718443984,48.82088119341287,49.01113500972883,4176900
2012-09-18,48.5313720703125,48.79607651669193,48.44865410021713,48.74644384134174,5015900
2012-09-19,48.5313720703125,48.83743550173962,48.40729511516944,48.49828677556733,3433800
2012-09-20,48.258392333984375,48.66371789418173,48.01023530888842,48.30802500119867,5912500
2012-09-21,47.86135482788086,48.45693439125913,47.86135482788086,48.34939849109612,6982700
2012-09-24,47.70418167114258,47.844806012561534,47.4891130469287,47.61319316256375,5400400
2012-09-25,47.25749206542969,48.20049068443327,47.232674153279994,47.81170933412945,4880400
2012-09-26,46.43857192993164,47.34021159932791,46.372398191469664,47.265764171378194,5198300
2012-09-27,46.79425811767578,47.00105614830206,46.36411783531461,46.86870553492074,6122500
2012-09-28,47.034156799316406,47.323672855148736,46.44685099720605,46.703278602232295,5443400
2012-10-01,47.75381851196289,48.299765388476935,47.2988633074493,47.2988633074493,4868500
2012-10-02,47.298851013183594,48.167402206129076,47.116867716485125,47.968877841992445,4481800
2012-10-03,47.647483825683594,47.78029898141566,47.190928759201725,47.44825950880396,4539900
2012-10-04,48.45269012451172,48.70171822690807,47.83842101637165,47.979535779989405,3811300
2012-10-05,48.61041259765625,48.75152736779775,48.29497529787066,48.693420913437805,4761600
2012-10-08,48.826229095458984,48.88433554146089,48.42778353720427,48.55229915953054,3231400
2012-10-09,48.34477233886719,48.97564364335804,48.23685901708299,48.8760330513992,4294700
2012-10-10,48.12065505981445,48.718321889015684,47.94633253334006,48.48589607580211,3936100
2012-10-11,48.53570556640625,48.643615747432584,48.27007514661709,48.39458762470079,3889700
2012-10-12,48.05424880981445,48.560607790865234,47.69730733682995,48.42779257998014,4401400
2012-10-15,47.805233001708984,48.12896996373832,47.58110668186593,47.9629501157177,5762200
2012-10-16,48.668514251708984,48.74322299516937,48.05424200919429,48.05424200919429,4523800
2012-10-17,49.28277587890625,49.30768090067146,48.69340875099979,48.90093265518348,5457500
2012-10-18,47.821815490722656,48.95074618967176,47.63089385289507,48.834533294173575,9677100
2012-10-19,47.19923782348633,47.89651827632091,46.90870245430987,47.85501412831385,8126600
2012-10-22,47.09962844848633,47.39846022177473,46.66797833165162,47.116227574866016,5003200
2012-10-23,45.970699310302734,46.70948395347309,45.95409701683597,46.64307477960606,8745800
2012-10-24,45.84619140625,46.44386140535702,45.72167893414552,46.16162870206362,5726800
2012-10-25,46.020511627197266,46.21143328791025,45.61376644419786,46.11182267505223,3648400
2012-10-26,46.27784729003906,46.56008002797722,45.92920852547319,46.05372101286188,5576000
2012-10-31,46.46046829223633,46.53517704950646,45.96240885491398,46.45216556000379,5706700
2012-11-01,47.190940856933594,47.41506708341837,46.47706119096757,46.60987638074775,6967100
2012-11-02,47.074729919433594,47.67239988158216,47.00002117416502,47.63919529111523,6106600
2012-11-05,46.784210205078125,46.89212356972899,46.36085947959813,46.659694540745214,3748300
2012-11-06,47.473175048828125,47.71390357755238,46.87550825899093,46.933614708467275,5092900
2012-11-07,46.128414154052734,47.00831666655152,45.87938609702509,47.00831666655152,7765500
2012-11-08,46.120121002197266,46.72609051960755,46.07031411724262,46.153322425603044,4532000
2012-11-09,46.3442497253418,46.7924990477681,46.086918889092274,46.153324906036694,4701100
2012-11-12,46.086917877197266,46.56837178080695,45.92920081967349,46.48536346980793,3291800
2012-11-13,45.439430236816406,46.08690373023803,45.41452521791034,45.70506055035159,4567600
2012-11-14,44.53462219238281,45.65524978409454,44.385204757946205,45.45602548265811,5839400
2012-11-15,44.52633285522461,44.78366366226776,44.0116744077021,44.484828703524435,4753100
2012-11-16,45.07420349121094,45.29832974806093,44.47653663950862,44.484836204622624,6563200
2012-11-19,45.84619140625,45.879395998770214,45.389639342071796,45.49755268448039,7380300
2012-11-20,46.369144439697266,46.38574673301575,45.58885248654685,45.72997039647213,4039400
2012-11-21,46.46875762939453,46.62647467488676,46.31934014774344,46.460458065553404,3461400
2012-11-23,46.90871810913086,46.94192270524327,46.560079349644305,46.64308767336075,1487600
2012-11-26,46.22802734375,46.76759080312847,46.04540844715848,46.69288206516166,5183600
2012-11-27,45.19041442871094,46.252939211069055,45.115705679690166,46.03711252875829,9897200
2012-11-28,46.078617095947266,46.153325845633276,44.957989017221344,44.957989017221344,7216000
2012-11-29,46.4189453125,46.70117794851578,46.08690896614016,46.27783057777385,4587700
2012-11-30,46.4023551940918,46.5600722517355,46.244634969884004,46.369150603041305,5716100
2012-12-03,46.4770622253418,46.925311521723515,46.42725534060429,46.560070533340344,4954600
2012-12-04,46.352542877197266,46.643075098442246,46.04540836237204,46.402349757938,3912300
2012-12-05,46.81739044189453,47.033213892322486,46.277827065979785,46.39403993671509,5667500
2012-12-06,46.58496856689453,46.759291065878564,46.38574737743237,46.73438604227301,3854400
2012-12-07,46.99172592163086,47.01662778348395,46.65138675452657,46.692890913136495,3689200
2012-12-10,47.10794448852539,47.27396430946309,46.83401130899348,47.04153529352443,3784000
2012-12-11,47.36526107788086,47.80521077904062,47.24904502169482,47.31545419665827,4342800
2012-12-12,47.871612548828125,48.436077819784025,47.464867471163814,47.60598220562105,5941700
2012-12-13,47.913124084472656,48.145549863617305,47.73050201996543,47.86331720327148,4725900
2012-12-14,47.02493667602539,47.85503262323456,46.908720583501726,47.73881653071089,5063200
2012-12-17,47.539581298828125,47.60598730846616,47.141135741308474,47.23244677530411,5799100
2012-12-18,47.99613952636719,48.32817911730759,47.82182016607737,47.93803307293725,7184000
2012-12-19,47.14113235473633,47.888216533954456,47.0996282058737,47.66409033021994,6768200
2012-12-20,47.647483825683594,47.6557833875455,47.16602690705293,47.22413333977552,5641700
2012-12-21,47.85502243041992,47.98783762702201,46.7841981266233,47.473175969445364,11464700
2012-12-24,47.75540542602539,48.095744542194815,47.680696685082644,47.77200772029754,2192800
2012-12-26,47.423377990722656,47.904831949226754,47.36527153308535,47.83012319418386,3389200
2012-12-27,47.05813217163086,47.52298698339668,46.38575656580319,47.44827823090868,5292300
2012-12-28,47.041534423828125,47.3486721951822,46.79250628030792,46.850612741577145,4094000
2012-12-31,47.713890075683594,47.72219280415303,46.68457340489087,46.875494994367536,5604600
2013-01-02,48.93840026855469,49.10499971350358,48.57188403176322,48.588544294020124,6091400
2013-01-03,49.14665603637695,49.363233122452,48.83844908317072,48.98005656683122,5017000
2013-01-04,49.654781341552734,49.696430413152555,48.69683680665446,49.213295462877774,4017200
2013-01-07,49.8630256652832,49.97131578439194,49.37988757819822,49.37988757819822,3859400
2013-01-08,50.1462516784668,50.246210093137535,49.588143909845364,49.713094311399324,4960900
2013-01-09,50.19622802734375,50.72934697321813,50.104601336491896,50.32950696940719,5885600
2013-01-10,50.63772201538086,50.63772201538086,50.054625395699304,50.34617211672961,6545300
2013-01-11,51.012569427490234,51.62065485057508,50.23788451836085,50.39615228241168,10492500
2013-01-14,50.98755645751953,51.137495615496896,50.57105950260899,50.6293688220869,5176600
2013-01-15,50.61272430419922,50.67936536296909,50.00463894221683,50.10460053037163,6399000
2013-01-16,50.496097564697266,50.687685811632925,50.3794789080947,50.66269700739525,4020900
2013-01-17,50.596065521240234,50.97924206346183,50.46278658578836,50.895940742791616,4684200
2013-01-18,49.796382904052734,50.2128799258066,49.063350433652424,49.87135249507324,9935600
2013-01-22,49.4798698425293,49.896367052726944,49.15499934937304,49.66312645423362,7228400
2013-01-23,49.088340759277344,49.388219132652026,48.980050640532,49.32990980200919,6265300
2013-01-24,49.396549224853516,49.57147722226982,49.1549801745432,49.2632702966858,5430800
2013-01-25,49.56315612792969,49.72975560758134,49.30492677558859,49.62146546916465,4124000
2013-01-28,49.204952239990234,49.6047889536008,48.896745369052454,49.446521247469455,5216200
2013-01-29,49.521507263183594,49.62146568035169,49.10501015109226,49.21330028996983,5533100
2013-01-30,49.421539306640625,49.704754237680454,49.27992866350053,49.34656971383003,5894100
2013-01-31,48.98837661743164,49.829699130658334,48.98837661743164,49.454851207886115,5940900
2013-02-01,49.90467834472656,50.07960634990077,49.396551415545865,49.42154340029964,6036400
2013-02-04,49.48817443847656,49.763063989430876,49.32157499950001,49.529823503815706,4618600
2013-02-05,50.529422760009766,50.72934274525319,49.71308891070482,49.79638705094437,6394000
2013-02-06,50.446128845214844,50.65437739087729,49.921341620411695,49.921341620411695,6304600
2013-02-07,51.76224899291992,51.928848435979624,50.43778834590638,50.44612006575041,11977900
2013-02-08,51.47903060913086,51.92051960744757,51.21247277275325,51.6956108372002,6734900
2013-02-11,51.62897491455078,51.68728424844554,51.112519452502674,51.39573757897171,3436100
2013-02-12,51.81223678588867,52.11211518842582,51.60398824830682,51.72060692093338,4255200
2013-02-13,51.72894287109375,52.278718961924724,51.55401483710684,52.02049277202623,3409000
2013-02-14,51.928863525390625,52.187092896050075,51.50403784088224,51.712286410814414,4432600
2013-02-15,51.387413024902344,52.2120787126836,51.170835922749134,52.120448838750036,5354400
2013-02-19,51.87887191772461,51.978833498356074,51.37074500451917,51.37074500451917,3598900
2013-02-20,51.570674896240234,52.037152829282036,51.53735436296133,51.69562530722565,5532700
2013-02-21,51.2624626159668,51.64563917625848,50.929263672813654,51.537349043090614,5287500
2013-02-22,52.12044143676758,52.12877315737147,51.470707044960385,51.52901637870614,5197100
2013-02-25,51.66230010986328,52.47863403577192,51.63731130097057,52.28704575314628,8624700
2013-02-26,51.57899856567383,51.795578833895306,51.270791606027046,51.69562042112728,5938100
2013-02-27,52.0621337890625,52.14543193207681,51.33742977645248,51.42072791946679,4755400
2013-02-28,51.77060317993164,52.1871003795204,51.54569431083913,52.00384059486248,5366500
2013-03-01,51.95384216308594,52.05380374496553,51.23746671438409,51.5123562981224,5265100
2013-03-04,52.38700485229492,52.478634722928874,51.67896105168464,51.82890026224552,4687900
2013-03-05,53.411582946777344,53.6614773587994,52.5286080739129,52.695204348594274,7315900
2013-03-06,53.853057861328125,54.09462685924193,53.60315714479958,53.65314110124882,5780900
2013-03-07,53.778099060058594,54.044656927751,53.428243050319985,53.91971289230211,4446500
2013-03-08,53.89472198486328,53.94470595822985,53.03673897909342,53.86140780960739,5810000
2013-03-11,54.56110763549805,54.661069204548696,53.903041605204464,53.91970504433288,5307700
2013-03-12,54.38619613647461,54.80269326753485,54.19460465988048,54.66941113507948,5303700
2013-03-13,54.394527435302734,54.64442189884925,54.2445882150781,54.344543458399976,4203900
2013-03-14,54.46116256713867,54.769372731996675,54.38619613406724,54.49448310025104,3760100
2013-03-15,55.05255889892578,55.33578010443375,54.427813529549475,54.67771421939541,10265700
2013-03-18,54.79435348510742,55.08590016291423,53.94470225903604,54.19459668776719,4880300
2013-03-19,54.25291442871094,55.094240419506235,53.978031150043215,54.96929000816168,4587400
2013-03-20,54.97760009765625,55.0942187409594,54.519450888080016,54.519450888080016,4137800
2013-03-21,54.48615264892578,54.969284445866094,54.35287052891378,54.83600868109537,3600100
2013-03-22,55.1608772277832,55.269164186459605,54.594440914626965,54.636086811698775,3860600
2013-03-25,55.06092071533203,55.61902535846842,54.827683333438735,55.4690861336453,6599300
2013-03-26,55.95220184326172,56.010511165288506,55.28581049941842,55.31079930096711,4295600
2013-03-27,55.93555450439453,56.02718436286096,55.47740521206241,55.47740521206241,2905000
2013-03-28,56.19377517700195,56.21043861614375,55.81059869486007,56.06882480439831,4354300
2013-04-01,56.02720260620117,56.43536806439454,55.81895401555765,56.160478399486855,3012600
2013-04-02,56.34373092651367,56.44369252504816,55.893913265971236,56.12715064064321,3921600
2013-04-03,55.34952163696289,56.55259252432734,55.17407486157026,56.527529609855264,5102000
2013-04-04,55.75053787231445,55.94269109985217,55.391287953345014,55.49153959411702,3633900
2013-04-05,54.55584716796875,54.973579515735466,54.11304552510062,54.94851022063405,6898300
2013-04-08,54.806461334228516,54.956845175619264,54.413792060925594,54.773041994576424,4662200
2013-04-09,54.48899459838867,54.87330749565887,54.430512339545125,54.83988815144997,4882200
2013-04-10,54.639373779296875,54.78975762830941,54.60595443795103,54.68114317541348,7882100
2013-04-11,54.92343521118164,55.082175508103575,54.47228360999958,54.697862597634796,6357700
2013-04-12,54.873313903808594,55.01534135271641,54.45558161354638,54.689510676238996,3967600
2013-04-15,53.55326843261719,54.806465071636715,53.54491200361249,54.74798281677931,7008600
2013-04-16,53.96263885498047,54.34695806195833,53.6952905201831,53.88745012367203,6198900
2013-04-17,53.578330993652344,53.72871484431051,52.99350844891931,53.569980938790216,6925000
2013-04-18,54.33861541748047,55.04875901435248,53.168963765761966,53.50315086255135,10457800
2013-04-19,56.17661666870117,56.18497309628503,54.58088320086333,54.58088320086333,8461600
2013-04-22,55.692073822021484,56.184994881118335,55.349530273220665,56.07638677676372,5791500
2013-04-23,56.352073669433594,56.42726878321375,55.67534951585117,55.817376940217486,4779900
2013-04-24,56.32700729370117,56.49410399511441,56.00953312214714,56.31865723919607,4077700
2013-04-25,56.92021179199219,57.68884421533692,56.51083584442474,56.602737477932365,5834100
2013-04-26,56.60273361206055,57.14578694367319,56.45234971059996,56.91185784675447,4355300
2013-04-29,56.50247573852539,56.97869036569875,56.48576924901486,56.8199564060342,2931000
2013-04-30,57.154136657714844,57.212618925070686,56.477405993638264,56.71133506306164,4685400
2013-05-01,57.0455207824707,57.52173534044395,56.94526911179566,57.02045786480194,3767300
2013-05-02,57.96452713012695,58.03972225278549,57.12071253931725,57.17083837169724,3575900
2013-05-03,58.6746826171875,59.393176320714865,58.39897776492064,58.41568425259326,6986600
2013-05-06,58.53264617919922,58.9670913283897,58.440744565873885,58.66632357097748,4685300
2013-05-07,58.68302917480469,58.86683239868937,58.449100116801915,58.541001728744256,4374900
2013-05-08,58.741512298583984,58.83341391187067,58.12327029709168,58.41568162387257,3587500
2013-05-09,58.6579704284668,58.908612365056015,58.240238116877585,58.691389778284645,3754900
2013-05-10,58.54936218261719,58.69138963843769,58.1901121405429,58.616200882093615,3543100
2013-05-13,58.307064056396484,58.65795759155927,57.93110123378964,58.557699564046544,5139300
2013-05-14,59.74406051635742,59.8276056808234,58.35718656468975,58.44073172915573,6114300
2013-05-15,60.805084228515625,61.02230670801895,59.593663672762105,59.593663672762105,5215300
2013-05-16,60.34559631347656,60.947125326215115,60.26204477434932,60.663070490262534,3861500
2013-05-17,61.25625991821289,61.30638575098668,60.37066954407008,60.387376030298476,4866500
2013-05-20,62.158565521240234,62.275530051561766,61.17271706989525,61.247905821921016,5345300
2013-05-21,62.75175094604492,63.04416230140464,62.158571804003905,62.21705407507585,5130200
2013-05-22,62.19197463989258,64.33911798490857,62.058297270604086,63.01908264657978,12449000
2013-05-23,62.400856018066406,62.6514915856801,61.49855267684264,61.724125325103905,7985100
2013-05-24,62.885406494140625,62.95224518007822,61.807662960314566,61.899558185868855,5564000
2013-05-28,63.62898254394531,64.43102773894185,63.40340354823742,63.42011640855802,7341400
2013-05-29,63.353275299072266,64.03835594204911,62.9856688751033,63.32821238363591,5679200
2013-05-30,63.612266540527344,64.24722134547623,63.428463330614115,63.512008505823324,5417400
2013-05-31,63.25301742553711,64.65659806037013,63.25301742553711,63.60391099072327,7187700
2013-06-03,63.88795471191406,64.0550450188037,63.18616139998702,63.403383898212844,6777800
2013-06-04,63.54542922973633,64.53127761641095,63.46188405271409,63.91303565754028,5667700
2013-06-05,62.45933151245117,63.72923482323623,62.35907347182788,63.478599282811,6267300
2013-06-06,63.695804595947266,63.70416102476061,62.35906281975341,62.45096441443745,5455600
2013-06-07,65.19965362548828,65.26649231863254,63.87126168912276,64.06342133839036,6826100
2013-06-10,65.40013885498047,65.67584358045221,64.90721801921543,65.14950341062216,4035100
2013-06-11,63.92973327636719,65.04090246150214,63.91302679291527,64.84039278964144,5442800
2013-06-12,62.4258918762207,64.33074941033522,62.39247254020806,64.28062359335955,7057200
2013-06-13,62.83528518676758,62.87706096200568,61.64892710943066,62.20868680272631,6738900
2013-06-14,60.963836669921875,62.643121854099476,60.754970575465016,62.484381582604314,8451000
2013-06-17,61.690677642822266,61.99980171241053,61.31472127701707,61.56536310361149,6020900
2013-06-18,62.64311981201172,63.05249555905756,61.84942485449671,61.891200621661184,5714700
2013-06-19,62.016510009765625,62.74335978012154,61.98309067706975,62.59297597003308,5989300
2013-06-20,60.922080993652344,61.82438434906887,60.830179371854946,61.62387461700613,5656500
2013-06-21,61.247886657714844,61.648912331972895,60.46255453901005,61.306368904576765,7547300
2013-06-24,60.16178894042969,60.85521949869565,59.88608417830084,60.6296469313729,6293100
2013-06-25,61.181087493896484,61.53198116511856,60.62132125751044,60.67980353604745,4754200
2013-06-26,61.740806579589844,62.033217779152466,61.2645922334204,61.52358409959214,4894200
2013-06-27,62.760108947753906,63.01910095839739,62.14186049627836,62.14186049627836,4215300
2013-06-28,62.45933151245117,62.93554605075665,62.10008150116186,62.668197649849866,7964400
2013-07-01,63.19451904296875,63.87959951293091,63.0190723051343,63.10261746018593,5007600
2013-07-02,62.532501220703125,63.931980699319574,62.26433744998902,63.21128936673881,5041200
2013-07-03,62.49897766113281,62.666577614117514,61.93751078575287,62.029686284424585,3007000
2013-07-05,63.948753356933594,63.99903847146072,62.95152249382242,63.11074057482295,4501500
2013-07-08,64.56048583984375,65.20575267240679,64.40126141380313,64.45154651301648,5106200
2013-07-09,65.03816223144531,65.32308346334746,64.59401655022778,65.14710157419688,3915200
2013-07-10,63.96550369262695,65.00463753293991,63.63867928806457,64.85379500825506,4872200
2013-07-11,64.47669982910156,65.04654872654481,64.15825090805619,64.97950617542689,5715000
2013-07-12,65.64149475097656,65.742052119429,64.76996132774441,64.80348258173706,4878200
2013-07-15,65.23927307128906,65.89292181059812,64.94596996948732,65.87616437343578,4243300
2013-07-16,65.59123229980469,65.6498929161462,65.15546863462879,65.4403898015654,4637600
2013-07-17,64.35936737060547,64.90407042151936,62.532499728239806,63.14424531861428,16305300
2013-07-18,62.02131652832031,63.47945671414017,61.89561335513107,63.219674844803656,10352300
2013-07-19,62.063209533691406,62.633058342958634,61.568785181143376,61.694488346656314,8072500
2013-07-22,62.61631774902344,63.01856031463827,62.18892942871865,62.37329326859641,5456700
2013-07-23,62.35649108886719,63.00175767197149,62.31458792131043,62.87605456282694,4113000
2013-07-24,63.15263366699219,63.747621879869705,62.64144544021181,62.725245426308945,6139000
2013-07-25,63.49620819091797,63.52972946018918,62.87608069322136,62.90122004679268,4080300
2013-07-26,63.135868072509766,63.31185634999249,62.35652246936968,63.26995316134823,3537600
2013-07-29,62.901222229003906,63.15262856049581,62.28947662578412,62.98502860185361,3249400
2013-07-30,63.01018524169922,63.3034884465484,62.70850011855997,63.25320972386864,3762200
2013-07-31,61.820194244384766,63.57164411707833,61.568794269776426,62.97665586558353,10320700
2013-08-01,63.37888717651367,63.77275409997731,62.440317207608054,62.45707464554062,5981400
2013-08-02,63.42919158935547,63.46271286895508,62.850960704940306,63.370530948438734,2485400
2013-08-05,63.63029098510742,63.72247287391392,63.02692094692965,63.24480599261121,2237100
2013-08-06,63.52975082397461,63.77277531276894,63.244829529648484,63.58003594155551,2566000
2013-08-07,62.96826934814453,63.4459362978863,62.72524491497359,63.236433137586765,3083900
2013-08-08,63.84822082519531,64.75327012389508,63.25323228498679,63.513014302864875,3293600
2013-08-09,63.269989013671875,63.990680790740676,62.85936438509676,63.83983817708598,3963600
2013-08-12,63.26157760620117,63.36214143294225,62.75877125955494,62.94313507848213,2292600
2013-08-13,63.88168716430664,64.05766899860171,62.75874723950793,63.26155339371203,2964900
2013-08-14,63.58839416503906,64.04930365519557,63.47945482806061,63.722479250731425,2945400
2013-08-15,62.750370025634766,63.21127943106954,62.532491391727056,63.07719437002393,3834400
2013-08-16,62.99340057373047,63.14424308541775,62.557636869705135,62.73361873441892,4248200
2013-08-19,62.297847747802734,63.02692094280789,62.264332873264514,62.951502884804675,3478900
2013-08-20,62.23918914794922,62.574395445968754,61.845328620819245,62.35651678675516,2900900
2013-08-21,61.543643951416016,62.28947461226331,61.38441952038286,62.02131085098707,2983100
2013-08-22,61.89561462402344,62.012935883130815,61.51012957359503,61.72801465202121,2354900
2013-08-23,61.719642639160156,62.012945833993285,61.283872412382244,61.90400647406387,2518500
2013-08-26,61.686092376708984,62.40678354169061,61.535249891165684,61.811795513582915,2372400
2013-08-27,60.261497497558594,61.116267655024906,60.14416983523024,61.007328303577424,3712600
2013-08-28,60.34531021118164,60.62184960677005,59.95144312853238,60.08552186676752,2963200
2013-08-29,60.52127456665039,60.85648090513847,59.98494698248111,60.1776863114796,2957100
2013-08-30,60.261497497558594,60.53803683485292,59.89276985645998,60.46261875928073,3779500
2013-09-03,60.69725799560547,61.518513226058744,60.454233553874694,60.83133669828459,3994100
2013-09-04,61.29222869873047,61.5939136854065,60.52964071106924,60.772658689782325,2913300
2013-09-05,61.8453254699707,62.20567110311563,61.08273102099013,61.308997977875194,3600700
2013-09-06,61.468223571777344,62.02969048518078,60.672114150893584,61.94589050301336,3369200
2013-09-09,61.727989196777344,61.85368592717993,61.30060113282912,61.6693221978875,3189500
2013-09-10,62.5157356262207,62.566020727362876,62.01292936949803,62.19729315545298,3269100
2013-09-11,63.001766204833984,63.035287464714315,62.34811762098403,62.59951747979662,3297900
2013-09-12,63.09400177001953,63.36216568376815,62.82583785627091,63.094001770019524,2502200
2013-09-13,63.10236740112305,63.47947060970917,62.90962164090389,63.337009965890445,2664400
2013-09-16,63.3537483215332,64.0493002814853,63.21966963643204,63.97387582637403,4536200
2013-09-17,64.45992279052734,64.52696532791222,63.353746497789984,63.353746497789984,4047200
2013-09-18,65.06327819824219,65.20573876297983,64.14146589399164,64.51856889324469,4136000
2013-09-19,65.0046157836914,65.28116138534179,64.65265214169638,65.20573695147048,3997600
2013-09-20,64.79513549804688,65.27280243552428,64.65267488714792,65.04654184136294,10105500
2013-09-23,64.05769348144531,65.08007000874454,63.79790519421922,64.77000300493967,4078900
2013-09-24,63.74761962890625,64.4766929086185,63.65543772939566,64.01578341106554,3020200
2013-09-25,63.68058395385742,64.15825094214975,63.37052334344899,63.79790522161135,3090300
2013-09-26,63.957122802734375,64.52697163918522,63.504595221417915,63.6889590204945,2927000
2013-09-27,63.59678268432617,63.76438266531421,63.211297613230144,63.73924330751895,2522500
2013-09-30,63.28670883178711,63.56325452464013,62.54926004437448,62.8258057372275,3330500
2013-10-01,63.63029098510742,63.69733352124454,63.22804216181286,63.387266586756475,2969600
2013-10-02,62.68885803222656,63.28565383159304,62.34422594942115,63.15116138573157,4363400
2013-10-03,62.218162536621094,62.4451170147544,61.61296555849397,62.293816166983866,4364500
2013-10-04,62.46189880371094,62.478713564619945,61.87351043094139,62.1004583995947,2883500
2013-10-07,61.310359954833984,61.80628656077517,61.276736833811,61.78107082324658,3320300
2013-10-08,60.70515823364258,61.44484767716193,60.62950460606919,61.38600881702919,3945800
2013-10-09,60.70515823364258,61.11703025457172,60.58748051337711,60.83964430839392,4701500
2013-10-10,62.75611877441406,62.764519744509464,61.369195567114886,61.5204963972376,3769900
2013-10-11,63.37813186645508,63.411754986451975,62.545980488633695,62.76452114918191,3913900
2013-10-14,63.94129943847656,63.97492255570817,63.12595648123337,63.31928780207662,3017200
2013-10-15,63.25204086303711,64.18506151372087,63.235232511085485,63.571450853748544,4113700
2013-10-16,64.15143585205078,64.51287632773408,63.42014751856498,63.57985571406216,6468200
2013-10-17,67.43803405761719,67.58092751177875,65.39547595611236,65.51315367282831,10366600
2013-10-18,67.68177032470703,67.81626276834191,66.66469526829077,67.33714466055983,7598200
2013-10-21,67.58094024658203,68.07686694434278,67.50528660703458,67.63977911602747,3691500
2013-10-22,67.97599792480469,68.22816173728681,67.60614997095131,67.89193690768876,3300000
2013-10-23,67.77424621582031,67.93395442224627,67.25310392193178,67.71540736286664,2895100
2013-10-24,68.00118255615234,68.08523712186047,67.6229273910373,67.8919058490747,3181800
2013-10-25,69.43855285644531,69.48898432494657,67.88352058577003,67.88352058577003,6291100
2013-10-28,69.56462097167969,69.88403088252994,68.95101046512669,69.5309978632293,4566100
2013-10-29,70.32115173339844,70.38839156302426,69.70754099252218,69.86724921541216,3485200
2013-10-30,69.85044860839844,70.46405947366611,69.59828476703487,70.35478270408153,3747800
2013-10-31,68.7577133178711,69.75797394233933,68.66525133560738,69.58986474528974,5637700
2013-11-01,69.06031036376953,69.46377497476757,68.74930131586966,69.0266872440273,3358900
2013-11-04,68.86697387695312,69.46376977858759,68.7156730559082,69.27044487072422,2643600
2013-11-05,68.8417739868164,69.03509893917521,68.160916928932,68.61481949653648,2591400
2013-11-06,69.02670288085938,69.43016758325552,68.77453263214493,69.38814348377366,2636900
2013-11-07,68.01801300048828,69.43015196717111,67.98438988069174,69.20320392473742,3485800
2013-11-08,68.74089050292969,68.88378394498885,68.15250196918367,68.34582688186278,4369500
2013-11-11,68.42145538330078,68.65681071040049,68.244938887976,68.5811571192889,2224200
2013-11-12,68.11048126220703,68.37945983244744,67.73223235225974,68.27859687670414,2237200
2013-11-13,68.45510864257812,68.48032437973862,67.42962591168802,67.72382020015128,2828200
2013-11-14,68.83335876464844,68.85017353169438,68.37945624872742,68.59800332964227,2284100
2013-11-15,69.59828186035156,69.98493819799226,69.23684126449852,69.79160682269406,4439700
2013-11-18,69.21160125732422,69.74956473284003,69.06030684562313,69.64028799600608,3104800
2013-11-19,69.31246185302734,69.66549492829505,69.15275366580724,69.2452156254659,2775000
2013-11-20,69.13594818115234,70.1194002514289,68.89218540585283,69.73274404635316,3510500
2013-11-21,70.56487274169922,70.60690322546638,69.40490449737193,69.45533594753138,4355200
2013-11-22,70.48088073730469,70.54812700583112,70.07741595206039,70.53971961902603,2690300
2013-11-25,71.1028823852539,71.24578228840421,70.67420191467161,70.87593427806071,3657700
2013-11-26,71.52313995361328,71.94341932270383,71.19532255875899,71.23735306084974,4896800
2013-11-27,71.94342041015625,72.00226567915446,71.43068547203347,71.666040896209,2520000
2013-11-29,72.11994171142578,72.44775910359965,71.8761789097919,72.18718153608525,2144600
2013-12-02,71.69125366210938,72.73354467439368,71.58198333768534,72.30485793357715,3620800
2013-12-03,71.11970520019531,71.72490877176841,70.77507289467738,71.35506071959442,3546100
2013-12-04,71.02721405029297,71.64922572682217,70.40520237376376,70.78345124435283,3579700
2013-12-05,71.06082916259766,71.43907799056585,70.73301180157094,70.83387473545388,3677800
2013-12-06,72.229248046875,72.36373417619461,71.74172220055695,71.94345460101506,2666600
2013-12-09,72.07788848876953,72.62425277448183,71.74166381964257,72.43092150552438,2436500
2013-12-10,71.69125366210938,72.06950251915367,71.51473710129176,71.7669008683366,2354200
2013-12-11,70.52285766601562,72.010643352048,70.44720406817547,71.68282605829592,3782300
2013-12-12,70.0185317993164,70.84227561081727,69.94287819289931,70.4219963236976,3574300
2013-12-13,70.33796691894531,70.53969925332478,69.95971799036437,70.03536521089845,3594900
2013-12-16,71.04401397705078,71.42226921572964,70.57330318717864,70.57330318717864,3599000
2013-12-17,70.69941711425781,71.21215861084852,70.59854772686163,71.20375122532647,2893700
2013-12-18,72.2796401977539,72.38891693210765,70.22868134814449,70.8591003677402,5332300
2013-12-19,72.63268280029297,72.73354574341174,72.212403436087,72.2376191718667,3956300
2013-12-20,73.60772705078125,73.78424361289893,72.65789800330396,72.88484603661124,6294500
2013-12-23,74.22975158691406,74.45670607254728,73.91874891002035,73.96918038995875,3242600
2013-12-24,74.54914855957031,74.59117264420738,74.12886923547839,74.25494790234313,1042700
2013-12-26,74.80975341796875,75.00308481591827,74.60802104707619,74.72569879784322,1745200
2013-12-27,74.96942901611328,75.23840753107703,74.65842000292403,74.65842000292403,1797400
2013-12-30,75.3056640625,75.33088621480499,74.92741514634122,74.96944565389445,1769000
2013-12-31,76.26390838623047,76.31433986581492,75.24682651960626,75.54102725172932,3083500
2014-01-02,75.1880111694336,76.55812664753753,75.12917228719924,76.40682574851247,5112000
2014-01-03,75.43172454833984,75.71751779790657,74.49870401923717,74.9357980684679,3888500
2014-01-06,75.39810180664062,75.86041158926332,75.12912331846552,75.39810180664062,2844700
2014-01-07,75.11235809326172,76.23870415512198,74.81816370493678,75.79320887952183,4039500
2014-01-08,75.34831237792969,75.54213621435065,74.71626638789697,74.71626638789697,3880200
2014-01-09,74.90166473388672,75.78653173414192,74.21905708937847,75.75282184151742,3469200
2014-01-10,74.62355041503906,75.47470087695073,74.24431904147667,75.22188639074544,2901600
2014-01-13,73.30889892578125,75.00278382133307,73.21619834152942,74.5982715964611,5641000
2014-01-14,73.41845703125,73.6965523520872,72.53359016362141,73.38474714367806,4777900
2014-01-15,74.37069702148438,74.6066596773651,73.3847074539113,73.70494156839226,4494900
2014-01-16,73.97465515136719,74.36230921968594,73.53643946572538,74.16005632089,3326100
2014-01-17,76.66293334960938,78.89616284976006,76.30898928892177,77.38767962406585,14989900
2014-01-21,76.34268951416016,78.12927432478105,75.54210087313028,77.50565770662617,7954600
2014-01-22,76.79776763916016,77.04215942668408,76.36798117132653,76.38483289517227,3848700
2014-01-23,75.14604187011719,76.25844239016506,74.7331070182253,76.25844239016506,5260900
2014-01-24,73.27517700195312,75.3145830910029,73.03079160670798,74.63196922549959,6289300
2014-01-27,72.23863983154297,73.96622824572333,72.23021075190684,73.4437410393535,5651400
2014-01-28,73.01390838623047,73.46898199717863,72.1374710350896,72.34815290518596,4108700
2014-01-29,72.0953369140625,73.23301770136004,71.99420730404705,72.71895343540703,3357900
2014-01-30,72.99707794189453,73.3004604376195,72.53357512078628,72.85380934205051,4259000
2014-01-31,71.64872741699219,72.39876120697612,71.55603325771742,71.86783848406057,4778000
2014-02-03,69.82842254638672,71.985803549554,69.75257370482089,71.62343035641238,5769800
2014-02-04,70.78913116455078,71.38746709690133,69.63459182974614,70.10652374290484,5380500
2014-02-05,70.55317687988281,70.89026930697392,69.90427283256935,70.37620480229822,3260100
2014-02-06,72.2133560180664,72.2723467140575,71.05881647709363,71.21050775671412,5432400
2014-02-07,73.31731414794922,73.46057632216922,72.28918526565988,72.44087651762884,4495200
2014-02-10,74.4465560913086,74.96904953893835,73.7386679650053,74.016769627268,5387900
2014-02-11,74.64883422851562,74.86793883948795,74.30331272509252,74.46343307345964,3602400
2014-02-12,75.01963806152344,75.04492530039609,74.49715085589241,74.74154272896341,2488600
2014-02-13,74.91848754882812,74.98590730226884,74.16846047292947,74.47184293391112,2759700
2014-02-14,75.00275421142578,75.23028782780578,74.37913760588324,74.88477286522857,2671800
2014-02-18,75.01963806152344,75.1207677285023,74.40445026853777,74.83424331631805,3591600
2014-02-19,74.867919921875,76.1151596492336,74.79207752097224,74.91005887537759,4332300
2014-02-20,75.01118469238281,75.19658579116556,74.26115765058081,74.83421266977236,4411800
2014-02-21,74.7920913696289,75.34829479724327,74.63197103207276,75.05333492711291,3808700
2014-02-24,75.77804565429688,76.20783842509354,74.82576601459033,74.82576601459033,3261200
2014-02-25,75.76966094970703,76.15731497315312,75.12918600990338,75.84550336691251,2914800
2014-02-26,75.61795806884766,76.42697587560087,75.17973607175091,75.98033123088835,4840200
2014-02-27,76.08992767333984,76.20790910345,75.43260072572447,75.55058215583463,3075600
2014-02-28,76.92418670654297,77.64893307379894,75.92133864335108,76.05617816726027,4689200
2014-03-03,75.82022094726562,76.37641795010887,75.13761348893438,76.35113714491185,3465300
2014-03-04,78.04501342773438,78.10400411002018,76.71350210813803,76.73036026279235,3752000
2014-03-05,77.64894104003906,78.02816598831035,77.45511724141261,78.02816598831035,3086400
2014-03-06,78.8118896484375,78.9130192844578,77.83432888491575,78.00287184878097,3957900
2014-03-07,79.09843444824219,79.51136928368985,78.6770705342539,79.30911640523634,3864600
2014-03-10,78.96359252929688,79.11528379094015,78.49166701729688,78.89617919151323,2218700
2014-03-11,78.54222106933594,79.1152761771166,78.39895889976634,79.07314364874439,1946200
2014-03-12,78.28942108154297,78.30627281010625,77.44669320430248,78.10401991982951,2486100
2014-03-13,76.42699432373047,78.77820590597712,76.19103154349128,78.54223669623437,3990200
2014-03-14,75.98876953125,76.87363635533087,75.54212479453417,76.30901023267138,3583900
2014-03-17,76.90735626220703,77.30343943641438,76.25845212546184,76.27531028536659,3033000
2014-03-18,77.18543243408203,77.50567309768834,76.79777843611353,76.91575980812557,2348300
2014-03-19,76.46068572998047,77.49723718256449,76.08145441382617,77.25284538224336,3425700
2014-03-20,77.26969909667969,77.4466711289157,76.03931751815674,76.24999942741412,3779700
2014-03-21,77.12642669677734,78.98043126423192,76.9915936248632,78.18826526716943,6684500
2014-03-24,76.6966323852539,77.32024894157976,76.08986755012576,77.2275484012407,2520600
2014-03-25,76.55337524414062,77.4466709089155,76.37640321240734,77.00002629127887,2420000
2014-03-26,75.55899810791016,77.26973497673735,75.53371086627583,76.99163318430116,3011200
2014-03-27,75.83708953857422,76.20789190926247,75.23032436090408,75.59269765148461,3602800
2014-03-28,76.233154296875,77.16015357006418,75.84550028915962,76.07303396104591,3138900
2014-03-31,75.87078857421875,77.48040188076928,75.74437810870639,76.75565540330196,5172400
2014-04-01,76.83149719238281,76.88206523587347,76.0224792210687,76.18259957136638,2821600
2014-04-02,76.37527465820312,76.95822313597549,76.14715905953038,76.75545872830529,2886700
2014-04-03,76.86531066894531,77.05117432158524,76.37529067237891,76.6033998731167,2483600
2014-04-04,75.33609771728516,77.22013667946527,75.25161308150336,77.02581621597908,2933600
2014-04-07,73.16480255126953,75.5557555401512,73.12256346039045,75.217810584299,5557600
2014-04-08,73.0718765258789,73.33378728294403,72.30305794125695,73.19015630812844,3880300
2014-04-09,74.9559097290039,74.9559097290039,73.19860103491524,73.41826623311738,3592900
2014-04-10,72.1172103881836,74.98128369477918,72.06652087875361,74.74472405641691,5213800
2014-04-11,71.42439270019531,72.19321116828581,70.95971759338632,71.72854250724053,4014300
2014-04-14,72.2354736328125,72.94515238506229,71.00197976883173,71.88907820914397,4011900
2014-04-15,72.69166564941406,73.27462039411736,71.23850720774125,72.54804117328095,3741700
2014-04-16,73.8406982421875,73.90828852780074,73.06342929492848,73.36757268865924,4055100
2014-04-17,72.84376525878906,74.28002339941962,71.8975205823087,73.63793501308088,9244400
2014-04-21,73.22395324707031,73.38447857509952,72.7930796493575,72.97894327904437,3762300
2014-04-22,73.56189727783203,73.8744975320181,73.02118785410164,73.25774742126309,3420400
2014-04-23,73.612548828125,74.04342864379308,73.22391453300216,73.5111698920347,3788200
2014-04-24,73.84915161132812,74.3307211356151,73.42672197789167,73.72242143214426,3187000
2014-04-25,73.5280990600586,73.75621466583371,73.1817101214107,73.51964866279464,4226100
2014-04-28,73.55347442626953,73.99280502618443,72.53119508775163,73.87452519830745,4760400
2014-04-29,74.17019653320312,74.30537066541906,73.66328225730507,73.79000599195604,2852900
2014-04-30,73.86605834960938,74.06037884971873,73.46897339625625,74.01813330098365,4351600
2014-05-01,73.35067749023438,73.99277230459145,72.93669827573773,73.95052676513157,4679900
2014-05-02,73.44358825683594,73.7646323350688,73.00426444210875,73.30840773183544,3707400
2014-05-05,73.806884765625,73.85757424436136,72.44666122292136,72.65787597867332,3340000
2014-05-06,72.82685852050781,73.71396323516787,72.72547954449911,73.71396323516787,3269400
2014-05-07,74.33072662353516,74.38986651875203,72.75083735736256,73.32534195908303,4601500
2014-05-08,74.87139892578125,75.42900245459327,74.06033514566069,74.2461986914234,4220200
2014-05-09,75.05726623535156,75.21779149894743,74.45741715265422,74.7362221539221,2344700
2014-05-12,75.75009155273438,76.01199588560833,75.46283602520613,75.54732067009142,2343800
2014-05-13,75.26850128173828,76.03732622980638,75.22626219018012,75.74162680584327,2298500
2014-05-14,74.73622131347656,75.55573551938996,74.60949118289246,75.33607038942831,2238500
2014-05-15,74.00965118408203,74.8376158857859,73.5956720561116,74.5165653228283,3324400
2014-05-16,73.92516326904297,74.14482841614168,73.41824915292207,74.00964788076934,3062400
2014-05-19,74.44898223876953,74.53346685510749,73.59567278850108,73.65481266451395,2000300
2014-05-20,73.57878875732422,74.38985930704837,73.38447474006296,74.19553884402258,2798400
2014-05-21,74.22931671142578,74.46587621430372,73.82378153094716,73.98430681322705,2525600
2014-05-22,74.47432708740234,74.67709145606095,73.9674129428743,74.17017731153291,2654800
2014-05-23,75.00659942626953,75.07418970986713,74.3476102756035,74.44054530410914,1858200
2014-05-27,77.2116928100586,77.2792831027043,75.48817902218372,75.69939385237772,5093800
2014-05-28,76.93289184570312,77.18635223394236,76.56960206030179,77.14410668731401,2466800
2014-05-29,77.11875915527344,77.13565995162118,76.48511465330206,76.98358501331745,2668500
2014-05-30,77.30461883544922,77.45669375328396,76.78925419421842,76.88218922432655,3594800
2014-06-02,77.63411712646484,77.81998719556353,77.24548263915153,77.5496324893558,2832100
2014-06-03,77.49894714355469,77.60032613520492,77.11030618967884,77.39756170613947,2589100
2014-06-04,77.56651306152344,77.6425537334509,77.16098429712201,77.380643025438,2637000
2014-06-05,78.40293884277344,78.74932777404096,77.32996401487088,77.65945859773498,3219200
2014-06-06,80.18558502197266,80.21092976515092,78.41982604664233,78.5212114651192,4550800
2014-06-09,80.7431869506836,81.0050912188401,79.96591809658041,80.3292077810057,3825200
2014-06-10,80.49818420410156,80.591119232524,79.99126996910186,80.33765889214204,2418300
2014-06-11,80.3292236328125,80.48129856434365,79.95748347889969,80.21094384670658,1884000
2014-06-12,80.05889129638672,80.66719119256726,79.72094619342344,80.55735532778834,2870500
2014-06-13,80.13487243652344,80.40522705051389,79.73778768721444,80.219357044815,1793000
2014-06-16,79.72937774658203,80.0504219733347,79.28159688468949,79.72092734841966,2832500
2014-06-17,79.97435760498047,80.4305758016713,79.42519795504026,79.72934771667599,2572300
2014-06-18,80.73474884033203,80.76009358681515,79.48436074489109,80.05041490222942,2454800
2014-06-19,80.32077026367188,80.85302928145836,79.86454548595573,80.65026486217275,3206400
2014-06-20,80.71784210205078,81.14027166730386,80.28696214067882,80.75163724076266,5387400
2014-06-23,80.6924819946289,80.89524634252777,80.08418250516989,80.54040712226416,2102500
2014-06-24,79.78007507324219,80.7263199415656,79.62800012022174,80.33767893713994,2088700
2014-06-25,79.95748138427734,80.439050913883,79.5857412401029,79.63643717979517,2398400
2014-06-26,79.67022705078125,80.21093643609979,79.02813223855387,80.11800140620775,2594800
2014-06-27,80.20250701904297,80.30389247247297,79.52661688770834,79.62800234113833,3630700
2014-06-30,80.15179443359375,80.54887284220621,79.88143974806816,80.2616238088571,2634300
2014-07-01,80.55732727050781,81.30925147868618,80.49818738151956,80.61646715949607,3026300
2014-07-02,80.43905639648438,80.92062595891305,80.3123262072631,80.42216204594529,1595500
2014-07-03,80.97129821777344,81.05578928977653,80.44748966763157,80.75163947870405,1633800
2014-07-07,80.59957122802734,80.81923643099762,80.36301167671982,80.68405586124227,1962800
2014-07-08,79.89834594726562,80.27008611216533,79.05348662395913,80.19404542126989,2828700
2014-07-09,80.2625961303711,80.94882286388331,79.98302897889936,80.85563165888205,2645500
2014-07-10,80.02539825439453,80.3219128378313,78.92405744969605,79.25446033745891,2230000
2014-07-11,80.03385925292969,80.13551768625167,79.42388279886923,79.86441775817282,2108500
2014-07-14,80.09317779541016,80.97425434954673,79.99998657098482,80.67773975525398,2388000
2014-07-15,80.0169448852539,80.61845436039772,79.63571267594257,80.30499231341776,3499200
2014-07-16,80.03385925292969,80.55911172784565,79.86441775817282,80.32190009871816,2738000
2014-07-17,78.78004455566406,80.22873588978213,78.7122743984885,79.60181830705173,3110800
2014-07-18,79.23751068115234,79.57638725116169,78.87321949951055,79.05960193619235,3363000
2014-07-21,78.68684387207031,79.12738539026505,78.26324973878575,79.03419416385977,2321800
2014-07-22,79.10199737548828,79.6865530807825,78.97491780006408,79.22060325560803,2411600
2014-07-23,79.0257339477539,79.28836028684559,78.63602805429913,78.94949009325683,1984800
2014-07-24,78.91560363769531,79.31378323441744,78.66144452298997,79.06809781381156,3023400
2014-07-25,77.88204193115234,78.84783633962999,77.58552723794176,78.56826257308764,3903500
2014-07-28,77.8227310180664,77.96675150236307,77.00943088708331,77.8566193314659,4274000
2014-07-29,77.69561767578125,78.1361590948874,77.52618264599093,77.79728257177469,4773300
2014-07-30,77.01788330078125,78.21241531626568,76.28082723094917,78.03450656772685,5069300
2014-07-31,74.5525894165039,76.46723727267222,74.54411572155301,76.30626938628252,7561100
2014-08-01,73.25636291503906,74.33228905904238,72.64638639163789,74.05272187209424,12258300
2014-08-04,73.64606475830078,73.9086910115501,73.23941160996496,73.36649112279069,5743800
2014-08-05,73.16321563720703,73.72235681043473,72.76503591954811,73.40890113243353,5004400
2014-08-06,73.19707489013672,73.52747783026462,72.85819825670104,72.89208656639804,4805600
2014-08-07,72.87513732910156,73.82399058591828,72.76500517303383,73.52747596301744,4539100
2014-08-08,74.10355377197266,74.1374420760008,72.78194223254081,72.9344299053678,4206700
2014-08-11,73.66303253173828,74.68813623565535,73.6545653010536,74.48480635559493,3594400
2014-08-12,73.77316284179688,73.78163007152617,73.45122713312757,73.70538622275764,3106600
2014-08-13,74.04425048828125,74.61186503498566,73.84092712865474,74.07813879214117,2590600
2014-08-14,73.93413543701172,74.38315075854248,73.79011494737824,74.12899163039565,3498800
2014-08-15,73.36650085449219,74.45090077585127,73.05304533994727,74.36618324390759,3290800
2014-08-18,73.84095001220703,74.11205006356819,73.68845582934543,73.95108218623231,2662100
2014-08-19,74.65422058105469,74.78976732125098,74.08659961985597,74.19673821376875,3523700
2014-08-20,74.96769714355469,75.1032503854176,74.46785910713747,74.56105034503463,3142900
2014-08-21,75.51839447021484,75.67936237933161,75.05243813515914,75.09480015235924,3019300
2014-08-22,75.29812622070312,75.83185921633337,75.25577066557373,75.30659991714363,2796200
2014-08-25,75.89958953857422,76.4333222539147,75.67085156309484,75.87417492613575,3730000
2014-08-26,75.52684783935547,76.18765376319763,75.4675449093577,75.91655373127432,2934600
2014-08-27,75.60308837890625,75.89960301589508,75.39129128626647,75.61156207240145,2632300
2014-08-28,75.4167251586914,75.67935801582375,75.06938119911581,75.26423095451442,3324900
2014-08-29,75.8657455444336,75.99281867001824,75.47603308085267,75.71325133019562,2672700
2014-09-02,76.0097427368164,76.35708661271661,75.63697778006402,76.16223690425744,3592100
2014-09-03,76.36557006835938,76.66208474752834,76.24696419669178,76.35709637365876,2930800
2014-09-04,75.95042419433594,76.63664457497713,75.75556806240174,76.34012999467124,2594100
2014-09-05,75.91654205322266,76.02667420241012,75.4166976085302,75.94195666737872,2571200
2014-09-08,75.34048461914062,76.10295567373407,75.07785821393365,75.73866430673588,3617600
2014-09-09,74.4678726196289,75.3150611443948,74.34079304820693,75.2726991327423,4014300
2014-09-10,74.89993286132812,75.11172997070159,74.56105619362361,74.63730005050134,3471000
2014-09-11,74.90838623046875,75.06088037954062,74.45090378325314,74.56104239640894,2757000
2014-09-12,74.24761199951172,74.80675960521494,74.0781768566821,74.70509464139533,4724500
2014-09-15,74.02728271484375,74.84905608238554,73.7985448062081,74.84905608238554,3983800
2014-09-16,74.85755157470703,75.14559246677418,73.6037101661838,73.84092829695655,5946200
2014-09-17,75.45904541015625,75.87416577817858,74.8321280126383,75.0693396515082,4460700
2014-09-18,76.33164978027344,76.74677015722972,75.66237037703961,75.67931775934213,4309800
2014-09-19,75.99280548095703,76.82305305072128,75.75559373632018,76.82305305072128,7118600
2014-09-22,75.39126586914062,76.32317146986966,75.31502204399133,75.89111020029273,3134700
2014-09-23,74.8152084350586,75.62004132436982,74.74743827271848,75.01853831268332,3711000
2014-09-24,74.99310302734375,75.10324163941496,74.44243582112199,74.95074749184477,5089900
2014-09-25,73.50206756591797,75.24727360567387,73.50206756591797,74.9846472693899,5648000
2014-09-26,74.86605072021484,75.12020339429463,73.66303812750988,73.84095340196171,4480300
2014-09-29,74.51020812988281,74.57798474488558,73.82398767769752,74.23910813340545,3304100
2014-09-30,74.1628646850586,74.82367052602865,74.00189683945119,74.7220056029818,3867100
2014-10-01,72.91378021240234,74.18834813490953,72.65887051757352,73.8399696071405,4777800
2014-10-02,72.96476745605469,73.5000836505732,72.27649636848778,73.40661481748126,4216800
2014-10-03,74.06092071533203,74.18837236297512,73.26218914855639,73.63606460241559,4601400
2014-10-06,73.950439453125,74.74917086302982,73.7210200496356,74.50275358799985,3147300
2014-10-07,72.52293395996094,73.45761607034117,72.50594256862581,73.45761607034117,3905000
2014-10-08,74.2733383178711,74.32431896975284,72.22552903010246,72.57391410539809,4238200
2014-10-09,72.98176574707031,74.75766726103907,72.92228616427451,74.20535314491335,5394400
2014-10-10,72.21704864501953,73.6700559419987,72.21704864501953,72.8883221593182,4226400
2014-10-13,70.33915710449219,72.43794674538762,70.19470762286316,72.02158968777951,5072300
2014-10-14,70.30516052246094,70.85747455191019,70.10973041656781,70.75550679049597,6165000
2014-10-15,68.76718139648438,69.49793411797363,66.6259103521397,69.08157711989298,9155600
2014-10-16,68.1808853149414,69.22603386988608,66.96579696245848,68.22337350571983,9159300
2014-10-17,70.16921997070312,71.81765687658464,68.74170352179459,68.75020245715146,9175000
2014-10-20,71.38431549072266,71.46078646814956,70.21170864119918,70.34766568923217,5231100
2014-10-21,72.76933288574219,72.78633075557197,71.74968111074386,71.97060155622783,4847100
2014-10-22,71.34183502197266,72.96478842406209,71.31634469340196,72.7523603755869,5182200
2014-10-23,72.74384307861328,72.94777213849864,72.11505802900716,72.33597847605465,5000300
2014-10-24,73.4151382446289,73.4406285743784,72.72686692744364,72.81184333699505,3608000
2014-10-27,73.61054229736328,73.71251006295418,72.87129706588888,73.08372504877923,3610100
2014-10-28,74.78316497802734,74.78316497802734,73.89096466509596,73.98443351627121,3598400
2014-10-29,75.06355285644531,75.61586693746429,74.47725600123593,74.97858295539345,4592500
2014-10-30,75.40345764160156,76.04074178170283,74.9446122827939,75.27599951702341,5072900
2014-10-31,76.4316177368164,76.98393202075029,75.93878953654013,76.42312528154271,6848600
2014-11-03,77.19635009765625,77.5022470004502,76.66103375916155,76.74600368042888,3707900
2014-11-04,77.6467056274414,77.68919383445618,76.89896115662894,77.00092896379027,3163100
2014-11-05,78.5303955078125,78.55588583511837,77.96958885871543,77.96958885871543,3617600
2014-11-06,77.81665802001953,78.34347552431774,77.41729218108978,78.28399591954889,6005800
2014-11-07,78.3944320678711,78.58136974781817,77.51922973247173,77.92708786800338,3669200
2014-11-10,78.51335906982422,78.53884938250492,78.04601506139295,78.35191177913241,2938700
2014-11-11,77.95258331298828,78.67483727432182,77.74015529596144,78.41142860770088,2719800
2014-11-12,77.79114532470703,77.8931066276915,77.40877099014878,77.45975812442985,3825500
2014-11-13,77.38327026367188,77.9185864807574,77.27281003935555,77.9185864807574,3638000
2014-11-14,77.04339599609375,77.527731642866,76.77148837830563,77.38328213902615,2361600
2014-11-17,76.58455657958984,76.6950233121626,76.17669836285965,76.67802543817166,2620600
2014-11-18,76.9669189453125,77.26431686587013,76.49957472530163,76.65252315341533,2175500
2014-11-19,76.89893341064453,77.1198603383861,76.49106881195146,76.728993609482,2661200
2014-11-20,77.00093078613281,77.24734813051187,76.32115835454985,76.32965729271199,2825700
2014-11-21,76.80547332763672,77.90160267357307,76.7290023532356,77.88461128463568,4039200
2014-11-24,77.35777282714844,77.46823304130629,76.65251038814186,77.15384378455418,3459500
2014-11-25,77.6636734008789,77.8166218109429,77.11985827238195,77.4937271214813,3313700
2014-11-26,77.70618438720703,77.92711139227218,77.26433685986686,77.92711139227218,2218200
2014-11-28,78.5303955078125,78.64086223652363,77.8166404120909,77.8421307393968,3070000
2014-12-01,78.29247283935547,78.70882995564202,77.88461465930017,78.23299325131454,3343000
2014-12-02,79.02323150634766,79.02323150634766,78.44542697365634,78.68334534309581,3111900
2014-12-03,77.53620147705078,79.12516487126034,77.36626171076364,78.69181003960564,5911100
2014-12-04,78.029052734375,78.04604412156031,77.48523758541398,78.04604412156031,3991000
2014-12-05,78.72581481933594,78.90425355397326,78.21598893711673,78.41991799344684,2872600
2014-12-08,79.49907684326172,79.7794834444804,78.51341399429764,78.75133238946862,4467600
2014-12-09,79.32911682128906,79.36310608093004,78.15651653622315,78.33495528724697,4069100
2014-12-10,78.81080627441406,79.60953781411372,78.64935888248594,78.90427513471039,4658000
2014-12-11,79.1336669921875,80.39974239205816,78.98071859072333,79.11667560659696,4419100
2014-12-12,77.32378387451172,79.04019908171728,77.27280323436115,78.51338184606168,4480300
2014-12-15,76.50809478759766,77.81665248217932,75.75185137387302,77.69769328110736,4766700
2014-12-16,74.97858428955078,77.14535246026193,74.93610257966289,75.93876298860704,4948800
2014-12-17,76.84793853759766,76.95839873962156,75.06353854185348,75.25047617819138,5204400
2014-12-18,79.16767120361328,79.20166046400341,77.74015468117058,77.91859343612735,4554200
2014-12-19,78.9382553100586,79.79646634540778,78.47091106239596,78.98923596151675,7170300
2014-12-22,79.550048828125,79.5840380899282,78.87877549378665,79.01472605821063,2910800
2014-12-23,79.72000122070312,80.11086806886946,79.5755516973614,79.61803341922023,2864800
2014-12-24,79.94091033935547,80.54420511027583,79.83894256067475,79.83894256067475,1321500
2014-12-26,80.1193618774414,80.55271690251479,80.04288441052755,80.04288441052755,1439900
2014-12-29,80.10233306884766,80.62915674847878,79.87291372228437,79.87291372228437,1483000
2014-12-30,80.10233306884766,80.26378039448026,79.89840404048174,80.06835029977577,1425100
2014-12-31,79.05724334716797,80.51025078928234,79.0232540728576,80.42528084490202,2306200
2015-01-02,79.04021453857422,79.8219545762195,78.2924702447273,79.16767264666335,2437500
2015-01-05,76.94992065429688,78.83628242981503,76.74599157885363,78.56437483496123,3469600
2015-01-06,75.30997467041016,77.23882460337305,74.72367777967757,77.14535576171643,4800300
2015-01-07,76.95475769042969,77.5598275205459,76.29855071141262,77.5598275205459,5665200
2015-01-08,78.04559326171875,78.24159842272061,77.55130863524481,77.92628407627511,3774200
2015-01-09,77.05701446533203,78.23307129314155,76.9036160313509,78.04558359584657,3681700
2015-01-12,76.27300262451172,77.500190445659,75.91507501063177,77.12521494433867,3230700
2015-01-13,76.04288482666016,77.67060647712479,75.36111257924189,76.92917964569708,3537600
2015-01-14,74.20211029052734,75.35259537172497,73.5032966003148,74.51743112096155,6628400
2015-01-15,73.1879653930664,75.02022252282316,72.05452835630395,74.56855119587743,5830900
2015-01-16,73.32431030273438,73.46918476063776,72.21643226754959,72.8982043664111,6768700
2015-01-20,74.3640365600586,74.75605338217503,73.64817494872989,73.68226421611344,6364100
2015-01-21,74.71340942382812,74.75602261598564,73.94641747801468,74.6196656025698,7185700
2015-01-22,71.90113067626953,73.392501715588,71.15970387605242,72.0119158985201,16390100
2015-01-23,71.69659423828125,72.71072861328983,71.55171975666907,71.95226044265941,7366100
2015-01-26,70.98926544189453,71.84147748080389,70.83586701481637,71.39832357952838,6632800
2015-01-27,70.22228240966797,70.9722267604559,69.94957478193939,70.3075023242339,6329500
2015-01-28,69.65130615234375,71.06597502714307,69.634258267255,70.56317294869808,7942200
2015-01-29,69.88138580322266,70.16261733092634,69.16553082564425,69.94104038468753,7545900
2015-01-30,68.76500701904297,70.05184280686798,68.65421526778972,69.98367076978522,7210500
2015-02-02,69.9921646118164,70.09443238575439,68.90133436392252,68.99507819790037,5459300
2015-02-03,71.35572052001953,71.38980328167672,70.34158606136978,70.37567532488917,5586200
2015-02-04,71.25347137451172,71.98637447730349,71.01485296929839,71.15972750076878,6155700
2015-02-05,72.20792388916016,72.37836368432812,71.65398480207217,71.79885927815108,3966600
2015-02-06,72.44654846191406,73.29876051510065,72.24201288780866,72.53176836686032,5139700
2015-02-09,72.4209976196289,72.65109205917243,71.84149304752813,72.03749821790534,3101300
2015-02-10,73.15387725830078,73.26466898297433,72.54029006057972,72.94934819239376,3589900
2015-02-11,73.29877471923828,73.44364923590751,72.71074620799311,73.1794655288209,4374800
2015-02-12,68.58602905273438,69.48084780943914,68.17696440548221,68.20252972683635,32653100
2015-02-13,66.54072570800781,67.9639184268439,66.2339288162768,67.69973474302212,34874400
2015-02-17,67.39295196533203,67.59748110203282,65.72261659490354,65.75670586799768,18578300
2015-02-18,67.98948669433594,68.40706884210174,67.08614386394295,67.08614386394295,13417000
2015-02-19,66.81342315673828,68.15991969847408,66.097561684452,68.08321723629335,20858000
2015-02-20,68.03208923339844,68.07469593460682,66.64297943639431,66.66002731836721,11348700
2015-02-23,68.43263244628906,68.58603088036352,67.7252948612867,68.16844228091172,6868600
2015-02-24,68.90985107421875,69.62570591109741,68.39852526189678,68.43261451629964,10951000
2015-02-25,70.02628326416016,70.09446180873756,68.9184111731647,69.16555352085989,8184700
2015-02-26,70.9466781616211,71.13416591898311,70.23082290827254,70.74214901807355,8702800
2015-02-27,69.53196716308594,71.0574272742116,69.47231258899102,70.94664206570987,8121200
2015-03-02,69.9069595336914,70.06035797617865,69.50641879487121,69.53198411830867,5503100
2015-03-03,69.8047103881836,69.82175177282014,68.94397417210614,69.02067015576604,6856100
2015-03-04,68.71387481689453,69.50643250914737,68.65422021648254,69.49791506756267,6141000
2015-03-05,69.15703582763672,69.37008892229865,68.72240569400432,68.73945358262138,5571800
2015-03-06,68.44113159179688,69.15699292675271,68.22807862930033,68.71383912371805,6530200
2015-03-09,68.61160278320312,68.88431041417392,68.13435955260714,68.30480588562813,5846100
2015-03-10,67.41849517822266,67.9809517451034,67.2139661086171,67.94686898505405,7525000
2015-03-11,67.70824432373047,67.96391053778352,67.41849534954147,67.66563762262957,4546200
2015-03-12,69.50642395019531,69.88139939339015,68.20254034327526,68.26219493634144,9386600
2015-03-13,68.68830871582031,69.5831342137991,68.13436943144602,69.45530107096445,6919400
2015-03-16,69.45528411865234,69.58311723028609,68.81612506234573,68.92691029143516,5295100
2015-03-17,69.08031463623047,69.20814775880291,68.64569112209195,69.19962381680136,4258200
2015-03-18,69.7620620727539,70.1540787407862,68.4070418597728,68.67123195268833,6449400
2015-03-19,69.48937225341797,69.84729975869026,68.9780463170487,69.74503197067159,4677000
2015-03-20,70.4779281616211,70.78472499464125,69.45527638612819,69.70241864060895,9338100
2015-03-23,70.05183410644531,71.19380173543858,70.05183410644531,70.4779401691411,7291700
2015-03-24,69.34451293945312,70.01776139539307,69.25928651318813,69.91549358499316,5217800
2015-03-25,68.2707290649414,69.42973833332317,68.2025505193039,69.38712511683374,8908000
2015-03-26,66.8816146850586,67.98948661691115,66.37880611835718,67.89574275704923,16181300
2015-03-27,66.44697570800781,67.01795623076427,66.22539875072096,66.81342715580982,9022600
2015-03-30,66.51514434814453,67.11169010387901,66.47253115050874,66.77080402837598,7285200
2015-03-31,66.7973403930664,67.14791186764637,66.36981006764032,66.60067357298858,5918300
2015-04-01,67.48991394042969,67.82338695629724,66.56644719329213,66.73746317809137,6163500
2015-04-02,68.1483383178711,68.20819230868275,67.18212203088426,67.48994441894295,5695200
2015-04-06,68.08847045898438,68.49034996840703,67.31892116917308,67.84050211224286,3831100
2015-04-07,66.97686767578125,67.87467698026056,66.9170137221493,67.19917863293327,5919200
2015-04-08,67.28472137451172,67.85761041657886,66.95124825906399,67.05385135698961,6405800
2015-04-09,67.68656921386719,67.83192788360226,67.04527405770362,67.2333818236946,4288100
2015-04-10,68.05427551269531,68.37920274200816,67.7208023736812,67.90891676463177,3442000
2015-04-13,67.7806396484375,68.39628422209199,67.77209374084322,68.17397319995621,4092000
2015-04-14,67.96876525878906,68.37919721711876,67.45573020357294,68.06282244666473,4213200
2015-04-15,68.1910400390625,68.66132568325088,67.90886865254947,67.91742107978669,6042700
2015-04-16,69.18293762207031,69.40524862113575,67.76353427748855,67.91744540493002,8084800
2015-04-17,66.11327362060547,67.12224521083307,65.43777508342319,67.03674047069721,22112500
2015-04-20,66.03632354736328,66.56645686831054,65.805453565227,66.17312983149384,8432600
2015-04-21,66.07904815673828,66.52368309338972,66.04484496748884,66.16455286806622,5125000
2015-04-22,67.0709228515625,67.25048470718693,65.9935451942244,66.19021190672248,7318100
2015-04-23,66.82299041748047,67.01110480232806,66.47241242324723,66.74603156749964,4815400
2015-04-24,66.6861801147461,66.97690413607138,66.4980657227583,66.95125335963583,3400700
2015-04-27,66.25860595703125,66.66048525165506,65.87383151778215,66.54932978608309,6901700
2015-04-28,66.25860595703125,66.46382507998229,65.78832681168134,66.42962189282379,6493400
2015-04-29,65.97643280029297,66.24149931302124,65.8396200688267,65.95077552045048,4322600
2015-04-30,66.22444152832031,66.421108338685,65.82256852208764,65.87387007105464,6754100
2015-05-01,66.42108917236328,66.60065106552851,66.10471448997149,66.56644786822187,3859200
2015-05-04,66.93413543701172,67.1564529954142,66.47240198044993,66.6605163357448,3896700
2015-05-05,66.55789184570312,67.1393331213485,66.50659031430845,66.67760629161151,5325800
2015-05-06,66.56644439697266,67.4215047142712,66.17311743384643,67.29324436195792,5896600
2015-05-07,67.06239318847656,67.32745984767571,66.35269142990508,66.55790411691108,7924600
2015-05-08,67.53268432617188,68.09702089035797,67.35311587199145,67.45572548529537,7198100
2015-05-11,68.1483383178711,68.61862433395957,67.55835084375505,67.59255405616109,5827400
2015-05-12,67.61820220947266,67.91747215191256,67.07096387941242,67.67805619796064,4575700
2015-05-13,68.2851333618164,68.41339374399564,67.78064426486985,67.97731105402387,5494500
2015-05-14,69.04613494873047,69.17439532765741,68.63570304088303,68.69555701456976,4450800
2015-05-15,68.59294891357422,69.39670780737704,68.39628214379081,69.17439026840306,4479300
2015-05-18,68.55020904541016,68.87513625945572,68.21673592206488,68.644266236466,4579900
2015-05-19,69.56770324707031,69.77291588278071,68.72119541662187,68.72119541662187,6063500
2015-05-20,69.22570037841797,69.64467821546046,69.0717892206236,69.610481534701,3986700
2015-05-21,69.05467224121094,69.40524357492093,68.75540243838718,68.86655792983817,4249700
2015-05-22,69.4736557006836,69.75582719103792,69.02047474419555,69.1230778144386,3395800
2015-05-26,68.5672836303711,69.65320727900026,68.35351856757393,69.36248992492027,5282700
2015-05-27,68.4989242553711,68.94355302075711,68.26805417589267,68.78964180897032,5105100
2015-05-28,68.4818115234375,68.61862437313981,68.30224955090003,68.3792084097565,4443000
2015-05-29,68.16539001464844,68.49031049366374,68.04568212640119,68.43900897686939,7385100
2015-06-01,67.95165252685547,68.55019221058735,67.50701745586039,68.35353196747258,4716900
2015-06-02,68.39629364013672,68.63570955761536,67.70369666120287,67.77210307293804,4197300
2015-06-03,68.91788482666016,69.49077387772226,68.50745938132411,68.67846889628166,4321400
2015-06-04,67.85757446289062,68.69552976207598,67.72076170668576,68.44756805773939,5438100
2015-06-05,67.88323211669922,68.30220980883522,67.7464258701942,68.18250189679637,4817000
2015-06-08,67.38731384277344,68.26802508688365,67.37876793502416,67.91745368494564,5883600
2015-06-09,67.69511413574219,67.88322842259262,67.43004756259381,67.4471458961295,4506300
2015-06-10,68.5672836303711,68.8237977915725,67.72076928470804,67.72076928470804,5865400
2015-06-11,68.6613540649414,69.06322698093985,68.40483333051468,68.6955507408446,4013400
2015-06-12,68.00293731689453,68.78959114280572,67.6438135950992,68.77249280902141,6253500
2015-06-15,67.7635269165039,67.86613649818297,67.39585073664418,67.54976184736667,4929300
2015-06-16,67.85757446289062,68.23380301886273,67.54975228502094,67.58395547407217,6992700
2015-06-17,68.67848205566406,69.14021566283533,67.94312925797604,68.09704046036646,6945600
2015-06-18,69.06321716308594,69.1743791765452,68.24236006264194,68.61003625046926,4632300
2015-06-19,68.5672836303711,68.93495979932592,68.22525822517721,68.84944855533344,13054800
2015-06-22,69.4736557006836,69.86698269166554,68.96917320907403,68.98627154625021,5548600
2015-06-23,69.56770324707031,70.04653490492525,69.50784928983845,69.63610963350446,5356300
2015-06-24,69.03758239746094,69.56772225176253,69.03758239746094,69.20859841026493,5637600
2015-06-25,68.30223083496094,69.25990094967244,68.30223083496094,69.25134851801063,6591100
2015-06-26,68.30223083496094,68.78961506218154,68.25948172383973,68.55019916440214,15746700
2015-06-29,66.52371215820312,67.84905207181765,66.47240409011634,67.7378965508856,8553300
2015-06-30,66.70394897460938,67.29615029886332,66.64387105388812,67.09016324381709,7793000
2015-07-01,67.28756713867188,67.72528145390879,67.08158662773783,67.49354764960592,5319900
2015-07-02,67.1244888305664,67.91408616515801,67.09874208782999,67.5364563583543,4577700
2015-07-06,66.59237670898438,66.81552609702662,66.37781175263683,66.55805207821125,5724800
2015-07-07,66.55804443359375,66.77260936529714,65.57962886886644,66.5666223163004,7183000
2015-07-08,65.16767120361328,66.25765834087663,65.0131841674339,65.99159988056891,5544800
2015-07-09,65.51954650878906,66.47221536002682,65.47663744986981,65.76844262332888,3934000
2015-07-10,66.35205841064453,66.50654542577999,66.00875975301209,66.35205841064453,3036000
2015-07-13,67.39911651611328,67.46777884664395,66.74683747207239,66.91849329839907,3677500
2015-07-14,67.77676391601562,67.92266648135256,67.1244847648605,67.45920549616349,3904900
2015-07-15,67.40770721435547,68.11147979775562,67.21888906183332,67.81109025874352,3947000
2015-07-16,67.73387145996094,67.9398585557647,67.51930647950135,67.80253382522886,4095800
2015-07-17,67.99131774902344,68.01706448600687,67.50211010233747,67.57935031328776,3084400
2015-07-20,68.05999755859375,68.34321828614759,67.9570040362093,67.97416634927241,3553000
2015-07-21,67.75959014892578,68.15439531171545,67.33046036572041,67.97415504052846,3974600
2015-07-22,67.7939224243164,67.96557826920194,67.4592017117908,67.63085755667633,4392700
2015-07-23,66.09458923339844,66.90134899522178,65.33931641636896,66.68678404456615,12256800
2015-07-24,65.14189910888672,66.21472351269578,64.95308096613624,65.78559375117216,8639900
2015-07-27,64.30081939697266,64.88443629341725,63.76870253856885,64.74711813731385,9861400
2015-07-28,64.4638900756836,64.85868877326574,63.82877969679078,64.47247450658818,5516600
2015-07-29,64.97025299072266,65.23631793529334,64.30081151032178,64.46388293944561,4594200
2015-07-30,65.3307113647461,65.40795157182006,64.9187439496852,65.04748417614172,4767100
2015-07-31,65.27922058105469,65.80275944084812,65.21914267327516,65.56244780972999,6344800
2015-08-03,65.21055603027344,65.36504299352073,64.7385107125734,65.10756253877526,5159500
2015-08-04,64.98741149902344,65.36504778084146,64.91016473774228,65.03032054595703,4137600
2015-08-05,64.8758316040039,65.63968857306253,64.8758316040039,65.52811064881789,5562000
2015-08-06,64.36946868896484,65.0474945449154,64.12057262427406,64.92733872720274,4522100
2015-08-07,68.42045593261719,68.84958572993867,63.80301512271737,64.36946959822224,23689600
2015-08-10,69.74220275878906,69.85377419082967,68.23166346991351,68.39473494966815,12609000
2015-08-11,69.81086730957031,70.0769323700361,68.87536702510629,69.02985409156875,8509800
2015-08-12,69.5190200805664,69.59626029317128,68.48911129116557,69.27870846623956,6945600
2015-08-13,69.31306457519531,69.51904509759927,68.98692165438605,69.51904509759927,4866900
2015-08-14,69.4417953491211,69.80226285097295,69.02124338229206,69.09849016011852,5387100
2015-08-17,69.5190200805664,69.66492262526478,68.87532545019079,68.9954812573542,4574700
2015-08-18,69.72501373291016,69.87950073537606,69.26155272551247,69.56194884830845,4458300
2015-08-19,69.47611236572266,70.08548244716434,69.01265794152933,69.4503656252676,5314600
2015-08-20,67.59652709960938,69.05556578249742,67.57078035960562,68.7551762357853,7240600
2015-08-21,66.11172485351562,67.46777636562875,66.11172485351562,67.04723106559368,8483300
2015-08-24,64.0690689086914,65.29638017753305,61.545784043856166,62.96191343836574,12873200
2015-08-25,63.09922409057617,65.69975540324907,62.89324368145327,65.45943728660669,7779000
2015-08-26,64.91016387939453,65.14189761217321,63.476872080357346,64.70418343203598,6505800
2015-08-27,65.98300170898438,66.24048223166945,64.8157680226817,65.12474203070309,7025000
2015-08-28,65.78560638427734,65.92292452937446,65.16765836133591,65.50237911576222,4919000
2015-08-31,65.84567260742188,66.30913354232507,65.2019779558342,65.45087400687484,4559700
2015-09-01,63.51119613647461,64.67842945417411,63.16789106397482,64.2407153230369,6101100
2015-09-02,64.3179702758789,64.54969746426417,63.48545749701251,64.28363910945137,5914400
2015-09-03,64.59259796142578,65.44227285090271,64.41236429080939,64.69558488863575,4783000
2015-09-04,63.579872131347656,63.957501899094694,63.1421579060943,63.751521430505306,5095200
2015-09-08,64.7900161743164,64.99600319543258,64.30080845816755,64.86726294423526,6046300
2015-09-09,64.47242736816406,65.66540701957894,64.3522716153595,65.29635533653709,4959800
2015-09-10,64.63552856445312,65.10757396499599,64.35230787212852,64.49821043302319,4764600
2015-09-11,64.79859924316406,64.82434598326263,64.18923571816066,64.43813178578193,3843600
2015-09-14,64.48963928222656,64.7986133265643,64.18066523788885,64.50680814469115,4452100
2015-09-15,65.65687561035156,65.87144056332657,64.56688853035973,64.76428462021522,5473700
2015-09-16,66.36063385009766,66.52370527397959,65.562452138046,65.62253004979176,4193100
2015-09-17,66.13746643066406,67.28753741705219,65.88857042205768,66.48077149591423,4181800
2015-09-18,65.18479919433594,65.914324927028,64.98740319805425,65.27063037324062,12402900
2015-09-21,65.86283874511719,66.36063087613134,65.502371290797,65.58819593973024,3266300
2015-09-22,64.97883605957031,65.03032954221437,64.3694725056107,64.89301140582977,5047200
2015-09-23,64.91016387939453,65.19339108701276,64.48103412773068,64.80717692971544,3183300
2015-09-24,64.1034164428711,64.39522158578767,63.38247491966273,64.36089041344427,6108900
2015-09-25,64.45529174804688,64.94449943609833,64.12915547201284,64.70418780659948,4478000
2015-09-28,62.94477844238281,64.11201243985518,62.87612262629884,63.906031895596364,5894700
2015-09-29,62.73878860473633,63.09067825755697,62.361158754200055,62.91044448952779,5283000
2015-09-30,63.62278366088867,63.67428369104325,62.91043314843022,63.41680318427426,4912200
2015-10-01,63.41682052612305,64.02618424091044,62.833203559452954,63.648554355184906,4741100
2015-10-02,63.86310958862305,63.86310958862305,62.223830362917596,62.3954796895455,5072400
2015-10-05,66.34346008300781,66.54944052371154,64.40379183471389,64.41237626290992,6480600
2015-10-06,66.00875854492188,66.54945981399902,65.84568710192947,66.29197927748493,3887100
2015-10-07,66.49118041992188,67.0683891392301,66.06042646710371,66.1724201286343,3431800
2015-10-08,66.49118041992188,66.56010262984087,65.56936722380236,66.32749181456019,3298900
2015-10-09,66.62039947509766,67.04253645496725,66.18964557688462,66.72377620408776,2651800
2015-10-12,66.60319519042969,66.61181211259651,66.28444137090113,66.47397422185638,1895100
2015-10-13,65.99150848388672,66.52564578579442,65.95704737672001,66.20688547409051,3247400
2015-10-14,65.62107849121094,66.14659902283523,65.42293528453777,65.8278451931125,3098600
2015-10-15,66.11211395263672,66.49979644865061,65.53490524105969,66.3361078454814,3615800
2015-10-16,66.5170669555664,66.76690519600213,66.00878012256084,66.40507322273159,5613700
2015-10-19,66.33611297607422,66.60317834060906,66.10350871870261,66.29303494892416,4054900
2015-10-20,66.29300689697266,66.46531235987756,66.06040273802773,66.37916291481578,3470800
2015-10-21,65.91399383544922,66.86165153532906,65.77614936932115,66.5859691758588,5833500
2015-10-22,62.45933151245117,63.13130671707752,61.50305708347226,62.941773900842485,23652600
2015-10-23,64.2599105834961,64.46667733892541,62.56274449899739,62.73504355573412,9341300
2015-10-26,63.91527557373047,64.035886158379,63.00207269638371,63.14853404012885,5227700
2015-10-27,63.76020050048828,63.93249944862147,63.51897934398839,63.570667713871636,4099000
2015-10-28,64.13927459716797,64.13927459716797,63.58790994602879,64.05312510282468,7841100
2015-10-29,63.94114685058594,64.58727807329147,63.78607509422515,63.88084153271156,5250200
2015-10-30,63.11406707763672,63.99280219464841,62.94176156356746,63.820503253362446,6310100
2015-11-02,63.69990539550781,63.811899072421234,63.122690024132744,63.26053446290429,4940600
2015-11-03,63.77744674682617,63.984206860676046,63.63960886185476,63.88083009014387,5047900
2015-11-04,63.8119010925293,64.48387632085192,63.699907412070466,64.01866118444745,12872700
2015-11-05,63.69129943847656,64.03590402193979,63.38115597063823,63.88083228802062,4983700
2015-11-06,64.0100326538086,64.44078655707034,63.84634406727859,64.23401995110098,7440800
2015-11-09,63.25193786621094,63.975608256719944,63.08825575855664,63.820536499667064,5622600
2015-11-10,63.20884704589844,63.3897629449486,62.97623619513058,62.99347003663138,4961900
2015-11-11,62.81256103515625,63.406997176515965,62.683333500848335,63.28638656390469,4719500
2015-11-12,62.01133346557617,62.709152670490404,61.87348906457529,62.64884738824822,6112500
2015-11-13,61.339359283447266,62.20948409477732,61.253209808800946,61.761502882946324,4486700
2015-11-16,61.73564529418945,61.73564529418945,60.486455178291315,61.02059232158385,5244600
2015-11-17,61.26184844970703,62.054434413934,61.13262090552556,61.95966798638665,5867700
2015-11-18,62.15780258178711,62.17502984950344,61.27906075421465,61.27906075421465,5817000
2015-11-19,62.66609191894531,62.78670251666262,62.0888831194718,62.11472730858485,4851300
2015-11-20,62.390411376953125,63.191614126023204,62.11472906398196,62.78670429105013,4429600
2015-11-23,62.23533630371094,62.66609030526195,62.17503100640518,62.4248691160389,3251400
2015-11-24,61.709835052490234,61.99413435923679,61.16708720825393,61.91660176982581,4873100
2015-11-25,61.761505126953125,61.85627152434234,61.38243953739627,61.770115473782084,4391300
2015-11-27,61.899349212646484,62.02857672872155,61.53751742586388,61.85627775581113,1547500
2015-11-30,61.71844482421875,62.088893600537745,61.528911975015674,61.89936075133467,5377200
2015-12-01,62.20085906982422,62.40762566937108,61.658111534774896,62.02856014298458,4193500
2015-12-02,61.339359283447266,62.407633801969084,61.2187487043857,62.14917880524654,4146000
2015-12-03,60.667381286621094,61.77011028419522,60.40893287500525,61.52027879146823,6807800
2015-12-04,61.25322341918945,61.434139327981086,60.615709277811575,60.73631988367266,4993400
2015-12-07,60.83108139038086,61.24460155631446,60.45201576095462,61.011997284574875,5926400
2015-12-08,60.2280387878418,60.434798906436164,59.711128632177385,60.34003248275007,7669100
2015-12-09,60.18496322631836,60.99478303557129,59.745592205044325,59.82313136069783,6910700
2015-12-10,60.40032196044922,60.86553703494422,59.96956799215207,60.08156165770711,4783000
2015-12-11,59.32344436645508,60.15910821980574,58.996073676319504,59.47851607710555,9094300
2015-12-14,59.29759216308594,59.80587868482431,58.41024005036718,59.435430013489075,6393000
2015-12-15,60.43479537963867,60.856932514196636,59.952346367358565,60.09019082023439,6247200
2015-12-16,60.91721725463867,61.13259420996102,60.13324855511252,60.91721725463867,5581800
2015-12-17,59.93510818481445,61.132603716808866,59.79727032981991,60.98614894188215,4800000
2015-12-18,58.47056198120117,59.55605754516936,58.212106900569275,59.55605754516936,17898900
2015-12-21,58.927154541015625,59.24590832703243,58.573933069955274,58.711777518989095,4733400
2015-12-22,59.31482696533203,59.55604816377172,58.76346234810282,59.22006055554719,3796800
2015-12-23,60.279727935791016,60.296955207230816,59.39237556896211,59.48714199384537,5278000
2015-12-24,60.44340515136719,60.744931640384266,60.081566791762185,60.081566791762185,1956400
2015-12-28,60.09880447387695,60.391714061133264,59.754199933210465,60.305564569162875,2860700
2015-12-29,60.77939224243164,60.83108061932204,60.40894353822009,60.54678140085596,3838800
2015-12-30,60.44340515136719,60.951691722455344,60.37448293308199,60.744931640384266,2792700
2015-12-31,59.917884826660156,60.58124310346474,59.90065098567148,60.31417772320094,3531300
2016-01-04,58.22932815551758,58.73762134216545,57.52289179060574,58.660082196873205,9248300
2016-01-05,57.33338165283203,58.33272789189512,56.57525012031496,58.03981821635854,10809200
2016-01-06,55.741249084472656,56.71901818459484,55.58549866331041,56.450777313866844,9752200
2016-01-07,55.239376068115234,55.59414009858101,54.58176590216966,54.78077954845286,11323900
2016-01-08,55.05769348144531,55.73261322078162,55.005775562795804,55.533596183013586,10003600
2016-01-11,55.42109298706055,55.55953412030272,54.599074415214545,55.15285545206161,8157100
2016-01-12,55.72395324707031,56.15659262538367,55.03172760114775,56.0700660700316,7560000
2016-01-13,54.382755279541016,55.69798236593684,53.8462835053985,55.074980756754755,11291200
2016-01-14,54.763492584228516,55.161520014894734,53.9674344221196,54.382767823785635,6664000
2016-01-15,54.434688568115234,54.55582707063826,53.21464560577011,53.67324230840058,8643800
2016-01-19,54.2010498046875,55.196121493496136,53.85494035263186,54.86731470838381,7652100
2016-01-20,54.538509368896484,54.979803305492574,53.032926445956235,53.24924609701583,9043800
2016-01-21,54.2010498046875,55.65471808533839,54.08856266490089,54.51255062208067,8992300
2016-01-22,47.64224624633789,50.95626193953037,46.84618812867353,50.52362259101913,43783400
2016-01-25,47.607635498046875,48.25659453705933,46.846189301388215,47.12307822730475,18498300
2016-01-26,47.66820526123047,48.23063775478444,47.555718102364395,47.76338644944204,12844800
2016-01-27,47.17499542236328,48.29985707941549,47.08846557134308,47.91048100176533,11044100
2016-01-28,45.75593185424805,47.38265319456651,45.12427889219208,47.313432625145374,18015000
2016-01-29,46.29241180419922,46.47411954432843,45.90303571765348,46.01552287616145,13981100
2016-02-01,47.33073043823242,47.58166197330043,45.85975645773494,46.214520479433574,9861900
2016-02-02,46.430850982666016,47.06250398414518,46.28375520048057,47.01058937903314,11698400
2016-02-03,46.820228576660156,46.97597899871035,45.71267295388197,46.72504739643213,9729800
2016-02-04,47.05385971069336,47.12308029482136,46.56065108346656,46.794276743854496,6904000
2016-02-05,46.70774459838867,47.46053615555698,46.560648801341124,47.34805229926521,9159600
2016-02-08,45.34059524536133,46.249137020727275,45.19349618225462,46.0674293258092,11830600
2016-02-09,45.53961944580078,45.87707761468241,44.91661771815695,45.21946394644141,8588900
2016-02-10,45.245418548583984,46.231835619279764,45.236763914194924,45.85976555917158,7081900
2016-02-11,44.224395751953125,44.639729140000796,43.49756149767562,44.31957693894295,9214500
2016-02-12,45.56557083129883,45.626140069086986,44.68298626538809,44.89065458121599,6107700
2016-02-16,46.01553726196289,46.2751203005545,45.62616105368677,45.868438116268614,7163800
2016-02-17,46.38758087158203,46.725038958155736,46.119343348543055,46.292399708543186,8638900
2016-02-18,46.85482406616211,47.02787709588693,46.24912855980035,46.292391817231554,8502900
2016-02-19,47.33938980102539,47.61627867953009,46.75100010900895,46.941362450771855,6557000
2016-02-22,48.13545608520508,48.13545608520508,47.33939794694071,47.33939794694071,6537800
2016-02-23,47.68550491333008,48.10948958546805,47.5557118010077,48.04026901279848,5884100
2016-02-24,47.27881622314453,47.47782987999422,46.344317169207926,47.114414498123175,5596400
2016-02-25,47.92778778076172,47.92778778076172,46.98463384377155,47.399967233348455,4385900
2016-02-26,47.91913604736328,48.3690813741902,47.720122339478046,48.20467630623293,5886800
2016-02-29,48.092185974121094,48.58539451002586,47.42592105877454,47.84990572259223,10380500
2016-03-01,49.14783477783203,49.18244672173532,48.12680553812157,48.481569711188655,9160800
2016-03-02,49.424713134765625,49.51989430971204,48.948810560809456,49.2170481174061,7266200
2016-03-03,50.2640380859375,50.341913298289626,49.459328658557574,49.459328658557574,6848000
2016-03-04,50.437095642089844,50.748596498674594,50.021762266902265,50.56688546514932,5410000
2016-03-07,51.05144500732422,51.46677840112115,49.86601407289697,50.18616627838652,9373500
2016-03-08,51.42350387573242,51.91671237927347,50.800502270932924,50.91298940530521,10556900
2016-03-09,51.094703674316406,51.735011328309184,50.63610704559829,51.68309342097698,6469000
2016-03-10,50.83512496948242,51.44947207054431,50.22942920330778,51.30237627202655,6484100
2016-03-11,51.4494743347168,51.83885043730578,51.068752868172304,51.51004358392213,7837300
2016-03-14,51.54463577270508,51.86478786734991,51.06007866398634,51.49271787866459,4253400
2016-03-15,51.25044250488281,51.39754155866851,50.73127675207823,51.36292962827477,3881900
2016-03-16,51.657142639160156,51.83019905133892,50.80916985033835,50.973571626481096,4882600
2016-03-17,51.98593521118164,52.349350606224455,51.32832168571043,51.527335349773246,4609800
2016-03-18,52.97236251831055,53.171376221143795,51.94267876354236,52.18495904154583,8341300
2016-03-21,52.96370315551758,53.11080223625876,52.65220232644303,52.773344105019994,3665600
2016-03-22,52.444541931152344,52.69547354344883,51.838846187972514,52.58298638952691,4783200
2016-03-23,52.46183395385742,52.70411086640857,52.15898451239312,52.52240318199521,3605100
2016-03-24,52.32338333129883,52.36664658901637,51.57058878375863,52.10706374193612,3549900
2016-03-28,52.15898895263672,52.6002828532365,51.7955735528728,52.58297688647027,3261900
2016-03-29,52.435874938964844,52.479141503891555,51.449457992904534,52.01189032919705,4210300
2016-03-30,52.16765213012695,52.781999197451995,52.08112228212443,52.76469322785149,5103200
2016-03-31,53.128108978271484,53.23194148921635,52.158994540199465,52.35800822816711,6310200
2016-04-01,52.86852264404297,53.353079862110185,52.4012746953373,52.76469013330571,4167500
2016-04-04,52.45318603515625,52.83391071878645,52.31474159586594,52.790644149627894,3367300
2016-04-05,52.081119537353516,52.29743919479508,51.63982888851416,52.037856266020405,4640000
2016-04-06,52.063720703125,52.21152860275986,51.66376308726311,52.02894120317951,4112100
2016-04-07,51.1768798828125,51.7507285502171,51.03776515485856,51.68986606403455,4051300
2016-04-08,51.73333740234375,52.394131513152026,51.289910255410874,51.298603474592966,4602800
2016-04-11,51.994178771972656,52.23763203475673,51.54205507452425,51.881147018421366,4033400
2016-04-12,52.759307861328125,52.78539083470367,51.994175246999035,52.1680694752679,4360300
2016-04-13,54.046119689941406,54.280876399922995,52.89842243009134,52.941895157845735,4689700
2016-04-14,54.350433349609375,54.49824460747793,53.880923235616336,54.04612093158087,4017900
2016-04-15,54.02873229980469,54.63736046526964,53.82875508997815,54.480855985099886,4395700
2016-04-18,54.419979095458984,54.454758596681074,53.6722364029631,53.741795405407274,3140100
2016-04-19,55.27207565307617,55.30685516605138,54.550419001003775,54.55911222086912,4798400
2016-04-20,56.53280258178711,56.80234215417557,55.576389173783866,55.750286742020606,8498700
2016-04-21,57.04576873779297,58.549943943897034,56.86318134110751,58.25432814931426,9466700
2016-04-22,57.324012756347656,57.57615921629143,56.55888347457936,56.55888347457936,5946300
2016-04-25,57.12403869628906,57.254460208721696,56.637138792288496,57.07187274472148,4201700
2016-04-26,57.55876541137695,57.758745923096924,57.06316903325938,57.367488068508834,3979600
2016-04-27,57.58485412597656,57.96741543930358,57.237065686441575,57.72396552168291,4539700
2016-04-28,57.245758056640625,57.810913466066076,57.002308128522095,57.15012269931951,3797800
2016-04-29,56.88927459716797,57.20228351481913,56.38498171500638,57.0109995503087,5051200
2016-05-02,57.10664749145508,57.42835297747447,56.671913575300124,57.01970203492671,4330000
2016-05-03,56.38498306274414,56.558880595324936,55.93286274505927,56.54148752531056,4745400
2016-05-04,55.872005462646484,56.298042848440176,55.49813402472172,55.758970397579546,4998000
2016-05-05,55.57637023925781,56.27194700819817,55.463341833547474,56.0458835632658,4037200
2016-05-06,56.08936309814453,56.26325398447233,55.16772614352939,55.437259007391106,3667700
2016-05-09,55.62854766845703,56.150230321841256,55.4459602323129,55.84591792826771,4261100
2016-05-10,56.37628936767578,56.62843582748529,55.63724637589427,55.9415554645931,4042300
2016-05-11,56.158912658691406,56.79362696565809,56.00241484894507,56.18500226049423,4959500
2016-05-12,55.94155502319336,56.8284158932516,55.70680163612669,56.57626943543163,3607800
2016-05-13,55.750282287597656,56.49802518748644,55.68941980195617,55.95025618319965,4524000
2016-05-16,55.7067985534668,55.90677905498623,55.35901012628789,55.66332251250224,4879500
2016-05-17,54.56781005859375,55.73289730780444,54.42000209107611,55.5242268458081,7977600
2016-05-18,55.22858810424805,55.306840329071335,54.367813631191915,54.367813631191915,5316800
2016-05-19,54.550411224365234,55.237288265542105,54.1852330236988,54.82864065498898,4587000
2016-05-20,55.57637023925781,55.76765418239199,54.73298887956478,54.91557628887149,5278200
2016-05-23,55.289459228515625,55.732886360727605,55.26337625507861,55.524215939718395,3074100
2016-05-24,56.40237808227539,56.60235195976455,55.463351274419956,55.463351274419956,3946100
2016-05-25,56.784934997558594,57.17619945391965,56.52409866016353,56.55018163055181,5755900
2016-05-26,56.715389251708984,56.837114216760185,56.47193268809349,56.76755519858433,3593500
2016-05-27,56.96753692626953,57.12404142195354,56.80234252725208,56.85450848130875,3957100
2016-05-31,57.17620849609375,57.315319904668534,56.863199534908794,57.12403591355402,5256000
2016-06-01,57.306617736816406,57.35008714053016,56.67190341428579,57.17619625865127,3816000
2016-06-02,57.74135971069336,57.74135971069336,57.037086282775384,57.263149767879476,3052200
2016-06-03,56.941444396972656,57.22837036317878,56.31542651925486,56.97622390501396,4352000
2016-06-06,57.33270263671875,57.55875946407254,56.950134723485945,56.99361076217591,3915200
2016-06-07,57.28923797607422,57.906559373705605,57.2805414399066,57.515301481837966,3779500
2016-06-08,57.610931396484375,57.88916079387423,57.33270199909452,57.33270199909452,2601100
2016-06-09,57.13274383544922,57.19360633261362,56.42847684918759,57.14144037319118,3883800
2016-06-10,56.48931884765625,56.932749242380154,56.2632553830012,56.7414652825576,3939100
2016-06-13,55.35902404785156,56.41977603242212,55.32424784979324,56.34152709922307,5883400
2016-06-14,53.0984001159668,55.350321928473086,52.49846850726292,55.28945944570994,12323200
2016-06-15,53.40271759033203,54.0461253049144,52.915817682087194,53.44619363935978,5979900
2016-06-16,53.84613037109375,54.002634809194355,52.74190608749761,52.98535596154043,5543600
2016-06-17,53.785282135009766,54.28087854788564,53.57660839007203,53.84614461962563,6521500
2016-06-20,54.1678466796875,55.13295652900056,54.1069841952044,54.47216241885969,4289100
2016-06-21,54.15915298461914,54.32435068151361,53.689639551226506,54.16784620371607,3360600
2016-06-22,53.863529205322266,54.46346077471145,53.80266672654755,54.15914838083788,3462800
2016-06-23,54.993839263916016,55.01122901821578,54.315655430007666,54.63735759266207,3624600
2016-06-24,52.22024154663086,53.64616832494515,52.16807228031813,52.585416460549865,10798700
2016-06-27,50.1422119140625,51.59422502346819,49.84659601384045,51.59422502346819,7567600
2016-06-28,50.34218978881836,50.95951116564827,49.69008890200339,50.64650220929603,8294300
2016-06-29,52.10735321044922,52.168522064339776,50.56064790467546,50.639294050170825,6281100
2016-06-30,53.094791412353516,53.094791412353516,51.39953424858132,52.3170703251928,8535400
2016-07-01,53.033634185791016,53.75892689427229,52.92877375408453,53.09480304874088,4166500
2016-07-05,51.68790817260742,52.771473583653226,51.52187556921551,52.62292160530522,4911800
2016-07-06,51.97627639770508,52.194737547661866,50.901447939931984,51.33837023984557,5484400
2016-07-07,52.26464080810547,52.71904034866801,51.8888874059759,51.976270522700446,5077400
2016-07-08,53.73270797729492,53.828828086873656,52.91129188844622,53.02489262416093,5768400
2016-07-11,54.318172454833984,54.580325130750566,54.0560197789174,54.13466591503759,3414400
2016-07-12,55.05221176147461,55.34058208980631,54.7288901813216,54.7288901813216,4531900
2016-07-13,55.139583587646484,55.358044700645806,54.73761593975624,55.034723186773384,3887600
2016-07-14,55.58525848388672,55.92605736258754,55.41048888793808,55.628950049510685,4417200
2016-07-15,55.733802795410156,56.022173089015375,55.32309813498317,55.88235809820893,3675600
2016-07-18,55.917327880859375,56.03092863347676,55.52409707060938,55.89111027120722,3260000
2016-07-19,56.06587600708008,56.07460965341786,55.48913533731768,55.65516462096113,3840500
2016-07-20,56.345497131347656,56.62512710882983,55.48912657517467,56.17946454046917,8315800
2016-07-21,55.427955627441406,56.2581052165953,54.9473418301807,55.751277151641936,9498600
2016-07-22,56.170719146728516,56.22314767935544,55.375520845184454,55.401738444949885,4063400
2016-07-25,56.214420318603516,56.29306312633427,55.96100460440771,56.10081626267506,3060300
2016-07-26,56.24937438964844,56.40666667058781,55.90857222531159,56.30180292766002,2745900
2016-07-27,56.44160461425781,56.747455477042536,56.1095461540015,56.161974682751584,3168500
2016-07-28,56.616390228271484,56.77368251681963,55.978480761685944,56.24063679823451,3044000
2016-07-29,56.3280143737793,56.57268976144424,56.074598674582234,56.53773518222006,3732700
2016-08-01,56.039642333984375,56.57268798331647,55.89109037712896,56.354226870210006,2913900
2016-08-02,55.46290588378906,56.118289192640695,55.226967492588244,55.89108777883907,2531000
2016-08-03,55.777503967285156,55.943529912401004,55.46291936919511,55.48913364121838,3034500
2016-08-04,55.87362289428711,55.94352872935509,55.49786944712041,55.821194351349284,3680000
2016-08-05,57.254295349121094,57.42032795679338,56.23189876556122,56.3979313732335,4863800
2016-08-08,57.52519607543945,57.89220923582049,57.33294918183823,57.52519607543945,3253700
2016-08-09,57.140689849853516,57.682475825984135,56.94844299810058,57.52518355335939,3701600
2016-08-10,56.572689056396484,57.23681271957048,56.4328774081465,57.175643873416576,2883000
2016-08-11,57.2193489074707,57.376641206451836,56.70377711256935,56.79990055455256,2450100
2016-08-12,57.131954193115234,57.245558251263716,56.808635976919874,56.93971399260399,2103800
2016-08-15,57.35041809082031,57.51645069647241,57.03583350479799,57.03583350479799,3136700
2016-08-16,57.06204605102539,57.385364235235485,57.044565428314264,57.332935700910426,2805600
2016-08-17,57.39411544799805,57.542667434737716,56.87854365055893,57.14944001880203,3054500
2016-08-18,57.35041809082031,57.4814961128138,57.03583350479799,57.25429465248543,2807500
2016-08-19,57.263031005859375,57.394109018789905,56.861063321935866,57.21060246744904,2783200
2016-08-22,57.114479064941406,57.27177134715746,56.76493991924964,57.26303103511638,3230700
2016-08-23,57.39411544799805,57.918420891547434,57.39411544799805,57.43781034617109,3551700
2016-08-24,56.9397087097168,57.778598598595885,56.84358528492713,57.54265685887427,4128200
2016-08-25,56.79989242553711,56.93097043374616,56.59017161254529,56.79989242553711,4243800
2016-08-26,56.616390228271484,57.228078757678205,56.380448461996785,57.03583188646325,3623600
2016-08-29,57.254295349121094,57.472756499466634,56.62513283632632,56.79989908984067,4173800
2016-08-30,57.19312286376953,57.647525761115155,56.88727860607813,57.472752851788066,3775800
2016-08-31,57.30673599243164,57.429073714872594,56.677566753074835,57.210612543812914,4783600
2016-09-01,56.67755126953125,57.359148870329214,56.29305758009484,57.280506070346696,3657700
2016-09-02,56.9659309387207,57.38537260833021,56.67756062404845,56.852326875234894,3131700
2016-09-06,57.46401596069336,57.472749605487806,56.84358716816241,56.939710596136656,3956400
2016-09-07,57.839778900146484,57.84851254638133,57.07079134952686,57.22808365152583,3200700
2016-09-08,57.88345718383789,58.294165161076535,57.7174312641383,57.8048143798072,4078900
2016-09-09,56.904762268066406,57.691217067852826,56.904762268066406,57.446541648638814,5144900
2016-09-12,57.586360931396484,57.75238687322143,56.048392556430734,56.555224028519085,4923200
2016-09-13,56.24064636230469,57.07953648825163,55.96101632032237,56.99215335017704,5620300
2016-09-14,55.47165298461914,56.24063714070918,55.34931527799283,56.24063714070918,5403300
2016-09-15,55.777503967285156,56.07460793942276,55.27940946467412,55.40175051217235,4634300
2016-09-16,55.62894058227539,55.88235628660062,55.19201833348797,55.375524877950156,10475800
2016-09-19,55.97848892211914,56.43289189612463,55.63769002506799,55.891105786166065,3388600
2016-09-20,55.68138122558594,56.485316689969466,55.663903932866376,56.38045293365208,2927600
2016-09-21,56.170719146728516,56.36296598889916,55.68136839713338,55.917306794310456,3849300
2016-09-22,56.4765739440918,56.86980801316389,56.21442456494893,56.23189852346304,3213700
2016-09-23,55.79497528076172,56.65134590538022,55.742546739201124,56.371715905548584,5083900
2016-09-26,55.419227600097656,56.03965651832992,54.9211364028179,55.43670489358414,6946600
2016-09-27,56.170719146728516,56.2930568341273,55.5590307097346,55.86487492823156,3916300
2016-09-28,56.11829376220703,56.362969150730315,55.69010849883912,56.1619819862123,3580100
2016-09-29,55.37553405761719,56.633869142677824,55.01725788755774,56.10956369059908,4132500
2016-09-30,55.96100997924805,56.24938030243372,55.60273382021451,55.733808512474,4307000
2016-10-03,55.76002883911133,55.96975302379604,55.52409038138584,55.77750613228945,2770000
2016-10-04,55.8474006652832,56.25810530473746,55.67263110233672,55.78623181826976,3709400
2016-10-05,56.523658752441406,56.672958292511005,55.93523483808891,56.00549581004699,3345000
2016-10-06,54.39830017089844,55.92644249737064,54.24021636642797,55.821054411132614,7975900
2016-10-07,54.2402229309082,54.68812821452501,53.99431624984941,54.54760963245895,4217400
2016-10-10,54.3631706237793,54.881333437552115,54.33682109072189,54.58273108130631,2522900
2016-10-11,53.44979476928711,54.18751799162891,53.177538613939916,54.038215148300935,3926500
2016-10-12,53.300498962402344,53.61666657803421,53.20389516893877,53.41467134587539,3293800
2016-10-13,53.05459213256836,53.18632975539355,52.25539215132193,52.8965083252689,4220500
2016-10-14,52.82624053955078,53.748393670992364,52.782325773584674,53.58152560086422,4963800
2016-10-17,52.606689453125,53.06337227819377,52.501298016361254,52.93163800757938,3903900
2016-10-18,52.7647819519043,53.19511866380057,52.58913287858387,53.15120723302732,3416600
2016-10-19,53.79232406616211,54.1699684051754,52.931647283130815,53.06338157682984,7888500
2016-10-20,58.648990631103516,59.52723249548171,56.86616071848836,57.38432020225373,25870700
2016-10-21,59.15835952758789,59.360351359777304,58.315248327011965,58.35915639031513,8561200
2016-10-24,58.92124557495117,59.658972251683586,58.90368368523431,59.44819607281172,5174000
2016-10-25,58.613868713378906,59.175943052638964,58.49969966649799,58.78073683612802,3882300
2016-10-26,58.666561126708984,58.90368348959554,58.08691826116914,58.4030858786538,3621800
2016-10-27,58.78074264526367,59.03543365235733,58.341621605541235,58.8422193228066,4751300
2016-10-28,58.35918426513672,59.035434427442844,58.22745331185473,58.97395774909278,4994500
2016-10-31,58.332847595214844,58.692930127503864,58.23624041340347,58.67536153056189,3233400
2016-11-01,58.18353271484375,58.675346092514275,57.72684982135752,58.64021560832999,3761600
2016-11-02,57.48093032836914,57.990312244269695,57.20867748041892,57.753189876773384,3659000
2016-11-03,57.375545501708984,57.75318979045649,57.12085454413936,57.55119120326196,3796500
2016-11-04,57.53364181518555,58.0342395438894,57.112082659219176,57.52485751806289,3429900
2016-11-07,58.842201232910156,59.132022638136256,58.53481793969456,58.710463621402546,4012100
2016-11-08,58.9036865234375,59.07055463583061,58.236220774319314,58.657779852829286,3956000
2016-11-09,60.37035369873047,60.59869849672954,58.89490685861799,58.98273641970171,9319100
2016-11-10,61.57355880737305,61.828249839621854,60.642624255361255,60.80948571062663,9418700
2016-11-11,61.91603088378906,61.99506940912614,61.16952688698261,61.45056392226685,4656100
2016-11-14,63.602294921875,63.83063975709952,62.03024066865333,62.17954692656313,8084100
2016-11-15,63.64620590209961,63.65499019920548,62.56596517356344,63.34760010459922,4431200
2016-11-16,62.95235824584961,63.584693270824204,62.601060265257985,63.18948052998925,4663700
2016-11-17,63.04019546508789,63.23340973356853,62.63620504028892,62.67133551641751,3797400
2016-11-18,62.355167388916016,62.88211112535144,62.153168828048315,62.82063446777486,5430600
2016-11-21,62.82941818237305,62.94358720240426,62.320036338320435,62.62741962336836,3368200
2016-11-22,62.987510681152344,63.128025902123355,62.24100639983046,63.07533353181598,4086200
2016-11-23,64.00627136230469,64.04140184461085,62.80308417047719,63.18072847970038,4661400
2016-11-25,63.98872375488281,64.26976097561054,63.63742555385919,64.08533092767571,1900400
2016-11-28,63.34758377075195,63.9096580324013,63.20706855556649,63.69888185939623,4467700
2016-11-29,62.7855110168457,63.46176102630493,62.69768816768907,63.409061956447836,3814800
2016-11-30,63.26850891113281,63.52319971173112,63.04016427948435,63.23337845238306,4812500
2016-12-01,63.698890686035156,63.90966688824711,63.040209191225,63.62862971847962,4298200
2016-12-02,63.110469818115234,63.81306608896871,62.73282549511105,63.690106046182926,2959100
2016-12-05,63.2597541809082,63.7954822013859,63.22462370574293,63.52322939442127,3929100
2016-12-06,63.505672454833984,63.88331675656203,63.30368056115052,63.64619438126965,3843900
2016-12-07,65.24459838867188,65.62224271324392,63.43542202932684,63.6461982312761,5801500
2016-12-08,65.78910827636719,66.04379254773455,64.98112058282926,65.69250112497085,3415800
2016-12-09,65.6661605834961,65.7891206451259,65.24460811674345,65.72763726408317,2566900
2016-12-12,64.62104797363281,65.60467472542588,64.24340364558235,65.60467472542588,3654900
2016-12-13,64.84938049316406,65.19190100815959,64.20826764049085,64.70008097409816,2892900
2016-12-14,65.0513687133789,66.50925329194442,64.32242642409615,64.57711734566915,5415800
2016-12-15,65.81544494628906,66.51803439067827,65.28849448743037,65.46414687386775,4061600
2016-12-16,65.86815643310547,66.20188601353594,65.49929636518937,66.12284744203478,8200600
2016-12-19,65.47295379638672,65.98232914196656,65.1128713050822,65.58712286168887,3076600
2016-12-20,65.92084503173828,66.3072736714526,65.45537782505784,65.86815265376087,3244900
2016-12-21,66.14918518066406,66.36874567405454,65.5958951494837,65.9647551702706,3244500
2016-12-22,65.49927520751953,66.19308703522013,65.42901425524406,65.86813515628596,2865200
2016-12-23,65.84180450439453,66.07892689868778,65.63980589407046,65.63980589407046,1957500
2016-12-27,65.85057830810547,65.96474733895077,65.68371020879381,65.95596304413075,2049400
2016-12-28,65.31486511230469,66.20188477805547,65.12165078496722,65.89450139386187,2517300
2016-12-29,64.9196548461914,65.58712072266079,64.5507947699013,65.22703824309984,2573700
2016-12-30,65.0601806640625,65.28851880078375,64.84939772184238,64.95478919295245,3378800
2017-01-03,66.175537109375,66.52683526937028,65.63980892298459,65.7715465705397,5853900
2017-01-04,67.26036834716797,67.51614552856039,66.20197931426513,66.3783808509309,4635800
2017-01-05,66.43130493164062,67.18981479647255,65.9903111371584,67.0310567612977,3383000
2017-01-06,66.56360626220703,66.96049799663794,66.20198811076563,66.50186739842819,3089600
2017-01-09,66.90757751464844,67.47204902041834,66.61652000194583,67.15453295729388,4818700
2017-01-10,67.60433959960938,68.79502131502491,67.13688732629315,67.48967692417165,9561400
2017-01-11,67.83370208740234,68.30115466300563,67.11928721293891,67.6220201169508,4500200
2017-01-12,67.80719757080078,67.86893642754391,66.8899297498808,67.76310223257323,4056700
2017-01-13,67.5779037475586,68.46870652910204,67.39268712776146,67.85131779644495,3454300
2017-01-17,67.56024169921875,68.53042661123935,67.44558574574481,68.26583439652318,6450300
2017-01-18,68.34523010253906,68.45107105690977,67.48088586012584,68.01007717391411,5988400
2017-01-19,67.63961029052734,68.6009732474441,67.56904968936944,68.4510370167555,8111400
2017-01-20,67.20745086669922,67.83366796969553,66.49304308058983,67.02223428248683,8465900
2017-01-23,67.00462341308594,67.45443913677819,66.79294819624468,66.96052132543684,4444300
2017-01-24,68.29229736328125,68.49515746381533,67.11043052818972,67.32211238849426,4024300
2017-01-25,67.8160171508789,68.81266058600106,67.38384516756423,68.7950237970829,5278300
2017-01-26,67.85130310058594,68.31875542964298,67.58670414159502,67.86893989097085,3344900
2017-01-27,67.78076171875,68.17766026988546,67.50734765148086,67.91306123579515,3530900
2017-01-30,68.15998840332031,68.19526870846437,67.50731958073067,67.76309674625246,5344500
2017-01-31,67.3662109375,68.13354257732703,67.00459951806296,67.78956794923974,5568100
2017-02-01,67.70136260986328,68.30111438102425,67.54260459017272,67.78073825519326,3916800
2017-02-02,67.48086547851562,67.81601830591256,67.08396706627731,67.23391005527256,3655500
2017-02-03,68.83030700683594,69.16545984265952,67.83366352968082,68.03651689143193,5235800
2017-02-06,68.63629150390625,69.15666781392747,68.33641887669943,68.5480940682003,3229500
2017-02-07,68.54806518554688,69.13017339916188,68.37166365942855,68.84793768640274,2060200
2017-02-08,68.61863708496094,68.74211480904292,67.98360494452145,68.38931842779527,2223100
2017-02-09,68.95378875732422,69.12136854955959,68.50397321076312,68.61863590188464,3031800
2017-02-10,69.2183837890625,69.40360036147102,68.99788690823844,69.23602057875488,2191200
2017-02-13,69.5976333618164,69.83576701409096,69.21837848669006,69.5182509917047,3317100
2017-02-14,70.03862762451172,70.07390120146374,69.38595205738362,69.67700953496531,3511200
2017-02-15,70.20622253417969,70.64721640277257,69.38597366943564,70.37380235753535,5704100
2017-02-16,70.12684631347656,70.20622197926032,69.60647005355324,70.08274423535289,4295000
2017-02-17,70.30325317382812,70.36499205632519,69.58884514364296,69.87108099634864,2690300
2017-02-21,70.5325698852539,70.9559202876609,70.24151227795328,70.4884678008629,3505500
2017-02-22,70.43553924560547,70.53255843228519,70.02100394416162,70.4090806908805,2943000
2017-02-23,70.60311126708984,70.95590092983831,70.35614908252184,70.44435322724044,3339500
2017-02-24,70.34734344482422,70.46199942762445,69.90634957847082,70.34734344482422,3932300
2017-02-27,70.70893096923828,70.83240867167662,70.19737664254798,70.33849786192327,2619400
2017-02-28,70.6119155883789,70.99117047443892,70.35613841135886,70.66483941298922,4415300
2017-03-01,72.2524185180664,72.32297913707,71.45862837685334,71.48509365575295,4746400
2017-03-02,70.64720916748047,72.02311447231976,70.61192885412235,72.02311447231976,4409800
2017-03-03,70.45317840576172,71.14113449688216,70.40026129453416,70.64721678563934,4579600
2017-03-06,70.11801147460938,70.27676950559992,69.75639334272991,70.11801147460938,3670300
2017-03-07,70.18860626220703,70.57667640429206,69.96810926344088,70.35617940552592,4433500
2017-03-08,69.71231079101562,70.88535608359089,69.65057191925021,70.55901820195521,4326800
2017-03-09,69.94161987304688,70.29440953235104,69.50944110104585,69.8446006980288,4573500
2017-03-10,70.01217651367188,70.08273713991298,69.57118269321255,70.01217651367188,3762800
2017-03-13,69.86224365234375,70.15330120307388,69.72994415391805,70.01217994367794,3664300
2017-03-14,70.28559112548828,70.38261029584667,69.52708128215775,69.64173724302172,3321400
2017-03-15,69.87986755371094,70.46197576269729,69.66818572405215,70.42669545775416,4337200
2017-03-16,70.35614013671875,70.64719762760653,70.0209873081099,70.09154792330038,3474800
2017-03-17,69.89749908447266,70.52370930979636,69.6593654553049,70.48842900750677,6672600
2017-03-20,69.54471588134766,70.20620653347657,69.52707909139781,69.80931483381157,3099500
2017-03-21,68.38050079345703,69.79167967455851,68.19528419615918,69.6152848378077,6804000
2017-03-22,68.50398254394531,68.95379815179061,67.9659695125503,68.29230738161957,4877300
2017-03-23,68.65392303466797,69.14784074900435,68.36287219206105,68.41578930362003,4082900
2017-03-24,68.97142791748047,69.53589944552394,68.68037712232437,68.89205226308283,4726800
2017-03-27,68.44222259521484,68.63626090468213,67.62197402366769,68.0982480389883,3835300
2017-03-28,69.35951232910156,69.55355070013675,68.25702770188539,68.36286864854972,4235900
2017-03-29,69.01554870605469,69.97691222486762,68.91852950501425,69.19194358301917,2913600
2017-03-30,69.86224365234375,69.94162604301196,68.87441502366818,68.97143420724488,2924100
2017-03-31,69.7740478515625,70.05628364788265,69.50063381641765,69.6152897955679,5228400
2017-04-03,69.31539916992188,69.83577532986439,68.76857118883271,69.82695357012813,3022700
2017-04-04,69.02435302734375,69.33304734854646,68.9273338508184,69.22720641169201,2563700
2017-04-05,68.86494445800781,69.98966469828511,68.77638492640993,69.59999465126346,2858400
2017-04-06,69.00664520263672,69.34318091541556,68.32472930936247,68.86495128935603,2914800
2017-04-07,68.8738021850586,69.29003945519777,68.51956402521739,68.61698154617167,2203000
2017-04-10,68.62582397460938,69.17490386264234,68.51069726308297,69.0066360286231,2217100
2017-04-11,68.42214965820312,68.69668627173283,67.91735282483488,68.66126110278383,4642300
2017-04-12,67.90846252441406,68.61695205288953,67.81990302251886,68.53724377152402,3055800
2017-04-13,67.12914276123047,68.02360269141217,67.04057648511422,67.59851429535038,3666600
2017-04-17,67.89962768554688,67.93505284970826,66.97859368732856,67.15571950813546,4160800
2017-04-18,67.12028503417969,67.74020842937054,66.89002487739812,67.70478327012273,3845900
2017-04-19,66.90775299072266,67.56310166422085,66.87232782503904,67.47454212834155,5283600
2017-04-20,70.86641693115234,71.09667712313019,68.5992604460145,68.6346856106772,11099300
2017-04-21,70.4855728149414,71.26491256992334,70.39701332187244,70.7424000745008,5837800
2017-04-24,71.2472152709961,71.66345242971978,71.06123825986256,71.41548308154175,3563200
2017-04-25,71.40662384033203,72.08854629242211,71.40662384033203,71.78743583448863,5061300
2017-04-26,71.30921173095703,71.66345657311774,70.98154082620152,71.397778008991,3661600
2017-04-27,71.14093780517578,71.6191672421309,70.91953566343678,71.53060098010957,2922700
2017-04-28,70.18448638916016,70.99924473573927,70.00736735961091,70.79555852742342,5313200
2017-05-01,70.16677856445312,70.39703195604956,69.85681012167836,70.15792058580465,3458100
2017-05-02,70.44131469726562,70.54759017047688,70.09592785515152,70.09592785515152,3334900
2017-05-03,69.81255340576172,70.4147677469812,69.68856869639241,70.16679832824256,3800600
2017-05-04,69.3697280883789,70.33503828637795,69.06861762995695,70.16677723519246,3902200
2017-05-05,69.36085510253906,69.72395781844673,68.97118521359549,69.61768236964674,2936700
2017-05-08,69.21919250488281,69.73284051429165,69.03320869636953,69.52029627741008,2608600
2017-05-09,69.4671630859375,69.73284169738211,69.15719457092942,69.2191936792587,2570600
2017-05-10,69.65311431884766,69.66197229627649,69.20145206317652,69.32543672055179,2396900
2017-05-11,69.00664520263672,69.47601684766002,68.41328884974538,69.25461461837281,3780600
2017-05-12,68.62582397460938,68.90921852015502,68.38671257169794,68.81180101168692,2865800
2017-05-15,69.3697280883789,69.62655541105538,68.61696207731084,68.61696207731084,3327000
2017-05-16,69.1926040649414,69.64426638575283,68.9357767357215,69.60884122758546,2457500
2017-05-17,67.63394165039062,69.1926081621013,67.51880819036465,69.1926081621013,4441600
2017-05-18,67.64279174804688,68.05902892841581,67.27969568552098,67.54537424810273,3545700
2017-05-19,68.01475524902344,68.501836011441,67.57195087046641,67.79335305974492,3283900
2017-05-22,68.1741943359375,68.29817907457866,67.74909897726673,68.1476203862331,2800000
2017-05-23,68.3689956665039,68.56383068074571,68.03246675977825,68.20958581454778,2239600
2017-05-24,68.29814910888672,68.5992528401461,68.12988128456027,68.5992528401461,2091300
2017-05-25,68.58154296875,69.0066313801036,68.42213312532778,68.62581935174266,3185200
2017-05-26,68.59925842285156,68.72324311718471,68.2095883797136,68.342431054116,1858800
2017-05-30,68.2715835571289,68.56383610159793,68.18302402274237,68.40442623703841,2073000
2017-05-31,68.13872528076172,68.28927711549579,67.28854186756934,68.27156116043463,3117100
2017-06-01,69.32545471191406,69.41401423921411,68.1475934045129,68.39556954027537,3553400
2017-06-02,69.51143646240234,69.7328386740034,68.87379701192583,68.87379701192583,3534800
2017-06-05,69.93651580810547,70.14020201281855,69.61769615522975,69.74168082505278,2738600
2017-06-06,69.83025360107422,69.90110392776043,69.33431482758878,69.48486670430272,2878000
2017-06-07,70.68042755126953,70.92839690398135,69.77710965829672,69.88338513374099,4284000
2017-06-08,70.80443572998047,71.02583797648654,70.55646629495931,70.68045101246989,4079800
2017-06-09,71.12322998046875,71.49519075616993,70.60958208797669,71.19408029552211,3849400
2017-06-12,70.99923706054688,71.495182451656,70.91067755534576,71.15864687257175,3352300
2017-06-13,71.3711929321289,71.5040355717877,70.91067943885676,71.02580612301047,3174400
2017-06-14,71.59261322021484,71.66346354687329,70.5121761436392,70.94612257026887,4013100
2017-06-15,71.4686279296875,71.9468574956473,71.05239746653005,71.18523338208084,2773400
2017-06-16,72.13280487060547,72.1593787994465,71.53059086000991,71.61029913322061,5914700
2017-06-19,72.51362609863281,72.56676720649452,71.991120294035,72.23023163111294,3076500
2017-06-20,73.07158660888672,73.33726520445013,72.44280514906303,72.60221500906476,3929100
2017-06-21,72.80590057373047,73.32841329309119,72.61106555148271,73.15128747438453,2683400
2017-06-22,72.84131622314453,73.17784509974203,72.67304840651666,72.71733154457397,2312100
2017-06-23,72.81475067138672,73.23983907694718,72.67305003176098,72.96530253349528,3785300
2017-06-26,73.47008514404297,73.7623375897137,73.00957166691762,73.06270601825518,2491600
2017-06-27,73.57637786865234,73.96604113099377,73.51438552532585,73.55866190961125,2994500
2017-06-28,74.36458587646484,74.63026451198427,73.85978903665173,73.95720656334025,3668500
2017-06-29,74.06344604492188,75.62211909928844,73.64721567143684,75.20588196914588,5092600
2017-06-30,74.60369873046875,74.95794367449945,74.02805154100139,74.47085603187469,3320800
2017-07-03,75.36529541015625,75.93208441048557,75.00219937400364,75.00219937400364,2306900
2017-07-05,75.46308135986328,76.34314131836106,75.3919636224475,75.75643694008278,3501200
2017-07-06,74.4408187866211,75.41866437017151,74.42304273550072,75.26754419807523,3213400
2017-07-07,74.96530151367188,75.2853246811583,74.46748392971325,74.60971946289101,2454600
2017-07-10,74.9386215209961,75.17863546541162,74.64526586947305,74.78749459671423,2147000
2017-07-11,74.81417846679688,74.94751579631466,74.26302597019146,74.87640481462626,2733200
2017-07-12,75.40087890625,75.54311442611173,74.7252737512325,74.92084419996095,4629100
2017-07-13,75.8897933959961,75.94312831668785,75.32974960008532,75.49865255849166,3309400
2017-07-14,75.80977630615234,76.05868161957086,75.19639765368447,75.427526922785,3354700
2017-07-17,75.7564468383789,76.0231282152914,75.36530601364665,75.67643767779202,2190500
2017-07-18,76.02312469482422,76.05868356653154,75.34752647886879,75.52531405524415,2816000
2017-07-19,76.38761138916016,76.43206168210072,75.82757432178647,76.23649124462221,5539700
2017-07-20,75.87200164794922,75.96089543270551,75.14306176148999,75.50753509580012,5386400
2017-07-21,76.08535766601562,76.69873638772468,75.94312894893291,76.26315204007139,3570400
2017-07-24,75.56088256835938,76.15647848559105,74.54747833295671,75.960908057327,5389100
2017-07-25,75.92535400390625,76.53872595235038,75.63199836908053,76.3075966538063,3255200
2017-07-26,75.82756805419922,76.2009260682548,75.71200001497111,75.92535326485596,3038100
2017-07-27,74.53856658935547,75.73864951112034,74.07631488857089,75.72087346892722,6119300
2017-07-28,75.38307189941406,75.64975321639118,74.3341091087865,74.56523156040133,3321200
2017-07-31,75.76535034179688,76.18315191050934,75.41865296681495,75.71200863217359,3079800
2017-08-01,75.77420806884766,76.30757750055159,75.68531429392371,76.20090768350697,3148800
2017-08-02,75.82756805419922,75.88090297558946,75.534212422229,75.69422396856167,3252300
2017-08-03,76.04090881347656,76.34314905488115,75.68532687252421,75.77422066222195,2381800
2017-08-04,76.42317962646484,76.7432027847745,76.307611563531,76.44095567652057,2840200
2017-08-07,76.31649780273438,76.61874489048546,76.16537764994025,76.5387357152538,2089100
2017-08-08,76.39649200439453,77.04542278375078,75.92534880734263,75.94312485270845,2922800
2017-08-09,76.17424774169922,76.4231530488979,75.7742155418491,76.21869124246415,2961000
2017-08-10,75.16974639892578,76.07648084429495,75.16086176593228,75.95202816075998,3755200
2017-08-11,74.92972564697266,75.43642775028428,74.64526142725668,75.34753395327841,3078600
2017-08-14,75.97868347167969,76.15647105338986,75.31196986702425,75.32974591233067,2893600
2017-08-15,77.15210723876953,77.31211879196043,76.34315805814826,76.44094327299615,3774100
2017-08-16,77.6854476928711,78.03213813109501,77.32986584331434,77.33875725464718,3379600
2017-08-17,76.52983856201172,77.89882481435271,76.4942864669774,77.64102804129865,3870400
2017-08-18,75.8986587524414,76.56537222041418,75.74753866075268,76.44091958229873,4271200
2017-08-21,75.82756805419922,76.12980831829319,75.51642959365763,75.96090535767483,2505100
2017-08-22,75.82756805419922,76.20981748254049,75.48087750083876,75.9786881862462,2155300
2017-08-23,75.80977630615234,76.01423811769534,75.29418285283619,75.30307426607574,1960400
2017-08-24,75.88088989257812,76.03200999856972,75.59642572393952,75.9964511297198,2057900
2017-08-25,75.97868347167969,76.41426779438268,75.93423318517138,76.00535093072006,2302100
2017-08-28,75.92535400390625,76.1742593490328,75.74755962727158,76.1475918880781,2105500
2017-08-29,75.93424224853516,76.01425141736753,75.02751462212957,75.33864631833922,2779400
2017-08-30,76.17424774169922,76.21869124246415,75.75643949797532,75.89866819544844,2131700
2017-08-31,76.5387191772461,76.69873071097228,76.18313723761437,76.4498253878785,3792300
2017-09-01,76.57428741455078,76.92986939767059,76.494285028984,76.72540755317398,2262700
2017-09-05,75.83644104003906,76.36981730067808,75.27640410496116,76.20091436599833,3089800
2017-09-06,75.76535034179688,76.30760459602584,75.56088848292679,76.06759064029049,2823300
2017-09-07,75.03639221191406,76.02312204319058,74.74303661718157,75.80088418939222,2905400
2017-09-08,74.8941421508789,75.5697469939153,74.68968038103483,74.83191583521501,3462100
2017-09-11,76.17424774169922,76.5564971155146,75.53420164766779,75.53420164766779,3397500
2017-09-12,76.93876647949219,76.98320999180439,76.28093738850944,76.42317290509902,3333300
2017-09-13,77.01876068115234,77.13432193947112,76.79652279673485,76.82319025771903,2396500
2017-09-14,76.61871337890625,77.1609742050068,76.59204592551771,76.92984497203933,2764900
2017-09-15,77.32988739013672,77.32988739013672,76.51205365579077,76.91207910915345,7791600
2017-09-18,78.1121826171875,78.1121826171875,77.29434195845839,77.40991001160462,3395100
2017-09-19,79.1166763305664,79.32113814118954,78.1210482992105,78.20105745368427,4043800
2017-09-20,78.60997009277344,79.45447118326109,78.46773461782438,79.33890994648553,4251000
2017-09-21,78.60108184814453,78.93888772368379,78.26328275476628,78.62774930523216,2877800
2017-09-22,78.58329772949219,78.85887046729646,78.31660962169686,78.49440395428051,2770100
2017-09-25,78.4144058227539,78.79665521379711,78.08549134789678,78.47663215235809,2863100
2017-09-26,78.84110260009766,78.91221355834425,78.40551152672181,78.64553220505724,2197800
2017-09-27,79.55227661132812,79.77451451084296,79.1433596900803,79.72117958525139,2888900
2017-09-28,80.13009643554688,80.28121657936417,79.32115400875361,79.32115400875361,2458800
2017-09-29,80.41453552246094,80.69010826112672,79.94339240842187,80.04117759610851,2996300
2017-10-02,80.48564910888672,81.04568596956081,80.09450837829277,80.39675533797718,4466400
2017-10-03,81.27684783935547,81.46352686788131,80.53012494308938,80.53012494308938,2912300
2017-10-04,80.90348815917969,81.43685777029035,80.81459435435501,81.42796635515911,3091700
2017-10-05,81.34968566894531,81.76018127476556,81.00164982939636,81.17120487836303,2991000
2017-10-06,81.69769287109375,81.73338221132826,81.28719056661086,81.42997516092564,1891800
2017-10-09,81.8226318359375,82.0635723456368,81.65307682015433,81.7333880539392,1653700
2017-10-10,82.00110626220703,82.40267605016628,81.90294354811127,81.99218052228613,2247200
2017-10-11,82.0635757446289,82.67932246252857,81.9297168744318,81.97433876727916,3051400
2017-10-12,81.75125885009766,82.30453911083234,81.58170379425152,81.76910352570691,3279000
2017-10-13,82.86673736572266,82.92027820028969,81.43892504105023,81.65309518766453,3224200
2017-10-16,82.0635757446289,83.30398811232175,81.03733348424444,83.02735144003405,4294000
2017-10-17,81.8226318359375,82.18850547042082,81.7244691224151,82.04572767424393,2939600
2017-10-18,82.1706771850586,82.3402254263075,81.81372241091738,81.92081088566356,4720200
2017-10-19,82.01004791259766,82.94704653573449,80.35021399921695,80.67147261524845,6512100
2017-10-20,82.1795883178711,83.25045253864825,82.07250666163515,82.8488759027273,4442200
2017-10-23,82.43836975097656,83.07196109963236,82.29559195820987,82.29559195820987,2963100
2017-10-24,83.75911712646484,83.8215837000795,82.39377144006879,82.63471199305508,4481500
2017-10-25,83.4646224975586,84.09821392632529,83.23260089558848,83.88404380592347,4266100
2017-10-26,85.39215087890625,85.42784702402963,83.86617641868516,83.87509534870836,4136800
2017-10-27,85.48139953613281,85.68664388825165,84.80318630265846,85.177985665232,3212200
2017-10-30,84.83888244628906,85.77588766099693,84.63363128584119,85.42785870886989,3096500
2017-10-31,85.2404556274414,85.3207736702522,84.34807226664667,84.75857460395561,3146400
2017-11-01,85.48139953613281,86.17745744043924,85.1690667339882,85.92759119872355,2320000
2017-11-02,85.65097045898438,85.88298526462769,85.12446065897223,85.66881513313166,3013300
2017-11-03,86.05252075195312,86.05252075195312,85.47247025296446,85.91866189705664,2089500
2017-11-06,85.92759704589844,86.32024791436749,85.60633848230465,85.98113787038243,1848300
2017-11-07,85.10659790039062,86.47194326211522,84.93704289446468,86.04359628179756,3200900
2017-11-08,84.89242553710938,85.02628440112474,84.28560458747172,84.86565512597522,2163700
2017-11-09,83.66093444824219,84.47300651995839,83.24151320753992,84.18743732769788,3949800
2017-11-10,83.45568084716797,84.01788666752131,83.33967347247071,83.69662814398913,2714400
2017-11-13,83.7947998046875,83.86619210829026,82.79532797928314,82.99165341001836,2708500
2017-11-14,83.66987609863281,83.69664651341195,82.93812192517224,83.50032106057084,2843700
2017-11-15,83.22367095947266,83.6966330333175,82.81317544616687,83.23258989073219,3236600
2017-11-16,83.49140930175781,83.91975643499562,83.25939446258626,83.48249036756816,2586500
2017-11-17,83.60739135742188,83.6698579144457,82.92025242181569,83.2682813549976,3261200
2017-11-20,83.83942413330078,84.18745314131104,83.5984835925035,83.81265371858392,3456600
2017-11-21,84.24991607666016,84.46408617619247,83.99112408590061,84.25883500822982,2917000
2017-11-22,83.72340393066406,84.51762455142676,83.41999686580843,84.23206215753842,2159100
2017-11-24,83.42000579833984,83.991130647272,83.41108005772819,83.85727177147801,837300
2017-11-27,83.41109466552734,83.88405687559687,83.3129319266435,83.50033166223635,2731300
2017-11-28,85.02628326416016,85.02628326416016,83.50923431452419,83.66986358752578,3536400
2017-11-29,86.20421600341797,86.84673299857967,85.31183280088084,85.6330912984617,4325500
2017-11-30,87.19479370117188,87.89085176365491,86.3916471643276,86.57904688820027,5328300
2017-12-01,87.32862854003906,87.64988706629595,85.5349362364955,87.5249539514565,3445200
2017-12-04,87.98007202148438,88.49765600326988,87.43572443663135,88.00684924124131,4562400
2017-12-05,88.087158203125,89.01523768876105,87.9711508205497,88.52442413104912,3525600
2017-12-06,87.64096069335938,88.1853150362279,87.60526454532851,88.02468577426106,3081300
2017-12-07,87.97116088867188,88.45304876184618,86.98954046924806,87.23940674237281,3026100
2017-12-08,87.94438171386719,88.34595149733539,87.578501272994,88.34595149733539,3850300
2017-12-11,88.345947265625,88.38164341485485,87.66773404694642,87.98899258167079,2984100
2017-12-12,88.67616271972656,88.93495478638027,88.2121194249176,88.23888984416683,3455500
2017-12-13,87.25724029541016,88.62258569123213,87.23939562460907,88.45303748941626,3463900
2017-12-14,86.69503784179688,88.0336127745832,86.69503784179688,87.730198916146,3464600
2017-12-15,87.91761779785156,88.20318024023483,86.9538488100241,87.25725592640508,7891800
2017-12-18,88.9527816772461,89.71130624047846,88.33703492424382,88.51551569746314,3485400
2017-12-19,88.47979736328125,89.58635064647605,88.45302695609533,89.42572139501682,3282600
2017-12-20,87.9086685180664,89.1847767312668,87.86404663595751,88.97952560524655,3091000
2017-12-21,87.89976501464844,88.51551174012198,87.78375762350134,88.39057860862663,2339500
2017-12-22,88.11392211914062,88.3816398233132,87.64096007566725,87.87298163206054,1980300
2017-12-26,87.96221160888672,88.27454436671104,87.56956082285414,88.1674627402247,1575200
2017-12-27,88.46195983886719,88.56904829284501,87.9622273369935,88.25671547917393,2569900
2017-12-28,88.97061920166016,89.15802570056877,88.66721212408392,88.91707837816901,1914900
2017-12-29,88.62258911132812,89.46143164658486,88.57797402843141,89.23833580706719,2056800
2018-01-02,88.29240417480469,88.99738778518527,87.64988712188345,88.99738778518527,2746700
2018-01-03,88.83676147460938,89.02416115321596,88.36379260001826,88.56011801808545,2976400
2018-01-04,90.31438446044922,91.03081266351487,89.47258917906764,89.58004862687149,3122000
2018-01-05,90.52037048339844,90.52037048339844,89.79498496319708,90.31439513016434,2550300
2018-01-08,89.68753051757812,90.62783501135479,89.6606656509512,90.4487313455974,1896500
2018-01-09,90.0188980102539,90.2696527773448,89.79501494962793,89.87561640428505,2978500
2018-01-10,90.64573669433594,90.97707911249734,89.8487138790893,89.90244360476609,2279200
2018-01-11,90.20694732666016,90.84277426878835,89.73230959611027,90.84277426878835,2745400
2018-01-12,90.4218521118164,90.47558183653312,89.49049816665388,90.3233430615919,3231500
2018-01-16,89.85767364501953,91.69351689715434,89.68752721851872,91.35321721178609,3814000
2018-01-17,90.23381042480469,90.44873620172616,88.87259789544513,90.43977896824731,4469700
2018-01-18,89.42782592773438,90.30544346024621,89.17707806130242,90.30544346024621,5290700
2018-01-19,87.78897857666016,88.60391576927873,86.28448492536566,86.87553917482948,12306000
2018-01-22,88.04869079589844,88.06659842657149,86.72330065802197,87.09942922581381,4983600
2018-01-23,87.74422454833984,88.12034633220607,87.26063646949756,87.9054205746206,4375200
2018-01-24,88.92634582519531,89.1144067580742,87.90543971392815,87.98603432843275,4949500
2018-01-25,89.27558898925781,89.6517107967484,88.83677338148506,89.04274875170157,3375200
2018-01-26,89.2218246459961,89.50839452901793,88.61286279052905,89.41884272164204,3668700
2018-01-29,89.02483367919922,89.71439026864995,88.86363765626228,89.32931126009872,3472100
2018-01-30,88.39795684814453,89.64274569633345,88.38004921561199,89.06064856971206,3466500
2018-01-31,89.01587677001953,89.29348948683226,88.20989665240748,88.42482240631519,3202900
2018-02-01,89.55318450927734,89.58900660296494,88.12033492360206,88.61287333898362,2952100
2018-02-02,86.58003234863281,89.27558552924587,86.5442102494458,89.13229713249783,4663300
2018-02-05,82.39791107177734,86.61586647553787,79.35310054173864,85.81884344695877,6421900
2018-02-06,84.34119415283203,84.37701624851955,79.26352994744194,80.3739875842905,7244000
2018-02-07,83.83073425292969,84.94119179714606,83.6516306217987,83.75909006753106,3796800
2018-02-08,79.11129760742188,84.15314739550455,79.05756787105791,83.95612925234694,5814900
2018-02-09,82.1382064819336,82.8546280727768,78.39488197701007,80.12325922806642,8017600
2018-02-12,84.806884765625,85.68450920532605,82.76507272789837,82.90836113942814,7419200
2018-02-13,84.68150329589844,84.90538629474112,83.1232795370161,84.20687243153066,3366700
2018-02-14,86.17704010009766,86.47256044258155,83.88447372738923,84.15313603768335,3446800
2018-02-15,86.47254943847656,87.05464648179453,85.46955818339622,86.92031534374185,3057400
2018-02-16,86.67851257324219,87.30538201952305,86.19492464366928,86.30239090547366,3280700
2018-02-20,87.03675079345703,87.50242439258355,86.41883157305409,86.490475767494,3514700
2018-02-21,87.31436920166016,88.2009439604912,86.64272020780123,86.79495900664121,4431500
2018-02-22,87.18001556396484,87.82479952504173,86.91136013509289,87.39494127353542,4270100
2018-02-23,88.47856903076172,88.51438430018044,87.3591539713258,87.56512251613631,2440600
2018-02-26,91.02186584472656,91.05768794221436,88.63079720443929,89.04274107699928,4953100
2018-02-27,89.17707061767578,91.45172252416234,89.17707061767578,91.03977865907103,5167300
2018-02-28,87.32330322265625,89.87556735441258,87.25165904258746,89.58899746650248,4053700
2018-03-01,85.20091247558594,88.03079682670152,84.65463741834358,87.60093846781513,4369800
2018-03-02,85.61283874511719,85.74716988163985,83.46356105785105,84.7441718056182,3584700
2018-03-05,86.56211853027344,87.12630117933215,84.80686995735816,85.15612685901826,2661400
2018-03-06,86.03375244140625,86.85764017914975,85.20090747127936,86.85764017914975,3221100
2018-03-07,85.648681640625,85.72928307506241,84.43075754975905,85.26360259965463,3594900
2018-03-08,86.49942779541016,86.58002922376355,85.15612987003053,86.01584655475607,3760500
2018-03-09,88.70244598388672,88.75617571671214,86.92033241168637,87.38601287072942,3044300
2018-03-12,87.46660614013672,89.2845349516699,87.29645971132085,88.73825990169424,4020900
2018-03-13,85.40687561035156,87.96809726641972,85.14717055209393,87.86958821561973,4858700
2018-03-14,84.65463256835938,86.12330439249811,84.26059633131898,85.93524350637422,3013800
2018-03-15,84.52925109863281,85.44269741525589,84.14417212836344,85.12925580066286,3213000
2018-03-16,85.6218032836914,86.3203170543863,84.42178701600159,84.67254168068206,5124900
2018-03-19,84.93224334716797,85.50539005725,84.00089617015459,85.46956796084697,2610400
2018-03-20,85.03075408935547,85.65763054028255,84.824785571414,85.3889682281186,2501600
2018-03-21,84.8426742553711,86.21283671019464,84.53819674646137,84.7352148203982,2124000
2018-03-22,81.86058044433594,84.1441828624768,81.60087535382736,83.94716473641053,4113900
2018-03-23,81.0008544921875,82.71132363463089,80.96503923005363,82.22773560743275,5100400
2018-03-26,82.94416809082031,83.27551052531311,81.31430028542,81.82475320160674,2769800
2018-03-27,81.86949920654297,83.94713229535124,81.37696091408358,83.11428761397235,4357300
2018-03-28,82.57698822021484,83.76804717939838,82.03071326396874,82.17400163456173,5509700
2018-03-29,83.53521728515625,84.5113506410784,82.64864258807143,82.73819441454232,4940600
2018-04-02,81.493408203125,83.7770174296757,80.56205414663386,83.40984604724652,4998400
2018-04-03,83.05164337158203,83.22179665351959,81.65461551002025,81.98596484001243,2864500
2018-04-04,83.80389404296875,84.10837167192865,81.56506383343678,81.68148054468011,4619200
2018-04-05,84.6758041381836,85.43986945314423,84.31625205822132,84.6758041381836,2482300
2018-04-06,82.61735534667969,84.3252485535982,81.62856640623127,83.81287921991918,2968900
2018-04-09,82.82405853271484,84.71173378441186,82.66225740496857,83.32743677103028,3109700
2018-04-10,83.59713745117188,84.21737647198782,83.17465619687792,83.96568726296587,4584000
2018-04-11,82.33869171142578,83.42635266390549,82.12295906464082,82.64431924755357,4064900
2018-04-12,83.91173553466797,84.44208644711026,82.75216170036074,83.16565202873134,3137300
2018-04-13,83.62409210205078,84.76569110929388,83.18363604457107,84.61287394574666,2510300
2018-04-16,84.13648223876953,84.67581730056587,83.69602607173788,84.29828344311017,2811500
2018-04-17,84.37019348144531,85.03537313770036,84.1274882549355,84.4600815120716,2651700
2018-04-18,85.52974700927734,85.61064415996687,84.49601776081323,84.53197433601373,4981400
2018-04-19,92.01976013183594,92.5501041782824,89.03543301101153,89.31408789249932,11716900
2018-04-20,90.59950256347656,92.28942035723789,90.22196883157484,91.86693919429378,5614700
2018-04-23,90.43773651123047,90.9321310125076,89.80851338053029,90.59054686325511,3183300
2018-04-24,90.2848892211914,91.42648125069604,89.51184005802513,90.95905952455631,5048900
2018-04-25,88.79273986816406,90.1590624600956,88.00171569147803,89.88939154226227,5129200
2018-04-26,90.09613037109375,90.3478195427826,88.59497248335134,88.8556525134621,3021100
2018-04-27,89.5388412475586,90.1500895057691,88.92759298934807,89.88041853437535,2017000
2018-04-30,88.76578521728516,90.22199601074857,88.74781035426237,89.88940275168117,2567000
2018-05-01,88.61298370361328,88.8287163714576,87.45340946967103,88.8287163714576,2915200
2018-05-02,87.7590103149414,89.32309066236039,87.68710401394657,88.14553497210592,3542000
2018-05-03,87.31856536865234,87.48036656808229,85.8533705712714,87.34553109222114,3572300
2018-05-04,88.40621185302734,88.94554681019666,86.32976918181824,86.60842409045225,2363200
2018-05-07,88.61298370361328,88.98152672542992,88.35230358670987,88.56803625455419,2152100
2018-05-08,89.65569305419922,90.22200071016321,88.4421874254468,88.79275556579712,3199100
2018-05-09,90.33883666992188,90.76131789889465,89.43095191349205,90.08714747598478,2694300
2018-05-10,91.12986755371094,91.57033053361229,90.08715412218567,90.52761024407033,2847600
2018-05-11,91.16583251953125,92.29844093798626,91.030997040998,91.22875482844445,2522100
2018-05-14,91.04898071289062,91.82203015782325,90.88717950678804,91.4085397106761,2234800
2018-05-15,90.5545883178711,90.9950513578542,89.8624428890682,90.62650149068682,3442300
2018-05-16,90.41973114013672,91.0040135275545,90.09613565613719,90.1410762348518,2135200
2018-05-17,90.98603820800781,91.36357198577994,90.1590574972643,90.47366897874107,2876100
2018-05-18,90.77928924560547,91.08491672499673,90.30287659580513,90.72535780842533,2927600
2018-05-21,91.72314453125,92.02876519922955,91.10290547703426,91.30066325420547,2084000
2018-05-22,92.31641387939453,92.80181747719793,91.75910397148547,91.97483661783681,2910700
2018-05-23,91.62427520751953,91.91192104306465,90.70740624984998,91.52539630861173,2553900
2018-05-24,91.69615936279297,91.96582339064383,90.53658552639234,91.40851361827607,2230000
2018-05-25,90.87818908691406,91.36359270757744,90.31188829181554,91.10291260436836,1850800
2018-05-29,87.83991241455078,89.74556308060473,87.17473285326872,89.74556308060473,4377800
2018-05-30,88.98149871826172,89.36802334124947,88.05563916641138,88.85565413012763,3076800
2018-05-31,88.36128234863281,89.31410778765593,87.9118353516571,88.70285959744827,2780300
2018-06-01,88.31632232666016,89.53881853295292,88.2893566079651,89.29611334866553,2711200
2018-06-04,89.3949966430664,89.44893494113965,88.6668947702321,88.81970508907105,2417400
2018-06-05,89.26915740966797,89.35905229252099,88.47813318988491,89.09837221988396,1811500
2018-06-06,90.76131439208984,90.78828011068175,89.50286161301186,89.88938624819976,2872700
2018-06-07,91.2197265625,92.03771618145223,90.68937576642008,91.18376999513747,4245700
2018-06-08,90.78828430175781,91.05795521615765,89.52084060530132,91.04896435687333,3580500
2018-06-11,90.96808624267578,91.39056759513028,90.59954320327002,90.95011137700499,3453000
2018-06-12,90.54558563232422,91.23773091831534,90.10512268322275,91.23773091831534,2426100
2018-06-13,89.9073486328125,90.68039779592372,89.85341720311195,90.67141379631694,3183800
2018-06-14,89.67365264892578,90.87816711947225,89.44892918579257,90.35680703907938,3285500
2018-06-15,88.55902862548828,89.23319908562087,87.47136777276971,89.18825850308863,6741200
2018-06-18,88.51408386230469,88.58599702057957,87.47136364136757,87.95676717269869,3621300
2018-06-19,87.31856536865234,88.02869247403835,86.85114349141983,87.31856536865234,3119600
2018-06-20,86.67134857177734,87.99272370784878,86.61741713210625,87.82193167153538,4495300
2018-06-21,86.860107421875,87.15674402861787,86.07807418702733,86.43763308689603,3350700
2018-06-22,87.39945220947266,88.05564088065837,87.25562590136761,87.5073150825356,7235400
2018-06-25,88.57701110839844,89.9792834829957,85.97920812827063,87.23766103630192,7996700
2018-06-26,88.28036499023438,89.73657550939377,88.15452039872854,89.43993889026606,5166100
2018-06-27,87.15674591064453,89.35903993363607,87.12978019272482,88.4781209528363,3693700
2018-06-28,87.16572570800781,87.59719085600199,86.80616684600275,87.2016822800098,3142300
2018-06-29,88.09160614013672,89.42197218916809,87.7769946326681,88.20845988347749,4698500
2018-07-02,88.990478515625,89.02643508748199,87.33651735829284,87.5522499314199,3148700
2018-07-03,87.94778442382812,89.26915968241545,87.83992153448507,89.26915968241545,2041200
2018-07-05,88.885986328125,88.97619705697592,88.07407600319183,88.72360426313837,2385500
2018-07-06,88.8769760131836,89.3370597441306,88.58829750962906,88.82285094459162,1996600
2018-07-09,90.13090515136719,90.22111586757104,89.38214312986581,89.54452517208735,4991700
2018-07-10,90.13090515136719,90.636090668218,89.82418045711027,90.13090515136719,4675500
2018-07-11,90.48275756835938,90.933818160659,89.90540056082693,89.90540056082693,3469600
2018-07-12,91.24955749511719,91.41193958061892,90.75338809979569,91.1413004772366,3688800
2018-07-13,90.66316986083984,91.24954994791013,89.86930577662386,91.18640174669565,3456500
2018-07-16,90.83457946777344,91.00597780357332,90.27526188520196,90.7533849864888,3264800
2018-07-17,91.24955749511719,91.5292128546775,90.79849691123884,90.91577018529742,3092200
2018-07-18,92.90044403076172,92.98163163494351,91.4931302811973,91.61041044186682,5923800
2018-07-19,90.36546325683594,91.44801263839402,89.5625760788983,90.39252578691335,7171100
2018-07-20,90.3474349975586,91.38487570173662,90.1940760531304,90.32938872019163,3325500
2018-07-23,91.31268310546875,91.4750651507877,90.22111758851675,90.34741397013853,2617900
2018-07-24,91.75472259521484,92.0975260844308,91.26757644782158,91.52919235379038,3155100
2018-07-25,92.58466339111328,92.71998289957395,91.18638015738269,91.32169966584335,2549400
2018-07-26,92.46739196777344,93.05377192751095,92.34109559276982,92.77410976917187,2744000
2018-07-27,93.68524932861328,94.03707591112716,92.62074644539196,92.8011747458067,3815800
2018-07-30,90.97889709472656,93.01769238373925,90.52783661643576,92.67488889798744,4423000
2018-07-31,89.77910614013672,91.29467015542497,89.7069416690385,91.15935747046638,4330400
2018-08-01,89.71592712402344,91.05106917921192,89.46333435530482,90.12188568743842,3315400
2018-08-02,89.96853637695312,90.1489578359679,89.01228337278984,89.21977424503058,2481800
2018-08-03,90.92476654052734,91.02400039036046,89.94145117835451,90.17600454001791,1830400
2018-08-06,91.04207611083984,91.40292599217413,90.57297608295261,90.90675654500961,2004600
2018-08-07,91.9892807006836,92.69293398886619,91.44800946997677,91.55625958653586,1852800
2018-08-08,92.72001647949219,92.8733754327253,91.84495780818544,92.01636303982161,2228900
2018-08-09,92.90943908691406,93.20714066626064,92.26893400817978,92.41327667064006,2435500
2018-08-10,91.63745880126953,92.19676945281638,91.26758586350954,92.09753558574114,2473800
2018-08-13,91.84494018554688,92.2869844473036,91.47507414091471,91.54724547540201,3389200
2018-08-14,92.17874145507812,92.55763069476484,91.86300042200587,91.95321116250675,2327100
2018-08-15,91.5743179321289,91.95320715530411,90.96989154357261,91.62844299754308,2219600
2018-08-16,92.60271453857422,93.04475186569225,91.89906131669429,91.92612384328406,2290400
2018-08-17,92.94551086425781,93.19810360318296,92.07045253109862,92.58466114466364,1950800
2018-08-20,93.66725158691406,93.79354801204128,92.85534108063983,92.93652868994776,2267900
2018-08-21,94.55130004882812,94.94823549228485,93.60407712599326,93.74841290739032,3218400
2018-08-22,95.47148132324219,95.85939368641228,94.28068170091699,94.63250839278774,2761300
2018-08-23,95.0565185546875,95.64289186085698,94.86707391817504,95.20987751529678,1866800
2018-08-24,95.4083251953125,95.93155017910277,95.12866298662871,95.54364473078691,1844000
2018-08-27,96.57207489013672,96.82466771883875,95.87743772856776,96.33752145663982,1972000
2018-08-28,96.77953338623047,96.91485290381966,96.23826219851028,96.58106567811787,2275000
2018-08-29,96.26534271240234,96.8066140012575,95.52560367835146,96.56304433019594,1896200
2018-08-30,95.83230590820312,96.22923442265541,95.5977525478657,96.16608623517644,1868300
2018-08-31,95.6068115234375,95.98570079034292,94.99336880826921,95.1918296985729,2115500
2018-09-04,96.53598022460938,96.77052675361952,95.2459467845026,95.9405769987273,2941800
2018-09-05,95.336181640625,96.7525118416967,94.61448182954256,96.52698151106337,5511800
2018-09-06,95.08356475830078,95.50756277403357,94.31676320433016,95.1737754912436,3623900
2018-09-07,95.69700622558594,95.94057588986219,95.03845480602213,95.30007074625226,2498400
2018-09-10,96.7885513305664,97.2486349126339,96.13000005103306,96.13000005103306,3337000
2018-09-11,97.70873260498047,97.8530752823811,96.04883311069935,96.26534024416262,2795800
2018-09-12,97.32080841064453,98.05153108137891,97.12234757734454,97.7087207056201,4103100
2018-09-13,98.02448272705078,98.5026058122303,97.36593129100497,97.6095009613772,3429600
2018-09-14,98.83636474609375,99.24232328537656,98.18683658935034,98.18683658935034,2999800
2018-09-17,98.51162719726562,99.44983402270907,98.2770806528834,99.42277148932945,2383100
2018-09-18,98.9085464477539,99.11603730728554,98.30412702617468,98.72812499979018,2173200
2018-09-19,99.32353210449219,99.64829625231636,98.98975170113354,99.23332137068276,2365700
2018-09-20,100.23468017578125,100.83007654778248,99.81970527829239,100.00012675280473,2844800
2018-09-21,100.04524993896484,100.59554446273275,99.91895351213016,100.39707668266708,5662900
2018-09-24,99.09801483154297,99.99111291392612,98.64695422067328,99.90090216827991,1871600
2018-09-25,99.11604309082031,99.44982347729336,98.67399881703241,99.44982347729336,1910600
2018-09-26,97.43807983398438,99.33253233769393,97.24863527187705,99.30546981205521,2944200
2018-09-27,97.29375457763672,97.74481510593604,96.83367091163292,97.43809725035848,2121700
2018-09-28,96.06687927246094,97.31181086352129,95.87743465700353,96.7705326677708,3931500
2018-10-01,97.33885192871094,98.322160461022,97.07723602716773,97.25765746420052,3361300
2018-10-02,97.7809066772461,97.85307801796402,96.80661422546757,97.4381031327927,2223100
2018-10-03,97.83502197265625,98.69204107217332,97.65460052151433,98.5567215424983,2505100
2018-10-04,97.5453109741211,98.55027994446687,96.70331013160107,98.00705515420704,2478700
2018-10-05,97.08358001708984,98.20624557765663,96.62183580696606,97.83503768721948,2399800
2018-10-08,96.86627197265625,97.08356740063975,95.58063844073607,96.54033573815853,2723400
2018-10-09,96.56749725341797,96.81194596139237,95.9156248221834,96.24156103780068,2604400
2018-10-10,93.76988220214844,96.88438084708652,93.72461059563213,96.83910924057021,4555600
2018-10-11,91.96817779541016,94.46701281158991,91.94101759637206,93.45299520762485,6069300
2018-10-12,93.25382995605469,94.99215211879995,92.08589281023195,94.43987160238427,4855900
2018-10-15,92.90978240966797,93.76083202097911,92.53857455531019,93.1180152339603,2780900
2018-10-16,94.40364837646484,94.58472790488885,92.97315809304257,93.31719883583162,3121000
2018-10-17,94.46702575683594,95.32713798660923,94.08676910324074,94.45797696090116,3792400
2018-10-18,93.10897827148438,94.84730756480118,92.61102500763958,94.63906779111686,4538200
2018-10-19,96.63086700439453,97.37327568950637,94.21350574621577,94.21350574621577,5726300
2018-10-22,94.62094116210938,96.83911179026407,94.56661385136394,96.52223125873876,5003100
2018-10-23,94.50324249267578,94.62999471165364,92.20358423661237,92.71965572349374,4223800
2018-10-24,92.2035903930664,95.01931341653977,91.90482123265708,94.54852041568392,4056700
2018-10-25,93.79706573486328,94.31313040312324,92.16739110705876,92.783047808446,3378900
2018-10-26,91.66940307617188,92.94598770867343,90.66443425281273,92.83734000352108,5395700
2018-10-29,91.61507415771484,93.48014802412332,90.57388952946178,92.77395527499687,4238700
2018-10-30,92.42088317871094,92.70154783030348,90.90890528968036,91.98629919183004,3778200
2018-10-31,93.0093765258789,93.8966420630924,92.84640839960815,93.30814566781035,4511300
2018-11-01,94.19540405273438,94.40363685065154,93.27191583921558,93.48921124679464,2786800
2018-11-02,93.89663696289062,95.10984559422543,93.15422818520008,95.0011978801204,4322200
2018-11-05,95.25470733642578,95.42673116597479,93.97812943878758,94.19541797099619,2697700
2018-11-06,95.04647064208984,95.66212721453968,94.49419017676819,95.04647064208984,2856000
2018-11-07,97.156005859375,97.30992520254351,94.97405083186077,95.72551541666994,3606900
2018-11-08,98.2333755493164,98.35107203793748,96.90247064635527,96.90247064635527,2896700
2018-11-09,98.03422546386719,98.98487412543196,97.19222453454597,98.12476178699747,4444000
2018-11-12,96.4135971069336,98.17908644373925,96.24158016989561,97.9255819828593,3154600
2018-11-13,97.6539535522461,97.9617783844399,96.39548020655477,96.55844832579784,3021800
2018-11-14,97.57245635986328,98.98484888902217,96.77572724897443,98.33297647671452,4978100
2018-11-15,99.22930908203125,99.31984539256447,96.27777838779974,96.58561013258596,3742600
2018-11-16,99.1025619506836,99.93550710229151,98.30583270664273,98.30583270664273,3486200
2018-11-19,98.00706481933594,99.60957914475871,97.25560021650597,99.50093832047973,3161200
2018-11-20,96.05140686035156,97.69014331743557,95.48102204936312,97.37326286688644,3779000
2018-11-21,96.4226303100586,97.48191952045914,96.08763840351037,96.30493381139527,2791000
2018-11-23,95.73455810546875,96.37737492011298,95.34524573519373,95.86131032765336,938800
2018-11-26,99.3017349243164,99.34700653060057,96.72141223809807,97.01113255887562,4488500
2018-11-27,99.6910629272461,99.91740717930006,98.44164514260044,99.13878239963614,2837900
2018-11-28,102.20799255371094,102.47055267041783,99.89023001654273,99.89023001654273,3995900
2018-11-29,100.77751159667969,101.63762389062963,100.02605393683245,101.40222393668267,4249500
2018-11-30,101.64663696289062,101.80960504181185,99.9264267945261,99.9264267945261,3949500
2018-12-03,101.7281494140625,103.71092704281246,101.4022131762549,103.20391127984642,3399400
2018-12-04,97.45477294921875,101.54708057277807,97.3642366370114,101.27546472867819,5238400
2018-12-06,98.00706481933594,98.13381705264717,94.86540537766733,95.64403018656705,7455200
2018-12-07,96.58560180664062,99.24741193322382,95.7526567695728,97.96177156755803,4419400
2018-12-10,95.7798080444336,96.62180870555588,93.70649444000396,95.91561593961005,4110000
2018-12-11,95.42672729492188,97.78976157270075,94.62094240100254,97.22842540416512,3132200
2018-12-12,97.30992889404297,98.44165021259936,96.42265634100411,97.1197936339442,4183800
2018-12-13,96.60369873046875,98.10662748634938,96.26871374588751,97.57245159941806,3542600
2018-12-14,95.69835662841797,96.37738945286033,95.00121930128128,95.76173274906677,5245400
2018-12-17,91.6060562133789,95.48106913675213,91.24390398809149,95.48106913675213,7345500
2018-12-18,91.46118927001953,92.86452650221948,90.96323602220713,92.33035734243326,5220800
2018-12-19,89.424072265625,92.34844265567824,88.90800771531883,90.32040035890213,6195600
2018-12-20,86.70793914794922,89.51461294980494,86.24620192110847,88.64545199004449,7110500
2018-12-21,82.68807983398438,87.48657360183527,82.52511170405869,86.19188426616955,11005300
2018-12-24,81.03121185302734,82.88723678695293,81.03121185302734,82.15387698818276,3190900
2018-12-26,84.96055603027344,85.00582763349534,80.62380721470684,81.34810451391948,5383700
2018-12-27,85.7210693359375,85.7210693359375,82.6246825676232,83.62059559218626,4226600
2018-12-28,85.48567199707031,86.59928845084296,85.06014381479521,86.3729442609074,3225100
2018-12-31,86.30052185058594,86.56308196837112,85.37704049447703,86.12849803712871,2821100
2019-01-02,86.62647247314453,87.16064159271522,84.89719907084948,85.02395820695409,4175400
2019-01-03,84.9355697631836,86.52646397917492,84.75375605565536,86.171922394471,4776600
2019-01-04,88.76280975341797,89.40825745983027,86.27192578550665,86.69919564619828,4637200
2019-01-07,89.24459838867188,89.92641004233326,88.19915246590838,88.88096411956977,3289000
2019-01-08,89.68098449707031,90.47188178455339,88.65371689636443,89.71734862712393,3227200
2019-01-09,89.8446044921875,90.53550203967146,89.22642825682202,89.76278347940146,2954500
2019-01-10,89.32642364501953,89.69914376017165,88.92642523639539,89.49914455585959,3523800
2019-01-11,89.5900650024414,89.70824320663424,88.50825482712708,88.98097457964604,2770600
2019-01-14,89.4900894165039,90.02644479768819,88.74464199481166,88.87191299833842,4120500
2019-01-15,89.08098602294922,89.88098300605897,88.85371541379277,89.64461963052668,5795100
2019-01-16,90.37187194824219,90.87186303617008,89.55369651665882,89.9446021708738,4701900
2019-01-17,90.4446029663086,91.12641474318305,89.60824885125548,90.37188164794385,5693300
2019-01-18,91.34461212158203,91.64460407367164,87.60828251340709,89.26281237637453,9872500
2019-01-22,90.75370788574219,91.52642662568832,89.96280361172727,90.77188648406191,4699800
2019-01-23,90.64461517333984,91.08097782473548,89.5082620492095,90.84461443290664,3585100
2019-01-24,90.65367889404297,91.39912602719417,90.34458733672588,90.62640753752169,3415900
2019-01-25,91.60823822021484,92.353685574451,90.99006185798861,91.29915350697617,3488300
2019-01-28,91.25371551513672,91.28099382114667,90.4355466643466,90.9537235065305,3185400
2019-01-29,91.78095245361328,92.19912949881478,91.39913953439643,91.7627738584949,2827400
2019-01-30,93.33550262451172,93.49913775897916,91.39915931310482,91.89915054815857,3501500
2019-01-31,93.36274719238281,93.54456780946254,92.45366491422622,92.72639237197214,4302100
2019-02-01,93.69003295898438,94.11730281054247,93.09913492844505,93.09913492844505,4727800
2019-02-04,94.01729583740234,94.05365996402665,93.19912032772535,93.67184703809338,2578300
2019-02-05,94.45366668701172,94.70820865990947,94.00821823444063,94.20821054475418,2231200
2019-02-06,95.41728973388672,95.52638212088516,94.02639474446156,94.40820769533347,3595700
2019-02-07,94.89909362792969,95.25363514349131,94.19001059680645,94.59909482684,3857300
2019-02-08,95.01728057861328,95.01728057861328,94.02638418372821,94.29911165271827,2581900
2019-02-11,95.82637786865234,95.96273467828283,95.28092288713759,95.40819386662484,2653800
2019-02-12,97.27181243896484,97.66271813086911,96.5990934351347,96.60817926498859,3238600
2019-02-13,97.78091430664062,98.60818273471003,97.36273717684429,97.77182847511735,3182100
2019-02-14,96.92637634277344,97.59909543477208,96.58092056210609,97.2718251876919,2385900
2019-02-15,97.61727142333984,98.26271913345407,97.38091497901544,97.57182146208456,3882300
2019-02-19,96.8172836303711,97.48091688914445,96.78091949906513,97.31728176614205,3692800
2019-02-20,97.07181549072266,97.43544983011219,96.81727353387443,96.88090902308649,3840800
2019-02-21,96.91727447509766,97.2263591595665,96.65363974883105,97.03545268932135,2566500
2019-02-22,97.67181396484375,97.77181358236177,97.14454451533925,97.25363689874479,2256400
2019-02-25,97.20818328857422,98.95361986753147,97.05364094200735,98.36271490835107,3333500
2019-02-26,97.21730041503906,97.83547689195483,96.74457355494161,96.97184421651727,2548100
2019-02-27,97.65364837646484,97.84455488460144,96.90820094365785,97.14456435476727,2393500
2019-02-28,97.94454956054688,98.58999732271413,97.34455869904954,97.47182969802623,3295800
2019-03-01,98.99906158447266,99.68087329382061,98.36269982763281,98.54452044490735,2682000
2019-03-04,99.08999633789062,100.08089297210985,97.96273593624002,99.59908033816845,4053200
2019-03-05,98.95362091064453,99.38089076156746,98.47180833347564,99.117256025131,2685700
2019-03-06,99.0718002319336,99.49906312195121,98.95361508436123,99.02634333890605,2616000
2019-03-07,98.05362701416016,98.75361740183074,97.63544994758773,98.6899819120425,3048200
2019-03-08,98.16270446777344,98.24451854116569,96.98089476773964,97.0808943701616,2077100
2019-03-11,99.59906005859375,99.8081520508481,98.82634144814998,99.0990689274821,3289200
2019-03-12,100.38996124267578,101.16267983035608,99.76269222013936,99.76269222013936,3917500
2019-03-13,101.94450378417969,102.05359617333279,100.08088201670182,100.16270304250378,4234100
2019-03-14,102.13540649414062,102.52631220449406,101.7081366554115,102.17177062251633,3538200
2019-03-15,103.19902801513672,103.4262986085715,102.29903840714445,102.46267351184741,4780400
2019-03-18,103.22631072998047,103.86266564453163,102.87176914390933,103.40812443820982,2918000
2019-03-19,102.42631530761719,103.83539584269501,102.14450197490102,103.83539584269501,3331300
2019-03-20,100.69905853271484,102.23541007126344,100.54451618294625,102.05359635809435,3309300
2019-03-21,101.65357971191406,101.98084988577013,99.82632239717559,99.9626861255735,3111000
2019-03-22,99.50816345214844,101.19905735223996,99.08089359390239,101.17178598864956,3737400
2019-03-25,99.12635040283203,100.06270420926832,98.35363171354227,99.34452824711121,3596200
2019-03-26,99.5445327758789,100.36270840502223,99.13544842918174,99.98998125451011,2844500
2019-03-27,99.0718002319336,99.99906120226177,98.48089530131607,99.70815511983056,3346600
2019-03-28,99.23543548583984,99.8899689704821,98.6263450227972,99.4717919098434,2693300
2019-03-29,99.36270904541016,100.35360553176342,99.21725253232255,100.18087765640895,4891000
2019-04-01,101.54452514648438,101.85361684164252,100.07181575159825,100.26272226812978,5125100
2019-04-02,100.90812683105469,101.32630382166852,100.33540752699058,101.09903326574272,3568900
2019-04-03,100.50814819335938,101.81722907229982,100.31724172113861,101.65359396243227,3719700
2019-04-04,100.46253967285156,100.80008642377882,99.89691082275868,100.65412195426184,3619600
2019-04-05,101.2288818359375,101.45695700417645,100.75448854853327,100.79098141068772,4553700
2019-04-08,100.99166107177734,101.12850753681289,100.28006780595295,100.91868232268536,4776600
2019-04-09,100.21619415283203,100.63585148737899,99.88776546313451,100.36216555283069,2869300
2019-04-10,100.49903869628906,100.79097461353524,99.91515990149541,100.79097461353524,2650100
2019-04-11,100.21619415283203,101.11025157707516,99.82390471570996,100.8183157373773,2320600
2019-04-12,101.1832504272461,101.76712218252406,100.76358607785846,101.10113976400056,2316900
2019-04-15,100.8365478515625,101.23796219814417,100.58110488930095,101.19234440046945,2285000
2019-04-16,102.06819915771484,102.2050456539003,101.21064123820301,101.34748077408655,2523400
2019-04-17,101.95870208740234,102.6338024837447,101.49342690059198,102.46046316780942,3799900
2019-04-18,103.7011947631836,104.12997710603742,101.5572900092149,102.4057297411617,6186800
2019-04-22,102.47871398925781,103.45487521873417,102.38748533385167,102.72503205488445,3174400
2019-04-23,103.97489166259766,104.0387524207604,102.0864298594415,102.35099784620162,3342800
2019-04-24,104.0205078125,104.33069362530951,103.47312886317255,103.78331467598206,2318400
2019-04-25,105.7173843383789,106.28301318032582,104.68648723126513,105.12439455411126,4595200
2019-04-26,107.28654479980469,107.40514832756855,105.9180939555207,106.36511928243587,2990600
2019-04-29,106.52021789550781,107.37777570952112,106.32863560853778,106.95811827706757,3096200
2019-04-30,106.9489974975586,107.0584691099472,105.91809341222663,106.7847831186748,2387900
2019-05-01,106.75740051269531,107.64233310359488,106.67529680935843,107.16793991028088,2450500
2019-05-02,106.96725463867188,107.33217630242066,106.44724352992793,106.7391794688666,2538700
2019-05-03,108.88304901123047,109.16586686216478,107.31389124325779,107.56934119642737,2856200
2019-05-06,108.8739242553711,109.12024925629791,106.78476250549284,106.97634475049173,2924500
2019-05-07,107.85218048095703,108.93782044676723,107.3321694056272,107.98902696610728,6282300
2019-05-08,107.18619537353516,107.75182425033815,106.5749556429859,107.49638119639525,4037500
2019-05-09,106.97635650634766,107.00372440716937,105.26122714498392,105.96370241414256,3219600
2019-05-10,108.07112121582031,108.49990358359638,106.01844499925035,106.61144174276404,2435100
2019-05-13,105.73562622070312,106.63880174015691,105.48018320189198,106.21001940416666,3710600
2019-05-14,106.748291015625,107.40514853580295,105.61703330407364,105.80862254770966,2460700
2019-05-15,107.34130096435547,107.8613120716764,105.73564982443577,105.99109290027035,2711400
2019-05-16,109.33008575439453,109.79536094625776,107.441624046597,107.441624046597,4143500
2019-05-17,108.62763977050781,109.10203305319585,108.11675362602813,108.19885734483307,5273600
2019-05-20,109.33008575439453,109.76799304561291,108.21708501980248,108.4086672846167,2765600
2019-05-21,109.97782897949219,110.09642553977653,108.87393924018967,109.9048432684093,3369100
2019-05-22,109.48519897460938,110.27889605665831,108.96518790142854,109.80450279843949,2941100
2019-05-23,108.04377746582031,108.92871030176697,107.51464136345807,108.81010675037064,3290200
2019-05-24,109.02904510498047,109.1385167208315,107.95253013387163,108.75535214475067,2240100
2019-05-28,107.80654907226562,109.58553923429967,107.80654907226562,108.89218890118536,2550300
2019-05-29,106.748291015625,107.47812729114422,105.86335835429085,107.38689862674194,2553900
2019-05-30,106.50196075439453,107.02197177237508,105.92721393251095,106.9307431124365,1882400
2019-05-31,104.65001678466797,105.80864261929783,104.5131702819547,105.61705333931788,2969100
2019-06-03,104.5678939819336,105.76300550296965,103.90191150239153,104.51315121465416,2968500
2019-06-04,106.60231018066406,106.73915664534637,105.1243878509361,105.56228818555908,3043200
2019-06-05,107.76094818115234,107.87041979734401,106.74829396957256,106.90338339937819,2568100
2019-06-06,108.9560317993164,109.14761403884721,107.78828845724331,108.03460649084025,2209300
2019-06-07,110.48870849609375,110.71678360950155,109.07464000884542,109.35745788247515,2481800
2019-06-10,111.90279388427734,112.62350522643257,110.76241814500483,110.93575052436948,3453700
2019-06-11,112.42279815673828,113.80036695520775,112.28595168422588,112.71473404995771,3303800
2019-06-12,111.3280258178711,112.38629770950409,110.92661138169304,112.13997268355837,2685700
2019-06-13,111.1729507446289,111.93927990128616,110.77153625668397,111.38277598310837,2343900
2019-06-14,111.30066680908203,111.8571706999515,110.33363045590593,111.3097917634424,2483800
2019-06-17,110.79890441894531,111.51962272384323,110.66206489800996,111.51962272384323,2094200
2019-06-18,112.60525512695312,114.08318449691347,111.4922473624485,112.03962629048172,2729200
2019-06-19,113.74563598632812,113.9645861754764,112.83333541119245,113.3442215059721,2951700
2019-06-20,113.96456909179688,115.31477680312936,113.55403667864644,114.66704432711647,3303200
2019-06-21,113.79122924804688,115.23265855593522,113.63613289390803,114.22000457919687,5703800
2019-06-24,113.25299835205078,114.4207420314053,113.13440177721992,114.01933449181553,2680900
2019-06-25,112.35892486572266,113.6452648591463,112.24944630786322,113.37157194464768,2387800
2019-06-26,112.7512435913086,113.12529023059675,112.24035741111229,112.37720391232263,1902500
2019-06-27,113.07054138183594,113.49932378806632,112.72386269068726,112.84246622620712,1504300
2019-06-28,112.61437225341797,113.6270263320258,112.39541512918369,113.3898262609221,4338900
2019-07-01,113.96456909179688,115.31477680312936,113.62702238418873,114.31124771297277,4008800
2019-07-02,114.1287841796875,114.33861634438979,113.6726339575782,113.83684831594954,4076100
2019-07-03,115.18123626708984,115.35511769080514,114.33929660437968,114.58638501201945,3714300
2019-07-05,114.76025390625,115.48322603183946,113.76273292919761,115.4283120723065,3731500
2019-07-08,114.25691223144531,114.60467502738983,114.06473083571827,114.38503316193001,3332000
2019-07-09,115.21783447265625,115.34595541234877,113.6437692340708,113.72612970298705,2237100
2019-07-10,116.12384033203125,117.52402422997338,115.94995891289116,115.94995891289116,2733800
2019-07-11,116.48074340820312,116.85595971729028,115.71201777309899,116.20620153083773,2928100
2019-07-12,117.10305786132812,117.13966484444019,116.10554375427989,116.7278485030487,1639400
2019-07-15,117.66128540039062,117.76193887400694,116.92000636040932,117.36842959452474,2355700
2019-07-16,117.19456481933594,118.36596028059496,116.95662991643924,118.25614631989423,2734000
2019-07-17,116.29771423339844,117.72535153006238,116.23365376449858,117.1579608003972,2248900
2019-07-18,117.50569915771484,118.13715728195227,115.91334106786427,115.94079455464558,3524500
2019-07-19,114.22946166992188,117.1396501321758,113.29600815504068,116.04146870501354,7819000
2019-07-22,115.3093490600586,115.31850255067721,114.11964663407223,114.1654071050977,4839700
2019-07-23,117.32269287109375,118.03651158717547,115.63881353901051,115.65711353954701,4055100
2019-07-24,117.09391021728516,117.3410056201136,116.0323355822966,116.87427528971313,3628300
2019-07-25,116.36177062988281,117.31353112170498,115.76691944973555,116.96576831807604,2663500
2019-07-26,116.02315521240234,116.73697379819826,115.58388545902032,116.30685055238102,4236200
2019-07-29,116.39837646484375,116.64546483893483,115.80352529053994,116.1421346007294,1829500
2019-07-30,115.73946380615234,116.14213357882741,115.58388938746135,115.83097775937838,1575400
2019-07-31,113.81763458251953,115.8492693318244,113.1312695101409,115.79436236029541,3221000
2019-08-01,113.56138610839844,115.42829994888945,113.03974893106026,113.2685372892273,4489800
2019-08-02,113.76274108886719,114.31183883117721,112.63710607768087,113.40583174560636,3268800
2019-08-05,110.47734069824219,112.63710369394661,109.96485693047084,112.06970596386573,5876200
2019-08-06,112.15206909179688,112.42661096448782,110.61461086569844,110.78848529044915,3497000
2019-08-07,113.05809783935547,113.34179327443498,110.01978759536638,110.6603924429876,3170800
2019-08-08,114.65959930419922,115.03480866235932,113.20450139974697,113.34177584085653,2976100
2019-08-09,115.46491241455078,115.98654961669348,114.13794266690947,114.92497521499382,2138300
2019-08-12,113.43327331542969,115.04394542733087,113.29600587634565,114.38503379145915,2918000
2019-08-13,115.60218811035156,115.76691601716855,112.11545556180342,113.35091137189735,3175700
2019-08-14,112.24356842041016,114.69617986662564,111.7676847317943,113.799326442429,5626300
2019-08-15,111.99647521972656,112.5638728647841,110.86168691167813,112.24357055792365,3031700
2019-08-16,114.0555648803711,114.16538580109838,112.28017204537753,113.0214440596044,2343400
2019-08-19,113.84510803222656,115.44662681528663,113.79019406900126,115.4008663429435,3286700
2019-08-20,111.1179428100586,113.27770575526854,111.04472885006936,113.14043132580561,3641600
2019-08-21,112.10629272460938,112.61877639994634,111.63956253053242,112.10629272460938,2948300
2019-08-22,111.89582824707031,113.21365167295403,111.43825144442378,112.84758883442322,2322100
2019-08-23,107.76847076416016,111.69447984921763,107.1278591686156,111.64871938451208,4800400
2019-08-26,108.47315979003906,108.8483761336864,107.42073170803322,108.29013185493724,3170600
2019-08-27,107.75932312011719,109.21441381340432,106.93568358520608,108.9856254415994,3145800
2019-08-28,108.98563385009766,109.18696874995017,107.04551277602992,107.10041975523785,2327400
2019-08-29,110.4956283569336,110.91659811659657,109.78180976524128,110.23938650166629,1901300
2019-08-30,110.15705108642578,111.3376001726666,109.65371376908992,111.16371873902902,2366200
2019-09-03,107.6220703125,110.0746824300471,107.54885634312406,109.69031956392597,3198700
2019-09-04,108.35417938232422,108.6561817230149,107.80508866056584,108.37247938082031,3746900
2019-09-05,110.43156433105469,111.31011079880443,109.36083647805343,109.36083647805343,5261100
2019-09-06,109.99229431152344,110.90744775255233,109.81841292346662,110.86168728767421,4552400
2019-09-09,109.7452163696289,111.10880024000934,109.37915353877463,110.92576533354833,5336000
2019-09-10,107.35664367675781,109.46149930050538,106.43234376504986,109.45234581147932,6196100
2019-09-11,107.98809814453125,108.07961208552864,106.84415642689851,107.18276568886161,3674400
2019-09-12,108.92155456542969,110.21192421046067,108.70191970446969,108.90325456954399,3733500
2019-09-13,109.08631134033203,109.79098355467387,108.25352515673589,109.12291832386248,3941100
2019-09-16,107.65866088867188,108.39078650670953,106.78011433626708,108.11623765442857,4280600
2019-09-17,108.94904327392578,109.02225025851146,107.53055234379735,107.89661519499839,3054700
2019-09-18,108.66532135009766,108.72023530624325,107.50307951234144,108.528046932834,2844500
2019-09-19,107.79594421386719,109.37915604412913,107.62206279426337,108.5463698923766,1975800
2019-09-20,106.88994598388672,108.20776245350446,106.49642964662321,107.83255309866328,5301500
2019-09-23,108.20775604248047,108.3724839641815,106.2493279634058,106.48726984632232,5089400
2019-09-24,108.14369201660156,110.0014525834461,107.5488408199004,108.80260368174329,5128400
2019-09-25,109.0130844116211,109.30593324422043,107.12786350607517,107.85998907860696,2742900
2019-09-26,108.82091522216797,109.84588276016443,108.75684776897549,109.18697106741374,3411200
2019-09-27,108.52806091308594,109.470674975952,107.96982364655263,109.02224468965419,2909200
2019-09-30,108.24434661865234,109.12289307389153,108.11622569697579,108.94901866993997,2345800
2019-10-01,106.79841613769531,109.36084886201726,106.71605566986106,108.62872323162028,2841300
2019-10-02,103.28421783447266,105.98391769062638,103.18355039747077,105.93816420784975,4908800
2019-10-03,103.39448547363281,103.77112987789185,102.02568629867643,103.07295104445126,3529300
2019-10-04,105.1031723022461,105.21340625971045,103.44040435318698,103.49552834069061,2728200
2019-10-07,104.40498352050781,105.32363712472034,104.35904803678886,104.64383542005888,2556000
2019-10-08,103.38529205322266,104.40499825854417,102.93515368607183,103.65170247710385,3757300
2019-10-09,104.65302276611328,105.43387697163595,104.01915650969995,104.03752649895303,2365600
2019-10-10,105.66353607177734,106.37090328263791,104.66220699224155,105.47061965302561,2384300
2019-10-11,106.93128967285156,108.00611279553324,106.73837324125009,107.243628559605,2860400
2019-10-14,106.9220962524414,107.48247553172732,106.50870491928934,106.69243284318559,1864400
2019-10-15,108.02448272705078,108.57568054135382,107.23444701134387,107.51003890972405,2379700
2019-10-16,107.85912322998047,108.39193699472209,107.5467773594222,108.06122113590547,2136700
2019-10-17,109.41166687011719,109.62296032931312,108.36440209219653,108.41033758599592,3005500
2019-10-18,107.26201629638672,110.22008256129193,107.1793338124106,109.99041911847348,6188500
2019-10-21,109.36572265625,109.66887304190136,107.9326181593298,107.98774214571567,4259500
2019-10-22,108.96150207519531,109.64130376437706,108.66753320889208,109.01661904738636,3912100
2019-10-23,107.01396179199219,109.5310778408586,106.11368513934923,108.78696361793567,3921100
2019-10-24,106.94046783447266,107.39060613136253,106.69242744012571,106.96802632078439,2551300
2019-10-25,108.63996887207031,108.86963225552543,106.8118432934529,106.89452575605726,2325000
2019-10-28,108.93396759033203,109.5953994374391,108.46545219716916,108.98908457466689,2552700
2019-10-29,107.86831665039062,109.16362174215011,107.55597775405721,108.48381295229815,2756300
2019-10-30,108.46543884277344,108.55730280827854,107.35386873998776,107.88668955219715,2264400
2019-10-31,107.73968505859375,108.59403312328458,107.3814107419915,108.2082003221391,2507400
2019-11-01,109.44839477539062,109.73317516271808,108.55729961776089,108.77778153901869,2036600
2019-11-04,109.88933563232422,110.6977481997544,109.32895642928361,109.88933563232422,1956400
2019-11-05,109.10848999023438,110.20169006715892,108.18065485801259,110.09144910694744,2630000
2019-11-06,109.95364379882812,109.98120228346282,109.21871816764171,109.21871816764171,2420700
2019-11-07,111.41432189941406,112.47077507783347,110.33031023083295,110.48647968093042,2845000
2019-11-08,111.5888671875,111.90120608444444,111.05604635401312,111.16628732228433,1984600
2019-11-11,111.06522369384766,111.90119484073266,110.70694934392967,110.93661274817303,1704100
2019-11-12,111.05603790283203,111.36838378477904,110.61508808084585,111.03766791390389,2012400
2019-11-13,110.477294921875,111.12953820190332,110.35786545634505,110.4864764124762,1807900
2019-11-14,111.09278869628906,111.1387241833401,110.05471257138578,110.23844050204734,1990600
2019-11-15,110.93661499023438,111.46024728214118,110.5967106219271,111.13871991145649,2341500
2019-11-18,109.92610931396484,111.0193024928455,109.68725738036605,110.75289206859524,2617900
2019-11-19,110.23843383789062,110.65182516127436,110.10982289244808,110.24762233649962,1891000
2019-11-20,109.59538269042969,110.44973086093005,109.25547831850294,110.082268001047,2544100
2019-11-21,109.13605499267578,109.75155124800122,108.85126759894513,109.58619331281831,2783800
2019-11-22,109.37489318847656,109.5861865961152,108.77777396742036,109.51269262747823,1629700
2019-11-25,110.78961944580078,110.78961944580078,109.44838607095416,109.44838607095416,2285400
2019-11-26,110.04551696777344,111.19383398220204,109.87097053877362,111.07441153585896,4596200
2019-11-27,110.54159545898438,110.56915394709904,109.6413117975356,110.23843807218081,2629700
2019-11-29,110.34867858886719,111.05603881312142,110.03633270435998,110.30274310301371,1961500
2019-12-02,107.72132873535156,110.56915364261982,107.54678229941118,110.5232181567078,5538200
2019-12-03,107.08745574951172,107.2528136869388,105.32364242280376,106.60057043619067,3792300
2019-12-04,108.34601593017578,108.89720672964606,107.48247923878388,107.76725963327641,2444100
2019-12-05,108.65835571289062,108.79615516609184,108.02448243342786,108.31845833826848,3128300
2019-12-06,110.7988052368164,111.56128936549435,110.15575055526294,110.43134241502713,3287600
2019-12-09,110.66102600097656,111.64398519863475,110.33949860151297,110.64265601048078,2885200
2019-12-10,111.06522369384766,111.5888559751717,110.26599252392322,110.65182536094706,2518200
2019-12-11,110.82637023925781,111.50617194384418,110.33029645198533,111.04684514178865,2015300
2019-12-12,112.66368865966797,113.05871002909872,110.28437895244353,110.7896342797247,2933800
2019-12-13,114.57449340820312,114.82252682945452,112.14924814115349,112.50752253227867,3919000
2019-12-16,113.61908721923828,116.05352086863203,113.30674132403664,115.42883608700011,3416100
2019-12-17,114.78575134277344,115.19914962059104,113.22404320551568,113.90384482904048,4325200
2019-12-18,114.15192413330078,114.8960314749004,113.98656616752616,114.85928448153133,3154200
2019-12-19,114.675537109375,114.73984258469113,113.80281193434618,114.07841083357026,2543600
2019-12-20,115.53905487060547,116.00757014749847,114.6755252923124,115.6217373353609,5828700
2019-12-23,114.36318969726562,115.5115067474275,113.6374524805108,115.5115067474275,3031400
2019-12-24,114.59284210205078,115.13485134223474,114.2621262626637,114.78575850689818,953500
2019-12-26,115.2083511352539,115.23590962180155,114.3999314830788,114.81332980760581,1486600
2019-12-27,115.00627136230469,115.72282020426248,114.93277737626485,115.60339072475466,1788600
2019-12-30,114.18866729736328,115.25430203424081,114.078426320953,115.01545008973794,2306500
2019-12-31,114.36318969726562,114.43668367058105,113.71094645382621,114.17946177274816,2340400
2020-01-02,116.0132827758789,116.4004529541068,114.51991007898164,114.91630060423326,2708000
2020-01-03,114.8609848022461,115.32190368751439,114.25257553088525,114.6028713517861,2090600
2020-01-06,114.36318969726562,114.45537909926718,113.49666698957519,113.72712642845123,2855200
2020-01-07,113.76399993896484,114.67661734088809,113.7179052383059,113.81930795330447,2042300
2020-01-08,115.72752380371094,116.483430554625,114.12352792407663,114.35398738512438,3458200
2020-01-09,117.82010650634766,117.88463488172627,116.51109830120114,116.60328068987553,2787100
2020-01-10,117.33150482177734,118.15193983654339,116.99964267725808,117.6080589532313,2789200
2020-01-13,118.4930191040039,118.87097596027114,117.65415040226824,117.84773548728417,3285700
2020-01-14,118.73271179199219,119.92187636828854,118.30866021368573,118.56677367313189,3836000
2020-01-15,119.67295837402344,119.69138499754932,118.4100313562583,118.63127743369247,3187200
2020-01-16,120.3459243774414,120.69621316708476,119.57158402206788,120.29982967545124,2424500
2020-01-17,121.24012756347656,121.55354908140458,120.56717575211707,121.17559215712822,3659400
2020-01-21,120.3274917602539,121.51667044723298,120.19843502569555,120.86215939374686,3102700
2020-01-22,121.21246337890625,121.93149577316704,120.6962223698338,120.6962223698338,2483800
2020-01-23,121.10182189941406,121.28620070411753,119.9679653943529,121.00041918327832,3841000
2020-01-24,124.54950714111328,127.33346126737985,123.38799656367271,125.70180440425506,8612500
2020-01-27,120.42887115478516,121.66413024141755,118.79721456057587,120.89900329685756,6432400
2020-01-28,122.097412109375,123.40642007934895,120.8898068586448,121.68258791833362,3712700
2020-01-29,121.38758087158203,122.7242567816359,121.1663488272022,122.12505384047766,2518400
2020-01-30,122.80722045898438,122.90862316940536,120.24451275866525,120.53028019727155,2428500
2020-01-31,119.71907806396484,121.91305666618887,119.2673865160689,121.83930794964618,3522600
2020-02-03,120.76075744628906,121.88540074016316,120.25374381935742,120.34593323011926,2721900
2020-02-04,121.5443115234375,122.917840752337,121.42446811619698,122.49380326939414,2547500
2020-02-05,123.15755462646484,123.34191940156208,121.02809716578011,123.00082979819496,4084500
2020-02-06,122.83487701416016,123.8489041394147,122.70582029513935,123.67375272085916,1708600
2020-02-07,121.51666259765625,122.37396497910164,121.07417033678618,122.20804093087152,2885600
2020-02-10,121.90383911132812,122.1435118821584,121.08340400925539,121.32307678008567,1816500
2020-02-11,122.26333618164062,123.20360048902968,121.97756875099532,122.63206562773907,1733300
2020-02-12,122.8256607055664,123.26813886482961,122.17114974683938,122.96393073467145,1715400
2020-02-13,123.95030975341797,124.14388780341683,122.65972846687198,122.74269048830007,3178300
2020-02-14,125.25010681152344,125.71102574621352,124.0148474424251,124.18078557330092,2360300
2020-02-18,125.00119018554688,126.0612978499737,124.39277396447744,125.25007622188113,2428200
2020-02-19,126.22726440429688,126.67897006597488,125.48057791145861,125.64651605771762,1785000
2020-02-20,125.9046401977539,127.25051584850098,124.35594498838431,125.74792942012621,2541700
2020-02-21,124.3559341430664,125.61886170272955,123.42488287501871,125.55432629432353,3106100
2020-02-24,118.1703872680664,120.72388185716689,117.28542384323944,119.31345711293743,6329300
2020-02-25,111.45018768310547,117.98601408970232,110.53757026101742,117.7279006396624,7628100
2020-02-26,109.23776245117188,112.86058472771049,109.2101084467275,111.79124966877383,5268000
2020-02-27,103.99250793457031,108.2974953075742,103.96485392906041,106.84099006416926,8279800
2020-02-28,101.33763885498047,102.35165912062277,98.63665357392333,100.52642404907961,11362100
2020-03-02,104.96966552734375,105.0802815544999,100.10235637362368,102.42539140679568,9851600
2020-03-03,99.56771087646484,107.30193008728013,98.6366526531906,106.02978931825504,9285000
2020-03-04,106.65662384033203,106.73959289423067,100.71077322300054,101.63261096417219,7470900
2020-03-05,102.26868438720703,103.78971108025674,101.12560048935173,102.89553435171786,12060600
2020-03-06,99.77972412109375,100.26829704262427,95.67754861667296,97.46591624618266,9897700
2020-03-09,90.607421875,93.5112118282374,89.36294247591626,92.98576465826591,12266300
2020-03-10,95.22586059570312,95.2903889692186,89.83310310064019,93.96294010482583,9793200
2020-03-11,87.92489624023438,93.06875340257268,86.5329260770971,92.4603440466651,8822900
2020-03-12,77.00108337402344,82.60585692543037,75.41552178735657,80.80827665744283,12206600
2020-03-13,91.81504821777344,92.25753347918639,77.71093336880588,83.31570213729391,12680400
2020-03-16,79.158203125,85.8968342310698,74.0880959483139,75.99629964076232,15072400
2020-03-17,79.81270599365234,81.98824342579951,76.7153309049365,80.76219765462798,10512200
2020-03-18,67.98554229736328,75.1482193879065,61.76313673116393,73.76546259541774,14359300
2020-03-19,71.04605102539062,71.80195786839012,64.33507182743116,66.8701262077797,12330400
2020-03-20,68.32662963867188,75.99632090522181,66.88855769096142,72.80676252375225,12208600
2020-03-23,63.56991958618164,69.52498959457438,62.79557938372625,67.1282132587509,8907600
2020-03-24,77.48045349121094,78.14417065884749,66.09575344628213,67.76428429333536,10593900
2020-03-25,83.12211608886719,88.9204769285773,78.65120398524951,80.76221347631582,11046500
2020-03-26,85.99823760986328,91.89800014094516,83.73973108456441,85.03030523715472,9459400
2020-03-27,81.7946548461914,84.78140675583977,79.11210400500755,81.0664022848363,6999800
2020-03-30,83.21428680419922,84.24674756903217,78.60509826433287,81.59185750197203,5565000
2020-03-31,78.91854095458984,83.79506415194376,78.4207476586696,82.91010063688495,6075900
2020-04-01,71.75584411621094,74.95462210169539,70.98150381410936,74.34621286905325,8313400
2020-04-02,71.06063079833984,73.34094750007733,70.29125366735916,71.4314084821624,8338100
2020-04-03,68.2241439819336,71.06064179251686,67.30645704986976,70.44884578971958,10023100
2020-04-06,77.74401092529297,78.0962526047236,72.98870935625332,74.36061103006845,11253000
2020-04-07,81.18302917480469,86.48523306007114,81.03471241644063,84.75181807538563,8693200
2020-04-08,85.35431671142578,86.2071165976613,81.6835629178584,82.69394400809024,6122800
2020-04-09,87.89421844482422,90.70290200791442,86.63355412172722,87.68101484471424,6902500
2020-04-13,83.73217010498047,86.59646871832418,81.51673966782484,86.47596664907002,5037700
2020-04-14,81.93384552001953,85.74364478940575,79.63499284173463,84.77960728582053,8703200
2020-04-15,77.66985321044922,79.16225695443303,74.78701172278849,77.33614758619619,10415600
2020-04-16,75.40806579589844,77.80889177303484,74.46257132245458,77.66984659608183,7526600
2020-04-17,81.00688934326172,81.00688934326172,78.12404831957741,79.08808584869305,8269000
2020-04-20,77.873779296875,79.04174182092666,76.65019445825074,78.41140980877891,6140400
2020-04-21,75.565673828125,76.43701731205518,73.6654126429618,74.83338264259294,7360300
2020-04-22,76.51113891601562,77.54933475778398,75.98277296800195,77.49371245074583,5130300
2020-04-23,76.4369888305664,78.58753203610942,75.74177003042796,77.16001525116938,5807200
2020-04-24,77.09513854980469,78.58754233546053,75.37099513373187,77.98501788194996,9125400
2020-04-27,78.84709167480469,78.93052162146957,76.32576329765976,77.3732309810055,7785000
2020-04-28,81.74846649169922,82.46222137356644,79.91308568211959,81.16447815258536,7165900
2020-04-29,89.0992431640625,89.34951881810589,84.25124766330435,85.04843244600747,9396500
2020-04-30,84.58496856689453,87.42145949630194,84.51081018481173,86.90236496598753,6553700
2020-05-01,81.86897277832031,82.56419163923408,80.79370461761565,81.66504078091116,4620200
2020-05-04,80.07064819335938,80.98834191960566,78.80998445317958,79.80182946192531,4875400
2020-05-05,80.40435791015625,82.2490099490788,80.05211631549216,81.57232730402399,4410300
2020-05-06,77.86450958251953,81.34987532498157,77.73473596565253,81.09959258378686,4723400
2020-05-07,80.3951187133789,80.98837162374171,78.7265904829007,79.06956769475804,4627600
2020-05-08,82.96276092529297,83.111077635536,81.15519522001847,82.035802702664,3913100
2020-05-11,79.09736633300781,81.24790965676516,79.06955871101472,81.10886447466795,5917600
2020-05-12,77.06731414794922,80.8863849717672,77.03023496649887,79.81110992609904,5504900
2020-05-13,72.33055114746094,76.13107855969012,71.74656999567347,76.01057653310451,10681600
2020-05-14,77.68838500976562,77.7718149473213,70.44884181764026,71.30164188970008,10625100
2020-05-15,76.21452331542969,77.29906298220409,75.28756488458696,76.44626292314037,6618600
2020-05-18,81.9524154663086,82.4993176606712,79.6442833971248,80.38585312629866,7781700
2020-05-19,80.88639068603516,83.27793794542426,80.28386632112993,81.96165873553554,4920600
2020-05-20,84.1029281616211,84.66836620811492,82.28608370274706,82.66613999355013,5218500
2020-05-21,83.2686767578125,84.75180881880422,82.61053712675152,83.5282239844696,6241900
2020-05-22,82.8051986694336,83.37990837278593,81.76700267659756,83.15744032865379,3734500
2020-05-26,87.43071746826172,88.58941548765246,86.10516665119347,87.07847581633426,6559400
2020-05-27,93.83602142333984,94.26242152720131,89.72959457599346,92.69585924291357,11007700
2020-05-28,90.89752960205078,94.97614757987263,90.85118592983605,94.12334763211034,9268200
2020-05-29,88.12592315673828,90.01691889144455,87.74587394048102,88.52451549893809,7710900
2020-06-01,89.6832275390625,90.90681237609003,87.65318632703419,88.58014475121054,4269500
2020-06-02,91.8337631225586,93.1500422775307,90.99949919612172,91.39809156807873,5433800
2020-06-03,97.70143127441406,98.13710291861364,94.20679362737711,95.27279736001029,7301000
2020-06-04,98.75814056396484,99.58313290552144,95.68991077844828,95.91237879573313,5841600
2020-06-05,101.71516418457031,107.46230433076116,100.17640960630597,105.77524006290778,10097600
2020-06-08,105.36734008789062,105.4044192656692,102.5586577883664,103.73589869841355,6795200
2020-06-09,102.39183044433594,103.63395845583513,100.73257395549857,102.03958877618662,5517400
2020-06-10,98.40591430664062,102.27132941889109,98.22051836985733,101.96543142729755,5747400
2020-06-11,91.39810180664062,95.46744883864376,90.96243020335612,93.50230144971007,8601200
2020-06-12,94.25314331054688,95.94020754684279,90.91609402769186,95.67138872535034,7251100
2020-06-15,96.35733032226562,97.08962836370051,90.48968857013465,92.69584718722307,6472400
2020-06-16,97.90534210205078,101.09407397235161,95.34693511167812,101.0569947902151,6706000
2020-06-17,96.36659240722656,98.36882590412642,96.24609036370491,97.95169038954002,4408200
2020-06-18,94.69808959960938,95.93093910588331,93.87308997732694,94.67954646807087,3645700
2020-06-19,93.56717681884766,96.61687059685218,92.06550176663583,96.61687059685218,7589500
2020-06-22,92.17676544189453,93.1593392947567,90.7955920360366,90.84194279488713,4799900
2020-06-23,92.158203125,94.22532348431129,92.00062189312432,93.56718386400868,4364800
2020-06-24,88.5060043334961,91.09221243143459,88.06106112344987,90.51750266395155,5958300
2020-06-25,90.70288848876953,90.9531712460349,86.91163159004527,87.69954490651017,5195400
2020-06-26,86.59645080566406,89.26609548606237,85.69730003884276,88.92311833694697,10489400
2020-06-29,87.6161117553711,88.44111130269444,86.52230047435644,87.54196045235206,4962400
2020-06-30,88.24644470214844,88.61722950956224,86.7355049216923,87.28241410385733,4367100
2020-07-01,87.57600402832031,90.28568840911915,87.19422326064976,88.69339833095947,3301000
2020-07-02,87.83673858642578,90.59298432746307,87.3897765535076,90.10877486645,4239700
2020-07-06,89.93185424804688,91.16099090068491,89.24278751691966,89.86667302799107,4059600
2020-07-07,86.60759735107422,88.94481473209368,86.25375035477094,88.87032698401627,5564200
2020-07-08,86.50515747070312,86.69138747304098,84.46590555527341,85.63917446181563,6382100
2020-07-09,84.3355484008789,86.79382152723633,83.41369775454979,86.1420093741187,4484500
2020-07-10,86.81245422363281,86.88694197135058,83.63718042592706,84.1027625942086,4400900
2020-07-13,87.11973571777344,89.16830158334616,86.39342864973432,87.75292777015478,4819700
2020-07-14,88.31161499023438,88.66546195566218,85.93715039025382,86.77519964492558,4044400
2020-07-15,90.6581802368164,91.0492676388365,89.75494949580215,90.00636790011625,5405600
2020-07-16,89.68975067138672,91.05856341421506,89.08449241788993,89.85736053998244,2666000
2020-07-17,88.62824249267578,89.88531321914688,88.46994622358261,89.71770331533595,2861600
2020-07-20,87.52944946289062,88.7958335553722,87.13836213838844,88.27438378936928,3560100
2020-07-21,89.69906616210938,90.7512793508427,88.20920457940987,88.69340692970455,4227100
2020-07-22,89.89462280273438,90.70473848534937,88.81446855924771,89.2148695834062,4360300
2020-07-23,90.01564025878906,91.04923307477135,88.93549349598479,88.93549349598479,4239800
2020-07-24,88.76789855957031,90.46261738035582,86.87763607918112,88.7399647659441,4790300
2020-07-27,89.19623565673828,89.37315915999592,87.19423084483984,88.1253952127721,3501800
2020-07-28,87.92052459716797,89.6618042589559,87.69704717189774,89.16828835538361,3567400
2020-07-29,90.03426361083984,90.09013118628758,87.93914428092619,88.19055547465962,2791700
2020-07-30,88.13470458984375,88.2557533943105,86.13269987461676,88.16263838285761,3856300
2020-07-31,86.89627075195312,87.9484840781756,85.88130485819268,87.81812161666915,4088200
2020-08-03,87.10110473632812,87.90190655910321,86.07682548289145,86.886933833122,2869000
2020-08-04,86.77520751953125,87.34321833789751,86.12338821598266,87.05455256029194,2415100
2020-08-05,88.8237533569336,89.000676830051,87.35251220122461,87.361825832499,2844900
2020-08-06,89.31729125976562,89.64319739248351,87.97641929883764,88.6282315642734,2698800
2020-08-07,92.3342514038086,92.46461383183177,88.41404361867643,88.7306431611752,4690700
2020-08-10,94.62492370605469,95.58402184888143,92.4273752740038,92.64153909591762,5254800
2020-08-11,96.15200805664062,98.42404365579927,95.87265598175323,96.83175387906515,4744000
2020-08-12,94.6807861328125,97.5860213009509,93.74962183453708,97.54877387651351,3407800
2020-08-13,93.50753021240234,94.82047546671787,92.65086064312712,93.60995886788317,3265400
2020-08-14,93.49822998046875,94.31765217528441,92.43669592451442,92.79985661200115,1956500
2020-08-17,90.8350830078125,93.1164327689641,90.73265436342903,93.04193791773613,7488500
2020-08-18,90.01564025878906,92.02695831287966,89.82941026306317,91.43101380149406,3337300
2020-08-19,90.22050476074219,91.17029628617563,89.28934049890836,90.15532354658261,3079600
2020-08-20,90.06222534179688,90.8630273246962,89.09381347633207,89.14968106911361,3102500
2020-08-21,89.53144073486328,90.92818705801491,89.35451726058061,89.84803315808578,2845100
2020-08-24,92.49253845214844,92.52978587135041,89.75491352666332,90.02495198771352,4141100
2020-08-25,92.2318344116211,93.8520584389127,91.28204276842847,93.6937621997874,2946600
2020-08-26,91.62657928466797,92.31563895828323,91.07718858905396,91.77556189594286,2936500
2020-08-27,94.54110717773438,95.10911795065964,91.74761436828663,91.96178527620091,3992100
2020-08-28,95.48159790039062,95.81681765087414,93.80549914797301,95.1184443547369,4382900
2020-08-31,94.59699249267578,95.81682274565979,94.38282864883631,95.81682274565979,4665800
2020-09-01,95.41641998291016,95.70507868196442,93.26543242963055,93.61927235441388,3142500
2020-09-02,97.21353912353516,97.65118741270311,95.24878218975054,95.5188206469865,3536900
2020-09-03,97.26941680908203,101.52483715207637,96.70140604762204,97.74431256628387,6747900
2020-09-04,98.39614868164062,100.82648853746925,97.28806778373163,99.02934081082626,5235100
2020-09-08,96.53379821777344,97.84674324920454,96.1892719843888,97.23217142064881,4517000
2020-09-09,96.63622283935547,97.50220585909669,95.62125723672055,97.37184343498247,2474700
2020-09-10,95.69577026367188,97.87469883605603,95.26743545636346,97.01802922143919,3288900
2020-09-11,96.2451400756836,96.70140858145759,94.98806972471137,95.82611899343273,2604400
2020-09-14,99.8860092163086,100.27710369152771,97.04596185542738,97.44636286027425,3620100
2020-09-15,99.33660125732422,100.67748003424906,98.92688671899288,100.41674807989862,3371500
2020-09-16,98.68477630615234,100.09082900864902,97.48357374197806,99.38314939433145,5798900
2020-09-17,97.45565032958984,98.0981488082421,96.20788658502116,97.09248974919615,3215300
2020-09-18,96.31964111328125,98.81516181596335,96.1985852029958,97.2694256093959,6630300
2020-09-21,91.41241455078125,93.70307830038588,89.596646671284,93.67514450288918,8339900
2020-09-22,91.70105743408203,92.91156668293033,89.7735477424382,91.26340910483113,4884400
2020-09-23,88.98206329345703,90.41605724948882,88.54441491090068,89.16830042657688,9427200
2020-09-24,88.87962341308594,90.22981581673248,87.2593996329294,88.77719477887071,4249000
2020-09-25,89.63387298583984,90.18325648510213,87.95777448869823,88.16263176103992,2775600
2020-09-28,92.01764678955078,92.86500962921656,91.84072331660538,92.18525663123087,3930900
2020-09-29,91.02131652832031,92.51117808901397,90.53711418517749,91.94316725896509,3200400
2020-09-30,93.3492202758789,94.53179580089869,91.4682715318376,91.4682715318376,5060900
2020-10-01,94.35488891601562,94.4945649947266,92.52980757239493,93.42372453023647,4179300
2020-10-02,94.61558532714844,96.04026527187278,91.840713166933,92.91155330908984,3783300
2020-10-05,96.73863983154297,96.91556328764364,95.23015140004411,96.21719019783798,2863200
2020-10-06,94.75528717041016,98.0422962213306,94.34557257905908,97.78157133746001,3309200
2020-10-07,96.26378631591797,96.98078698060964,95.3419354226788,95.73302281929887,3048400
2020-10-08,99.17178344726562,99.24658944808942,97.301676230028,97.5541446993351,2922600
2020-10-09,99.43359375,100.24709292852309,98.40503624418783,99.10632642549967,3511300
2020-10-12,99.68604278564453,100.06006556957477,99.11565964527645,99.5457833499343,2626700
2020-10-13,98.18999481201172,99.66737429308968,97.95623137801849,99.01283953146614,2602600
2020-10-14,98.00296020507812,99.3681375307911,97.95621180795537,98.53594044274615,2826300
2020-10-15,97.64763641357422,98.07776016364508,96.32920756614425,96.7219354543759,2699300
2020-10-16,98.09648132324219,98.81646949099405,97.43258695745251,97.85336537804709,2394300
2020-10-19,95.81494903564453,98.38634658330832,95.60923609040852,98.30218804485122,3196500
2020-10-20,96.4414291381836,97.8159590916297,96.15156480080675,96.25442126901652,2954700
2020-10-21,94.84247589111328,96.67517987766958,94.77702243208955,96.46946696819731,2588400
2020-10-22,97.9842758178711,98.04972929000488,94.97340183193046,95.09495624192364,3748800
2020-10-23,94.42170715332031,96.90894579543262,93.50535156903125,94.09443271571496,8921200
2020-10-26,90.5880126953125,93.59888717641893,89.55945490667166,93.2903176996583,5731500
2020-10-27,88.76464080810547,91.35473620756837,88.73659034080947,91.27993733941005,3780300
2020-10-28,85.6509017944336,87.49295838722959,85.08987110404254,85.98752163544668,7037800
2020-10-29,85.15533447265625,86.24000011630886,84.27638177065452,85.47325641899664,5419500
2020-10-30,85.31427764892578,85.38908363957489,83.32261630166364,84.90285896813951,4736300
2020-11-02,87.33399200439453,88.0165770150005,86.2773770601953,86.92256621133349,3572900
2020-11-03,90.03630828857422,90.55993600014344,88.26905762813557,88.59632494786634,4004300
2020-11-04,90.13916778564453,91.46694217547696,86.82907721059,87.89503773582366,4545500
2020-11-05,91.73810577392578,91.93446616638252,90.55058375215886,90.89655613918791,4197300
2020-11-06,90.41031646728516,92.23366776265463,90.01758861345134,92.12145878528906,3126300
2020-11-09,109.74724578857422,112.02877176702098,103.03356052134684,103.36082786109402,17261700
2020-11-10,108.4194564819336,112.10356975901664,107.64336745566722,110.88799728807166,7056800
2020-11-11,103.90316009521484,108.46621916066913,103.13641641753824,108.40076569308306,5642700
2020-11-12,103.88445281982422,104.83821148025453,102.43512403011276,102.68758536146622,4941200
2020-11-13,107.52179718017578,108.12958336619829,104.92234965898513,105.04390404263287,4811500
2020-11-16,110.96281433105469,112.57110774174772,109.16751304493403,111.36488768372794,5339100
2020-11-17,108.9150390625,110.13995691238023,106.72701007762534,109.37321329786177,4023200
2020-11-18,106.82049560546875,111.04694085714745,106.77374721703461,109.34514399931871,3264300
2020-11-19,106.72700500488281,107.34414373386353,105.22156831206959,106.3903851770555,3249800
2020-11-20,105.2683334350586,107.10103759033392,104.63249671719633,106.35299187500443,3702300
2020-11-23,108.55035400390625,109.19554318162149,106.33428184373973,106.82050650965677,3022900
2020-11-24,112.57112121582031,112.99189255284281,110.2334868237086,111.27139706451771,6163400
2020-11-25,112.748779296875,113.12280221174377,110.57010241661605,111.73891956689741,4646600
2020-11-27,112.75810241699219,113.78666701311332,112.01006386895867,112.70200148771006,2447700
2020-11-30,110.88801574707031,113.590327524901,110.33633748391966,112.2344953687031,3517700
2020-12-01,112.1409683227539,114.60950903127818,112.06616232943082,112.5056386228387,3583400
2020-12-02,114.38509368896484,114.87131835866806,111.17785997370211,111.53317772718171,3271900
2020-12-03,115.12378692626953,115.89987589224071,114.18873344707795,114.87131849190834,4285100
2020-12-04,116.9190902709961,117.18090410906937,115.80637432529262,116.27390107439264,5048600
2020-12-07,115.8905258178711,116.76012580378811,114.6656009585072,116.4235059941498,4253700
2020-12-08,115.497802734375,116.46091381144173,114.09522251408734,114.51600086050878,3623000
2020-12-09,113.78666687011719,115.90923525403394,113.15083018144698,115.27339856536373,3622800
2020-12-10,113.9269027709961,114.19806911291849,111.92588906677416,112.87964752924483,2818800
2020-12-11,112.42149353027344,112.67395485452022,111.12176250860445,112.30928453400122,2942800
2020-12-14,109.73788452148438,113.88017200777671,109.07399736114851,113.82407107796851,5336300
2020-12-15,111.36487579345703,111.56123618185887,108.05478538777085,111.07501147732465,4528900
2020-12-16,111.27137756347656,111.82305575906057,110.59813783511504,111.20592409732434,2943700
2020-12-17,111.25267028808594,111.89785236200925,110.7664384655927,111.6547435846548,3746700
2020-12-18,109.87814331054688,111.60799093005515,109.07399669669678,110.88799571040474,8394100
2020-12-21,108.84959411621094,110.33632593118458,106.33429762357804,108.25115324289423,4528300
2020-12-22,107.11040496826172,108.70934595083389,106.95144041634542,108.64389247671318,3632300
2020-12-23,109.35450744628906,110.51397895953468,108.26049652865989,108.26049652865989,2725200
2020-12-24,109.728515625,109.81267414105434,108.2978850570982,109.3357949071233,707000
2020-12-28,110.67293548583984,111.59863647555834,109.9622928113012,110.38307117673124,1878700
2020-12-29,110.46721649169922,111.59863033552654,110.33630957647237,111.4957738830066,1860400
2020-12-30,111.67343139648438,112.15965604102507,110.47656414786897,110.57006806406238,1954200
2020-12-31,113.05733489990234,113.19758723365601,111.42099108977614,111.93526629262294,1747800
2021-01-04,110.37372589111328,113.88952936379617,109.26100984351241,113.42200257188222,3472100
2021-01-05,110.96281433105469,111.53319762517008,109.49478039387897,110.5794460462601,2112700
2021-01-06,115.06768798828125,116.62923284407805,112.96381749331916,113.14147995129487,5861500
2021-01-07,114.1574935913086,117.93897103642104,110.11327712890586,116.44701918501697,8696600
2021-01-08,114.27010345458984,114.66420129247123,112.14947050580258,114.54222067376713,2934500
2021-01-11,113.5945053100586,113.9229273403425,112.02749209598488,112.99397321413923,3311000
2021-01-12,114.11996459960938,114.77679427523177,113.27546418887589,114.4765282579606,2671300
2021-01-13,114.85188293457031,116.24999615425223,113.68835280619311,114.1012141788321,3678300
2021-01-14,116.1467514038086,116.82235169154613,114.56096779280833,115.08643866044092,3404700
2021-01-15,114.61727905273438,115.28349405212549,114.20441059607816,114.92693039522655,3948200
2021-01-19,118.93363189697266,120.16284505215783,116.57841556457778,117.75133106652031,5818500
2021-01-20,120.98855590820312,121.55154663634893,119.23387212063187,119.34647456160496,4090200
2021-01-21,119.5716781616211,120.94164237904828,118.32369455873022,120.37863730541756,3654900
2021-01-22,118.36123657226562,119.22450057613024,117.17893586155091,117.98590221787443,2954800
2021-01-25,113.678955078125,117.29153285838174,112.90013758180766,116.57839833410881,6156700
2021-01-26,108.9872817993164,112.87197636841704,108.58379868422111,111.4269439831666,8932500
2021-01-27,107.05432891845703,109.59721575717992,105.18704964163004,107.7768488001171,5816900
2021-01-28,111.63339233398438,112.95643712422034,109.40954225642574,110.188359765826,5788500
2021-01-29,109.09049987792969,111.08914481896201,108.66824610690169,110.47922747785911,5059300
2021-02-01,109.81301879882812,111.9336516251114,109.78486997759228,110.44169966945108,3359800
2021-02-02,113.2567138671875,114.87064668433514,110.98595125650668,110.99533658467368,4036700
2021-02-03,113.01274108886719,113.51944137462925,112.18700410811107,112.67494089835915,2782500
2021-02-04,117.19771575927734,117.676267277839,113.35055443090896,113.5288327151512,3915900
2021-02-05,118.49258422851562,119.48721402902115,117.88266689165786,118.81162088610998,3184200
2021-02-08,120.09715270996094,120.48186524198115,118.93362262721445,119.04622508383154,3360900
2021-02-09,118.86793518066406,119.78750397785531,118.4175325300402,119.77811865042992,2175000
2021-02-10,120.32234954833984,120.76336688476515,119.01806819447765,119.75935158735524,2929100
2021-02-11,120.39740753173828,121.15745435597107,119.14943109218608,119.5904412319006,3733000
2021-02-12,121.62663269042969,122.41484273343033,120.10653888931267,120.28482432382692,2873300
2021-02-16,122.62125396728516,122.83708069785271,120.34111342752495,120.96041616097123,2730600
2021-02-17,120.63198852539062,123.07165803691417,120.51939324011872,122.05825751602656,3088800
2021-02-18,120.56632232666016,120.88535187223975,118.3049380484116,119.62798286817896,2269700
2021-02-19,123.5877456665039,125.13598813583273,121.50464694766754,121.50464694766754,3419500
2021-02-22,127.56625366210938,128.0541903919012,123.26869067227216,123.40005660131467,3923100
2021-02-23,128.49525451660156,129.780765456656,125.99928663662372,128.05423709728902,4814400
2021-02-24,131.2632598876953,132.25788949396514,128.3731956760414,128.73914457491068,4099500
2021-02-25,128.62661743164062,131.9670787528417,127.96039507434122,131.94830809434697,3607500
2021-02-26,126.91879272460938,129.72441081454028,125.53944341356151,128.64533464338837,3654800
2021-03-01,130.15606689453125,131.15069674433698,129.60244001017531,129.65873765181513,2972100
2021-03-02,130.66278076171875,131.54481546848316,129.56493362175095,129.71507023520354,2929100
2021-03-03,133.7967987060547,135.35443375433852,131.36652149467864,131.36652149467864,4393700
2021-03-04,133.88121032714844,135.2230326069739,131.31956783378632,133.38389548493774,4461700
2021-03-05,138.2445068359375,138.83566079810552,133.3182619987119,135.7391611797149,5048300
2021-03-08,141.003173828125,142.11979135877513,137.67209188784773,138.1975555921979,4283400
2021-03-09,136.15203857421875,139.88659756131167,135.22308433283987,139.4174313557738,5806100
2021-03-10,137.70025634765625,139.14528169875786,136.4710434029669,136.71500463118014,3049800
2021-03-11,138.6385955810547,138.7042857137794,136.18016956768008,136.99651407671055,3147700
2021-03-12,139.37989807128906,141.35040197519908,138.8919754982473,139.90537627873098,2420100
2021-03-15,137.92544555664062,139.73641970304655,137.02464040799632,138.9106828432736,2586300
2021-03-16,134.46302795410156,138.17881602376303,134.01263243731555,138.1694378547229,4031000
2021-03-17,135.75791931152344,135.88929958735469,133.14935648962958,135.8329876186489,3278500
2021-03-18,133.78741455078125,136.52734301549756,133.30887025544922,136.51796484736656,3173600
2021-03-19,132.03271484375,133.18685930686152,131.12253156992202,133.14931800524164,5098300
2021-03-22,131.31961059570312,132.2954842656815,130.24991228064465,130.8879857291406,2274100
2021-03-23,127.68827056884766,130.89736555462972,126.79685768132192,130.3719017185226,4905400
2021-03-24,129.8839569091797,131.40405067292218,129.12391002730843,129.46171023234174,2638900
2021-03-25,133.50588989257812,133.74047291731455,128.32629269741028,129.44291018600558,2766400
2021-03-26,134.8665008544922,135.10108393537905,132.3517770999361,134.87589334112926,2687500
2021-03-29,133.59033203125,134.24717593355018,131.65737026069164,133.224383097191,2220600
2021-03-30,134.6413116455078,135.57025149197568,133.81557461058958,134.08768468737938,2034500
2021-03-31,133.1166534423828,134.82954405932165,133.0319531375519,134.56602242594644,2957300
2021-04-01,136.06246948242188,136.11893635363725,133.84134826255277,133.9636883632353,2629200
2021-04-05,137.46478271484375,138.80121803602904,137.04126680531047,138.26476838018098,2960100
2021-04-06,137.5494384765625,137.90708103853368,135.8836088145189,137.3894442674828,2851200
2021-04-07,138.47181701660156,139.62943094756452,137.14478811282453,138.74474501171315,2399500
2021-04-08,138.38706970214844,138.50001777766238,136.16594902835803,138.16120227281812,2295600
2021-04-09,139.0835418701172,139.70470608538093,138.05768889575296,139.4882449900679,1783400
2021-04-12,138.88589477539062,139.07412242145924,137.79415432300434,138.59412540900811,1869000
2021-04-13,137.3988800048828,137.97298369356665,135.37539319880383,137.92592318908115,2132100
2021-04-14,138.74468994140625,139.99642440052426,137.12590660787365,137.2294339499314,2141800
2021-04-15,139.78941345214844,139.8458803180564,136.93772183698852,138.82943364916017,2901200
2021-04-16,141.1635284423828,141.59645073369597,139.94002680193276,140.9000067796217,3480000
2021-04-19,139.798828125,140.71174747375008,139.1023842562414,140.41058605071032,2259100
2021-04-20,136.56126403808594,138.8200247989489,136.00597302464362,138.5470968316778,2526700
2021-04-21,138.51885986328125,138.7071019087727,134.6036751958803,135.52600090321087,2161700
2021-04-22,138.50006103515625,140.15648493127145,137.28596577991433,138.88593716191397,3247300
2021-04-23,135.8365478515625,136.44829125835864,132.40133246329344,133.21072422230648,6395300
2021-04-26,141.49285888671875,142.22695666441737,136.99415122919248,138.16118546184398,4821100
2021-04-27,141.51170349121094,142.00110685726537,140.0905682553947,141.83169192404128,2692100
2021-04-28,143.56346130371094,144.4293346349342,140.64589584372072,141.81291628337522,2584500
2021-04-29,145.53041076660156,145.95392650516106,143.13987545507973,144.7963129902059,2636000
2021-04-30,144.32577514648438,144.97515845922544,143.5069625158964,144.56106332614226,2712700
2021-05-03,145.6904296875,146.86687047250751,144.94691106929957,145.492781316845,2726200
2021-05-04,145.43634033203125,146.5751415333007,143.84578980998432,145.38927982008835,3025100
2021-05-05,147.18687438964844,147.5068628701993,145.23869571255244,145.75631822368143,3001600
2021-05-06,147.64801025390625,148.24092656938666,144.95631350288437,147.629183182683,2798800
2021-05-07,149.6244354248047,149.88795700234786,146.1986405558944,146.45275577739994,2617800
2021-05-10,149.3421173095703,151.23384360189934,149.17271670116273,150.3491576846104,2987600
2021-05-11,145.3421630859375,148.50443582983274,144.60806533832312,147.25271573363247,3900100
2021-05-12,143.33753967285156,146.72568031755353,143.12107860220067,145.61512717514165,3487400
2021-05-13,145.01280212402344,145.69983953790586,142.8763815861784,143.44107892086382,2269700
2021-05-14,147.90213012695312,148.6456487470646,145.43631483071138,146.24570666731088,1892700
2021-05-17,147.6291961669922,148.1185995359078,146.7068706477984,147.80801745722187,1541400
2021-05-18,145.86927795410156,148.98449143103252,145.74692349436705,148.09980549940278,2417800
2021-05-19,145.6245880126953,145.67164853109946,142.7917228793549,143.12113214732994,3526800
2021-05-20,146.37744140625,147.05507232840705,144.87159172126835,146.32097455621138,3031100
2021-05-21,147.63861083984375,149.46444926905488,147.14922180420857,147.47861661348037,3424100
2021-05-24,149.30447387695312,149.5585891442212,147.71392340837193,148.4197879812321,1956900
2021-05-25,148.7115478515625,150.6597410288955,148.45744693692495,149.70918187659674,2484200
2021-05-26,149.2479705810547,150.00089548050516,148.10916969601925,148.85268824003398,3731600
2021-05-27,150.33975219726562,150.85737474429865,149.50212678663428,150.56561967645038,2828400
2021-05-28,150.70677185058594,151.18675451119364,149.51150401630898,150.82911192435898,2436400
2021-06-01,154.12315368652344,154.45256286027075,152.04321436005569,152.9467128672114,3827800
2021-06-02,154.4619598388672,155.93957631141853,153.70904924889982,154.92312978194383,3384600
2021-06-03,154.83843994140625,155.68547159269193,153.23848328850556,154.04786079124304,2454800
2021-06-04,155.29019165039062,155.977229083321,153.70906204679474,155.29019165039062,3239300
2021-06-07,156.15603637695312,156.84307374823211,155.6383995790653,155.88310844398438,2516400
2021-06-08,156.7113494873047,157.3042803540767,154.00083915531607,155.15845309252842,2486300
2021-06-09,154.43377685546875,156.36314318439645,154.16084883158118,155.5443447518801,2700100
2021-06-10,152.68321228027344,155.48785791921705,152.57968489949565,155.45961012368508,3024500
2021-06-11,154.82904052734375,154.8572739622147,152.94673494473784,153.40790498238297,1630100
2021-06-14,154.17022705078125,155.17726736931735,153.51142300918573,154.63139706032362,2125700
2021-06-15,156.48548889160156,157.07840542362015,154.16084019578986,154.28318030130168,3726100
2021-06-16,154.98902893066406,156.84310100844297,154.60316721503628,156.02430270637612,3281300
2021-06-17,152.589111328125,156.2313681466741,151.08326107152695,156.20313471093746,4194400
2021-06-18,148.86209106445312,150.2738198321185,147.99623247692008,149.36090074682707,6900200
2021-06-21,155.19607543945312,155.4878448413607,149.7656346668915,150.65972686521621,3681400
2021-06-22,154.81959533691406,155.51605339769677,152.89965044299854,153.8031488539535,2697600
2021-06-23,156.25013732910156,157.04070195850582,155.0925094494235,155.31839121247344,2327600
2021-06-24,158.31130981445312,158.65953173520094,156.6172319985089,157.22897553942013,2417100
2021-06-25,159.47837829589844,160.38189152480382,158.53722526451415,158.53722526451415,9186000
2021-06-28,155.08311462402344,158.9136123607532,153.5960918853001,158.69713693641918,3433400
2021-06-29,154.5843048095703,156.5324974620213,153.62432519702136,155.82663305649814,2785900
2021-06-30,155.50660705566406,156.381886255443,154.066645032303,154.066645032303,2331800
2021-07-01,157.5259552001953,157.93169981497275,155.4028367503508,156.3086925592261,2685900
2021-07-02,158.99801635742188,159.4509443606192,157.59203464955988,158.24312675321193,2028700
2021-07-06,159.9982452392578,162.81019436695212,158.33749956351448,162.81019436695212,4688100
2021-07-07,161.3381805419922,164.90501959183365,159.8284155506339,160.03601057667322,3998900
2021-07-08,158.05438232421875,160.45114095077028,156.2520871059997,157.53539490557984,4628400
2021-07-09,162.2440185546875,162.59314902930504,159.667971845464,160.41341609086052,3175200
2021-07-12,163.81045532226562,164.28225961248145,160.3002302511939,160.4795181852078,3154100
2021-07-13,162.8856964111328,164.88615624346764,162.69697758877152,164.18788076257528,2675000
2021-07-14,162.79132080078125,164.70684464915658,161.36646294035623,163.1121441925152,3123100
2021-07-15,163.10272216796875,163.4895906798437,161.45140742272653,161.489145424499,3448200
2021-07-16,160.4228515625,163.989689999479,159.97935448292083,163.94252110029385,4359800
2021-07-19,153.6288604736328,156.99754891615223,152.3738597439679,156.30870451074364,6739800
2021-07-20,159.34713745117188,160.01710571490835,153.40241636504732,153.7515468470718,4243700
2021-07-21,162.7818603515625,163.82926612570876,160.1680757642525,161.1116840509313,3384500
2021-07-22,161.26266479492188,163.4424122258505,159.516997948102,162.5365418547081,3335900
2021-07-23,163.41409301757812,169.53811661267108,163.1970671208045,166.57518686306778,6326600
2021-07-26,162.87625122070312,165.53721949870086,162.58373491195636,163.48016003827382,3115900
2021-07-27,163.18765258789062,165.24471215998165,160.37570335327786,160.84750759256363,7922600
2021-07-28,160.43226623535156,163.66883537026587,160.13975000430312,163.24421457041106,7961700
2021-07-29,162.25344848632812,164.01800584365532,161.35702345789278,161.72503012844288,3186900
2021-07-30,160.9135284423828,163.47071336909647,160.24357458664846,162.6025954274719,3441900
2021-08-02,159.724609375,163.58396455267956,159.2433598414987,161.48915260231132,2895700
2021-08-03,159.5074920654297,160.68700208081574,155.97840731431657,160.17746008942785,3642000
2021-08-04,158.58282470703125,160.82861729667675,157.88456370900946,158.80929590543698,3544400
2021-08-05,160.06430053710938,160.91354235389738,158.82817581338205,159.14899921987336,2535400
2021-08-06,161.69676208496094,163.1027440111706,160.1681208378224,160.91356525881653,2828700
2021-08-09,161.1494598388672,161.47028327597866,159.271673724615,160.74371509163618,2560200
2021-08-10,159.93215942382812,162.01752548827793,159.16782468522175,161.10222437999482,3389500
2021-08-11,161.04566955566406,161.10228376495158,159.15845245501998,159.89446597240527,3843400
2021-08-12,159.0168914794922,160.51722537876245,158.49790398021966,160.43230407842373,3372800
2021-08-13,156.71449279785156,158.80930470462775,156.2709956753516,158.6111405952528,4157700
2021-08-16,156.4031219482422,156.54465747574346,153.4590677896214,155.4783895724772,3845400
2021-08-17,155.36514282226562,156.96928888443347,154.13846321941807,155.46894033924914,7631600
2021-08-18,152.9872589111328,155.82751546494737,152.92119940139756,154.59139056743447,3563700
2021-08-19,150.06202697753906,152.00585777414474,148.45789574527458,151.12830896528337,4256400
2021-08-20,150.74143981933594,150.96791101560575,149.14673934161593,149.89219803038654,3075000
2021-08-23,151.40194702148438,152.7230072644751,151.08112365896716,152.13796033470385,2006300
2021-08-24,152.10971069335938,152.77023386519008,151.15667114531257,151.54355414535817,2377600
2021-08-25,156.808837890625,157.7996295959116,151.44914905940553,152.75133326625772,3579900
2021-08-26,156.17662048339844,157.11079797910236,155.11035278647094,156.6106866809445,3164700
2021-08-27,159.13954162597656,159.3660128121735,155.84635771682997,156.02564560611248,3002300
2021-08-30,154.99713134765625,158.80931785699434,154.94996243999972,158.67721323924442,2582100
2021-08-31,156.6012725830078,157.0447553303831,154.48758436517582,154.84616020169523,3536300
2021-09-01,155.16696166992188,157.84680596791264,154.87444538083201,156.9598118020783,2569000
2021-09-02,152.91171264648438,155.77084435850946,152.05302572351485,155.7425372641978,4350600
2021-09-03,150.3168487548828,152.18518970033216,149.25056645853647,151.68507830785492,4206500
2021-09-07,150.71310424804688,151.60009826797125,149.62796056735047,149.91103151131048,3779000
2021-09-08,149.96766662597656,150.27905910610164,147.95779065181745,150.21301400940152,3056700
2021-09-09,150.40174865722656,153.00610276791127,149.59967572399603,149.82614693296424,3295800
2021-09-10,149.76953125,152.3550235331243,149.45813874011728,152.0813690252022,2943700
2021-09-13,152.34556579589844,152.67583447895825,150.74143447458115,151.58124533327978,3192500
2021-09-14,150.48663330078125,156.47855119366884,149.82611043343834,153.50617669314784,4281500
2021-09-15,152.24176025390625,153.15706146030402,150.23188435800773,150.99620478022604,2933100
2021-09-16,153.45904541015625,155.22358858785603,153.0532862932854,153.9025425294159,2765000
2021-09-17,154.6763153076172,154.9877078640013,152.4588438036564,152.4588438036564,6390600
2021-09-20,151.51519775390625,152.99665535753783,149.04293411732422,150.37342532958942,5976900
2021-09-21,154.06292724609375,156.02563418787074,152.5720244422924,152.77961941486723,3480600
2021-09-22,158.04498291015625,159.11125065724715,155.60102610611247,156.2804253352561,3562800
2021-09-23,163.58395385742188,164.28222926133162,159.76233693305272,159.93219393327794,4399200
2021-09-24,165.8108367919922,166.07504594048655,163.52730663810874,163.59335172607297,2680400
2021-09-27,166.80166625976562,168.717190221456,166.3864762466919,167.65090808772774,3703300
2021-09-28,163.37632751464844,167.24512699680943,162.9517066930256,165.5938126029171,3862200
2021-09-29,161.86659240722656,163.22539092285737,160.79087931540596,163.14046961521115,2726100
2021-09-30,158.0827178955078,162.64034830472957,157.96948949225222,162.4704913015243,3088200
2021-10-01,164.1312255859375,165.24467643876042,158.97911807141477,158.9979942684361,3956000
2021-10-04,162.9234161376953,167.23569867696276,162.18740279927923,164.07461944102715,3613900
2021-10-05,164.90496826171875,166.1316618342107,162.90452343164566,163.64996759433478,2629400
2021-10-06,163.6217041015625,165.0371168166221,160.31907443309007,162.81964553535568,2922200
2021-10-07,164.87034606933594,167.31090956196962,164.31223657277997,166.0149569669564,3578800
2021-10-08,165.6838836669922,167.41498170326184,164.15144237729498,164.45415467033553,2375300
2021-10-11,164.08518981933594,167.235203987774,163.96221117845005,166.28924997262166,2499200
2021-10-12,165.4568328857422,167.01765135625402,163.74465829706415,164.2270896853409,3069500
2021-10-13,159.60140991210938,164.6811798606832,158.05004544465362,163.44198204287682,5608100
2021-10-14,162.2406463623047,163.06363656848023,160.63252664607575,161.75821477767192,3061900
2021-10-15,166.30819702148438,168.16227350894135,163.79195551497665,164.37845690394863,3043900
2021-10-18,167.2635955810547,168.01089290064579,164.9081648913617,166.09060740813499,2623300
2021-10-19,167.7271270751953,168.3798377444496,166.73387233650905,168.12442608384688,1400100
2021-10-20,169.89337158203125,170.0541820558808,166.68658758205493,167.38658441715128,2398500
2021-10-21,167.8784942626953,170.07310051708632,166.4973947695329,169.87445821673097,3313800
2021-10-22,176.96908569335938,178.81369320703098,172.35282530294975,175.00149953407188,6026100
2021-10-25,172.45687866210938,177.09206211694226,172.00282476462124,176.63799378534094,3889600
2021-10-26,171.17041015625,173.5825962608672,167.92579416814172,173.50691819252881,3832200
2021-10-27,168.40823364257812,173.80016997018305,168.29472375171792,170.36636586461472,3309900
2021-10-28,165.17306518554688,169.543369016832,163.6690014558339,168.7582252904377,4865700
2021-10-29,164.38792419433594,167.12173132935936,163.68791287100672,166.13794528560098,3455400
2021-11-01,164.7946319580078,166.55410675401077,163.97164226635257,165.14463027505812,2250400
2021-11-02,163.81092834472656,165.73121469970394,163.24336434223054,165.54202669887192,3252900
2021-11-03,163.2811279296875,164.43519301680652,162.46760687539233,163.36626032936516,3831200
2021-11-04,163.20547485351562,164.61495178950787,162.38249932911157,162.82709895207168,3315400
2021-11-05,167.14060974121094,168.18115045068495,165.87303488201482,166.6581639773155,3936000
2021-11-08,170.31907653808594,172.24881698101254,168.18121055794677,168.44609104434582,3392000
2021-11-09,170.1392822265625,171.39740274322972,168.78656053891407,170.04468105558126,3203300
2021-11-10,171.5866241455078,173.56366487157769,169.6663383594606,169.6663383594606,3296700
2021-11-11,171.50146484375,172.85417214923365,170.97173290778125,172.15417541989464,2119700
2021-11-12,172.0595703125,172.52309296293424,169.94062818294506,170.94335153495254,2390200
2021-11-15,173.2325897216797,173.9893415014352,172.20148871865007,172.66501145274805,1748300
2021-11-16,171.1420135498047,173.48797566953456,170.02579464337597,173.48797566953456,3299200
2021-11-17,169.90281677246094,171.91770362786514,168.56901802496478,171.38795720629236,3543500
2021-11-18,166.6865692138672,170.62172708515035,166.33655640077413,170.2717287061706,4011500
2021-11-19,164.160888671875,165.79739986188912,162.5527693877929,164.34062228278768,4456500
2021-11-22,161.66354370117188,165.77844965161924,161.65408935681643,165.53250679135562,4651700
2021-11-23,161.6162567138672,162.65679751804205,158.75947141484122,162.04193315348934,5890300
2021-11-24,162.33522033691406,162.68521881403424,158.8257234823891,159.37437871638014,3590600
2021-11-26,148.34451293945312,156.30944387292067,146.14989273505753,156.16754211271038,6804200
2021-11-29,149.32830810546875,152.68644789666726,145.99854578126826,152.06211475448342,6258500
2021-11-30,144.06881713867188,147.44586588295923,143.5012388860299,146.70802281499343,7444900
2021-12-01,141.9499053955078,148.58105453079625,141.78909489043116,147.6634776698572,6145500
2021-12-02,148.29722595214844,149.37561303172131,143.27421207008234,143.48230868940482,6289300
2021-12-03,147.5120849609375,149.77291468713221,145.3269332949891,149.5364261616553,4069300
2021-12-06,151.99588012695312,153.94455747026558,149.5080309493968,150.4729080603809,4141900
2021-12-07,157.92703247070312,160.0175973610372,155.28782691007805,155.60944783655592,5124500
2021-12-08,159.80001831054688,161.32300498058098,158.23919982772992,158.90136480728518,4042400
2021-12-09,158.9392547607422,159.70547547879517,157.54870070423195,158.77844425249435,2245300
2021-12-10,158.00271606445312,161.36085608908417,156.99055265823355,160.2257140279156,2768500
2021-12-13,154.4743194580078,157.40676873612213,153.2351217998713,157.40676873612213,3477600
2021-12-14,154.0486602783203,156.3283991232903,152.35539403394154,153.3770263884798,2964200
2021-12-15,153.4716033935547,154.23782393012564,149.96210721690397,153.916202989807,5013000
2021-12-16,154.19052124023438,156.25269428918287,153.14996593674655,155.13647535827263,4900100
2021-12-17,151.3621063232422,152.60131828597392,148.46748916360633,152.29860605364178,9576800
2021-12-20,147.4647674560547,149.6593876491508,145.46880395258515,148.5147769661095,3839600
2021-12-21,152.21348571777344,152.3459187213889,149.00670172712077,149.22426714003586,3722400
2021-12-22,153.68914794921875,154.35131286418206,151.77831682251386,151.85399487481146,2877700
2021-12-23,155.31622314453125,157.4067738533475,154.7486448481915,155.00405652495596,3140500
2021-12-27,155.5054473876953,156.08248016445594,153.74597157938578,156.08248016445594,1687300
2021-12-28,155.52430725097656,157.15134935524202,154.7580867876879,154.7580867876879,2035300
2021-12-29,154.9756622314453,156.01620308296663,154.43646146503949,155.72295962086415,2082200
2021-12-30,155.28782653808594,156.8391906649197,155.1364704198305,155.72295733542802,1632900
2021-12-31,154.7581024169922,156.24324290471256,154.42701269575971,155.23107948497307,1743600
2022-01-03,159.11895751953125,159.2986766874375,155.51486000190107,155.61891553811793,3236400
2022-01-04,164.22711181640625,164.64333398039608,160.43384061116407,160.5473504980283,4799500
2022-01-05,162.47706604003906,166.7811599499478,162.2311231778579,165.2676420968033,4491900
2022-01-06,163.96595764160156,164.7151451036365,160.97872927818423,163.62455887403888,2649400
2022-01-07,165.3695068359375,166.2988645927134,162.97971527674255,163.57716678412694,3043000
2022-01-10,164.76255798339844,167.10492995576018,161.68996919523372,167.10492995576018,4269400
2022-01-11,166.3178253173828,166.64025347315592,163.57715705262785,165.52121853148097,2762700
2022-01-12,165.45481872558594,167.68339573676704,165.17031737751222,167.12387111309755,3224300
2022-01-13,164.3357696533203,167.26611447213264,163.91851744549317,165.88154908279589,3808800
2022-01-14,159.69845581054688,159.99244969422804,156.19913706718094,159.99244969422804,6508500
2022-01-18,157.58372497558594,160.21059863667176,156.32244649528613,159.23382156409284,4336300
2022-01-19,153.05072021484375,158.11479040847192,152.84208680878328,158.11479040847192,3592000
2022-01-20,152.60499572753906,156.06640287322642,151.22044444553788,152.79465850270253,4205600
2022-01-21,150.53762817382812,153.51537823195886,149.5323880967164,151.68509722671226,3779100
2022-01-24,150.71780395507812,151.21093870373727,144.95198084755665,147.76851694745727,5405000
2022-01-25,164.1650848388672,165.45481168764593,151.4100742542352,157.5552365476685,13320800
2022-01-26,166.2609100341797,169.95938429421165,164.08923031276225,167.80667518883908,8257300
2022-01-27,163.01760864257812,168.99207908122722,161.81324227048967,167.5695868087079,3649900
2022-01-28,167.91099548339844,168.05325340128445,160.99768899621873,162.88485292857771,4271500
2022-01-31,170.5283966064453,170.8223760551481,166.1660807724901,166.82042959461748,5524300
2022-02-01,174.05618286132812,174.53034704686883,169.75077842356933,170.6232387885231,3471200
2022-02-02,174.64413452148438,175.04243065124902,172.25434327255567,173.07938422204384,2841400
2022-02-03,174.5303192138672,176.19938614181734,172.89920798844176,175.2510579219694,3380900
2022-02-04,176.246826171875,178.9305826157302,174.66310512459853,175.35539522513946,4075800
2022-02-07,178.16241455078125,179.1486839835406,175.20363519318326,176.0381686408504,3260800
2022-02-08,183.9757080078125,184.47832089783526,177.91589016306992,178.36160566483997,5133900
2022-02-09,186.25167846679688,188.45180714103068,184.26019765340448,184.26019765340448,4614200
2022-02-10,185.4076385498047,187.9870923749416,184.55414897001458,186.21372329653738,4511100
2022-02-11,181.8988494873047,187.01033846177705,180.60912241638175,185.33179331373333,4834900
2022-02-14,182.4109649658203,184.1179444294208,181.05484789289767,182.32560441636642,3841300
2022-02-15,187.75003051757812,188.11039989774045,184.1463801269787,184.5920955802296,4134300
2022-02-16,188.12937927246094,189.23892168528437,187.0482855519913,187.2948457091714,4122600
2022-02-17,185.5973358154297,187.18104232168946,184.2317407639541,185.52146781586535,3051700
2022-02-18,184.8102264404297,187.53192407077046,184.16535566241015,184.84815320603474,2806300
2022-02-22,182.4962921142578,186.0145818447596,181.84194330159468,185.0947022777318,3420600
2022-02-23,179.18663024902344,184.40243592400097,178.80730471534352,184.30761177575178,3562100
2022-02-24,178.61764526367188,178.7598887238565,169.7981889736785,171.1448134546798,5886600
2022-02-25,183.70066833496094,184.21275921370173,179.67027334572936,179.85993609821335,5426200
2022-02-28,184.48776245117188,185.04728708902658,179.45214200285977,179.8314819666884,5787800
2022-03-01,168.85934448242188,184.70591765263643,167.63600727210078,184.6110790290521,8562500
2022-03-02,170.9930877685547,172.82336906531276,168.89729015354374,170.49995295958746,4058800
2022-03-03,170.5947723388672,173.97081867327043,169.49470807002942,172.70006226116874,3339900
2022-03-04,164.0133514404297,167.6928693107061,161.99342231100638,167.49371403129516,5348600
2022-03-07,150.90748596191406,161.93653417451853,150.86006665317495,161.33909718949815,7760400
2022-03-08,151.77993774414062,157.69749670220702,147.67367472746974,152.22565317467968,7058900
2022-03-09,159.93553161621094,161.90805584183653,158.0957872188826,159.338094740567,4788200
2022-03-10,160.8365020751953,162.12622927517884,156.31297156542576,157.0336959385207,3840900
2022-03-11,159.22433471679688,163.4064664900173,158.9682964639947,162.87540489411816,3000000
2022-03-14,163.8616485595703,165.6824517180268,160.9408099874139,162.477097277623,4614600
2022-03-15,166.94369506835938,169.08692612694483,164.41166043333763,164.62029380134754,3827300
2022-03-16,171.27760314941406,173.3165035432531,167.19030981614858,169.92148593170663,5239300
2022-03-17,177.30892944335938,178.0106975394094,170.75597793360328,170.86977269013124,6398900
2022-03-18,180.8651580810547,181.13068882327312,175.2889835537875,178.94005296480105,8744100
2022-03-21,179.3193817138672,181.60485622329267,177.86844067816995,180.91258066640833,3166200
2022-03-22,181.4436798095703,184.3076357129408,180.2392986546866,180.6565654781325,3007000
2022-03-23,176.40805053710938,179.8220240468588,175.6114436948593,179.0728509883528,3664600
2022-03-24,179.12973022460938,179.58492375238146,176.10456066247605,176.96754287976538,2424400
2022-03-25,180.44793701171875,181.37729484464492,179.23407774861488,180.5712243412093,1871900
2022-03-28,179.89785766601562,180.13493971735994,176.66405501279723,180.13493971735994,3043700
2022-03-29,181.0738067626953,183.97568902693774,180.52377461576143,182.39198251247672,2764100
2022-03-30,179.9547576904297,182.1738567211167,178.6650307333295,181.50053731844383,2278000
2022-03-31,177.33738708496094,181.235016866551,177.2804897038246,179.7366564584831,3801600
2022-04-01,177.49859619140625,179.6323347463972,176.65458463069012,178.47537312784152,2647000
2022-04-04,177.9633026123047,178.75989495780212,176.00025597124778,177.9253613747044,2971400
2022-04-05,175.82003784179688,180.9789454286091,175.25104961904938,177.8020547248351,2974700
2022-04-06,174.21739196777344,175.3174417579522,172.33969158402192,174.95708685700612,3143300
2022-04-07,173.45657348632812,174.29347590496238,170.33722839503983,172.62919055698893,4062400
2022-04-08,174.70240783691406,177.57449290409753,173.01909801972513,174.03669659920044,3075600
2022-04-11,168.87266540527344,173.50412917746618,168.56833197304374,172.19171664595498,4816800
2022-04-12,166.94207763671875,170.47036892387635,166.15274364968397,167.92164178215407,4348900
2022-04-13,170.7937469482422,171.20269325850637,165.47754649474368,165.6962771194416,2980600
2022-04-14,172.2868194580078,173.53265357318497,169.92827896110919,170.48939189652774,2667100
2022-04-18,175.44419860839844,176.78514054390803,172.13465244773795,172.44849084826677,2182700
2022-04-19,178.00242614746094,178.87736287730837,175.66292488342458,175.94821929751578,2713800
2022-04-20,179.2292938232422,180.8365059558974,178.44945020436367,179.10565653941552,2256200
2022-04-21,176.6425323486328,182.9953415842487,175.5393452142046,181.58783547115516,3973200
2022-04-22,171.69715881347656,176.46177870034157,171.48794774643264,176.34764642300922,4373700
2022-04-25,175.0828399658203,175.23499218247568,169.27210545421067,171.16462653073208,4408900
2022-04-26,169.89971923828125,174.90209378573368,169.79510645656686,174.27441709544735,3728100
2022-04-27,168.92971801757812,170.6225327650451,166.9040404049081,168.95824746186224,4085800
2022-04-28,173.06666564941406,174.8831178581192,168.91071168968216,171.51651246831807,2703200
2022-04-29,166.1527862548828,173.3805328397193,165.7913938466439,171.26926631728614,3210100
2022-05-02,163.21408081054688,166.31441592573302,159.30538723849972,166.09567083321488,3881800
2022-05-03,163.6800537109375,165.47748094069888,161.98723926222735,164.5264609352926,3152300
2022-05-04,169.1103973388672,169.44324565952192,162.81463455089465,163.78467909424407,2930400
2022-05-05,162.6339569091797,168.1023229828971,161.03624996094734,167.98820520414233,2987100
2022-05-06,158.96302795410156,161.66393647529813,156.92784521273026,160.88409290986505,3129800
2022-05-09,153.13328552246094,157.88838679743498,152.52463313972095,156.94687152087982,4485200
2022-05-10,153.90359497070312,156.6615476433354,150.63208328282016,155.4157135495998,3014800
2022-05-11,151.5831298828125,156.86129561884454,151.25026696260326,153.80851397322,2644300
2022-05-12,145.7628936767578,149.46236227224384,142.5389352581282,147.97877284227891,5314800
2022-05-13,150.97447204589844,152.24883576026994,148.24504843902164,148.3211318041,3625100
2022-05-16,148.76808166503906,150.96495049808925,146.7614429909334,149.70009190139362,2811300
2022-05-17,153.9226531982422,154.78807070912637,150.6416213017532,153.1808584681019,2928100
2022-05-18,148.45425415039062,152.9715999520733,147.788528423115,152.91452655235722,2697700
2022-05-19,146.4571075439453,148.79662356895616,145.7438424098027,146.0481758325167,2768300
2022-05-20,145.73435974121094,147.2179491255095,142.3772591568532,146.78999288179546,2982500
2022-05-23,151.25025939941406,151.74479400969298,148.37818859342843,148.93928707756953,2726600
2022-05-24,148.00723266601562,150.23261576409232,145.42996233483606,149.5859146818526,2817800
2022-05-25,152.6482391357422,153.8370143238913,148.42572185702585,149.44330587214523,4381000
2022-05-26,157.2702178955078,158.60165498450047,154.7309955080785,154.7309955080785,2463900
2022-05-27,161.2930450439453,161.36911389618035,157.90740066277306,158.89646987884245,2157500
2022-05-31,160.55128479003906,162.41527680898236,158.85845498100966,159.71438212194644,4123500
2022-06-01,157.64112854003906,161.0743125959337,155.81517120306012,160.43713070058834,2276400
2022-06-02,160.85552978515625,160.9030836896756,157.80274905655105,158.0024696509666,1707000
2022-06-03,158.65870666503906,159.80943301660292,157.85033366521287,158.72527053518235,1390700
2022-06-06,158.83941650390625,161.9207130261297,158.1261512702185,160.81754049337053,1486000
2022-06-07,160.4276123046875,161.1789119359448,156.39528111977725,156.57597729362107,2083100
2022-06-08,157.831298828125,160.38002567650173,157.0990093034852,158.58259830614207,2313900
2022-06-09,153.09521484375,158.41142834285577,153.04766093547025,158.07856549631276,2273800
2022-06-10,146.85658264160156,150.14711992913354,146.7995237339057,149.55747735629373,2733300
2022-06-13,139.12474060058594,143.63258163515323,138.259323235272,142.5198897271066,4156500
2022-06-14,137.51751708984375,140.18036185414678,136.23363410522822,138.80138556304365,3574800
2022-06-15,139.0581512451172,140.64635296866763,136.4143166979597,139.50513182430126,3327800
2022-06-16,130.76528930664062,135.61549856912683,129.80476404202594,135.60597907896067,4815100
2022-06-17,137.11810302734375,138.4305157150405,130.8508825896187,131.24080440428492,10033600
2022-06-21,137.669677734375,141.41669961171718,137.09907432617177,141.41669961171718,3518800
2022-06-22,137.3178253173828,139.1818315553038,134.41721039911175,135.26361791512343,3419000
2022-06-23,134.71202087402344,137.5460718411447,132.6388035672887,137.44145902676885,3915000
2022-06-24,138.99159240722656,139.10572469569036,134.0938443233857,134.69299167571785,8957200
2022-06-27,137.2227020263672,141.4832830871249,136.8993586322629,140.74148847174826,3151500
2022-06-28,135.22557067871094,142.18703131177665,134.90222727881982,138.92503884365323,2649300
2022-06-29,132.6387939453125,134.74054054791807,131.66874923796217,134.71201110165046,4164900
2022-06-30,132.32379150390625,133.5170157515341,128.20001607828175,130.49100080743696,4123500
2022-07-01,134.02291870117188,134.49066776975,131.22600853555758,131.79876190256252,2625300
2022-07-05,133.30699157714844,133.30699157714844,129.48867442989638,130.98737090174032,4057000
2022-07-06,131.8751220703125,134.1183892108041,131.58875993809988,132.9633418698922,4401300
2022-07-07,134.62429809570312,135.71251775811072,132.82968460952418,133.8128999814485,4258000
2022-07-08,135.3211212158203,136.6098087627652,133.37378635796713,135.30204012209222,3631800
2022-07-11,134.19473266601562,135.84615044341368,133.48833888288084,134.0897283815729,2373600
2022-07-12,132.8583526611328,135.44526921992104,130.8346490130424,131.28330249211535,4047400
2022-07-13,133.068359375,133.66020849364446,130.1664444768035,130.6246384995239,2753800
2022-07-14,130.2809600830078,131.00644956892305,128.02815267578245,129.5363895011532,4600200
2022-07-15,136.00843811035156,136.60982765753457,132.56240667215414,133.36426425697232,3296600
2022-07-18,135.86524963378906,139.41628517082756,135.09204286722323,137.78394844584952,3330300
2022-07-19,141.0677490234375,141.21093011370064,137.84126584272857,137.84126584272857,3372300
2022-07-20,142.1654815673828,142.3277728586971,139.72176100317716,140.19905063105242,2802300
2022-07-21,143.35870361328125,143.50189923905646,139.7981271179988,141.47819590646534,4683000
2022-07-22,146.06016540527344,153.57271398722244,145.68788008140552,151.78764088984047,9298400
2022-07-25,146.80471801757812,147.74975660009108,144.34191667961392,147.2438308263668,4213800
2022-07-26,143.02462768554688,146.52793219936453,142.07958887265215,145.79290201155752,2812700
2022-07-27,144.74285888671875,145.78334679176285,140.5808927008187,144.71422267397247,5029100
2022-07-28,145.2296905517578,145.71652073913796,140.83862005333617,144.866945765637,3587900
2022-07-29,147.02430725097656,147.36795638017173,144.41829528552816,145.44924267311364,3197900
2022-08-01,146.3656463623047,147.74024288994286,144.9051411931202,145.89789725990096,2295600
2022-08-02,144.71420288085938,146.33698449932962,143.98871341525216,145.1151243701952,2562900
2022-08-03,148.37026977539062,148.9525637944723,146.34656609989898,147.07205576901922,2609300
2022-08-04,149.74485778808594,150.54671551104423,148.20798445385958,148.9334740810254,3693300
2022-08-05,150.35580444335938,150.86173038834264,148.9143947125596,149.3725887717333,2513600
2022-08-08,150.13619995117188,153.48676735450277,149.81164655236466,151.77807717136508,3080700
2022-08-09,151.58717346191406,151.72081396163296,150.1266685129425,150.47985814097342,2997900
2022-08-10,155.06185913085938,156.7514685191402,154.29819280082054,154.42229276709742,3225400
2022-08-11,155.58685302734375,157.42918370205018,154.8136317197729,156.89462173562183,1968200
2022-08-12,158.30746459960938,158.46020081906502,155.86374335122937,156.99969531412341,1942600
2022-08-15,157.88742065429688,158.517446529014,156.3219110831885,156.81829642984974,1852800
2022-08-16,157.8396759033203,158.44105089217916,156.51281140335428,157.50556735839226,1876000
2022-08-17,156.45553588867188,157.00919361090087,154.83275404943447,155.8827970684418,1804100
2022-08-18,157.17147827148438,157.49604630829336,155.92098170028098,156.48417999993794,1397700
2022-08-19,154.8708953857422,156.48412158951828,154.65133173808997,156.07365962913357,1895400
2022-08-22,150.5371551513672,151.959483575219,149.84985687890284,151.75901551003173,1969300
2022-08-23,150.18397521972656,152.35087448519553,150.05987523961136,150.8235416548061,2885200
2022-08-24,151.90220642089844,152.31266852227333,149.1911901790886,149.89758409429012,2029200
2022-08-25,154.86141967773438,154.95688344876768,151.56812349725533,152.7327115883748,1936300
2022-08-26,150.16485595703125,156.15961234085353,150.0503111107554,155.79688213907224,2373700
2022-08-29,147.52066040039062,149.40118255448198,147.3965750114025,148.7998075744193,2693600
2022-08-30,147.63522338867188,149.02890087161646,145.95515466526766,148.5707069314711,2104500
2022-08-31,145.0960235595703,149.26752957587718,144.94328740741875,148.49432283347645,3271600
2022-09-01,144.24649047851562,144.49467587328297,140.94363941974026,143.96966886764915,2425200
2022-09-02,142.98643493652344,146.98612475777583,142.16549610997242,146.50883508107697,2028500
2022-09-06,141.85044860839844,144.43734960327438,139.8935586985968,143.1868534139742,2797600
2022-09-07,145.33468627929688,145.76424401525367,141.64046935805644,141.65955045514042,1766400
2022-09-08,146.54701232910156,146.70928905569764,142.71914016776472,144.06510042248502,3399200
2022-09-09,151.24354553222656,151.3867265999047,147.29158784134452,147.4347689090227,3543500
2022-09-12,155.07139587402344,156.02597512171297,152.10265383107998,152.25539000648394,4146300
2022-09-13,148.2938995361328,152.5513150416762,147.80705477285906,150.95716936442346,3519800
2022-09-14,149.20077514648438,150.40354004366728,146.52794969812882,149.0862157045668,2840200
2022-09-15,149.0384521484375,151.57762169923083,148.81888844954946,149.32481425007867,2371600
2022-09-16,146.1269989013672,147.0815781877108,143.6737231439166,147.0815781877108,6527200
2022-09-19,148.30345153808594,148.41799640147877,143.85510817714433,144.38012974390358,2472500
2022-09-20,146.5087890625,147.56837239458412,145.22011607962173,146.60425279414451,1725900
2022-09-21,141.9554901123047,147.77841493880854,141.9077582355047,147.64477442320282,2599900
2022-09-22,136.53350830078125,142.12734490012707,135.99894609727696,142.06053190755284,3249400
2022-09-23,133.8892822265625,135.51207862674855,131.81784697309197,134.38566752188024,3035600
2022-09-26,131.2069091796875,134.87248984132745,130.4909747739427,133.6792658317528,3808700
2022-09-27,131.24514770507812,134.00388202472183,129.9182827118736,133.10657491630346,2828700
2022-09-28,134.1756591796875,134.7674936630521,130.31916535737923,132.20922822398373,5269500
2022-09-29,131.53147888183594,132.6387943954433,129.67005210982973,132.10423230355687,2280700
2022-09-30,128.7822723388672,132.3714845798271,128.50543623777074,131.15916502124773,3717200
2022-10-03,133.66017150878906,134.37610584368971,128.79181220517606,131.684185752917,2677100
2022-10-04,138.85313415527344,138.93904281058644,136.5334985017361,136.5334985017361,2408800
2022-10-05,137.8126220703125,138.6908333624811,135.62664167300622,136.42848486597856,2073800
2022-10-06,135.91299438476562,138.4712597099738,135.67434957909816,136.55256071606766,2526000
2022-10-07,132.68650817871094,134.87248812755738,131.80829706670977,134.04200888847723,2579600
2022-10-10,131.26416015625,134.00381193933228,130.44322158915517,133.65060778551168,2893400
2022-10-11,131.11143493652344,132.8869525060109,129.2404536382287,130.17593700451607,2588700
2022-10-12,130.52920532226562,132.16152810106183,129.92781557969482,131.0733080599553,2397400
2022-10-13,135.63650512695312,136.59472838518477,125.19186283943237,125.86263081725578,5232300
2022-10-14,131.09454345703125,137.8691900394886,130.45253552162933,136.98762624962347,3871900
2022-10-17,135.6269073486328,136.2785067375904,134.2374866118557,134.7070212506439,3139300
2022-10-18,139.89100646972656,140.90672069499985,137.5529395851898,140.02515712926595,3963300
2022-10-19,137.95538330078125,140.92588081150686,136.64262230953787,139.35438086342214,2803900
2022-10-20,136.4701385498047,141.1654407328747,136.2114142066961,137.98413287339116,4319300
2022-10-21,134.1895751953125,135.4161143858981,126.68670014325144,135.09989896426194,11755400
2022-10-24,135.71315002441406,137.78290092552683,134.50577949232957,135.39693462893123,4299600
2022-10-25,140.87796020507812,141.28041214094685,135.6843929069761,136.52761926822902,3889100
2022-10-26,140.7438507080078,143.25439121298226,140.35097562432506,141.3954355695351,3559100
2022-10-27,140.83004760742188,143.45558411719864,140.29344502062344,142.23863670842968,2101300
2022-10-28,144.1550750732422,144.60544106736242,139.9484765534586,140.43716503542342,3383100
2022-10-31,142.24822998046875,144.02094873485117,142.1236709079643,143.7334788528803,3042900
2022-11-01,140.9354705810547,144.3371658790896,140.50427306357437,143.69515808704992,2675500
2022-11-02,137.50502014160156,142.80399291881582,137.38044645498385,140.45634915773635,2851600
2022-11-03,133.49005126953125,136.25931530982973,132.97261725392332,135.19568713538575,3960500
2022-11-04,138.67405700683594,140.24554240576467,135.10946567879574,136.45097225544524,3322100
2022-11-07,140.8396453857422,141.3762480518317,137.75416543440133,140.09223244064233,2918000
2022-11-08,143.9251251220703,145.01749901107095,140.99296440008575,141.28043429115456,3846000
2022-11-09,139.76646423339844,143.22565125573442,139.57482247968727,143.22565125573442,2425500
2022-11-10,148.2850341796875,149.28157983384483,144.98874416610343,146.40691035055525,4701600
2022-11-11,148.41920471191406,152.24252090033906,148.23713994751378,149.95236782350142,3714600
2022-11-14,147.69094848632812,149.96193282212644,146.6656426302663,146.96268948685963,3666500
2022-11-15,147.46096801757812,150.77642673093032,145.95656519305155,150.40272026688513,2916900
2022-11-16,146.19610595703125,149.39656761443095,145.50618415262693,147.7675912623246,2635300
2022-11-17,144.3467559814453,144.7492080091341,142.98608066268974,143.73349366001565,2769600
2022-11-18,146.1290283203125,147.33638420865918,144.6342025667429,145.88947253618085,2631300
2022-11-21,146.4261016845703,147.04895560896406,145.54453799379183,145.88949897029883,2003500
2022-11-22,148.1221466064453,148.66832623692792,146.8860304688396,147.66220355635585,2124600
2022-11-23,147.49928283691406,148.51501166041385,146.49316022391162,147.403469294465,1404400
2022-11-25,147.7101287841797,148.01676728527477,146.7710739619009,147.10645799480756,665800
2022-11-28,144.56712341308594,147.35555631669894,144.0880118332758,146.31109658183087,1782900
2022-11-29,147.96881103515625,148.01672511496758,144.24132371849393,144.6533672592822,2655700
2022-11-30,151.00637817382812,151.00637817382812,145.15163431793763,147.41304146901788,3914700
2022-12-01,150.92018127441406,152.2329426168331,148.28506699819414,151.13099158621793,2670300
2022-12-02,150.2014923095703,150.7093494551693,148.5246016458271,148.73541192754664,2285400
2022-12-05,149.5594940185547,152.78870185209328,149.05163684061915,149.44451190168692,3013100
2022-12-06,148.2371368408203,151.7250689563222,146.91479867164946,149.24327419788037,3285100
2022-12-07,148.30421447753906,150.43147123328586,147.86342535515607,148.1029811643949,2879800
2022-12-08,147.68138122558594,149.88529790264258,147.03937332172362,149.37744068583612,1632400
2022-12-09,147.47056579589844,148.65876799810206,146.2440410935782,147.55681700848442,1761200
2022-12-12,150.7380828857422,151.1692803832642,147.5663665671206,147.81549932492055,2773900
2022-12-13,150.93934631347656,154.8009852475324,149.63616197152257,153.90982992818905,3110500
2022-12-14,147.6717529296875,151.99333356618118,147.41302861552944,150.98721107362144,3556200
2022-12-15,143.9442901611328,145.91822761217696,140.35095316394302,145.31454231782487,4282200
2022-12-16,140.18807983398438,142.38240488469611,138.12789084686153,142.38240488469611,4510600
2022-12-19,138.95196533203125,140.6097022860518,137.6583725580093,139.9389342313794,2546000
2022-12-20,139.61314392089844,140.37972555124603,138.2237229403907,138.9328135071947,1607800
2022-12-21,140.95465087890625,141.60623569357654,140.25513735445924,140.91631375961566,2107100
2022-12-22,139.23944091796875,140.5713708687137,136.75764580320345,139.9485315027569,2901100
2022-12-23,140.87796020507812,140.9929422949481,138.48240252396147,139.16273271745732,1671800
2022-12-27,140.27427673339844,141.68286583710142,139.58435494295927,141.13667166078542,1858500
2022-12-28,137.99371337890625,140.6863327671708,137.92664536012896,140.10181604891056,1490200
2022-12-29,141.16546630859375,141.45292160709994,138.36744135162843,139.01904081133998,1758500
2022-12-30,141.57749938964844,141.74997257371317,139.6418841365085,139.91018550371666,2247200
2023-01-03,140.9738006591797,144.16468585430135,139.64187091899316,143.29269918274701,2762200
2023-01-04,144.25094604492188,145.61163615706926,142.35366778266277,142.35366778266277,2620400
2023-01-05,140.79901123046875,143.0009572453691,140.4047889762119,141.50094956416766,2505700
2023-01-06,144.39515686035156,144.64515318488483,139.88551015022506,142.0586104271939,3077400
2023-01-09,144.61630249023438,146.58747186171027,144.32785084680407,145.5297816011179,3219400
2023-01-10,146.15475463867188,146.32782559502428,143.53935259243008,144.72204814351616,2198400
2023-01-11,148.0009307861328,148.18362659248862,146.41438819663065,146.4432333584758,3113600
2023-01-12,148.9624786376953,149.76056236793715,146.53938228447956,148.8086279897439,3322400
2023-01-13,149.7701873779297,150.24134953198444,146.44325115021724,147.34710545652274,2391300
2023-01-17,147.8374786376953,150.09711426128518,147.4720870035814,149.55863697395728,3073400
2023-01-18,144.6355438232422,148.80864406365478,144.53939816189117,148.54903757320082,2762400
2023-01-19,141.2028350830078,142.30860554104433,138.65473300491345,140.97205908939722,3852300
2023-01-20,145.77015686035156,145.94322783347826,142.03935938267657,142.270135352184,3954800
2023-01-23,148.077880859375,149.09711587361312,145.72209932555916,146.15479149756493,3608700
2023-01-24,149.35671997070312,150.64518617453268,146.7893977268317,147.03939403336398,2348500
2023-01-25,150.74134826660156,151.0201897397698,147.47208788376736,147.5874832106007,2916500
2023-01-26,149.8855743408203,152.1451953083864,148.35670730263882,151.58749768942806,3640300
2023-01-27,165.68373107910156,168.78951571778018,159.13561535665949,160.38562614582574,13997300
2023-01-30,166.02029418945312,171.02032317602078,165.87605369622145,168.06837421088576,10240700
2023-01-31,168.20298767089844,168.56837930923837,165.28950874415136,166.26067816773775,5170900
2023-02-01,166.9337615966797,168.38568868688338,165.31835901016896,166.71261044286206,3725200
2023-02-02,166.47222900390625,168.48185378970902,164.50105954820197,167.46261881401983,6895500
2023-02-03,171.98190307617188,173.4626756087105,164.62609124373952,164.9626231196755,5305100
2023-02-06,169.69338989257812,170.91455566427655,168.93377610086418,169.94340088307135,3397800
2023-02-07,171.82801818847656,172.14532966915397,168.02991992849974,168.3183862447525,3526300
2023-02-08,172.11647033691406,173.17417518544016,171.03954516169122,172.83762873218046,2926500
2023-02-09,172.47225952148438,175.0780519838954,171.61648536814775,172.26071852429942,3557900
2023-02-10,172.35687255859375,172.81840986648842,169.70301469819128,171.7030292617435,2586200
2023-02-13,174.3568878173828,174.40496798281504,171.42417379009527,172.34726308157184,3102400
2023-02-14,174.0587921142578,175.1453274386252,171.91453728318635,173.37608905331473,2325900
2023-02-15,173.72225952148438,173.78957468542743,171.63570951934096,172.03955648698104,1501200
2023-02-16,171.09725952148438,172.96265851347832,170.84724851925395,172.57803184543425,1899100
2023-02-17,170.4818572998047,170.77993377266318,167.94338019055033,169.2799265724682,2355300
2023-02-21,166.8087615966797,169.71263054475762,166.6549256035684,168.38569423412463,2713300
2023-02-22,167.9818572998047,169.25110335501387,166.27991906104978,166.8856969212185,2468800
2023-02-23,168.40492248535156,169.80878407227485,166.21260194731187,168.50108281519798,2575300
2023-02-24,167.54913330078125,168.21260136983744,165.56835392893558,167.01067071488205,1667400
2023-02-27,166.63568115234375,168.93377214619568,166.42414016780458,168.7799214898024,1909000
2023-02-28,167.29913330078125,168.59720957617753,166.90489653340705,167.31835362699115,2301400
2023-03-01,169.14532470703125,170.3857108630792,166.35683638908264,166.83760871921098,2566500
2023-03-02,168.59725952148438,169.06842174928968,166.02032653351029,167.3472483633139,1795000
2023-03-03,172.20298767089844,172.49145393299838,168.49142560095498,169.24142907921265,2875600
2023-03-06,172.1741943359375,173.57805607564788,171.59727631009017,171.69342197839407,2730700
2023-03-07,168.57801818847656,172.02033518757315,168.34724218629944,171.79918402215796,2906400
2023-03-08,168.10684204101562,169.44338843114002,166.89530114234367,169.06838662878874,2101400
2023-03-09,165.5010223388672,173.33761823436745,165.34718638102947,172.693385227911,4349400
2023-03-10,159.32794189453125,164.26067053026392,158.50101292773016,164.26067053026392,5104300
2023-03-13,151.5683135986328,155.76064957103404,151.36638273217815,155.2798771644376,6123200
2023-03-14,157.60678100585938,158.00101781839024,154.6933020028261,155.28945496772204,5284000
2023-03-15,153.66444396972656,153.80868446648904,149.9336461346374,151.8375150534546,6100800
2023-03-16,154.54905700683594,155.6932974102696,150.09711555617332,151.9817347260591,4737300
2023-03-17,150.5009765625,152.54905674224173,148.94326421282847,152.13559957476588,7447200
2023-03-20,152.6356201171875,154.5106294602758,151.51061451133452,152.27983857987738,3054300
2023-03-21,158.23178100585938,158.2414058421853,155.4817627938535,156.67408340974643,3986800
2023-03-22,156.49136352539062,160.3567764284647,156.250977406304,158.29907183596342,4367300
2023-03-23,156.50103759765625,159.84722430564807,154.63565287627134,156.41450208072808,3727500
2023-03-24,153.63560485839844,154.52984902314012,151.75098553796545,154.34715318991294,2588700
2023-03-27,156.84716796875,158.14525919248277,155.60678175194514,157.64525183649582,3984300
2023-03-28,153.08750915527344,156.33751964891252,152.1067296388237,155.9721427090626,4883700
2023-03-29,157.299072265625,157.87600487488908,154.88560068328192,155.4817536200506,3884800
2023-03-30,156.16445922851562,158.6164008492874,155.587526609979,157.654856266397,2644800
2023-03-31,158.60678100585938,158.73178650061186,155.529841178158,157.37600507477885,3594300
2023-04-03,157.48178100585938,158.88564264521713,156.4240760260688,157.79909249979656,2704400
2023-04-04,156.3086700439453,158.83753674925717,154.64520218337358,158.6644511115073,2063500
2023-04-05,155.45941162109375,155.96127130149043,154.6004671221795,154.95755194069704,2346800
2023-04-06,153.2878875732422,155.17948831835903,152.70881770559342,155.02508244983002,3754500
2023-04-10,155.51731872558594,155.5462707532573,152.29386534970493,152.52548157107574,2372600
2023-04-11,156.18321228027344,156.9070422740004,154.72590652772573,156.0287916806189,2742300
2023-04-12,153.73184204101562,157.52471908591596,153.3264989881734,157.52471908591596,2817600
2023-04-13,156.63685607910156,156.75266419707862,153.43269403568266,154.22408877882694,2729000
2023-04-14,157.52471923828125,159.02063759216287,155.8261367209624,158.50913221119868,2618100
2023-04-17,157.99761962890625,158.0265716509348,155.2760117473466,156.28937669742433,2622300
2023-04-18,158.66358947753906,159.29091788141898,157.58267431885494,158.856622664188,2444500
2023-04-19,159.1943359375,160.73851243860682,158.0265651600222,158.63457232400773,3768600
2023-04-20,157.58262634277344,158.03622768584313,148.63608279558946,153.45197069953625,10832400
2023-04-21,158.065185546875,159.0206465502682,155.6041603391245,157.3317097034693,3882500
2023-04-24,154.98648071289062,158.56703303318358,154.80310808450815,158.49946849583867,2473500
2023-04-25,150.67247009277344,153.69325911305108,150.52770996217532,153.3651263327879,3421300
2023-04-26,150.28639221191406,151.7726498100979,149.6687246127996,150.33465048438617,2789100
2023-04-27,152.9211883544922,153.1624650842173,150.46982326008492,151.07783060506537,2143500
2023-04-28,155.71034240722656,155.74895492966616,151.405973916049,151.81131704348977,2380100
2023-05-01,153.7608184814453,156.20253744440075,153.1431360080595,156.20253744440075,1803600
2023-05-02,147.90260314941406,152.824653255697,146.60936369372266,152.824653255697,4925600
2023-05-03,146.89891052246094,149.57224571935447,146.5418109973611,147.91226086767801,2655300
2023-05-04,143.61753845214844,145.972401365939,142.2567343497162,145.7600766949342,3997900
2023-05-05,147.32354736328125,147.9701818795053,145.84693513504652,146.01100152414358,2223200
2023-05-08,147.699951171875,149.18622402124686,147.613095086569,148.05705073318148,2271600
2023-05-09,148.02809143066406,148.3658699879321,146.5804311745854,146.696239282636,2322700
2023-05-10,143.49208068847656,149.27307607380607,142.78755680497935,148.25006515976196,4602600
2023-05-11,142.826171875,143.31837108024985,141.17583263750683,142.80686561409934,2900300
2023-05-12,142.7682342529297,144.1097467708007,141.95754811842542,144.1097467708007,2320000
2023-05-15,144.7660369873047,144.96871591868654,142.76825860822572,143.0095353365379,2271900
2023-05-16,143.2314910888672,147.09191794836562,143.1928785735107,144.9493798632352,1960200
2023-05-17,146.7830810546875,147.55516939460225,144.0904397204695,144.59229935036814,2446500
2023-05-18,148.1245880126953,148.7422557776094,145.78903131641516,146.93751076829318,2629800
2023-05-19,147.6130828857422,149.51434446978175,146.8313487298768,149.17656592383412,2258600
2023-05-22,150.08377075195312,150.46016185900075,147.93158645916097,148.3079775662086,2483800
2023-05-23,147.23667907714844,150.3250176407043,147.1787750300755,149.08003644955642,2928400
2023-05-24,145.4608917236328,146.40669222296032,144.8818217783692,146.21367381665925,2308400
2023-05-25,145.80833435058594,146.2136774317483,144.1579952742328,144.37998043700995,3234300
2023-05-26,151.7533721923828,152.72812458969685,147.20771347381208,147.47794215279734,4015400
2023-05-30,152.49652099609375,153.40372374924672,151.19363564482268,151.66652855452412,3268200
2023-05-31,153.02732849121094,154.03104778793087,150.8075799546857,152.1683840471283,5588500
2023-06-01,157.0421600341797,158.2678496402742,152.70882574262302,153.50986605360703,4087200
2023-06-02,162.6783905029297,163.92338645014408,158.75041371037165,159.2329670826401,4820500
2023-06-05,161.5878448486328,162.3695938254372,160.04368260956758,162.3695938254372,2870900
2023-06-06,165.82464599609375,166.62567162559307,161.65537783928735,161.9931710865105,3631500
2023-06-07,165.56407165527344,167.59078706481398,164.74372499875125,167.59078706481398,2789000
2023-06-08,165.16836547851562,165.54475651483432,163.6434950752255,164.6954578784803,2354400
2023-06-09,165.72813415527344,166.2106875357101,164.9753520599011,165.9404588207744,2200900
2023-06-12,167.58114624023438,167.86102073610473,165.93080711217834,166.00801742429877,2609600
2023-06-13,169.02882385253906,169.97462450221195,168.13128149370272,168.32429993068618,2480400
2023-06-14,168.3821563720703,170.86247277493862,167.33983943548287,169.87807460679375,2326100
2023-06-15,167.74522399902344,168.440102128837,163.65318026385717,165.4289733838864,2797600
2023-06-16,166.20103454589844,168.48833275731863,165.5640605770807,168.12158749169149,4616900
2023-06-20,163.4987335205078,165.245574333377,162.45641649223208,165.03324967615268,2865700
2023-06-21,162.06072998046875,163.19956364736058,161.12457521853898,163.19956364736058,2813600
2023-06-22,162.3888702392578,162.62050118041148,159.46459771661512,161.44306966734646,2755900
2023-06-23,162.20550537109375,162.71701079202273,159.95680478174512,160.2077272458209,4214400
2023-06-26,161.2790069580078,164.55071860395276,161.23074867003632,162.649456923499,2507100
2023-06-27,162.32131958007812,162.50469223341548,160.38144543304756,160.5455265528263,2433900
2023-06-28,163.85580444335938,163.94266050678291,161.36582754070693,161.42373158298932,2289000
2023-06-29,166.07557678222656,166.29754721866345,164.3769941477186,164.6279166095011,2899200
2023-06-30,168.12159729003906,168.9805417308895,167.28195910807312,168.16020980780803,3371300
2023-07-03,169.31834411621094,170.1772886033443,167.6390529354322,168.21812292228321,1700200
2023-07-05,169.4438018798828,170.4089086453395,167.96717498048238,168.2953224727717,2487800
2023-07-06,165.54104614257812,166.86777143607506,162.91663207881467,166.31578195756467,3157300
2023-07-07,164.4370880126953,166.15118897325178,163.34277288295308,163.78825087550385,2145300
2023-07-10,166.28675842285156,166.40296364260286,164.09812827180855,164.4951824751042,1865600
2023-07-11,169.12420654296875,170.03452014584838,166.87748861681743,167.05179644195164,2281900
2023-07-12,168.8240203857422,172.29095261633262,168.80464792164378,171.4096902106112,2305800
2023-07-13,168.7368621826172,170.5381170997079,168.40758940873818,169.87958632880995,2080400
2023-07-14,167.9136962890625,170.11200535718996,167.07117886363648,169.82147752112112,1829500
2023-07-17,169.85052490234375,170.69304230830193,167.38106051810928,167.47790805351426,2144100
2023-07-18,172.4168243408203,172.8041997107388,168.92084105292543,169.65684686734082,2685700
2023-07-19,171.52586364746094,173.14311684368252,170.74144893077013,172.62017862484123,2749100
2023-07-20,171.5161895751953,171.6227159456624,168.55283844002105,170.01514154656195,3940700
2023-07-21,164.8438262939453,167.8652804676459,162.13225765702566,166.73223515250817,9102100
2023-07-24,162.4905548095703,163.66234496468581,161.6577162500366,162.29687451646322,4979900
2023-07-25,161.24130249023438,163.6139193012354,161.16382741851749,162.06446219747465,3286700
2023-07-26,162.4518280029297,163.1103439684097,160.815202155324,160.92172853525273,2352000
2023-07-27,158.43289184570312,163.2168553287334,158.01646520726237,163.20717648667033,3944200
2023-07-28,160.20510864257812,161.31879630392996,159.44006623288732,160.06953094553694,2925900
2023-07-31,163.54612731933594,163.65265368898073,161.2509709509632,161.2509709509632,3345900
2023-08-01,164.29180908203125,164.44675922676123,161.9772948612416,162.64550443063789,2340100
2023-08-02,161.48341369628906,162.45182997032978,160.8055252598325,161.99667313938187,2236200
2023-08-03,161.15414428710938,161.39624833845943,159.8177251950622,160.60213995713906,1708700
2023-08-04,160.18572998046875,162.79077196817175,159.84677839381746,161.27035141477887,2256000
2023-08-07,161.68678283691406,162.045092119124,160.89267442277836,161.58025645884365,2027200
2023-08-08,160.63121032714844,160.74743033385496,158.42322229890902,159.69184531426427,2102900
2023-08-09,158.6459503173828,161.03792475688414,158.33605003787218,160.69898795013538,2445200
2023-08-10,158.37477111816406,161.24128943210786,157.5806775568789,159.50783102051102,2556000
2023-08-11,160.05015563964844,160.54404260088972,157.46448605986927,157.53226751249812,2102500
2023-08-14,160.83460998535156,161.22197066471276,158.59757029178581,159.1398811536366,1827300
2023-08-15,156.79629516601562,159.6046966772758,156.59292123018963,159.19796358248465,2447600
2023-08-16,155.6825714111328,157.8130987141301,155.56636620437203,156.176473093581,1994900
2023-08-17,155.50827026367188,157.47415390550884,155.31458998515328,156.79626554226473,2473000
2023-08-18,155.1693572998047,155.72136174662253,153.92010663221643,154.20094088941136,2139500
2023-08-21,155.79881286621094,156.54448274816727,155.02407690170122,155.79881286621094,2070500
2023-08-22,154.0556640625,156.1668044664053,153.60050722737185,155.68259632493786,2255500
2023-08-23,154.40428161621094,155.0240673944368,153.6876483070385,154.29775524291313,2042500
2023-08-24,152.80638122558594,156.3217366573333,152.75797223848903,153.98785013716886,2468600
2023-08-25,153.3197021484375,154.5980042009098,152.3609645264363,153.43590739588154,2969200
2023-08-28,154.16220092773438,155.82787822979725,153.74577421378825,153.9588269926703,2509900
2023-08-29,155.1790313720703,155.71164850919962,153.3003014082866,153.87166347199323,2175800
2023-08-30,155.11123657226562,156.74786247907355,155.06281280202646,155.20808411274396,3039900
2023-08-31,153.00009155273438,155.85691658892864,152.75798748565248,155.5857612159457,3653900
2023-09-01,154.57858276367188,155.10153576522418,153.69733528829536,154.04596569704427,2195500
2023-09-05,154.9466094970703,156.74786442354815,154.31714480673253,155.05313588217396,4151000
2023-09-06,153.00978088378906,154.79166339320437,151.90578685329692,154.0459934548192,2949200
2023-09-07,151.8283233642578,152.65148322234555,151.14075598916673,152.2931591028832,2617400
2023-09-08,152.457763671875,152.8063941141551,151.76051756417414,152.0607242384149,1931300
2023-09-11,152.8451385498047,154.13313393585713,152.42871187823138,153.3680768231203,2611100
2023-09-12,153.49398803710938,154.67545713979624,152.47714793701195,152.67082824730184,2659000
2023-09-13,154.11376953125,155.62449659632796,153.61018891727068,154.30744983605433,2976700
2023-09-14,156.6703643798828,156.84468697175572,154.94658480606398,155.49858910732735,3209900
2023-09-15,158.5781707763672,159.13985400943952,156.70913439079663,156.9124935408727,7273600
2023-09-18,154.58827209472656,158.77182210681835,154.3171167595381,158.6168719790371,2413400
2023-09-19,154.31712341308594,154.82068918480059,153.44553998938017,154.026595605184,2230700
2023-09-20,152.26409912109375,155.14029687309625,151.92516226349014,154.9466165577712,1969700
2023-09-21,149.82369995117188,151.9154680359319,149.56222339925407,150.90832153414823,2712100
2023-09-22,148.2451629638672,150.14325055983232,148.0902128157061,150.10452041122178,2380600
2023-09-25,148.39044189453125,148.4679169803081,146.9571897498138,147.40266779881526,2434400
2023-09-26,146.34706115722656,148.12895831425382,145.4173898183823,146.95716813243402,2332100
2023-09-27,145.1655731201172,146.71504485106954,144.26495320501215,146.71504485106954,3705400
2023-09-28,145.4851837158203,146.11466320767514,144.31340821064174,145.03972047110906,3489800
2023-09-29,144.47801208496094,146.89905253205296,143.9744315344455,146.66662732946318,3579400
2023-10-02,144.75885009765625,145.16558313028534,143.39339447985097,143.73233128527923,2657600
2023-10-03,140.46878051757812,144.46832959604188,139.75214717035942,143.8098136365917,4184100
2023-10-04,141.99888610839844,142.27972033221698,139.8393071305408,141.29193157349044,3476700
2023-10-05,143.02963256835938,143.46720752088103,140.77368300726445,141.56132088931864,2706200
2023-10-06,145.1980743408203,146.19964031986942,142.1058495494996,142.6601219964398,3204600
2023-10-09,144.71188354492188,145.32448252771573,143.35052114827602,143.52556002734252,2279400
2023-10-10,146.7635955810547,147.54151468295254,144.8868800288899,145.37307761287946,2909100
2023-10-11,147.3275909423828,148.5917076658811,145.62589934778944,147.2497975461212,1727000
2023-10-12,147.1039581298828,148.5042097200259,145.9662574222852,148.29028156944435,2377200
2023-10-13,146.9289093017578,149.8849839528082,146.27739151103646,148.69866071347013,2951500
2023-10-16,148.57225036621094,149.1751454565768,147.03587906635562,148.16384617842468,2586300
2023-10-17,150.1280975341797,150.4587083482084,147.3178759397883,147.37621727902,3919400
2023-10-18,147.34703063964844,149.35016220322623,146.95807852854338,148.89313531201321,2632200
2023-10-19,145.48976135253906,151.7422700440602,144.89659970221658,146.25796184991995,4642200
2023-10-20,137.66200256347656,143.8561555534057,137.5355864330457,140.7055896041919,8268100
2023-10-23,140.5986328125,141.82386038608178,137.02022523189706,137.5939348976609,5313500
2023-10-24,140.43331909179688,142.46562158688715,139.57760653067513,141.82385200361972,3521100
2023-10-25,139.55816650390625,140.84172048221686,139.27616358030733,140.11242406525727,2841400
2023-10-26,139.3831329345703,140.9098006140084,139.04280349629258,139.41230360534914,3378000
2023-10-27,137.40916442871094,139.98602063170938,137.1368949575556,139.8790565653574,3442500
2023-10-30,139.3150634765625,139.88877307950114,137.81756657007654,138.78024315281752,3303300
2023-10-31,141.99887084960938,142.63092179894488,139.12058934677356,139.3734067589931,3737200
2023-11-01,142.4072723388672,142.76706864803697,141.13343701638615,142.4461764554346,2332600
2023-11-02,146.6858367919922,146.74417813592135,144.23539648394427,144.23539648394427,3108400
2023-11-03,148.54307556152344,149.6321682028624,148.19301271923095,148.36805155916332,2667700
2023-11-06,148.7667694091797,148.8445628174122,147.3276136132413,148.38753581753085,2490000
2023-11-07,148.7570037841797,149.54464147050507,148.1444049379112,148.74728517434352,1583300
2023-11-08,148.78619384765625,149.55439441445517,148.22220281461662,148.74730456566954,1804500
2023-11-09,148.16383361816406,149.9044291207164,147.85267490804537,149.4376687991812,2052900
2023-11-10,150.118408203125,150.21563884161753,147.9013478544553,148.81538707665217,2088100
2023-11-13,150.07948303222656,150.974084903822,149.26267456306218,149.82666560250647,1753600
2023-11-14,152.57852172851562,153.5606354574707,151.72280927551904,152.27708161554784,2968600
2023-11-15,155.02896118164062,155.03869462978594,152.66604794378165,153.18141621798728,3272600
2023-11-16,154.6594696044922,155.68048759853218,153.6092809395574,155.24289785996203,3749100
2023-11-17,158.0725860595703,158.09203812113302,155.49574431159738,155.49574431159738,2975800
2023-11-20,159.32696533203125,160.10486965066676,158.26704324837885,158.41291143630335,3242900
2023-11-21,157.80999755859375,159.58948240940518,157.2654586651902,159.13245551581892,2759700
2023-11-22,159.2686004638672,160.13403158306488,158.35456145558737,158.7726842621605,2527500
2023-11-24,159.88119506835938,160.6591140891463,159.44362025590772,160.01732978417925,950700
2023-11-27,159.51173400878906,159.97849448127283,158.81162297521584,159.23946448529497,2146400
2023-11-28,161.08700561523438,161.3981643892366,159.09359232409795,159.3950324868288,2117800
2023-11-29,162.80813598632812,164.0625342171867,161.8065700264571,161.8065700264571,2720200
2023-11-30,166.05593872070312,166.44489088034172,162.90537281236487,163.3623997606058,4253100
2023-12-01,168.96336364746094,169.5273545739963,165.60860359119528,165.95866641326646,3412000
2023-12-04,168.46746826171875,170.47059999806282,167.89375865520725,168.08823472753295,3631000
2023-12-05,165.96841430664062,167.94239031659595,161.34953686472468,167.3492286200259,6452500
2023-12-06,162.8859100341797,167.6214846146831,162.5650178466864,166.9894188498971,3890700
2023-12-07,163.9652862548828,164.5487293539604,163.1095885038299,163.80971428769325,2797100
2023-12-08,163.78050231933594,164.46119077081582,162.94425676337192,163.69299031988464,2681300
2023-12-11,163.7416229248047,164.83070077278177,163.22625466906035,163.75134153502847,2811400
2023-12-12,166.31846618652344,166.35737030302812,163.13874460941332,163.7416248770783,2946200
2023-12-13,169.74130249023438,169.83854794454882,165.45303612873948,166.48378749672403,3207700
2023-12-14,173.922607421875,174.9338919092295,170.75260438667945,170.88873912223818,4548100
2023-12-15,175.5270538330078,176.17855684252137,172.6001495954785,172.63903887530577,7139200
2023-12-18,177.71495056152344,177.79274396203803,176.03271093342065,176.37305520597522,2814400
2023-12-19,180.62240600585938,180.64185806412203,178.133076700867,178.1525287591297,3978300
2023-12-20,175.6631622314453,180.52513754742853,175.55619818099083,180.23343089852645,4020700
2023-12-21,179.68890380859375,180.0973228526792,176.81062230434463,176.81062230434463,3496800
2023-12-22,180.4473876953125,181.22529199952012,179.5333338165377,180.5154476450226,2782600
2023-12-26,180.8266143798828,181.04052766912693,180.01952459917712,180.8266143798828,1230000
2023-12-27,181.896240234375,181.96431501909893,180.49598879933438,181.00163844811527,1825400
2023-12-28,182.61582946777344,182.87838033770984,181.83791030643434,181.95459298748435,1486100
2023-12-29,182.16851806640625,183.10202401184014,181.38088030740738,182.56720367005894,1915000
2024-01-02,183.11175537109375,183.52989306289723,180.93359940939084,181.3420036522101,2236600
2024-01-03,181.17666625976562,182.314366772039,180.4668071376275,181.5267142596294,2720500
2024-01-04,182.56192016601562,183.95694525546335,181.21567488405339,181.45955903597365,2777500
2024-01-05,184.43496704101562,184.8739555811053,181.95711036027004,182.24977434883274,2243300
2024-01-08,184.581298828125,184.69835846449507,181.82052828150168,183.61551217154746,3442100
2024-01-09,182.20101928710938,183.39117541956497,181.78153070656643,183.2350859530601,2055500
2024-01-10,180.44503784179688,181.54739915711752,179.17683706155796,180.50356766641394,2757800
2024-01-11,180.50355529785156,180.8254841966958,177.5866951917237,180.48404039581314,3493300
2024-01-12,177.58668518066406,181.84979046245218,177.49889045470363,181.283977419305,3366300
2024-01-16,176.5428924560547,176.7184819315975,174.44549433101784,176.581907377672,4142900
2024-01-17,176.57215881347656,177.15748684109545,174.6210852354271,175.06007381338623,2377600
2024-01-18,175.39173889160156,175.78196250768633,173.460180369886,175.6941677761331,3215200
2024-01-19,178.68905639648438,178.8939256540756,175.02104374594765,176.57214353374965,3388900
2024-01-22,180.4840545654297,182.20100882739533,179.55729760021504,179.75240197939024,3145100
2024-01-23,180.93280029296875,181.46934847687587,180.2889424722802,181.13765467240916,2327600
2024-01-24,181.2742462158203,183.81063283711399,181.18643659524312,182.51316717202317,3052500
2024-01-25,183.46920776367188,183.72284196548196,181.86931316829958,181.879078062741,3472500
2024-01-26,196.5023651123047,199.76066924830536,187.55669468687995,187.8298437925792,13555400
2024-01-29,195.9462890625,197.9363772478803,194.20008503582113,196.97060550614756,4935500
2024-01-30,199.1558380126953,199.4387520294552,195.50733979297982,195.59513453521123,4284600
2024-01-31,195.82923889160156,200.29719868115197,195.75119417078528,197.44861847063706,3495000
2024-02-01,198.24856567382812,198.49244984428748,194.9902767290134,195.45853016835295,3028300
2024-02-02,201.3605194091797,201.90681754040253,198.03393592772414,198.41439461807633,3393000
2024-02-05,200.90200805664062,201.6629254072513,198.44365167785617,200.46301956752018,3099300
2024-02-06,200.61912536621094,202.0141506500174,199.0094956934821,200.41427098594113,3255300
2024-02-07,203.9652099609375,204.03348978777862,200.57034649712227,202.01413660935268,3272100
2024-02-08,206.04312133789062,206.16993099190296,202.86286203980083,203.15552603880735,4136600
2024-02-09,207.2722930908203,209.00874730348104,205.26268978080907,206.37480107302449,4785100
2024-02-12,207.06741333007812,208.7746025447465,206.43332043311904,207.05766332192027,4041400
2024-02-13,204.54075622558594,205.80895677704422,202.53115322020932,205.07730433029988,3381700
2024-02-14,205.74069213867188,206.12115087116152,203.71158882240002,205.9845763232296,2770800
2024-02-15,207.330810546875,207.90637361871023,205.4967968150518,206.29674404208396,2644500
2024-02-16,207.3600616455078,209.04773583081672,206.68693899576695,207.33079673773713,2831300
2024-02-20,207.2917938232422,208.52096467729376,205.13585121777373,205.83823881594847,3341700
2024-02-21,205.73095703125,207.48692626435286,203.98475269296267,206.423594715186,2599400
2024-02-22,208.75511169433594,210.27694662226455,207.28204169484638,207.28204169484638,3027800
2024-02-23,209.31112670898438,211.02808062049428,209.01846275720365,209.74036518686185,2617000
2024-02-26,211.65245056152344,212.21824875249922,208.03320282788337,208.19904228186027,2684500
2024-02-27,212.64749145507812,212.74505108192284,211.0085968997524,212.11094327845035,2428100
2024-02-28,212.69627380371094,213.83765000095497,211.45733797845935,211.86706162217442,2599200
2024-02-29,214.05226135253906,214.3644402422028,212.32555722216986,213.63278771575077,5186500
2024-03-01,214.28639221191406,214.98877981730615,213.08647136948926,213.94494841730372,2342800
2024-03-04,213.5547637939453,214.20837166164395,211.92561912929165,213.71085325398056,2625300
2024-03-05,211.88656616210938,213.544975558565,210.83298475029426,212.12070032657115,2672300
2024-03-06,213.10598754882812,213.92543479819565,211.95486139645593,212.29629030760475,2727900
2024-03-07,217.9544219970703,219.19335785512504,215.4082704479551,215.60337482362672,2974100
2024-03-08,217.9056396484375,219.398209688962,217.38860636043933,217.58371073384268,2242800
2024-03-11,214.8034210205078,216.92033380096763,212.94989242248883,216.491095285942,2808200
2024-03-12,217.2032470703125,217.97392942321704,214.2668868705789,215.82775159342944,2067700
2024-03-13,217.35934448242188,218.0227172238635,216.44233754056683,217.6812734015099,2693100
2024-03-14,215.07659912109375,218.80314195029126,213.74011847072978,218.79339194109156,2417900
2024-03-15,213.1157684326172,216.1789532821872,211.90609748409227,215.57411036516984,5267900
2024-03-18,215.56434631347656,216.30574884849437,213.63278781072697,214.52051489689674,1893000
2024-03-19,216.26675415039062,216.52038835793772,214.00350164424057,215.64241119791996,1817600
2024-03-20,222.33457946777344,222.48090402291245,215.81798637791516,216.07163545416833,2249700
2024-03-21,223.5149688720703,226.0221053914297,223.38815922041843,223.50521886363833,3523700
2024-03-22,220.4322967529297,224.90024209380815,220.38351693696168,223.44670182232716,2284700
2024-03-25,220.5005645751953,221.43708638003056,219.7201322187508,219.82744185383078,2119500
2024-03-26,218.9689483642578,221.31998022053773,218.83237383781207,221.07609607434838,2106400
2024-03-27,222.17849731445312,222.4223815046995,219.6323457728605,221.64194911880915,2153100
2024-03-28,222.1199493408203,222.8711167533432,220.80296886689786,222.8711167533432,2295800
2024-04-01,222.04190063476562,222.97842238160277,221.28098322787028,221.87606118818672,1616700
2024-04-02,220.0128173828125,221.41759278247878,219.0958103921687,220.83226473744764,1984500
2024-04-03,221.08590698242188,221.70048503658887,219.739661451895,220.28595967138125,2070100
2024-04-04,214.8817901611328,224.7554479413761,214.50994785495067,224.22703259489253,3035300
2024-04-05,217.69027709960938,218.3361147965673,214.81331078284373,215.283014998348,1827900
2024-04-08,219.30490112304688,220.02904030053506,218.34591729571366,218.66884362087887,1401200
2024-04-09,215.12646484375,219.1287686467484,213.29656379964104,218.2089354818858,3503000
2024-04-10,212.9833984375,214.79373888365814,210.89907754853695,212.84640075028352,3115000
2024-04-11,213.52163696289062,214.4708406814849,209.9107507451744,212.83664843700555,3139000
2024-04-12,213.52163696289062,213.5999234989389,211.48623182052503,212.34736878542623,2441200
2024-04-15,213.71731567382812,217.95447865028123,212.17120533288485,217.13249253523162,3459000
2024-04-16,213.6586151123047,214.67632505615344,211.86784995963407,213.0323378128703,4176700
2024-04-17,213.0029754638672,215.55701552746797,211.87763837663877,214.85245172153478,2256800
2024-04-18,212.83663940429688,216.70194550140536,212.5234932733935,213.5803390677483,3901500
2024-04-19,226.0863037109375,226.63430938784222,214.14788484205872,214.14788484205872,7573700
2024-04-22,228.00430297851562,230.32348359978954,222.80815580184273,227.0550993209417,5151300
2024-04-23,233.83651733398438,234.28664621261157,228.65993070837075,229.73635182096393,4684500
2024-04-24,233.99307250976562,235.39241993848844,232.86773539576149,233.16130614382342,4429200
2024-04-25,232.0164031982422,233.33744922135898,230.36263568344873,233.02431802708747,3329000
2024-04-26,230.5876922607422,231.840246858345,229.393848826835,230.93997417454477,2993300
2024-04-29,233.79736328125,233.99307213576898,230.58769028592766,231.51731854361415,3696300
2024-04-30,229.01219177246094,234.472553504246,228.75777177429887,232.77965039187904,3564300
2024-05-01,226.49729919433594,230.0983895682327,226.27221984724704,228.21955786033521,4176000
2024-05-02,227.5150146484375,228.93392250615582,225.95910909959383,228.571860379245,2734900
2024-05-03,225.82211303710938,228.3467975903085,224.21727653022643,228.2587159133846,3203100
2024-05-06,229.30575561523438,229.54061517453857,226.360298100642,227.31928183745376,2259600
2024-05-07,229.6287078857422,230.93997364402844,228.40550887279713,230.45069403885043,2084300
2024-05-08,231.17483520507812,231.7717569257606,228.51315293563772,229.37427489460111,2501900
2024-05-09,234.0126495361328,234.24750912257548,230.50940576274684,230.9008384068179,3166300
2024-05-10,237.10488891601562,238.31829272565415,235.15755080022478,235.34347943083142,2590800
2024-05-13,233.5331573486328,238.3183114492142,232.9949617103337,237.74096507948627,2768800
2024-05-14,236.35140991210938,236.89940069250895,232.99495891634763,233.04387493260344,2387300
2024-05-15,236.5177459716797,237.6626583970166,235.0988381760892,236.44925459493018,2013400
2024-05-16,236.14590454101562,238.13237844871017,235.68598053956634,236.53732223382747,2605900
2024-05-17,237.61373901367188,237.97580111959354,236.7134514594636,237.5941636498949,1848700
2024-05-20,237.10488891601562,239.16964935360943,236.9091800691347,237.89751945144153,1983200
2024-05-21,237.86814880371094,238.35742835573478,236.1654505872822,237.14400969132993,1825800
2024-05-22,234.94227600097656,238.2498108927877,234.39428523510622,237.70182012691737,2292700
2024-05-23,230.4115447998047,235.666402674765,230.07882333965446,235.666402674765,3272600
2024-05-24,233.07321166992188,234.9227028016735,231.6151680895976,231.7815213536521,1624200
2024-05-28,232.16314697265625,233.35699027174547,230.82252578090316,232.65242652370506,2315400
2024-05-29,230.88125610351562,232.56437909337038,229.63848175983293,230.40175672829866,2711300
2024-05-30,232.13381958007812,232.23168147482116,229.9418415498413,231.30203826964856,2386300
2024-05-31,234.8542022705078,235.04013090303243,230.85189882373862,232.89708391825357,5102500
2024-06-03,231.80108642578125,236.18502705150084,228.52290743928518,235.03031953889436,2677200
2024-06-04,232.16314697265625,234.85418450342468,230.67573295661236,231.32158554758723,2512100
2024-06-05,229.65805053710938,232.603508219057,228.68927159801564,231.18460043025505,2925100
2024-06-06,228.34678649902344,231.3313799987841,227.7107140845415,229.75589915019066,2709600
2024-06-07,227.6813507080078,229.10025845845422,226.74194230606324,227.4269307099035,2212500
2024-06-10,227.45632934570312,228.9045929496334,225.65578379145137,226.97682990643418,2933500
2024-06-11,219.7158966064453,226.673453135501,219.4027654260014,226.673453135501,3168100
2024-06-12,219.2364044189453,223.50292328041078,218.05235610641844,222.5537196280194,3091100
2024-06-13,217.4260711669922,218.9526211308439,216.00716331246994,218.6199145862359,3011300
2024-06-14,219.9996795654297,220.80209031964947,216.5942829061712,216.63343363464705,2373800
2024-06-17,223.37570190429688,223.5714107484558,219.21682550650206,219.39295898675678,2426700
2024-06-18,224.39341735839844,224.39341735839844,221.9078834540291,222.70051405086284,2176500
2024-06-20,225.2741241455078,226.7125924588682,221.58495171279486,223.65949247683193,2968100
2024-06-21,225.44044494628906,226.15478889167187,222.6221900262972,226.15478889167187,5064300
2024-06-24,226.50709533691406,228.88498698498287,225.27411614142966,226.71258440368072,2152600
2024-06-25,225.64596557617188,226.34074918803927,223.63991620111503,225.910180744812,3206800
2024-06-26,225.7340087890625,227.50521332434988,224.22703432649786,225.10773155464736,3151900
2024-06-27,223.50291442871094,225.3915414417331,222.49499965120353,224.86311111409856,2264200
2024-06-28,226.5854034423828,228.59145294537862,223.83565426469113,224.3347141202809,3901100
2024-07-01,228.7969512939453,229.7657303922105,226.58541261508475,227.3486876870645,2792700
2024-07-02,230.91061401367188,231.1258982307059,227.9749364340752,228.54250255792596,1871700
2024-07-03,230.65618896484375,232.48608983806773,230.14733401462996,231.42924414068278,1365900
2024-07-05,231.2647247314453,232.31489412986082,229.23306635132684,231.34324444902575,2488300
2024-07-08,230.1654510498047,235.06301146078167,229.42934558594,231.8535874450226,2638600
2024-07-09,233.34542846679688,234.76856267989098,229.7826732839727,230.61693212066774,1943400
2024-07-10,234.50355529785156,235.01392592690706,231.2548790357185,232.18729123575355,2203000
2024-07-11,234.32691955566406,235.5046853707752,232.57008766973811,234.44469164434372,1868700
2024-07-12,234.20913696289062,235.8089293414244,232.83506442679962,234.54283451658682,2612200
2024-07-15,239.47964477539062,240.12742117929395,235.9954092434787,235.9954092434787,3054400
2024-07-16,245.00534057617188,245.1329220026121,239.28334579895025,239.6170433390302,3074600
2024-07-17,245.32923889160156,246.19292579708844,242.79703426465846,244.20053484613976,2471900
2024-07-18,244.58328247070312,249.02935785030607,243.16995771870435,246.1536466342801,4053300
2024-07-19,237.8896484375,238.8711223365228,233.24726611232782,237.32039177893438,5750400
2024-07-22,240.21572875976562,241.05979688376743,235.4555745181096,238.50795884112864,2590000
2024-07-23,242.32591247558594,244.37720441471131,240.50037032795203,242.38481349256458,2564000
2024-07-24,236.52542114257812,241.06963551141416,236.21134227870718,240.46112643279483,2838100
2024-07-25,235.73040771484375,240.4218670055505,234.9550498785919,235.55374959118032,3828800
2024-07-26,241.33460998535156,241.8253469217548,237.39890514679442,237.4479668595525,2174400
2024-07-29,243.29759216308594,243.3663025324358,239.7839134040411,242.06094029973247,2059300
2024-07-30,247.80252075195312,248.98028641141534,244.61273064552051,244.83848042046213,2498800
2024-07-31,248.35215759277344,251.49287118537765,247.75345789417517,248.4208679566619,2180700
2024-08-01,244.0729217529297,250.27584397648425,241.8449867873843,249.14715498428646,3929700
2024-08-02,227.9767608642578,240.11758845829706,225.78807821668926,239.98018270858657,6902600
2024-08-05,221.73458862304688,226.50455252521635,217.9166556317294,222.44125105122782,4890700
2024-08-06,226.83827209472656,228.86010619209156,222.30386688700096,222.75535152844319,3148200
2024-08-07,224.5612335205078,231.79469144219044,224.27659770009478,229.68452852690902,2665300
2024-08-08,229.21343994140625,230.15566160612448,226.73031182664397,226.76957917473092,2239200
2024-08-09,233.44357299804688,233.92448562411957,228.77174765149007,229.19378921586957,1956400
2024-08-12,232.6584014892578,234.5624633373578,231.03896049551633,233.7870905347502,1747000
2024-08-13,234.5624542236328,234.83726571926823,232.08913578681063,234.28764272799737,1913200
2024-08-14,239.24407958984375,239.56796778361146,235.07281539075336,235.3672605647334,2132500
2024-08-15,244.8777618408203,245.72183007586895,240.80465075054315,243.17981602216722,2656800
2024-08-16,247.0467987060547,247.08605107205253,244.5145942802594,244.76977209950277,2149700
2024-08-19,249.3434600830078,249.4023461238525,247.17439606323666,247.33143548955846,1653400
2024-08-20,248.3914031982422,249.90286633436844,247.5865874545174,249.51028278568958,1659700
2024-08-21,241.7370147705078,245.19180695183528,238.84166987804218,245.01513386942005,3502500
2024-08-22,243.16998291015625,244.30849629788992,241.20703499038265,242.19833327457494,1981300
2024-08-23,246.64437866210938,247.4982561094311,243.4055119991582,243.4055119991582,1868200
2024-08-26,249.17662048339844,251.41437997451592,247.28236790189106,247.7436618736315,1931000
2024-08-27,250.30531311035156,251.92473922048185,248.99995089275777,248.99995089275777,2518100
2024-08-28,252.32711791992188,253.83859609195264,249.04899873283617,249.50048331017214,2557100
2024-08-29,255.0261688232422,256.7241294146965,252.07192286624303,253.22026048228437,2423500
2024-08-30,253.8582000732422,256.9007749358942,251.3554537882728,255.66410832570946,3442100
2024-09-03,249.5986328125,252.7099183504485,248.10678824517035,251.03159134018966,2970300
2024-09-04,247.07626342773438,251.8265788880946,246.0162697394473,250.2660538409309,3062600
2024-09-05,247.17437744140625,248.47973949416695,243.7686618921674,248.02826989763489,2711200
2024-09-06,239.53851318359375,248.87233938373686,238.81223209580503,246.63456515533343,3653000
2024-09-09,246.27142333984375,248.4601058915352,242.94422749693686,243.65088988623592,3080800
2024-09-10,240.87332153320312,247.82215850749617,236.13280082283825,247.05661006742267,3630900
2024-09-11,249.47103881835938,249.9127140721321,238.98890433030735,239.87222488564518,3149900
2024-09-12,250.42306518554688,252.23879793152653,247.9104943416273,249.45141558755972,2279600
2024-09-13,254.2017364501953,255.38931146552642,251.011946320994,251.48306456902407,2199200
2024-09-16,256.2530212402344,257.9804249178155,254.34895944622977,256.468946699932,2170200
2024-09-17,260.4831848144531,262.2694746226701,256.5082272295497,256.6750610306793,2765700
2024-09-18,257.3227844238281,261.4155432013307,256.1646525700858,259.5016573794089,2577400
2024-09-19,263.7711181640625,265.0961139573746,261.4155867271784,262.8681489712832,2973300
2024-09-20,264.0066833496094,266.4603683651705,262.00449794250244,263.42761728020207,5847200
2024-09-23,262.34796142578125,267.3633086287178,262.1025929508405,266.33274306264275,2534900
2024-09-24,261.2781677246094,263.52575142130115,258.15708780133383,262.80926466629955,2340300
2024-09-25,261.23895263671875,263.74169940256525,260.63041358550043,262.1418919603408,2116300
2024-09-26,263.1822204589844,264.0066549412347,261.405755095051,263.3196411821293,1430600
2024-09-27,266.038330078125,267.6283131062113,262.46578042710036,263.0350221468046,2231900
2024-09-30,266.17572021484375,266.45053169487323,262.33815386543614,265.09609298894054,2113100
2024-10-01,263.6239013671875,266.7940429649637,261.5824188367526,266.2542442888949,2429500
2024-10-02,265.9009704589844,266.36226447385127,261.3174733345747,263.6239434089091,2009500
2024-10-03,263.6141052246094,266.07761461621703,262.6817228706147,264.64467092392175,1614500
2024-10-04,271.56512451171875,272.3720433438997,265.6904130660396,267.9044998415899,2239600
2024-10-07,269.4198913574219,271.8996574010903,267.2156248436913,269.97095047823706,3287500
2024-10-08,264.8145751953125,268.1504799847951,261.9116797605484,266.9204319114703,3332800
2024-10-09,267.0877380371094,267.25500776201005,264.13562259067544,264.5193819828668,2087000
2024-10-10,266.1529235839844,268.54413019480216,265.5723444087534,266.60557293526233,2052800
2024-10-11,271.7521057128906,272.68692437263195,266.67446288963754,267.04840236572414,1723200
2024-10-14,272.1063537597656,273.26754217743587,270.7188556745349,271.75211426420515,1399000
2024-10-15,272.8837585449219,276.9281730554856,272.48029909045357,276.0917341879527,2264600
2024-10-16,277.1839599609375,277.3709296800536,273.25765592044246,274.4286641483922,2243600
2024-10-17,281.21856689453125,281.7892961035987,277.9712513305585,279.46697928194095,3571900
2024-10-18,272.37200927734375,274.74354553064006,264.7555313013489,272.3818292410624,7884400
2024-10-21,266.4186096191406,271.9489019261297,265.2279312829484,270.610623801232,4092700
2024-10-22,268.0520935058594,268.47522287266526,264.29305905869387,266.3005060979326,2595400
2024-10-23,266.9007873535156,268.9869442795332,264.6670006202731,267.6584862278225,2051100
2024-10-24,265.6707763671875,266.90082472982647,264.42102801124065,265.9167860397153,3490600
2024-10-25,263.08270263671875,268.8098139936122,262.0986641230452,267.31405623332614,2993300
2024-10-28,267.1369323730469,267.62895162226744,263.4074180554227,264.9425157105532,2336900
2024-10-29,266.113525390625,267.461653336033,265.2770866562525,265.9855955802481,1749000
2024-10-30,269.70526123046875,270.6794797747283,265.95607691504614,266.67443583731216,2152900
2024-10-31,265.7690734863281,269.70522702157297,264.35208584167077,269.33131766131805,2315400
2024-11-01,268.33746337890625,270.3645803046856,266.6252459832701,267.9536739458308,2508300
2024-11-04,265.8773498535156,268.4653757687071,265.40500058895253,267.9831765099437,1944000
2024-11-05,271.5356140136719,271.7717736682045,266.8614306580389,267.3829699154484,1859600
2024-11-06,290.4488525390625,292.0921802731616,282.2321237771377,283.4031321771132,5380500
2024-11-07,282.241943359375,288.36266432513554,280.1065664982087,287.65415536982175,3876900
2024-11-08,283.0094909667969,285.46958732424383,281.38583337697645,282.1041622938482,1814400
2024-11-11,288.2937927246094,289.48447103397683,285.79432624709517,285.85336616124727,2299500
2024-11-12,283.90496826171875,288.8645008722344,282.98978959804657,287.33925315023566,2251400
2024-11-13,283.0488586425781,285.9714242624864,282.85203892337466,283.3243882311792,2118100
2024-11-14,283.6982727050781,285.92220920855397,282.7732741610025,283.7376426515518,2979400
2024-11-15,282.2911376953125,285.91239239897135,280.933159673822,283.4031060761119,2614400
2024-11-18,280.9823913574219,282.9307685735795,279.0831740287928,282.3600393967441,2074400
2024-11-19,280.9921875,282.04511592418623,276.81987378307747,277.3906329419983,2512900
2024-11-20,283.1177062988281,283.7278053593677,280.5395302530787,281.5826086528022,2387400
2024-11-21,288.3233337402344,289.37626233697574,282.94064095007644,285.19409793971977,2410300
2024-11-22,296.4908142089844,297.10094335843667,287.8411366524191,288.7169153788786,3788900
2024-11-25,300.33837890625,300.9189580112718,297.6716430088187,298.21285216573705,3478400
2024-11-26,300.6926574707031,302.0703053912662,297.179632750413,300.7319973895247,2130500
2024-11-27,299.39373779296875,302.906762728864,297.95704987552705,302.09984388641385,1697000
2024-11-29,299.8168640136719,302.87723957929273,299.8070440487036,302.345850343468,1326600
2024-12-02,297.43548583984375,301.95221893934377,295.122989364813,301.3224198863687,2166900
2024-12-03,297.287841796875,300.121877338532,296.3333533293632,298.9902391268139,2128700
2024-12-04,297.77008056640625,298.68522923926787,295.9102332340027,297.1796514118111,1561200
2024-12-05,295.73309326171875,298.58679894478183,295.5264535824154,297.4551606603483,2793600
2024-12-06,299.1378479003906,299.87587676032877,295.8216430279438,296.82538149696126,1797600
2024-12-09,291.98394775390625,300.2006764403565,291.43288851550614,299.2166377960026,2377900
2024-12-10,297.287841796875,300.11205737474904,291.7772504997312,292.6825490569176,2967800
2024-12-11,297.51422119140625,299.27565866120506,294.75892517479997,298.5277797293515,2071200
2024-12-12,295.50677490234375,299.5905590522488,295.4674349809068,298.7836402056745,1668100
2024-12-13,297.3174133300781,299.46261009984715,296.4416046312296,297.63228283383023,1662000
2024-12-16,298.7245788574219,299.3445279260243,296.02829290874575,298.8525086690982,1813700
2024-12-17,296.53021240234375,298.1932401749623,294.9164045820406,297.5044010863653,3611500
2024-12-18,283.18658447265625,298.7442299939936,281.8581265565624,297.770041536411,3541200
2024-12-19,288.4020080566406,292.1216726135791,286.55204078876335,288.34296814545695,3540200
2024-12-20,293.883056640625,297.8881000608024,287.3392074094821,287.68362684911455,6232400
2024-12-23,294.0307312011719,294.97542990974375,290.4783661546214,291.7477843983128,1902400
2024-12-24,298.6163330078125,298.7737827810687,293.2434908787677,294.512909029695,862900
2024-12-26,299.1378479003906,300.02350655669335,296.2054324497378,296.6679317365179,1228900
2024-12-27,296.2447814941406,300.22030548402336,293.94213498384676,296.04799181037686,1676000
2024-12-30,292.58416748046875,294.91636405858526,289.4352621535793,292.6038674708789,2392800
2024-12-31,292.05279541015625,294.09958228085986,290.950677092818,293.29266350192586,1231300
2025-01-02,293.66656494140625,295.5460818406562,289.9173811364027,295.21151239692915,1930100
2025-01-03,298.943603515625,299.2888327965841,293.4693609928439,296.57636431931644,1979600
2025-01-06,297.7599792480469,300.9853398055646,296.07332557127864,300.16668080020946,2714000
2025-01-07,297.8980407714844,300.2258473047625,292.7986174360048,299.85102870271186,2058800
2025-01-08,298.7167053222656,300.0482865251047,294.7712973737492,297.77965889406346,2061300
2025-01-10,289.29705810546875,297.2076211907177,289.15898446440315,296.32975337557997,2685500
2025-01-13,292.96630859375,293.6468939942503,287.18629936756395,288.5277238606155,2202800
2025-01-14,296.2607421875,296.43830846622114,292.68030886743844,295.511134959327,2370900
2025-01-15,308.0575256347656,309.6751275865623,300.05819365821185,300.8374203227601,3099500
2025-01-16,307.22900390625,309.7146006932589,305.897422373499,308.432354832732,2361000
2025-01-17,308.2942199707031,311.09545641346165,306.52864122611624,308.74793352312247,2183500
2025-01-21,313.61065673828125,315.3367728830249,310.70090605385417,312.61443150239893,2779100
2025-01-22,317.85198974609375,318.4142177124949,313.34435306290635,313.96575975197294,2927400
2025-01-23,321.4225769042969,321.8171117521823,317.59552566754104,319.13423264504996,3935800
2025-01-24,316.95440673828125,320.0416938859309,309.44828107736214,319.9726420088911,6260100
2025-01-27,312.1015625,314.47864470742184,307.5840527681341,313.78821625874974,3099100
2025-01-28,312.71307373046875,313.53173271726166,306.47932132355294,312.3185389163387,2431300
2025-01-29,310.947509765625,315.1197901224211,309.85267334708516,312.30868052462563,2155400
2025-01-30,314.5970153808594,317.49689297258203,311.68726463575916,312.67361673903685,2517400
2025-01-31,313.1175231933594,317.25034138891084,311.2039974851101,316.53029343441926,2033400
2025-02-03,312.2100524902344,312.6736392161438,304.97023114385763,307.9292876664079,1997200
2025-02-04,311.51959228515625,313.0287098996558,308.8367131814816,310.94752127162155,1884100
2025-02-05,316.15545654296875,316.3329927074549,310.79957154008434,313.6008080614884,2065700
2025-02-06,315.7806701660156,318.83836819365774,312.880792112177,318.69042137480517,1730400
2025-02-07,312.44677734375,317.0135928720296,311.97334754973497,316.4513648905563,1607100
2025-02-10,306.0256652832031,314.10389279211006,301.83366813076276,314.10389279211006,3227000
2025-02-11,305.34503173828125,306.27220513529784,302.1591035675899,304.31921710946074,1856100
2025-02-12,302.21826171875,303.756968506724,299.7622547496908,302.6621321811207,2238400
2025-02-13,303.3032531738281,305.4041878412531,301.7053676805966,303.35255873554,1975200
2025-02-14,306.79498291015625,307.5939257481164,303.22439292301,303.2342359758324,1725500
2025-02-18,308.5802917480469,309.40882398380404,304.81241912030254,309.11293036427656,2024500
2025-02-19,305.6902770996094,307.7418763642293,302.68188492706787,306.1439906685108,2148200
2025-02-20,299.7129211425781,305.7296747014811,294.61349787212885,305.49295984049996,2830300
2025-02-21,291.368408203125,300.77821579083997,289.8395744681797,300.77821579083997,3280200
2025-02-24,291.49664306640625,294.8995699470671,288.4291023980791,293.0550661835443,2450600
2025-02-25,289.3365478515625,294.3373606799702,285.5785484151113,292.93672732545735,2511700
2025-02-26,292.0588684082031,295.25463964089397,289.662039983685,291.11197880242025,1899400
2025-02-27,290.184814453125,296.8919970299821,289.04064234745806,291.96023628197577,2031800
2025-02-28,296.8525085449219,296.96102292444533,290.9442693180504,292.24626126587543,3336300
2025-03-03,291.45721435546875,299.3184429282314,289.10969120334187,297.3161490810199,2342500
2025-03-04,279.60125732421875,287.78796848482193,273.791628459544,287.59071610689085,5901200
2025-03-05,280.3015441894531,282.2150697509724,276.80000612953023,279.13765588739705,2569200
2025-03-06,271.8781433105469,278.3091490181295,270.7832766819403,275.9813421011848,2944200
2025-03-07,269.48126220703125,270.4281819428727,261.0972689403121,269.92513271452435,3817000
2025-03-10,257.7535705566406,264.9243403930909,253.93639226361296,264.05634561927025,4284100
2025-03-11,251.9044647216797,256.6882634239221,250.07970729832056,253.94620576270074,4925600
2025-03-12,257.1912841796875,259.23304004537175,251.51976017572505,256.62905631503685,5514900
2025-03-13,252.93028259277344,257.940968529714,250.06000918398348,256.10633782017914,4194000
2025-03-14,262.0047302246094,263.02067174981624,255.46521055899223,256.5995095277449,4336800
2025-03-17,260.7717590332031,262.80364184217996,257.7041885141071,261.5707017832826,2975800
2025-03-18,259.13446044921875,261.8765184591736,256.90529476520516,260.9888074676639,3251700
2025-03-19,266.9561767578125,268.2976312006107,257.69434664541467,259.44017894044106,2894200
2025-03-20,267.13372802734375,270.8029590712538,264.5593634753091,265.3583062742907,2129500
2025-03-21,266.818115234375,266.867420798765,261.5411254983233,264.1944150457739,4229700
2025-03-24,274.06781005859375,274.45250186822153,270.4873768285629,271.47372903653496,2651400
2025-03-25,275.4684143066406,275.97146351185296,272.44030612414014,275.09359569107676,2767600
2025-03-26,272.23321533203125,278.27955931481785,270.85232823099807,276.17862424988675,2578600
2025-03-27,268.3074951171875,271.7400113602312,266.8477132319206,271.10873154957017,2312000
2025-03-28,261.8567810058594,268.91906604940897,259.4204899784073,266.9364885850589,3261500
2025-03-31,265.3780517578125,266.6504545451552,255.46522402432785,258.9075836269044,3946000
2025-04-01,266.78851318359375,267.17317483033713,261.5016505457452,262.1131840002595,2881400
2025-04-02,271.493408203125,273.53516421931965,262.93187943027846,263.2475193180245,2473700
2025-04-03,244.4377899169922,257.43790365105093,243.806510110863,256.6488339944674,7736200
2025-04-04,231.25595092773438,236.49108442146516,226.24844243842978,235.45197340716376,9097500
2025-04-07,231.8497314453125,239.43027524411633,218.14339623809292,222.95298238375256,6283600
2025-04-08,228.98971557617188,244.4377885669538,225.0015212865409,243.279927170013,4782100
2025-04-09,259.6384582519531,262.02346233088366,223.91294182735552,224.605692629074,8640600
2025-04-10,244.3289337158203,252.84962014953723,236.04576312468785,252.37460356487324,4799900
2025-04-11,248.52496337890625,250.14795059799224,240.6178404386886,244.32894064396194,4413500
2025-04-14,252.73086547851562,254.94761956956825,249.54426637212273,253.85902418520868,3067000
2025-04-15,255.18511962890625,257.9264048441858,252.65169286037184,253.34442851198335,3509100
2025-04-16,250.29637145996094,256.2539281438098,247.04050641327288,252.51314060059184,4244900
2025-04-17,248.70309448242188,252.9683833306462,244.53677434874567,250.32608173767323,3907500
2025-04-21,239.99435424804688,247.66396081088044,236.7879735557786,246.26859870615468,4302900
2025-04-22,249.8015594482422,250.61306055684977,243.8143151412986,244.55653513553528,2324100
2025-04-23,257.4415283203125,267.367483841929,256.57065191067306,259.1535633428414,3872900
2025-04-24,264.5469970703125,265.219935928157,255.32366966218098,255.3929507742847,2696300
2025-04-25,262.0630187988281,266.0709944678319,261.2614236650274,264.23030347940266,1940100
2025-04-28,262.20159912109375,265.2199483936778,259.80668928372165,262.19169319003964,1561500
2025-04-29,264.2501220703125,264.70537211686695,259.11395685754036,262.6766191729042,1730800
2025-04-30,263.64642333984375,264.64595585958756,254.54184663579835,258.25294634652226,3522700
2025-05-01,265.7543640136719,269.8316212091279,263.7552987394458,265.2199571362935,2473800
2025-05-02,273.9781494140625,275.2151827505889,270.2670494044834,271.65252070119107,3099300
2025-05-05,275.1458740234375,278.66894219622895,271.23683699189905,272.60252649053285,2416300
2025-05-06,272.51348876953125,275.23496208690295,270.7717361820905,271.6327367458883,3064000
2025-05-07,273.37445068359375,275.9177983716494,271.0488522632475,274.46304601710085,2329200
2025-05-08,280.717529296875,282.53843890422036,275.8386766368943,276.8283033931263,3418000
2025-05-09,281.5586853027344,284.02284597456736,280.03465181927146,282.0435926925146,2704600
2025-05-12,295.8192138671875,296.0666205316619,291.6726757545159,294.25558683514436,4089000
2025-05-13,299.16412353515625,299.87665592957836,295.7202421296233,296.8879943257291,3531700
2025-05-14,296.9869689941406,300.47044399181357,296.3437177003869,300.00531824998995,1954400
2025-05-15,296.4426574707031,297.8083471100104,293.9191215379026,294.9582174629359,1955000
2025-05-16,296.61090087890625,298.52087306601976,294.7404920130843,297.2442462306655,2962200
2025-05-19,296.19525146484375,297.7687844534825,292.6227136679826,293.92902812598004,2751300
2025-05-20,293.09771728515625,295.10665803313225,291.1382457857436,293.4143748377732,2706600
2025-05-21,283.0332336425781,291.0689975418072,282.15245139105184,290.000214003909,3447500
2025-05-22,284.20098876953125,286.05158586839974,282.1128909267254,282.66707946325255,2051800
2025-05-23,282.2613525390625,284.12185572513494,278.54034616691763,278.8966275136824,1724200
2025-05-27,290.71270751953125,290.81164601458687,285.1608868212455,287.5162028628815,2604300
2025-05-28,290.31683349609375,292.31589847835426,289.34701879476506,290.41580219241456,1676900
2025-05-29,292.31591796875,293.533139391537,289.7626643580598,293.18679423283015,2362200
2025-05-30,290.9997253417969,292.68210284854956,288.6048455886199,291.9101952139125,5251700
2025-06-02,292.26641845703125,292.6820749288056,287.3182853221402,289.3173504372812,1751200
2025-06-03,294.3050842285156,295.15614865186586,289.6142333662309,292.13779944681016,2202400
2025-06-04,292.8602294921875,295.5520153923307,292.73157318577086,294.72073256742027,1842100
2025-06-05,292.8899230957031,295.4035834851599,291.0888253719459,293.42432999447203,1696900
2025-06-06,299.3323974609375,300.3517117821743,296.12601652831125,297.1750184433312,2099000
2025-06-09,298.43182373046875,300.63870213269973,296.47235200198975,300.63870213269973,2097800
2025-06-10,296.4129638671875,298.64952976452105,294.9087422288531,298.5703729208229,2045300
2025-06-11,295.9973449707031,300.242851869018,295.5520008858904,297.0661284928405,2013500
2025-06-12,294.8988342285156,295.4827103248442,290.95023357996735,293.59255001010666,1604500
2025-06-13,284.8046569824219,290.28716678095617,283.1816548088719,289.5152592157577,3405600
2025-06-16,291.16796875,293.37484716236287,287.01152453148086,287.91208845219364,2307800
2025-06-17,289.7725830078125,291.5341172734736,287.93189189694596,289.0600505969266,2625800
2025-06-18,293.34515380859375,296.1358780937552,289.05014743999953,289.05014743999953,3691500
2025-06-20,295.49261474609375,296.64058527235295,293.56286091913876,294.493082175599,5687000
2025-06-23,296.5218505859375,296.7593513277182,288.8522437221663,293.7410019972187,3101700
2025-06-24,305.18109130859375,306.0123741253577,299.0157059996641,299.95586345964097,2805900
2025-06-25,305.38885498046875,307.54623362210714,303.99347791381115,305.6857610675694,2467200
2025-06-26,308.1895446777344,309.0307031695538,304.9732580647513,306.3686050645733,3255200
2025-06-27,313.899658203125,316.79925684238316,309.85208910373933,310.8219038262043,4605500
2025-06-30,315.671142578125,316.8092072679423,314.29554693839884,315.2752677286139,3416600
2025-07-01,319.1842956542969,321.01511107407697,313.01891049286763,313.6423801407774,3836200
2025-07-02,322.2322998046875,323.23183232593726,318.00660513340574,319.63948296838305,3040200
2025-07-03,325.5460510253906,326.54810717936454,321.6271443226636,322.76808226229974,1541800
2025-07-07,320.1885681152344,325.8238318336757,317.73801772581515,324.9408258962549,2160300
2025-07-08,314.4838562011719,321.9148642463983,314.4540936563185,321.9148642463983,2643900
2025-07-09,314.8509521484375,318.4027471989433,314.81125866105623,316.1506337955235,2424200
2025-07-10,322.67877197265625,323.53201534021173,314.9997330509397,315.34698290660464,2844400
2025-07-11,316.9542236328125,321.79579922064875,316.68636074149003,320.43659260628834,2091200
2025-07-14,318.392822265625,319.2361044366961,315.1783161324765,316.77565339727613,1890900
2025-07-15,308.20367431640625,316.9343938742697,307.98540557052826,316.10098209745763,3006500
2025-07-16,309.44384765625,310.02919789822715,304.1954968056298,309.97960374851635,2921900
2025-07-17,312.8666687011719,314.48383752242376,308.13421240975885,308.47156160107147,3223300
2025-07-18,305.52496337890625,309.40414621521774,300.1277999406583,309.40414621521774,5481100
2025-07-21,300.5841979980469,306.73538685938564,300.5841979980469,305.5348934681408,2667200
2025-07-22,301.7449951171875,303.74907726919156,299.3539695755593,300.5941261670307,2296100
2025-07-23,306.2293395996094,307.1520086839029,302.8362584068048,305.5745333947785,2139100
2025-07-24,305.82257080078125,308.0548523394731,304.58241439039693,305.87216494629416,2288100
2025-07-25,309.1561279296875,310.1879466449931,305.0884387145148,306.9834015342815,2149300
2025-07-28,308.29296875,311.0312439355715,306.85440540532886,309.14621214898926,1653800
2025-07-29,306.11029052734375,311.15027277419983,305.42572177789845,310.445872422327,1796400
2025-07-30,301.0207214355469,306.318666561592,298.9967774768271,306.12022940352284,3132400
2025-07-31,296.9530029296875,301.5167850855657,295.7227773217739,299.5226036660042,2718200
2025-08-01,291.9526672363281,292.5876418876949,286.06937215690436,291.7145668806945,3012900
2025-08-04,296.2386474609375,296.744640980525,293.2027468979267,293.2126778382346,1876000
2025-08-05,294.30401611328125,297.98479190568224,292.90511603236996,297.488729335597,2181000
2025-08-06,293.2126770019531,295.70289055429964,292.12133327519916,294.86950905675764,3430500
2025-08-07,292.4090881347656,295.9410516303958,288.3413685222841,295.35570136155786,2842500
2025-08-08,295.0877685546875,295.78226825283684,292.22054268865537,294.6611620176344,1778100
2025-08-11,293.89727783203125,295.09774092374647,292.56783361164423,294.7802535727483,2316700
2025-08-12,300.822265625,302.6676341933911,296.129532927957,296.5462085459031,2170500
2025-08-13,304.4534606933594,305.17772300205104,300.04842230484934,302.2906349854425,2586800
2025-08-14,305.30670166015625,305.52497041736586,300.127806854782,303.13394502887945,2108300
2025-08-15,303.0644836425781,307.37030334303114,301.84415875647943,307.0230534703437,2728000
2025-08-18,304.6320495605469,304.8205557824918,300.4056165333197,301.8739425435095,2115100
2025-08-19,303.68951416015625,306.14006448924266,302.1715638932975,304.245101821408,2215800
2025-08-20,305.9714050292969,306.58651780773886,301.47707909313067,303.3224477057149,2481700
2025-08-21,305.74322509765625,306.09044468323435,301.62588144544196,304.37408752703874,1848500
2025-08-22,316.6466979980469,319.17660527124553,307.707639818828,307.77709585277705,2785200
2025-08-25,313.3131103515625,317.43045394708304,312.92619728712185,316.5474480302392,1599600
2025-08-26,318.0753173828125,318.26382357652193,311.64633574874813,312.5392422952765,1848600
2025-08-27,319.9206848144531,320.97233510854613,316.9939336289144,317.40070859583847,1970100
2025-08-28,324.41497802734375,324.9606650008282,319.46428344772954,321.43860271571896,2194800
2025-08-29,328.6712341308594,329.44509057361694,324.23643328810243,324.70273334189596,2981300
2025-09-02,328.572021484375,328.77045863830705,320.16871970102704,324.0876264117437,3225100
2025-09-03,321.16082763671875,329.45500973323243,318.8789518755663,328.1453972531633,3439000
2025-09-04,328.0461730957031,328.4331164352855,320.2778465333666,322.44067208264084,2485100
2025-09-05,323.65106201171875,329.84191315125963,322.66886781903366,328.08586256613194,2971800
2025-09-08,322.84747314453125,324.8714170814397,321.44857294381944,323.93881694763184,2264400
2025-09-09,321.785888671875,324.0181704061248,318.2737569323562,320.2481066991842,2056000
2025-09-10,320.8036804199219,322.09343103261193,318.71028056283933,320.4464996138299,1846600
2025-09-11,326.7266845703125,328.0858912767411,319.8810266108365,320.9525085259617,2825900
2025-09-12,322.74822998046875,327.0044553497036,321.49814260330373,327.0044553497036,2000300
2025-09-15,324.6828918457031,327.6691680098801,323.43280444654323,323.482398593991,1646300
2025-09-16,324.4646301269531,325.40713088968,321.1509356306108,325.218624681683,1987600
2025-09-17,333.35406494140625,334.84225273132324,325.81390741704183,326.30997001368087,3586500
2025-09-18,338.9794006347656,339.7730886141558,332.3619128099599,335.83435070498933,3204000
2025-09-19,338.4337463378906,341.64822232526575,337.0447771012013,339.8326465153894,8632000
2025-09-22,338.29486083984375,342.78918677471023,335.7153292701564,336.8364355880125,3328000
2025-09-23,338.7809753417969,346.440182691901,337.3324811040194,339.24727537223123,2697600
2025-09-24,337.7987976074219,342.28319259317755,335.8443097603647,340.26917965654565,2279100
2025-09-25,337.50115966796875,338.0865099311388,331.36983290060175,334.2569210061506,2223900
2025-09-26,338.98931884765625,340.62631931318475,336.35026227753286,338.7611494373279,1728600
2025-09-29,339.6143798828125,342.1343864062359,335.83438523630684,341.05297355528955,1658100
2025-09-30,329.5443115234375,340.2592516199456,325.5658797651111,338.90997587505933,3327300
2025-10-01,325.97265625,333.1258705293265,325.81391258328745,328.393444182164,2598800
2025-10-02,327.8775329589844,329.3657206952733,323.71059518647263,325.86352010029697,1907600
2025-10-03,327.639404296875,329.4252477574822,326.13138494820737,329.38555427331124,2404000
2025-10-06,329.3756103515625,331.3697915402723,323.6808218263887,329.3855412915281,2116200
2025-10-07,325.38726806640625,332.3023811779189,323.17481820849656,330.0304062365906,1708900
2025-10-08,321.2699890136719,326.5580029991707,321.03185837751937,326.0818022813821,2184300
2025-10-09,321.88507080078125,325.72459010456856,321.4981274775752,323.9090144882893,2094800
2025-10-10,314.5645751953125,326.3410986359547,314.2562394989882,323.45665128267524,2684700
2025-10-13,321.3877868652344,322.6211296579506,317.3495544755568,317.4589805625754,1693100
2025-10-14,331.06561279296875,334.52693724923444,318.78181449438694,319.88584926640965,2810400
2025-10-15,328.8873596191406,335.11380993125726,328.50939191465136,332.07018644130835,2186000
2025-10-16,321.3877868652344,330.7175066462058,318.2845176745439,329.2454298245293,3268000
2025-10-17,344.76177978515625,346.8306459901645,329.2255228100895,330.59812954430225,7025200
2025-10-20,347.6064758300781,348.34249903436324,340.81307393061246,345.52768379999446,3465400
2025-10-21,353.315673828125,354.7579125484271,348.9094302553571,350.20244883950977,2658400
2025-10-22,350.1129455566406,355.8122382398658,347.308056151034,353.3753604260776,2710000
2025-10-23,353.0272216796875,354.2705204603085,348.6706978957558,350.8290779346624,1892600
2025-10-24,355.64312744140625,360.3776189148858,354.95682408566324,356.4786205801425,2397500
2025-10-27,359.73114013671875,360.89485089676236,356.9859264808591,360.0593576871479,2179900
2025-10-28,359.09454345703125,360.58650206713787,357.51307097279533,359.2835273092961,1416800
2025-10-29,356.2995910644531,360.05932534701157,353.9721393994383,357.07540828612474,1840500
2025-10-30,356.9560546875,363.78921986635805,356.04097343762425,356.66760087393413,2045100
2025-10-31,358.7961730957031,360.04939771969026,354.09151923018516,355.0861583291464,2155600
2025-11-03,359.6813659667969,361.59108628560364,356.92622674439946,359.0646946166121,1822900
2025-11-04,358.5574035644531,360.59643172779096,354.93693338682573,357.3936929321339,1887800
2025-11-05,363.8389587402344,365.8481490830752,354.499313680725,357.7617286078792,2195800
2025-11-06,363.76934814453125,367.28042275236214,360.4671392366293,364.07768381956083,2354600
2025-11-07,366.5643005371094,368.01646511656406,359.0647132623774,362.1878945903022,2752200
2025-11-10,365.9078369140625,369.8068051872968,360.8152895794026,367.4992655446378,2876800
2025-11-11,368.17559814453125,371.0799272019189,364.29651188077366,365.91777840544063,2132900
2025-11-12,370.7715759277344,375.2076878042552,368.5237123870576,369.12047151486405,2961500
2025-11-13,362.7746887207031,371.8855854857264,361.39212595861926,369.1005781092454,2273500
2025-11-14,355.2651672363281,360.2582746747899,353.49471094825327,359.86039477313057,2943500
2025-11-17,339.42059326171875,356.3095761263927,337.58050485382694,354.31034181984245,3599000
2025-11-18,338.8337707519531,341.8873201757737,332.30894046660325,335.0441980828513,4216800
2025-11-19,342.7923889160156,343.46873613012025,338.9132726529461,339.8780736672319,2005000
2025-11-20,341.9569091796875,351.2369089467552,338.4955845509733,348.09384575984745,3095700
2025-11-21,350.9981689453125,354.399817304462,342.45419328064446,343.74724218442805,3044100
2025-11-24,354.0218505859375,354.47940637899006,348.3026763585399,351.72423693333565,3330900
2025-11-25,360.6959228515625,361.8397516983825,353.4052015523643,355.1358638013967,2059400
2025-11-26,362.018798828125,364.76401249066413,360.76554383366556,360.76554383366556,1679900
2025-11-28,363.3117980957031,365.5596920819576,362.05857352226565,363.72955985616574,872300
2025-12-01,358.3783874511719,364.5650434488518,358.2093158138351,361.9093438757396,2229100
2025-12-02,358.7663269042969,361.71045007054994,355.4342799284419,360.1389033320267,2135400
2025-12-03,366.1564636230469,368.21537365878555,358.86574268122075,359.08456447758874,2651800
2025-12-04,369.1602783203125,371.0600425533513,366.15647930874,367.01185432411114,2027200
2025-12-05,368.36456298828125,372.8702764840891,367.08147016778736,367.46939395113554,1978700
2025-12-08,360.33782958984375,368.01644417986364,358.7663132650407,367.92693030889143,2581400
2025-12-09,361.9591064453125,366.0968086057192,360.5566617186333,361.0838192098836,2197600
2025-12-10,373.55657958984375,375.9536632420519,361.0539599719762,361.0539599719762,2804400
2025-12-11,382.8266296386719,383.8511066222339,373.58642457953204,374.4815936329594,2975800
2025-12-12,380.50909423828125,385.4126572339799,376.57033228883745,384.4180182318192,2477800
2025-12-15,380.5190734863281,383.682018420629,377.8335358755593,382.33924961524457,2734700
2025-12-16,378.7088317871094,382.71722608733523,376.78918563713484,381.9414088148391,2584400
2025-12-17,373.5963439941406,382.2795534792883,372.5420290718079,379.50450214214237,2973900
2025-12-18,373.5068664550781,378.49997419771876,371.8458361449625,377.9628605809376,2884400
2025-12-19,374.4915771484375,375.5259799572821,370.7716062747848,373.5267760075511,7934300
2025-12-22,378.80828857421875,380.36987916895447,375.058479926097,376.3017787396175,2747400
2025-12-23,380.1410827636719,382.4884162394786,378.0622908910884,378.7088001718675,1768200
2025-12-24,381.05615234375,382.66749310406857,378.69886264898986,380.14110141485173,817100
2025-12-26,379.0072021484375,380.61854292500476,378.23138489482005,380.2803389326809,1114900
2025-12-29,373.30792236328125,379.345388468776,372.9597926372658,378.9574646830512,1736800
2025-12-30,371.3882751464844,373.41731687547986,370.9506315530209,373.01946734159685,1319500
