Date,Close,High,Low,Open,Volume
2011-01-03,12.505281448364258,12.569217537036971,12.208163138796293,12.219447075099382,12764600
2011-01-04,12.215682029724121,12.520322404084226,12.200637741797193,12.505278116157298,13306000
2011-01-05,12.166789054870605,12.351077998908957,12.129179769002677,12.132940123708552,11501800
2011-01-06,12.020111083984375,12.223204675224352,11.95617500972493,12.174311454806805,13253400
2011-01-07,12.328511238098145,12.35859981375267,11.982501226284615,12.050199086805046,19791400
2011-01-10,12.324750900268555,12.392448760881132,12.08404803351372,12.215681965425816,15540600
2011-01-11,12.132942199707031,12.373646548435113,12.095332907403991,12.373646548435113,16100200
2011-01-12,12.11037540435791,12.283380418849601,12.057721829051946,12.253293276404332,16419400
2011-01-13,12.18935489654541,12.200637394818608,12.076525609706772,12.076525609706772,11235000
2011-01-14,12.298422813415527,12.309705310757161,12.102851396181945,12.110373539310404,11265800
2011-01-18,12.411253929138184,12.505278580116505,12.294662845432235,12.309707133917321,15682400
2011-01-19,12.415014266967773,12.437580699664611,12.211922111505485,12.215682466270469,12982000
2011-01-20,12.47895336151123,12.557933733934119,12.332275117096582,12.433821925084223,18641400
2011-01-21,12.48647689819336,12.68204839077489,12.43382331071038,12.569217635079758,23129800
2011-01-24,12.595545768737793,12.599306124371427,12.377407839718272,12.471432512288208,11974800
2011-01-25,12.655722618103027,12.704614419166033,12.490238261573563,12.51656505743911,18252800
2011-01-26,12.437581062316895,12.640674658403254,12.313469265621245,12.640674658403254,37247800
2011-01-27,12.422533988952637,12.580496117625126,12.053957601652874,12.155504376934752,32931800
2011-01-28,11.93360710144043,12.456383868746281,11.854626748401879,12.433818873422206,26823400
2011-01-31,11.858389854431152,11.937370221019128,11.565032669923253,11.862150926747416,25171800
2011-02-01,12.129179954528809,12.151746387216114,11.873432789548605,11.944891725022758,21049800
2011-02-02,12.11037540435791,12.129180047723993,11.914803957005523,12.095331115784113,13099000
2011-02-03,12.170549392700195,12.230725103733114,12.053958324891738,12.117895824884156,12782600
2011-02-04,12.253292083740234,12.313467797475942,12.057720655423632,12.15550565223084,14393400
2011-02-07,12.215530395507812,12.359020807156533,12.170218164626583,12.272171764446737,12320400
2011-02-08,12.506288528442383,12.532720787156372,12.170220004407332,12.173996864480797,13565400
2011-02-09,12.457202911376953,12.51384285770504,12.381681542489204,12.460978331618705,8665400
2011-02-10,12.521393775939941,12.55915373604926,12.366575634771495,12.415664735273728,17855600
2011-02-11,12.5931396484375,12.604468790064802,12.370352402437947,12.460978333204842,12259200
2011-02-14,12.679986000061035,12.755505903738367,12.532718730810647,12.615792353395507,15961200
2011-02-15,12.528945922851562,12.672436362551737,12.517618223029226,12.619570402330524,11332000
2011-02-16,12.676210403442383,12.717747218872812,12.510064582170637,12.57048137540127,10671600
2011-02-17,12.649781227111816,12.717750316105459,12.566707576019516,12.634676665013158,9791400
2011-02-18,12.838576316833496,12.849904011463343,12.566700122121427,12.627116894229724,15881600
2011-02-22,12.374124526977539,12.812146570390471,12.336363136756747,12.717745255513117,15101600
2011-02-23,12.049385070800781,12.374125859418807,11.85303014185849,12.366573580561422,16680000
2011-02-24,12.049385070800781,12.072041187147985,11.769957235102114,12.007848257310117,18856200
2011-02-25,12.272173881530762,12.34014295980294,12.083371206430288,12.117355745566377,19325600
2011-02-28,12.453425407409668,12.47985766908749,12.306159537933166,12.38545632296663,18027400
2011-03-01,12.230636596679688,12.600689652927525,12.173996660576982,12.547825136384981,20471000
2011-03-02,12.166441917419434,12.230634120094207,11.977638567516166,12.192874170338428,16253600
2011-03-03,12.464750289916992,12.559151614695203,12.260844523137983,12.268396801974228,13107600
2011-03-04,12.506288528442383,12.528945367532973,12.317485857371,12.42321633267702,16241000
2011-03-07,12.68753719329834,13.136888411188613,12.578032753720338,12.8385798857816,26465800
2011-03-08,12.842354774475098,12.955637509383665,12.691313528680027,12.73285033941986,16973400
2011-03-09,13.04249095916748,13.065146361448589,12.73285464408976,12.819703713884703,16728600
2011-03-10,14.337679862976074,14.428304367266305,13.948745257341383,14.001611232036296,72206200
2011-03-11,13.805254936218262,14.2017403466659,13.714628999897183,14.08468214567834,30486000
2011-03-14,13.491839408874512,13.790147990506574,13.404990348484823,13.710851210209485,24991800
2011-03-15,13.488061904907227,13.57868637111505,13.091575183785775,13.118008880250468,17963600
2011-03-16,13.216185569763184,13.435197336335218,13.167096477178088,13.174648756071942,19430400
2011-03-17,13.250166893005371,13.461626329430334,13.23506233887868,13.4389694982403,12862000
2011-03-18,13.201081275939941,13.476732979052853,13.14444134377835,13.420093046891262,23366600
2011-03-21,13.333245277404785,13.427646613845189,13.272828479700928,13.386109795339399,10171400
2011-03-22,13.197300910949707,13.31058217327064,13.14065955956454,13.31058217327064,12085200
2011-03-23,13.854345321655273,13.895882157262948,13.12179116782662,13.197312556163238,22958200
2011-03-24,14.190409660339355,14.292361836639214,13.733506094804389,13.907205649517309,31712200
2011-03-25,13.933635711669922,14.273479606802201,13.89587431857754,14.262151909099417,13482400
2011-03-28,13.926082611083984,14.009154790084285,13.75993537218383,13.963842561497778,14317400
2011-03-29,13.918530464172363,14.03181175693184,13.748607804808255,13.839233703285709,12054000
2011-03-30,13.865671157836914,14.03936930125113,13.778822086129805,14.03559244048759,11935200
2011-03-31,13.952515602111816,13.978947856888858,13.78259293536664,13.835457444920728,12757800
2011-04-01,14.06579875946045,14.22061688953047,13.990277404205553,14.06579875946045,10940200
2011-04-04,13.869444847106934,14.1941856906246,13.80902804648389,14.11111204959911,10886800
2011-04-05,13.744832992553711,13.854337430799415,13.665534787717359,13.82412975694021,10749800
2011-04-06,13.74106502532959,13.926092369085145,13.612679087333088,13.83546640796082,8032800
2011-04-07,13.556037902832031,13.759943776234156,13.457859667072993,13.657990119307765,11949800
2011-04-08,13.506940841674805,13.725951151850188,13.367227293436207,13.605117579246567,11012600
2011-04-11,13.401213645935059,13.669313081534956,13.29548317520904,13.548479492519508,9580000
2011-04-12,13.506940841674805,13.533373095653733,13.303033647737516,13.303033647737516,10411200
2011-04-13,13.522048950195312,13.657985674743488,13.454079867696132,13.56736119171137,9128800
2011-04-14,13.5824613571167,13.5824613571167,13.3294650895831,13.378554175603002,9797000
2011-04-15,13.737279891967773,13.744832170093126,13.450299085003431,13.59001406964781,12734000
2011-04-18,13.522048950195312,13.548481211117195,13.216188078948997,13.525824370134073,11133400
2011-04-19,13.654207229614258,13.703296320643213,13.491836839668371,13.525821373388439,10574400
2011-04-20,13.929863929748535,13.971400757065927,13.793925745964481,13.80147802733586,13098800
2011-04-21,13.971391677856445,14.062017554970028,13.84678127688145,13.861885829808621,12950400
2011-04-25,13.922306060791016,14.016707379370597,13.831681601606507,13.978947428118687,8155600
2011-04-26,13.820356369018555,14.073352723333626,13.737284164701103,14.016711340001086,14000000
2011-04-27,14.043139457702637,14.077123989584242,13.865665960498507,13.895873633032274,18333400
2011-04-28,13.926082611083984,14.152645194466297,13.725950840631505,13.78259220670197,22800000
2011-04-29,13.669313430786133,13.952517432361327,13.631552032972749,13.914756034547944,40080600
2011-05-02,13.850568771362305,13.910985589016372,13.6957505860956,13.775047389182085,15180600
2011-05-03,13.707076072692871,13.80902970608166,13.51827336799889,13.782597442660528,12200000
2011-05-04,13.809025764465332,13.839234880009705,13.574910880796098,13.710849019845949,11642400
2011-05-05,13.782594680786133,13.997829605770626,13.7146256054805,13.74483472359413,9600000
2011-05-06,13.793925285339355,14.224395225980444,13.78259758388575,13.960072589060715,13060600
2011-05-09,13.687817573547363,13.88487381979623,13.67266051275494,13.835609396835329,9809200
2011-05-10,13.729501724243164,13.820451310220657,13.623395078598278,13.774975794434598,12490200
2011-05-11,13.562760353088379,13.774973610736732,13.452863375752253,13.702972890548097,13000000
2011-05-12,13.812870025634766,13.831817431627702,13.498337592893254,13.543813101989599,9000000
2011-05-13,13.69918441772461,13.858344365957796,13.61202374634612,13.809079952916573,10403000
2011-05-16,13.324019432067871,13.661288181034521,13.305072025666435,13.634761522953625,14121000
2011-05-17,13.377070426940918,13.384649677305173,13.202752005345635,13.255805312301227,17533000
2011-05-18,13.87350082397461,13.90002747810275,13.358123351323506,13.441493661780076,21646600
2011-05-19,14.07434368133545,14.15392363115251,13.888657131762303,13.888657131762303,15704000
2011-05-20,13.87350082397461,14.093293307549798,13.79013051351804,14.017503693237531,10537400
2011-05-23,13.80908203125,13.926558281384603,13.619605047829802,13.642342806254304,12200000
2011-05-24,13.752237319946289,13.862134297425484,13.680235154069518,13.771184725747501,9726600
2011-05-25,13.687817573547363,13.774976816881427,13.653711656973623,13.767399009282583,9543600
2011-05-26,13.80908203125,13.862136800907171,13.589289482191795,13.604447987808129,9755600
2011-05-27,13.81666088104248,13.865925300061251,13.72950164468288,13.782554967197887,5979400
2011-05-31,13.94172191619873,13.987196004183115,13.828035973440173,13.93035231000624,9981600
2011-06-01,13.634756088256836,13.926550656434344,13.604440539216947,13.846970713911533,17077400
2011-06-02,13.612029075622559,13.725716449549916,13.51350165655986,13.64992534879668,7996000
2011-06-03,13.324019432067871,13.44907491638734,13.274755018948584,13.41496900662698,14620600
2011-06-06,13.543818473815918,13.8735080947585,13.449079960681097,13.498342946682811,18604600
2011-06-07,13.615815162658691,13.744659559919818,13.608235910396912,13.642341822777638,10256000
2011-06-08,13.543818473815918,13.69539922747464,13.47181627865266,13.574134046309666,10322000
2011-06-09,13.4642333984375,13.574130391023267,13.452865242512972,13.551392633579612,9205200
2011-06-10,13.308858871459961,13.452861739921277,13.263384814006892,13.414966932976089,11580200
2011-06-13,13.22549057006836,13.44149415915845,13.115593601417109,13.316438688846143,12837800
2011-06-14,13.365705490112305,13.41496990653637,13.28612551053119,13.312652170391562,10093600
2011-06-15,13.210328102111816,13.380857580612902,13.149695559266302,13.183801454966519,9941400
2011-06-16,13.316441535949707,13.396021518293328,13.164860823713465,13.172438630569873,13050600
2011-06-17,13.430129051208496,13.570343070070034,13.346760155382324,13.47560457139888,13684200
2011-06-20,13.577916145324707,13.649916851139505,13.320227430542964,13.396017038518917,11542000
2011-06-21,13.918977737426758,13.964451804462843,13.558971213204309,13.64613044402119,13432600
2011-06-22,14.127405166625977,14.218354765965923,13.790136325764431,13.86971632169011,18038800
2011-06-23,14.297933578491211,14.301723927847197,13.949296608665954,13.972032922422988,19344000
2011-06-24,14.153925895690918,14.362351672264317,14.108451837890465,14.27519101355495,10170600
2011-06-27,14.396456718444824,14.407824870818411,14.028871038694604,14.104662094238195,12108800
2011-06-28,14.873937606811523,14.881516856770364,14.350980924404407,14.400245326339817,17963000
2011-06-29,14.942154884338379,15.063420036912492,14.824678635334546,14.866363802580896,14026600
2011-06-30,14.964892387390137,15.078578285290673,14.938364280471877,15.040682022260746,11001200
2011-07-01,15.23016357421875,15.2566902435083,14.968685785966716,15.014159869663796,12878200
2011-07-05,15.518165588378906,15.578798166645024,15.070999781568284,15.222580504436229,14526200
2011-07-06,15.317310333251953,15.49920941074383,15.294574032760876,15.472682763108324,12412600
2011-07-07,15.27942943572998,15.347641290446246,14.942160512741332,15.120269405122157,21658800
2011-07-08,15.290789604187012,15.3097384560559,15.089944495607835,15.10510299886517,11212200
2011-07-11,15.05963134765625,15.268055741259436,14.949734349823684,15.150579490583796,11262800
2011-07-12,14.99520206451416,15.264258921208553,14.980043565254011,15.078572364850922,11748000
2011-07-13,14.99899673461914,15.252895165223224,14.968679727361922,15.086155962091937,11240600
2011-07-14,14.828471183776855,15.089948936746737,14.741311932786896,14.987631178038123,13389400
2011-07-15,15.082361221313477,15.082361221313477,14.809515463425189,14.8360421142533,13315400
2011-07-18,14.930784225463867,15.112681923836917,14.839834653480139,14.976258288658528,8714400
2011-07-19,15.27942943572998,15.294587946910305,15.048267199813214,15.086163477764023,11502800
2011-07-20,15.093731880187988,15.241523643938319,14.885306115315313,15.237733296071095,11156200
2011-07-21,15.30216121673584,15.385530104425731,15.059630915102293,15.17331681329369,12382600
2011-07-22,15.290789604187012,15.431003590925716,15.252894791638107,15.35142217162192,6390000
2011-07-25,15.309734344482422,15.328681745668371,15.127835245433978,15.203626295771821,10084000
2011-07-26,15.226371765136719,15.347636928927576,15.158159929805013,15.343848025006828,10752400
2011-07-27,14.76783275604248,15.499213839777346,14.741306100826753,15.385526522459326,14904200
2011-07-28,15.1505765914917,15.404476453569098,14.930784083478958,15.112681780122244,29309800
2011-07-29,15.192262649536133,15.495425495198228,14.870152397069122,15.11647157672199,31177400
2011-08-01,15.082361221313477,15.449946876494511,14.892884317916087,15.324891426367088,16245600
2011-08-02,14.631415367126465,15.029316810528147,14.620047208787671,14.934578302785132,16162600
2011-08-03,14.885307312011719,14.900465813510964,14.388878675462712,14.631408917073564,14852600
2011-08-04,13.9833984375,14.839833551084382,13.979608089251945,14.684462521583018,20348400
2011-08-05,13.915189743041992,14.260037785577985,13.47560321139617,14.089508216061368,26812600
2011-08-08,12.949227333068848,13.888569712995535,12.945424967683135,13.747858982031593,34481200
2011-08-09,13.706022262573242,13.706022262573242,12.82372574041294,13.063313869196437,32199800
2011-08-10,13.219236373901367,13.675596975171354,13.162192205449095,13.432205041355457,28255600
2011-08-11,14.112945556640625,14.276474815505468,13.245861263668445,13.325723985235749,23164200
2011-08-12,14.208017349243164,14.287880052315122,13.964625425177976,14.13575937440923,12965200
2011-08-15,14.611135482788086,14.630151656619578,14.268866114776944,14.268866114776944,15646000
2011-08-16,14.789883613586426,14.9001710873791,14.360143717907714,14.493249739953328,22626400
2011-08-17,14.717623710632324,15.025666063058578,14.481837901831714,14.831713524520962,12721200
2011-08-18,13.215435981750488,14.189005313028785,12.983452556860422,14.181399132620683,42977200
2011-08-19,13.348541259765625,13.747857774539916,13.07472600338949,13.219239087046379,25589800
2011-08-22,13.268675804138184,13.835323828358653,13.215433999996064,13.690809323736929,17908000
2011-08-23,13.968429565429688,13.987444289903134,13.310510233681109,13.378964402369906,18616400
2011-08-24,14.211830139160156,14.246057244261468,13.835333433777071,13.91139382852792,15714600
2011-08-25,13.85053825378418,14.375353150685823,13.785887889686743,14.211823881729012,12229600
2011-08-26,14.219427108764648,14.325910721969983,13.588128707690808,13.812505928895208,16390400
2011-08-29,14.47042465209961,14.481834646435084,14.287880700766019,14.37534958677605,9498800
2011-08-30,14.641565322875977,14.73664042237517,14.360142390036769,14.432400394123926,10331600
2011-08-31,14.68719482421875,14.938192923933695,14.576908857461937,14.69099863901777,14593400
2011-09-01,14.523662567138672,14.865933290935804,14.470420776932446,14.770858251073264,11582800
2011-09-02,14.25745964050293,14.470426891315736,14.200414012189162,14.32971617906719,9762400
2011-09-06,14.356335639953613,14.390562723349609,13.850535568738408,13.888566467361983,12270000
2011-09-07,14.900162696838379,14.972419216187252,14.436195965413505,14.523664841697993,16797800
2011-09-08,14.801284790039062,14.980026368830906,14.713815908066326,14.824103326926414,15773800
2011-09-09,14.189002990722656,14.736634833900153,14.090124112331369,14.68719539470451,21029200
2011-09-12,14.318306922912598,14.405775818115844,13.953217531143178,13.953217531143178,16245000
2011-09-13,14.523662567138672,14.569299630798275,14.325906310136993,14.341118664690194,12318800
2011-09-14,14.660577774047852,14.831713216694304,14.386762516544193,14.641563047249505,18162600
2011-09-15,14.858328819274902,15.021858022668695,14.797480844807223,14.831707921115926,15151200
2011-09-16,14.907777786254883,14.980034348794264,14.706217563203223,14.915383969269199,18701400
2011-09-19,15.65316390991211,15.748239006899118,14.759458578526553,14.786079489624449,21342600
2011-09-20,15.6227388381958,15.972614458556306,15.379345399261169,15.630343568437826,17996400
2011-09-21,15.173983573913574,15.782463514668802,15.162573577647118,15.592313351841467,15697400
2011-09-22,14.683395385742188,14.987635347419442,14.356336882915176,14.827909911562847,21396600
2011-09-23,14.721423149108887,15.010452167612874,14.4514103047481,14.538879193031296,16213400
2011-09-26,15.01806354522705,15.0332744587839,14.45141530672087,14.78988243310344,16568200
2011-09-27,15.154964447021484,15.531462334453003,15.059889384114873,15.26525186816843,12766600
2011-09-28,14.995240211486816,15.367934313166849,14.953406948416431,15.212011255823871,12143200
2011-09-29,14.516058921813965,15.398356780304002,14.052093632854389,15.291871730588005,25054000
2011-09-30,14.181397438049316,14.5769100676263,14.147170355668031,14.314501952459647,17043200
2011-10-03,13.76686954498291,14.093927996966054,13.709823926342,14.014063840722711,27620000
2011-10-04,14.166183471679688,14.189002007588233,13.356143581054344,13.523476609589858,24689200
2011-10-05,14.47042465209961,14.573105896736696,14.01026168410887,14.238441260593266,17616200
2011-10-06,14.641565322875977,14.729034240327529,14.333521478235467,14.500854581821818,11464200
2011-10-07,14.930586814880371,15.170176372779123,14.664377806915413,14.713815793691598,16811000
2011-10-10,15.561888694763184,15.755842674070376,15.105529462646391,15.14355891507925,14021400
2011-10-11,15.717804908752441,15.835697019381504,15.375534214955493,15.428776000495052,15037000
2011-10-12,15.786263465881348,15.965005055843218,15.641750408754687,15.809082004194691,12959200
2011-10-13,15.626538276672363,15.835703136690645,15.535265572824713,15.668371538822102,12750400
2011-10-14,16.056272506713867,16.056272506713867,15.736820328464788,15.786258302544708,11249000
2011-10-17,15.65316390991211,15.95740393012437,15.584709724022993,15.95740393012437,10459800
2011-10-18,16.14374542236328,16.330091726910425,15.504840905312518,15.69118720985966,15201000
2011-10-19,15.561888694763184,16.1893848150197,15.485829789897464,15.972613744545038,13861600
2011-10-20,15.588507652282715,15.831899576519495,15.459205511190635,15.558082936387965,9322000
2011-10-21,16.0068359375,16.143744245563834,15.672171345647314,15.805277289922786,13940000
2011-10-24,16.177968978881836,16.345300525201818,15.987818900946873,16.052469231094378,12206800
2011-10-25,15.698795318603516,16.158959766537375,15.653159690555611,16.13614122714819,14038400
2011-10-26,15.744431495666504,16.044867601399964,15.485827200321733,15.869929828293316,12060000
2011-10-27,16.379533767700195,16.516442107505796,15.976414928353762,16.1513541685112,12129600
2011-10-28,16.16275978088379,16.436576410817146,16.02585146591711,16.34150135328254,11935400
2011-10-31,16.10952377319336,16.402355229779374,16.02966104432375,16.075296682144845,10543000
2011-11-01,15.679779052734375,15.923170979365185,15.561885453578062,15.717809947976887,15438800
2011-11-02,15.660767555236816,15.942188984328205,15.565692473648797,15.877538625199048,13484000
2011-11-03,15.744431495666504,15.904156910051606,15.421175401120351,15.790067121100765,21705600
2011-11-04,16.80546760559082,16.995617731500005,16.22741104873926,16.322486111693852,34216000
2011-11-07,16.820680618286133,16.999422207828825,16.63813666439866,16.714197007867707,20936000
2011-11-08,16.870119094848633,16.980406514038158,16.47460649200156,16.877725273833803,12079800
2011-11-09,16.33389663696289,16.69137836303541,16.280654832093617,16.493622051570703,16248000
2011-11-10,16.550668716430664,16.622925248925167,16.22361023646418,16.42897274026599,14783600
2011-11-11,16.86251449584961,16.961391930460856,16.65715199619882,16.69137907947395,9448800
2011-11-14,16.59630584716797,16.904349630755934,16.55827639519787,16.752228921414336,9817800
2011-11-15,16.810102462768555,16.882643016862712,16.51994461560294,16.546669622983842,8110800
2011-11-16,16.424503326416016,16.75665814274961,16.39777830995263,16.600125279290868,11803800
2011-11-17,16.046537399291992,16.424507882762587,15.901459114359868,16.329060952799814,13512000
2011-11-18,16.0427188873291,16.256520517751646,16.004539244536975,16.046536123406085,11646600
2011-11-21,15.912904739379883,16.004532933138435,15.607474999511568,15.73346413003055,12086800
2011-11-22,16.141983032226562,16.206887696716457,15.806010914364666,15.86327819389809,11926000
2011-11-23,15.748733520507812,16.050345978679868,15.748733520507812,16.019802281263313,10680600
2011-11-25,15.592203140258789,15.813639155395999,15.55784220351634,15.672378173856544,5104800
2011-11-28,15.977812767028809,16.18397845010895,15.786918939674083,15.954906439845008,10003600
2011-11-29,16.115249633789062,16.321415228315193,15.94726366217723,16.042710534857438,11266800
2011-11-30,16.60012435913086,16.703207183948862,16.382505547760882,16.500860225826905,14023200
2011-12-01,16.64211654663086,16.68793063708525,16.493219660351336,16.493219660351336,8343600
2011-12-02,16.764291763305664,16.8864636664449,16.63066669937336,16.77956361529906,12210600
2011-12-05,16.875011444091797,16.92846147263714,16.79865363628243,16.894100531943128,13901400
2011-12-06,16.695571899414062,16.913190719153366,16.558128127704155,16.9093734838966,8228400
2011-12-07,16.752840042114258,16.8139259989331,16.416866551408564,16.6230322018237,8208800
2011-12-08,16.36341667175293,16.794837064981518,16.33287296486052,16.588671412670074,9878800
2011-12-09,16.78338050842285,16.852102384590143,16.393957028942847,16.45504297926889,10894000
2011-12-12,16.798654556274414,16.821562336793,16.474135675817127,16.603943519280868,9246200
2011-12-13,16.649755477905273,17.18043994541685,16.59248676219231,17.008635254681895,14486400
2011-12-14,16.45122528076172,16.61921127532154,16.29087375542398,16.56576125234359,12387800
2011-12-15,16.569578170776367,16.69556728911718,16.474131295268215,16.554306321158165,10743200
2011-12-16,16.60012435913086,16.829197788638897,16.588671197396888,16.687935330700842,13281200
2011-12-19,16.65357208251953,16.798651755473525,16.535218877249907,16.74520173291255,10464200
2011-12-20,17.203344345092773,17.23770527649297,16.8368272580228,16.848281872758637,12999200
2011-12-21,17.272071838378906,17.35224688564757,17.00100153278789,17.18425940786089,9242800
2011-12-22,17.180438995361328,17.279703113183494,17.05063117580689,17.25679679328815,7896000
2011-12-23,17.352245330810547,17.352245330810547,17.146079693675212,17.214801572720326,5067800
2011-12-27,17.539316177368164,17.600402115460902,17.314061507575506,17.333152046557448,5791200
2011-12-28,17.47823715209961,17.695855983650723,17.336976137465637,17.68440282085463,7831000
2011-12-29,17.734027862548828,17.75311694432653,17.52786228398108,17.592766909709557,7664400
2011-12-30,17.5660457611084,17.74930507953865,17.5660457611084,17.74548638818584,5366600
2012-01-03,17.291154861450195,17.959282933780695,17.287336171165137,17.886742382400783,12922400
2012-01-04,17.62712860107422,17.802751962176906,17.287337950903417,17.336970734893555,13886800
2012-01-05,17.699668884277344,17.714940733944747,17.390420482329315,17.63476425139276,9731800
2012-01-06,17.837120056152344,17.909659187714063,17.650043460729325,17.707312192659977,8105400
2012-01-09,17.78748321533203,17.86765825671556,17.66531130758455,17.84093324292105,7261600
2012-01-10,17.875289916992188,18.050911810415837,17.711121182060268,17.96310086370401,7868000
2012-01-11,17.98982810974121,18.02418904589588,17.741667087649795,17.80657026905092,8201000
2012-01-12,18.173084259033203,18.1845388742879,17.96310142714426,18.070002916566995,8973400
2012-01-13,18.08146095275879,18.173089161090058,17.9211094035729,18.134910983686048,9538200
2012-01-17,18.21508026123047,18.321981745632634,18.14635839854467,18.302891206572628,7536600
2012-01-18,18.34107780456543,18.38307467622568,18.18072624517213,18.27235591574033,11219400
2012-01-19,18.333438873291016,18.344892034083806,18.211266970154703,18.318167021297985,10540800
2012-01-20,18.383073806762695,18.474702016592957,18.25326596249971,18.302897302656046,9582200
2012-01-23,18.073822021484375,18.40215953563228,17.98601106292917,18.38307045010356,15163000
2012-01-24,18.192176818847656,18.24944407586457,17.95928618699545,18.043278455234365,10309200
2012-01-25,18.237993240356445,18.360165151915883,18.07764169618214,18.360165151915883,14279000
2012-01-26,18.455608367919922,18.51287707721808,17.966920819149735,18.348708330727387,24982200
2012-01-27,18.268531799316406,18.299075499237663,17.90965206366429,18.283803649277033,26973400
2012-01-30,18.50905418395996,18.50905418395996,18.03945582611212,18.085269909306106,16458600
2012-01-31,18.29526710510254,18.562518804207407,18.257088915118096,18.53197654350077,11731200
2012-02-01,18.417428970336914,18.48996806839081,18.150177438785377,18.45560713638556,16545600
2012-02-02,18.195993423461914,18.512877768986154,18.100546542000952,18.413612196680607,11977800
2012-02-03,18.44797706604004,18.47852077369441,18.30289736749005,18.314351986062512,9995800
2012-02-06,18.50160789489746,18.582065974117565,18.386667572933664,18.436474120139167,7415200
2012-02-07,18.547590255737305,18.620385477560454,18.436480605418282,18.486288631689913,6351800
2012-02-08,18.666358947753906,18.700841195526188,18.497778420180214,18.5705750885582,7672200
2012-02-09,18.850263595581055,18.91156520639816,18.681683069674747,18.719997489901495,9513600
2012-02-10,18.704669952392578,18.73532148567441,18.582066742356346,18.69700706907212,8176400
2012-02-13,18.86942481994629,18.877087705918598,18.670194169304477,18.792797421769276,7716600
2012-02-14,18.819616317749023,18.819616317749023,18.643374329464454,18.762146866723718,6621200
2012-02-15,18.574405670166016,18.850263650418334,18.54758630670212,18.79279275068387,8092600
2012-02-16,18.58973503112793,18.69318179371564,18.516939810734787,18.528433408284766,9766400
2012-02-17,18.56291389465332,18.78130099658076,18.555251009834446,18.647202704569246,12705800
2012-02-21,18.490123748779297,18.723836702871935,18.4173285096137,18.551425387430942,8291600
2012-02-22,18.516937255859375,18.55908092824317,18.340693835649745,18.501611486876666,8649400
2012-02-23,18.56674575805664,18.601228011107715,18.390503780927112,18.52076990783718,8253400
2012-02-24,18.505449295043945,18.65870412055153,18.42882188229015,18.54376373219401,6553400
2012-02-27,18.478626251220703,18.605061676394985,18.30621497214034,18.440313283223308,6713000
2012-02-28,18.73915672302246,18.742987434835225,18.4518051060502,18.478624473377273,7653200
2012-02-29,18.605064392089844,18.72766766143259,18.57824501826776,18.720004774405385,10245200
2012-03-01,18.66252899169922,18.808120884203234,18.570577294414697,18.654866106667864,8673000
2012-03-02,18.731491088867188,18.81961206308744,18.59356209911525,18.681683073335503,8177400
2012-03-05,18.78896713256836,18.926896160083086,18.654868817353,18.654868817353,8906600
2012-03-06,18.516937255859375,18.78896307834652,18.42881481498167,18.597395350699948,8207400
2012-03-07,18.961380004882812,18.972873604289543,18.539930000899464,18.555255774472577,11421200
2012-03-08,19.298538208007812,19.444130133511376,19.02268159208331,19.02268159208331,16631600
2012-03-09,19.86174201965332,20.10311776522006,19.566727544304143,19.82725977028664,28375800
2012-03-12,19.582056045532227,19.930709299311303,19.51692224917562,19.90772064267733,13623600
2012-03-13,20.053306579589844,20.057137290449646,19.585880931234662,19.631858230825543,18471600
2012-03-14,20.183582305908203,20.271703313200454,19.892398449028715,19.92304999671971,14739600
2012-03-15,20.3330078125,20.34833358850531,20.183585150314357,20.24871750601725,12636200
2012-03-16,20.38664436340332,20.447945999252084,20.25637820453141,20.401970137752084,23993200
2012-03-19,20.516904830932617,20.52456771598133,20.175914484767162,20.31767420430368,11435200
2012-03-20,20.58586883544922,20.624183259763353,20.394301098516085,20.505410736708306,12616400
2012-03-21,20.616525650024414,20.673995108881485,20.501583809217838,20.662501509419315,8522800
2012-03-22,21.152912139892578,21.168237911776227,20.555221651890722,20.566715250030434,21402400
2012-03-23,21.206554412841797,21.26402533620682,20.880889744563454,21.260194623370754,13754800
2012-03-26,21.421110153198242,21.421110153198242,21.14142135604736,21.271687511307,13132800
2012-03-27,21.55520248413086,21.63182987607464,21.325321769845456,21.444094300435612,13421000
2012-03-28,21.467090606689453,21.666321325688816,21.32533082142807,21.539887317630438,12098200
2012-03-29,21.352140426635742,21.405779160746107,20.92685980398087,21.30233240429931,13402400
2012-03-30,21.4134464263916,21.551375463203495,21.355976968750774,21.532218977323218,8967400
2012-04-02,21.7122802734375,21.796570520812562,21.44025451705761,21.46707387548687,12180600
2012-04-03,21.804241180419922,21.903855767037637,21.620336316363097,21.719950902980816,11865400
2012-04-04,21.823402404785156,22.087766891813345,21.708462022468936,21.938342787101377,14150800
2012-04-05,22.29082679748535,22.401936459658337,21.865546095858257,21.88470258137694,16360000
2012-04-09,21.99964714050293,22.206540731167916,21.880876030768405,21.942177673015834,12610800
2012-04-10,21.754430770874023,22.191204957808107,21.68546627172172,22.12990334317781,18156000
2012-04-11,22.716102600097656,22.727596196620897,21.91151722791655,21.97665101848854,24176400
2012-04-12,23.229507446289062,23.23717033222615,22.61265901304106,22.773575233081733,24417200
2012-04-13,23.62796401977539,23.746736543071645,22.892344610000233,23.09540594386707,30542400
2012-04-16,22.854042053222656,23.754410243980743,22.80040183465008,23.72759086546771,25367800
2012-04-17,22.47472381591797,22.96896886150566,22.290818988580938,22.965136688816713,30548200
2012-04-18,23.114566802978516,23.267820135243248,22.574344312491284,22.604995855871852,18130400
2012-04-19,22.532196044921875,23.156705767912253,22.44407506796395,23.14138146088816,18567200
2012-04-20,22.666297912597656,22.938323788321735,22.604996286215524,22.631815656411078,16134800
2012-04-23,22.436412811279297,22.54369027117745,22.126072566015075,22.48238865672911,15202200
2012-04-24,22.241016387939453,22.89234705675895,22.129906737646067,22.593501822290122,17996000
2012-04-25,22.79655647277832,22.877014556617187,22.355950174820677,22.49387915371335,14108600
2012-04-26,23.24099349975586,23.428730490404767,22.758243534801718,22.930653297006042,29879400
2012-04-27,22.003469467163086,22.413424290249107,21.635659778299217,22.32530331030542,54720000
2012-04-30,21.980484008789062,22.12607591320842,21.804242023281734,22.00347266576454,18647400
2012-05-01,22.09158706665039,22.386601499516544,21.92300801710354,22.03411617213333,13267200
2012-05-02,22.191205978393555,22.279328423676574,21.880867179481314,22.041783377206794,13916600
2012-05-03,21.70462417602539,22.091590343665835,21.693129118489495,22.045614498159573,16406800
2012-05-04,21.287010192871094,21.555203889845572,21.19505702423268,21.467082894904525,18263200
2012-05-07,21.32159423828125,21.448417691736424,21.13712496000859,21.213987525796743,12645000
2012-05-08,20.825834274291992,21.17940152524071,20.387719512098386,21.14096950555517,20748600
2012-05-09,20.791242599487305,21.083320034536676,20.560656385316868,20.64136141367338,17232200
2012-05-10,21.07947540283203,21.356180023507296,20.941124558525747,21.025672052374365,15112200
2012-05-11,21.14097023010254,21.42151885231122,20.96418733158527,20.979560139986344,14455800
2012-05-14,20.625991821289062,20.987245470067005,20.61446294859415,20.948813451031256,11794600
2012-05-15,20.499168395996094,20.791244390169627,20.3992480855248,20.67595127315459,19779800
2012-05-16,20.376188278198242,20.772028505887157,20.307012116811435,20.59524563391264,15818000
2012-05-17,19.857364654541016,20.445361954869842,19.841993316347615,20.441518020798018,17960000
2012-05-18,19.803565979003906,20.433836440634064,19.76513542540466,19.99187921011616,22738200
2012-05-21,20.637523651123047,20.652896459848066,19.803567103187305,19.872743276418166,20695000
2012-05-22,20.51070213317871,20.906543932403366,20.395408988815284,20.67980011320815,15757000
2012-05-23,21.248567581176758,21.321586184777882,20.714375223070924,20.73743295787604,18498400
2012-05-24,21.044893264770508,21.67132130624943,20.725915540161182,21.452263908400486,20236800
2012-05-25,20.968032836914062,21.16018855822219,20.86426857148386,21.087168445864744,10169400
2012-05-29,21.36002540588379,21.463788179640652,21.060261557818187,21.133281652131135,12982000
2012-05-30,21.033363342285156,21.183244557968603,20.910383808081725,21.0833242361902,10412600
2012-05-31,21.09485626220703,21.16787637945063,20.718231199164986,21.0717985123675,15055200
2012-06-01,20.041841506958008,20.775876273978128,19.999567015417664,20.41078012507632,17456400
2012-06-04,20.714385986328125,20.741287668266256,19.78819552894349,19.984193706782982,24502800
2012-06-05,20.14176368713379,20.24552795791278,19.84200121557129,20.118704471616716,22337600
2012-06-06,20.549129486083984,20.599088908794577,20.322385718446974,20.403090754547044,13980400
2012-06-07,20.53759765625,20.898851257178155,20.476107899969037,20.77971421299504,14475600
2012-06-08,20.595247268676758,20.660579500710387,20.134073311502487,20.307013728696788,12509800
2012-06-11,20.303171157836914,20.81814700595577,20.272425543365085,20.810462068369397,9770000
2012-06-12,20.383880615234375,20.53376185319417,19.934235435323078,20.368507804666216,21075400
2012-06-13,19.703643798828125,20.50685460784719,19.611408426458148,20.3070125227385,21445600
2012-06-14,20.111019134521484,20.168664973125647,19.638314754982606,19.7651382387691,16009600
2012-06-15,20.19171905517578,20.21093432982572,19.81125016656854,19.895799134266035,20108800
2012-06-18,20.821996688842773,20.864271187395925,20.080275394315635,20.114863487128943,15911000
2012-06-19,21.183244705200195,21.348498730315573,20.956500912555722,21.025677084279913,15032400
2012-06-20,21.38308334350586,21.486847584240547,21.137124313333917,21.252417425473084,14967200
2012-06-21,20.77971839904785,21.50991068475826,20.752816716882577,21.45226338524312,12379800
2012-06-22,20.9987735748291,21.033361657680565,20.76818733317371,20.856578774675995,9148800
2012-06-25,20.479949951171875,20.845045986906904,20.372341788051585,20.81430037857788,10005800
2012-06-26,20.73360252380371,20.791248360303065,20.36850636184726,20.47227062678426,9467000
2012-06-27,20.27242660522461,20.791246415343757,20.122545391902708,20.706698903180847,14015800
2012-06-28,20.01877784729004,20.2109335181352,19.695956261628915,20.18787430986247,15650200
2012-06-29,20.49148178100586,20.526069862356156,20.303170033900958,20.441520893270646,16983200
2012-07-02,20.287799835205078,20.53760137392632,20.041840765558202,20.53760137392632,10270800
2012-07-03,19.96113395690918,20.214779426952727,19.876586444249114,20.164819999572764,9112800
2012-07-05,20.137914657592773,20.291638312868432,19.972660665298665,19.999562341622692,8752200
2012-07-06,19.972660064697266,20.061051493679802,19.715170714155644,20.041836220602097,12096200
2012-07-09,20.134075164794922,20.13791909999284,19.876587215740177,19.895802493634577,9328600
2012-07-10,20.114856719970703,20.37234462848595,20.00340607328582,20.272424319547728,10558200
2012-07-11,20.045682907104492,20.13023188567604,19.868900011938234,20.053369311159333,8700000
2012-07-12,20.245521545410156,20.349285783323193,19.768974837887118,19.830464593758016,10980800
2012-07-13,20.602941513061523,20.633685673356396,20.045689497157465,20.14945378696295,11089600
2012-07-16,20.330078125,20.699016798427255,20.276273285680553,20.545291618149914,9318800
2012-07-17,20.649049758911133,20.722068391527248,20.345443424399882,20.47995328367993,8470000
2012-07-18,20.483793258666992,20.595243894380243,20.087953064411856,20.3031679334411,11023400
2012-07-19,20.829679489135742,20.86042364074157,20.330074930779208,20.495328960501777,10426200
2012-07-20,19.96881675720215,20.518382087455045,19.807406699045785,20.49148041109565,23471400
2012-07-23,19.44615364074707,19.665210992031373,19.06184229238423,19.64983965228076,21166200
2012-07-24,19.40003776550293,19.661369614167587,19.246314097250004,19.419253040780603,12079200
2012-07-25,19.373144149780273,19.484594845219384,19.161773101692678,19.407732246087853,13157800
2012-07-26,20.137914657592773,20.326226391860953,19.745916917688014,19.87273889663965,28380400
2012-07-27,18.243261337280273,18.523808463521004,17.724440104343405,18.024203972050778,56945200
2012-07-30,18.01651382446289,18.343177837066566,17.94349374054046,18.235571144167707,17497200
2012-07-31,17.401622772216797,18.06263896517909,17.32860412119288,18.051110090288972,30425400
2012-08-01,16.82515525817871,17.490013908391123,16.794411103699737,17.474642564167574,33427000
2012-08-02,16.58687973022461,16.978877528591482,16.54076277336722,16.75597621605612,30760200
2012-08-03,16.875120162963867,16.986570864715166,16.67912191680833,16.844376001189296,24472800
2012-08-06,16.774797439575195,17.05643484943997,16.76708116470821,17.048718574572984,19911200
2012-08-07,17.48082733154297,17.50783356728332,16.855822091390426,16.902119756999145,25045400
2012-08-08,17.473106384277344,17.515545163878897,17.322642690583884,17.46924751064316,16627200
2012-08-09,17.403661727905273,17.615854158472683,17.372796625124288,17.588847929403872,18177600
2012-08-10,17.581134796142578,17.59656735029147,17.399805964216522,17.457677306410183,13512200
2012-08-13,17.789470672607422,17.866631975138652,17.546413084739353,17.64672321954878,16786200
2012-08-14,17.91292953491211,18.01323820564672,17.835768226492654,17.939935772099485,14132000
2012-08-15,18.557222366333008,18.63824254556581,18.032528733171343,18.036386136120775,29404800
2012-08-16,18.67296600341797,18.757842118163357,18.383612200503823,18.57265586090585,19389200
2012-08-17,18.603519439697266,18.753983169334827,18.4569131128863,18.753983169334827,17089200
2012-08-20,18.537935256958008,18.672967928610944,18.460773940546286,18.61509657336973,12297800
2012-08-21,18.553359985351562,18.692250001937254,18.4993475281747,18.64209494667485,14280200
2012-08-22,18.564939498901367,18.642100807008646,18.480063384539946,18.53793326182325,11817600
2012-08-23,18.480064392089844,18.66910806194349,18.44919927847232,18.572656789483165,13075800
2012-08-24,18.78870964050293,18.81957328480701,18.136698045721047,18.399045645089544,18156200
2012-08-27,18.95846176147461,19.024049391639327,18.80799801284856,18.904449284709322,16089800
2012-08-28,19.0433406829834,19.101210567107763,18.86201180825501,18.881301769629797,13325600
2012-08-29,18.97003936767578,19.16294195130509,18.923743159689124,19.074206939443197,12303000
2012-08-30,19.178375244140625,19.290259100136613,19.05877657962696,19.0780665443811,15918200
2012-08-31,19.13979148864746,19.313404080190068,19.04334021242709,19.297971522779687,11868200
2012-09-04,19.10120964050293,19.209236068074844,18.919882246300496,19.078062276667954,10806200
2012-09-05,19.213096618652344,19.54103188675149,19.101212769357463,19.124361608713954,12976400
2012-09-06,19.614328384399414,19.672199729362422,19.328832005900374,19.39056075372051,11363200
2012-09-07,19.741641998291016,19.799513339488286,19.58346200031173,19.664482172333777,10288200
2012-09-10,19.610469818115234,19.79951345321742,19.529449645627803,19.745500986045364,13784000
2012-09-11,19.571889877319336,19.784082359036127,19.525593683717183,19.676057416721278,13456200
2012-09-12,19.741641998291016,19.849668403743966,19.67219844927537,19.67219844927537,11277400
2012-09-13,19.953842163085938,20.003995771266798,19.6297657890313,19.741648160283052,11352000
2012-09-14,19.467721939086914,20.061862053105486,19.436858301227595,20.003990708491294,24167200
2012-09-17,19.15908432006836,19.317264377900017,18.900595567499757,19.27096817046219,21955400
2012-09-18,19.00090217590332,19.151365937352494,18.935316011878697,19.120502293026128,17068800
2012-09-19,19.332691192626953,19.44843241269226,18.962318699726193,19.03562112903068,14277200
2012-09-20,19.749366760253906,19.757083040510683,19.155227897781813,19.216956668106054,18039800
2012-09-21,19.703065872192383,19.926833531318117,19.683775911995593,19.865104775650607,18128000
2012-09-24,19.73777961730957,19.84194712215333,19.5217283326267,19.63747098582797,9267000
2012-09-25,19.49472999572754,19.93840642128228,19.471582633102482,19.79565895541936,14178400
2012-09-26,19.328834533691406,19.676059705420084,19.216952175449617,19.498589716194154,13970800
2012-09-27,19.69149398803711,19.70306767086581,19.290256303704904,19.417572701739644,11752400
2012-09-28,19.564170837402344,19.66062208563059,19.247810860952036,19.50630097150295,16058600
2012-10-01,19.348119735717773,19.791794565922153,19.25166849370867,19.649047139832845,15432600
2012-10-02,19.020187377929688,19.460004869560375,18.827284866040483,19.460004869560375,21860200
2012-10-03,19.09349822998047,19.224672044719995,18.92374301577055,19.155226997403194,15040200
2012-10-04,18.943035125732422,19.263254154830317,18.81186129613197,19.247821593293775,24816200
2012-10-05,18.804141998291016,19.14750831599747,18.773276882585854,19.08577955631687,17917000
2012-10-08,18.81185531616211,18.970035342303724,18.672966721673788,18.773275396314734,15495600
2012-10-09,18.26786994934082,18.89673264182623,18.233147433271576,18.78099141217194,24286400
2012-10-10,18.113548278808594,18.445340873532135,17.98623189964417,18.418334636448083,22044000
2012-10-11,18.194568634033203,18.33345870686035,18.090401079412842,18.21000119139837,17288400
2012-10-12,18.20227813720703,18.3990380193183,18.1482656782639,18.33345188252425,17032800
2012-10-15,18.39133071899414,18.449202079949846,18.26401578531338,18.314170866692997,13587600
2012-10-16,18.889020919799805,19.012478457440594,18.47235209819463,18.53022199111566,17480600
2012-10-17,18.669103622436523,18.970031049998806,18.645956264457435,18.823426210367025,14531000
2012-10-18,18.291015625,18.730833104765047,18.206138051105228,18.684536915244866,19686400
2012-10-19,17.62744140625,18.11355684717209,17.515559001861476,18.105840565536635,36760000
2012-10-22,17.476970672607422,17.646725857902027,17.39595195511481,17.64286698274734,16497400
2012-10-23,17.349658966064453,17.430677698550255,17.079595052715185,17.34580009019565,22447600
2012-10-24,17.46153450012207,17.565702031786476,17.39209095074182,17.476967054086284,17443800
2012-10-25,17.84347915649414,18.082677816345694,17.712305413015073,17.77789302061916,23508200
2012-10-26,17.696882247924805,17.824198656945143,17.507838544005367,17.766327294348645,21732800
2012-10-31,17.708454132080078,17.820336489112034,17.36122896410611,17.696878978661204,17869200
2012-11-01,17.986234664916992,18.03253233994724,17.51169453383019,17.646727211740437,25082400
2012-11-02,19.614328384399414,20.03871334169669,19.44457469582639,19.490870888759137,54965400
2012-11-05,19.679912567138672,19.787938968818644,19.5603139580445,19.59889386967566,20253800
2012-11-06,19.949979782104492,20.139024913639705,19.63361974298805,19.710781051200982,16161600
2012-11-07,19.988567352294922,20.177611070550583,19.710787145533953,19.768658512519153,19532000
2012-11-08,19.62204933166504,19.96155826133974,19.610475648609807,19.922976864939326,15438000
2012-11-09,19.66062355041504,19.868958615324754,19.548739740919522,19.652907273374378,14356400
2012-11-12,19.552602767944336,19.81495035612746,19.54488648926487,19.660627725997504,9687800
2012-11-13,19.490615844726562,19.765676847068548,19.389888323006264,19.53322974315088,9822400
2012-11-14,18.921127319335938,19.55648025050351,18.90563054592852,19.37052340317546,22024400
2012-11-15,18.762277603149414,19.010219914501143,18.657676663450513,18.983101316562845,15778000
2012-11-16,18.8901309967041,18.983110145632097,18.53758758168507,18.917251085108738,18604400
2012-11-19,19.269794464111328,19.370520520562746,18.963739885201615,18.97148827075225,12666600
2012-11-20,19.39376449584961,19.498365477631324,19.14969553835894,19.20780768752212,10971600
2012-11-21,19.56809425354004,19.618458008013878,19.33564865695057,19.351145424150687,8090400
2012-11-23,19.8315372467041,19.88190101098624,19.583594834627956,19.583594834627956,4949400
2012-11-26,19.715309143066406,19.76954634644356,19.56034591596782,19.69981237700066,7801000
2012-11-27,19.451868057250977,19.93613086376202,19.420876006117727,19.711433690024354,10800600
2012-11-28,19.90126609802246,19.91288941161256,19.331773979108533,19.44412183955772,10903000
2012-11-29,20.067861557006836,20.265441719446848,19.95163871443522,20.060113170454912,12829000
2012-11-30,20.094970703125,20.149207905580607,19.773420940915507,19.920635782479888,11997400
2012-12-03,20.063974380493164,20.249931096998854,19.9516250691087,20.199567357782954,13776000
2012-12-04,19.804420471191406,20.137593672458053,19.73468647660753,20.0097490009566,12239000
2012-12-05,19.676578521728516,20.199582075605917,19.20006381138709,20.145344845171664,27640200
2012-12-06,20.80393409729004,20.86204475751038,19.831533384360558,19.951631113380827,49862000
2012-12-07,20.780689239501953,20.920157190562193,20.58698408033008,20.69933342733451,21244200
2012-12-10,20.517255783081055,20.803940148252504,20.455270174105266,20.734206153423056,14844400
2012-12-11,20.606353759765625,20.726451487326763,20.532746333239597,20.660592444306587,15011400
2012-12-12,20.76519775390625,20.993769958982668,20.59086424859067,20.714835463765663,18553000
2012-12-13,20.60248374938965,21.04025788457278,20.513379540963573,20.726454950491426,14360600
2012-12-14,20.672216415405273,20.82330621473943,20.555993606521554,20.610230818810408,9656200
2012-12-17,21.14485740661621,21.17972291903787,20.726453523318018,20.730326976524918,16114800
2012-12-18,21.0518798828125,21.268830225315785,21.0286347282343,21.17972453835934,15380800
2012-12-19,21.024761199951172,21.24945844866136,20.970523983981586,21.075124962431488,14237200
2012-12-20,21.00151252746582,21.156477242437703,20.803933919837068,21.125483708302106,9797800
2012-12-21,20.76519775390625,20.80006475054006,20.373913883107704,20.552122320190072,22153600
2012-12-24,20.80006217956543,20.920159925982507,20.660595688122296,20.676090979713795,3405800
2012-12-26,20.583112716674805,20.838803493621246,20.48626012725792,20.772942964334085,6094200
2012-12-27,20.62572479248047,20.780688024042338,20.42039633082782,20.567612656986643,9167200
2012-12-28,20.393281936645508,20.6373508870906,20.385533551790534,20.525001523473446,6791400
2012-12-31,20.776817321777344,20.792312612487702,20.296427841279662,20.304176225561438,9247000
2013-01-02,21.30756187438965,21.30756187438965,21.02087766436995,21.14872374498558,13267600
2013-01-03,21.45091438293457,21.543893533302356,21.307572942393797,21.33469155336493,14670400
2013-01-04,21.574880599975586,21.69497833349168,21.427665739623993,21.512895006708305,10911400
2013-01-07,21.586505889892578,21.61362449706253,21.311443409113636,21.46253469201471,8720000
2013-01-08,21.54776382446289,21.586505747201915,21.3346884218846,21.53226853322052,9613400
2013-01-09,21.164226531982422,21.656237823549453,21.0480037297047,21.6523628926901,16678400
2013-01-10,21.129356384277344,21.37342378921196,21.036377269645428,21.214585638349305,14367600
2013-01-11,21.31144142150879,21.400547097160516,21.090617653518066,21.350183340890652,13302600
2013-01-14,21.17972183227539,21.501273112516756,21.129359553903917,21.342434937826706,11596400
2013-01-15,21.10611343383789,21.226211161523317,20.79618548254829,21.164225571265398,13147800
2013-01-16,21.055755615234375,21.08287422625074,20.904665788756493,20.95502955686694,8919000
2013-01-17,21.113862991333008,21.26882771452074,21.00538857181347,21.226212341751456,9013000
2013-01-18,21.23396873474121,21.319198034573503,20.978277879536964,21.12161934194673,13091600
2013-01-22,21.303695678710938,21.334687738055546,21.113863958007393,21.334687738055546,11965000
2013-01-23,21.09836196899414,21.280445260344965,20.997635953730537,21.261075043315753,10900800
2013-01-24,21.1409854888916,21.268831630739694,20.94340683440766,21.20684602562185,23473600
2013-01-25,22.0087833404541,22.18699175344889,21.83832183423886,21.958419579267485,30797200
2013-01-28,21.70273208618164,22.14050627822032,21.636871545750264,22.020408514994564,13224800
2013-01-29,21.540014266967773,21.698852446915243,21.419918007649663,21.547762651093645,12092600
2013-01-30,21.694978713989258,21.77246107639556,21.454784720597544,21.601999583531065,13147600
2013-01-31,21.741466522216797,21.884809403204827,21.598125119081843,21.648488873965555,10583000
2013-02-01,22.02815055847168,22.121128205676705,21.908052829824374,21.915801213400304,9606200
2013-02-04,21.729839324951172,21.97003324784022,21.6601053670394,21.830565332016672,7926400
2013-02-05,21.854286193847656,21.95150276812331,21.741514611670176,21.86984120174949,8151400
2013-02-06,21.795955657958984,21.88928422197151,21.66763055127486,21.737626603432457,7449000
2013-02-07,21.722070693969727,21.799844246851027,21.44597599047789,21.795954753333035,9123600
2013-02-08,21.920391082763672,22.029274646376233,21.714292435687003,21.714292435687003,7146400
2013-02-11,21.830955505371094,21.97872512596619,21.722073407778563,21.97872512596619,5457400
2013-02-12,21.877613067626953,21.99038462838856,21.757065487798332,21.776508502279697,8665600
2013-02-13,21.710411071777344,21.95539582723524,21.582084452188173,21.95539582723524,7022800
2013-02-14,21.601516723632812,21.70262276451671,21.523743188354462,21.5937392217643,8899400
2013-02-15,21.13099479675293,21.659853201983374,21.06488675439552,21.624855175654677,18195800
2013-02-19,21.17377281188965,21.235991367841386,21.006560164630475,21.138774781453836,11761000
2013-02-20,20.730459213256836,21.325424069259213,20.67990618810548,21.232095521549557,12473000
2013-02-21,20.746013641357422,20.858785208772833,20.42325542838384,20.637131567111926,13897400
2013-02-22,21.06488800048828,21.080443009422794,20.71879721043551,20.8821218374333,11487400
2013-02-25,20.691574096679688,21.274873508050597,20.687686086636347,21.154325912414496,12334000
2013-02-26,20.718791961669922,20.944335083860818,20.55157936650272,20.777122488693617,10611400
2013-02-27,21.220439910888672,21.37598706851459,20.641029789717773,20.707136367493828,12056400
2013-02-28,21.329315185546875,21.45375227834652,21.173769561250896,21.251543115102464,10436400
2013-03-01,21.33708953857422,21.36042204630649,20.998776335194474,21.243762474459018,8451800
2013-03-04,21.65985107421875,21.6676285774619,21.255429806017233,21.298205332151035,10195000
2013-03-05,21.97482681274414,22.087598359081674,21.776505716949455,21.776505716949455,12932000
2013-03-06,22.204267501831055,22.35592662104781,22.02927883491707,22.072052886411292,14925200
2013-03-07,22.651464462280273,22.748681047955294,22.200379564084464,22.204267574812217,18237200
2013-03-08,22.814786911010742,22.931447996951093,22.61257772443742,22.814786911010742,14217800
2013-03-11,22.79145050048828,22.91588757827035,22.682568428280714,22.709788946332605,9898000
2013-03-12,22.663129806518555,22.768123896262622,22.546470201272047,22.729237855649572,11670200
2013-03-13,22.78367805480957,22.865339627091004,22.66312895996033,22.682573462947886,7435400
2013-03-14,22.429805755615234,22.84589253069317,22.324811688529163,22.75645346985845,14723200
2013-03-15,22.422033309936523,22.499806875328623,22.266486179152327,22.305373703552064,15103000
2013-03-18,22.138154983520508,22.328698608877517,22.06815894221186,22.18870800966719,10521200
2013-03-19,22.099267959594727,22.157597002458097,21.760953280678187,21.974829404657683,13337400
2013-03-20,22.332582473754883,22.402578497423313,22.165369915369915,22.250920940610577,9622600
2013-03-21,22.1848201751709,22.328700278214555,22.068160592070445,22.28203674165579,8307400
2013-03-22,22.313146591186523,22.457026693174093,22.227595538617503,22.282036578104307,8747600
2013-03-25,22.044830322265625,22.48813915654737,21.83484364470896,22.37147807818483,10581400
2013-03-26,22.1848201751709,22.227595701769385,22.05260558541516,22.161489148595056,6128600
2013-03-27,22.13037872314453,22.14593372951013,21.858172045374797,22.110935706891063,7457000
2013-03-28,22.145931243896484,22.266478821182215,22.110933225205525,22.138153741586617,7620400
2013-04-01,22.114824295043945,22.29759191610114,22.029274724610293,22.215930355657026,7009800
2013-04-02,22.655344009399414,22.68256600795358,22.223703776317148,22.239257296825045,13495800
2013-04-03,22.437578201293945,22.90421789980432,22.313141146145405,22.70978481570889,11272800
2013-04-04,22.597021102905273,22.674794660180627,22.402587951420504,22.402587951420504,7568600
2013-04-05,22.476465225219727,22.50757523209498,22.05649051625123,22.247034116438446,8993600
2013-04-08,22.60089874267578,22.60089874267578,22.344247159818313,22.488128693949328,7344000
2013-04-09,22.32481575012207,22.55424694214571,22.235376673015544,22.538691933064406,8361200
2013-04-10,22.476465225219727,22.674787810532532,22.402581184001164,22.414246694875995,8577400
2013-04-11,22.779788970947266,22.939224097444942,22.47647224283889,22.534802782238604,10417000
2013-04-12,22.978107452392578,23.219204119179313,22.78756233155,22.83033785766203,10418400
2013-04-15,22.441469192504883,23.114207574865905,22.398693670974414,22.81089239805988,10700400
2013-04-16,22.772008895874023,22.919777007764615,22.445361175609598,22.530910744754923,8849400
2013-04-17,22.62034797668457,22.768117560023963,22.418138841681547,22.565906941613992,7207400
2013-04-18,22.44536781311035,22.740905607694472,22.35981673525896,22.694242057688033,8920600
2013-04-19,22.70978546142578,22.779781492362897,22.375360309927718,22.390915313115244,8605600
2013-04-22,22.803119659423828,22.892558730669002,22.546467960031134,22.717568598490526,5547400
2013-04-23,23.094764709472656,23.29308731359149,22.857556076479142,22.880888583848098,11324000
2013-04-24,23.265867233276367,23.320308268085256,22.993660575824986,23.211424715060534,10413400
2013-04-25,23.526411056518555,23.58085210095708,23.296979881093904,23.33197790729113,16609000
2013-04-26,23.331981658935547,23.483639302373437,23.02088886683123,23.059774909566478,14971000
2013-04-29,23.557518005371094,23.689731105561407,23.38252789716772,23.468077462972804,7401200
2013-04-30,23.65862464904785,23.685845170107033,23.452525994340583,23.57696308587031,8041200
2013-05-01,23.386415481567383,23.59640360759192,23.31253142985074,23.545850580940016,6294600
2013-05-02,23.479745864868164,23.596405449519207,23.176429164686926,23.503076891754112,6238200
2013-05-03,24.059154510498047,24.09804202560425,23.604181709308158,23.662510756856925,9835800
2013-05-06,24.296371459960938,24.296371459960938,24.0786057512021,24.109715773913734,6997200
2013-05-07,24.265146255493164,24.39780670912906,24.077861171844166,24.39780670912906,7495800
2013-05-08,24.350988388061523,24.362693241900658,24.085667452703433,24.323676070163753,5508200
2013-05-09,24.33148193359375,24.542178251612974,24.20662518700676,24.44853494746782,8277000
2013-05-10,24.620206832885742,24.655322877660513,24.34318108433449,24.41341317388403,7481000
2013-05-13,24.51096534729004,24.670938160106534,24.42902837964475,24.659233304274334,5907000
2013-05-14,24.784088134765625,24.803596722439575,24.495355976597732,24.549980617448725,7510600
2013-05-15,24.99867820739746,25.049400222716965,24.667027849467953,24.706045013315165,9654600
2013-05-16,24.795791625976562,24.99868420112865,24.75677445277452,24.97137188220527,6661400
2013-05-17,25.022096633911133,25.025999244702074,24.776285736838577,24.88163390204535,6934400
2013-05-20,24.905040740966797,25.20937883933799,24.885530667247902,24.983075082203765,7211800
2013-05-21,25.068920135498047,25.150857104792564,24.924554786491996,24.98698316620353,6589000
2013-05-22,25.029897689819336,25.334235790826376,24.955762981228627,25.029897689819336,11014000
2013-05-23,24.784088134765625,24.901141149219157,24.592900403377318,24.85041763053902,8258400
2013-05-24,24.721654891967773,24.737262354396808,24.42902166926628,24.612405631783602,6507400
2013-05-28,25.072818756103516,25.24449491247538,24.986979189507842,25.053308681215597,7438600
2013-05-29,24.827003479003906,25.010385956422684,24.628012050464736,24.889431841437663,7562400
2013-05-30,24.76457977294922,24.98698094896222,24.760677162332936,24.920649964174043,8799000
2013-05-31,24.635814666748047,25.107929229309956,24.49925309523328,24.663126981051,10205800
2013-06-03,24.76067543029785,24.791890359405205,24.43292611671933,24.682639595939204,11417600
2013-06-04,24.7099552154541,25.025998209592533,24.429026786522297,24.429026786522297,8622600
2013-06-05,24.32367515563965,24.698245348505697,24.311970302240596,24.59679981275809,8408600
2013-06-06,24.58899688720703,24.604604351190574,24.315872221133812,24.327577074916626,8625400
2013-06-07,25.377155303955078,25.396662400817632,24.741165302895627,24.741165302895627,13753000
2013-06-10,25.794649124145508,25.872683476863383,25.548838233946434,25.619070342120416,12412400
2013-06-11,25.52542495727539,25.794648528529063,25.482505171225686,25.54493503341423,7897600
2013-06-12,25.146944046020508,25.751720490696165,25.072812329450688,25.68148840664879,10070000
2013-06-13,25.74003028869629,25.825869882142765,24.998691863355408,25.18207590811462,11909800
2013-06-14,25.59566307067871,26.01315319737824,25.53713580534655,25.73222470524017,9854600
2013-06-17,25.7634334564209,25.970227164354156,25.638576709546875,25.82586331826774,8115800
2013-06-18,26.18092918395996,26.192634041400154,25.732224128890643,25.75173420917117,7453600
2013-06-19,25.91169548034668,26.32918538740067,25.91169548034668,26.149701074325073,10647200
2013-06-20,25.447389602661133,25.876584469410176,25.377157498878958,25.681495622995197,11606600
2013-06-21,25.240598678588867,25.72051562654868,25.06111727735984,25.638578659258464,14709600
2013-06-24,24.975278854370117,25.197680054964408,24.651430604277724,24.971376243322492,9913200
2013-06-25,25.260101318359375,25.50201254346134,25.14304980439599,25.1781643655392,9857000
2013-06-26,25.673702239990234,26.02876251506524,25.318638988094644,25.505925655093964,9545800
2013-06-27,25.63077735900879,25.94682038403646,25.615169891784955,25.85707819170441,6296000
2013-06-28,25.5605411529541,25.849271808322502,25.51762136916453,25.5605411529541,10836600
2013-07-01,25.845369338989258,25.94291376143981,25.681495423709013,25.78684209015502,6692200
2013-07-02,26.059965133666992,26.21993641935396,25.782939364350206,25.84536623928538,6765600
2013-07-03,26.258956909179688,26.407223343810234,25.907796430508164,25.91950128366068,5616400
2013-07-05,26.422832489013672,26.532081761150835,26.102886916260804,26.481359735321266,5189400
2013-07-08,26.64523696899414,26.85203068517978,26.48526267424236,26.50867536177907,8030000
2013-07-09,26.582805633544922,26.922261304253613,26.52818099368186,26.883244129611374,7460000
2013-07-10,26.57109832763672,26.5789035479369,26.317482250628938,26.48135913192001,8090800
2013-07-11,27.05491828918457,27.125150389065688,26.668643228248122,26.797402574166735,8385800
2013-07-12,27.203184127807617,27.203184127807617,26.8364162126262,27.015897560509725,9706600
2013-07-15,27.179777145385742,27.273418950003858,27.129052144568984,27.191481998860592,6180600
2013-07-16,27.125154495239258,27.20319182737558,26.953478318179027,27.171976894521052,6068200
2013-07-17,26.61011505126953,27.242203928086287,26.489160930024443,27.210989001049075,12147400
2013-07-18,26.71936798095703,26.926161668446788,26.547688854669975,26.707660150403438,8537800
2013-07-19,26.840320587158203,26.965177314626803,26.688151543581444,26.75448102886994,7197000
2013-07-22,26.9300537109375,27.004188399450175,26.74667275942584,26.95346638862591,6559800
2013-07-23,26.399415969848633,27.047109191900276,26.317476060067847,27.0158942716808,8466200
2013-07-24,25.989742279052734,26.699865722725022,25.868788119299506,26.578911562971793,14034200
2013-07-25,26.59841537475586,26.649140385268893,26.03656146282735,26.118498429633178,15978400
2013-07-26,28.623430252075195,28.685857122916524,28.03426121626171,28.326894429326696,32293400
2013-07-29,28.26836395263672,28.514177728612513,28.131802397549414,28.38541841517935,12800800
2013-07-30,28.065473556518555,28.475161207823238,27.9796340122971,28.44394628686658,9808800
2013-07-31,27.815757751464844,28.287872227281255,27.78844544218021,28.14740807186928,11248400
2013-08-01,28.670246124267578,28.7677905064616,28.12399698861738,28.198128694848393,12854600
2013-08-02,28.96287727355957,28.978481754034416,28.54538746563212,28.678046387395003,9416800
2013-08-05,28.861438751220703,28.97849025000804,28.759991737483166,28.9589831552863,7606200
2013-08-06,28.485801696777344,28.896652797466167,28.477974255643787,28.822310018461962,7956000
2013-08-07,28.24712371826172,28.622760399123827,28.239296274848673,28.313642060797775,7066000
2013-08-08,28.540578842163086,28.720571160483356,28.32928273318874,28.474057540699725,5923800
2013-08-09,28.485801696777344,28.654055857619653,28.376238417966224,28.40362849134548,5366400
2013-08-12,28.536670684814453,28.61492719141082,28.270594382974682,28.2823325604347,5472400
2013-08-13,28.423194885253906,28.599273506745195,28.145380423306182,28.599273506745195,5377800
2013-08-14,28.11408233642578,28.399724297713927,28.090605978205723,28.399724297713927,4932000
2013-08-15,27.67975425720215,27.918440537964994,27.51150004265285,27.902788635995865,7198800
2013-08-16,27.668004989624023,27.934081245884094,27.605400392130168,27.773654539254828,6929800
2013-08-19,27.50366973876953,27.89887196993351,27.460627763826206,27.617143764956985,6349200
2013-08-20,27.64845085144043,27.79322570684165,27.433240951121352,27.5310630903037,6045000
2013-08-21,27.668004989624023,27.93799496613179,27.499750842499367,27.554530984791686,6917000
2013-08-22,28.13364028930664,28.274504370817354,27.785393805931264,27.812783878153127,5399600
2013-08-23,28.16103172302246,28.247115664251325,28.0084294582237,28.19624625245566,5869800
2013-08-26,28.125823974609375,28.254949931289925,28.01626364238169,28.200169765176085,4929400
2013-08-27,27.452802658081055,27.926261385969152,27.43323703891689,27.742355312885685,8025200
2013-08-28,27.765827178955078,27.90669125534043,27.33541049457488,27.425405163474824,6249800
2013-08-29,27.8519229888916,28.110171915518976,27.58584661840862,27.67584431097726,5510000
2013-08-30,27.59366226196289,27.93799803452555,27.519319480854833,27.930170593170477,5665000
2013-09-03,28.016263961791992,28.22756017005227,27.855837183571065,28.05539222584867,7249400
2013-09-04,28.227563858032227,28.278430309422173,27.816709568520334,27.945835543543566,6502200
2013-09-05,28.192344665527344,28.47015921172914,28.17669276337998,28.270601190969085,4931200
2013-09-06,28.0045223236084,28.427114687954827,27.754097882209365,28.317554368004604,6356600
2013-09-09,28.344945907592773,28.364508545565634,28.04365202691994,28.047565748632504,4936800
2013-09-10,29.04143524169922,29.080563497731188,28.536672678591504,28.556238299254773,11779000
2013-09-11,29.49924087524414,29.542282850671324,29.084476005085232,29.084476005085232,9982400
2013-09-12,29.60881233215332,29.702723760430548,29.3936053592664,29.542293976095305,7628600
2013-09-13,29.56967544555664,29.62054188207783,29.209690697957356,29.577499902985014,5767400
2013-09-16,29.440547943115234,29.972700578794683,29.291859377523302,29.960962400628812,8708400
2013-09-17,29.753576278686523,29.831832780309124,29.41315422751044,29.448371742946534,6660600
2013-09-18,30.25834846496582,30.37182251836564,29.561855227465994,29.690978197966704,9487000
2013-09-19,29.874879837036133,30.45789893365921,29.855317200947656,30.33268671857315,8041600
2013-09-20,29.784881591796875,30.129214395901215,29.76531597274674,29.83966174278406,9635400
2013-09-23,29.48751449584961,29.886627626881182,29.374040422983857,29.78098099920377,6783800
2013-09-24,29.95313262939453,30.250509707818377,29.53445409909047,29.554016730797976,7736000
2013-09-25,29.870969772338867,30.133135398610552,29.7653231657033,30.066614068941437,7251800
2013-09-26,30.199661254882812,30.238789526877127,29.863152742199276,29.98836500375856,4988800
2013-09-27,30.25834846496582,30.317042352627126,29.894449943819883,30.09400796775027,6200200
2013-09-30,30.117483139038086,30.160525122603183,29.757498354034556,29.933577024768127,8861200
2013-10-01,30.19182014465332,30.26224920422594,29.957044671567985,30.12138809978655,5205200
2013-10-02,30.20356559753418,30.21921749853015,29.820101486370092,29.9687900678895,6088400
2013-10-03,30.0783634185791,30.309222318444228,29.86315343964054,30.113577968607668,8266400
2013-10-04,30.285728454589844,30.30920480771241,29.937481951899127,30.050955967481762,5226600
2013-10-07,30.074426651000977,30.28180902527248,29.898348065187626,29.97269083115877,5106800
2013-10-08,29.55402374267578,30.532245118960798,29.51880920607099,30.172260368958646,12637800
2013-10-09,29.448373794555664,29.659669946010276,29.13142807472655,29.499240225624696,9482000
2013-10-10,30.17616844177246,30.250511222453735,29.788790699863306,29.851398289167715,6625800
2013-10-11,30.450077056884766,30.457901514924327,30.082264837831467,30.215304506863593,5530400
2013-10-14,30.559635162353516,30.6457191210131,30.22704049186444,30.34051452961619,5986600
2013-10-15,30.0157470703125,30.481381442892417,29.972705087033937,30.45399136128742,8135200
2013-10-16,30.53615379333496,30.606585840198267,30.086171437557965,30.20746991287479,10104000
2013-10-17,30.810068130493164,30.853110121746337,30.30530540285682,30.391389385363173,6551000
2013-10-18,31.033096313476562,31.173960441050095,30.900059629265417,31.01744441204673,9050000
2013-10-21,31.091787338256836,31.26786897417844,30.78266903035839,30.95483694495871,6770200
2013-10-22,31.655248641967773,31.725680710057993,31.146572262950077,31.263960038198817,8419600
2013-10-23,31.322664260864258,31.635693455987607,31.260056630661918,31.479177365777876,7892200
2013-10-24,30.93136978149414,31.083972120141418,30.720073546760467,31.052668310855935,13504600
2013-10-25,31.28744125366211,31.30309315847682,31.017451119875656,31.095710643949204,7251800
2013-10-28,30.79831886291504,31.471335590852828,30.72788681033331,31.38133791827276,11242800
2013-10-29,31.15439796447754,31.15439796447754,30.93136359221426,30.993968212962656,7898400
2013-10-30,31.62784194946289,31.635666403899325,31.209163482714768,31.5495824786307,17518800
2013-10-31,31.713945388793945,31.93697979363833,30.743548250429964,30.790503961821827,20491600
2013-11-01,31.447872161865234,31.90567919918269,31.173968295771658,31.90567919918269,12005200
2013-11-04,31.447872161865234,31.608298967676642,31.385264540371033,31.596560784970407,8283800
2013-11-05,32.08174514770508,32.21869553362283,31.36177569871205,31.4439459302627,10090200
2013-11-06,31.745223999023438,32.28129013413836,31.682619412933995,32.23824817513604,8562200
2013-11-07,30.93918228149414,31.83131960420198,30.911792205280985,31.811756969932247,13283200
2013-11-08,31.772628784179688,31.792194405624105,31.068311191601143,31.1113531705431,11487800
2013-11-11,31.690460205078125,31.858714408297956,31.686549468820463,31.772630445911783,5133600
2013-11-12,31.64336395263672,31.81608640999989,31.451015849152363,31.70224688082054,6613000
2013-11-13,31.977020263671875,31.99272257278996,31.085935934312513,31.105561574528192,12519000
2013-11-14,31.85140037536621,32.00842044989621,31.714008933243274,32.00449412443303,7647600
2013-11-15,31.871023178100586,31.973083662204242,31.71007680754684,31.894575136754003,6445400
2013-11-18,31.61587905883789,31.929916285477468,31.486337242830675,31.804300795839733,8316400
2013-11-19,31.372499465942383,31.7650482670525,31.348947496246872,31.407830415395324,8726000
2013-11-20,31.28219985961914,31.502026124045585,31.136955794961253,31.454919212422105,8733800
2013-11-21,32.00449752807617,32.051604453917584,31.305761266762115,31.325389901256656,13131800
2013-11-22,31.933837890625,32.071229344149174,31.835700710263577,32.071229344149174,7919200
2013-11-25,31.682601928710938,31.984866073482557,31.604093394824293,31.94168548137233,9001200
2013-11-26,31.996639251708984,32.051595819598084,31.56483636333391,31.741482046561973,8767800
2013-11-27,32.039817810058594,32.15365726344719,31.874945121928963,31.949530314299317,4752000
2013-11-29,31.977020263671875,32.33424105756253,31.94169231433811,32.13011403393666,4387200
2013-12-02,31.823928833007812,32.06731014986695,31.76112258682738,31.988798598504587,5773200
2013-12-03,31.619810104370117,31.85926513518461,31.517746567897557,31.694392347064333,7893200
2013-12-04,31.207626342773438,31.686536307973824,31.184074375602716,31.55699449871614,10204600
2013-12-05,31.29397964477539,31.502029955326122,31.14088590701509,31.23117042163855,6569200
2013-12-06,31.38034439086914,31.69830788309027,31.29005687108926,31.639424978443298,6721200
2013-12-09,31.297910690307617,31.58446957808969,31.250803765850307,31.50596103223656,7920600
2013-12-10,30.37542152404785,31.038829877065304,30.100638594051507,31.00742525794877,26320600
2013-12-11,29.9907283782959,30.618805847990707,29.947547771481606,30.4617857318396,15752000
2013-12-12,30.022132873535156,30.2615848808886,29.833708135968813,29.94362131833685,9651000
2013-12-13,29.97109603881836,30.198775029370307,29.86903252669003,30.159520753908406,8041000
2013-12-16,30.014272689819336,30.218399687208787,29.79837270574104,29.8454766321318,9345400
2013-12-17,29.86903190612793,30.061382943240634,29.798376008710015,30.061382943240634,7003600
2013-12-18,30.49319076538086,30.497117091937742,29.872962945417893,29.88473893017889,10252000
2013-12-19,30.285133361816406,30.815073517595813,30.2341001131347,30.71301001514137,11402200
2013-12-20,30.485328674316406,30.610944118719956,30.320455970173644,30.430369109663197,12707400
2013-12-23,30.744407653808594,30.752257308411973,30.363635015016566,30.607016236437318,7621600
2013-12-24,30.842552185058594,30.91321107302186,30.599170905427563,30.65805381121512,3896600
2013-12-26,30.964248657226562,31.02313157695279,30.791529219581932,30.905368732410043,4391400
2013-12-27,30.842552185058594,31.129114062606565,30.799371587141653,31.125187736911663,4505000
2013-12-30,30.834699630737305,30.944612780592987,30.563840086515288,30.928910474198073,4733400
2013-12-31,30.77189064025879,30.924984385142963,30.62272322073052,30.78759294677367,6016200
2014-01-02,30.292991638183594,30.724794740026542,30.23018538450762,30.646286174204118,8487200
2014-01-03,30.206623077392578,30.528512910887862,30.202699746491856,30.344017526554087,6545000
2014-01-06,29.90043067932129,30.363638217389354,29.837624451145388,30.186992518554256,10585400
2014-01-07,30.308692932128906,30.387204490223596,30.018207654452837,30.0888665592832,8162200
2014-01-08,30.630577087402344,30.67768401342291,30.300837589985857,30.336165538319417,10178800
2014-01-09,30.46178436279297,30.658058750433273,30.147747139514173,30.646282766360372,8361200
2014-01-10,30.489246368408203,30.614861789591668,30.206610922018434,30.44606578660377,6467000
2014-01-13,29.48826026916504,30.37934452599993,29.34694249351322,30.37541820031266,14644800
2014-01-14,29.621736526489258,29.975031098401185,29.343027196122655,29.48827135205037,18653200
2014-01-15,29.90828514099121,29.96324171706417,29.602097647182205,29.653127897847448,8660200
2014-01-16,29.55499839782715,29.908292903497788,29.49218915463701,29.76304877480276,9072600
2014-01-17,29.401897430419922,29.621723738078543,29.311609914112235,29.44115170037199,12937400
2014-01-21,28.911211013793945,29.468629423176512,28.758117267483367,29.460779767300306,18774600
2014-01-22,28.89158058166504,29.12710917709077,28.86802862059504,29.028972012754334,13969400
2014-01-23,28.80915641784668,28.94262456824413,28.137898323983066,28.844487367476184,29936000
2014-01-24,29.43330192565918,29.896509497006896,29.091783489144817,29.33516475372033,33049000
2014-01-27,29.13103485107422,29.531436149765533,29.056449649474978,29.531436149765533,18207200
2014-01-28,29.005422592163086,29.362643339191486,28.919061400797588,29.272355822334237,11091600
2014-01-29,28.090787887573242,28.915142667185478,28.051533611141547,28.85233342896731,15959800
2014-01-30,28.22818374633789,28.43230779084398,27.99265208625695,28.373424875823744,15179800
2014-01-31,27.91805648803711,28.239946208455827,27.819919341630083,27.827768995583114,12256600
2014-02-03,27.074087142944336,28.07116130436255,26.956321322693746,27.870960607900237,20311000
2014-02-04,27.838502883911133,28.05521978158862,27.33413984160028,27.582380180982412,20440800
2014-02-05,27.77545738220215,27.873965887748856,27.428708524924506,27.617843172079215,10956000
2014-02-06,28.512310028076172,28.685686008129586,27.80304738807752,27.842453206265553,13818400
2014-02-07,29.174291610717773,29.351605792641255,28.642346058705048,29.004856789799703,14657600
2014-02-10,29.473758697509766,29.623490607884257,29.280679779371507,29.280679779371507,12944600
2014-02-11,29.355539321899414,29.62742380244851,29.07577548239942,29.501333015543704,16124000
2014-02-12,29.12307357788086,29.576210571548714,29.040323737848873,29.3516111637659,9956600
2014-02-13,29.430419921875,29.430419921875,28.918174179977136,28.98515928286203,8447800
2014-02-14,29.564390182495117,29.58803127620592,29.16247655819727,29.296446764215606,8241000
2014-02-18,29.146717071533203,29.55257191145158,29.134896523767512,29.54863072678199,10923400
2014-02-19,28.89058494567871,29.26885738448355,28.85512331371675,29.095481389357207,9770600
2014-02-20,28.981216430664062,29.044260339022482,28.559599959559048,28.922110699786426,8552600
2014-02-21,28.59111976623535,29.10336541397348,28.575358037940394,29.07184195738357,11288200
2014-02-24,28.59111976623535,28.717210586352728,28.37834094361685,28.63052559009389,11933800
2014-02-25,27.799108505249023,28.630520743038335,27.799108505249023,28.567473840532145,18618400
2014-02-26,28.283769607543945,28.457145588194987,27.56268642210005,27.897617840401722,19129200
2014-02-27,28.445331573486328,28.46503148092759,28.14586472169919,28.220732186206615,11288200
2014-02-28,27.96065902709961,28.342872580339147,27.779403704105498,28.18919952375193,22464800
2014-03-03,27.767581939697266,27.8700316416586,27.582385442158426,27.58632662468348,12248400
2014-03-04,28.236480712890625,28.354689120993108,27.99611970830208,28.145851561061686,12226200
2014-03-05,28.094633102416992,28.40591740223901,27.92913649231615,28.366514592688016,9715600
2014-03-06,28.642345428466797,28.89452706248304,28.279831699106513,28.303475794087056,13762600
2014-03-07,28.792078018188477,28.803898562838448,28.45320837575866,28.760554561627032,8386000
2014-03-10,28.98515510559082,29.01667856343221,28.681750091034008,28.86300546425842,8633800
2014-03-11,29.564390182495117,29.71412512597778,29.099429633311342,29.154594189465108,18344400
2014-03-12,29.80080223083496,29.81262578079588,29.35554471538564,29.375247625745136,10394600
2014-03-13,29.327964782714844,30.112091976413808,29.170350505999693,29.883551425488953,11380800
2014-03-14,29.264907836914062,29.509210032382796,29.166399323518142,29.193981587019348,8962600
2014-03-17,29.22944450378418,29.54861110650344,29.087592012299822,29.47768486076126,11019800
2014-03-18,29.394948959350586,29.4895163199425,29.178231966067354,29.2964404152467,5997600
2014-03-19,29.9111328125,30.47066056610003,29.481634039495827,29.55256030447625,24983200
2014-03-20,30.324872970581055,30.391858065952995,29.78898619512052,30.06087076676752,13851400
2014-03-21,30.22635269165039,30.9868385554945,30.19089106888276,30.81740378770826,18034400
2014-03-24,29.8559627532959,30.383970016183845,29.63530461693525,30.3012232150486,10018800
2014-03-25,29.398889541625977,30.14755506275298,29.272798728001373,30.119972791217663,10568200
2014-03-26,28.977270126342773,29.54861840929765,28.9693877602894,29.524977323621172,8371200
2014-03-27,28.922103881835938,29.1427620184371,28.64234002829042,28.79207190580669,12675600
2014-03-28,29.040315628051758,29.18216816243168,28.784195835760997,28.87876318993362,6582800
2014-03-31,28.914226531982422,29.316143071930938,28.831479716402942,29.119125985434415,7721800
2014-04-01,29.1624698638916,29.544683491106795,28.92604996232573,29.016676138242275,8740800
2014-04-02,29.02849578857422,29.304321503776634,28.85906097985798,29.29643913709659,8304400
2014-04-03,28.799945831298828,29.292488369168144,28.69355796586513,29.10335371812133,7165400
2014-04-04,28.193132400512695,29.11517046839569,28.102503262594972,28.981200358528525,11708600
2014-04-07,27.751827239990234,28.12615850609698,27.602095334795973,28.055232233901343,11089800
2014-04-08,28.165565490722656,28.248312310657333,27.7794106581185,27.83457520474162,10660800
2014-04-09,28.559585571289062,28.63839116859555,28.05521952730869,28.224654267134394,9055600
2014-04-10,27.66908073425293,28.66204554990282,27.649377822660867,28.66204554990282,13375400
2014-04-11,27.08195686340332,27.63360203235111,27.06225396183774,27.499631921675416,16367200
2014-04-14,27.31049919128418,27.59814537208682,27.07013817898425,27.436589967716827,12175400
2014-04-15,27.14501190185547,27.62179285468242,26.76673948489133,27.5666283150986,15461800
2014-04-16,27.893672943115234,27.929134567394552,27.251398473599806,27.444474331461738,11277400
2014-04-17,27.64148712158203,28.13008846494095,27.63754593963208,27.80698068858797,9245800
2014-04-21,27.771526336669922,27.818808507477545,27.52328291496275,27.704538250956144,6095600
2014-04-22,28.035533905029297,28.086757268734136,27.712425981581166,27.791231619010517,8862600
2014-04-23,27.736061096191406,28.1616186616108,27.669076018183276,28.157677478715698,8881600
2014-04-24,28.011882781982422,28.386216981475446,27.625731046706044,28.18131756557068,15577000
2014-04-25,28.153724670410156,28.46895303453441,27.95276951936541,28.37044454652564,18111400
2014-04-28,27.94884490966797,28.378340729049604,27.50358736211055,28.327117367160003,10733600
2014-04-29,27.83456802368164,28.15373467626513,27.688774327366918,28.04734679415115,9827200
2014-04-30,27.826690673828125,27.88185521020249,27.629673613564876,27.826690673828125,7282400
2014-05-01,28.023706436157227,28.05522687959572,27.708477951839313,27.87791273606791,7918400
2014-05-02,27.818815231323242,28.185267174863192,27.806994685764295,28.074938074656327,8306400
2014-05-05,27.944896697998047,28.00006122961843,27.653312315684374,27.779403103136893,5486400
2014-05-06,27.51778221130371,28.01213729694525,27.418911194175404,27.97258949355473,10926800
2014-05-07,27.581052780151367,27.68387946300176,27.34376298821489,27.59687250192092,10959800
2014-05-08,27.51778221130371,27.881626830182928,27.422863862401663,27.52569056506022,7531400
2014-05-09,27.798572540283203,27.806480893186936,27.494048150675393,27.56523539602364,6623200
2014-05-12,28.138690948486328,28.174283064917677,27.8420779090096,27.93699323679707,7227200
2014-05-13,28.14263916015625,28.21382337411491,28.03981248893307,28.067496244573572,5803000
2014-05-14,27.751117706298828,28.15846583381042,27.69575017541206,28.150557479671225,8585000
2014-05-15,27.624555587768555,27.81438922707551,27.399129838324672,27.786705468979008,9124600
2014-05-16,28.05564308166504,28.09519088829177,27.6087441166007,27.683887061304453,9294800
2014-05-19,28.087270736694336,28.12682154826199,27.794613438374125,27.905348469235648,6745000
2014-05-20,27.77484130859375,28.039814851666595,27.620599780110517,27.98444733572013,8699800
2014-05-21,27.84208106994629,27.980499900622807,27.71157059360663,27.964680174644887,6089200
2014-05-22,28.2375545501709,28.383881680165317,27.80252280991469,27.82229519697452,7359600
2014-05-23,28.46693992614746,28.67654596542979,28.407616722106322,28.589539001809918,7166400
2014-05-27,29.131349563598633,29.17880570710833,28.68840644792166,28.727954239947454,10100400
2014-05-28,28.97711181640625,29.09575822522756,28.8386930176504,28.988978871131195,8210000
2014-05-29,28.913833618164062,29.09180019977443,28.731911351963628,29.075980478717444,6448000
2014-05-30,28.965242385864258,29.068069053210237,28.68444915572593,28.933605964398765,6879200
2014-06-02,29.206499099731445,29.289550395578722,28.93361713260586,28.95734521218962,5926200
2014-06-03,29.336999893188477,29.404231441364175,29.09971012372516,29.155077636023165,6764400
2014-06-04,29.530784606933594,29.542648642176808,29.12343663796752,29.313270253767794,6495800
2014-06-05,29.550559997558594,29.716662525496513,29.344906662423394,29.408185540096675,5187400
2014-06-06,29.791818618774414,29.87486991948657,29.58221252402884,29.68503621978429,6204800
2014-06-09,29.73248291015625,29.819489860252244,29.522876903453916,29.81157849171459,5701000
2014-06-10,29.50311279296875,29.835321000747097,29.39237772947736,29.760178057390434,6641000
2014-06-11,29.582204818725586,29.609888578418825,29.20649320311335,29.321183926786336,7510800
2014-06-12,29.249996185302734,29.542653499531056,29.159036555280704,29.53870083200207,7193800
2014-06-13,29.538700103759766,29.621751379372835,29.07993722821705,29.21440335347396,7708800
2014-06-16,29.69690704345703,29.724593833989424,29.447753084410344,29.455664458078168,6759600
2014-06-17,29.78390121459961,29.91836735325954,29.657346446198094,29.673166169411243,5778600
2014-06-18,29.882761001586914,29.930220153406818,29.50309683893534,29.740386563429755,5786600
2014-06-19,30.543231964111328,30.65001132110029,30.238707581295547,30.2743027118276,12555000
2014-06-20,30.294069290161133,30.701417266797748,30.218929393104887,30.701417266797748,12436000
2014-06-23,30.34549331665039,30.55905205428204,30.131931561714804,30.32967359213991,4779800
2014-06-24,30.622323989868164,30.74887873987391,30.270343497123964,30.41271796804333,10912400
2014-06-25,30.89520835876465,30.918936431071355,30.436445512147017,30.468084953424754,7813800
2014-06-26,30.871490478515625,30.978272884192485,30.63815628818494,30.85171808223418,6983200
2014-06-27,30.824012756347656,30.986159568595387,30.764689574382928,30.831921105868513,8669200
2014-06-30,30.602556228637695,30.92290037687692,30.483912818104354,30.887305241604118,9610000
2014-07-01,30.879390716552734,30.926846864360325,30.689557073412193,30.804247792786192,8061400
2014-07-02,30.92289161682129,31.009898570280193,30.81215659143837,30.998031517015043,4785200
2014-07-03,31.2669734954834,31.40143966499707,30.90312883000656,31.00199985979729,6662600
2014-07-07,31.120635986328125,31.393517886326293,31.088996543130158,31.156228096948304,7443600
2014-07-08,31.069223403930664,31.20368953868234,30.9466243242217,31.100862849437362,7802000
2014-07-09,31.42120933532715,31.433076392408452,30.99013313113405,31.061320387101294,7782600
2014-07-10,31.183914184570312,31.26301279847316,30.922896301949915,31.088998865190497,4720000
2014-07-11,31.08505630493164,31.23929489553546,30.903133942099057,31.227430852766684,4239400
2014-07-14,31.069223403930664,31.23532898418904,31.013855882945737,31.23532898418904,4562000
2014-07-15,31.199735641479492,31.30256233661666,31.029677383765776,31.10482031682414,8305600
2014-07-16,31.136465072631836,31.266972534794387,30.970359454535735,31.266972534794387,8615400
2014-07-17,30.547178268432617,31.029669151488488,30.499722127347102,30.8952060620089,8446400
2014-07-18,30.824012756347656,30.90706400417733,30.551127929691326,30.72909445828314,6744600
2014-07-21,30.693517684936523,30.820072461576373,30.51950373556778,30.79238869847715,5021000
2014-07-22,31.140417098999023,31.255107849743485,30.926855323540806,30.97827018746666,6457000
2014-07-23,31.298608779907227,31.35397630783022,31.005951415556535,31.049454904253743,6439800
2014-07-24,31.816699981689453,31.89184293884706,31.302572375724317,31.476583357182566,16129200
2014-07-25,31.140417098999023,31.369798600487947,30.808211904266834,31.005953953694345,18974600
2014-07-28,30.990114212036133,31.24322363044288,30.914971316248973,31.164128068679123,8013000
2014-07-29,31.10481834411621,31.34210814935725,31.009903025480508,31.041539453490024,7936000
2014-07-30,31.203691482543945,31.31442653141214,31.053405615676727,31.243239283239188,8911000
2014-07-31,30.72119903564453,31.124591411600075,30.65792014364166,31.053404166748667,8146000
2014-08-01,30.44436264038086,30.804251546761158,30.286168421369226,30.65001301298335,7797800
2014-08-04,30.6618709564209,30.752833594894774,30.464128976289402,30.55509161476328,6282600
2014-08-05,30.471399307250977,30.737264413354023,30.328545781816803,30.622187794117842,6694600
2014-08-06,30.606321334838867,30.729335969052613,30.265060399199317,30.356329126038137,5935200
2014-08-07,30.43966293334961,30.729339069322478,30.380140107880482,30.685689199142228,5428000
2014-08-08,30.800762176513672,30.820601097663328,30.36029755907678,30.407913391801006,5957200
2014-08-11,30.89997100830078,31.050759549455222,30.81267126383255,30.82060622812202,4513400
2014-08-12,30.880128860473633,31.00710948049722,30.761083204689175,30.899970812256637,4723600
2014-08-13,30.649965286254883,30.991226156043144,30.60631542890133,30.991226156043144,6935200
2014-08-14,30.403947830200195,30.75314372715326,30.221413404920884,30.74520876407866,10892600
2014-08-15,30.519023895263672,30.665843415285867,30.30474356683141,30.6420354990566,8090000
2014-08-18,30.788841247558594,30.89598287757956,30.626148847002035,30.630117840417054,6830800
2014-08-19,30.999164581298828,31.030907455538824,30.79281924773187,30.872184001971398,4907000
2014-08-20,30.963451385498047,31.13805082695796,30.84837475612274,30.955516423366227,4668800
2014-08-21,30.741233825683594,31.019002891439428,30.709487924609853,30.87614936406335,4812000
2014-08-22,30.66584014892578,30.792820734383728,30.574574461463865,30.649967197311543,4538800
2014-08-25,30.939647674560547,31.038851365692288,30.75711324617291,30.808698075677114,5698400
2014-08-26,30.86821746826172,31.122178647162787,30.85631351104074,30.95551719115697,5501600
2014-08-27,30.919803619384766,31.058688172018414,30.81663396740331,30.915837651778226,4903600
2014-08-28,30.876150131225586,30.96344984761958,30.75710754042491,30.868215169487872,3956800
2014-08-29,30.876150131225586,30.991226754885318,30.76107350756585,30.979322798550836,4657400
2014-09-02,30.74521255493164,30.94361995827993,30.618231937887007,30.832509269341244,6196200
2014-09-03,30.471399307250977,30.92376779530729,30.435684412164573,30.77694527542891,6796800
2014-09-04,30.618221282958984,30.70155200007195,30.45949481002472,30.475367760063712,5741000
2014-09-05,30.931705474853516,30.939643464439474,30.479336947045468,30.558701705625115,8026600
2014-09-08,30.820602416992188,30.935679063428953,30.685686848556525,30.856317320520496,4492800
2014-09-09,30.602357864379883,30.85235009358176,30.54680403566835,30.733304444938994,5114600
2014-09-10,30.6380672454834,30.713463018642802,30.455532819242634,30.55870550449397,5918600
2014-09-11,30.20554542541504,30.55474137987197,30.189672469195607,30.546806415490675,9353400
2014-09-12,29.94761085510254,30.185699109057737,29.737299513651177,30.090464412966938,14614800
2014-09-15,29.729358673095703,29.896020132142485,29.519047351804844,29.864277254792704,10845800
2014-09-16,29.796831130981445,29.9396847455352,29.574615742767875,29.697627400177872,8040200
2014-09-17,29.89603042602539,30.08650289298865,29.80476470260372,29.89603042602539,7475800
2014-09-18,30.050783157348633,30.11427194477795,29.761107049981348,29.99522630559548,8027600
2014-09-19,30.18568992614746,30.28886258154216,30.066644321657005,30.146009067135804,12040800
2014-09-22,29.602384567260742,30.177767864974626,29.495245899386724,30.177767864974626,7859600
2014-09-23,29.348417282104492,29.713486109784448,29.276990509083966,29.47936687055148,7739000
2014-09-24,29.888090133666992,29.93174000316071,29.50317929947146,29.574606083419667,8586200
2014-09-25,29.411907196044922,29.872210682252803,29.400000211762478,29.832529817012528,8010800
2014-09-26,29.828575134277344,29.852386086810988,29.340494505470087,29.36430243054632,7659600
2014-09-29,29.868240356445312,29.967444028853063,29.542852432046118,29.582536322973876,6366400
2014-09-30,29.943649291992188,30.098406846847855,29.769049782941835,29.983330172924408,7799600
2014-10-01,29.606351852416992,30.12221229263548,29.526990105055656,30.030943558459004,8119000
2014-10-02,29.542861938476562,29.76111129898517,29.276996737461925,29.52699200994575,8573600
2014-10-03,30.11427879333496,30.197609548731133,29.669845070431638,29.681752059022852,8229000
2014-10-06,29.82062530517578,30.24918590768881,29.80078335919696,30.16585215654247,5208000
2014-10-07,29.384136199951172,29.78095098710807,29.372229213272945,29.721428163543223,6383400
2014-10-08,29.86428451538086,29.927773312971897,29.217474414397106,29.459531699342694,6713400
2014-10-09,29.55476188659668,30.086492161976455,29.507143029975893,29.77697716258153,9342800
2014-10-10,29.546825408935547,30.074589743865978,29.403971859218192,29.46746367129534,10495400
2014-10-13,28.64606285095215,29.53889619677392,28.574636062188137,29.447627456008913,12428600
2014-10-14,28.86431121826172,29.19763726511839,28.653999833051415,28.733364619187306,10995000
2014-10-15,28.721445083618164,28.93969436582767,28.28098055221768,28.5825605528738,13621800
2014-10-16,28.82462501525879,28.915893745594246,28.082580296086995,28.245275807024317,9738000
2014-10-17,29.1817626953125,29.32858527095774,28.919863456722116,29.10636690951402,9580600
2014-10-20,29.642053604125977,29.661895547916174,29.130165361841232,29.209527082090887,7945200
2014-10-21,29.50715446472168,29.83651153887322,29.419854707480813,29.76111574353661,12296600
2014-10-22,29.602384567260742,29.757142102776978,29.427788107486162,29.554768727075302,6469600
2014-10-23,29.697612762451172,29.963480930828133,29.66586988510763,29.820627386685803,6837800
2014-10-24,30.0825252532959,30.122209150293354,29.50317608111724,29.721425404778095,7358400
2014-10-27,30.146011352539062,30.308703795057404,30.086488545781343,30.161884302838168,5783400
2014-10-28,30.574581146240234,30.58251611005426,30.110305535519192,30.292839977808026,8151000
2014-10-29,30.3721981048584,30.820597634884976,30.245217519433243,30.594413372488425,8795000
2014-10-30,30.681705474853516,30.733290284186836,30.20156016081884,30.229337062376043,13389000
2014-10-31,29.98331069946289,30.45155205624841,29.729349593489918,29.860299140229003,35890000
2014-11-03,30.197603225708008,30.265061009648083,29.94761101186491,30.14601839577555,10607000
2014-11-04,30.43966293334961,30.530931669396494,29.959517388823528,30.003167259003778,10420000
2014-11-05,30.419816970825195,30.709490012312386,30.392037034905307,30.558701513144804,7403400
2014-11-06,30.733306884765625,30.772990789101335,30.419825838202776,30.54283746476432,6167200
2014-11-07,30.86821746826172,30.98726006792756,30.638064203802603,30.808694654700766,8249000
2014-11-10,30.9399356842041,31.039549126175164,30.748676538036822,30.93595029533618,6555400
2014-11-11,30.97181510925293,31.159085841066748,30.7805559483019,31.011659881129034,5198200
2014-11-12,31.019630432128906,31.083384504880364,30.78852647834713,30.84431281198541,5312200
2014-11-13,31.035573959350586,31.270663340612316,30.84431779015115,31.155111345071738,6842200
2014-11-14,31.1272029876709,31.198924772617893,30.971806293612463,31.111264475464857,6039200
2014-11-17,31.01166534423828,31.26667557712221,30.939943526242065,31.05549551301162,5899000
2014-11-18,30.908077239990234,31.079412584812715,30.808463738115833,30.931983507651985,5755600
2014-11-19,31.007675170898438,31.111274012013702,30.840325301377757,30.856263818469436,5231200
2014-11-20,31.159090042114258,31.33441070996034,30.9399422472683,30.94392763698161,6287000
2014-11-21,31.78067398071289,31.844425004004403,31.38620255425,31.52964615660722,14027800
2014-11-24,32.08349609375,32.20303344025352,31.760749514135885,31.83645670291885,9426200
2014-11-25,31.959970474243164,32.24287223257118,31.896219463896223,32.09942865934001,8118400
2014-11-26,31.756778717041016,31.99983587064134,31.63724435557419,31.924131687034407,6196800
2014-11-28,32.35843276977539,32.52976802556748,32.039671553391884,32.04763929181794,6766600
2014-12-01,32.21500015258789,32.473995819261575,32.12335744958726,32.274768851045245,8627400
2014-12-02,32.02373504638672,32.214991180227806,31.912165421691075,32.15124014893458,7656400
2014-12-03,32.06357192993164,32.17513848720875,31.904189830981192,32.043648027577575,11201400
2014-12-04,32.398277282714844,32.79274873077787,32.03170051882304,32.11537545145304,13999000
2014-12-05,33.29878234863281,33.43824056395734,32.844545281597995,32.8724369246629,14788200
2014-12-08,33.39042663574219,33.54980570935698,33.11150717699436,33.54980570935698,11770600
2014-12-09,33.0836181640625,33.187217002113236,32.75290078410593,33.09955668068271,8725600
2014-12-10,32.93620681762695,33.486072205150116,32.892376637466135,33.031834919813036,10096400
2014-12-11,33.1194953918457,33.47810153624371,32.936206928719756,33.03183503122839,10046000
2014-12-12,33.17127990722656,33.458167138763955,32.9003311929925,32.968067611560684,9164200
2014-12-15,32.230934143066406,32.872445133721435,32.1512445829694,32.7807994036442,16287000
2014-12-16,31.52965545654297,32.310624721974015,31.521687716266776,32.07155299418279,13981800
2014-12-17,32.05162048339844,32.11138611366984,31.254712986864103,31.529644005995074,10161600
2014-12-18,31.88825798034668,32.52976885869855,31.58144988372511,32.49390947492102,17583000
2014-12-19,31.653165817260742,31.99185088547456,31.641212691553076,31.955988468390803,17444200
2014-12-22,32.09148406982422,32.09546946083311,31.784672801355352,31.81654984950117,7583800
2014-12-23,32.44609451293945,32.6931369744216,32.326557151585845,32.47398615859378,8147800
2014-12-24,32.38234329223633,32.617432646261044,32.346483904651784,32.46203588680473,2601800
2014-12-26,32.60548400878906,32.83260261466391,32.42617792628024,32.446101837657466,4550400
2014-12-29,32.82462692260742,32.89236638717695,32.47398863055327,32.53774270545127,4796600
2014-12-30,32.589542388916016,33.023855647991994,32.589542388916016,32.701108986111244,5253400
2014-12-31,32.693145751953125,33.20316628939877,32.67322183972451,32.7489290582386,7625400
2015-01-02,32.450077056884766,33.063696247435374,32.230926260273435,32.725008099952205,6886000
2015-01-05,31.8284969329834,32.143275883677966,31.67310015276181,31.93209579978514,11623800
2015-01-06,31.56949806213379,32.03170292083988,31.302531687577186,32.01177901349814,7664400
2015-01-07,32.34648513793945,32.36640904733161,31.637237739028002,31.77669598488782,9732600
2015-01-08,32.86845779418945,33.19120748535123,32.68118399511128,32.804706757885505,13170600
2015-01-09,31.79262351989746,32.47796442271899,31.525660250065567,32.270766780490725,27556800
2015-01-12,31.967954635620117,32.20702634445218,31.804587093275153,31.99186089451481,10021400
2015-01-13,32.22295379638672,32.7289886889455,31.92809585146961,32.46601081154129,11040800
2015-01-14,32.04365921020508,32.18710284532351,31.720912551169477,31.896233225194617,9295000
2015-01-15,31.708967208862305,32.2349263201444,31.553570405980945,32.11538891486836,8126600
2015-01-16,32.1193733215332,32.18710976379829,31.477862215464093,31.581461094198133,9015600
2015-01-20,32.36241912841797,32.46203258151457,32.00779547859097,32.1950692568064,10738400
2015-01-21,32.39030456542969,32.52577737649352,32.08747887486951,32.29467651997517,10844200
2015-01-22,32.96806335449219,33.007908122624826,32.23092450417509,32.418198258355524,23913000
2015-01-23,35.15159225463867,35.34284836283358,34.442345026823915,34.46625128035802,38107200
2015-01-26,35.11174011230469,35.26315141949418,34.82883835836727,35.099783948087286,14098600
2015-01-27,35.19940185546875,35.5460577028968,34.84477827084086,34.976268734343996,10994200
2015-01-28,34.89260482788086,35.69748029739999,34.86072778909787,35.34285660083404,11963200
2015-01-29,35.48231506347656,35.58192852177946,34.89260205274036,35.06792271214113,12475800
2015-01-30,34.87666702270508,35.438488442903875,34.82088372367337,35.295044805404686,10070400
2015-02-02,35.05996322631836,35.09980801448168,34.211257382585835,34.9364434710233,13638800
2015-02-03,35.387855529785156,35.387855529785156,34.76400007082898,35.183904661160675,9252400
2015-02-04,35.47185134887695,35.763785638079234,35.18791693119091,35.19191686694903,11496600
2015-02-05,35.84777069091797,35.89975765837342,35.475855944048,35.475855944048,7598600
2015-02-06,35.59183883666992,35.86377660375647,35.46386830222085,35.79179298743773,7835400
2015-02-09,35.51984405517578,35.67580799966489,35.24790637356911,35.39587349700681,6911600
2015-02-10,36.46363067626953,36.54361109777289,35.72380109866221,35.73979779317438,12469600
2015-02-11,36.30766677856445,36.70757498885675,36.27567338948727,36.45563391475331,6467000
2015-02-12,36.723567962646484,36.76755810540626,36.02772555047766,36.42763372025217,7197600
2015-02-13,36.62359619140625,36.78755697806279,36.355658411347,36.78755697806279,6109600
2015-02-17,36.803558349609375,36.88753872189307,36.49563031790247,36.69958134299516,6387000
2015-02-18,37.19145965576172,37.32343008356815,36.79155148742019,36.947515428988815,6542000
2015-02-19,37.25944900512695,37.50339326917295,37.195465274965755,37.25145218300342,6109200
2015-02-20,37.39541244506836,37.459396163347286,37.179461675144935,37.37541581688658,6461400
2015-02-23,37.42340087890625,37.56336810425089,37.223446828111996,37.53137472387021,5854600
2015-02-24,37.371402740478516,37.58735343446919,37.255432101184574,37.29542229242966,6337800
2015-02-25,37.69535827636719,37.923305891759405,37.291450027669306,37.31144666365705,8119600
2015-02-26,37.81131362915039,37.91928747812228,37.623356326257856,37.71133660004217,6816400
2015-02-27,37.387413024902344,37.91129478923238,37.29943274153133,37.907294853336296,8658400
2015-03-02,37.683349609375,37.811320106513556,37.32343163271741,37.32343163271741,7947000
2015-03-03,37.59137725830078,37.675357628601944,37.271449422913335,37.631367474959724,7578400
2015-03-04,37.21546173095703,37.66736001781896,36.795559888234145,37.51539292621248,7774600
2015-03-05,37.44340515136719,37.57537559485049,37.215457590376744,37.30343788603228,5848400
2015-03-06,36.87954330444336,37.47140587006556,36.74357289814108,37.31144499355674,6814400
2015-03-09,37.20745849609375,37.243448768814254,36.827543883607774,36.94751756145753,5984800
2015-03-10,36.86353302001953,37.155467309062225,36.699569215653504,36.85553619956468,6077000
2015-03-11,36.559608459472656,37.18346735260236,36.479628036509716,36.83954604195809,8185800
2015-03-12,37.343421936035156,37.40340876872635,36.72756301911585,36.779553031274844,7295400
2015-03-13,37.307430267333984,37.73933178523781,37.06348606098406,37.06348606098406,5835200
2015-03-16,37.61137390136719,37.839321492542716,37.487400263318776,37.591377267503844,6772600
2015-03-17,37.7473258972168,37.783319213321505,37.4313981272164,37.49538488871068,5508800
2015-03-18,38.32721710205078,38.61915155755491,37.33144610502491,37.59138715835293,15430000
2015-03-19,39.09502029418945,39.67088593626131,38.54314511292204,38.69511215752933,22020600
2015-03-20,38.97505187988281,39.55092065053939,38.79509441458131,39.386956827927364,17360600
2015-03-23,38.93907165527344,39.15102256276145,38.67513071692811,39.14302268829503,7986000
2015-03-24,39.15901565551758,39.32297950481892,38.69512366557854,38.8350909448249,7718400
2015-03-25,38.299198150634766,39.38295180796002,38.299198150634766,39.24698146472623,9907200
2015-03-26,38.02326202392578,38.29119971263791,37.45539326696844,38.13123586602915,10344400
2015-03-27,38.0192756652832,38.37119381264606,37.89130515250965,37.99128221095954,7993400
2015-03-30,38.38319396972656,38.59114491071788,38.19123667330112,38.407187487633095,6830200
2015-03-31,37.87131118774414,38.471173580692934,37.867314301886175,38.259222690020295,8717800
2015-04-01,37.199462890625,37.79132842428555,37.01550546759667,37.70334812391163,14125400
2015-04-02,37.7473258972168,37.847302923759074,37.27943414525256,37.3594145460637,8863000
2015-04-06,37.79931640625,37.91129324939222,37.37141481446319,37.531378682180794,6058800
2015-04-07,37.61936569213867,37.97528375967968,37.575375544370004,37.755336071893886,5354600
2015-04-08,38.08324432373047,38.10323789527108,37.52736933631182,37.52736933631182,6827800
2015-04-09,38.35919952392578,38.383196094218235,37.791330527616545,38.111258355680896,7109600
2015-04-10,38.52715301513672,38.871074297756635,38.2952085870211,38.871074297756635,6643100
2015-04-13,38.79109191894531,39.10301979878418,38.69511481385423,38.83908199701943,8171000
2015-04-14,38.631134033203125,38.95905865658111,38.367196190512374,38.80709462903538,5952400
2015-04-15,38.503170013427734,39.03904871331553,38.49517319002261,39.03904871331553,5162200
2015-04-16,38.591129302978516,38.77508665166386,38.51914572731412,38.57513261382459,5312500
2015-04-17,38.08725357055664,38.391184636558755,37.90329617696666,38.31120422232215,7539900
2015-04-20,38.3671989440918,38.48716958990409,38.151248120360236,38.31121203250115,4868400
2015-04-21,38.6871223449707,38.77510264608018,38.40718779694758,38.671125649218276,6213400
2015-04-22,38.66313171386719,38.871082672061064,38.37519727093877,38.79110223838449,7248100
2015-04-23,39.53491973876953,39.750870504725725,38.6151297783328,38.831080544289,15866100
2015-04-24,41.462493896484375,41.66244805241822,40.48671663918856,41.04658888601498,22284900
2015-04-27,40.68666458129883,41.54246799390943,40.5986842779553,41.438494045465106,11222600
2015-04-28,40.47871398925781,40.63067802751415,39.974828734533126,40.47071411557925,8882900
2015-04-29,40.51071548461914,40.75065987498511,40.150797373540954,40.32675496591149,7162000
2015-04-30,39.654903411865234,40.53470033872112,39.53492971681316,40.49471012405636,8492000
2015-05-01,40.2227668762207,40.32674080987727,39.73487839147527,39.950829182316234,5916500
2015-05-04,40.35074234008789,40.7346538873473,40.20677512848339,40.230768646731555,7493400
2015-05-05,39.64466094970703,40.158171552600926,39.60454350774931,40.06991134383517,10691200
2015-05-06,39.259525299072266,39.87734365720279,38.97067483960714,39.8612960693698,8033500
2015-05-07,39.59651565551758,39.75698847387036,39.09103040973831,39.10707799765003,5681400
2015-05-08,39.9415397644043,40.463075771424315,39.684784423929386,40.110037943462586,6039800
2015-05-11,39.716880798339844,40.29458186212419,39.62059830796418,39.88537592168855,5047200
2015-05-12,39.88538360595703,40.1100468744705,39.31570775873064,39.43606319046163,5868600
2015-05-13,39.789085388183594,40.23840868705061,39.660707740045105,39.99769791862194,4927100
2015-05-14,40.56736755371094,40.59143740087953,39.85326379314922,40.101996770025586,7339700
2015-05-15,40.759952545166016,40.800069997144156,40.43098454172063,40.75193027907655,6016700
2015-05-18,41.06482696533203,41.15308714515292,40.56736411451677,40.63957671066444,8999800
2015-05-19,41.257408142089844,41.498118931490836,40.88832275413007,41.30555091212301,6976100
2015-05-20,40.944496154785156,41.27346416531621,40.463080599147425,41.169159400079494,5644700
2015-05-21,41.18518829345703,41.28147074871495,40.743887330266396,40.87226495753165,5084000
2015-05-22,41.30556106567383,41.44196408391537,41.08892313841885,41.18520870215367,5857700
2015-05-26,40.79203796386719,41.54625628706962,40.64761272271454,41.225313687325134,7369900
2015-05-27,41.39380645751953,41.48206666224204,40.848200701748105,40.95250849467148,6213600
2015-05-28,41.570343017578125,41.67464779026076,41.281492439269385,41.59441287884863,5874400
2015-05-29,41.6906852722168,41.90732315340074,41.281482426045976,41.68266300732773,9399100
2015-06-01,41.899288177490234,42.09185308405854,41.45798722334619,41.69067262448323,7075100
2015-06-02,41.50613784790039,41.963483413645434,41.44997281777483,41.706728115710135,7877800
2015-06-03,41.819061279296875,41.93941667321997,41.45799815829242,41.72277880061729,5522700
2015-06-04,41.49811935424805,41.86720474596783,41.377763958321445,41.61847168940979,6230800
2015-06-05,41.87522888183594,42.0758191768336,41.13705806541175,41.37776580725594,7123200
2015-06-08,41.34566116333008,41.90731447293961,41.31356904965628,41.72277181106699,6320200
2015-06-09,41.353702545166016,41.482080232003796,41.000661610788015,41.20125193776988,5034000
2015-06-10,42.27641296386719,42.412815967330296,41.44998185965834,41.5623119444131,8003600
2015-06-11,42.115943908691406,42.525146804793245,42.07582339705577,42.372699267179875,6030200
2015-06-12,42.228271484375,42.3165317075006,41.85116073493472,42.05175103812378,5236700
2015-06-15,41.939422607421875,42.09187014196545,41.7308069698725,41.90732742306578,5555000
2015-06-16,42.50106430053711,42.637464205064475,41.883245946512496,41.939410973172514,6106500
2015-06-17,42.717689514160156,42.90223212730632,42.30046153892225,42.597334172177945,6735300
2015-06-18,43.41574478149414,43.55214465273789,42.84606932965794,42.92630418794677,10711000
2015-06-19,43.27133560180664,43.680538427739194,43.19912297831681,43.39169099454463,10609700
2015-06-22,43.24726486206055,43.672515269035316,43.231217272639746,43.59228038269602,7100700
2015-06-23,43.423789978027344,43.471932754886254,43.10284731459706,43.359602669647394,5679000
2015-06-24,43.094825744628906,43.303441401770534,42.94237819576813,43.126920931999244,5525000
2015-06-25,43.38365936279297,43.68855740217999,43.32749433721698,43.399706950209584,5389900
2015-06-26,43.82495880126953,43.92926659265884,43.56820351536081,43.69658115831517,6637200
2015-06-29,42.9664192199707,43.64040239859141,42.93432405414032,43.22317442508683,6534100
2015-06-30,43.022605895996094,43.568211746826094,42.63747289436874,43.44785940549787,9794000
2015-07-01,43.239234924316406,43.49599020612982,43.006549493684126,43.21516507313527,6107700
2015-07-02,43.52006530761719,43.889150661197505,43.28737986527825,43.35156715857874,5684700
2015-07-06,43.576236724853516,43.656471618431844,43.030630878378894,43.03865314343073,5396400
2015-07-07,43.63239669799805,43.760774349281284,42.8139880232807,43.56018407785344,9462300
2015-07-08,42.83806610107422,43.3435545391374,42.77387879349132,43.21517686320638,8139300
2015-07-09,43.36762237548828,43.72868552870399,43.231222440254065,43.38366996682733,7681000
2015-07-10,43.78485107421875,43.91322874565021,43.47193069140239,43.76078121731445,8087800
2015-07-13,44.6915168762207,44.8439643935585,44.04962856537092,44.129863456440305,7477200
2015-07-14,44.731624603271484,44.980357608770184,44.547081945294096,44.900119674368554,7028000
2015-07-15,44.40265655517578,44.89209724048849,44.36253911850974,44.868024329877485,8212600
2015-07-16,44.723609924316406,45.060600123656386,44.659419565909886,44.980365236412986,7305500
2015-07-17,44.68349075317383,44.85198891863613,44.42673543341631,44.85198891863613,8715400
2015-07-20,45.100711822509766,45.525965240873816,44.691509052467616,44.71557890342176,8029600
2015-07-21,45.092689514160156,45.30932735482451,44.75569629731637,45.23711474126973,6717500
2015-07-22,45.485843658447266,45.630268882261625,45.132805922881204,45.27723114669557,6876100
2015-07-23,45.381561279296875,45.734599188702404,45.06061549928037,45.718551593624994,12439200
2015-07-24,45.96726608276367,47.58803579903995,45.85493602354648,47.435585238018426,14559700
2015-07-27,45.718536376953125,46.11169467357871,45.614228574050045,45.90307906777256,8993500
2015-07-28,45.84690475463867,46.05552031822092,45.38153698953794,46.04749499459475,8689200
2015-07-29,46.143775939941406,46.37646134524529,45.846903251553314,46.03947122233406,8470500
2015-07-30,46.58509063720703,46.65730326494559,45.74260896000226,45.975294433911486,7337900
2015-07-31,46.480770111083984,46.88997284913585,46.32029730881818,46.88997284913585,6519500
2015-08-03,46.68938064575195,47.30719891896686,46.56902834469284,47.03439608482994,7664000
2015-08-04,47.22846221923828,47.244554056573584,46.689396410720335,46.86640355220446,9113100
2015-08-05,47.477874755859375,47.72729361357665,47.333054368221525,47.59051760945049,7349100
2015-08-06,46.04572677612305,47.63073706238349,45.93308701208079,47.57441718036236,11064500
2015-08-07,46.02158737182617,46.150318960269196,45.46642990293807,46.12618274656212,7782000
2015-08-10,45.27332305908203,46.36754282968983,44.854944730955374,46.093987887037876,12029200
2015-08-11,45.33769989013672,45.41011160297767,44.44462619070264,44.88714084952924,8062600
2015-08-12,45.361839294433594,45.377931127241375,44.211299336904936,44.80668180477654,10064400
2015-08-13,45.739994049072266,46.06182461907043,45.46643898533496,45.474486437646995,6731500
2015-08-14,45.941131591796875,45.95722342518691,45.5871204648262,45.82044744517667,4803900
2015-08-17,46.4560661315918,46.472154897537386,45.643445337171734,45.86068050788194,5768400
2015-08-18,46.52846908569336,46.71352055122729,46.391690047305495,46.63306139064527,5575400
2015-08-19,46.33536911010742,46.729611314937685,45.957218737025656,46.32732472883472,6044200
2015-08-20,44.90324020385742,45.9813686260806,44.87105653293642,45.86068139472874,7470900
2015-08-21,42.51365280151367,44.13889121696166,42.32055386130449,44.02625144734111,20211500
2015-08-24,40.50220489501953,42.37685838682422,33.83229399627419,38.65973199058306,27158800
2015-08-25,41.105655670166016,43.13318103317479,41.07347199713318,42.610207088605186,19659000
2015-08-26,43.41477584838867,43.567646744316335,41.25047471064737,42.63434181077245,15517600
2015-08-27,45.01587677001953,45.225064477668376,43.776833150827734,44.0584325782788,15987900
2015-08-28,44.75841522216797,45.30552533228629,44.41244844461657,44.81473510975041,7584800
2015-08-31,44.01821517944336,44.62969275446171,43.84925548208473,44.40441008877922,7971200
2015-09-01,43.044677734375,43.736611362860025,42.43320328897196,42.6423910265771,13424900
2015-09-02,44.46072769165039,44.48486698231513,43.245823127269034,43.84925321741697,9891100
2015-09-03,44.002105712890625,44.862998762198956,43.83314608322146,44.83081816788322,7968900
2015-09-04,43.6722297668457,43.9055567178466,43.31821868440514,43.34235489685247,6994300
2015-09-08,44.420494079589844,44.61359303474676,43.87338395404964,44.500953256406795,8051700
2015-09-09,44.002105712890625,45.056097674108784,43.905557791537255,44.97564158451482,8406700
2015-09-10,44.54922103881836,44.80668423932548,43.71246717177196,43.7205115540113,8924800
2015-09-11,45.48252868652344,45.490576138457854,44.275668709466956,44.40440031758484,8363100
2015-09-14,45.289432525634766,45.78826712032057,45.09633358006408,45.4905758538859,5463900
2015-09-15,45.78826141357422,46.02963276355193,45.15264783891043,45.40206663976923,6741300
2015-09-16,46.06987380981445,46.142285542160394,45.22507231191449,45.72391005438838,6593400
2015-09-17,46.08595275878906,46.74570254934858,45.89285690600265,46.11813642398788,7525300
2015-09-18,45.73195266723633,46.36756639663434,45.281390453510404,45.45035320191011,16268000
2015-09-21,46.29515075683594,46.53652214518616,45.828496746048955,46.02159569825136,6220100
2015-09-22,45.95722579956055,46.06182118739801,45.61930648852136,45.73999064137669,8585100
2015-09-23,46.49629592895508,46.60893571002173,45.9009102829121,45.98941384495128,6829200
2015-09-24,46.96294021606445,47.09971926592765,45.9974516925008,46.16641440929691,10027300
2015-09-25,46.65721130371094,47.4376453893487,46.45606796023249,47.40546171778323,10627000
2015-09-28,44.87105941772461,47.01122456430301,44.7503721786137,46.67330213631485,11548100
2015-09-29,44.830833435058594,45.29748443818748,44.098671721284205,44.93542577330913,9392100
2015-09-30,45.73195266723633,45.78022817666539,44.74232774297051,45.37794147236852,9799600
2015-10-01,46.24687576293945,46.262967598234596,44.96760401441142,45.85263654042164,8497100
2015-10-02,46.72962188720703,46.73766627029973,45.490578185075684,45.852636808322345,9036800
2015-10-05,47.502010345458984,47.61465012107404,46.721573229835066,47.05949562588395,8199000
2015-10-06,47.220401763916016,47.58246033125767,46.842254432873226,47.32499714319323,5538000
2015-10-07,47.292823791503906,47.333054917140686,46.58480140451533,47.16409216939653,8138300
2015-10-08,47.83993148803711,48.041074829042174,46.97903823407171,47.29282135496701,6834800
2015-10-09,48.330726623535156,48.362910297962735,47.71120470222275,47.84798378393791,7969900
2015-10-12,48.708866119384766,48.99046553398902,48.30657948754816,48.55599523499666,6430300
2015-10-13,48.40313720703125,48.87783565135163,48.29049741841354,48.54796066931232,6262800
2015-10-14,47.32500076293945,48.41117347883917,47.0112176703108,48.2743974924948,8365600
2015-10-15,48.02497482299805,48.137617652928235,46.72961450543544,47.42959235366923,9745900
2015-10-16,48.21807861328125,48.50772549534979,47.839928176224696,48.24221483038576,12860800
2015-10-19,49.05485153198242,49.31231482877749,48.16981876369534,48.37900961059421,8117200
2015-10-20,48.982425689697266,49.36862052373437,48.72496246700586,49.25598074745734,6089100
2015-10-21,48.70082473754883,49.17552314504553,48.403133452265614,49.13529509068896,6055300
2015-10-22,49.47321701049805,49.650221061758074,48.41117735691898,49.04679104476285,9182000
2015-10-23,50.37434005737305,50.527207895401624,49.57781105685726,49.97205336542048,8206000
2015-10-26,51.034095764160156,51.36397076613794,50.66399270227372,50.67203708657375,9751700
2015-10-27,50.45478820800781,51.017990101727804,50.03640974607877,50.98580643484017,8973200
2015-10-28,51.09844970703125,51.10649715890722,50.221464673970964,50.77662222367557,9627300
2015-10-29,50.28582763671875,51.09040087890625,49.650214038781826,51.02603354631365,14839100
2015-10-30,50.3421516418457,51.49269171795505,50.09273281142356,51.24327288753291,16822300
2015-11-02,50.076637268066406,50.76856764123957,49.98008627433725,50.69615593054429,8547200
2015-11-03,50.52721405029297,50.672037522573646,49.60195638761562,49.88355587860345,8847700
2015-11-04,49.851348876953125,50.72028930405438,49.35251441095212,50.72028930405438,9085100
2015-11-05,50.108829498291016,50.25365295330836,49.891594315765005,50.020325934757764,6145000
2015-11-06,49.85939407348633,50.07662917044423,49.56974727754246,49.92375832302791,6616300
2015-11-09,49.512325286865234,50.02084856267221,49.12488000786895,49.84326832178756,6838300
2015-11-10,50.19035339355469,50.3033578774217,49.40738935656004,49.67375970779621,6689000
2015-11-11,49.94012451171875,50.50514998227001,49.89169578053565,50.48900604549528,4437300
2015-11-12,49.29438400268555,49.76254894660471,49.03608716436504,49.51232253735745,6793800
2015-11-13,48.22084045410156,49.5203951315974,48.11590639671423,49.14909379517002,8821600
2015-11-16,48.979591369628906,48.9876617997643,48.027120498289484,48.027120498289484,8096600
2015-11-17,48.87464904785156,49.689900915198095,48.78585893565134,49.19752162328127,6695300
2015-11-18,49.883628845214844,49.940131091800566,48.69707858777325,48.96344588179999,7215300
2015-11-19,49.60917663574219,49.988551414853866,49.55267440214779,49.88361737568964,5154400
2015-11-20,50.0369873046875,50.16613571760798,49.70604430413246,50.01276986035544,8302500
2015-11-23,50.5616569519043,51.00560447775086,50.12577985562962,50.158067732199896,8493500
2015-11-24,50.01276397705078,50.34370693867499,49.41545379223669,50.09348365009369,7908200
2015-11-25,50.198429107666016,50.44865554767345,50.04506630329205,50.08542461190188,4549900
2015-11-27,50.19035339355469,50.351789690139526,49.988558792608956,50.19842382277037,2447900
2015-11-30,49.55268478393555,50.27914662398011,49.39932198621123,50.12578074711435,9863800
2015-12-01,49.536529541015625,49.786755913071296,48.842355736527615,49.30245018298888,10910800
2015-12-02,49.41545867919922,49.81097433923176,49.334738998173506,49.74640167355218,6587500
2015-12-03,48.067481994628906,49.60112246994421,47.744612422396386,49.53654670801262,12056100
2015-12-04,49.843265533447266,49.9401260779924,48.107830764998695,48.31769887051122,9100600
2015-12-07,49.95627212524414,50.00470393913289,49.59304121893182,49.843267638645045,5967800
2015-12-08,50.17420959472656,50.39214813384756,49.657615907539565,49.79483475857431,6664900
2015-12-09,49.383182525634766,50.480945814960606,49.09259776326713,49.81098615959726,8541600
2015-12-10,49.94012451171875,50.15806303946599,49.24595062611072,49.34281424675911,6623900
2015-12-11,48.28541564941406,49.39124928703998,48.1078354013495,49.12488199408463,11489300
2015-12-14,48.366127014160156,48.54370724294782,47.30872530782929,48.46299063666679,13406100
2015-12-15,48.41455078125,48.97957616876074,48.40648035361927,48.87464213471744,7842100
2015-12-16,48.71322250366211,48.83430051345131,48.0351924229543,48.68900813336094,9281800
2015-12-17,48.04324722290039,49.10065178196151,48.00288892840137,48.96342988569624,9079400
2015-12-18,47.316810607910156,48.02712866716414,47.03429931799545,47.784975693074095,18099500
2015-12-21,48.05940628051758,48.12397895620852,47.3490883730684,47.53473904949938,7187500
2015-12-22,48.42264175415039,48.4872144359096,47.849542653150465,48.38228036401641,6501400
2015-12-23,48.70514678955078,48.72936115722508,48.398418122730504,48.64057103689752,4510200
2015-12-24,48.68899917602539,48.84236195828803,48.56792118851096,48.729357478816496,2204300
2015-12-28,48.58406066894531,48.69706821719204,48.09168449343266,48.446841836214126,4437200
2015-12-29,49.34281921386719,49.49618200995381,48.71321793283801,48.802008054466576,5477300
2015-12-30,49.09257888793945,49.56074373156119,49.036076659107934,49.415451406239995,3973900
2015-12-31,48.454917907714844,49.08451914756737,48.446847478613435,48.9553707279563,4960900
2016-01-04,47.02619934082031,47.48629373553328,46.49346186599204,47.437861936316025,13521500
2016-01-05,47.34101486206055,47.454019346520816,46.80020372753333,47.454019346520816,9617800
2016-01-06,46.92127227783203,47.24414172858038,46.525753582675044,46.574185385900584,8266300
2016-01-07,45.758934020996094,46.74369247426914,45.331130532540406,45.91229985960524,11140900
2016-01-08,45.71050262451172,46.59839741861197,45.62978295650411,46.340100639268606,10427000
2016-01-11,46.671051025390625,46.913203909761606,45.831584819039634,46.00916503784414,10757300
2016-01-12,47.99482345581055,48.05132569339511,46.96163616381731,47.13114287657101,12375800
2016-01-13,46.7114143371582,48.430705235166165,46.65491209404848,48.26926893522069,11303600
2016-01-14,47.60738754272461,47.97061848341729,45.94459872485457,46.4208341628424,11444100
2016-01-15,46.816349029541016,47.13114812518049,45.807375990111254,46.06567284187396,15246100
2016-01-19,47.26028823852539,47.938318124930255,46.913201327678806,47.357148771114424,12289000
2016-01-20,45.94459915161133,46.784065538089216,44.34638607686014,46.46926641294542,22786400
2016-01-21,47.647743225097656,47.93025753190233,46.54998003336378,46.68720197190124,20888500
2016-01-22,47.7607421875,47.94639592034954,46.340109625620066,46.45311410360424,32820200
2016-01-25,46.58224868774414,47.930237752814065,46.50153210718961,47.914093820875124,13554300
2016-01-26,47.30873107910156,47.51859612851874,46.65491540355694,46.7517759587386,8898100
2016-01-27,46.517696380615234,47.5912421513087,46.21903812785634,47.518595965386474,12491300
2016-01-28,47.85762023925781,47.96255124094707,46.816359099600206,47.05044163409229,11832400
2016-01-29,49.05223083496094,49.141020949989844,48.1401183975838,48.25312287884197,13224400
2016-02-01,49.56075668334961,49.875555777432275,48.64864419805627,48.96344329213893,9529100
2016-02-02,49.15584182739258,49.31780567821368,48.73473705093911,49.12344843938765,9407400
2016-02-03,48.20834732055664,49.50405482323958,47.374237797454114,49.301600815558146,12254500
2016-02-04,47.20418930053711,48.14357601396653,46.96124504674056,48.11118262300598,13944900
2016-02-05,44.126895904541016,47.13131393287009,43.93253861409511,47.05033044134916,24529000
2016-02-08,43.843448638916016,44.11068946813111,42.62062753434747,42.993142245492464,21457500
2016-02-09,44.070194244384766,44.77473653260736,43.057924037493855,43.074120731508536,11605100
2016-02-10,44.65327453613281,45.63315161095139,44.54799754213941,44.76664833464679,11663900
2016-02-11,44.4751091003418,44.85572374464244,43.365661649606444,43.64099931138062,12106100
2016-02-12,45.23633575439453,45.38210292503284,44.57228668335504,44.993391499731956,8680200
2016-02-16,45.68172836303711,46.038046352751685,45.33350717547821,45.98945936141081,11594800
2016-02-17,46.66971206665039,46.694005565976916,45.47928117238834,45.91658269548916,11955200
2016-02-18,46.12711715698242,46.6211053956021,45.89226978301523,46.6211053956021,8494000
2016-02-19,46.70210266113281,46.85596972903917,45.77081580708548,46.094740460543896,9033600
2016-02-22,47.673885345458984,47.7386721331323,47.107013310133794,47.47953116084719,8390700
2016-02-23,47.341854095458984,47.698175198930116,46.96933938656065,47.33375729274538,7064100
2016-02-24,47.05842590332031,47.25278008625835,45.5764605846986,46.32958999429258,10780900
2016-02-25,47.57669448852539,47.57669448852539,46.96933243122507,47.341847084960506,6262100
2016-02-26,47.24468231201172,47.94922161679713,46.904557865050634,47.779160937918576,7473400
2016-02-29,47.13941192626953,47.900641319742725,47.05033162795208,47.17180532369486,7645100
2016-03-01,48.62136459350586,48.75093505981672,47.37424692451157,47.59289766563682,9183600
2016-03-02,48.23265075683594,48.588968748881165,47.64148534109563,48.45130148691032,8856400
2016-03-03,47.811546325683594,47.941116786354684,47.131300634859514,47.87633001141741,8261900
2016-03-04,47.536224365234375,47.93303268018997,47.155609660142524,47.892542477121665,8344800
2016-03-07,46.96934509277344,47.51192052740652,46.41057296154182,47.32566315032931,9199100
2016-03-08,46.645423889160156,47.15560909144036,46.37008618673006,46.629230279491715,8127400
2016-03-09,46.21620559692383,46.94504133864431,45.98945807247894,46.791174299168134,9734600
2016-03-10,46.58063888549805,46.855976580259366,46.094747200458116,46.572538991684986,7014500
2016-03-11,46.63731002807617,47.05031488607449,45.811297222876235,47.05031488607449,15497600
2016-03-14,47.495723724365234,47.60099761136661,46.56443381243501,46.629220594470134,9053300
2016-03-15,47.843936920166016,47.90872060211795,47.1070012996902,47.228474951004586,7428500
2016-03-16,48.32173156738281,48.44320523406026,47.49572175510938,47.49572175510938,8069400
2016-03-17,48.22455978393555,48.57278103817117,48.07879260359486,48.159776086675244,7734700
2016-03-18,48.34601974487305,48.95338179420762,48.127369036408226,48.51608037727798,14313600
2016-03-21,47.86014938354492,48.475611595235684,47.795365676064286,48.23266728607543,6487200
2016-03-22,48.086891174316406,48.22455845796177,47.430938880819284,47.77916012548028,8246800
2016-03-23,47.64148712158203,48.10308209481113,47.5281102619999,47.89252815907644,5794500
2016-03-24,47.26087188720703,47.60909308531935,47.1960851111845,47.53620950689576,5948300
2016-03-28,47.746761322021484,48.15976930455943,47.293266237450965,47.42283670292877,5791600
2016-03-29,48.22455978393555,48.37842685718627,47.63339425886678,47.63339425886678,6031400
2016-03-30,48.59706497192383,48.799519005964704,48.19215690384206,48.588968169811686,5723500
2016-03-31,48.34601974487305,48.75902457917118,48.32982305285309,48.402706622341356,5622800
2016-04-01,49.414981842041016,49.53645241101486,48.11117734631235,48.27314119414759,9401100
2016-04-04,48.791439056396484,49.544568570295475,48.653771748516085,49.47978177420743,5799900
2016-04-05,48.62136459350586,48.775228556873884,48.13547302793743,48.491794127195,4994800
2016-04-06,49.261131286621094,49.32591498985683,48.51609861958224,48.60517891458513,5667300
2016-04-07,49.53645706176758,49.836091289615275,49.02627506361257,49.06676525707196,8239200
2016-04-08,49.431182861328125,49.91707135814912,49.15584522267524,49.80369758150447,5064900
2016-04-11,49.31780242919922,49.80369086044911,49.2206222715866,49.5769433377596,6103400
2016-04-12,48.184059143066406,48.32982629181195,47.26896606243123,47.73866089487873,17565800
2016-04-13,48.759033203125,49.463575529190955,48.386518488388965,48.84811348038877,9898500
2016-04-14,48.69425964355469,48.91291043618197,48.51609905196112,48.7995335484015,5157400
2016-04-15,49.00197982788086,49.09106010947101,48.59707170371022,48.78333215932808,5965300
2016-04-18,49.30971145629883,49.455478629877945,48.88050982809578,49.147747586854926,7228600
2016-04-19,49.31780242919922,49.601236832561106,48.977678055961654,49.52835325895329,7283600
2016-04-20,49.31780242919922,49.747003979776736,49.27730915225897,49.43117619054397,5558800
2016-04-21,49.107261657714844,49.47977642735325,48.977691168744784,49.31781563304377,12799100
2016-04-22,46.71019744873047,47.860134940015804,46.183815696734264,47.78725136034254,29836700
2016-04-25,46.783077239990234,46.93694118941701,46.62921329056345,46.66160358730367,8428000
2016-04-26,46.74258804321289,47.511910895861526,46.6130175858949,47.00982575990476,8839100
2016-04-27,46.07853698730469,46.68589905784454,45.85178638031161,46.572522209746374,12390800
2016-04-28,45.689823150634766,46.451052266247466,45.60884277583495,45.827493494838386,9196600
2016-04-29,45.53596878051758,45.69793265338672,44.77474259399773,45.365908104146754,12133400
2016-05-02,46.45106506347656,46.4591618675059,45.438794653582825,45.584561839743856,8616200
2016-05-03,45.711551666259766,46.369799126258584,45.62215969144366,46.07724469959244,7854300
2016-05-04,45.82532501220703,46.036615711366295,45.3458614718234,45.492138694314214,6508500
2016-05-05,45.711551666259766,46.13412993810941,45.516514348478005,45.80906877514414,6215400
2016-05-06,45.76030349731445,45.76842862991372,45.00453906507232,45.475874256140976,6378700
2016-05-09,46.028480529785156,46.26414969711939,45.69529426217951,45.76843286238624,5976200
2016-05-10,46.71924591064453,46.80863479906895,46.08537685627291,46.1991473506435,7931200
2016-05-11,45.69529342651367,46.637966978598485,45.58152296160885,46.426679415205626,8118900
2016-05-12,45.752193450927734,46.15039330684771,45.36212183085039,45.9716093184738,6870300
2016-05-13,45.36210632324219,45.99597210167115,45.28896772573019,45.85782313971104,5466000
2016-05-16,45.12643814086914,45.32147543845818,44.85826534419847,45.264590205830686,9536200
2016-05-17,44.59822463989258,45.21583716194064,44.297541963356885,45.00454956492801,10530000
2016-05-18,44.5332145690918,44.83389416860565,44.19190309397013,44.50070782860019,7455200
2016-05-19,44.330039978027344,44.38692520833729,44.037485593569045,44.2325228832121,7582800
2016-05-20,44.38692855834961,44.99641587196669,44.35442492429974,44.59821922974402,8430800
2016-05-23,44.370670318603516,44.54945423630152,44.11875090731535,44.38692368384992,7352100
2016-05-24,45.05330276489258,45.19957997354587,44.43569029503314,44.48445039792187,7748700
2016-05-25,44.817630767822266,45.06955018279203,44.65510021299541,44.85826263152586,8115500
2016-05-26,44.931392669677734,45.40272777890308,44.655091709093256,45.14268018070732,9451700
2016-05-27,44.817630767822266,45.14268877746349,44.776995804106186,44.988286455384845,6631100
2016-05-31,44.60634231567383,45.102059137329384,44.45193998598302,45.102059137329384,12044000
2016-06-01,44.549461364746094,45.09393833757991,44.46819762552335,44.50070126120468,8761600
2016-06-02,44.38692855834961,44.69573633191917,44.256904722111805,44.61447259677534,8307500
2016-06-03,44.378807067871094,44.76075347442898,44.20815135005235,44.46007080968582,6649200
2016-06-06,45.17519760131836,45.40273852861003,44.44381162071992,44.46819322008162,9900900
2016-06-07,44.939537048339844,45.58965632227344,44.923283678989854,45.22396636194489,7173100
2016-06-08,44.8745231628418,45.102064115927,44.61447547359785,45.102064115927,7623900
2016-06-09,45.16707992553711,45.191458428911204,44.744501633644994,44.817640243780424,5927900
2016-06-10,44.59008026123047,44.85825610266521,44.28940079357106,44.63071211902033,8118700
2016-06-13,44.728233337402344,45.18331511524604,44.500689348468384,44.52507094371866,7908400
2016-06-14,45.158935546875,45.167063778435974,44.703850679833586,44.73635740605341,8036500
2016-06-15,44.980159759521484,45.58152190292449,44.91514939537696,45.215828917072166,7447300
2016-06-16,45.12643814086914,45.17519824026957,44.21627131881654,44.614471047221684,7968000
2016-06-17,44.94766616821289,45.19958564806598,44.72825032768669,45.19146051323758,9503000
2016-06-20,45.00454330444336,45.73592620775815,45.00454330444336,45.32147620588104,7286700
2016-06-21,45.35398483276367,45.532765674364086,45.06143041921936,45.11831565518488,7445100
2016-06-22,45.19145584106445,45.49213539884167,45.093938733139154,45.41087165890609,7215400
2016-06-23,45.6140251159668,45.6709103427094,45.427116070953645,45.49212643008275,5569400
2016-06-24,44.43568801879883,45.158945791194924,43.89121108114417,43.923717814738154,14654700
2016-06-27,43.63116455078125,44.27315860595514,43.403623609712156,44.045617664886045,11631900
2016-06-28,44.573848724365234,44.61448370206466,43.84246562597895,43.96436125903656,8417000
2016-06-29,46.1097526550293,46.280408375092335,44.98829502316218,45.037052028887,11103800
2016-06-30,46.418548583984375,46.47543381325297,45.93096001882143,46.166629168655604,10215200
2016-07-01,46.31291580200195,46.61359537516442,46.19914222025239,46.353547674048805,8330300
2016-07-05,46.13412857055664,46.288530913381045,45.95534462622413,46.16663530589217,7274200
2016-07-06,46.11787414550781,46.410428556794145,45.76843449869501,45.93096507163329,8474200
2016-07-07,46.24789047241211,46.32102906335474,45.89032575003276,46.0447280642395,6813300
2016-07-08,45.9228401184082,46.32103989555114,45.80094450500669,46.25602642172655,12655500
2016-07-11,45.7684326171875,46.25602121594508,45.557145051062605,46.158504116196106,10394400
2016-07-12,46.71110534667969,46.808622444685916,45.92283412942997,46.036607693785335,10998500
2016-07-13,45.89845657348633,46.53232237357646,45.79281124013374,46.158504240190624,12183600
2016-07-14,46.80049514770508,46.87363374283135,46.29665321461991,46.32103171299116,11353600
2016-07-15,46.65422821044922,46.922404151518926,46.426687242278454,46.88176917861998,8494000
2016-07-18,46.25602722167969,46.800504224331085,46.19914198110593,46.800504224331085,7614600
2016-07-19,46.126007080078125,46.43481491088581,45.95535134463705,46.19914569526907,8719800
2016-07-20,46.759857177734375,46.85737425849789,46.08535654409079,46.32102566428039,9446400
2016-07-21,46.808624267578125,46.865509501964794,46.3535423924848,46.82487763454757,16151700
2016-07-22,47.05241012573242,47.32871109638484,46.48355482144661,46.80861278102992,23899300
2016-07-25,47.09305953979492,47.2068300230641,46.7273664864203,46.90615044585082,10486000
2016-07-26,47.385616302490234,47.816319753100224,47.29622431839835,47.60503214525758,10106700
2016-07-27,47.01177978515625,47.45873956099737,46.86550260397413,47.44248619642021,6551800
2016-07-28,47.30434799194336,47.385614838613286,46.92240466264098,47.03617514796566,6830100
2016-07-29,47.174312591552734,47.483120333292504,47.06866726674473,47.27995791636074,6914900
2016-08-01,46.8330078125,47.17431923299092,46.67047723607023,47.1336873638867,7997600
2016-08-02,46.262176513671875,46.7596197736268,46.10723644532898,46.68622645476773,7574600
2016-08-03,45.61794662475586,46.1480098289297,45.4385431536952,46.04199656593312,11484800
2016-08-04,45.19390106201172,45.903370916789505,45.16128422553743,45.70765434389681,11193700
2016-08-05,45.58533477783203,45.76473826851689,45.275451496380825,45.503784908603066,9206200
2016-08-08,45.144962310791016,45.65871545678542,44.99001915758159,45.64240548745766,9129300
2016-08-09,45.014488220214844,45.430381573832314,44.99817824996198,45.16942827140395,7136700
2016-08-10,45.35697937011719,45.43037266646075,44.94108609804243,45.153109448141535,6991100
2016-08-11,45.23466873168945,45.63425212017111,45.22651219105419,45.463002096536115,6191400
2016-08-12,45.23466873168945,45.463002096536115,45.03895219695747,45.07157213788093,5039800
2016-08-15,45.055259704589844,45.422226242897544,44.99817636649849,45.38145287437638,5968700
2016-08-16,45.15311050415039,45.31620706770693,44.78614401385023,45.05525381033975,5750900
2016-08-17,45.503780364990234,45.601637087484434,45.20205365599445,45.479316962068964,7410600
2016-08-18,45.283592224121094,45.58532198940738,45.2509753963892,45.48746217378605,5390800
2016-08-19,44.80246353149414,45.308063297375156,44.7290702177894,45.22651344280941,8981200
2016-08-22,45.54456329345703,45.60164665278643,44.81063305458922,44.83509646264188,8837800
2016-08-23,45.99306106567383,46.10722773771378,45.66686790772383,45.80549797782705,7827900
2016-08-24,46.55573654174805,47.28151298238642,46.441569880633004,46.482343243772924,13200500
2016-08-25,46.71883773803711,46.84931437950861,46.40080111887587,46.514967791312365,6686600
2016-08-26,46.71883773803711,47.15919756955661,46.48234785324236,46.873777777656855,6940500
2016-08-29,46.31924819946289,46.87377466661461,46.16430817012662,46.66175130484874,7026700
2016-08-30,45.99306106567383,46.2784777457737,45.67502133680875,46.20508444077537,6377700
2016-08-31,45.854427337646484,46.009367374879375,45.593474058723466,45.91966721278147,6996900
2016-09-01,45.91966247558594,46.1235323981383,45.52823259758237,45.91150593663128,6230100
2016-09-02,45.81365966796875,46.196936205025644,45.65871961146924,46.090922950152894,7441500
2016-09-06,45.68317794799805,46.00936799564862,45.41406812564803,45.81365458921997,6472900
2016-09-07,45.927818298339844,46.156151628044846,45.76472172963271,45.821805062058964,11428600
2016-09-08,45.096038818359375,45.78919861476238,45.01449207092797,45.748422130237664,12673600
2016-09-09,44.321327209472656,45.01448692666119,44.280553840416545,44.96555701730866,10658100
2016-09-12,44.61491012573242,44.680150019026655,43.9706801780938,43.9706801780938,11002500
2016-09-13,44.01959228515625,44.48441544895034,43.832032334047064,44.353938825969685,10050200
2016-09-14,43.95436477661133,44.32132821726916,43.87281492583614,44.24793490697585,6688400
2016-09-15,44.12560272216797,44.14191268785982,43.66077958777756,44.003279534882964,8076800
2016-09-16,43.82388687133789,44.109303563856706,43.55477703769846,43.986980346600845,10207800
2016-09-19,43.22858810424805,44.011451171992064,43.13888792838151,44.003294630943955,9231600
2016-09-20,43.46508026123047,43.5792469553148,43.261210275848704,43.54663012186864,8731500
2016-09-21,44.01959228515625,44.060365646561195,43.44875589306286,43.57107908808576,9213600
2016-09-22,44.35395431518555,44.525204359374804,44.01145422680703,44.199014243415625,9096700
2016-09-23,44.386558532714844,44.49257176047269,44.035902026968785,44.035902026968785,6945100
2016-09-26,44.06853485107422,44.31317820062493,43.92174821918199,44.2642482863912,7755600
2016-09-27,44.19084167480469,44.20715164130877,43.88911507149919,44.035901659227925,6463700
2016-09-28,44.01959228515625,44.101142118774206,43.65262581089564,43.93804556234637,8593500
2016-09-29,43.5873908996582,44.03590411571215,43.14703111190711,43.93804742203687,11993500
2016-09-30,44.15007019042969,44.35394011418365,43.67709358494073,43.75048688192448,13767800
2016-10-03,43.90542984008789,44.158229682338735,43.7667966650444,44.11745320621464,5478600
2016-10-04,43.65263748168945,44.14192728178752,43.55478076599341,44.14192728178752,6176400
2016-10-05,43.5058479309082,43.84019453865664,43.44876459135179,43.628171150419774,7451400
2016-10-06,43.33458709716797,43.61185029616305,43.24488384002134,43.465063713706364,6130300
2016-10-07,43.59553909301758,43.717862278529296,43.220419219966466,43.522145803872114,7279700
2016-10-10,43.46508026123047,43.70972362152676,43.44061685844357,43.6526402744846,7224300
2016-10-11,43.155189514160156,43.54662255559322,43.00840601213346,43.32644263634033,9720400
2016-10-12,43.35091781616211,43.603717742704816,43.04103453698224,43.22859456861996,6320500
2016-10-13,43.17964553833008,43.32643211552162,42.951309134472226,43.12256221506757,6958100
2016-10-14,43.285667419433594,43.52215418706943,43.18780760785142,43.31828424581922,6430100
2016-10-17,43.02471160888672,43.3427513345754,42.96762827343686,43.171498217417344,5223500
2016-10-18,42.902400970458984,43.48139099245703,42.88609099804661,43.41615421361669,6550400
2016-10-19,43.34275817871094,43.82389144691166,43.1388882025379,43.14704163282887,9095300
2016-10-20,43.70155334472656,43.82387653312593,43.147026949383104,43.51399340377332,9286800
2016-10-21,43.73418045043945,43.791263784840844,43.42429727025447,43.562927336426874,6767200
2016-10-24,44.182701110839844,44.4110344867607,43.94621119388814,43.95436773491899,6919700
2016-10-25,43.76680374145508,44.174543682154194,43.628173654805636,44.11746033932103,6052800
2016-10-26,43.73418045043945,43.90543045364362,43.51400054168763,43.709713942261416,5817800
2016-10-27,43.70155334472656,43.89726982400398,43.32643346282008,43.70970677224283,7900000
2016-10-28,43.65263748168945,43.90543736728057,43.31013742134883,43.75049730819441,6620300
2016-10-31,43.27751159667969,43.79126472816758,43.26935816765032,43.79126472816758,9142500
2016-11-01,42.812679290771484,43.39166906410995,42.478332776933016,43.33458574058688,15425800
2016-11-02,43.20411682128906,43.59554672835071,42.65774688147647,42.682210278540204,10851700
2016-11-03,42.21739196777344,43.22043180427368,41.866735385402364,43.21227837457589,21847300
2016-11-04,43.01655197143555,43.823878201835086,41.4589859486557,41.94011907144152,21956800
2016-11-07,44.43550491333008,44.590444987666494,43.37537846417718,43.62817837465058,14916800
2016-11-08,44.54150390625,44.68013708396077,44.133764023631215,44.362100473247466,9352000
2016-11-09,44.50888442993164,44.70459781988376,43.057328418880246,43.383521549878104,13727800
2016-11-10,43.685245513916016,44.704595097703134,43.63631561400333,44.55780850877314,13621700
2016-11-11,43.97882843017578,44.0277583409232,43.424301884940014,43.57108850637353,8436400
2016-11-14,44.215309143066406,44.419179062596136,43.62816277936219,43.97881928981798,10489800
2016-11-15,44.7232551574707,44.8051796355981,44.157968757867216,44.313626516396674,9588000
2016-11-16,45.41962432861328,45.48516641378849,44.452900448809416,44.51025133594704,10779200
2016-11-17,45.755516052246094,45.796481414822175,45.10830520147038,45.23938623614603,8744500
2016-11-18,45.68998718261719,45.97672603263099,45.403245207384316,45.64902493621794,8741000
2016-11-21,45.96033477783203,46.00949134251281,45.47697283006976,45.47697283006976,8004000
2016-11-22,46.79597473144531,46.82055457487461,45.780097459297565,46.14056953566959,10268700
2016-11-23,47.1810302734375,47.22199251533978,46.61574383466113,46.623935032954094,8183600
2016-11-25,47.04994583129883,47.27114567188218,46.910670468612196,47.27114567188218,3228800
2016-11-28,47.1810302734375,47.40223012997227,46.501045182028534,46.69766831846569,8750900
2016-11-29,47.65619659423828,47.68896763694631,47.107295692362655,47.22199121662212,10582900
2016-11-30,47.492340087890625,47.72173109997521,47.4022212973665,47.672574543720735,9528000
2016-12-01,47.93472671508789,47.94292103538405,46.861502022385864,46.97619750479211,12381600
2016-12-02,46.86970138549805,47.31210100206317,46.345377302999246,46.41091937592062,16870000
2016-12-05,47.10728454589844,47.385832092569856,46.664884949675965,46.664884949675965,7701200
2016-12-06,47.05813217163086,47.27114079252505,46.812355638091404,47.23836975466161,7035700
2016-12-07,48.13954544067383,48.213278704100155,47.0663206482901,47.14005391171643,9094800
2016-12-08,48.049442291259766,48.54099542522523,47.85281916254241,48.33618109853652,7972500
2016-12-09,48.13135528564453,48.29520733293711,47.86919326006356,48.27062749445161,7091300
2016-12-12,48.14774703979492,48.16413255916849,47.79546618630885,47.95931825482628,7736200
2016-12-13,48.59015655517578,48.77858537841156,48.05763800565199,48.327994442393916,8878100
2016-12-14,48.13135528564453,48.54098384126704,48.00846546887064,48.36074627672342,9022900
2016-12-15,47.27933120727539,47.6889597981377,47.123673467826244,47.492339824645946,11837800
2016-12-16,47.23836898803711,47.574264307640746,47.156444519926225,47.52510775164333,10611500
2016-12-19,47.23017883300781,47.50053208391107,47.05813244583134,47.05813244583134,6433800
2016-12-20,47.27115249633789,47.56608565969469,46.959833809992496,47.361271310165684,4888300
2016-12-21,47.05813217163086,47.41041301561741,47.03355545584237,47.10728872842602,5380500
2016-12-22,46.78778839111328,47.02537377587798,46.46827852032846,46.95164048837234,6777700
2016-12-23,46.70586013793945,46.992602085506476,46.60755013102274,46.93525432103683,4298500
2016-12-27,46.58297348022461,47.017178876206316,46.542011237716316,46.68947781092119,4186200
2016-12-28,46.16514205932617,46.615736020373454,46.08321758925478,46.533808425083855,5548700
2016-12-29,46.14057540893555,46.26346526606932,45.993108830462575,46.16515213027474,3780900
2016-12-30,45.48515701293945,46.2470664069277,45.38684703071393,46.10779106732506,8344500
2017-01-03,45.345890045166016,45.83744629748148,45.09192228376067,45.80467525561673,7809300
2017-01-04,45.870216369628906,46.042259647953884,45.37046893002143,45.5179354900767,7796300
2017-01-05,46.2552604675293,46.31260822114682,45.72274516604972,45.94394498366795,7602300
2017-01-06,46.804161071777344,46.91885657082422,45.94394170370782,46.39453250362824,8587800
2017-01-09,47.68077087402344,47.79546638489671,46.90247588924557,46.91066708635726,12640500
2017-01-10,47.418617248535156,47.72993279765057,47.37765500525353,47.69716487815658,6671800
2017-01-11,47.59884262084961,47.61522814006545,47.18102281910952,47.35306608304849,6028000
2017-01-12,47.541507720947266,47.62343533917886,47.22199782289173,47.516930998087325,4733000
2017-01-13,47.3940315246582,47.598845840884415,47.23018257185199,47.54149808235855,4745600
2017-01-17,47.51691436767578,47.72172865374335,47.0335525275476,47.20559577779204,5734700
2017-01-18,47.885581970214844,47.99208627683916,47.54149233543555,47.779077663590535,7375700
2017-01-19,47.426815032958984,47.88560034699071,47.28754276141785,47.770904799787594,7850500
2017-01-20,47.23836898803711,47.6807686163594,47.03355469254176,47.63161206036199,7651600
2017-01-23,47.32029724121094,47.43499588104609,46.82055294541191,47.04174965204804,6814400
2017-01-24,47.87739562988281,47.926552193108286,47.320300414201846,47.459575780731384,10704100
2017-01-25,48.09040069580078,48.27882948629884,47.88558638544832,48.06582085341,7117600
2017-01-26,47.8937873840332,48.33618713498221,47.729935277175905,48.090410537305765,12382400
2017-01-27,45.976715087890625,46.36176698786404,45.59166631313553,45.67359078643194,28884900
2017-01-30,45.79648208618164,46.07502967960312,45.53432001298713,45.878406562098014,13322000
2017-01-31,45.2393798828125,45.77189514411387,44.96083233259312,45.714547394823235,14308000
2017-02-01,44.15796661376953,45.468776951472385,44.0842333369476,45.46058575414477,18796900
2017-02-02,44.133384704589844,44.55939882569768,44.11699918548359,44.272660054383856,15289700
2017-02-03,45.10831069946289,45.141078618211914,44.248087984011754,44.411940078631915,14161700
2017-02-06,45.6572151184082,45.673600641646736,44.97723309271371,45.067348782697124,13029800
2017-02-07,45.459686279296875,45.95345422956532,45.41030822855001,45.91230742359296,9910500
2017-02-08,45.443233489990234,45.673658148143446,45.344477374238416,45.41854289140202,11681900
2017-02-09,45.92877960205078,46.18389175391394,45.43500837456874,45.4514677294149,11106800
2017-02-10,46.26618957519531,46.414320632862186,45.72304341018378,45.86294322059082,11179000
2017-02-13,46.1756591796875,46.62828040662277,46.10982176667114,46.49660871989068,8027900
2017-02-14,46.56245040893555,46.58713787143352,46.101597893400864,46.101597893400864,8865900
2017-02-15,46.792884826660156,46.809344184848165,46.34026346404554,46.54600073244324,6967200
2017-02-16,46.68590545654297,46.89987399608998,46.521314996730325,46.87518338657184,8524500
2017-02-17,47.19612121582031,47.377170990121854,46.66943438799888,46.74349991936759,11008400
2017-02-21,47.352474212646484,47.5746707630502,47.23726188413355,47.245489990755694,8289200
2017-02-22,47.37717056274414,47.607595263012136,47.19612079007581,47.336023743310726,7876600
2017-02-23,47.434776306152344,47.558219902630334,47.2290390715564,47.40185759518474,7178600
2017-02-24,47.303104400634766,47.492382278942834,47.03153288455834,47.41008864117447,7806200
2017-02-27,46.72703170776367,47.15496545909081,46.62827873108834,47.105590540403405,7702400
2017-02-28,46.801109313964844,46.957471634998555,46.5377658819412,46.66943759795302,8750700
2017-03-01,47.02329635620117,47.23726481325065,46.858705959847896,47.13028058472591,7198000
2017-03-02,47.00684356689453,47.06444974276747,46.784646971684126,46.96569674688545,6595400
2017-03-03,46.9903678894043,47.12203955127923,46.661190304367,46.661190304367,7735900
2017-03-06,46.64474868774414,46.75173293472234,46.35671779891965,46.727042330465075,9160000
2017-03-07,46.24974060058594,46.70236198313483,46.101609509671505,46.56246214132771,10890300
2017-03-08,45.871177673339844,46.37317391573386,45.7065872489527,46.20858663064794,13061600
2017-03-09,45.41856002807617,45.920559485003274,45.10584162810659,45.879412657565354,17844200
2017-03-10,44.87540054321289,45.591368315091636,44.78487566589713,45.58313706844432,13886400
2017-03-13,44.95769119262695,45.163428380589714,44.768413356417255,44.90831313736776,9090200
2017-03-14,44.66143035888672,45.048217287391736,44.59559295007717,44.94946117417741,7892900
2017-03-15,44.883644104003906,44.97416900615581,44.51331638579233,44.760200484832836,8712000
2017-03-16,45.09761047363281,45.25397281324729,44.98239810084428,45.13875730115704,8074300
2017-03-17,45.90409851074219,46.19213257127477,45.22105240926517,45.29511795176765,15822100
2017-03-20,45.92877960205078,46.12628558160284,45.68189241865929,45.978154527288325,7948400
2017-03-21,45.70657730102539,46.455460586658084,45.66543048870942,46.1262798095292,8030600
2017-03-22,45.99461364746094,46.118057238526845,45.6818921855813,45.821795131409395,8452100
2017-03-23,45.96169662475586,46.43900851247401,45.9040904506245,46.20858381594858,7357200
2017-03-24,46.751731872558594,47.22081253187346,46.00284843932773,46.17566696869612,15763000
2017-03-27,47.097373962402344,47.27842375877694,46.46370281439276,46.62829325297862,8861800
2017-03-28,47.19612121582031,47.33602417031726,46.9327778019096,46.99038397749625,8331600
2017-03-29,47.352474212646484,47.60758632883925,47.01506533372984,47.04798089951888,7001600
2017-03-30,47.86271286010742,47.977925215762745,47.253729229684836,47.27841983396901,8677900
2017-03-31,48.05199432373047,48.274190943005735,47.780422770817246,47.8215695952827,9156700
2017-04-03,48.09313201904297,48.1178226204766,47.640510757237585,47.96146032216684,8989000
2017-04-04,47.994384765625,48.068450300173545,47.73926944900195,48.03553158719613,6474800
2017-04-05,47.9120979309082,48.7761938638972,47.57468892319625,47.69812940545084,13656200
2017-04-06,47.665199279785156,48.027298808725845,47.50884011729773,47.838020936461824,9112500
2017-04-07,47.74748611450195,47.93676394736349,47.36069920339777,47.566436387721225,6773800
2017-04-10,47.68989562988281,47.903860990618284,47.508845843590336,47.73104245241256,5266300
2017-04-11,47.632293701171875,47.86271843934254,47.220819160551905,47.51708133208654,5855100
2017-04-12,47.38540267944336,47.64874609580926,47.3031058997658,47.63228673987374,5450300
2017-04-13,47.327789306640625,47.55821713068224,47.27841438236812,47.410086079262946,4871700
2017-04-17,47.7968864440918,47.93678628776635,47.467705540043085,47.467705540043085,5626000
2017-04-18,48.01906204223633,48.12604626706285,47.393622324874826,47.393622324874826,5449300
2017-04-19,48.586910247802734,48.957237929735946,48.14251702948288,48.224810674667445,12000600
2017-04-20,49.44277572631836,49.65674107766661,49.01484188432066,49.138282346494236,12445900
2017-04-21,49.878929138183594,49.944763412212716,49.50037342943935,49.54152024312013,8800000
2017-04-24,50.29041290283203,50.512609505176506,50.10936312181774,50.199888012324884,10721300
2017-04-25,50.166961669921875,50.37269888458458,49.311094103492835,49.9118495328926,11031500
2017-04-26,50.660736083984375,50.81709524690342,50.183424208808916,50.38916143652917,8525400
2017-04-27,50.446773529052734,50.97346039153491,50.35624863594462,50.7183482083771,15285300
2017-04-28,49.42631912231445,49.5250721254123,48.54576392471368,48.89140100520682,25046100
2017-05-01,49.52506637573242,49.870703416098365,49.17942619606547,49.37693531863244,10910300
2017-05-02,49.78841018676758,49.804869542057844,49.409854432994656,49.500379317440576,9152100
2017-05-03,49.86247253417969,49.928306811838794,49.5908978981712,49.80486636399016,7706400
2017-05-04,50.05998611450195,50.07644233091012,49.69788656750015,49.9118550524196,6874300
2017-05-05,50.15873336791992,50.19165207557035,49.85424317040531,50.15873336791992,6443300
2017-05-08,50.150508880615234,50.25749312524804,49.9530028866944,50.25749312524804,5588400
2017-05-09,50.390140533447266,50.47277630624246,50.051341745567996,50.05960689896372,5806600
2017-05-10,50.12570571899414,50.390133852414436,49.75385267129935,50.30750124280759,7198400
2017-05-11,49.803436279296875,50.00175581181106,49.60511359455056,49.95217750479858,5516900
2017-05-12,49.522491455078125,49.86129028432318,49.439858824426274,49.81170881459239,5647500
2017-05-15,49.95218276977539,49.985237079422404,49.68775459706424,49.927390461423904,5904100
2017-05-16,49.563804626464844,50.1587696165632,49.48117200105456,50.14224246103462,6303500
2017-05-17,49.35722351074219,49.84476360158148,49.208482252368654,49.55554623931784,7581200
2017-05-18,49.431602478027344,49.53076228292498,48.64657973802374,49.357231836295774,8602400
2017-05-19,50.70415496826172,51.16690273081626,49.530752101285444,49.530752101285444,12531000
2017-05-22,50.59672164916992,51.001629026572544,50.43145326753146,50.43145326753146,6391600
2017-05-23,50.5306282043457,50.819845576816526,50.29098915159392,50.73721294246285,5622500
2017-05-24,51.142112731933594,51.23301051300745,50.35709016620711,50.73720844635528,7249300
2017-05-25,51.976722717285156,52.15025314526183,51.150383743415645,51.241278382665556,8931800
2017-05-26,52.3072509765625,52.406410760490914,52.03456078270118,52.067611942522184,6098000
2017-05-30,52.27418899536133,52.39814107126136,52.067604303682764,52.11718576448922,7094600
2017-05-31,52.56342697143555,52.56342697143555,52.12546828784472,52.282471571037036,7314600
2017-06-01,52.67910385131836,52.7369473210157,52.34856703684839,52.48078113218984,6058300
2017-06-02,53.35670852661133,53.44760632019995,52.637794485316086,52.78653575623691,7840400
2017-06-05,53.10880661010742,53.6046150709895,53.034439123654984,53.58808475991132,6808900
2017-06-06,53.01790237426758,53.174902464976796,52.92700459858411,53.06748068665313,5448400
2017-06-07,52.4725227355957,53.13359640995645,52.34030863117013,52.99311399864038,8365000
2017-06-08,51.43134689331055,52.53864141172764,51.24955128287038,52.42295129002621,11289300
2017-06-09,51.3900260925293,51.62966518152916,51.125597839920275,51.538767378651045,11240500
2017-06-12,50.64630889892578,51.22474672466799,50.10092538373629,51.06774032565889,11071600
2017-06-13,50.34056091308594,50.6215162464125,50.06787073345776,50.505829312495536,9384900
2017-06-14,49.803436279296875,50.25792195622669,49.46463752170569,50.13396988423122,9703300
2017-06-15,49.654701232910156,49.81170447837432,49.1754231905998,49.514221990351686,7516000
2017-06-16,49.696022033691406,49.71254919032251,49.142376471597004,49.4894373041518,11522400
2017-06-19,50.324031829833984,50.40666444508057,49.671223451796386,49.86954298928109,6778000
2017-06-20,49.46464538574219,50.406671195530954,49.33243129230223,50.39014403982188,6985700
2017-06-21,49.54728698730469,49.83650753625542,49.34070223186839,49.580341304710466,6027600
2017-06-22,49.1754264831543,49.66296655956087,49.084531852157085,49.65470455755485,5602000
2017-06-23,49.423336029052734,49.720815416989176,49.23327843999622,49.382016557847905,6469500
2017-06-26,49.282840728759766,49.70427524097299,49.026677743132176,49.59685032480836,5674600
2017-06-27,48.720943450927734,49.32417050263686,48.59699450049137,49.200221552200496,5652400
2017-06-28,48.90273666381836,48.96058013500599,48.58872699720496,48.80357687781567,5419200
2017-06-29,48.22514343261719,48.902741144817796,47.894606579343844,48.89447598975778,7421200
2017-06-30,48.1838264465332,48.712682882657944,48.16729928887518,48.48957098262413,8117100
2017-07-03,48.13424301147461,48.74573521096337,48.13424301147461,48.67136458065031,4575300
2017-07-05,47.87807083129883,48.340821712409344,47.76238389907932,48.28297824629959,7773600
2017-07-06,47.59711456298828,47.86154273205347,47.431849321496856,47.76238295671213,8886600
2017-07-07,47.96070098876953,48.22512913208226,47.54753162081438,47.75411630479196,7278300
2017-07-10,47.7706413269043,48.21686182869519,47.72105987015777,48.07638576292798,4832100
2017-07-11,47.84502029418945,47.99376153818141,47.53927265252124,47.853282295641215,5422300
2017-07-12,48.37386703491211,48.51434309729901,47.944170543477966,48.10117375771602,7141900
2017-07-13,48.241661071777344,48.64656532729945,48.02681121387251,48.58872186222486,8460200
2017-07-14,48.555660247802734,48.68787431268632,48.159018053151975,48.25818096598863,5441400
2017-07-17,48.200347900390625,48.64656849542162,48.159028435018605,48.5308815577383,6774500
2017-07-18,48.10118865966797,48.40693633528828,47.671492035112,48.02681802941342,7857500
2017-07-19,48.018550872802734,48.26645189629761,47.84502047157958,48.051605183197395,8203600
2017-07-20,47.95245361328125,48.62178937231092,47.92766445072829,48.26646333196307,10546700
2017-07-21,47.91112518310547,48.14249904774714,47.78717624943278,47.8615437182969,6717200
2017-07-24,47.944175720214844,48.13423325867651,47.86980510497052,47.92764856657919,7442600
2017-07-25,48.38212966918945,48.62176864582579,47.911116868066685,48.1094395406493,7933100
2017-07-26,47.87807083129883,48.621777041613505,47.74585674415761,48.588722731770076,8775900
2017-07-27,49.16716003417969,49.299374119947004,47.86980833251522,48.13423650404986,23286700
2017-07-28,44.62230682373047,46.24193053709287,44.13476667864112,45.638703434225235,53454800
2017-07-31,44.605770111083984,45.184207928313484,44.58098095465054,45.0189395302147,20299400
2017-08-01,45.22553634643555,45.27511782480765,44.597520048222265,45.09332222300994,18120900
2017-08-02,45.80396270751953,45.82048986278738,45.17594341627149,45.24205203734288,14764900
2017-08-03,46.010555267333984,46.37414328854064,45.861813996787376,45.97750095116072,13331500
2017-08-04,45.812232971191406,46.3163002649545,45.52301558242559,46.25019478419365,9179800
2017-08-07,45.96924591064453,46.21714701502445,45.795712300568375,45.94445359364304,7253900
2017-08-08,45.25537109375,46.13524554542636,45.122560154484,46.110341317370974,11095300
2017-08-09,44.607913970947266,45.18066049902635,44.2426815474224,45.18066049902635,16717700
2017-08-10,44.051780700683594,44.61622811904156,43.985376798416176,44.42531254613567,13235300
2017-08-11,44.1430778503418,44.325694077437284,44.03516797374332,44.03516797374332,9235000
2017-08-14,44.176292419433594,44.491716496858146,44.143088885032064,44.491716496858146,7426500
2017-08-15,44.1181755065918,44.342291385105824,43.90235575966819,44.33399208705297,6674600
2017-08-16,44.40870666503906,44.75733424418945,44.201189344174395,44.20948864376525,7667100
2017-08-17,44.02688217163086,44.641131760489785,43.98537933451285,44.259300592662505,7451700
2017-08-18,43.744651794433594,44.06837830777759,43.64504436720383,43.92726488327766,10370500
2017-08-21,44.1181755065918,44.42530019794661,43.8276494113427,44.1098730420765,12753200
2017-08-22,45.197269439697266,45.43799027226279,44.31739493090402,44.400403752372874,14547600
2017-08-23,44.8901481628418,44.90674676194715,44.53321811927949,44.79053756943161,11838500
2017-08-24,44.77392578125,45.19726279232206,44.63281555520085,45.039547637958535,8716700
2017-08-25,45.122554779052734,45.396475923329376,44.981441391758196,45.33837134222639,8601100
2017-08-28,45.155765533447266,45.30517824205905,44.84033835232655,45.27197471426472,6643700
2017-08-29,44.90675354003906,45.06446875351208,44.82374786613162,44.85695140227999,6212400
2017-08-30,45.25537109375,45.33837674336779,44.856938275952,44.856938275952,5596600
2017-08-31,45.537593841552734,45.64550371710754,45.29687302933913,45.38818114200377,8245300
2017-09-01,45.595699310302734,45.786614837538345,45.55419648550587,45.57079824871713,7696300
2017-09-05,45.76172637939453,45.8198309834055,45.321787449287086,45.61231363580535,9160500
2017-09-06,45.08106994628906,45.886235105599376,44.93165720199159,45.75342412916423,11372300
2017-09-07,44.38380432128906,45.3881873653908,44.20118807092041,45.17236758468913,13801900
2017-09-08,44.4004020690918,44.64111972606862,44.035169601400845,44.317393250769925,11774500
2017-09-11,44.840335845947266,44.931643959046596,44.50000762123501,44.64942032149527,9314100
2017-09-12,44.441898345947266,44.86523217438598,44.26758460285263,44.80712759335444,10339400
2017-09-13,45.0644645690918,45.42139463338565,44.40040974010202,44.45021187323675,12787900
2017-09-14,45.26366424560547,45.41307692779824,44.90673430108521,45.13915578808625,8260800
2017-09-15,45.379886627197266,45.47949722198851,44.95655268195517,45.18897107020863,10744800
2017-09-18,45.39647674560547,45.628898240689516,45.29686934283359,45.48778485083896,6348400
2017-09-19,45.33837127685547,45.554191006180126,45.28856915967453,45.520987483751384,5187100
2017-09-20,45.778316497802734,45.80321755990979,45.305177318992925,45.305177318992925,7080000
2017-09-21,45.662113189697266,45.794924157990025,45.53760468805838,45.69531672338627,7178500
2017-09-22,45.728511810302734,45.81981992784983,45.53759627655093,45.69530828274694,6950000
2017-09-25,45.612308502197266,45.83642759235671,45.40479117795293,45.637209567838404,10242700
2017-09-26,45.76172637939453,45.83643275118912,45.48780196065989,45.70362177538357,8021900
2017-09-27,45.64550018310547,46.15183966297195,45.62059595746713,45.861316751043454,8671300
2017-09-28,45.238765716552734,45.72020731197025,45.19726289505937,45.496088276151305,7607500
2017-09-29,44.5830192565918,45.21387366828754,44.292496281773325,45.081062713161536,11944400
2017-10-02,44.666019439697266,44.85693495284476,44.616214153738746,44.70752226143153,5956000
2017-10-03,44.81544494628906,45.10596794796763,44.74073857921982,44.823744246424205,6137100
2017-10-04,44.7656364440918,44.98975552926871,44.56641842400242,44.92334846708459,5569100
2017-10-05,45.32176971435547,45.6288975484747,44.7573224964407,44.87353482545085,7994300
2017-10-06,45.79490661621094,46.02732809654146,45.031244632664766,45.247061186048064,10576300
2017-10-09,45.670413970947266,46.060547561237584,45.620608672251755,45.960936963846564,5822900
2017-10-10,46.00242614746094,46.35935609938791,45.72020570464279,45.73680429948675,6573900
2017-10-11,46.18505859375,46.31786956443261,45.869631350955046,46.035645855924145,8881900
2017-10-12,46.45897674560547,46.70799688629362,45.91113116950639,46.209953438454434,7234300
2017-10-13,46.25146484375,46.84081331781967,46.16015670930983,46.48388324671533,6231100
2017-10-16,45.579097747802734,46.317858798412765,45.56249598451837,46.20994892029569,7256900
2017-10-17,45.2470703125,45.84472114466615,45.064457243253536,45.53759642989751,11227300
2017-10-18,45.828121185302734,46.01073742820234,45.00635442518009,45.20556926610439,8299500
2017-10-19,45.98582458496094,46.10203374014241,45.5707900784774,45.72020275412843,5720200
2017-10-20,45.296871185302734,45.985830068115696,44.97314473827973,45.91112372138251,11741100
2017-10-23,45.0478515625,45.603996353493415,44.97314521497496,45.462886122869676,10111100
2017-10-24,45.05615234375,45.28857385840296,44.840335758496366,45.13085869373443,7818500
2017-10-25,44.95654296875,45.147458484489874,44.541508412847044,45.022950017596415,8281200
2017-10-26,45.579097747802734,46.27635597343315,45.23876951662971,45.23876951662971,12211400
2017-10-27,45.554203033447266,45.75341788769229,45.38818854393441,45.51270020268481,9922600
2017-10-30,45.79490661621094,45.844711897666485,45.15575625307262,45.47948266637859,6430900
2017-10-31,45.520999908447266,45.91113348731428,45.40479071469021,45.78662182745284,8857800
2017-11-01,45.76172637939453,46.14355753902758,45.60401116868182,45.736822144487384,7189800
2017-11-02,45.54588317871094,45.97751942006719,45.462877548876264,45.77830464187926,16879000
2017-11-03,46.5087776184082,47.26414048576763,44.86524093447656,44.95654905577212,28773800
2017-11-06,46.95700454711914,47.05661194362895,46.17674080261185,46.475566158603336,10835700
2017-11-07,47.49657440185547,47.55467900937727,46.75781310639523,46.75781310639523,11167400
2017-11-08,48.06930923461914,48.152314891469125,47.313946358018065,47.33884742178049,13533700
2017-11-09,47.612770080566406,47.861790208643804,47.13963088728054,47.47995913449428,14778900
2017-11-10,47.34714126586914,47.6376641784054,46.93210672426748,47.61276311917723,7930300
2017-11-13,47.01512145996094,47.43015608184119,46.94041510136398,47.15623487796092,7648200
2017-11-14,47.25584411621094,47.31394871218957,46.824207712896104,46.87401300936193,7758200
2017-11-15,47.314247131347656,47.61465555491761,47.15569647266529,47.41438221145871,8880500
2017-11-16,47.76486587524414,47.91506692300119,47.355975872373726,47.497833655403184,8310200
2017-11-17,47.506187438964844,47.92342077098931,47.43108531187093,47.764873250785584,6310800
2017-11-20,47.406044006347656,47.60631418793995,47.21411708930622,47.28921601997548,6360100
2017-11-21,47.78154754638672,48.03189002808107,47.464452587184475,47.53120824792926,6284300
2017-11-22,47.68141555786133,47.71479498201826,47.39769681900155,47.62300315720523,7308500
2017-11-24,47.39769744873047,47.7231388804917,47.32259533499809,47.7231388804917,3479000
2017-11-27,46.65501022338867,47.497819777052406,46.52149574409829,47.42272086673558,10580300
2017-11-28,47.28086853027344,47.330937662815764,46.655018698060196,46.755153779908,9734400
2017-11-29,47.990169525146484,48.132030492851705,47.31425366205535,47.32259692686754,10017900
2017-11-30,48.24885559082031,48.51588463174337,47.956793572072364,48.09865135739644,11509200
2017-12-01,47.831626892089844,48.15706836789451,47.113985082244895,47.981831139882395,12756400
2017-12-04,49.03324508666992,49.392065899353646,47.98181880564006,48.015198226177326,13302100
2017-12-05,49.517242431640625,49.800961170083454,49.15842158057361,49.44214031901643,11295600
2017-12-06,49.4671745300293,49.92613366487419,49.425451840471716,49.55062309238163,8458200
2017-12-07,49.35034942626953,49.46717422961615,49.03325125773075,49.333659713900424,6033800
2017-12-08,48.90808868408203,49.108358888535115,48.48250892895359,48.832986561602745,9950500
2017-12-11,49.291934967041016,49.5255845639812,48.64105212800078,48.72449750312598,10286600
2017-12-12,49.45883560180664,49.533937722889874,49.12504768960619,49.225185973208795,6042900
2017-12-13,49.642417907714844,49.976202627505764,49.4838672213196,49.60069203240829,7726300
2017-12-14,49.81764221191406,50.109704163935085,49.60067917620999,49.84267518401971,8945900
2017-12-15,48.641048431396484,49.5422705105586,48.53256690538844,49.442135431370986,22595000
2017-12-18,48.424102783203125,49.05829927354336,48.307277951624116,48.76623401135791,8751600
2017-12-19,48.40739440917969,48.88304318522492,48.34063875253751,48.507532668997996,7945700
2017-12-20,48.17375183105469,48.64105422835046,48.140372406268455,48.58264182659314,7188700
2017-12-21,48.0485954284668,48.52424120582047,47.97349329608264,48.34900077476549,5974500
2017-12-22,47.81492233276367,48.32394732744524,47.664718131603976,48.040228634503215,7148700
2017-12-26,47.68141555786133,48.048582857113445,47.606313445126766,47.789897094752824,5546200
2017-12-27,47.789894104003906,48.10699224717624,47.71479199596933,47.72313525986788,4812200
2017-12-28,48.240516662597656,48.3990641751369,47.81493690189291,47.956797883207,5044500
2017-12-29,47.92341613769531,48.374028856693,47.915069689248654,48.182101924506,5365600
2018-01-02,48.0903205871582,48.57430965586527,47.96514929903775,48.35734969745964,7216000
2018-01-03,48.99153518676758,49.20015184470807,48.23217067919369,48.340652232629274,7478400
2018-01-04,49.17510986328125,49.5756533912222,49.00821593082994,49.22517899798774,5775900
2018-01-05,49.742549896240234,49.809305562731005,49.291937210288175,49.44214143893886,6047700
2018-01-08,49.49221420288086,49.7926194989579,48.86636426538825,49.6340719940919,6335800
2018-01-09,49.38373565673828,49.625731744584904,49.116706588506695,49.40042537140746,5233400
2018-01-10,49.917789459228516,50.176475239284635,49.11670232408591,50.067993694972415,8656500
2018-01-11,50.067989349365234,50.0846790611368,49.60903341697679,49.667445816558754,5806300
2018-01-12,50.40178298950195,50.49357163990013,49.775933050972895,50.40178298950195,6989100
2018-01-16,50.53529357910156,50.985903080480256,50.318330501366304,50.34336666155862,8040700
2018-01-17,50.618743896484375,51.17783817451687,50.50191908164586,50.90246266819397,8433800
2018-01-18,50.97756576538086,51.26962780806748,50.685503722694236,51.26128454252109,9170900
2018-01-19,51.11941146850586,51.286305389087694,50.860728915678955,51.077688784169595,8361900
2018-01-22,51.24458312988281,51.294652261443765,50.71052512617976,50.93583144334888,11945800
2018-01-23,51.47823715209961,51.66182080042544,51.019281214522096,51.1694854389274,10806800
2018-01-24,50.76059341430664,51.686848458517844,50.25991165672673,51.328027646385095,11911900
2018-01-25,50.52694320678711,51.069347675758706,50.401775148496135,50.92748672314465,16225600
2018-01-26,48.390716552734375,48.54091760290036,47.189082685508424,48.3489906787156,51851700
2018-01-29,47.581275939941406,48.69111463001214,47.489484123864926,48.02354212659702,18899900
2018-01-30,47.723140716552734,48.01520591818737,47.34763331668104,47.531213792572,14341200
2018-01-31,47.406044006347656,47.94010206824331,47.31425218010237,47.75651841575275,13118400
2018-02-01,46.73012161254883,47.080595996689226,46.63832979292056,46.96377120197576,14690100
2018-02-02,46.5382080078125,46.99716405386537,46.479795593764194,46.64668956957556,15358900
2018-02-05,45.63697814941406,46.94709048377948,45.53684304665501,46.33793023520249,16060000
2018-02-06,46.404685974121094,46.78019656328,44.69403016043864,44.80250852145553,17415100
2018-02-07,45.69153594970703,46.505359790913325,45.67475571374886,46.21171366290216,13927000
2018-02-08,45.11263656616211,45.968409479620725,45.09585632858413,45.72510083549461,17736700
2018-02-09,45.79221725463867,46.19493331515201,45.01195388723697,45.47339917321042,19382000
2018-02-12,46.46341323852539,46.75705938193987,45.767047811995454,46.027136682236076,10969000
2018-02-13,46.70671844482422,46.74867063696812,46.16137515248554,46.35434307443642,10416400
2018-02-14,46.97520446777344,47.57088853930762,46.38790891533689,46.53892786312067,14190300
2018-02-15,47.47020721435547,47.67995538366492,46.89969193779353,47.285627801202175,10294900
2018-02-16,47.38630676269531,47.86453234011205,47.26884829813725,47.52893718430376,10151300
2018-02-20,46.95840835571289,47.436633795205765,46.84094992503074,47.226885683129865,9450900
2018-02-21,47.06749725341797,47.604455361832464,46.866140763203276,46.92487000622454,7851000
2018-02-22,46.480201721191406,47.10105459183964,46.36274004248438,46.941647114349635,10172400
2018-02-23,47.101051330566406,47.109443050144755,45.976800944812986,46.6899466853189,11394400
2018-02-26,47.9652214050293,48.116240379443376,47.252078737354665,47.33597674513856,8713800
2018-02-27,47.4618034362793,48.359525116791744,47.45341491985961,48.06587903456889,8821400
2018-02-28,47.90647506713867,48.5944487271198,47.679949886842316,47.68833840442627,11541100
2018-03-01,47.126216888427734,48.29241939188128,46.84096245219805,47.82258234299705,11127600
2018-03-02,47.76384735107422,47.99037572943735,46.71510663670934,46.748667107689656,11555100
2018-03-05,47.81419372558594,48.17495762963106,47.554104845410755,47.67995502625428,7835400
2018-03-06,47.847747802734375,48.03232720217,47.436643213722284,48.03232720217,8046800
2018-03-07,47.847747802734375,47.96520625673784,47.50376095865161,47.50376095865161,7044100
2018-03-08,48.216915130615234,48.49378107824019,47.931657463075446,48.0658961771822,7434700
2018-03-09,49.047515869140625,49.19014630227571,48.3847108221379,48.3847108221379,9539600
2018-03-12,49.83616256713867,50.07107947497006,49.064287697759646,49.22369514228769,10550300
2018-03-13,49.542510986328125,50.92685001731002,49.4082723021513,50.08785744107922,10411400
2018-03-14,49.35793685913086,50.10463977110908,49.2572554414126,49.73548097381445,6488500
2018-03-15,49.81098175048828,50.39827711608377,49.349536534842635,49.441826218072215,7377000
2018-03-16,49.500572204589844,50.045918771790895,49.450231487454815,49.81939034543831,13030900
2018-03-19,48.91328048706055,49.37472589532928,48.49378407945196,49.24887889334886,9350600
2018-03-20,49.21529006958008,49.48376735979347,49.03910244797162,49.03910244797162,5888400
2018-03-21,49.055904388427734,49.96201484377286,48.988783435919046,49.29082132120181,6569100
2018-03-22,48.468597412109375,49.26564093219336,48.45181717794417,48.68673405525222,6846500
2018-03-23,47.24367141723633,48.60283844560973,47.24367141723633,48.47698828350924,9476800
2018-03-26,48.493778228759766,48.66157741165923,47.445037336267106,47.78902422098457,8444900
2018-03-27,48.20851516723633,49.081068259978856,47.94003778493137,48.74546993184624,7562900
2018-03-28,48.57767868041992,48.745474660259944,48.007163387554996,48.24208031973355,9301900
2018-03-29,48.56928253173828,48.77903068791301,47.6799523978793,48.04071628203718,12015200
2018-04-02,47.184940338134766,48.43503739019144,46.463406264892825,48.25884973058653,16778300
2018-04-03,48.66157531738281,48.703524311176494,47.36113730676027,47.445035294347626,10908200
2018-04-04,49.35793685913086,49.47539531263267,47.99876652445979,48.03232699703254,7893100
2018-04-05,49.6180305480957,49.72710050135234,49.383113603084475,49.500572075590085,6305100
2018-04-06,48.94683074951172,49.6180242214645,48.737082589495046,49.31598635896002,8264500
2018-04-09,49.24886703491211,49.81099054951443,49.013946926874326,49.114628344820304,8023800
2018-04-10,49.84455490112305,49.91167585164379,49.39149808661723,49.5928577376764,6545000
2018-04-11,49.85294723510742,50.09625589861178,49.500571819414205,49.65997928834638,5508000
2018-04-12,49.86133575439453,50.440239557519895,49.85294403522428,50.05430368876965,6088200
2018-04-13,49.7019157409668,49.96200136049055,49.4669956710876,49.500556138284956,6689800
2018-04-16,49.86133575439453,50.07947244527415,49.36632993995292,49.60963858784016,6119200
2018-04-17,50.196929931640625,50.33955714063105,49.836162849425875,50.12980898587842,6139600
2018-04-18,49.92006301879883,50.19693213144704,49.86972230727106,50.11303094556744,5914200
2018-04-19,49.68514633178711,49.911674733967345,49.2740385203112,49.85294230332536,6280100
2018-04-20,48.66157531738281,49.65158693332843,48.49377614170502,49.52573675144432,12037600
2018-04-23,48.79581832885742,49.274043941462615,48.40149071125184,48.66996813585464,8444400
2018-04-24,48.50217056274414,49.21531309847396,48.36793185482429,49.06429415200123,7793600
2018-04-25,48.41825866699219,48.88809564110454,48.06588333678483,48.88809564110454,8367400
2018-04-26,49.81938171386719,50.49057515686163,48.5357208536061,48.75386072289354,14516600
2018-04-27,48.96360778808594,49.48378229480884,48.242073652678485,48.72029917023873,11975200
2018-04-30,48.300804138183594,49.08945603673335,48.20851443931551,48.988777820014896,7854600
2018-05-01,48.7706413269043,48.87131954398718,48.191734377546425,48.384702293831445,7257500
2018-05-02,47.57087707519531,48.737076179424996,47.4282466808817,48.711907427694214,7299100
2018-05-03,47.09265899658203,47.461814615542835,46.59765319816711,47.419865622559136,7152400
2018-05-04,48.393104553222656,48.6028527514594,47.394704281797,47.436653281343645,9279200
2018-05-07,48.200130462646484,49.53412896173445,48.04911152308912,49.49217996752477,10630600
2018-05-08,48.38471603393555,48.418276515994485,47.82259236171507,48.20013978361882,7234000
2018-05-09,48.10639190673828,48.595550592435735,47.89554692455648,48.43530956418364,7015300
2018-05-10,48.6208610534668,48.66302941241834,48.08953072240659,48.22447140139526,6565800
2018-05-11,48.300357818603516,48.79795199103664,48.131681228124116,48.679879342872574,5843400
2018-05-14,48.18230056762695,48.502782652989204,48.06422788173145,48.37627758263233,5871800
2018-05-15,47.769046783447266,48.1570008445932,47.52446579032671,48.07266412425353,7415800
2018-05-16,48.19916915893555,48.350977819061285,47.89555183868408,47.92928781143189,4843900
2018-05-17,48.24132537841797,48.36783041853363,48.055780792228646,48.24132537841797,6110100
2018-05-18,48.20759963989258,48.40157664967365,47.95458628875376,48.300371952665984,7786000
2018-05-21,48.359397888183594,48.76421980634511,48.291925959870696,48.41000183441826,5379300
2018-05-22,48.03892517089844,48.595555855453306,47.99675681334296,48.49435115387227,5355600
2018-05-23,48.48591232299805,48.55338104266887,47.87024215903223,47.90397812748716,5339900
2018-05-24,48.64616394042969,48.696767904131534,48.17386993093163,48.443751302862026,5681600
2018-05-25,48.84856033325195,49.236517517021696,48.56181426713347,48.64615096690492,6783800
2018-05-29,48.266639709472656,48.81483802698357,48.081095069593964,48.663029361126384,6475900
2018-05-30,48.477481842041016,48.629290498881886,48.19916811599233,48.43531348563841,5762400
2018-05-31,47.794342041015625,48.4690486004826,47.6931373439913,48.22446763353779,9433000
2018-06-01,47.99675750732422,48.097962210368564,47.74374414109361,47.937721162445065,4967700
2018-06-04,48.131683349609375,48.241323620839324,47.90397042501111,48.15698371326301,7484100
2018-06-05,46.95939254760742,47.8196404217514,46.622039304603874,47.811204821194885,18278800
2018-06-06,48.216026306152344,48.22446190662553,46.90878813259537,47.09433273613831,13709800
2018-06-07,48.19072723388672,48.86543051411613,48.148558882104695,48.3172355064718,7919800
2018-06-08,47.735294342041016,48.123251486600104,47.66782563249066,48.005175614719526,8433500
2018-06-11,47.634098052978516,47.853378636398574,47.45698903984324,47.743738344688545,7181700
2018-06-12,47.634098052978516,47.98831929648818,47.48228940822282,47.73530274373594,8249700
2018-06-13,47.406394958496094,47.819652625780776,47.381094584847574,47.659408346700694,8283200
2018-06-14,48.08953094482422,48.13169930397079,47.49073188011997,47.61723695755969,11049700
2018-06-15,48.165428161621094,48.24976486745328,47.61722992199457,48.10639182409074,12408300
2018-06-18,48.258201599121094,48.34253830692938,47.3220493431489,47.87867997950545,9676900
2018-06-19,48.435302734375,48.49433906368213,47.51601861300001,47.777467512244904,9965500
2018-06-20,44.041290283203125,46.394317271609964,43.50152777378739,46.24251188092033,62091100
2018-06-21,42.691898345947266,44.38709409240622,42.472620942801754,44.1003447392223,30723000
2018-06-22,43.21478271484375,43.61960463602812,42.86056152303327,43.01237014563224,24429600
2018-06-25,42.725616455078125,43.38345160667791,42.34609493790967,43.147306314767896,15578600
2018-06-26,42.48948287963867,42.70032786762405,42.26176990654577,42.599119956978846,12930600
2018-06-27,42.03406524658203,42.61599637030478,42.03406524658203,42.60756398470293,14576900
2018-06-28,40.93766403198242,41.730440036204286,39.950907805783196,41.70513966691995,33210100
2018-06-29,41.19911575317383,41.5449014583927,40.549715920663004,40.549715920663004,17413000
2018-07-02,41.376224517822266,41.40995727317658,40.94609891035074,41.02200324006692,9870900
2018-07-03,41.13163375854492,41.57862402874994,41.123198158783325,41.45211898747388,7517500
2018-07-05,40.996700286865234,41.35091832506902,40.81959126776335,41.25814601489967,9630500
2018-07-06,41.308746337890625,41.485855341417455,40.971396314587935,41.24127762012566,10712000
2018-07-09,42.084651947021484,42.21115698259057,41.5027178447927,41.5027178447927,12811700
2018-07-10,42.52320861816406,42.59911293000751,42.13525467640365,42.236462570354014,9038000
2018-07-11,42.287071228027344,42.57382054683553,42.18586653234189,42.35454316997716,9542400
2018-07-12,42.379844665527344,42.725630334108736,42.33767630930802,42.472616979553464,9339200
2018-07-13,43.535274505615234,43.560578093225516,42.38827719595648,42.38827719595648,21718400
2018-07-16,42.961769104003906,43.476231335682975,42.75092413805274,43.476231335682975,16974900
2018-07-17,43.24851989746094,43.26538788139505,42.675021312657,42.72562526445934,11421300
2018-07-18,43.138877868652344,43.53526418520039,43.01236961230893,43.299118871747204,13549500
2018-07-19,43.299129486083984,43.4256377734396,43.01238015635206,43.105152471447596,11415600
2018-07-20,42.93647003173828,43.21478693945713,42.8015293781519,43.06297830201757,11024100
2018-07-23,43.172630310058594,43.24010226881832,42.809976574825235,42.809976574825235,8406800
2018-07-24,43.155757904052734,43.61961952995671,43.06298879611168,43.26539821719729,9921500
2018-07-25,43.535274505615234,43.61961443558389,43.02081219314423,43.02081219314423,11368000
2018-07-26,43.39189147949219,43.720809087689446,43.29911918646452,43.58586844798702,11114800
2018-07-27,43.982261657714844,44.36178002672083,42.34610264529002,43.4340634534457,15770300
2018-07-30,43.77143096923828,44.572639536067236,43.653355046033646,44.024444370196896,14448400
2018-07-31,44.184669494628906,44.437682804279376,43.72924360691479,43.881052236152826,9228200
2018-08-01,43.79671859741211,44.0581675254123,43.22322000629098,44.0581675254123,11952400
2018-08-02,43.58587646484375,44.150939492144026,43.37503147545006,43.940094502750334,13636400
2018-08-03,44.04973220825195,44.235276817526255,43.501537198401834,43.602741886533714,8246100
2018-08-06,43.914791107177734,44.08346773051628,43.687078148256546,43.94009147464487,6505800
2018-08-07,43.914791107177734,44.03286377834302,43.687078148256546,43.92322670782611,5869400
2018-08-08,43.778907775878906,44.10162420579094,43.61755118074134,44.01670036406315,7257200
2018-08-09,44.0931282043457,44.178055282487115,43.583578694044355,43.76192069868615,7175400
2018-08-10,43.74493408203125,43.846846573002914,43.48166824611284,43.812875742679026,10539300
2018-08-13,43.99972152709961,44.12710730873938,43.710975886557115,43.83836166819689,7911300
2018-08-14,44.6621208190918,44.78950979517877,43.98272050577917,44.03367350450497,9385400
2018-08-15,44.798011779785156,44.95936838106387,44.41584799819134,44.42434232646955,9566000
2018-08-16,45.04430389404297,45.31606413632915,44.942391373457426,44.9933476337502,8721200
2018-08-17,45.48591232299805,45.528374250833004,44.96786838035426,44.96786838035426,8166900
2018-08-20,45.79163360595703,45.99545536594173,45.60480050224444,45.61329159074352,9791200
2018-08-21,45.85957336425781,46.233242795771396,45.81711144425531,46.003944540193686,7990000
2018-08-22,44.85746383666992,45.55384980541619,44.721583726661805,45.47741704105929,10369600
2018-08-23,44.721580505371094,45.17168272992016,44.63665665759709,44.806504353145094,8567600
2018-08-24,44.798011779785156,44.94238296414448,44.51775726007068,44.857459119184526,9849800
2018-08-27,44.98484802246094,45.16319004024753,44.848967927056336,45.001833439341134,6443200
2018-08-28,45.05278778076172,45.40947506650496,44.99334043974403,45.027311274507596,7171900
2018-08-29,45.2226448059082,45.38400143331235,44.77254252339726,45.069779268520044,6604900
2018-08-30,45.095252990722656,45.35852211987042,44.98485262915128,45.112238409342254,5576400
2018-08-31,45.39249038696289,45.61329433724095,44.54323894189207,44.55173003090243,10892800
2018-09-04,45.460418701171875,45.596298772558896,45.188658558397826,45.3839859585394,8235200
2018-09-05,45.681236267089844,45.842592876299534,45.2566105421449,45.40947606229606,7966300
2018-09-06,46.03791809082031,46.15681276970338,45.562339375288055,45.57083046393526,7803400
2018-09-07,46.589927673339844,46.67485150901087,45.99545110473262,46.0294219348557,10231700
2018-09-10,46.683349609375,46.80224428477835,46.34364775996235,46.657869864905045,8621000
2018-09-11,46.810733795166016,47.04852637759355,46.513497116677634,46.564453364262846,7873900
2018-09-12,46.683349609375,46.87867703891435,46.139829242024305,46.87867703891435,7297300
2018-09-13,46.61540985107422,47.19290107492369,46.48802408205973,46.81073728860609,8566600
2018-09-14,46.49651336669922,46.7088262131225,46.37761869104409,46.7088262131225,6827700
2018-09-17,46.343658447265625,46.5899421829034,46.09737471162785,46.45406205973043,9277200
2018-09-18,46.76826858520508,46.94661057975184,45.94449379186539,46.26721019126185,7569600
2018-09-19,47.074005126953125,47.379736147773876,46.62390292387646,46.89566311135335,7451600
2018-09-20,47.92326354980469,48.17803835796775,47.21838323292817,47.21838323292817,10582600
2018-09-21,48.789493560791016,48.89140282165687,47.999689499897464,48.025166005204674,25800500
2018-09-24,48.14406204223633,48.71306218071424,48.05064710692651,48.35637489815671,10616000
2018-09-25,48.32241439819336,48.653621983716235,48.26296704897836,48.39035283745155,9445500
2018-09-26,48.63663101196289,49.12070408010513,48.19501986846455,48.21200528624955,7757300
2018-09-27,48.696083068847656,49.078246906915865,48.49226127533211,48.49226127533211,6606200
2018-09-28,48.271453857421875,48.73854151966877,48.220497602769804,48.73854151966877,8975900
2018-10-01,47.2014045715332,48.36487833396712,47.15893940064303,48.33090749311006,12726900
2018-10-02,47.20989227294922,47.56657635743058,46.95511746408576,47.17592143453077,12680800
2018-10-03,47.107975006103516,47.651495370048046,47.09948067812112,47.388226276421264,7383500
2018-10-04,47.46466064453125,47.62602048531612,47.13345311396424,47.37124247136886,9722000
2018-10-05,47.3542594909668,47.51561934005406,46.97209892965676,47.51561934005406,9734000
2018-10-08,48.01667404174805,48.19501605492301,47.09098990335436,47.40521200842027,9623900
2018-10-09,49.01029586791992,50.700307522513,48.245971577411815,48.262956993596916,24855700
2018-10-10,47.566566467285156,49.14617448929548,47.50711913223202,48.97632357215647,14190500
2018-10-11,46.589927673339844,47.78737189826672,46.46253868019663,47.30329890774117,15316900
2018-10-12,47.94023895263672,48.22049021117093,46.94661319687396,47.3117915334767,13980500
2018-10-15,48.19501876831055,48.5686882321391,47.821349304482,47.872302317036684,10175100
2018-10-16,49.0952262878418,49.26507398197045,48.21200402396951,48.3563752119063,11731400
2018-10-17,50.190765380859375,50.44554343793346,49.06975359242863,49.171666111113296,14631000
2018-10-18,49.80011749267578,50.55595096188155,49.383985987886064,50.10584861272262,12184700
2018-10-19,49.81708526611328,50.165278198447965,49.587787007311874,49.587787007311874,10180500
2018-10-22,50.02090835571289,50.41156321907497,49.74914816905779,50.046384860825256,8680200
2018-10-23,49.944480895996094,50.360612308589985,49.434928062265804,49.562317080607706,12834200
2018-10-24,49.30753707885742,50.3436215760999,49.21411890721918,49.740653864154666,12189700
2018-10-25,50.07186508178711,50.50498513866107,49.00180967237813,49.502868161139105,9569600
2018-10-26,49.3160285949707,49.56231227876395,48.73853738314232,49.290552089625535,13367600
2018-10-29,49.57081985473633,50.68334072629992,49.001822781864206,49.83408904286947,14412800
2018-10-30,49.75764083862305,49.99543019959289,48.9933132645956,49.62176074097784,14230100
2018-10-31,49.48588180541992,50.20774423367977,49.434925552742456,50.08884955040282,11560400
2018-11-01,49.79161071777344,50.16528016922025,49.31602876531994,49.51135619946057,18772400
2018-11-02,54.62385177612305,55.77883424048488,52.56866486837816,52.64509762674437,45573000
2018-11-05,54.75973129272461,55.31173950085645,54.199222277406186,54.292640446625924,23242600
2018-11-06,56.05909729003906,56.118544640068315,54.56441273023555,54.60687789994582,16065400
2018-11-07,57.88498306274414,57.92744174850154,56.08456762134811,56.296880487958624,16465000
2018-11-08,58.36054229736328,58.581349419006806,57.4348551392281,57.56224411245599,14081700
2018-11-09,58.25864028930664,58.56437128827036,57.817032445955434,58.16522212410809,8637200
2018-11-12,57.67267990112305,58.54740802207115,57.579261705752316,58.122782217395326,12789600
2018-11-13,57.248050689697266,57.98689539912924,56.98477830055782,57.698152979184606,16637000
2018-11-14,57.2394905090332,58.01645513562191,56.97481118220401,57.46148319408469,13350500
2018-11-15,57.73471450805664,57.8542475524865,56.658910594125494,56.95774320520015,15246500
2018-11-16,58.19578170776367,58.51168772178802,57.282197357407206,57.46150346393216,9287900
2018-11-19,57.982330322265625,58.46046258071169,57.40173835955391,58.14455004477356,10855400
2018-11-20,57.35903549194336,57.95670071397496,57.0004363587244,57.53833505855284,11208900
2018-11-21,57.00897216796875,58.04208947427422,56.991898809793824,57.60664392909331,10978100
2018-11-23,56.09539031982422,56.55644912555646,55.71971784090555,56.55644912555646,7779800
2018-11-26,56.086856842041016,56.45399589915919,55.67702462155896,56.33446285861486,13066800
2018-11-27,56.41984558105469,56.82113788674763,55.76240731009233,55.89048029272704,13169100
2018-11-28,57.051658630371094,57.19680495702107,55.90755485927807,56.505220036108476,12867600
2018-11-29,57.102882385253906,57.44440811827146,56.45399065798827,56.93212277577591,9605500
2018-11-30,56.966285705566406,57.529797724095985,56.90651918066081,57.08581875537761,27308900
2018-12-03,57.63225555419922,58.11038773800074,56.91505727849694,57.52126244412028,13834300
2018-12-04,56.90652847290039,58.18724551348751,56.735762292383875,57.6066535278588,13555100
2018-12-06,56.82113265991211,56.92358582534548,56.00146825207385,56.46252703870966,17222200
2018-12-07,55.899024963378906,56.8979825872303,55.668492272297485,56.49669024754734,11057500
2018-12-10,55.91608428955078,56.18077014673784,55.02812000873335,55.89901093460068,12148300
2018-12-11,56.28323745727539,57.13704872882652,55.941711645842325,56.539383444365946,10903100
2018-12-12,56.462528228759766,57.1455797450009,56.351535125846944,56.351535125846944,11115800
2018-12-13,57.12850570678711,57.39318507199304,56.46252755507029,56.599140462313315,10016200
2018-12-14,55.788028717041016,56.214934378533144,54.2853254787144,55.019603737605934,16834000
2018-12-17,55.045204162597656,56.03562167833499,54.71221834562837,55.49772301570659,15143100
2018-12-18,55.42941665649414,55.83924886256951,55.11351070933001,55.30134368496672,10523500
2018-12-19,54.69514465332031,56.26616068499114,54.3706987348741,55.63434220630634,14390100
2018-12-20,53.064361572265625,54.47314794378479,52.46669314630406,54.31092500607945,20264600
2018-12-21,52.415470123291016,53.9694062786405,52.40693344420945,53.200978137078636,23524900
2018-12-24,51.70680618286133,52.78260683551755,51.58726988187182,52.49231090431965,6323300
2018-12-26,53.85841751098633,53.98648724973094,51.800729183954736,52.03979855893486,16646200
2018-12-27,53.96086502075195,53.995018248242786,52.611841848143406,53.46565299322799,11308100
2018-12-28,54.12308883666992,54.74637384879813,53.935249339478894,54.05478563762024,7711900
2018-12-31,54.985443115234375,55.164742687283024,54.35362138802272,54.44754114205714,7689800
2019-01-02,54.91713333129883,54.95982649475319,53.96940242635908,54.37069471220627,10094000
2019-01-03,52.535003662109375,54.404852330431105,52.42401054785833,54.182859587866325,14390100
2019-01-04,54.27677917480469,54.857371066892284,53.004602276724036,53.27782160746745,12694400
2019-01-07,54.27677917480469,54.848831130726424,53.56811755351125,54.08893966353184,10337600
2019-01-08,54.31947708129883,54.891532378468256,53.83280487320116,54.592696452264825,10809700
2019-01-09,54.54145812988281,54.67806778599584,53.7474134859036,54.345081952784774,13080300
2019-01-10,54.80613708496094,54.97689670086749,53.995015881281226,54.31092507914543,10397600
2019-01-11,54.413387298583984,54.50730705155956,52.65453505685109,53.183900345071365,13805700
2019-01-14,54.10601806640625,54.6951466570922,53.77303219962587,54.08894145054168,9929600
2019-01-15,54.712223052978516,55.18181530276952,54.17432108703895,54.28531745458897,7930400
2019-01-16,54.44754409790039,55.3440452638441,54.430467481964236,54.81467994091764,8091300
2019-01-17,54.88298416137695,54.976903916671205,54.30239227140458,54.37069873235724,6767100
2019-01-18,55.2415771484375,55.3354968932556,54.524378930621346,55.3354968932556,9835200
2019-01-22,55.83070373535156,56.53082853198915,55.284265187442294,55.412338147059444,16414300
2019-01-23,56.71867752075195,56.949203675492555,56.18931223874356,56.24907876138464,12372400
2019-01-24,55.275733947753906,57.00043617855771,53.7303377970552,56.87236319879508,29719800
2019-01-25,57.28218460083008,57.794476481278366,56.43691342058936,57.230958018409986,21885800
2019-01-28,57.11996078491211,57.17118736362511,56.27468966584064,56.51375571858317,11537700
2019-01-29,57.2394905090332,57.63224278931753,56.52228587812108,57.20533728717444,10703400
2019-01-30,58.1872444152832,58.238471011439465,57.24805323939134,57.2992798355476,11702500
2019-01-31,58.178707122802734,59.33135118716493,57.27366914122506,58.21286035981411,24233300
2019-02-01,58.15308380126953,59.186194615074214,58.05916404419067,58.56290954664749,10309200
2019-02-04,57.7005729675293,58.15309194368991,57.27366728978326,58.08478547187526,13562400
2019-02-05,59.20326614379883,59.263039181967756,57.751789693180235,57.854249383389366,12781600
2019-02-06,59.0916862487793,59.55515125069051,58.791294084964086,59.417831924971296,10283400
2019-02-07,59.34060287475586,59.40068132613837,58.77414984001502,58.877137729207845,10109200
2019-02-08,59.86412811279297,59.92420654575087,58.87711967300627,59.023023503324296,8862000
2019-02-11,60.070106506347656,60.48207755441839,59.94994964817237,60.07869100994808,9229700
2019-02-12,59.86412811279297,60.473496946525394,59.8297966442373,60.28467714349826,8848900
2019-02-13,60.51641845703125,60.59365935730617,59.907049567536085,59.915627524416394,10264000
2019-02-14,60.799625396728516,61.40041616884129,60.05293736798153,60.19025667002703,9441100
2019-02-15,60.688072204589844,61.25453169292243,60.241776147042756,61.065711863478235,13924600
2019-02-19,60.250343322753906,60.59365144684968,59.88987273907938,60.47349458562483,9208400
2019-02-20,60.413414001464844,60.59364928687729,60.121606362623055,60.27609468555624,9671800
2019-02-21,60.67947769165039,60.87688199389207,60.1988502400121,60.1988502400121,10933500
2019-02-22,61.19443893432617,61.27167982026783,60.72238947115778,60.73097397450379,11311600
2019-02-25,60.97987365722656,61.855303125958244,60.91979522847103,61.7093993058459,12071200
2019-02-26,61.05712890625,61.32318964645343,60.868309072018214,60.936972020476894,12302300
2019-02-27,60.207435607910156,61.04853366034666,60.01003130283578,60.79105747101342,13274800
2019-02-28,60.301841735839844,60.499239480506695,59.88987069139897,60.19884733771522,18956700
2019-03-01,60.8082160949707,61.031367350095024,60.46490798279274,60.61939630586994,8067700
2019-03-04,60.89403533935547,61.237343416879916,60.39624550240482,60.92836680191361,9219700
2019-03-05,61.43476104736328,61.70082175496738,60.988458485124646,61.10003739971349,10496100
2019-03-06,61.168701171875,61.94972747599642,61.074297802995105,61.63216625101422,7666100
2019-03-07,60.60226821899414,61.245968838897305,60.47352678540125,61.10864289691519,7814700
2019-03-08,59.529415130615234,60.310434898810136,59.24618537539828,60.20744702277434,12363900
2019-03-11,59.80405044555664,60.087280153723775,59.34058543620811,59.5465677021214,11518300
2019-03-12,60.12162780761719,60.57650843515741,59.81265105154082,59.85556048829258,12751700
2019-03-13,60.164527893066406,60.85114425497389,60.061540022421525,60.15594338782636,13798600
2019-03-14,60.71382522583008,60.84256662674669,60.241782153215375,60.241782153215375,9249200
2019-03-15,60.65374755859375,61.117212679018756,60.542175168662816,60.76532649658443,13096900
2019-03-18,60.799625396728516,61.039945634407786,60.456323867586285,60.74813147696857,5682400
2019-03-19,61.26312255859375,61.537767855274396,60.825410914173595,60.89406732729847,7810700
2019-03-20,61.47766876220703,62.13853808264496,61.228770522514914,61.62357914275633,9512400
2019-03-21,62.01838302612305,62.17287136740713,61.21160984963301,61.21160984963301,8044400
2019-03-22,61.760921478271484,62.147145738108655,61.52919216081768,61.83816894946317,8022800
2019-03-25,62.05271530151367,62.20720364480271,61.5635033057748,61.795232546679124,6453800
2019-03-26,62.619178771972656,62.816583123764154,62.07847275315875,62.4131964621473,7624000
2019-03-27,62.430335998535156,62.87663847865359,62.32734815547487,62.60199331706423,7662700
2019-03-28,63.47743606567383,63.49460507516407,62.55909049970215,62.627753441546034,6709600
2019-03-29,63.80357360839844,63.92373702762432,63.10837934692094,63.520350439536955,9099500
2019-04-01,63.47743606567383,64.30995622836993,63.28003829294584,64.16405238799558,8108400
2019-04-02,63.74348068237305,63.89796898847781,63.37442564823705,63.52033599982152,5520900
2019-04-03,63.79499435424805,64.18121192542192,63.400192278720155,63.992392117982874,6755600
2019-04-04,63.81214904785156,64.08679422122702,63.4945944540453,63.94089040525888,5449800
2019-04-05,64.39579010009766,64.43870608140844,63.81216811379176,63.81216811379176,5346200
2019-04-08,64.54169464111328,64.62752660464109,63.91516321494087,63.91516321494087,5140400
2019-04-09,64.47303771972656,64.56744764040128,64.19839246359814,64.25847090874937,4905800
2019-04-10,64.7820053100586,65.07381298874238,64.55026951998995,64.55026951998995,6066300
2019-04-11,65.11673736572266,65.28838819320623,64.92791752665511,65.0137429403969,6042600
2019-04-12,65.78617858886719,66.04365480593903,65.28838206857944,65.31412903548075,5194800
2019-04-15,65.36564636230469,65.82910498208068,65.29698340083401,65.80335800854428,7632200
2019-04-16,64.97080993652344,65.70892008781775,64.67900229664588,65.64026370364854,8336600
2019-04-17,64.47303771972656,65.1939790615414,64.19839246359814,64.89358683578521,9439000
2019-04-18,65.27980041503906,65.45145778197707,64.55027461271483,64.78201042106637,6607800
2019-04-22,64.71334075927734,65.27979364124695,64.55026791462234,64.97940146534955,4883100
2019-04-23,65.2197036743164,65.27978209887318,64.72191382001333,64.7819922445701,5273900
2019-04-24,65.5630111694336,65.98356013751847,65.15104670422392,65.27120355224817,9347300
2019-04-25,66.18096923828125,66.283963636118,65.1853763700321,65.32270223381443,11084500
2019-04-26,66.47280883789062,66.53288729516765,64.42155023478256,66.04367512932306,12550500
2019-04-29,66.00933074951172,66.66160907977867,65.73467897079873,66.34405441974468,5426800
2019-04-30,66.67019653320312,66.76460644929607,65.82051383642579,66.08657457374638,7384400
2019-05-01,66.5328598022461,67.07357224236517,66.40412498132063,66.66160117122959,6678000
2019-05-02,66.4899673461914,66.73886564359617,65.87201385581538,66.65304022505723,6247500
2019-05-03,66.98775482177734,67.28814701980035,66.37837937256934,66.59294616373703,4967900
2019-05-06,66.99634552001953,67.01351453349103,66.10374671324266,66.25823509418596,5607500
2019-05-07,66.9105224609375,67.57996995265819,66.44705730173234,66.57579871507716,8115800
2019-05-08,67.29852294921875,67.80724659474068,66.49663128447213,66.89326495176967,7799900
2019-05-09,67.16920471191406,67.45374848741136,66.69496508608523,66.89328526918777,7326600
2019-05-10,67.6175537109375,67.94521248642786,66.5311248888159,66.9363763252625,6448600
2019-05-13,66.11722564697266,67.06569783053212,65.5998777812525,66.60870710617206,9778500
2019-05-14,66.44486999511719,67.03119926199382,66.11721792008747,66.17757505439384,6870900
2019-05-15,67.0484848022461,67.20368988705093,65.98791562634005,66.1258786254723,5415500
2019-05-16,68.03143310546875,68.32459454615292,66.88464059786823,66.96224641233172,6941800
2019-05-17,68.0400619506836,68.67812427684756,67.57444676831415,67.70377883694162,7379900
2019-05-20,66.09998321533203,67.61753606953876,66.02237741774971,67.51407044400898,11475000
2019-05-21,66.85013580322266,67.12605510404562,66.17758291861887,66.43626014120574,5808500
2019-05-22,66.60871887207031,67.01397685497444,66.31555744180378,66.56560380129645,5602300
2019-05-23,65.88443756103516,66.34142839742384,65.26361733860651,66.2896889932637,9213200
2019-05-24,65.66024780273438,66.44489079433373,65.5050427547293,66.24657725314945,5627600
2019-05-28,65.27222442626953,66.11723105283522,64.94457228615885,65.84131172999581,16205200
2019-05-29,64.91009521484375,65.09116669185205,64.09096140288665,64.95321029060442,10511600
2019-05-30,65.677490234375,65.90167676678529,65.21187508787811,65.22912374799078,7178400
2019-05-31,65.58264923095703,65.80683578692643,64.99631971580116,65.18601552635704,7625700
2019-06-03,65.7206039428711,65.98789896314541,65.22912239483716,65.63438037940546,8122200
2019-06-04,67.70378112792969,67.91072560161003,66.10000421674818,66.19484554413864,11685000
2019-06-05,68.94541931152344,68.95404364224275,67.82449972017614,67.93658970577981,7437100
2019-06-06,70.1870346069336,70.38534809324354,68.8936617575863,69.00575170295998,10457200
2019-06-07,71.1182861328125,71.85119631994475,70.28190371822154,70.35950295498822,11278800
2019-06-10,70.64404296875,71.44593459910604,70.16980350730003,71.43731026932437,8102800
2019-06-11,71.0234375,71.44593757881677,70.57506443075916,70.96308034588331,6226400
2019-06-12,71.50629425048828,72.14435652947918,70.98032194883312,71.21312623358779,6088800
2019-06-13,71.8684310913086,72.47200915576536,71.58388742856908,71.85118901103763,7156800
2019-06-14,72.6358413696289,72.95487581275083,71.90293116193243,72.03226980527572,9226500
2019-06-17,71.58386993408203,73.02382997613662,71.47177999362505,72.98933924558813,9313700
2019-06-18,71.4976806640625,72.52375900974417,71.47181424836252,72.04090170751155,10582600
2019-06-19,72.26506042480469,72.35990830674459,70.77337387872335,71.63562256658761,5401400
2019-06-20,73.02385711669922,73.1445714292674,72.28232258038797,72.78242849156284,5215800
2019-06-21,72.2737045288086,73.09283837503271,72.26508019760828,72.79967689859451,12610000
2019-06-24,72.12711334228516,72.91175632848221,72.09262260091747,72.49788058894248,6692500
2019-06-25,72.64447021484375,73.46360404286477,72.3944172430894,72.60135513823755,7312300
2019-06-26,71.894287109375,72.68756083433213,71.7218400178475,72.68756083433213,7576400
2019-06-27,72.04951477050781,72.33405848156043,71.74772897625668,72.04089701812703,6084200
2019-06-28,72.2823257446289,72.39441573165291,71.84257697048763,72.04951486131537,6735300
2019-07-01,72.90313720703125,73.25665578714356,72.45476415611303,72.96349435868146,7935100
2019-07-02,73.73088073730469,73.79985562673205,72.87724987398806,73.06694562139177,6205800
2019-07-03,75.69683074951172,75.72269716363003,74.13616236562898,74.18789519386559,7818600
2019-07-05,75.69683074951172,75.78305432271839,74.91218110292598,75.4467777823065,5733100
2019-07-08,75.39503479003906,75.8347769276424,75.1708482671748,75.5329911728844,6359500
2019-07-09,75.21397399902344,75.57611695606803,74.9208059539609,75.26570682761924,5355400
2019-07-10,76.20557403564453,76.34353705100747,75.37781567878282,75.37781567878282,5293000
2019-07-11,76.8005142211914,76.99021004399572,76.11071242525524,76.44699557014128,6191400
2019-07-12,77.40406799316406,77.44718306237273,76.61080071583784,76.98156794435013,5628000
2019-07-15,77.7403564453125,77.89555491696763,77.30923203710674,77.4903034991408,6061300
2019-07-16,77.67135620117188,78.0162569601197,77.24884964670424,77.79207048003839,5591900
2019-07-17,77.81796264648438,77.93005263441374,77.36959611632993,77.67138191339897,4635900
2019-07-18,78.89575958251953,78.93025032147611,77.55927140630472,77.8869301371742,6470200
2019-07-19,77.86106872558594,78.99061254056848,77.80071157314649,78.81816541315182,10804800
2019-07-22,78.39566040039062,78.61984693345043,77.64550814422478,78.05075955993777,5636600
2019-07-23,77.6972427368164,78.77505377624796,76.8867267300642,78.68020587850306,7609200
2019-07-24,78.16285705566406,78.2490806222051,77.32647464549947,77.51617043895162,5388100
2019-07-25,78.44741821289062,78.93889988788759,78.00766937364979,78.88716047369356,8106300
2019-07-26,85.45745086669922,85.98342298723949,82.09468034177361,83.12075817994796,20846500
2019-07-29,84.51763916015625,85.31091319354032,83.8192196159573,84.54351215453623,11184500
2019-07-30,83.33634185791016,84.7418049328582,83.2242453117517,84.06925196965072,7248300
2019-07-31,81.64634704589844,83.33635403010484,80.62026879253011,83.33635403010484,9912100
2019-08-01,82.24129486083984,84.13824632209746,81.55149971183083,81.91364265844332,8342300
2019-08-02,82.35338592529297,82.81037674337622,81.74119005781951,81.91363718894802,6381700
2019-08-05,80.79269409179688,82.36198633704977,80.21498908786221,81.49111995622944,8917400
2019-08-06,82.20679473876953,82.52582915254538,80.87893741933424,81.31867955644086,7438000
2019-08-07,82.41452026367188,82.82996467772995,81.50572487744375,81.87789740852946,6414000
2019-08-08,83.32331085205078,83.4444892957609,81.73941990949966,82.42317906763016,7423600
2019-08-09,83.34930419921875,83.81667764932372,82.58764488094319,83.21947530602435,5209200
2019-08-12,82.14623260498047,83.10695052812174,81.61826663623482,82.89922826933754,5513800
2019-08-13,83.6349105834961,83.66953205807415,81.54036089680648,81.8086690705726,8915600
2019-08-14,82.15486907958984,83.97245339308387,82.11159719317952,83.01173563298151,9989500
2019-08-15,82.68283081054688,83.3233114862724,81.8865568241454,82.65686635932923,5559400
2019-08-16,83.53971099853516,83.80802580078652,82.9598161026596,83.34064575529271,4852200
2019-08-19,83.66085052490234,84.30998807421399,83.28002104956155,84.15419479824445,5324900
2019-08-20,82.76936340332031,84.0589880993226,82.73474194134353,83.3925365121649,6809100
2019-08-21,83.36658477783203,83.65220693016411,82.85593299339259,83.32330629292002,4740500
2019-08-22,83.51373291015625,83.8253195562959,82.82997369242595,83.60028328889045,5146200
2019-08-23,81.96443176269531,84.04167323722018,81.69612368923417,83.44447118327862,8076600
2019-08-26,83.52236938476562,83.52236938476562,82.22409421298171,82.55298821262079,5802600
2019-08-27,83.16752624511719,84.04170027336043,83.11559733764338,83.69549214900334,6539800
2019-08-28,84.01573944091797,84.13691129916016,83.0896364652835,83.28870829146483,4948800
2019-08-29,84.56099700927734,84.88124063388793,84.00706673123781,84.69082586268,4514300
2019-08-30,83.57430267333984,84.94182084433884,83.18482274267134,84.94182084433884,5209500
2019-09-03,83.75607299804688,84.13690257209008,83.13290633602665,83.45314338386267,5150700
2019-09-04,83.18482971191406,83.37524448628075,80.51903607752018,81.77403954340524,12937000
2019-09-05,82.70880126953125,83.92052637354205,82.37125017244281,83.55701082334998,5514400
2019-09-06,82.86460876464844,83.38391772565527,82.66554352122547,82.87326578495387,3991800
2019-09-09,81.49706268310547,83.02902446898756,81.13354061913657,82.9165096654787,6523300
2019-09-10,78.19945526123047,81.2547290440285,77.29066642401634,81.19414312154755,12490900
2019-09-11,78.7447509765625,79.15153847867964,77.55899013751778,78.05233463487463,8406600
2019-09-12,79.67947387695312,80.7700268854385,79.42847321449551,79.76603083897713,6862200
2019-09-13,78.3119888305664,79.75740077907834,78.17350292721682,79.75740077907834,6972300
2019-09-16,77.39453125,78.28601273450128,77.35990977639003,77.91384014740774,6339200
2019-09-17,78.54563903808594,79.1601550910486,77.5935720067828,77.61087943497306,6493200
2019-09-18,78.72743225097656,79.07364040121713,77.9484655637781,78.74474629034276,4510700
2019-09-19,79.2467269897461,79.71410691840569,78.15618042624375,78.75338261005598,4843600
2019-09-20,77.95710754394531,79.69679837583817,77.94845052593233,79.29000437303722,10913800
2019-09-23,78.59760284423828,78.9005391007824,77.83595020149333,78.17350132979618,4532400
2019-09-24,77.8272705078125,79.42847529669547,77.47241204701409,79.28133902278806,5662600
2019-09-25,78.19945526123047,78.42449151760408,77.04831613072228,77.84459674480503,4764000
2019-09-26,77.72344970703125,78.89189664402572,77.46379189731141,78.62358181308258,5026400
2019-09-27,76.48574829101562,78.15619655349424,75.98374678960577,78.15619655349424,5987700
2019-09-30,76.5290298461914,76.65020172688273,75.8279630217099,76.52037942855077,6588300
2019-10-01,74.8758773803711,76.93580545934535,74.82394187017516,76.71076919081803,6719400
2019-10-02,72.98040008544922,74.44312606701472,72.84192078609112,74.39119055180555,9858200
2019-10-03,73.2833251953125,73.49105403651441,72.3658792584688,72.96308812102525,5989000
2019-10-04,74.36521911621094,74.40849760759471,73.35256581018896,73.48239468096963,5869000
2019-10-07,74.30460357666016,74.57291823023724,73.9930170523157,74.18343177312265,4382900
2019-10-08,73.49102783203125,74.7200599890745,73.30061309717723,73.99302251084721,6100400
2019-10-09,74.30460357666016,74.58156864236989,73.81125934700944,73.88915927977956,4427200
2019-10-10,74.39984130859375,74.49504870786282,73.89783985851513,74.3565694201619,3986000
2019-10-11,74.74605560302734,75.51636527643126,74.65950521564838,75.31729344242551,5611000
2019-10-14,74.97107696533203,75.88852277494362,74.78066218898925,74.86721255913507,4881000
2019-10-15,74.82393646240234,75.51635265242595,74.22673426696142,75.29997341846484,4695100
2019-10-16,75.0489730834961,75.15283749352113,74.47773533678391,74.89317977014365,3698700
2019-10-17,74.68547058105469,75.31729435964968,74.57295573642894,75.19612249516923,4359400
2019-10-18,74.46041870117188,75.08359193283081,74.01900322818513,74.7373838482014,4631200
2019-10-21,73.87186431884766,74.642173813064,73.63817766694697,74.4344516110001,4861200
2019-10-22,72.23604583740234,73.87187238953452,72.17545991337413,73.7680145788407,5767500
2019-10-23,71.61286163330078,73.05827977750029,71.08489583159432,72.97172281063474,7136200
2019-10-24,71.99369812011719,72.29662772333826,71.54363222438447,71.6648040656729,4591100
2019-10-25,72.16680145263672,72.33125178744312,71.51766373528979,72.01966515484696,5235300
2019-10-28,72.35723114013672,73.5516490121788,72.1495088767531,73.1102334245384,6653400
2019-10-29,72.8159408569336,73.24869934519074,72.39183938738533,72.53897568858385,5699100
2019-10-30,72.86788177490234,73.30929071126428,72.11487957222512,73.2313973472137,8731300
2019-10-31,73.18811798095703,75.49039645154637,72.08025723853272,75.04898091707796,14008800
2019-11-01,72.01966094970703,73.83724513147787,71.50035212682536,73.38717924587907,10658500
2019-11-04,71.29263305664062,72.2187359226137,70.88583903640912,72.09756407871967,8271200
2019-11-05,70.87718963623047,71.2666696615572,70.1328444560928,71.2666696615572,7054400
2019-11-06,71.82925415039062,72.15815483732322,70.97239416731439,71.0416371122866,6365300
2019-11-07,70.92910766601562,72.08890375152964,70.83390027827305,71.88983195805793,7221400
2019-11-08,70.77332305908203,71.52632523560052,70.49635787979433,71.13684522213589,7054800
2019-11-11,71.34456634521484,71.431116724263,70.42712044123722,70.75601452296848,5828200
2019-11-12,72.47535705566406,73.0494569265789,71.85776899343622,71.92735806319178,8551400
2019-11-13,73.0146484375,73.31909226402301,72.37095961984826,72.44924896745572,7407900
2019-11-14,73.39738464355469,73.5191621902051,72.89288050873667,73.15382955025387,5285100
2019-11-15,73.24951171875,73.88450031903243,72.6928124751718,73.65833917746052,7533000
2019-11-18,73.08424377441406,73.1625331358583,72.41446723768779,72.99726075665957,6432200
2019-11-19,72.7711181640625,73.31041694435203,72.6928287897876,73.11905029210222,6008400
2019-11-20,72.71892547607422,73.49308576878799,72.17962667768676,72.66673698239289,6248700
2019-11-21,71.58808898925781,73.10161410825829,71.11837292411087,72.84935881569552,8300500
2019-11-22,72.21438598632812,72.53623038813596,71.90124851185954,71.92734274836712,6080400
2019-11-25,72.84938049316406,73.0668413304571,72.13610921229807,72.336176102614,5450400
2019-11-26,73.55397033691406,73.63225970932457,73.06686006015457,73.17993733543665,7651500
2019-11-27,74.60645294189453,74.64124746840412,73.43216587680011,73.80619874130636,7502400
2019-11-29,74.31072235107422,75.4415214320719,74.15415027272653,74.72825010546093,3857000
2019-12-02,73.56265258789062,74.6064619638941,72.9102700687939,74.26722358487407,6425800
2019-12-03,73.78013610839844,73.93670822656874,72.91029248220352,73.09295884733882,6049800
2019-12-04,74.28463745117188,74.40641501226791,73.67574300931233,74.04977598592998,5940300
2019-12-05,73.45828247070312,74.3542268691696,73.34520520241328,74.31943233206978,5170800
2019-12-06,75.08486938476562,75.26753567165504,73.96277079126428,73.96277079126428,8499800
2019-12-09,75.05010986328125,75.35455381676299,74.77176015775788,75.07620411123962,7164700
2019-12-10,74.84132385253906,76.08520012880693,74.7282466042886,75.24145100370785,7944800
2019-12-11,75.31974792480469,75.56330968727052,74.67606557209363,75.03270460413401,4921900
2019-12-12,76.7288818359375,77.32037558501088,76.14608837863263,76.54621552706783,10282100
2019-12-13,77.12902069091797,77.23340429884878,76.18089447196836,76.56362109495632,6714100
2019-12-16,77.22469329833984,77.67701556694509,76.92024944622761,77.53783744233478,6705600
2019-12-17,76.6593017578125,77.38997371529261,76.08520852500142,77.30299069654899,7296900
2019-12-18,76.53751373291016,77.28557953724173,76.38964195763899,76.8854523966608,5859200
2019-12-19,76.99855041503906,77.059439199894,76.1809019664698,76.39836286043457,6022100
2019-12-20,76.94635772705078,77.41607402875934,76.45054718131053,77.23340768415815,14271500
2019-12-23,76.74628448486328,77.28558313421733,76.70278966122838,77.08552287280482,4349700
2019-12-24,76.99855041503906,77.06813949383894,76.54623467559946,76.72020073621935,1847800
2019-12-26,76.61583709716797,77.20733109721695,76.36358161987256,77.18123684721759,4177700
2019-12-27,76.6593017578125,76.9463516924075,76.27657514806477,76.64190780861534,4129300
2019-12-30,76.05912017822266,76.7201964810162,75.72857539044644,76.55493072350754,4655600
2019-12-31,76.47663116455078,76.53751993791512,75.9460261524992,76.0591100433034,4115600
2020-01-02,77.72052764892578,77.72052764892578,76.5897349025048,76.65062369164761,6473800
2020-01-03,77.2681884765625,77.50304326744916,76.63319989377099,77.120316695768,4874100
2020-01-06,76.6593017578125,76.90286350122517,76.08520852500142,76.64190780861534,5409800
2020-01-07,76.42445373535156,76.57232554399488,75.78946503297215,76.51143676182531,6514700
2020-01-08,77.31168365478516,77.72051113920506,76.35485718448814,76.49403532232422,7296300
2020-01-09,78.7469253540039,79.29493096704319,78.34679816902307,78.5033702532659,9443500
2020-01-10,78.42509460449219,79.0600766549331,77.9640719663567,78.98179392393875,7097900
2020-01-13,79.22535705566406,79.78205643138823,78.46859073098587,78.82522979413606,7382500
2020-01-14,79.14706420898438,79.53849779549655,79.03398693450562,79.32103690400525,5855200
2020-01-15,79.6254653930664,80.07778103970053,79.15574916211263,79.15574916211263,6145300
2020-01-16,80.53009796142578,80.55619219978958,79.7037428070967,80.01688694021833,5180300
2020-01-17,81.43476104736328,81.5478383274138,80.73018321147597,80.83456683363188,6962800
2020-01-21,80.48661804199219,81.41735032210148,80.19087443727486,80.74757374670214,7094600
2020-01-22,80.48661804199219,81.54782817445646,80.4344295556019,81.01722310822433,6157400
2020-01-23,81.54783630371094,81.63481933515891,78.92960524793342,79.95602094633132,6100600
2020-01-24,80.05168914794922,81.87835900876993,79.45149506250493,81.76528175288885,7815500
2020-01-27,77.18122100830078,77.80750278890443,76.15480535521812,77.0942313443134,11066500
2020-01-28,77.06814575195312,77.58135695430144,76.30268573213671,77.45957937470293,11922400
2020-01-29,75.43282318115234,76.9289549399892,74.45859615213844,76.67669954935938,17678700
2020-01-30,74.6673583984375,75.31974098450372,73.66704374223903,74.32811998459337,12224900
2020-01-31,73.788818359375,74.79783326811047,73.51916238845462,74.62386723996323,11693900
2020-02-03,74.81524658203125,75.49372349817352,73.99759151058817,73.99759151058817,9090600
2020-02-04,76.87675476074219,77.4160600400047,75.34583520555917,75.79815083859546,9997100
2020-02-05,76.5184555053711,77.95164673224012,75.70573064292516,77.67199982620002,9982700
2020-02-06,75.28626251220703,76.64079948485825,75.28626251220703,76.59710861514515,8901400
2020-02-07,75.522216796875,75.69700028903753,74.56093092556081,74.94544794100989,8073900
2020-02-10,76.49224853515625,76.57090277862409,75.30374737960064,75.5309626006857,7289300
2020-02-11,76.47476959228516,77.10397683848906,76.33494279654714,76.78063237382634,5098500
2020-02-12,77.40109252929688,77.86425708499426,76.36989332956551,76.64954023115496,7747800
2020-02-13,78.58960723876953,79.0964694198623,77.13019992484203,77.3399334707976,8576600
2020-02-14,78.02156829833984,79.00907674756999,77.76813722142718,78.80807738749829,5686900
2020-02-18,77.97789001464844,78.18762358318715,77.15642409251608,78.10023515190518,5288800
2020-02-19,78.77312469482422,79.03529662698489,78.03905395246905,78.20508995334889,5210800
2020-02-20,77.42732238769531,78.8692546933909,76.66703577850454,78.41483089636363,5969200
2020-02-21,76.34368896484375,77.24380235645803,76.02908531979092,76.90298285220231,5800500
2020-02-24,73.86181640625,75.19888522957704,73.63460784859177,73.87055724840887,8313600
2020-02-25,71.82564544677734,74.58715837921467,71.37121496380935,74.29877057278993,9404000
2020-02-26,70.49729919433594,72.74321516716066,70.47108334002134,72.18392138408969,10541500
2020-02-27,68.41741943359375,70.67207603533738,67.60469468958418,68.8893247688871,17120800
2020-02-28,68.539794921875,68.87187363816726,66.17153302253179,66.56478430938603,19108600
2020-03-02,71.99166870117188,72.01789122490878,67.86687838524304,68.09408691916273,14258700
2020-03-03,68.68834686279297,72.20141878667629,68.26013892536265,71.92177183424904,12395900
2020-03-04,69.62339782714844,70.08656233959941,68.0591208255544,69.29131924605146,10999600
2020-03-05,66.58223724365234,68.07660082260546,65.78698750245755,68.07660082260546,12545300
2020-03-06,65.83943176269531,66.16277622473037,62.964314972264475,64.19650692997648,18080100
2020-03-09,61.898162841796875,64.69463223435737,61.242739702855296,61.67968846214968,15930300
2020-03-10,65.42870330810547,65.49861003569711,61.19903625897462,63.409995701046256,18414000
2020-03-11,59.68719482421875,64.90435667871742,58.90068583421884,63.64594896202558,17138000
2020-03-12,54.2690315246582,58.367612790315825,53.709737677540524,55.01184637395548,25170600
2020-03-13,61.10291290283203,61.33012812452374,55.50122994172539,57.37137343187487,19247200
2020-03-16,51.20165252685547,55.88574346524459,50.78218214435627,52.98440415271776,23354300
2020-03-17,51.5424690246582,52.101762835658185,46.849640849729,52.040590283433446,25045200
2020-03-18,49.226646423339844,50.38019082496998,43.71235214965244,48.54500412517344,28770600
2020-03-19,53.66604232788086,55.370143023913,46.797207830235564,49.13925326540353,25167400
2020-03-20,50.71226501464844,57.39758145276015,50.607398260155485,54.44380730970077,28420600
2020-03-23,49.41889953613281,50.19666772388959,47.19046173217749,50.013150061674786,24905800
2020-03-24,56.698463439941406,56.94316032339115,53.30774377698084,54.71471918710222,28286200
2020-03-25,57.511192321777344,60.85822134578591,55.483753722818015,58.4025715051652,22977200
2020-03-26,61.08542251586914,62.5535702444562,57.89569604198153,58.297687999328225,20997500
2020-03-27,57.97435760498047,59.6435050491552,56.64603632358222,58.271486225339515,18950500
2020-03-30,59.302677154541016,59.61728074692383,56.43629479488245,58.16660788567998,14199700
2020-03-31,57.450016021728516,59.70467302426347,57.07423985463936,58.708430472875165,20109800
2020-04-01,54.72346496582031,56.593608568140404,53.814614025504326,55.055546976243185,12880400
2020-04-02,56.803340911865234,60.03675918915542,54.97689489381446,57.45876407623291,18175000
2020-04-03,55.0992317199707,56.58485800220339,53.220354265263744,56.34016779112533,14676500
2020-04-06,59.24150466918945,59.72214423169024,56.2877339011418,57.913176907158736,18010800
2020-04-07,60.045501708984375,63.34009930760504,59.713423029992306,62.54484931231405,13799400
2020-04-08,62.54483413696289,62.85069688120539,59.896926188179876,60.805780247720286,10417600
2020-04-09,64.56354522705078,64.89563054581181,61.29517042732938,62.22149964848626,19748100
2020-04-13,62.71088790893555,64.31885614560389,61.478689205291886,64.24894274384205,11191800
2020-04-14,64.38001251220703,64.95678793070589,63.49738103937542,64.39749419190491,10912000
2020-04-15,63.40126419067383,63.951817197196185,61.79328937696488,62.9293587562367,10642500
2020-04-16,64.24021911621094,64.45869353210456,62.35259696258111,63.890658717319106,11946800
2020-04-17,67.37749481201172,67.63092588293425,65.516095567757,66.95802775258102,14268400
2020-04-20,65.82194519042969,67.27261792683417,65.61221170265932,66.43367064113798,9684700
2020-04-21,63.54983139038086,64.63346249384888,62.693408851193574,64.14408199563285,10345800
2020-04-22,67.68334197998047,68.21641985661373,65.04417511587259,65.14904519018488,11347000
2020-04-23,65.67341613769531,67.87563549691521,64.89564768670535,67.57851346723842,15513400
2020-04-24,66.0491714477539,66.44242263676355,64.85192953057111,66.1977324153968,8456000
2020-04-27,67.93678283691406,68.19895472703165,66.88810861105995,67.010453715166,8258500
2020-04-28,68.76699829101562,69.57098241287035,67.25515264101341,68.74951660684414,12801400
2020-04-29,67.16773986816406,68.81940505612657,67.04539479255992,68.32128391479354,24575500
2020-04-30,67.05414581298828,67.84938892516504,65.70834310968924,67.14153421350223,15186000
2020-05-01,64.4848861694336,66.31132842815771,63.97802410696472,65.45491276000733,11216700
2020-05-04,62.82448196411133,63.462429983596486,62.27392901626284,63.42747328840339,12921800
2020-05-05,63.707115173339844,65.61221157406416,63.698374333401894,65.50734149673085,12976000
2020-05-06,63.75956344604492,65.41122925620695,63.67217502587993,64.4674183168832,12740900
2020-05-07,66.79155731201172,66.81792132762617,64.48022030829989,64.8669037122929,13360500
2020-05-08,68.43497467041016,68.4877026947819,66.5806298234749,67.89009383361336,11917200
2020-05-11,66.67729949951172,67.82857268253424,66.61578123870108,67.33642659604905,9004500
2020-05-12,65.34146118164062,67.43309534242056,65.33267094344762,66.79154205407522,8549900
2020-05-13,64.69992065429688,66.57183926538944,64.08473131796066,65.43813981191497,11532700
2020-05-14,65.20085144042969,65.28873370813265,62.08977088783673,63.55742554393663,11932300
2020-05-15,65.17449951171875,65.596337156882,63.86502867176117,63.98806521034949,9489100
2020-05-18,66.9936752319336,68.10979406840873,66.96730451816967,67.54733953121051,8903200
2020-05-19,66.66850280761719,67.86372036337887,66.58062054424967,67.14307507578611,6484900
2020-05-20,68.33829498291016,68.40859677303096,67.24853342369858,67.87251293654758,7790500
2020-05-21,68.5931625366211,69.76200949216498,68.4525455376154,69.07651838448115,10312600
2020-05-22,68.21526336669922,68.59316317380298,67.2485382520238,68.46133641225747,7653300
2020-05-26,68.33829498291016,70.23657741591445,68.18010422141087,69.95535014046985,8422200
2020-05-27,69.07652282714844,69.41048486877199,68.0131318474791,69.41048486877199,8245300
2020-05-28,69.0237808227539,70.35960860374895,68.48769032186459,69.11166308249271,8331400
2020-05-29,68.5404281616211,69.11167298928821,67.89888153907752,69.09409921681599,10043600
2020-06-01,68.83043670654297,69.12045420186932,67.46823819575806,68.250408420877,7922000
2020-06-02,68.35588073730469,68.77772507691648,67.48583474902898,68.52286176621182,9521000
2020-06-03,69.93778228759766,70.26294737126112,68.81287309062498,68.94469314887357,9956700
2020-06-04,69.19953918457031,70.45627483146689,68.96225643389128,69.7004753959914,7667600
2020-06-05,72.18759155273438,72.35457254538319,70.28051896137826,70.59690047114084,12030800
2020-06-08,73.43553924560547,73.4882739687529,72.2227478930071,73.01370169034823,10229600
2020-06-09,72.38973999023438,73.13674941699169,71.8536493734465,72.60944903957406,7999800
2020-06-10,69.43685150146484,70.33326149414496,68.7249896050839,70.20143472037158,19683800
2020-06-11,63.77714538574219,67.4858353748919,63.40803577577644,66.57184488474694,26422200
2020-06-12,67.12549591064453,67.42430365791218,64.86688750256998,65.91270456052618,18529800
2020-06-15,67.63522338867188,68.47012168120166,65.1041779116588,65.29752292056016,14644700
2020-06-16,68.40860748291016,69.37533267952448,67.134297658265,69.24350590680542,10890100
2020-06-17,67.75827026367188,68.80408749629217,67.38916066568406,68.61074245782575,6906700
2020-06-18,67.06397247314453,67.485816699934,66.6157709443522,67.42429844862997,8486000
2020-06-19,66.26425170898438,68.00434365350948,65.80725312406695,67.69675232038516,12538600
2020-06-22,66.26425170898438,66.48396076192863,64.9635711653596,65.82483360309587,8238600
2020-06-23,66.34335327148438,67.11673354003888,65.97424361875926,67.08157928192375,8076600
2020-06-24,64.71749877929688,65.84240806940058,63.276207913227964,65.82483429517508,12306400
2020-06-25,64.90204620361328,65.13054547250063,63.42560125193449,64.34838186110404,8624800
2020-06-26,62.89828872680664,64.8317251364569,62.61706149076686,64.70868863975113,17627800
2020-06-29,64.57686614990234,64.59443991805358,62.450078134362144,62.75767606938925,8653000
2020-06-30,64.67355346679688,64.92841677226113,63.98806229588729,64.66476993228954,11324000
2020-07-01,65.06024932861328,65.64028449709477,64.48900440040876,65.03388531277118,6750000
2020-07-02,64.84052276611328,65.99179584725877,64.71748625537958,65.94785806770356,6544400
2020-07-06,66.29940795898438,66.33456221311289,65.17449864682578,65.85119960008143,7235300
2020-07-07,65.25357055664062,66.11483275458555,65.03386156486742,66.02694379388721,7515100
2020-07-08,65.15690612792969,65.4732876516386,64.44505105207823,65.09538787081891,7346200
2020-07-09,64.6559829711914,65.22722787757723,63.21469205030353,64.79659999029681,9618200
2020-07-10,65.28873443603516,65.52601723197733,63.9265358039968,64.15503506656182,7524200
2020-07-13,63.84742736816406,65.77207336623424,63.70681041041315,65.52600039515572,9464500
2020-07-14,63.917755126953125,64.12867392221467,63.11801102473053,63.27620179742359,8780900
2020-07-15,66.44879150390625,66.62455602457659,64.99871074092258,65.43812874758511,10300700
2020-07-16,65.37660217285156,66.03572909894294,64.75262948741668,65.82481035998973,6649300
2020-07-17,65.17449951171875,65.51724511278456,64.33960105131118,65.41178234899951,6087500
2020-07-20,65.87754821777344,66.10604746371052,64.70869468488723,65.17448341448622,8832700
2020-07-21,66.29940795898438,67.49462577939998,66.15000070269113,66.59820906159409,10637500
2020-07-22,67.88131713867188,67.96041589599963,66.01818838592314,66.36971755852458,9213100
2020-07-23,66.22908020019531,67.73188892618467,65.82481645270575,67.56490794385704,7795100
2020-07-24,66.59819030761719,66.79153529838403,66.00937180299924,66.15877231223308,5673400
2020-07-27,67.1958236694336,67.41553274762491,66.3872958708869,66.69488723935694,6771100
2020-07-28,65.59632110595703,67.13428416697154,65.52601261397096,67.05519214222734,12273400
2020-07-29,68.03948974609375,68.97984411171188,67.58249792097496,68.16252626458679,15261100
2020-07-30,67.35400390625,67.65281169230222,66.2642489267979,67.3452136671046,7889800
2020-07-31,67.25733184814453,67.26612208734973,66.33455788123806,67.0024685510976,7423800
2020-08-03,66.35211944580078,67.3188377258681,66.29939143024755,67.21338169476162,7138300
2020-08-04,66.02694702148438,66.34332852150237,65.70178198895623,66.23787249148748,12792400
2020-08-05,66.59819030761719,66.78274506108013,66.20271679376609,66.2202905633874,7780800
2020-08-06,66.85443878173828,67.08417425622328,66.21823371694286,66.44796919142786,6764800
2020-08-07,66.96932983398438,67.09303566837765,66.45683038209086,66.69541073517959,6569300
2020-08-10,68.45379638671875,68.63051705481237,66.98698922398859,66.99582727983167,6604300
2020-08-11,69.69086456298828,70.67167982236391,68.92211546358365,69.1606890508683,10238500
2020-08-12,70.06197357177734,70.41542162337537,69.51412875472737,70.32705455438021,5378000
2020-08-13,69.8233871459961,70.37123191498188,69.66433587380412,69.73502682621394,4383400
2020-08-14,69.2490463256836,69.74386954270868,68.9397750735822,69.39925955350039,3771300
2020-08-17,69.76154327392578,69.77038132948557,69.02814645753095,69.45227874394469,5360400
2020-08-18,69.7968978881836,70.12383857206704,69.23138360465579,69.93827982979656,5272700
2020-08-19,68.59516143798828,70.15032870498979,68.41844079600509,69.96477000846933,6840600
2020-08-20,68.23289489746094,68.61285041630478,67.56134419733797,68.06500553706479,5099500
2020-08-21,68.10034942626953,68.27707009726228,67.76457745479871,67.9854816642704,5594100
2020-08-24,69.52296447753906,69.92942736372933,68.25939228595297,68.66585517214324,5867400
2020-08-25,73.09276580810547,73.40203026802577,70.50376891541332,70.74234242979195,17659500
2020-08-26,72.81886291503906,73.11928938780059,72.35054035341373,72.82769422908892,7934300
2020-08-27,73.70247650146484,73.90570457915507,72.89838202144828,73.11928620939207,9099200
2020-08-28,75.10742950439453,75.36367919050254,73.72015137026594,74.03825396395439,9303900
2020-08-31,74.63911437988281,75.42553281580103,74.25032081912815,74.7804895665,6401600
2020-09-01,76.03524017333984,76.07057891835535,74.42705761664511,74.8423519144685,8166100
2020-09-02,78.06755065917969,78.42099876245778,76.247302028271,76.44169882214703,11378900
2020-09-03,76.41516876220703,78.62421032661396,75.71711081887926,78.28843169428981,11036600
2020-09-04,76.22962951660156,77.56389296731629,75.38135807353656,76.95419512889431,10349400
2020-09-08,75.46971130371094,77.38715807010813,74.90419037069933,75.3459987541896,11083100
2020-09-09,75.8673324584961,76.72444175937069,74.6302676966604,75.92918535951485,6928700
2020-09-10,75.00138854980469,76.93651142148123,74.69212403049725,75.8143210967197,7552000
2020-09-11,75.34603118896484,75.85853075238374,74.35638429846084,75.06327397146886,7103300
2020-09-14,76.5477294921875,76.92768502821119,75.67295065025831,75.77014904841288,5535800
2020-09-15,77.50202178955078,77.97917562786368,77.02486795123788,77.03370600605679,8361900
2020-09-16,78.09404754638672,79.02184784957868,77.5373714093481,77.75827560139753,7146400
2020-09-17,76.65377044677734,77.15743183884408,75.4255434250451,76.91885822848081,7386600
2020-09-18,75.06324768066406,77.08673104836693,74.75398313570106,76.70677553842339,10113400
2020-09-21,74.12661743164062,74.17963228567649,72.23567790112982,73.216493149563,7188800
2020-09-22,74.17961883544922,74.56841233844727,73.499236946663,74.26798589810177,4465000
2020-09-23,73.33136749267578,75.01907907315342,73.18115423179012,74.5595944920815,6414700
2020-09-24,73.37555694580078,74.34753430355963,72.38590347271277,73.01327073764314,4881500
2020-09-25,74.4888916015625,74.83350158031139,72.65096722059471,72.92488624435396,5981500
2020-09-28,76.05290222167969,76.20311546864733,75.09859440307078,75.56691025624139,5976200
2020-09-29,74.93073272705078,76.2119748246184,74.78051269663786,76.2119748246184,4064000
2020-09-30,75.92035675048828,77.01604647837291,75.52273187181916,76.54772389357984,10134400
2020-10-01,76.64493560791016,77.27230286005775,76.16778162568608,76.9100234007444,7241200
2020-10-02,76.49472045898438,76.98954380256009,75.18696438336823,75.23998598551023,5602300
2020-10-05,78.173583984375,78.35914271434169,77.05138680698299,77.11323971697189,7004800
2020-10-06,76.88349151611328,78.88929847351974,76.69793281673334,78.33262237537991,7951100
2020-10-07,78.15592193603516,78.62424461475185,77.26347360866795,77.59924564596288,5179300
2020-10-08,79.1102294921875,79.18092047063969,78.12058275970791,78.16475956514347,4958800
2020-10-09,79.53436279296875,79.81711994459361,79.15440723846075,79.34880404422701,6197700
2020-10-12,80.2147445678711,80.497501718425,79.46367151872435,79.93198741731719,5909100
2020-10-13,79.66690826416016,80.2765993817126,79.32229144798391,80.03802576901163,5732000
2020-10-14,78.91580200195312,80.0556683060061,78.2530895048149,79.67571287132176,4760700
2020-10-15,78.4916763305664,78.52702180900589,77.46667768020355,77.89965473499167,5002200
2020-10-16,78.21776580810547,79.19858111628288,78.14708157890594,78.98651494576025,4721300
2020-10-19,77.40483856201172,79.14556492173351,77.19277239507227,78.3768157970679,5426600
2020-10-20,78.20893859863281,79.27811430553507,77.79363755102153,78.35915186307788,4939700
2020-10-21,77.9968490600586,78.78327418486504,77.92616484220599,78.09404744374947,4119200
2020-10-22,78.9599838256836,78.9776531923164,77.4931769611417,77.7759340174864,4257800
2020-10-23,80.23241424560547,80.37378943881018,79.03069476678779,79.34879737832551,7811500
2020-10-26,79.22509002685547,80.52400113385491,78.33263512052146,79.55202394690241,7756400
2020-10-27,79.56969451904297,79.83477551077638,78.79210743045164,79.06603321914226,8027500
2020-10-28,77.0248794555664,78.59771637522165,76.53005617517012,78.33263536420718,12738800
2020-10-29,78.02334594726562,78.73907321279648,76.53003178440798,77.02485490709999,8440000
2020-10-30,76.83930969238281,78.10288188035933,75.66409782872383,77.53736771497438,11400700
2020-11-02,75.96455383300781,77.55506037272802,75.50506922223826,77.35183223991517,8904900
2020-11-03,78.10286712646484,78.69488860316415,76.15007533965563,76.68024392687082,6910400
2020-11-04,79.33995056152344,80.66537571609324,78.41215025674019,78.55353217579557,10509400
2020-11-05,80.0733642578125,80.55051818297285,79.43715902426537,80.13521716988171,6169700
2020-11-06,80.0998764038086,80.585861672561,79.33112724441338,79.65806793687248,6626100
2020-11-09,84.72118377685547,86.2851894250475,84.5091176138921,85.99359423755926,16225800
2020-11-10,83.3806381225586,84.57914468592345,82.68816796475896,83.22083679589316,10474700
2020-11-11,84.37493896484375,85.07628869535391,83.46939606286855,83.54930009457232,8296500
2020-11-12,83.0344009399414,84.12637777336467,82.2620335250032,84.03760076596679,7058400
2020-11-13,84.83660125732422,84.86323368242296,83.18532316868655,83.78901630618044,5516100
2020-11-16,86.8074722290039,86.83410465110687,85.24497132420575,85.92856843335217,9371300
2020-11-17,87.53545379638672,87.69525510106104,85.94632048136178,86.30143524433257,8722300
2020-11-18,86.9228744506836,88.1835252314291,86.9228744506836,87.56207279816392,6039500
2020-11-19,86.78972625732422,86.93176811061949,85.990719666128,86.32807499429916,4252300
2020-11-20,86.12388610839844,86.59441031724913,86.07061448833437,86.48787385037211,4609700
2020-11-23,86.00846099853516,86.87849178809819,85.60008141102611,86.66542564966966,4803200
2020-11-24,87.26913452148438,87.64200202470477,86.47012789083236,86.5677846330927,6319900
2020-11-25,87.18033599853516,87.48218590719021,86.94951716790243,87.4466737548043,4027100
2020-11-27,87.58873748779297,87.87282798268211,87.2513753685016,87.42893616108961,2169700
2020-11-30,87.02054595947266,87.26025132578174,86.0794975058553,87.18034727926158,5197300
2020-12-01,87.73076629638672,88.12139320871277,87.22472996598735,87.8905675993155,4970000
2020-12-02,87.81067657470703,87.92608600098187,87.18922400882042,87.45556179037914,3377900
2020-12-03,88.87600708007812,89.66613385635826,87.86393442791591,87.90831953914196,6264100
2020-12-04,90.80249786376953,91.38843824149758,89.72828061118553,89.97685891449412,6952700
2020-12-07,90.03012084960938,90.74922326016703,89.3909156965581,90.56278955273542,4514800
2020-12-08,89.85255432128906,90.17215687726096,88.78721698354914,89.10681953952104,3911300
2020-12-09,89.13348388671875,90.74037019918889,88.8671460702504,90.500671582969,6629900
2020-12-10,93.56350708007812,94.18495285104493,91.21975906778775,91.8944764571595,12939200
2020-12-11,91.44170379638672,93.02195739963328,90.8468904555244,92.69348182767241,6262600
2020-12-14,91.72579956054688,92.95981819953998,91.66365498064259,92.17857108456451,5156200
2020-12-15,92.4892807006836,93.09297372158703,92.13416596369623,92.5425455405941,5195200
2020-12-16,91.68140411376953,93.03971863310394,91.19312722582991,92.4182660849295,6409300
2020-12-17,91.62815856933594,92.3650206957126,91.09548968244708,91.9300085616328,4535700
2020-12-18,91.69029235839844,92.4271543979695,91.39732213448441,91.73468424926477,10215000
2020-12-21,91.38844299316406,91.57487673033897,88.79610981740778,89.86145416687302,7175900
2020-12-22,90.91792297363281,91.59263364214203,90.45627170228288,90.66046491331294,4302700
2020-12-23,90.607177734375,91.16648564889601,90.52728047415788,90.81137091034702,3817300
2020-12-24,90.56279754638672,90.87352041953245,90.26982736317045,90.82025557649337,1949200
2020-12-28,92.6313247680664,92.66683691994758,90.82912539291135,91.37067385591119,5055200
2020-12-29,93.77655792236328,93.90972678675583,92.7467327024438,93.1196001041431,4780900
2020-12-30,94.07840728759766,94.65546784799,93.90972627540226,94.09615997523674,3654100
2020-12-31,94.97509002685547,95.11713187705371,93.76770382054025,94.10505914135582,3566300
2021-01-04,91.53047943115234,95.65867414811075,90.6782080659175,95.57877688258127,8041500
2021-01-05,91.83232879638672,92.56031100646729,91.26414788965313,91.370677576384,5721900
2021-01-06,92.49818420410156,93.40372058155755,91.36182217229326,91.4328397193423,5017200
2021-01-07,91.75242614746094,92.89766770991454,91.39731138206241,92.76449882623375,5057000
2021-01-08,93.81208801269531,93.89199205591245,91.81457498453102,92.2052019219235,5869700
2021-01-11,92.8621597290039,93.78545545122998,92.56918952639109,93.30605151238657,4257400
2021-01-12,91.28190612792969,92.61358147901205,90.82913461205138,92.33837074056206,4332600
2021-01-13,91.34403228759766,91.77904425138937,90.10113418922879,90.83799602715636,4804500
2021-01-14,90.39411163330078,92.49816087203453,90.29645491083316,92.15192586446763,4528300
2021-01-15,90.84687042236328,91.16647296526732,89.8525506474119,90.00347218899176,5522900
2021-01-19,91.03333282470703,91.97438129050853,89.96798842123694,91.26415846144661,6519600
2021-01-20,93.62565612792969,93.97189118446595,90.73147974225998,90.91792025570372,5844300
2021-01-21,92.84441375732422,93.65229333945875,92.72899755041102,93.6256609142485,5731500
2021-01-22,92.24958038330078,92.74673694162341,91.49495904166807,92.47152624301626,5231600
2021-01-25,91.8412094116211,92.28510120534231,90.70484750341495,92.10754719715433,5009000
2021-01-26,92.94205474853516,93.40369917820247,91.65476463775532,91.79681324580707,7195300
2021-01-27,86.88737487792969,90.35860489255822,85.87530221471059,90.09227390254043,18139500
2021-01-28,87.13594818115234,89.24887038309885,87.09155629873634,87.83729792917352,8868200
2021-01-29,85.94632720947266,86.81635810819691,85.15620035596604,86.46124331742678,8203000
2021-02-01,87.51770782470703,88.44100357000978,86.0439838158821,86.10612839617886,7206300
2021-02-02,90.24317932128906,90.98004113095463,87.69523865602054,87.93494395470667,6917700
2021-02-03,89.68387603759766,91.13096731366798,89.49744233649193,89.88806919971334,3934800
2021-02-04,92.00987243652344,92.54254112999223,89.76378148400926,89.98572733739208,6926800
2021-02-05,94.53118896484375,95.4722372964991,93.02195296838177,93.29716368275257,8072100
2021-02-08,94.33586120605469,94.57555973169333,93.51909537172236,94.47790302077587,4836600
2021-02-09,94.30036926269531,94.84191776717236,93.41258571742159,94.10505579901495,4095200
2021-02-10,93.98963928222656,94.90405518111886,93.15512064521785,94.79751872535698,4293200
2021-02-11,93.98076629638672,94.30924864529148,93.243904330959,94.21159191381305,2976000
2021-02-12,93.48359680175781,94.05177764849394,92.96868079276257,93.87421690060768,3169800
2021-02-16,94.23822784423828,94.62884801144133,92.950937596492,93.1107389109277,4928100
2021-02-17,93.11485290527344,94.02424427986945,92.85629878845529,93.71219855339469,5733800
2021-02-18,93.58740997314453,93.9172840735314,92.19657326384264,92.52644736422951,4098700
2021-02-19,92.16088104248047,93.86376304388838,92.02714521568933,93.39123568436818,4128900
2021-02-22,90.7700424194336,91.82208721193157,90.71655080692783,91.82208721193157,5211800
2021-02-23,90.37776184082031,92.13413558846958,89.09390868728963,92.13413558846958,8740300
2021-02-24,93.06134796142578,93.17725551032832,89.69124074787733,90.1905206772785,7542700
2021-02-25,92.25003814697266,94.30062926466583,91.92907487601427,92.72256551752615,7534000
2021-02-26,96.31556701660156,97.60833767891609,92.43726863383219,92.85630440706217,15122900
2021-03-01,95.28136444091797,98.49099069509575,94.98714694374571,96.82376501320721,7930300
2021-03-02,95.5755615234375,96.51170549853042,94.34520689516354,95.67363400852673,5016800
2021-03-03,94.70184326171875,96.25316130988979,94.61268830301233,95.34376984774465,5313400
2021-03-04,93.51605987548828,95.5488228042848,92.5888333672134,94.73750386084873,7211800
2021-03-05,93.79242706298828,94.55917180500771,91.60810038296371,94.55917180500771,5559900
2021-03-08,93.64087677001953,95.29918477697368,92.92763032964285,93.43582105421996,5119500
2021-03-09,94.99605560302734,96.26207363352707,94.35412905176355,94.75532974525994,5510900
2021-03-10,96.09266662597656,97.24278380288253,95.36158518043398,95.59339348328984,6077000
2021-03-11,95.68255615234375,96.79701008013478,95.6290645404776,96.65436351446276,4670700
2021-03-12,96.11941528320312,96.27989691270034,95.02279648337765,95.77170621964025,3356000
2021-03-15,97.09122467041016,97.13579874494782,95.45074500026364,96.19074401887369,7107300
2021-03-16,99.26663970947266,100.15820287611965,97.9738758386694,98.58013906407284,11376200
2021-03-17,98.4820785522461,99.3736418273547,97.117987829664,99.23990597567082,10128400
2021-03-18,95.95003509521484,98.31267215970661,95.84304506127867,97.43002648651748,7813400
2021-03-19,94.8088150024414,97.04664024585657,94.35412272751192,96.60085870425678,21452000
2021-03-22,95.90544891357422,96.66327623966613,94.50569502351694,94.86232164817405,7605100
2021-03-23,94.72859191894531,96.24424666881342,94.21148361996912,96.05701920927119,5657800
2021-03-24,93.58740997314453,95.6469192237783,93.56066415982546,95.0674016608729,5731300
2021-03-25,95.70929718017578,96.02134290396161,92.77605377241584,93.6230427965049,8149000
2021-03-26,97.9827880859375,98.0719430373723,95.55773531522495,95.62014446143799,6167600
2021-03-29,97.29627990722656,98.29483304083708,95.0317087878131,97.18929668718428,5167100
2021-03-30,98.3126449584961,98.47312656395445,96.5384365663238,96.66325483700412,4552900
2021-03-31,97.42110443115234,99.51628331884172,97.34978454725706,98.36616601520174,6478400
2021-04-01,97.51919555664062,98.12545889915448,96.46715054469274,98.12545889915448,5793000
2021-04-05,98.98131561279297,99.27553301848647,97.95602366303129,97.99168699724433,6913100
2021-04-06,100.88037109375,101.47771676766833,99.05266392790122,99.3023005198619,6745200
2021-04-07,100.91602325439453,101.42421391803248,100.43457839377655,100.66638669009326,5629600
2021-04-08,100.78231048583984,101.60254704244018,100.46134717202445,101.32616461191105,5011300
2021-04-09,100.90713500976562,100.9873724421161,99.82834422827283,100.66641591062599,4114300
2021-04-12,101.46879577636719,101.54012245795195,100.54156932202561,100.7644601004129,4707800
2021-04-13,102.8507080078125,103.06468122277835,101.35288189887986,101.44203683827513,4607400
2021-04-14,102.67243194580078,103.63531513133073,102.28014192075163,102.72592356663908,3994600
2021-04-15,104.00975799560547,104.21481370630687,102.33361495811477,102.61891488758961,5079100
2021-04-16,105.50755310058594,105.65020643334498,104.25937044937076,105.04394337328962,5777900
2021-04-19,104.84782409667969,106.07818558548126,104.348550914028,105.35601481533213,4889700
2021-04-20,103.66204071044922,104.54469309454613,102.84180427459968,104.27722143837977,5662400
2021-04-21,104.08106994628906,104.54468654766622,103.29649690053297,103.5015525956108,4397400
2021-04-22,103.3499755859375,104.20587520213807,102.73480177553161,104.19696447013494,5744900
2021-04-23,104.8121566772461,105.1866183517541,103.27866704494548,103.43914867628128,4555800
2021-04-26,103.3499755859375,104.53575594256262,102.5832309043668,104.26828433658753,5924900
2021-04-27,103.5550537109375,103.76902694681065,102.77047384259173,103.12710043710467,7260900
2021-04-28,100.2116928100586,101.7719282196393,99.50735715176891,101.13891924114552,14793500
2021-04-29,102.19987487792969,102.66349149534972,100.53265624774514,100.93385691866665,8936600
2021-04-30,102.07506561279297,102.4851838554821,101.18350244118517,101.63820156328956,6478700
2021-05-03,103.17168426513672,104.08107564519072,102.64565849270498,102.69023936907752,5049800
2021-05-04,101.73624420166016,102.8863611717809,101.22805361505658,102.66347044428662,6265100
2021-05-05,101.1745834350586,102.42276633158983,100.88928351555336,101.82542068795179,4677700
2021-05-06,102.29793548583984,102.36034462300628,100.83577272758127,101.32613509252168,4113300
2021-05-07,101.94132232666016,103.27866698633737,101.85216737643235,102.62782972779634,4867500
2021-05-10,101.90565490722656,103.50154671153652,101.82541069912895,102.14637392734747,5759500
2021-05-11,101.23699951171875,101.36181780991835,100.00663799791256,101.03193699205535,7775400
2021-05-12,98.274169921875,100.60145555546366,98.06829152863877,100.13600116040604,7965300
2021-05-13,98.9007568359375,99.51838526378725,97.71026506586996,98.60537556227777,7999400
2021-05-14,99.53626251220703,99.88535498246776,98.68591045985903,99.3661961992272,6836300
2021-05-17,99.33937072753906,99.59894677446883,98.309992240776,99.55419534496262,4521200
2021-05-18,99.419921875,100.44034728751286,99.36621743091546,99.68845775372489,5177300
2021-05-19,98.16676330566406,98.4084469561494,97.45962521702872,98.10410584612174,5997400
2021-05-20,99.72425842285156,99.97488825596216,98.34578751159256,98.44425020733611,5345500
2021-05-21,99.2856674194336,100.44931394640595,98.97238007114164,99.92119513429782,5146500
2021-05-24,100.71781921386719,101.17432743007777,99.82270881377215,100.07334546228509,5476100
2021-05-25,100.8162841796875,101.28174542256686,100.41348722221355,101.07586702107203,5391800
2021-05-26,101.0132064819336,101.92622290709711,100.816281102814,101.41601025626468,3841600
2021-05-27,101.60399627685547,102.12315518441457,100.93266339188041,101.56819103682533,7378400
2021-05-28,101.93517303466797,102.35587602829612,101.19223656992847,102.35587602829612,4239800
2021-06-01,101.45181274414062,102.59755982973893,101.23698815334434,102.5438485601769,4306900
2021-06-02,101.14747619628906,101.78300376705087,100.92369859408488,101.78300376705087,5045000
2021-06-03,99.46466827392578,100.4671875327988,98.59641010925878,100.26131596891607,5723900
2021-06-04,100.24341583251953,100.31502630640786,99.40201666635895,99.91222934179966,4477500
2021-06-07,99.65264892578125,100.50300112920083,99.34830781891002,100.23447208929767,4009000
2021-06-08,99.82271575927734,100.24341876925791,99.23194640526803,99.69740084087685,4669800
2021-06-09,99.70634460449219,100.42243563959657,99.65264016706195,100.01963187141902,3669400
2021-06-10,100.4403305053711,100.63725587297913,99.75109854789292,100.07333881686061,3833200
2021-06-11,100.75361633300781,100.99529994588849,100.42242988230812,100.50298653383513,3231200
2021-06-14,100.65516662597656,101.3533585082965,99.80481443642961,100.95055471128684,4222400
2021-06-15,100.15391540527344,100.6999333680903,99.85852729506406,100.66412812783904,3487300
2021-06-16,99.67948150634766,100.76256412759702,98.64115030168907,100.62829621952572,4822000
2021-06-17,99.70634460449219,100.20760423157512,99.09766927339854,99.35725210289512,4008500
2021-06-18,98.193603515625,99.13347212294272,97.79975960202859,99.12451910720301,7024400
2021-06-21,99.33039855957031,99.68844407234782,98.17570536616665,98.46214041055863,5628500
2021-06-22,100.11810302734375,100.48510159189136,98.99921495857784,99.41991796509795,3583500
2021-06-23,99.8585205078125,100.22551907357997,99.48257575445373,99.60789067223999,3552100
2021-06-24,100.24341583251953,101.06692262393403,100.05544346042565,100.05544346042565,3840000
2021-06-25,101.18329620361328,101.3444163738878,100.44930583439634,100.92371332766258,12171200
2021-06-28,100.46719360351562,101.19223770179015,99.76005553831739,101.08482199078448,4546600
2021-06-29,100.4940414428711,100.8699930004257,99.8316616600898,100.31502209481681,3789500
2021-06-30,100.08230590820312,100.78049102708486,99.59894540378852,100.55671339517912,6759100
2021-07-01,101.51448822021484,101.58609187227282,100.0823059126335,100.20762084017416,4810600
2021-07-02,102.91084289550781,103.20623096396322,101.78300188904649,102.01573250320683,4722000
2021-07-06,103.59113311767578,103.69854199867014,102.32902413278711,103.00930997207074,5294700
2021-07-07,104.85323333740234,105.41715043966241,103.51952073285999,103.72539230373171,5382300
2021-07-08,103.82386016845703,104.51309904582122,103.15252732458718,103.34049970137264,4486100
2021-07-09,105.14862060546875,105.39029741053834,103.83280721448321,103.88651165357635,3533600
2021-07-12,106.03478240966797,106.32121747867089,105.0770145074566,105.39925481372872,5683400
2021-07-13,107.01045989990234,107.40430386464537,106.02583291516738,106.10639640898704,5529300
2021-07-14,107.2342300415039,108.15619267278925,107.12681433361757,107.35954495279607,5701800
2021-07-15,106.49129486083984,107.03731279978004,105.78415676239024,106.77772994117315,6467500
2021-07-16,106.27645874023438,107.8429019099216,106.07058034739222,107.12681087211877,5024800
2021-07-19,103.22412872314453,105.2202278748816,102.3379713593237,105.21127485892173,7731300
2021-07-20,105.10385131835938,105.68567438766642,103.23307404209412,103.50160303851679,5117800
2021-07-21,106.75981140136719,107.0999577144594,105.15756984007038,105.21127427723222,4377500
2021-07-22,109.76738739013672,110.02697022917407,106.58079650801706,106.82247331448605,7172300
2021-07-23,112.75706481933594,113.07035211195092,110.92208565963976,111.48600961549754,7934200
2021-07-26,112.8376235961914,112.87342883446836,111.21747583177711,112.5511885191267,4827500
2021-07-27,112.81078338623047,112.92715213030858,111.71874740453778,112.85554164612999,6110900
2021-07-28,109.57047271728516,110.3939726866882,108.6574562401703,109.7047338205514,11747000
2021-07-29,109.54362487792969,110.51929891280065,109.32880026156829,110.03593840412395,6618400
2021-07-30,108.6932601928711,110.08068409619851,108.39787211087484,109.37354603436685,5712300
2021-08-02,107.74444580078125,110.08068458856357,107.4759099379198,109.23032557560276,5996800
2021-08-03,106.63450622558594,108.08458762362703,105.19337784427218,107.92346746828913,6030500
2021-08-04,105.84680938720703,106.7061145889497,105.23813401566214,106.63450411485013,6675500
2021-08-05,106.54498291015625,106.59868734534552,105.72148303455428,106.2675008894784,4281900
2021-08-06,106.56291198730469,106.70612612183182,105.69465367516986,106.64346865751031,6832600
2021-08-09,105.56932830810547,106.53604240074384,105.39925513784144,106.50919017999703,4557900
2021-08-10,104.1819076538086,106.07059130266062,103.81491591016464,105.97212860406447,9839700
2021-08-11,104.68510437011719,105.39498701642164,104.14595498912769,104.54132754550328,6472300
2021-08-12,104.01117706298828,104.93671818962422,103.79551865864036,104.6042462445164,4358300
2021-08-13,104.91874694824219,104.98164760029209,103.69667126070969,104.18190780037614,4361700
2021-08-16,105.61963653564453,105.79036980641109,104.60423838809767,104.85584098354953,5976000
2021-08-17,104.74800109863281,105.08047985137311,103.84042878026222,104.79293306855796,4719800
2021-08-18,103.94827270507812,104.90077024135701,103.8763842876383,104.48742212456322,4520500
2021-08-19,102.72618865966797,103.40012709301665,102.08819443210997,102.89692192325964,5317100
2021-08-20,103.0047607421875,103.33723954615517,102.13313934998497,102.4206861771045,3486300
2021-08-23,103.47201538085938,103.7505744058337,103.07663597329096,103.07663597329096,4235100
2021-08-24,103.40911865234375,104.10102578614494,103.28331735528899,103.68767768787123,3447300
2021-08-25,103.84943389892578,104.22683782900046,103.33724089220809,103.86740257650482,3881500
2021-08-26,102.72618865966797,104.02913355521291,102.31284057655954,103.89435135306819,5188200
2021-08-27,103.44507598876953,103.68769084798039,102.60040415363282,102.98679585952968,4204700
2021-08-30,103.88536834716797,104.07407029447215,103.00475240409192,103.88536834716797,3078200
2021-08-31,105.57470703125,105.67355188972545,103.9213145906729,104.02914035944123,6995500
2021-09-01,105.53876495361328,106.32952383737987,105.38600720766996,106.04197702209844,4402700
2021-09-02,105.46687316894531,106.35646997129989,105.04453732526153,106.29356932579313,3801900
2021-09-03,105.30513000488281,105.65557744556179,104.54132762096862,104.99061991472692,2921300
2021-09-07,104.04712677001953,105.25122701820574,103.75957993047824,105.2152828063059,4264900
2021-09-08,106.06892395019531,106.20371300744252,103.79550607461118,104.32566768261894,5548400
2021-09-09,106.74287414550781,107.89306143022759,105.85327723867877,106.01502275407105,4711200
2021-09-10,107.23709106445312,108.5130865042173,106.83273070582915,107.24607883072345,6517900
2021-09-13,107.09331512451172,107.96494330150385,106.53619019291455,107.73130938107192,4381100
2021-09-14,106.80577850341797,107.70436320773368,106.35648615126011,107.57856189758205,4722800
2021-09-15,103.01373291015625,105.15236168454406,101.6478874020716,105.0984488050156,11556200
2021-09-16,103.04070281982422,103.57985225255703,101.71080134279374,103.14853544863358,7997000
2021-09-17,101.90850067138672,103.2024580607534,101.64791026894945,102.92389897964975,9261000
2021-09-20,100.47972869873047,100.88408902244745,99.18576469378596,100.05739284402462,7795200
2021-09-21,100.83917236328125,102.07921673491325,100.41683647315571,100.56959422109054,5468400
2021-09-22,101.60297393798828,102.46561444584557,100.92903539850688,101.59398617121114,4578200
2021-09-23,102.564453125,103.07664610987541,101.62992425062683,101.89051462618197,3842000
2021-09-24,102.5374755859375,103.21141394609974,102.22297238899289,102.5554442590534,3955000
2021-09-27,102.15108489990234,103.04068162369862,101.45917786042871,102.0881842599502,3988800
2021-09-28,100.38090515136719,101.54008034255853,99.8147992068747,101.25253348661121,5917700
2021-09-29,100.79422760009766,101.10873082231501,100.25507823977418,100.55161278743172,4389100
2021-09-30,99.12286376953125,100.78525074288038,99.12286376953125,100.21015029900228,5974500
2021-10-01,101.46817016601562,101.95340666685716,99.3295413117789,99.64404454686425,5636900
2021-10-04,100.15625,101.61195968437195,99.76087053755539,101.02787825730348,4497700
2021-10-05,99.60810089111328,100.17421357305194,98.87126179813123,99.85970348057207,5884000
2021-10-06,100.31798553466797,100.65944521918972,98.3770463377002,99.00605282383407,5734500
2021-10-07,100.83018493652344,101.52209897116933,100.68641495435274,100.98294268497258,5549500
2021-10-08,99.94061279296875,101.23457723136082,99.85973658773992,101.1626887946371,3787000
2021-10-11,99.68897247314453,102.04325961366469,99.67099694292263,101.44120960869625,5987300
2021-10-12,99.7428970336914,100.52466815415411,99.4373815406999,100.38987908432856,3866800
2021-10-13,99.52723693847656,100.174218978083,98.31414904204286,100.09334279530381,4806500
2021-10-14,100.52467346191406,101.1896242243312,99.7518900668115,99.81479072196369,5194900
2021-10-15,100.14725494384766,101.4681754557243,99.69796262583012,101.04583957988275,5860900
2021-10-18,101.87255096435547,102.05226516395781,99.70695852416368,100.13828220112948,4958400
2021-10-19,101.9803695678711,102.9238861885533,101.32440661537582,102.20501572939955,5799300
2021-10-20,102.31282806396484,103.43605864884444,101.27945455474453,101.59395774737973,7645200
2021-10-21,102.83403778076172,102.94186355978233,102.08821081613473,102.37575765295199,3684300
2021-10-22,102.93287658691406,103.31926826885051,102.50155292926016,102.80707528169354,3396400
2021-10-25,103.07665252685547,103.22941028407308,101.8635645245943,103.10360897158124,4290600
2021-10-26,103.2653579711914,103.58884903010309,102.66330783319482,103.2653579711914,5948000
2021-10-27,101.99835205078125,103.8494343541101,101.61196035239485,103.8494343541101,5853900
2021-10-28,101.71976470947266,102.97778440597862,101.05481408564388,102.20500117193878,7697600
2021-10-29,95.3128662109375,97.0381469607107,93.47076507804064,96.59784243570381,27419600
2021-11-01,98.66459655761719,98.97909981158031,96.32827100096134,96.35523429900684,14184600
2021-11-02,100.14725494384766,100.47973372721705,98.6556080129709,99.06895612286824,11538900
2021-11-03,101.18962860107422,101.46818767798855,98.94316674039085,100.03944122530955,6422600
2021-11-04,100.78524780273438,101.01887485287027,99.67998577456785,100.28203578597797,8212600
2021-11-05,105.05354309082031,105.43094702852682,101.66587485128956,101.75573195231624,10256800
2021-11-08,103.48101806640625,105.55674654411247,102.95084952475679,104.70308695974812,8753300
2021-11-09,102.55545806884766,103.87637852954151,101.87253870799545,103.02272590064804,6754700
2021-11-10,102.2035140991211,103.29548900852352,101.61691418640926,101.89668124690692,6563700
2021-11-11,100.57006072998047,102.20350976444725,99.75784603030557,102.20350976444725,7191900
2021-11-12,100.82273864746094,101.29201438205273,100.2541849690471,100.84078480119958,7350400
2021-11-15,100.95812225341797,102.56449867211059,100.6964082356778,101.18373707368869,6566100
2021-11-16,101.28299713134766,102.07715873366057,100.63322541799292,101.32811595936458,7965000
2021-11-17,101.54470825195312,102.07716277126418,100.76859965832217,101.27397461749138,5768600
2021-11-18,101.88763427734375,102.1854474342873,100.4797933923454,101.18371727745286,5632100
2021-11-19,99.97444152832031,101.88765774933054,99.06295569491442,101.7342413186714,6921800
2021-11-22,100.5790786743164,101.60788164820407,99.87516157483722,100.2722458402737,5967300
2021-11-23,102.5013198852539,102.97962217033671,100.87689053476754,101.07543266485114,7911000
2021-11-24,102.85328674316406,103.11500076440684,102.05009852306846,102.34791174226382,4464300
2021-11-26,99.86613464355469,100.0195510493673,98.59366391421985,99.2795348084404,6703200
2021-11-29,99.92930603027344,100.79566599950253,98.92757580971109,100.49785282361276,7114100
2021-11-30,98.94562530517578,100.25418838008551,98.41317768655728,98.86440728276301,9483300
2021-12-01,98.06121063232422,102.29373919504468,97.9619395789667,100.13686246339805,7618500
2021-12-02,100.55200958251953,101.14763600190155,98.52147623770992,98.52147623770992,7709400
2021-12-03,100.38955688476562,101.8425167100196,99.34270782014282,100.9400575333509,7014100
2021-12-06,102.30277252197266,103.03376224968974,100.8137135077344,101.08445401403849,8280200
2021-12-07,104.9198989868164,105.75918624196729,103.59328298171826,103.83694391408356,8786900
2021-12-08,104.91088104248047,105.27186609622922,103.9181773085843,104.48672412071697,5807000
2021-12-09,104.09867858886719,105.05529012615888,103.99940751532543,104.50478940387022,5664700
2021-12-10,105.34406280517578,105.6689417746332,104.4867224555336,104.52282164885489,6110800
2021-12-13,104.28819274902344,105.43431989645032,103.98135989709367,104.82967382808197,6479400
2021-12-14,103.52108764648438,104.05354212208874,102.90741515277352,103.39474391706304,6854600
2021-12-15,103.49403381347656,103.96330962457873,101.76131359295114,103.61135104494757,6902400
2021-12-16,102.51033782958984,104.14379367320181,102.17643233015339,103.78280861402261,7544400
2021-12-17,98.03412628173828,100.89492676600335,97.6641216434024,100.41661767538842,13696900
2021-12-20,97.54679870605469,97.57387826205137,96.21116312263979,96.6262934734426,6313700
2021-12-21,99.60443115234375,100.08273345921704,98.25074226033959,98.3680594856349,4682200
2021-12-22,100.84080505371094,100.87690425365525,99.2705277248338,99.45101683933706,3643300
2021-12-23,101.40934753417969,101.89667635123939,101.06640861557233,101.28300379107728,3359600
2021-12-27,103.07888793945312,103.21425819257492,101.42738599884477,101.61690159912845,3716700
2021-12-28,104.2972183227539,104.93796358292298,102.70888806805405,102.88035753388024,4561600
2021-12-29,105.02821350097656,105.55164156061402,104.06258230106108,104.14380722042051,4215300
2021-12-30,104.90185546875,105.89455921159876,104.75746557707866,105.0281992059189,4068700
2021-12-31,105.56063842773438,106.02089448089467,104.32426702423172,104.38743888366812,3674900
2022-01-03,105.29894256591797,106.30969937580444,103.58426866271775,105.10942695504254,5475700
2022-01-04,103.09693908691406,105.63285417022323,103.03376721709311,105.4974839105448,8367600
2022-01-05,99.66758728027344,103.74669946762036,99.63148808929662,103.24132456437826,8662300
2022-01-06,100.29932403564453,100.96714197636352,99.26149448445635,99.270521005136,6099900
2022-01-07,97.07752990722656,99.0087919258137,96.99631188911832,97.66412972824793,11266400
2022-01-10,95.68773651123047,96.57214945170004,94.23477682095533,96.22019095631329,8499400
2022-01-11,93.89185333251953,95.81408889534855,93.59404015250999,95.69677168135254,13073200
2022-01-12,93.73844146728516,95.04700457950685,93.56697201256824,94.2528429462185,11810500
2022-01-13,92.41182708740234,94.4604065223843,92.13206004246406,93.99113074944461,9818500
2022-01-14,90.35420989990234,91.9696125567715,89.42467121935806,91.9696125567715,13703200
2022-01-18,88.19734191894531,89.66834795750641,87.99879979044387,89.4968785037611,11396000
2022-01-19,87.42122650146484,88.79296147666244,87.34000159192654,88.38685758462312,10856800
2022-01-20,86.38338470458984,89.28930405947892,86.26606061701933,87.98073425529971,20311500
2022-01-21,86.91584777832031,88.81101770307981,86.15778531659062,86.54584306777633,13438300
2022-01-24,88.53123474121094,88.7568495121545,85.2011654040311,85.50799818761047,17201400
2022-01-25,87.54756927490234,88.52221998208982,85.85094156548276,87.24072956534499,12368500
2022-01-26,86.25704956054688,89.01857243154785,85.64337704641142,88.17025860415609,11863000
2022-01-27,86.02241516113281,87.69196339128192,85.78777382901777,87.19561493649037,7322200
2022-01-28,87.72805786132812,87.7370843811741,84.6416490548621,85.78776920747939,8345400
2022-01-31,88.72978973388672,88.80198812353116,87.01511584852692,87.56561652043534,8807700
2022-02-01,89.12688446044922,89.37054544759758,87.35806501770139,88.82004471102802,11601900
2022-02-02,88.19734191894531,89.47883234899615,85.49898391462824,86.45559536238817,15578800
2022-02-03,86.58193969726562,87.9627012010698,86.33827185234875,87.39414748640871,8901100
2022-02-04,85.73362731933594,86.5819412034495,84.67775166690791,86.10363891056592,8267600
2022-02-07,85.90509033203125,86.7353511134321,85.62532330824192,86.04948021847542,6849000
2022-02-08,85.66141510009766,86.66314523999347,85.14701369462817,85.99532744180175,7161000
2022-02-09,87.65585327148438,88.41392252491701,86.8165660008358,86.86169171165585,9353700
2022-02-10,86.44950103759766,87.81005349671062,86.15018475588982,86.58555766753449,9098800
2022-02-11,85.01638793945312,87.5197993904308,84.680782520532,86.70346656070878,6924800
2022-02-14,84.9438247680664,85.70573080724444,83.82816873055285,85.03452687937892,7948500
2022-02-15,85.72386932373047,86.58554970049809,85.58781270631269,86.30437109926115,7722200
2022-02-16,86.33158874511719,86.66719417535532,84.4993811500701,85.56967577164154,6545800
2022-02-17,84.39960479736328,85.83271475790856,84.15470148578974,85.64223824897775,6578200
2022-02-18,84.66262817382812,85.30662899636359,83.92793217194824,83.95514210977689,6210600
2022-02-22,84.45402526855469,85.29756805405809,83.77374905186251,84.89847045915786,8622500
2022-02-23,81.31568908691406,85.15244325941957,81.12521256743976,85.15244325941957,9674800
2022-02-24,82.54925537109375,82.72158731140577,79.13880191263829,79.36556065737363,9260500
2022-02-25,83.97330474853516,84.16378127444317,81.88712141122792,82.81230101721319,7039400
2022-02-28,83.25674438476562,83.72839954503257,82.19551508406904,82.80322687983943,8591500
2022-03-01,81.76013946533203,83.00277998437888,81.31569422514144,82.98463540797125,7100700
2022-03-02,84.14563751220703,84.60822731967264,82.16830085063961,82.33156743444346,10721100
2022-03-03,83.02090454101562,84.80776442816634,82.6127415979149,84.7896267747489,6587400
2022-03-04,81.66035461425781,82.68530852625909,81.13427268775516,82.51296967306368,7179800
2022-03-07,76.6081771850586,81.67850656030116,76.50840277895365,81.66943427243852,14608700
2022-03-08,76.19092559814453,78.83946563667823,75.97323917692813,76.88027400547747,10692000
2022-03-09,79.45626068115234,79.93698810012536,78.30432933305438,78.45852361458772,8811600
2022-03-10,79.05715942382812,79.23856362251031,77.64218037762596,78.08662550848595,9114300
2022-03-11,75.03900146484375,80.55376848154762,74.86666261677803,80.13653325160759,15351700
2022-03-14,71.9188003540039,74.68525273549979,71.58319493901324,74.66711508177501,18199300
2022-03-15,75.39276123046875,75.68301219038823,72.81677790607073,73.0163267385395,12542300
2022-03-16,79.283935546875,81.71478279170637,77.66034200758041,79.82815518258543,21207900
2022-03-17,79.51068878173828,79.77372283329247,78.0140796974033,79.32927763568479,8554200
2022-03-18,81.27033233642578,81.4063889666351,77.07983518284672,78.11385450023333,23784200
2022-03-21,78.78506469726562,81.3791854840195,77.97780405944309,81.27941107528834,11925300
2022-03-22,79.71929168701172,80.8168030151032,79.0480878417588,79.27484655219406,8447400
2022-03-23,78.20455932617188,79.55603954750426,78.09571263420357,79.23857867942321,7670500
2022-03-24,79.02088928222656,79.04809922417658,77.60591001967647,78.75784830983025,6163400
2022-03-25,79.32020568847656,79.51975448992725,78.20455654600616,79.26578580449099,7048100
2022-03-28,80.16374969482422,80.2000319247354,78.68528515661451,79.34742374226991,5981000
2022-03-29,82.7488021850586,83.35651394551414,81.32475757914838,81.36103288772189,8963200
2022-03-30,82.56739807128906,83.02998787645257,81.99596849088341,82.31342936888656,8122100
2022-03-31,82.51296997070312,84.01864437941923,82.51296997070312,82.83043081710765,11306100
2022-04-01,82.98462677001953,83.34744213899491,82.06852644051301,82.993699057279,6516300
2022-04-04,79.90069580078125,80.2363011831076,78.1682628533978,79.71929160068015,16243100
2022-04-05,76.29978942871094,78.56737701006688,76.02767615089698,78.51295020242722,17525800
2022-04-06,75.61043548583984,76.09116291165783,74.44035954670841,75.87347645697429,10567000
2022-04-07,75.39276123046875,75.7374320828329,73.87800732951425,75.27484223666697,10869100
2022-04-08,73.94147491455078,75.45622831163158,73.77820837139767,75.45622831163158,9286800
2022-04-11,73.17958068847656,74.14103552951879,72.82583760846565,73.36098491202611,8623200
2022-04-12,72.372314453125,73.71472221040948,72.2453301225745,73.3156315658766,8472500
2022-04-13,73.39726257324219,73.75100563123964,72.2090490666419,72.45394544520663,8604400
2022-04-14,72.10926818847656,73.54238486487664,71.88250948348136,73.2430617134526,9567200
2022-04-18,72.19998168945312,72.53558711709587,71.54691540870375,71.69204432448254,7797300
2022-04-19,73.66938781738281,73.95963875637739,72.02765659245678,72.21813312240995,8622100
2022-04-20,72.71697998046875,73.94147560549614,72.56278572164062,73.750999123392,8368800
2022-04-21,71.61949157714844,73.64218292074959,71.41087737676526,73.51519855874365,8152500
2022-04-22,70.67615509033203,72.09113418682698,70.54917076271576,71.55598001747825,10315500
2022-04-25,70.73058319091797,70.82128529515374,69.59678958765332,70.18635672524935,10259000
2022-04-26,68.59905242919922,70.3677747763686,68.59905242919922,70.2861380304364,8800500
2022-04-27,67.79180145263672,69.32469298644584,67.73738156106482,68.37230336316577,8467300
2022-04-28,69.46073150634766,69.93238659050293,67.90063043393684,68.58997886781933,8818500
2022-04-29,67.70108795166016,69.63306989927045,67.55596595847527,68.95279368840559,9199300
2022-05-02,68.36322784423828,68.68068869815289,66.63986002568065,68.25438115712716,12379000
2022-05-03,67.41990661621094,68.74417675626326,66.55821929841942,68.6806845892788,15570100
2022-05-04,74.05033111572266,75.16598712423962,70.67616006962528,71.93693806844495,30199700
2022-05-05,70.2770767211914,73.66938577412722,69.959608926613,72.9528272745804,19114700
2022-05-06,69.40631103515625,70.0230950753488,68.21809747013002,69.86890079533254,11165800
2022-05-09,66.65799713134766,69.43352880874605,66.51287513652187,68.24530830798014,12863600
2022-05-10,65.17953491210938,68.07297874363366,64.95277616468906,67.89156759362072,14085900
2022-05-11,63.54685974121094,65.26115506393795,63.456157639715805,64.89834665795742,12118100
2022-05-12,63.84830093383789,63.96704347426158,62.4690295647366,63.1632333422063,15460600
2022-05-13,69.05481719970703,69.1735667182108,65.65688056659617,65.65688056659617,18156300
2022-05-16,66.1501235961914,68.9086662768785,66.04964646067096,68.45195455864653,11435300
2022-05-17,67.33757019042969,67.91302438968839,66.53375318577578,67.60246379706635,12454500
2022-05-18,65.10884094238281,67.17318047853911,64.65212908732248,66.81694578910164,10576500
2022-05-19,65.70255279541016,66.15012836022827,64.24107658558798,64.94440961601643,11193700
2022-05-20,67.0361557006836,67.07269347999633,65.27324791983982,66.57030772553223,15941800
2022-05-23,67.06354522705078,67.83995373336774,66.28713672073383,67.34671122356079,10741900
2022-05-24,66.42415618896484,66.98134506598896,65.09968796945338,66.6525120576184,9227700
2022-05-25,66.2049331665039,67.13662199730761,65.70254749326268,66.4241528380693,8344400
2022-05-26,68.0408935546875,68.29665094069821,66.56115240166379,66.63422096276248,8940900
2022-05-27,70.06871795654297,70.07785414310091,68.6437794837158,68.71685503844245,8498400
2022-05-31,71.70375061035156,72.76332530200742,69.92257742732347,70.30621365614971,23361800
2022-06-01,69.67595672607422,72.05085688430401,69.46587318365624,71.93211431549688,7579000
2022-06-02,72.54408264160156,72.6171581840004,69.28316147737661,69.91342583504887,10241500
2022-06-03,72.20612335205078,72.98253185682032,71.53932119641208,72.16044939400122,10415700
2022-06-06,72.14218139648438,74.26132335280215,71.7311366954301,72.79984037421005,7239400
2022-06-07,72.58977508544922,72.84553258011584,71.48453335842899,71.76769244625717,5517100
2022-06-08,71.67635345458984,72.8637999938168,71.484535328304,72.06912589475681,5178300
2022-06-09,72.07823944091797,73.32048877775912,71.00039961593193,71.21961926727248,13248100
2022-06-10,69.1187515258789,71.05521176931684,69.10962230886645,70.3518718027522,8694300
2022-06-13,66.09532928466797,67.60247955074425,65.6842914706784,66.7621245801505,9282800
2022-06-14,66.0496597290039,67.44719675251802,65.33719042045703,66.54290932004463,7635600
2022-06-15,67.76690673828125,68.75339904092796,66.78040746676473,66.90828622764245,7682300
2022-06-16,64.80738830566406,66.32367451491685,64.2593356521377,66.15925802197218,10147000
2022-06-17,65.64775085449219,66.16840198184637,64.64297940795917,64.9261454378314,9824300
2022-06-21,66.64336395263672,66.8351820117355,65.79387999441826,66.73470488998849,7872500
2022-06-22,66.95394134521484,67.42891847059086,65.96744235150946,66.10445726211319,6702200
2022-06-23,68.68944549560547,68.83559660296687,67.14576449509383,67.46546133136142,6586400
2022-06-24,71.3475112915039,71.3840490683565,69.0091493238843,69.10962646801187,18012000
2022-06-27,70.95474243164062,71.64894628864211,70.58023542691986,71.24703769213566,6672200
2022-06-28,69.7307357788086,72.97339148605313,69.59372785025313,71.60325644956116,7206400
2022-06-29,69.81295776367188,70.47062379284937,69.09135236881703,69.61200348043785,8983900
2022-06-30,69.77642059326172,70.22399615688734,68.38801993984687,69.42932217212507,6781100
2022-07-01,72.39793395996094,72.58975202001061,69.91342142602217,70.08697408605767,7539200
2022-07-05,72.63542938232422,72.66283793956178,70.66243836215874,71.26529421289591,8087800
2022-07-06,72.0325698852539,73.50318211683975,71.41144169446692,72.91859169831876,4652800
2022-07-07,72.3796615600586,72.75416846442374,71.58498773574586,71.9868892556871,5395600
2022-07-08,72.41620635986328,72.73590315751521,71.49364677046697,71.87728989651681,3927100
2022-07-11,71.15569305419922,72.20613148788931,70.726382888084,72.02344260397415,5351500
2022-07-12,71.02781677246094,72.56236860599421,70.68071136547084,71.57586950539384,5393400
2022-07-13,71.17394256591797,71.74026752629929,69.17355025800462,69.41103530076441,3897500
2022-07-14,71.42970275878906,71.58499002370702,70.16004486732902,70.41580228879334,4504500
2022-07-15,72.72677612304688,73.26569260256221,71.80421650597144,71.80421650597144,5584100
2022-07-18,73.2839584350586,74.59928332019767,73.07386799826206,73.10126958374268,6768800
2022-07-19,75.40310668945312,75.51271304062223,73.90509282662182,74.08777472448214,5949200
2022-07-20,76.06076049804688,76.24344935227306,74.80023876378876,75.33916217267195,6850600
2022-07-21,76.30738830566406,76.37132766208843,75.49444207303978,75.76846489962969,7695300
2022-07-22,76.35305786132812,77.1203371331038,75.66799031850256,76.87371588398827,6283600
2022-07-25,74.44400787353516,76.45353658686884,74.0238339414333,76.3530594543154,5861100
2022-07-26,73.35704040527344,74.37094106644615,73.07388134509905,74.18825915063076,6587000
2022-07-27,75.77760314941406,76.18864785380049,74.09690746682277,74.19738459663718,6372600
2022-07-28,77.33956146240234,77.54051573544275,75.64972948190378,75.98769866555062,5594600
2022-07-29,77.44002532958984,77.62271416871735,76.6636169276812,77.27560885880841,5802700
2022-08-01,77.55879974365234,78.17992108970645,76.75498253088796,76.90113364916108,7313700
2022-08-02,76.46267700195312,77.76887282853548,76.38047223560801,77.36696427608923,7254700
2022-08-03,79.71446228027344,80.35386288353305,76.6453658663255,78.56355373836844,12915700
2022-08-04,79.35823059082031,80.6370248752415,79.07507153792905,79.65966201614418,7086700
2022-08-05,78.30779266357422,78.69142882646946,77.56791495642753,78.33519425108564,4835100
2022-08-08,78.29866790771484,79.33997019835833,78.02463805486397,78.69144031340448,4878400
2022-08-09,77.49484252929688,78.39913676677345,77.14774412540363,78.3169250320629,3498400
2022-08-10,79.00200653076172,79.376513558067,78.63663569089218,79.01114271819746,5072300
2022-08-11,80.16864776611328,80.42586944611914,79.46130741967607,79.865505908254,5595700
2022-08-12,81.12403869628906,81.20671886305065,80.09517979312706,80.20541067070835,5154000
2022-08-15,81.90486907958984,81.98754222864565,80.84844556512482,80.94030695582289,5601000
2022-08-16,82.12533569335938,82.61220735917503,81.335315138369,81.55578387205304,4580800
2022-08-17,81.16078186035156,81.75789145810901,80.71065610573612,81.20671606347729,3831300
2022-08-18,81.3445053100586,81.55578580735182,80.54529649469873,80.86681486573724,3428300
2022-08-19,79.84712219238281,80.81168413143305,79.50723441103204,80.62795437664687,4597700
2022-08-22,78.03743743896484,78.58861978679501,77.47707385829229,78.4324477170033,5915200
2022-08-23,77.7986068725586,78.64374294300292,77.69755723276901,77.94558370679547,4560400
2022-08-24,79.04793548583984,79.44294577261441,77.60568992874666,77.86290462551617,4386000
2022-08-25,80.27888488769531,80.49935360280472,79.27758392478563,79.32351111078913,4236300
2022-08-26,77.21986389160156,80.83007204617701,77.1280024975346,80.38913455122548,6674900
2022-08-29,77.27497100830078,77.77103084816481,76.28285132857272,76.4298281282137,5035500
2022-08-30,76.62274932861328,78.10173366124121,75.96133618117216,77.33008966160925,6812500
2022-08-31,77.22904968261719,77.86290519614077,76.8432276346354,77.04532690031392,6570100
2022-09-01,78.45082092285156,78.51512459293575,76.18180897926412,76.88914935019015,7556800
2022-09-02,76.19100189208984,78.79071357796325,75.83273756414255,78.51512940723639,10336800
2022-09-06,77.64241790771484,77.7342862937877,75.02433010183687,76.31041041254457,11062800
2022-09-07,81.12403869628906,81.40881815005052,78.00989025025648,78.18443181786101,9946800
2022-09-08,82.18045043945312,82.19882692210881,80.06761049139972,80.19621783569103,7721100
2022-09-09,81.47311401367188,82.63058016866341,81.42717981337024,82.21720040024857,7094600
2022-09-12,81.82218170166016,83.02558193333455,81.33531006620638,82.46521838837756,9078900
2022-09-13,80.69226837158203,82.0334712232591,79.06630013281168,79.66340964732487,16033600
2022-09-14,85.15681457519531,85.87335031736458,82.2263959598205,82.28151139822752,24320600
2022-09-15,84.71587371826172,85.57019802284142,84.2657479689682,84.596447594977,11052400
2022-09-16,83.8799057006836,84.60562253421395,83.27361497165995,83.73292889096467,11987600
2022-09-19,84.6423568725586,85.01899759881431,83.43895681187736,83.4940722318862,6287000
2022-09-20,83.4022216796875,84.53212998785821,82.76836623308128,84.20143041633993,6560000
2022-09-21,81.39041900634766,84.07281041223062,81.36286129462417,83.86152994996807,8806800
2022-09-22,77.80777740478516,80.85762163791648,77.51381676816675,80.83925216437915,9953000
2022-09-23,77.3208999633789,77.56893339328029,76.45739460034244,77.0728735420514,7153200
2022-09-26,77.90882110595703,79.02954813801645,77.4219494956367,77.44950720813425,7583500
2022-09-27,77.42195129394531,79.46130616901915,76.4022738564084,78.97443454739008,8628800
2022-09-28,80.02166748046875,80.36156228641975,77.39439143602003,77.78940166671893,7850800
2022-09-29,79.5256118774414,80.23295223090444,78.64372999152711,79.74608059677642,6881500
2022-09-30,77.40359497070312,79.64504245908817,77.30254533298277,79.52562334568013,7737500
2022-10-03,78.6529312133789,79.20410660697071,76.98102854795772,77.8537223370968,6739900
2022-10-04,81.30775451660156,81.71194601247979,79.79201713347858,80.00329761820652,5982400
2022-10-05,82.78673553466797,83.26441888194336,80.42586249233266,80.59121576803828,7980800
2022-10-06,82.07939910888672,83.50327511647356,81.996725964374,82.85105016721121,6893800
2022-10-07,79.94817352294922,81.66600997209434,79.27757917715006,81.33530341494797,6606400
2022-10-10,79.97574615478516,80.44424836624128,79.12142189087103,79.92981896296395,5092400
2022-10-11,79.19490814208984,80.10434777455372,78.6712905344804,79.65422207889021,5531300
2022-10-12,79.80120849609375,80.89437093537263,79.3786405015341,79.92062760045582,5261900
2022-10-13,82.09777069091797,82.6489459804944,77.81696169110707,78.16603773917153,7616600
2022-10-14,79.34188842773438,83.3195416165257,79.22246232400443,82.68569317783827,6315200
2022-10-17,81.66602325439453,81.95998390760448,80.66471518002088,80.74739533704155,6255300
2022-10-18,81.72113037109375,83.10826034754919,80.91274040916842,82.77755377026745,5484400
2022-10-19,80.39830017089844,81.87729145644745,79.92980504956832,81.19750886207872,6473400
2022-10-20,79.72773742675781,81.05056419633085,79.43377670113898,80.2237974653477,4540700
2022-10-21,81.39960479736328,81.73031134524253,79.51641512241613,79.9206135717293,9088800
2022-10-24,76.94425964355469,80.3891135870161,75.72248309621611,79.82875011819385,16499300
2022-10-25,78.2762680053711,79.0019847528505,77.25659066473564,77.25659066473564,10674000
2022-10-26,78.90094757080078,81.05054044133564,78.524313786759,78.64373288734308,9987000
2022-10-27,78.34056854248047,79.36943408178998,77.23821811424199,79.12140067986381,9524600
2022-10-28,80.01249694824219,80.6463525074211,77.44952400162897,78.23954463787142,8284900
2022-10-31,79.54399871826172,80.44425728235299,78.9560773326177,79.55318696107435,7401100
2022-11-01,80.01249694824219,81.64765365767292,79.53481347470218,80.89437898225285,6219600
2022-11-02,77.69754791259766,81.37205943922521,77.65161371508499,80.168652148424,7653200
2022-11-03,77.7894058227539,78.51512265786057,76.21855305634867,77.22904227929907,8855100
2022-11-04,84.38516998291016,85.98358076593323,83.15420479887129,84.49540786775074,20194300
2022-11-07,83.08988189697266,84.8444643631088,82.01508905056748,84.21060893691265,10190200
2022-11-08,85.20272827148438,86.14891378213012,83.52163771894884,83.52163771894884,9675500
2022-11-09,84.65762329101562,85.55381449908693,84.38968932837602,84.63914824652643,6271200
2022-11-10,88.9353256225586,89.0831471367081,86.22827674003082,86.74566261283486,10408400
2022-11-11,89.97008514404297,91.1619263381216,89.22172252986566,89.39726716236765,8294400
2022-11-14,90.0070571899414,91.06031106172493,89.332608735497,89.73912319815732,8521100
2022-11-15,90.3858413696289,91.95648076057999,89.88693064513973,91.38366281860726,6410000
2022-11-16,89.68368530273438,90.50596227225941,88.9353226122091,89.17553344567796,5348900
2022-11-17,89.59129333496094,89.62825047337039,87.86358412079993,87.96521448921254,5245600
2022-11-18,90.4967269897461,90.86629135943232,89.73912320387365,90.31194832933001,5964800
2022-11-21,90.83856964111328,90.99563219762804,89.34183720853646,89.60977118374886,4499200
2022-11-22,90.94019317626953,91.21736817775016,90.09943417427054,91.00486640343459,5398600
2022-11-23,91.94725799560547,92.46465091397052,90.79237378769373,90.9956345361028,5944900
2022-11-25,91.98421478271484,92.27986485685021,91.0233502795615,92.05812906346213,2320000
2022-11-28,91.15270233154297,92.53856335345803,91.06030595766569,91.4575863992355,5257300
2022-11-29,91.15270233154297,91.77171856294015,90.72769874849779,91.42987030661378,4423900
2022-11-30,94.42333221435547,94.75593943787439,91.02335274527077,91.51302958184593,15000800
2022-12-01,95.50431060791016,95.67984822093261,94.19235674096333,94.54344606471638,7452300
2022-12-02,97.05646514892578,97.50917775441295,94.07224145415177,94.25702009549455,7916900
2022-12-05,95.67059326171875,96.30808443571392,95.16244148280354,95.52276472645158,9285800
2022-12-06,94.31246185302734,96.26190688147666,93.72116172626916,95.92005863209783,8383000
2022-12-07,94.1184310913086,95.13472762410304,93.37006144947274,93.58256321168605,4194300
2022-12-08,95.84613037109375,96.0031999512659,94.60809811407644,94.92222317671576,5465100
2022-12-09,94.0445327758789,95.62441354510956,94.00757563492654,95.5597403106564,7999600
2022-12-12,94.88526916503906,95.02385665852613,93.14832612004561,93.43473510409355,5796000
2022-12-13,94.3401870727539,97.19505761264472,93.30540822638265,96.8439753311806,7066000
2022-12-14,94.41409301757812,95.4396307254903,93.03746601036227,94.5341984337931,5624000
2022-12-15,92.38150024414062,93.82280060151587,91.88258939530161,93.50866841571907,7244400
2022-12-16,91.30976867675781,91.96574207514682,90.56139890065867,91.72552418103758,13862300
2022-12-19,90.82008361816406,91.29127123075504,90.29345677849848,90.94018902059558,5771100
2022-12-20,90.54292297363281,91.07879094418129,89.86846748672126,90.71846763094963,4533500
2022-12-21,91.16192626953125,91.5314905776955,89.01846174080214,89.36030995940332,5566300
2022-12-22,90.32117462158203,91.06029619135296,88.8521584305017,90.95866583007087,4756900
2022-12-23,90.79236602783203,90.82008916748966,89.50813546230337,90.16410879046991,3944500
2022-12-27,91.651611328125,91.8918292259815,90.73694497512884,91.06955220328273,4402500
2022-12-28,91.0972671508789,92.30759062375937,90.90324744504021,91.84563692923274,3491500
2022-12-29,92.17823791503906,92.99128093582306,91.16194118791313,91.46683232070713,3976100
2022-12-30,91.651611328125,91.69780951770073,90.76466106933265,91.64237732929311,3988900
2023-01-03,93.1575698852539,93.47169496739808,91.90105545897138,92.9081109799249,6607700
2023-01-04,96.51136779785156,96.7608267474481,94.74670829927437,94.87605477356362,8166600
2023-01-05,96.48363494873047,97.1026511180298,95.61515987315335,96.53906712841311,5575100
2023-01-06,98.57167053222656,98.8580795350596,97.01950601084346,97.36134719516595,9644100
2023-01-09,96.7700424194336,98.56242472206516,96.483633430443,98.41459618010043,10124800
2023-01-10,97.9341812133789,98.3314616644062,96.2434290346683,96.41897369058965,4183600
2023-01-11,98.21135711669922,98.34070358573166,96.88092823653251,97.75863742623177,5634400
2023-01-12,97.79560852050781,98.34071761679441,97.16735113177431,98.202130080528,4882000
2023-01-13,99.0705795288086,99.13525275566649,97.07493644487421,97.07493644487421,5529700
2023-01-17,98.6270980834961,99.4124178294255,98.2205766413832,98.81187671235494,7477200
2023-01-18,97.01026153564453,99.29231357768045,96.9271132663491,98.987422492558,5725800
2023-01-19,96.32658386230469,97.65700567487369,96.30810176764393,97.01027333882304,5115800
2023-01-20,97.04722595214844,97.19504745826983,95.98473112204046,96.45592582995597,6543500
2023-01-23,98.12820434570312,98.75646166117828,96.45593420328791,97.0472343768111,6320500
2023-01-24,98.5254898071289,98.73799162191573,97.38908759210577,98.30375399302636,5517200
2023-01-25,98.83961486816406,98.9874363839403,97.84179320347219,97.98961471924844,5416900
2023-01-26,100.48416900634766,100.5211261475513,98.91352222503514,99.13526507225706,6324100
2023-01-27,100.72438049316406,101.40807703651035,100.09612318640373,100.46568755194286,6851100
2023-01-30,100.15156555175781,100.58580316616798,99.24613318034363,100.02221907710639,6880700
2023-01-31,100.83523559570312,100.84447664178064,99.32002828622156,100.02219976220294,5816300
2023-02-01,101.62056732177734,102.35045497319857,99.76351862584673,100.6781849274882,5841200
2023-02-02,100.84449768066406,102.3966624494263,99.78200272337578,101.66677473179095,9852900
2023-02-03,96.363525390625,98.34068626777258,95.1994003254835,96.62221828313363,15200500
2023-02-06,97.02874755859375,98.09124242922056,95.43963282513315,96.08636515567794,6392200
2023-02-07,98.70101165771484,99.20915640791542,96.60373828582486,96.85319718676118,6207500
2023-02-08,98.21135711669922,98.43309291377571,97.6108159111321,98.22983216276647,5557500
2023-02-09,98.47132873535156,98.99130706723682,98.05348293222366,98.17419724796378,5608400
2023-02-10,99.43701171875,99.59486837333831,97.93278649734064,97.97920909113489,6298600
2023-02-13,100.76481628417969,101.14551979474261,99.61343256872972,99.77128213371601,5192400
2023-02-14,100.263427734375,100.71840887788966,99.07489443128608,100.21699805100255,5109400
2023-02-15,101.21051025390625,101.21051025390625,99.59485822057762,99.81770506692588,4059100
2023-02-16,99.8548583984375,101.30337368567139,99.73415115255945,100.05913764851906,4596800
2023-02-17,99.44629669189453,99.78057052958216,98.63847415429446,99.11202285420688,6876400
2023-02-21,97.2920913696289,98.37847779911431,97.22709407258724,97.96063904444271,5438000
2023-02-22,97.2828140258789,98.36920765130647,96.92997253194866,97.87708419676503,7523700
2023-02-23,96.11286163330078,97.96993553243578,95.29574458380955,97.96993553243578,6857900
2023-02-24,94.33935546875,95.37931943353975,93.61509775998614,95.31432212850132,6019700
2023-02-27,95.11932373046875,95.91786604318708,94.85004717532658,95.01718410320191,5235100
2023-02-28,94.7943344116211,95.59287676029592,94.61791720726836,94.70148213288154,5186500
2023-03-01,94.18150329589844,95.01718796927759,93.69866719804313,94.88719336277136,5382200
2023-03-02,95.6485824584961,95.79714467003667,93.72651147127671,94.04221059840914,4777600
2023-03-03,97.07854461669922,97.20853922786694,95.64859680967938,96.01072566710015,4882100
2023-03-06,97.48709106445312,98.369205405401,96.97639999943821,96.98568026820557,5237100
2023-03-07,95.95499420166016,98.127774103631,95.75072204638161,97.48708141337984,3976300
2023-03-08,95.17501831054688,95.6578543107934,94.46004811929902,95.54643443298367,4225500
2023-03-09,93.13226318359375,95.40717598160182,92.81655692236536,95.3978886281076,5732300
2023-03-10,92.27799987792969,94.00507917797532,91.95301336107696,93.42939080074328,6641900
2023-03-13,91.99943542480469,93.03939219262433,91.34017509258354,91.8415858559998,6408200
2023-03-14,92.3522720336914,93.20652421498063,91.4330225578296,92.95582238853606,6248800
2023-03-15,92.24085235595703,92.26871441369683,90.32806860660429,91.36803248615131,6603300
2023-03-16,93.2529525756836,93.51294175030948,91.95299961838043,92.05513923472256,8188600
2023-03-17,91.64656829833984,92.19440862818753,90.84802617969592,91.99012942330103,10189700
2023-03-20,92.71440887451172,93.05797008087659,91.86015661909977,92.01800619330481,4864000
2023-03-21,93.3551025390625,93.9586529522951,92.98368635521364,93.32724756500437,4743700
2023-03-22,92.03659057617188,94.22793847685514,91.98087353857812,93.49439339208466,5917700
2023-03-23,91.38661193847656,92.97440939483906,90.55092720245018,92.2408642978923,6879200
2023-03-24,91.31232452392578,91.39589653709675,90.24451264893332,91.2009046185979,4685400
2023-03-27,91.60945892333984,92.59370582379003,91.53517426710877,91.85087342982874,6022200
2023-03-28,91.66516876220703,91.84159304949809,91.07090568142893,91.12661563144727,4709800
2023-03-29,93.42938232421875,93.4943796216923,91.68372847634451,92.2315689129138,4946600
2023-03-30,94.079345703125,94.43218712711065,93.45722776445028,94.19077266636049,4082600
2023-03-31,96.68853759765625,96.82781953904872,94.56218740597443,94.56218740597443,6900100
2023-04-03,97.35709381103516,97.44066581688988,96.26141997145562,96.62354880041904,3855400
2023-04-04,96.5678482055664,97.5056725611318,95.96429773744659,97.35710324041149,3854400
2023-04-05,97.40351104736328,98.14633623160104,96.502829224271,96.54925889761178,5170900
2023-04-06,97.19924926757812,97.64495012546736,96.58641147350227,97.40352853227007,3155700
2023-04-10,97.25494384765625,97.32922849292665,95.70428906954835,96.14998985699711,3761600
2023-04-11,98.18348693847656,98.7963246748793,97.42208698620823,97.55208158165593,4010600
2023-04-12,98.05349731445312,98.96346661289769,97.82136308450217,98.64776037639363,4606000
2023-04-13,99.34416961669922,99.56702359275211,98.65705423430693,98.77776149153767,4367600
2023-04-14,99.78986358642578,100.43983659454506,99.21416814768122,99.26988517993036,3963300
2023-04-17,100.56983184814453,100.88553808568804,99.87342915599875,100.24484534197806,4780700
2023-04-18,100.19842529296875,101.42409377892977,100.03128835923886,101.08981991146997,5300500
2023-04-19,99.50202941894531,100.15200249245123,99.42774475792316,99.99415290091054,4617800
2023-04-20,99.39987182617188,99.8919952192433,98.60132957486485,98.60132957486485,4297200
2023-04-21,100.45841217041016,101.00624555568943,99.03775180880167,99.6320148739951,4522800
2023-04-24,101.47979736328125,101.47979736328125,100.31912625301064,100.45840820307797,5940700
2023-04-25,101.52622985839844,103.16974427796077,101.05268109983128,101.12696575833493,8747100
2023-04-26,103.50399780273438,104.30254001417597,101.21979813425266,101.21979813425266,8081600
2023-04-27,104.69253540039062,104.81324264700184,103.23473275179651,103.42972465055662,7618500
2023-04-28,106.12247467041016,106.14104228988963,104.26540101881668,104.3861082558677,5979300
2023-05-01,106.37317657470703,107.22743583904146,106.08533242543359,106.08533242543359,6495900
2023-05-02,106.28033447265625,106.3731867473492,104.78538947232418,106.3081894466467,9626400
2023-05-03,96.53069305419922,101.87906745878347,96.38213083738603,101.28480442318235,24388600
2023-05-04,97.23638153076172,98.11848871788496,96.3821293160904,96.81853569146065,8858100
2023-05-05,99.54843139648438,99.79914030445346,97.84920731953378,98.00706396254805,7813800
2023-05-08,99.51130676269531,100.39342114700409,99.28845987035598,99.78987069125071,6090700
2023-05-09,99.08418273925781,99.52059626413244,98.79633853526609,99.34417196662777,3682400
2023-05-10,99.32559204101562,100.38412352658237,98.12777860541658,99.50201631666818,4565000
2023-05-11,98.56971740722656,99.6241930757281,98.09381079239013,99.3255820721365,4791700
2023-05-12,99.02698516845703,99.12029978546948,97.82320738648428,98.69104685165306,5175600
2023-05-15,99.51222229003906,99.62420409856902,98.5510682383652,99.01764842806698,4217000
2023-05-16,98.24312591552734,99.43757009014973,98.16847137475122,99.2976017255056,3676600
2023-05-17,98.62571716308594,99.41890201653692,97.93517339563365,98.87766731862513,4757300
2023-05-18,99.93213653564453,99.97879740002344,98.16846407773629,98.37376048988617,5377500
2023-05-19,98.457763671875,99.98814628071564,98.2804609034711,99.84817078563094,4985200
2023-05-22,96.02220153808594,98.63504624911607,95.9008861360136,98.46707710116462,7504300
2023-05-23,93.63330841064453,95.31299992984479,93.39069183966456,95.29433985494197,6766300
2023-05-24,92.95210266113281,94.07189222887288,92.4855224879997,94.0625657514131,6134800
2023-05-25,91.86029815673828,92.28955102146303,91.19775522730784,92.1029146980298,8177000
2023-05-26,91.94429016113281,92.95210506988435,91.75766093482265,92.03760477428789,7276500
2023-05-30,91.21643829345703,92.34556163692444,90.80584539785086,92.28024068711888,6505400
2023-05-31,91.11376953125,91.52436233430288,90.49788744611865,91.47770147233851,10377100
2023-06-01,91.00180053710938,91.66435069686622,90.068640122121,91.06712148138061,6752200
2023-06-02,92.84944915771484,92.99875822193668,91.62701145205273,91.73898613077107,6221400
2023-06-05,93.25072479248047,94.12789790065762,92.84946551102169,93.3533730123501,6536500
2023-06-06,91.6550064086914,93.6239752242136,91.01112351922784,93.0734069414749,8657100
2023-06-07,91.37505340576172,92.25222635195448,91.06710880301985,91.96294894180494,6285600
2023-06-08,92.52284240722656,92.5508360762793,90.44189186778254,91.12310199900664,6877800
2023-06-09,91.41238403320312,92.34554435259406,91.11377301577595,92.1962424036046,5550800
2023-06-12,91.87897491455078,91.92563578374464,91.00180183373972,91.41239470040857,6705800
2023-06-13,92.6255111694336,92.82147401575408,91.92564080995353,91.92564080995353,5137900
2023-06-14,93.93193817138672,94.58514766542923,92.5601911144479,92.90545593867772,9279500
2023-06-15,94.60379028320312,95.1730186455799,93.93192083594771,94.56646301622534,6448200
2023-06-16,95.06103515625,95.65825713366269,94.69710323624689,95.19167701884355,11709200
2023-06-20,94.50114440917969,95.63960116200644,94.1558796401557,95.05171271136814,5506400
2023-06-21,95.06103515625,95.61159627440175,93.65196121605092,93.87591767771879,5508800
2023-06-22,94.10922241210938,94.84641996282834,92.98009921248625,94.64112354117891,6125500
2023-06-23,91.7669906616211,93.06409017236163,91.00179941553934,92.98943563141489,18770100
2023-06-26,91.66433715820312,92.16823744275656,90.96446695033146,91.76697823879888,6069000
2023-06-27,92.12159729003906,92.43886841374201,91.19777047281401,91.81365264448107,5034100
2023-06-28,92.0189437866211,92.04693745834507,90.79650599168414,92.04693745834507,6581900
2023-06-29,92.08426666259766,92.22424214360811,91.43105724381375,92.01894572071926,5113500
2023-06-30,92.43885040283203,92.81211591992185,91.95361021422856,92.75612858416503,6229900
2023-07-03,92.52284240722656,92.91476801286065,91.68299673840504,92.13091680159248,3287000
2023-07-05,91.87897491455078,92.6908270501599,91.72033935041021,92.52285788829074,6365400
2023-07-06,89.77001953125,91.51503188477926,89.49940930478523,91.31906907279708,7153300
2023-07-07,89.63005828857422,90.19928669591133,89.16347809367159,89.57406382396073,7889500
2023-07-10,92.50418853759766,92.8774541241046,89.79802905418232,89.86334999786237,9294600
2023-07-11,93.4000244140625,93.53067342470496,92.51352484961487,92.79347582757154,5268000
2023-07-12,94.37984466552734,95.02372763598167,94.02524626759038,94.64112844500184,6971900
2023-07-13,94.80908966064453,95.36898444394697,94.52914582871752,94.72510864690095,4511700
2023-07-14,94.81841278076172,95.25699923371319,94.23985086758884,94.96771471740293,3939800
2023-07-17,94.18387603759766,95.00505459678463,93.35336388130385,94.09056142487505,5244500
2023-07-18,94.02523040771484,94.6411124812413,93.1853847443171,94.00656321550166,5989000
2023-07-19,95.02371978759766,95.16369526345474,93.89459662272785,93.89459662272785,5556200
2023-07-20,94.13722229003906,95.63028468429846,93.96925312665734,94.97706810694768,5466100
2023-07-21,95.94755554199219,96.62876579139032,94.81843227115208,94.99573503184114,20370300
2023-07-24,95.91021728515625,96.49811284770638,95.48096438900198,96.00353189398139,4746600
2023-07-25,96.04084777832031,96.83403253849553,95.49028666789253,95.5836012656577,5627500
2023-07-26,94.93040466308594,95.80757054277615,94.5291454315064,95.37831764006638,6568300
2023-07-27,94.04390716552734,95.583623301688,93.81995065537006,95.21035770512647,5373400
2023-07-28,94.48249053955078,95.02372528044506,94.07189768515526,94.71578063964843,5320700
2023-07-31,94.78109741210938,95.0237210989801,94.11855441132072,94.53847372523865,6377400
2023-08-01,94.4918212890625,94.91174060880257,93.68930279935817,94.68778411290444,7784300
2023-08-02,95.30367279052734,97.47793831564204,92.65350056893193,93.78262384245244,14463100
2023-08-03,95.49031829833984,96.02221951318184,94.66913247932077,95.15437993955018,5547500
2023-08-04,93.95059204101562,96.25549943398035,93.8012829554143,96.07819667469104,5199200
2023-08-07,94.93972778320312,95.0517095832125,94.19320380815176,94.64111676929295,5222700
2023-08-08,93.96924591064453,94.64112251257721,93.21338829319457,94.45449328735084,4058400
2023-08-09,93.24137878417969,94.79042835461864,92.82145948202125,94.24919365269791,4494300
2023-08-10,95.37095642089844,96.03703245183368,94.18890247149982,94.32024100394264,6844200
2023-08-11,94.7424087524414,95.12704817582237,93.9449941116097,95.12704817582237,3180600
2023-08-14,94.76116943359375,94.95817723879877,94.00127400504473,94.26395823606488,3239300
2023-08-15,93.85116577148438,94.42342954476393,93.60724830482111,93.93559461143742,3203700
2023-08-16,92.85675811767578,93.89808309493772,92.77232210700309,93.44778156272939,3679500
2023-08-17,90.59584045410156,92.96932462602433,90.46450191823801,92.87551240860942,5291100
2023-08-18,91.21501922607422,91.45892957391874,89.86410031376815,90.07049149841644,4126000
2023-08-21,90.49263763427734,91.53396962639572,90.211201004529,91.29943552289902,3753200
2023-08-22,90.12677001953125,90.75531973409208,89.68584473524095,90.5207856175473,3639800
2023-08-23,89.29183197021484,90.58645775794827,88.19421398773999,90.45511922110923,9704500
2023-08-24,88.9634780883789,89.71398292707978,87.91276272530227,88.88842545728497,7824500
2023-08-25,89.57327270507812,90.02357419951147,88.66327919008533,89.62955860252899,5360400
2023-08-28,91.03675842285156,91.18685652715348,89.90161422143201,90.00480979950768,5098900
2023-08-29,93.0162353515625,93.09128798929741,91.31820342052391,91.33697015866439,5512300
2023-08-30,93.10066986083984,93.5509785572116,92.87551909136093,92.89427867322837,4212200
2023-08-31,91.41202545166016,93.18510291452307,91.26192017183017,92.875516142934,5624500
2023-09-01,91.93737030029297,92.6409726240197,91.03676018481231,92.31262630442981,4747100
2023-09-05,90.84912109375,91.75911450239559,90.61458700522948,91.4870541008223,5414300
2023-09-06,90.01419067382812,90.57707827700804,89.47007696545444,90.4551159561929,5428400
2023-09-07,89.21678924560547,89.89224874292113,89.14173659981168,89.58266194708241,6404100
2023-09-08,89.38565063476562,89.92038818972193,88.88843940124306,89.35750768304382,4754700
2023-09-11,89.75151062011719,90.27687188842508,89.32935208920703,89.73275104076221,5577500
2023-09-12,90.28624725341797,90.53954809552101,89.3105845156029,89.59202830518119,5007600
2023-09-13,90.9335708618164,91.28068394207487,90.098629952802,90.24872807033711,5830200
2023-09-14,91.14934539794922,91.730985444795,90.29563775092744,90.78346557964456,6039700
2023-09-15,90.27687072753906,91.44015788273879,90.10800588586388,91.23376672542324,8767600
2023-09-18,90.77408599853516,90.97109379651656,90.14552912983656,90.34254408523115,4477500
2023-09-19,89.39502716064453,89.56389201546155,88.438123930877,89.31997452352287,6803000
2023-09-20,89.2730712890625,90.64274969736621,89.16987570318774,89.54512457100864,4572100
2023-09-21,87.34049987792969,89.4231638899997,87.2748306143695,89.27306578361053,6108800
2023-09-22,87.88462829589844,88.50379466890182,87.59380826898878,87.65009416905812,5118900
2023-09-25,87.0027847290039,87.6876275840581,86.54309980727429,87.14350664797824,4818800
2023-09-26,86.30854797363281,86.76823280115596,85.53927641929477,86.30854797363281,6086600
2023-09-27,85.52989959716797,86.99339734620212,84.78877093265363,86.74009649309036,4731500
2023-09-28,85.44547271728516,85.73629273707807,84.62929139918496,85.52990156532309,4736300
2023-09-29,85.62371063232422,87.30297573651936,85.2203116725744,86.88081719703348,7700200
2023-10-02,85.49237060546875,86.06463440247859,85.17340765364712,85.417325130425,6430500
2023-10-03,83.94444274902344,85.43607609222754,83.6911419293847,84.90133866538294,6666600
2023-10-04,85.5111312866211,85.77380832420458,84.2540248329412,84.32907746008291,6166100
2023-10-05,86.65567016601562,87.2936032655714,85.50175913394658,85.50175913394658,7548600
2023-10-06,87.10597229003906,87.56565716936174,86.00835430664242,86.30855769929997,6979300
2023-10-09,86.94649505615234,87.04969064843345,85.77382437787958,86.73072050208809,4120700
2023-10-10,87.41556549072266,88.1566942366213,87.12474544568654,87.2091743010529,4974800
2023-10-11,86.26162719726562,87.83769641777837,86.16781500171129,87.51873352141128,4499200
2023-10-12,85.76443481445312,86.54308980637094,85.15464467430769,86.15845041611757,5485200
2023-10-13,85.82072448730469,86.36483818164615,85.4173255327161,85.63309290527917,4780100
2023-10-16,87.85647583007812,88.05348361639633,86.16782743676094,86.4680308003048,4595900
2023-10-17,88.35369110107422,88.36307446964499,86.8995767413697,87.01215569197952,6086700
2023-10-18,87.9502944946289,88.68203979963809,87.71576037597656,88.12854271517693,4110700
2023-10-19,88.57884216308594,89.74213651799374,88.34430804986611,88.53193963488985,5610800
2023-10-20,88.36309051513672,89.20740774708065,88.31618082117788,88.76648954797379,4699000
2023-10-23,88.37245178222656,89.15110676280307,87.51875132438795,88.11915808696394,4481000
2023-10-24,88.76648712158203,89.10421686809367,88.24112576177826,88.4475169576925,3600200
2023-10-25,88.18482208251953,89.46068816609369,88.15667913555158,88.48502544586565,5497300
2023-10-26,86.93709564208984,88.6351273378922,86.87142638252263,88.00657053070597,6201700
2023-10-27,86.32730865478516,87.93152820243812,86.09277455403519,86.90895580131365,8293600
2023-10-30,87.38742065429688,87.9127748294615,86.98402165339152,87.35927770311503,7852700
2023-10-31,86.53370666503906,87.54689577833695,86.30855591455509,87.40617387525447,9308300
2023-11-01,85.69876861572266,86.17722023910962,84.94826370340817,86.14907728904218,14292500
2023-11-02,93.82302856445312,95.61486546583919,93.56972771427296,94.74239827922119,23396300
2023-11-03,96.29972076416016,97.35042914642149,94.28272569833487,94.39530466389746,15995700
2023-11-06,97.59435272216797,97.65063862973862,95.66179354982071,96.50611795045309,7532000
2023-11-07,97.2659912109375,97.93206725749248,96.93764487213059,97.78196914150077,6239500
2023-11-08,97.8476333618164,98.33546116039172,97.23784324553752,97.3222720894126,7453000
2023-11-09,96.43270111083984,98.53623729797467,96.24403847733976,98.3853143879182,7607000
2023-11-10,98.41361999511719,98.4324826616309,96.1968860474291,96.78172226702894,7338500
2023-11-13,97.6401138305664,98.31928492221682,97.12130058090466,98.026859637524,7120800
2023-11-14,99.61158752441406,99.81911281956752,98.32871042414128,98.55510558071423,8323000
2023-11-15,100.01719665527344,100.4982773356585,99.66818340597348,99.66818340597348,7980200
2023-11-16,101.13027954101562,101.55476502856125,100.17755312327235,100.25301816951284,8037200
2023-11-17,99.58328247070312,101.40383533718463,99.49838969090396,101.10198234777155,6341800
2023-11-20,98.38529968261719,99.48894893584564,97.97024914769673,99.24369114732514,9799500
2023-11-21,97.80989074707031,98.74374724832604,97.31937517295646,98.52678705270982,6149000
2023-11-22,97.57408905029297,98.74376866287957,97.42315893422035,98.25326017913166,4828700
2023-11-24,96.9515151977539,97.72501406736974,96.65909708751627,97.57409114480149,3206400
2023-11-27,96.5553207397461,97.24391952043084,96.281765334836,96.48929062109491,7853600
2023-11-28,95.4422378540039,96.26290408075299,95.16868244508755,96.1780041002477,6848100
2023-11-29,94.18766021728516,95.92332041876256,93.8858072079078,95.75352765119133,8428500
2023-11-30,93.66885375976562,94.4423525426157,92.83875259015056,94.38575015585069,11442600
2023-12-01,93.57453155517578,93.6499966166153,91.98980124866783,92.91423025944096,12506500
2023-12-04,92.06526184082031,93.27267397826152,91.28232805906752,92.81046309368506,11477400
2023-12-05,90.1220703125,91.95205811609465,89.47119687787243,91.8577232091829,16027300
2023-12-06,91.51814270019531,91.65963787155815,90.05604512076161,90.50882103303066,12115000
2023-12-07,90.97103881835938,92.15958098230149,90.8106737863332,91.73510266614264,7858300
2023-12-08,91.13138580322266,91.36720866117598,90.37674977907501,90.6314424958404,7125200
2023-12-11,92.55577850341797,93.39530748905436,91.70681458627327,91.70681458627327,7639100
2023-12-12,92.58407592773438,93.00855428713938,91.9049047952911,92.8576313670098,6313800
2023-12-13,92.54634857177734,93.04629201756558,91.32950142425312,92.91423175629112,7741900
2023-12-14,92.29165649414062,93.18778792738716,91.6407901147818,93.12175779624222,9764800
2023-12-15,91.26346588134766,92.66896840541392,91.08423816735642,92.29165031125851,12466000
2023-12-18,91.08424377441406,91.80114747776683,90.48053766529945,91.72568241494139,6146400
2023-12-19,92.17845916748047,92.48974713237074,91.44269284809907,91.44269284809907,5992900
2023-12-20,89.33914184570312,91.38608278218662,89.28254665565542,90.89557434270533,10057400
2023-12-21,89.92398071289062,90.02774335396546,89.11274944452894,89.68815783712834,7097200
2023-12-22,89.87682342529297,90.3956366893518,88.99012700917199,89.50894027323082,6361000
2023-12-26,90.24470520019531,90.26357506227886,89.57496903110399,89.93341724651034,3709500
2023-12-27,89.88626098632812,90.34847187353942,89.41461516765503,90.26357908061541,4959300
2023-12-28,90.48995208740234,90.52768461026282,89.71645336061952,90.0843364625807,4518300
2023-12-29,90.5654296875,90.88614538115814,89.94285376911344,90.4427971720181,6135700
2024-01-02,88.3581314086914,90.50883532340077,88.31097114195327,90.03718947555241,8859700
2024-01-03,87.94307708740234,88.89579640065249,87.78271204942776,88.63167590997944,7161700
2024-01-04,88.24493408203125,89.21652330082944,87.72612081143807,87.82044853425212,7118600
2024-01-05,87.71669006347656,88.27323588908666,87.2356164951586,88.03741297243282,7191000
2024-01-08,88.84862518310547,89.20707334813812,87.67893858759166,87.74496870211722,7536900
2024-01-09,87.81100463867188,88.41471783588779,87.59405161802184,88.30152026202045,6348500
2024-01-10,88.19775390625,88.3769815914771,87.61291059433297,87.73554309338012,5847700
2024-01-11,87.66952514648438,88.32982639938213,86.6885010016478,88.03740830120512,6483600
2024-01-12,86.76394653320312,88.10341860007743,86.56584900516891,87.9430607885662,5641200
2024-01-16,87.4431381225586,87.47144291895712,86.5281512145207,87.40541278751635,7493400
2024-01-17,86.56585693359375,86.74508461978164,86.21684368795579,86.4621014906219,6672900
2024-01-18,88.04682159423828,88.1317215681106,86.61302173879966,86.74508196771863,7549500
2024-01-19,88.53734588623047,88.89579408613356,87.38652903819495,87.89590734126364,9565900
2024-01-22,87.79215240478516,88.59394885722486,87.54689456397327,88.48075846665326,9421000
2024-01-23,86.75452423095703,88.33925430868784,86.56586160459423,87.75441096207818,10227100
2024-01-24,86.820556640625,87.57518557574721,86.77338918360458,87.30163735460799,7661400
2024-01-25,87.35823059082031,87.3959631162436,86.51870169119618,86.99034746387237,11991500
2024-01-26,87.53746032714844,88.18832661482223,87.16957719162826,87.65065070931247,9229400
2024-01-29,88.48075103759766,88.60337634933566,87.00921131302442,87.74497757693932,12728100
2024-01-30,88.74486541748047,89.31083887411569,87.33935591079906,87.72610887749128,17625200
2024-01-31,87.7544174194336,92.7821634332582,87.74498248823537,92.70669837716004,26751800
2024-02-01,88.07514190673828,88.29209495102518,86.66020446458485,87.82044913697403,15001500
2024-02-02,87.71669006347656,88.30153348760605,86.47154535141402,87.43370688153851,11366600
2024-02-05,87.26390838623047,87.60349393974114,86.68849993148982,87.51859395299157,7335800
2024-02-06,90.24470520019531,90.2730027965769,87.11297739149337,87.25447257014505,11531500
2024-02-07,89.90511322021484,91.1785625402606,89.07501926649942,90.78237462902204,9078000
2024-02-08,91.66069793701172,91.75560040718199,89.1364500633975,90.24673945998674,9888100
2024-02-09,92.33448028564453,92.98926250937173,91.37602170998936,91.40448955797193,9385600
2024-02-12,90.59786224365234,92.1826350740988,90.51245146618066,91.97386121810375,9224400
2024-02-13,89.07952880859375,90.68327800576157,88.62402149410457,90.00951235061291,8138500
2024-02-14,89.2693099975586,89.64889818007184,88.97513259513096,89.27880169313308,5510600
2024-02-15,88.46269226074219,89.4306352768439,88.25391839216036,89.23135310411833,8878000
2024-02-16,88.46269226074219,89.37369958179163,88.01667667605241,88.34881363059503,5737500
2024-02-20,88.69044494628906,89.31676657085653,88.32034843724203,88.59554970500264,8844500
2024-02-21,90.17081451416016,90.88253955388689,88.9846061146156,89.07001688420439,8284600
2024-02-22,90.89203643798828,91.17672936615078,89.33573150812829,90.04745658849262,8124700
2024-02-23,90.74021911621094,91.98336345938287,90.702259570765,90.98694530154508,6845200
2024-02-26,89.46859741210938,90.6927655714954,89.44012956375853,90.49348339299667,7043800
2024-02-27,89.32624816894531,89.82920668775246,88.82329689018076,89.50655418965057,5356100
2024-02-28,88.25391387939453,89.17441284923154,88.03564832611724,88.98461514202471,5622400
2024-02-29,90.05695343017578,90.24674389976933,89.18390568597779,89.67736525094638,11221100
2024-03-01,88.40575408935547,89.74379356590237,88.16851237989289,89.62991493894506,7995400
2024-03-04,87.74148559570312,88.55759777299743,87.3429212040134,88.31086433240897,7321000
2024-03-05,86.56475830078125,87.46627392356771,86.42241182348796,87.39984653283653,7137300
2024-03-06,86.97281646728516,87.33342127720718,86.46986517658979,86.6881235057385,4826900
2024-03-07,86.30852508544922,87.07719309460391,85.7011869300936,86.9443383256225,8792400
2024-03-08,86.41291809082031,86.85893366380637,85.97639421344144,85.9953776046558,7673300
2024-03-11,87.37137603759766,88.21595593988886,86.51730443976318,86.60271521956781,6702300
2024-03-12,87.6845474243164,87.98821655800924,86.55527443962588,87.30495919718953,9444900
2024-03-13,86.93486022949219,88.13056057740464,86.23262673502305,87.7699485137246,8254500
2024-03-14,86.9822998046875,87.02974380035758,85.7960913123044,86.45087347687127,8544800
2024-03-15,85.5208969116211,87.3239281721823,85.50191351980146,86.92536382448199,18136300
2024-03-18,86.365478515625,86.76404287102795,85.90997122370536,86.11874509750008,7413900
2024-03-19,86.91586303710938,87.21004765920043,86.22312134905003,86.35597611772009,5676500
2024-03-20,87.87433624267578,87.90280409216004,86.84945022098402,87.10567534642851,5804400
2024-03-21,86.9822998046875,88.41523445065599,86.96331641438582,87.90279151314144,6287300
2024-03-22,86.08077239990234,87.09616652544251,85.46394256886391,87.0582069869126,6495000
2024-03-25,86.0428237915039,86.46986322418174,85.8530333147866,86.02384763984921,6903000
2024-03-26,85.74864196777344,86.35598015006502,85.62527888825998,86.3370039993869,6216100
2024-03-27,86.83045959472656,87.14362036694054,85.97638805234382,86.02383928693693,5863700
2024-03-28,86.72608947753906,87.53270994164585,86.64068592677116,87.10567770771969,6784300
2024-04-01,86.85893249511719,87.37137545037373,86.37495738625672,87.13413374368324,4990200
2024-04-02,84.74274444580078,86.58373525164883,84.6763170544564,86.4603721648786,8276800
2024-04-03,84.17335510253906,85.25517671181768,84.12591110496439,85.02742669934912,6316400
2024-04-04,83.14847564697266,84.78069250107964,83.13898395152975,84.58141033703244,8057600
2024-04-05,82.41777038574219,83.44265633268402,82.39879423415108,83.41418848527607,7161400
2024-04-08,82.74042510986328,82.9017477428783,81.95278085684723,82.5316512365296,6322900
2024-04-09,82.68347930908203,83.12949488847224,81.90532677909567,82.74042224350032,6240700
2024-04-10,81.56370544433594,82.43676052993483,81.23156846396617,81.91482581789435,7413900
2024-04-11,81.51624298095703,81.9053155726955,80.90890485723735,81.61113820528045,6841600
2024-04-12,80.58627319335938,81.14616746936036,79.9884266098726,81.06075667740889,8594800
2024-04-15,80.82350158691406,81.96226610458538,80.58625988407115,81.04176713914812,9676900
2024-04-16,81.06076049804688,81.79146915234793,80.11179348522016,80.49138173835959,8866800
2024-04-17,81.8104248046875,82.00970695863428,80.98482110401491,81.61114265074072,6870100
2024-04-18,82.70246124267578,83.1579612697373,81.65859917061387,82.02869565761725,11403300
2024-04-19,83.13898468017578,83.58500024935138,82.67399295999036,82.70246080652626,11900000
2024-04-22,83.6799087524414,84.08796484425477,82.88277272283328,83.58501350226136,8669000
2024-04-23,83.38572692871094,84.27775092164137,82.86379222004702,84.2397913755528,5670500
2024-04-24,84.22080993652344,84.4011159591167,82.5126666699628,82.61705360514387,7183900
2024-04-25,83.35723876953125,85.15079265079997,83.20540784902566,84.97997834020495,7284600
2024-04-26,83.74633026123047,84.6952971763719,82.9112419823215,82.93970983136886,7185300
2024-04-29,83.8222427368164,84.08795229367938,83.37622716349253,83.73683195637193,8522800
2024-04-30,83.97409057617188,84.44857409184249,82.73094608192892,83.13900219500741,14538400
2024-05-01,70.6410903930664,73.06095137137386,68.96141511490605,71.95066196109013,66610700
2024-05-02,71.10609436035156,71.31486824924781,69.60672483104511,71.0776265100554,23883400
2024-05-03,69.37896728515625,71.65648918309346,69.2650886562445,71.42873192526996,22153800
2024-05-06,69.1796875,70.40385565285271,68.98988977860262,69.56876015878979,18632200
2024-05-07,68.80009460449219,69.13223154422955,68.13582072501745,69.13223154422955,21901300
2024-05-08,69.74906158447266,70.66956056242961,68.56285305412447,68.60081259590069,24482600
2024-05-09,71.81781768798828,71.89373678014238,69.34101341679502,69.81549688269345,18591500
2024-05-10,72.22587585449219,72.41566635034265,71.22945765116894,71.46669939100369,15761900
2024-05-13,72.29229736328125,72.91861174060432,71.93169255452207,72.33025690736791,10953600
2024-05-14,71.77037048339844,72.81423995914072,71.66598353582421,72.33975646654642,10961100
2024-05-15,71.8367919921875,72.1499528092312,71.47618717380087,72.02658971768804,8826500
2024-05-16,71.98021697998047,72.23838603460862,71.19616069791266,71.89416549175233,10758500
2024-05-17,74.43756866455078,74.58099511414936,71.63600022295115,71.97065707536635,14436500
2024-05-20,74.14115905761719,74.88696783860492,73.34753902862882,74.27502179805231,11183800
2024-05-21,74.31326293945312,74.79134619841,74.10290513831664,74.16027279500055,8916600
2024-05-22,77.18177032470703,77.46861593220397,74.0455449949175,74.29414306242037,22072200
2024-05-23,74.87739562988281,77.1626329614251,74.23676583124339,76.58893452540516,15841300
2024-05-24,75.41285705566406,75.74751388309441,74.68616844826407,75.0590728123967,10746200
2024-05-28,74.08377838134766,75.34591778013296,74.01684702288824,75.33635407321849,8833300
2024-05-29,73.51007080078125,74.88695276231599,73.46226685737676,73.72042857767914,9268100
2024-05-30,75.30768585205078,75.42242117891512,73.68219820340555,73.72044574401782,9294200
2024-05-31,76.70367431640625,76.80885321023098,75.16424573766733,75.61364513946916,12669700
2024-06-03,78.4821548461914,78.5204023848899,76.12998592852422,76.18735358908593,12443400
2024-06-04,79.16102600097656,79.77297198194425,78.3100383932255,78.37696975692597,12370000
2024-06-05,77.60248565673828,78.88374541399709,77.41124795753913,78.84549787415727,11275300
2024-06-06,77.89888763427734,79.29488987956246,77.37299312973052,77.59291463935145,9237800
2024-06-07,77.86064147949219,79.00803840707921,77.07658521014764,78.0423154560993,10852600
2024-06-10,78.02320098876953,78.26224266293548,77.29651225671263,77.91802206853868,8698600
2024-06-11,76.38814544677734,77.42080707631393,76.25428271276022,77.37299583060557,9024300
2024-06-12,75.9004898071289,76.66542588141179,75.70925943604371,76.48375192240113,8873400
2024-06-13,76.7228012084961,77.35387462715282,75.70926700941058,76.01524001073668,13947300
2024-06-14,76.15866088867188,76.87578574205867,75.64233011883684,76.49331769459147,7192400
2024-06-17,77.7650375366211,78.16662578988574,75.7953292228021,76.09174585304555,9845900
2024-06-18,76.6845474243164,78.12836082622107,76.1012852982149,77.45904722002483,9664500
2024-06-20,76.22560119628906,77.23913544030792,76.17778994912995,76.3212163956352,10183900
2024-06-21,76.40727996826172,76.73237312539933,75.69015498578136,76.49333146457253,25648400
2024-06-24,76.23516082763672,76.56025394702193,75.69970260898502,76.49332258156194,7396600
2024-06-25,75.80487823486328,77.21044414374673,75.41285376696128,76.49331927553855,15821600
2024-06-26,75.68058013916016,75.8048791583074,74.9443278469802,75.53715370477704,10708100
2024-06-27,75.76663208007812,75.95786975873361,75.23118116978584,75.58496540406983,10289600
2024-06-28,74.43756866455078,75.4224190995036,74.2080907221764,75.26943623624476,13207500
2024-07-01,73.7491226196289,74.79134794183494,73.41446578955238,74.57142642780079,6767600
2024-07-02,73.46227264404297,73.82561328141485,72.93637816037322,73.73956179952599,8854100
2024-07-03,72.91726684570312,73.66307562535293,72.73559285759328,73.47183792866566,4906700
2024-07-05,72.71646118164062,72.92681167211613,72.11407165150345,72.89812784591362,9663100
2024-07-08,71.30133819580078,73.09892865472142,71.2057230013318,72.99374975231403,8871200
2024-07-09,69.56111907958984,71.36827334218349,69.54199895767185,71.35870963373843,11816900
2024-07-10,69.3316421508789,69.96270831296803,69.17865199341959,69.7905980333124,11132500
2024-07-11,70.08702087402344,70.27825129288567,68.92049635203429,69.16909443756063,12316100
2024-07-12,71.54994201660156,71.76985622970875,70.16349619386929,70.56509167405784,10559300
2024-07-15,69.56111907958984,71.61687869695015,69.34119755518623,71.6073149885051,9064400
2024-07-16,72.20013427734375,72.20013427734375,68.41371582219315,69.04478191723253,14968700
2024-07-17,71.80810546875,72.79295583465141,71.28221825039005,71.9228480793783,11567800
2024-07-18,70.93799591064453,71.81766735152345,70.57464796704164,71.19615765928255,10701000
2024-07-19,75.79531860351562,75.90049750677356,70.93799811247808,71.3873975545853,32965900
2024-07-22,73.19454193115234,75.0303796957777,72.67821119204444,74.89651698137611,18851500
2024-07-23,72.91726684570312,73.75869082621045,72.69734531825583,73.75869082621045,9592100
2024-07-24,71.4065170288086,73.13717612042176,70.77544361497758,73.02244080515919,10478200
2024-07-25,70.10613250732422,72.44873768205026,70.04876484760796,71.76986029384382,18973600
2024-07-26,70.80413055419922,71.73160590930145,70.47903015856821,70.60332917441376,12387100
2024-07-29,71.90373992919922,72.2766443949418,70.48861716047705,71.12924716111444,10864700
2024-07-30,72.61129760742188,72.71647652233432,71.56907216737292,71.95154028569338,16163600
2024-07-31,74.53317260742188,77.67896113488513,74.3897534744596,76.0630447787504,18901100
2024-08-01,71.81768035888672,74.71486424986074,70.5937881681757,74.4758225783946,17307200
2024-08-02,72.55392456054688,73.30929710802482,71.63600542936392,71.8176794317241,15185700
2024-08-05,70.6224594116211,71.71248865558832,69.53243016765389,70.61289570387497,12372900
2024-08-06,72.06626892089844,72.6590874589992,70.60332810517114,70.6798231729813,10525500
2024-08-07,71.98977661132812,73.46227389572104,71.86547759260257,71.99934031891362,7297000
2024-08-08,72.42961120605469,72.81207925887631,71.52125596370327,71.77941770474933,8988300
2024-08-09,71.79854583740234,72.53479819787003,71.4734526979548,72.33400408909853,4683600
2024-08-12,73.65350341796875,74.992137960427,72.9459422593012,73.17542017387447,13123000
2024-08-13,91.69636535644531,91.80154425108283,86.33227090981633,87.03026834335132,157215500
2024-08-14,89.78404235839844,91.65812795970928,87.42230976392361,91.20872850473187,45737800
2024-08-15,90.72107696533203,90.79757203787187,88.90436640982651,89.99439566111847,21109800
2024-08-16,91.2020492553711,92.01008728059836,89.74951685442169,89.80723123513019,16336300
2024-08-19,88.7875747680664,91.27901015155747,88.6240384513597,90.75955868810169,14479000
2024-08-20,89.4705581665039,90.24973171791122,88.62404138071605,88.77795619233645,11536200
2024-08-21,89.24930572509766,89.8264715793332,88.71061857301942,88.97034063875371,6769200
2024-08-22,88.9126205444336,89.29740020223129,88.27773300820819,89.14348540348759,10010300
2024-08-23,90.4421157836914,90.82689546470473,89.29740558998078,89.31664127145356,11483700
2024-08-26,91.99085235595703,92.27943896301774,90.59603421297555,90.61526989521721,13882800
2024-08-27,94.84783172607422,94.96326783652677,91.62531553466233,91.76960883796244,17456300
2024-08-28,91.67341613769531,94.95364672871828,90.78842063192921,94.48229545239639,14866300
2024-08-29,91.25015258789062,92.18324091627022,90.69222242507739,91.83693994204559,8781300
2024-08-30,90.97118377685547,92.27943021716607,90.84613350648078,91.3751991171998,7117200
2024-09-03,89.63407897949219,91.20204744987977,89.49940720113062,90.54792423824013,11234000
2024-09-04,88.8164291381836,90.40364066959101,88.47012817354701,89.81685333168245,7193500
2024-09-05,88.07572937011719,89.48016894715344,87.72942839615625,88.66251672382532,8370100
2024-09-06,87.68134307861328,88.65291019144337,86.74825467054565,88.01802257145663,9257000
2024-09-09,88.70098876953125,88.8452820543648,86.96949136871261,87.74866483212793,10089700
2024-09-10,89.78800201416016,89.96115252195712,87.67172455358639,88.61443450471714,7327000
2024-09-11,94.46304321289062,94.60733650272206,90.09581719148622,90.49983253176497,19302900
2024-09-12,95.50194549560547,95.53080268557899,93.63576892732819,94.71315050039595,14653500
2024-09-13,94.81897735595703,95.72320856709828,94.7516414576207,95.35766454264757,9899900
2024-09-16,92.64497375488281,94.84782994941874,92.3275373004434,94.77087254389191,9263400
2024-09-17,92.77003479003906,92.86622788095899,91.5772169776322,92.81812766596782,6281700
2024-09-18,92.46221160888672,93.88588695459754,91.70227372150146,91.91390292293309,8793800
2024-09-19,93.21251678466797,94.94401421374235,92.66420816460186,94.2417981359872,8752600
2024-09-20,92.3948745727539,93.36643431052914,91.69265108021301,93.1644266223067,19541000
2024-09-23,91.84656524658203,92.39487392191266,90.7595620673906,92.39487392191266,8382800
2024-09-24,90.85575866699219,92.17362677645103,90.60565809599085,91.83694728543963,8606800
2024-09-25,91.98123168945312,92.30828963790314,90.63450651670094,90.67298521752949,8632900
2024-09-26,93.76083374023438,95.37690255447865,93.30871815841274,94.75163648045006,9876800
2024-09-27,93.65501403808594,94.41495186029202,93.49148506520989,93.9339791124954,6319900
2024-09-30,93.78006744384766,93.97246095283161,92.74117185158204,93.68387435888664,6436400
2024-10-01,93.72235870361328,94.40533918873854,92.6834557097344,93.78007309025242,7171600
2024-10-02,92.82775115966797,93.30872396360408,92.221728068771,93.14519497164082,6346000
2024-10-03,91.92351531982422,92.72193189560589,91.68302892994267,92.00047272596123,5556400
2024-10-04,92.90470886230469,93.04900217175253,91.52912634515211,92.51030763908477,6818900
2024-10-07,92.433349609375,92.84698651285335,91.73113342799753,92.52955004107058,7478900
2024-10-08,92.54878234863281,93.1932841187374,91.65417267555398,92.39487487384561,6595200
2024-10-09,92.23133850097656,92.80851171354702,91.82732312342706,92.80851171354702,3344800
2024-10-10,90.30743408203125,91.84655263711647,90.19200532774269,91.78883092091101,5459500
2024-10-11,91.91390228271484,92.30829615067569,90.43250522207427,90.5575555042936,4834800
2024-10-14,91.15396118164062,91.8946560162731,90.74993847823362,91.77922724878141,4124700
2024-10-15,91.42330169677734,92.31791131019423,90.97118613507415,91.06737921778378,6264100
2024-10-16,91.82732391357422,92.19286059082688,90.50945583082313,91.81770240286532,7537100
2024-10-17,91.64454650878906,92.52954196533554,91.1731952586817,91.70226823058111,5577300
2024-10-18,93.15479278564453,93.16441429497124,91.42329539896244,92.03893989276868,6178300
2024-10-21,92.77964782714844,93.50110700881852,92.24096065333471,93.2606206149285,3994300
2024-10-22,93.13556671142578,93.4914892026086,92.28905727990426,92.68345113423902,6670900
2024-10-23,93.9339828491211,94.00131874292873,90.12467941572781,90.29782990538487,18858800
2024-10-24,93.45301055908203,95.63662370289713,93.16442396182694,93.97246203070397,9828600
2024-10-25,93.6069107055664,94.23217672465958,92.76040133974057,93.52033913660009,9665600
2024-10-28,94.28990173339844,95.3672834160454,93.83779347939404,93.93398656877663,6790900
2024-10-29,93.68387603759766,94.31876362002829,92.6834517901404,94.02055551052509,7664200
2024-10-30,93.61654663085938,94.41496324989232,93.11633814199615,93.66464684706621,9187200
2024-10-31,93.9820785522461,95.23261071954173,91.72150794742295,93.6165418804355,12011500
2024-11-01,95.1075668334961,96.00217656063839,93.66464839223838,93.88589177668945,8860200
2024-11-04,93.33757781982422,95.04983976635599,93.02013401920321,94.83821056594198,7049100
2024-11-05,93.3952865600586,93.76083055288132,92.49106276621609,93.17404320140871,6348300
2024-11-06,92.42373657226562,94.49192111505124,91.17320433549406,93.27986758361786,9708800
2024-11-07,92.46221160888672,93.01052029484035,92.11591061364628,92.40448988363842,6195200
2024-11-08,93.8377914428711,93.92436301971792,92.37563009536417,92.45258750082499,6118700
2024-11-11,96.49275207519531,97.5508980109056,94.22256007704534,94.27066028832739,10313300
2024-11-12,95.04022216796875,96.71400535052408,94.67467816622926,96.31960415687085,8438400
2024-11-13,96.00218200683594,96.13685381520156,92.56803621538621,93.64541068231122,8816300
2024-11-14,95.453857421875,96.21378792623582,95.36727850854233,95.64624359074018,6441500
2024-11-15,95.2602767944336,97.00249171143588,94.84408141895288,95.91844605369481,8119900
2024-11-18,97.17670440673828,97.3799615645803,94.78600146987945,95.2796302157565,7041500
2024-11-19,95.19252014160156,97.07992078128477,95.04733434094031,96.58629201281911,9176200
2024-11-20,95.10541534423828,95.57968207880421,93.99233402541655,94.85376044276265,7527700
2024-11-21,96.84761810302734,97.10895401451555,95.32802251461884,96.30559900432053,6760600
2024-11-22,99.20928955078125,99.26736091822386,96.56693156529218,96.78955078125,6563300
2024-11-25,98.57047271728516,100.00296128525494,98.51240135117034,99.6254826365956,8839600
2024-11-26,97.44771575927734,98.81244452567805,97.24445859766261,98.71565645602195,6558300
2024-11-27,98.2510757446289,98.75437816300838,97.48643740203843,97.51547308596038,4857800
2024-11-29,99.17057800292969,99.20929471139094,98.01877992569312,98.11557538907478,3419300
2024-12-02,98.2510757446289,98.9285996509968,96.66372769160407,98.72534247908644,6103200
2024-12-03,98.30915069580078,98.84149620196271,96.6830858767917,97.84455758274518,7101500
2024-12-04,97.4670639038086,98.71564985693726,97.1476640337408,97.65096639298088,6151100
2024-12-05,96.04427337646484,98.04781675904202,96.00555667046618,97.75744515628033,7194800
2024-12-06,96.8960189819336,97.38964775400159,95.27963527110194,95.75390199789696,6297000
2024-12-09,96.1217041015625,97.34125455452293,95.35706573574763,96.85730678257353,7271600
2024-12-10,95.00862884521484,96.06363142921809,94.79569064693169,95.95716233007651,8192500
2024-12-11,95.2602767944336,96.199136645015,94.83440778041063,95.337710209513,8007300
2024-12-12,94.6795425415039,95.79262390249278,94.29238284405686,95.06670223895095,6375900
2024-12-13,94.29237365722656,94.93118820344355,93.82778797311994,94.21494024839002,5910900
2024-12-16,90.13043212890625,93.88586403177275,90.11107008350086,93.83746630271598,12395900
2024-12-17,89.13349914550781,90.92411185051719,89.09478982118267,90.02396867858614,8536100
2024-12-18,87.01380920410156,89.28836221173682,86.76215429986773,88.82376911041719,10886600
2024-12-19,85.91040802001953,88.63987307824297,85.82329358371047,87.34288924760692,14628400
2024-12-20,85.14576721191406,86.29756520499787,84.27465979632365,85.03929811753876,26477500
2024-12-23,84.63278198242188,85.05865096639563,83.52938174099505,84.6908533474055,11203700
2024-12-24,87.02349090576172,87.03316454428156,84.37145182886212,84.5940710505855,5422000
2024-12-26,88.91088104248047,89.09478355013785,86.50082331996076,86.50082331996076,7538700
2024-12-27,89.2883529663086,90.20785066637976,87.96233357550503,87.98169561930261,8200400
2024-12-30,87.67196655273438,88.38820707658094,86.95571864443198,88.35917139627654,8404500
2024-12-31,88.32047271728516,88.82377517566353,87.68165808240691,87.81717025890678,4220700
2025-01-02,89.21092224121094,89.68519633057676,88.47532701282857,88.61083178565987,8640900
2025-01-03,89.6077651977539,90.13042964243006,88.85280790581827,89.43354371619517,4964900
2025-01-06,90.14010620117188,91.4661257084716,88.9883155655328,89.08510363965571,8768100
2025-01-07,89.85942077636719,90.64342120602655,88.91088725726327,89.80134940545062,6638300
2025-01-08,89.62711334228516,90.02395400427392,89.05605859585948,89.98523730180263,6243700
2025-01-10,89.2883529663086,89.8110173820022,88.97862672565195,89.23028160382799,6550300
2025-01-13,90.5079116821289,90.58533771114762,88.44628950897099,89.30771592662946,6912100
2025-01-14,90.08203887939453,91.84360849159212,89.5496933711245,90.99186306281712,6406200
2025-01-15,90.09171295166016,91.43708707662509,89.96588181334629,91.07896309101433,4554700
2025-01-16,91.39837646484375,91.72745740508275,89.8884617800635,89.8884617800635,6548200
2025-01-17,92.07588958740234,92.78245650038556,92.0468539060185,92.51144696152825,8361900
2025-01-21,94.83441162109375,95.41514748879467,92.34692029046809,92.34692029046809,8803100
2025-01-22,94.5924301147461,95.37642310382398,94.33109419541573,94.83440398885227,7678900
2025-01-23,94.84408569335938,94.88280240264396,93.9052258004657,94.85376671679484,7901800
2025-01-24,95.63775634765625,95.83133988714671,94.48596567163013,94.6505061418543,6957100
2025-01-27,96.80890655517578,97.10895918747765,94.95054893108141,95.35706327676641,9654900
2025-01-28,97.18638610839844,97.44771463189221,95.42480929253797,95.76357860909962,14736500
2025-01-29,105.09410095214844,106.54594428213386,99.38351571064766,99.40287037255304,40769300
2025-01-30,105.5006103515625,106.79758678749204,104.5617505274713,105.5006103515625,15023000
2025-01-31,104.22299194335938,105.84905674438966,104.04877045094695,105.50061375956481,19136900
2025-02-03,104.68757629394531,104.95858584070369,102.13232549082953,102.32590901312574,8894100
2025-02-04,107.04924011230469,107.50415217579715,104.65853706166584,105.18120151433016,11123700
2025-02-05,108.64627075195312,108.81081121601164,106.33300107903779,106.64272734615952,12826000
2025-02-06,108.11392211914062,108.7043389524619,107.48479596495648,108.45269144457083,11967300
2025-02-07,108.5978775024414,109.00439924467877,106.52658162103825,107.85260117984409,11502400
2025-02-10,107.8719482421875,108.9656748601324,107.4363982301721,108.9656748601324,8348400
2025-02-11,107.46543884277344,108.48173209670477,107.05892449498363,107.32025303728942,4683100
2025-02-12,109.4109115600586,109.55609736640051,106.85566795248572,107.01052739731539,7269400
2025-02-13,109.3721923828125,109.75935206282884,107.94938480481505,109.48834250215441,10046300
2025-02-14,109.52790069580078,110.4231958122498,109.02185916073924,109.79064760569094,9115000
2025-02-18,109.99500274658203,110.31614361807858,108.62286686083391,108.79803393396514,7574100
2025-02-19,109.46949768066406,110.29667260962134,109.32352388742795,109.42084469927572,8268900
2025-02-20,110.29667663574219,110.45238400075392,108.95373402292715,109.15809437110319,6343800
2025-02-21,108.74937438964844,111.6007005654815,108.63259386512195,110.28695121883587,9664700
2025-02-24,110.15071105957031,110.85137935812665,108.88561469556183,109.3235286698916,13120500
2025-02-25,111.51312255859375,112.14567079260254,109.64467855852114,110.04367314865497,11001800
2025-02-26,109.9658203125,111.70775764910258,109.24569224065121,111.53259055870296,7466800
2025-02-27,111.41580200195312,112.59331113754209,109.77118560862003,109.96581239525742,9013700
2025-02-28,112.70035552978516,112.97283599468369,111.20170554830739,111.97049395972016,11466000
2025-03-03,112.31110382080078,114.30605435721428,111.03627387534222,112.92418487695082,9225500
2025-03-04,109.05105590820312,112.17486277285234,108.99266935404367,111.90238228739304,12482400
2025-03-05,108.69097900390625,109.49868676981247,107.25071568330537,108.57419848887312,11926800
2025-03-06,102.63800811767578,107.46482541552027,102.0930471496319,107.05610468948736,16321700
2025-03-07,103.62088012695312,103.99067397184064,100.66250709424628,101.91786984797797,11637400
2025-03-10,98.41453552246094,103.15377285376404,97.12025326043381,102.891025944423,15823300
2025-03-11,96.90615844726562,100.2343255325751,96.3417303662615,99.15412977996019,10663500
2025-03-12,96.04005432128906,97.6068244322461,94.36623725185402,97.6068244322461,9461200
2025-03-13,93.46121215820312,96.21522505927489,93.35416519565007,96.05951768663911,9274300
2025-03-14,95.47562408447266,95.61186431497899,93.5779869991805,93.92831371724267,8240900
2025-03-17,96.41958618164062,96.77964649077624,94.39543486855004,95.08636963489094,10131700
2025-03-18,95.64106750488281,96.7018036089788,95.05717968153121,96.56556336434798,7423400
2025-03-19,96.52662658691406,96.85749359710366,95.31991679501668,95.63132409706279,4982700
2025-03-20,96.61420440673828,97.01319894849493,96.02058308943997,96.19575015724169,5952800
2025-03-21,94.46354675292969,95.37830893332332,93.70449193283095,95.31018881932819,11366000
2025-03-24,93.1498031616211,95.56320799776687,93.0622159099552,95.3977744857198,8265000
2025-03-25,93.30550384521484,94.36623989313124,92.2253080881832,93.6071850205222,6984800
2025-03-26,95.33938598632812,95.74810668698854,93.4222817254938,93.4222817254938,9561600
2025-03-27,96.19575500488281,97.2370238980286,94.92093248441034,95.27126663766836,9141000
2025-03-28,95.1058349609375,95.84542269915106,94.45381962592258,95.36858186867777,8066200
2025-03-31,95.4561538696289,96.16655569821864,92.0404072263939,94.02563149550258,11302900
2025-04-01,95.59241485595703,96.24442280393427,94.5219451807269,95.22261354104607,5868400
2025-04-02,96.74071502685547,97.07158201832897,94.79441764302932,94.79441764302932,6043300
2025-04-03,85.8901138305664,90.88236442406249,85.29649247783925,90.84343758172379,20490100
2025-04-04,79.89551544189453,83.13610274590562,79.1170008522625,82.38678143251107,19700100
2025-04-07,77.8519058227539,81.034099206463,74.10528433994114,76.51868926270618,26099400
2025-04-08,77.55022430419922,81.23845886446759,76.57707557878389,80.83946432327024,20534600
2025-04-09,86.29883575439453,86.73674974393772,75.83748616973969,77.09284901084261,26668100
2025-04-10,82.32838439941406,84.25522222945993,79.47705820833025,83.79784111995463,16209300
2025-04-11,83.13610076904297,83.51562820017787,79.8760538332384,82.16295198674095,10059700
2025-04-14,83.19448852539062,84.44011779685721,81.16061110469134,84.00220380829153,8880500
2025-04-15,81.4622802734375,83.74917833143202,81.21899308802243,83.20421741195368,7088600
2025-04-16,78.59150695800781,81.277392566606,77.74486474524326,81.06330604599297,13080800
2025-04-17,79.3116226196289,80.33343177043227,79.01967502667489,79.06833543367912,9787500
2025-04-21,78.51364135742188,78.64988158830361,76.03210907793823,78.20223405475852,10595600
2025-04-22,79.5549087524414,81.24818546536652,79.42840209025506,79.71061611316517,10408600
2025-04-23,80.58644104003906,83.43776701276687,80.43074110963039,81.74449036269522,9114400
2025-04-24,81.60826110839844,81.88074159163935,79.3894829739666,80.1777311468473,6798100
2025-04-25,81.55960083007812,81.73476791595192,80.24585139829281,81.38443374420433,5799400
2025-04-28,81.64718627929688,82.77603503309696,81.03409778003156,82.06564056270963,7091400
2025-04-29,82.57167053222656,82.78576444665516,80.96597359854779,81.39416142740501,16356900
2025-04-30,77.90056610107422,78.12438617219323,73.47273599512938,74.31937814234341,41297000
2025-05-01,79.80792236328125,80.48912344418167,78.11463837726886,78.54282615642624,18326700
2025-05-02,82.41596984863281,82.55221007939767,79.84685774773037,80.37235153808864,13512900
2025-05-05,79.46733093261719,81.82234913888183,79.39920339218236,81.74449545655843,13361900
2025-05-06,80.55725860595703,81.1314202738963,78.44552743601287,78.82505488408445,10709500
2025-05-07,80.4891357421875,80.99517727206201,79.93444122740634,80.74215650712475,8224800
2025-05-08,79.98310089111328,81.35523681507921,79.49652649936695,81.10221605250103,8759800
2025-05-09,78.14385223388672,80.45021015660262,78.0465314134806,80.19719681224802,8210700
2025-05-12,83.3696517944336,84.21629388143012,81.39416101597746,81.40389458236659,17241500
2025-05-13,84.54715728759766,84.80017803117421,82.81495377099334,83.56428243574898,11533700
2025-05-14,84.21629333496094,85.27702190388518,83.43777136866856,84.38172683982395,12741500
2025-05-15,84.9169692993164,85.42300342599545,83.51563260307235,84.21630095119438,13721900
2025-05-16,83.85856628417969,85.17176964882154,82.59436589073331,84.88756886485574,13109500
2025-05-19,82.91777038574219,83.43716900020202,82.42777056428137,82.76096685400886,9568100
2025-05-20,83.87816619873047,84.42697108528282,82.76096719928324,82.8295668755018,9310600
2025-05-21,81.32036590576172,83.79976356966121,80.85976492121694,82.72176556059229,10875400
2025-05-22,82.29056549072266,82.79036736736636,81.0655660222453,81.55556580963625,8440400
2025-05-23,82.71196746826172,83.13336759397305,80.91856641162023,80.92836850109359,7088200
2025-05-27,85.26976776123047,85.34816204729343,83.51556757030953,83.72136659023161,10922300
2025-05-28,84.27996063232422,85.84795840454171,82.84916219787556,85.6813602767943,12328500
2025-05-29,82.36896514892578,83.98595842460443,82.02595932506357,83.20196327087001,10308700
2025-05-30,82.27096557617188,82.58456515728324,81.52617124403476,82.26117096321487,7394100
2025-06-02,83.48616790771484,83.59396846133119,81.52616871731367,81.61436509201602,8258900
2025-06-03,84.86795806884766,85.74015705513928,82.7119620868061,83.36855997953293,8287700
2025-06-04,86.34776306152344,86.76916317740698,84.29956006396743,84.89736040223951,8740900
2025-06-05,85.25016021728516,86.64176528442776,85.12276296525805,86.41636209428388,8476100
2025-06-06,87.84716033935547,88.09216023041276,86.47515945407402,86.63196297321628,8772900
2025-06-09,88.85655975341797,89.31716075038469,87.29836401658511,87.29836401658511,8097300
2025-06-10,89.60135650634766,90.0521553888026,87.7393559210404,88.10195843546856,6911100
2025-06-11,93.4821548461914,93.9917587903146,90.15995702776895,90.26775757453336,14835500
2025-06-12,92.43355560302734,93.1685552523761,92.0905572620252,92.78635603285899,7183300
2025-06-13,91.39476013183594,92.71775802905246,91.29676167219087,91.62995793034476,7119900
2025-06-16,91.61035919189453,92.54135575302394,91.0811585494157,92.10035895602644,5871000
2025-06-17,89.75816345214844,91.3457655608351,88.9741682261136,91.29677006491012,6183000
2025-06-18,90.43435668945312,90.72835954326197,89.40536165472847,90.04235537664238,7319300
2025-06-20,91.25756072998047,91.92396072263148,90.55195985813785,91.21835985078886,9197000
2025-06-23,90.49315643310547,91.34575874809359,88.9251586211762,91.33595665891808,7533000
2025-06-24,89.66996002197266,91.96315541071817,88.5037581493284,91.05176299478339,11373900
2025-06-25,89.27796936035156,90.15997056778859,88.80757370092128,89.92477273807346,6929600
2025-06-26,90.00315856933594,90.35595901914564,88.61156094886627,90.25796055571038,6571600
2025-06-27,90.26776123046875,90.86556156789993,88.52336318752661,89.93455748784648,21491600
2025-06-30,89.79734802246094,92.27675294214016,89.25835280437613,90.5715484947525,10083300
2025-07-01,93.02155303955078,93.94275498484524,89.70915733951357,89.70915733951357,9828400
2025-07-02,92.29635620117188,93.39395836840339,91.48295479537002,93.37435419075827,7942300
2025-07-03,92.5511703491211,92.75696938065168,91.88477028077267,92.31596504725408,3557300
2025-07-07,91.76715850830078,93.0509555436332,91.1105605953295,92.27676246822126,5311200
2025-07-08,93.04116821289062,93.8349655287024,91.90436504164047,92.17876374454805,6985700
2025-07-09,93.34496307373047,95.93216145211791,92.76676689132589,95.59896517279398,8322400
2025-07-10,93.24696350097656,93.8251596765177,91.67896563523391,92.98235942178036,6913600
2025-07-11,93.04116821289062,93.41356538443607,92.2571655101799,92.4825687171705,6339800
2025-07-14,91.55156707763672,92.08076779492298,90.42456596546066,91.80636908450879,6048300
2025-07-15,90.63035583496094,92.41395460198102,90.30695420986322,91.7475546518415,8567900
2025-07-16,90.6597671508789,91.41436357024294,89.72876302362806,90.80676858958206,7136900
2025-07-17,91.32616424560547,91.42416270931014,88.75856262644322,88.91536614981352,8589000
2025-07-18,91.92395782470703,92.57075361897024,91.38495509881855,92.15915561563884,5172800
2025-07-21,90.8067626953125,93.38415884296782,90.75775972665764,92.41396137338853,7217300
2025-07-22,95.00115966796875,95.21676076729612,90.99295758262696,91.09095604319306,9992400
2025-07-23,94.00155639648438,96.2163575049129,93.62915925376588,95.40295607225596,11275300
2025-07-24,91.82595825195312,93.66836225947905,91.55155956405866,93.58996049813678,7897600
2025-07-25,92.53155517578125,92.59036023266376,90.46375553922192,91.53195893041665,7224100
2025-07-28,91.79655456542969,93.82515330196037,91.59075556048346,93.03135607191017,10333600
2025-07-29,91.10076141357422,92.50216113287475,89.94436159291502,91.38496219321458,20923600
2025-07-30,90.9047622680664,96.91215694457223,88.26856103040987,95.87335979224811,44794700
2025-07-31,87.37676239013672,91.20855669548051,86.66135943765909,89.76795617844427,16565400
2025-08-01,85.12276458740234,86.72996330934076,83.7801624637328,86.62216275680069,16221300
2025-08-04,87.98436737060547,88.30776904950127,85.20117195379106,85.33837130663098,12500400
2025-08-05,88.39595794677734,88.74875838901805,87.52375893034984,87.85696267104532,6994400
2025-08-06,87.21015167236328,88.55275365223832,87.04355355511824,88.40575223480924,7869100
2025-08-07,89.1995620727539,89.53276583130564,87.70016385128051,87.93536914324774,9891800
2025-08-08,90.2775650024414,90.36576137675387,88.9349628713025,88.95455957332632,8035300
2025-08-11,89.90515899658203,90.59116318577134,88.68015952674762,90.19916186006365,9504400
2025-08-12,91.5025634765625,92.95295866795755,91.21836270114511,91.57116314809059,9669300
2025-08-13,92.29635620117188,92.79615805587943,90.88515448284608,91.31635666940186,6493400
2025-08-14,91.19876098632812,91.73776376061285,90.23836555898906,91.73776376061285,9803500
2025-08-15,89.3738021850586,91.47497920774993,89.14691926008419,91.29741505831315,8059700
2025-08-18,91.28754425048828,92.31346956556811,88.68327519149202,89.08772224799405,7376200
2025-08-19,89.69932556152344,91.71171647380277,89.50203543382653,91.28753592573209,6815800
2025-08-20,88.29854583740234,90.08404632426232,88.23935277835179,89.72891807450269,5814000
2025-08-21,87.36141204833984,87.98289034189371,86.91750543249027,87.8250521955508,5669200
2025-08-22,87.18384552001953,88.63395146393056,87.11479321441124,87.92369487702419,7625500
2025-08-25,84.64862823486328,87.12465951027971,84.54998315968832,87.02601443510476,11013500
2025-08-26,85.45752716064453,86.01981234991341,84.41187585017808,84.72754459632662,9315200
2025-08-27,86.47359466552734,87.11479140738821,85.3292907378841,85.45752858102892,7677900
2025-08-28,86.8287124633789,87.26275980404144,86.41439865245727,87.0260101301057,7905600
2025-08-29,86.99641418457031,87.37126844845712,86.21710536326634,86.80898328955884,6315200
2025-09-02,88.56489562988281,88.77205253845453,86.00008613300979,86.65114962764426,10466200
2025-09-03,86.06913757324219,88.26895952988069,85.12213134663286,88.19004046279579,10201000
2025-09-04,85.83238983154297,86.58209840732762,85.22077833706287,85.9902204431315,6799200
2025-09-05,84.27376556396484,86.16777791319734,83.90877054333872,85.68441182457923,9047200
2025-09-08,83.03082275390625,84.3428240453286,82.54745662985361,84.3428240453286,9213700
2025-09-09,82.67568969726562,83.53391758424173,82.14299730460488,83.0604107264979,8635800
2025-09-10,81.7582778930664,82.86312223223867,81.64976605948091,82.73488439533595,8108000
2025-09-11,81.24531555175781,82.79406639776164,81.01842512954374,82.16272895264773,12046600
2025-09-12,80.79154968261719,81.42288718594175,80.10101911413696,81.25518980796356,9996200
2025-09-15,81.56098175048828,82.73487830404811,80.87045879318002,80.96910385477608,9685900
2025-09-16,83.22811889648438,83.58324717224303,81.87665809561747,81.90625086424127,10244300
2025-09-17,82.09368133544922,83.7114845715616,81.83719813183049,83.33663029406995,6632200
2025-09-18,82.29096984863281,82.46853398206717,81.51166101445624,82.01476064687631,7163700
2025-09-19,83.41554260253906,84.06661361937971,82.25151269987505,82.9913620229377,15315900
2025-09-22,84.13566589355469,84.24417772965835,82.5573221767786,83.09001459234112,7881700
2025-09-23,84.53025817871094,85.01362432121721,83.70162297970614,83.99756573495148,8765500
2025-09-24,83.12947082519531,84.49079846509416,82.99136621334137,84.42174615916717,9664000
2025-09-25,82.69542694091797,83.5240545715205,81.76814671284097,83.39581673139483,8670500
2025-09-26,82.2613754272461,83.47473156901442,81.77800933388816,82.71514875331583,6955500
2025-09-29,84.48092651367188,84.67821665388466,82.41921670174347,82.51786177184987,11222800
2025-09-30,83.45500183105469,84.09620608059149,83.04068801792747,84.076480076882,7574200
2025-10-01,83.25770568847656,83.98768819129599,82.82365837678806,83.31689122147556,8155200
2025-10-02,85.54631042480469,86.07900282908422,82.89271516815374,83.10973883576426,9461500
2025-10-03,85.2503662109375,85.72387307078574,84.79659288024004,85.32928527526823,7634500
2025-10-06,80.99870300292969,85.12213012209115,80.9493767051771,85.12213012209115,14996700
2025-10-07,80.18980407714844,81.34396723229273,79.69657118765396,81.04803201427801,10070100
2025-10-08,78.95671844482422,80.03196248495796,78.848206611729,80.03196248495796,12397700
2025-10-09,78.70024108886719,79.3710381404676,78.3549795607207,79.03564337773582,9075700
2025-10-10,77.39810180664062,80.11088261790607,77.3487830348449,78.58186522178374,11129800
2025-10-13,78.94685363769531,79.35130821219471,77.44742899268338,77.78282373883134,8052000
2025-10-14,80.05169677734375,80.3772322797323,77.960386686827,78.17741035508602,7510300
2025-10-15,81.7385482788086,82.1923215964216,80.46600662617956,80.59424445741716,11094300
2025-10-16,83.19851684570312,83.74107601280974,81.91611590020726,82.07394650491517,11552100
2025-10-17,84.20471954345703,84.77687150186188,82.88285148528503,83.1097419260789,8527600
2025-10-20,83.38594818115234,85.17144877039257,83.28730311192636,84.53025205735553,7679700
2025-10-21,84.73741149902344,85.33915622330547,82.51786350733495,83.00122962931775,8262500
2025-10-22,84.34281921386719,84.836052074767,83.75094128601465,84.59930240885322,5286300
2025-10-23,84.28363800048828,84.73741135264657,83.82986464832999,84.32309753451986,4565500
2025-10-24,84.92483520507812,85.66468453848756,84.6979522908024,84.93470197017517,5844600
2025-10-27,86.03954315185547,86.2565668191018,84.94456557702989,85.11226294676158,7164600
2025-10-28,84.27376556396484,86.3552088056994,84.15538696983678,85.72387135595524,11545600
2025-10-29,83.03082275390625,83.74107931846983,82.15286881330312,83.00122998473887,13881700
2025-10-30,82.0246353149414,84.88538772874573,80.15034873168085,81.11708855711403,18337500
2025-10-31,79.7754898071289,81.65963552079947,79.13428554916858,81.64976875574688,13598000
2025-11-03,79.86426544189453,80.81127164956882,79.50913717324964,79.83467267386351,9525100
2025-11-04,78.52267456054688,80.1010183028728,76.93446405310549,80.08129229877851,17774600
2025-11-05,81.7582778930664,81.98516832496419,77.97025306070951,78.52267146722747,17996200
2025-11-06,81.10721588134766,82.71515235855712,80.75208760613852,81.45247739165195,10382800
2025-11-07,84.41188049316406,84.78673479791625,80.65344810164548,81.22559256129104,15009900
2025-11-10,83.45500183105469,84.98402677024731,82.89271664862875,84.89524093821349,10507600
2025-11-11,85.2503662109375,85.86197767029644,83.75094161933445,83.82986068366519,9575800
2025-11-12,86.07901000976562,87.85464397935051,85.95076463576868,86.44399754834286,11975800
2025-11-13,85.27010345458984,86.10859785275555,85.02348701241543,85.58577219952764,10507700
2025-11-14,84.23676300048828,85.94574315235283,83.46176213638888,85.06144651711034,13434600
2025-11-17,83.15374755859375,86.29349549413118,82.91527993272395,84.64413610799328,8547200
2025-11-18,82.79605865478516,83.30278533393748,81.8123966953536,83.0742633211061,7189400
2025-11-19,83.14381408691406,83.84926379611564,82.49797749720574,82.72650708944415,6195100
2025-11-20,82.09060668945312,84.68388345586507,82.01111747825459,83.49156802941232,8966300
2025-11-21,84.80310821533203,86.02523017957422,81.99123995734622,81.99123995734622,10227700
2025-11-24,82.80598449707031,85.04156733010795,82.29925784621435,84.71368760911533,10805800
2025-11-25,85.35952758789062,85.46881577893068,82.28932309890513,82.29926114554821,9265300
2025-11-26,86.14445495605469,86.73067839287938,84.95214715105023,84.95214715105023,7602600
2025-11-28,86.55183410644531,86.72074299421779,85.84638441588817,86.47234489554943,3677600
2025-12-01,84.36593627929688,85.94574459329246,84.22682636600283,85.6576018809487,8752100
2025-12-02,84.65406799316406,85.44894493170885,83.68035170298039,84.48515910738848,9001900
2025-12-03,86.55183410644531,86.9393345339273,84.4255469882848,84.48516010620251,9303900
2025-12-04,84.45535278320312,87.30696565910132,84.20695468678194,86.74061830248135,10555100
2025-12-05,84.5745849609375,85.95567774385795,84.25663570689484,84.36593147364465,9402900
2025-12-08,82.87554168701172,84.95214606324724,82.60726750699064,84.58451416416607,10277600
2025-12-09,81.75277709960938,82.79605209617957,81.49444096684292,82.78611405016716,10322900
2025-12-10,83.3127212524414,83.46176162859415,81.44477026878447,81.68323032232381,10539600
2025-12-11,84.19701385498047,84.45534998925456,83.20342150216571,83.68034916694035,6894000
2025-12-12,84.80310821533203,85.37939361572293,84.31625007110924,84.56464816639756,9071500
2025-12-15,84.85279083251953,86.99894643308453,84.11753459330366,85.44894474487046,11718600
2025-12-16,84.53484344482422,85.98548744317017,84.17714957339552,85.09125276459844,7481400
2025-12-17,84.66400909423828,85.28003912286246,83.95855938656838,84.02811055266235,7947000
2025-12-18,88.84703063964844,89.99960146295369,86.7406196019654,87.12812003174703,16466100
2025-12-19,87.7640151977539,88.68805639808667,87.68452598943303,88.64831179392624,16986700
2025-12-22,85.61785125732422,88.05215707100892,85.488686980389,87.5951054981904,7161600
2025-12-23,83.3226547241211,85.5880440596337,82.8457270627199,85.4688102491564,9511300
2025-12-24,84.02810668945312,84.07778934031118,82.93515659514989,83.3027809216699,3462700
2025-12-26,84.53484344482422,84.6143326563658,83.8790688203688,84.03804724345197,5046200
2025-12-29,85.02169799804688,86.23388189092755,84.4354821439042,84.57458446795528,5352400
2025-12-30,84.70375061035156,85.20054680161462,84.50503516604965,84.69381256398398,4540500
