Date,Close,High,Low,Open,Volume
2011-01-03,1.9594230651855469,2.02285756500675,1.9509650646583745,2.02285756500675,14436000
2011-01-04,1.9735198020935059,1.9946646373107255,1.9009225177099638,1.959423245282026,16262000
2011-01-05,1.9728147983551025,1.9855016308123816,1.955898965730666,1.962947243327864,9537000
2011-01-06,2.0101706981658936,2.010875475516472,1.9573085318560488,1.9763388646752185,9598000
2011-01-07,1.9932552576065063,2.00946631616862,1.9580138624810912,2.006646870123205,8774000
2011-01-10,2.036954402923584,2.0510509592308024,1.9685859535937873,1.9918452883051188,15385000
2011-01-11,2.060918092727661,2.062327815287195,2.032724985890364,2.0538698160183366,13549000
2011-01-12,1.9855011701583862,2.067261372969818,1.9749288402375609,2.0637371509667735,15599000
2011-01-13,1.9981883764266968,2.0200379837776357,1.974929046518464,2.001712430753674,9645000
2011-01-14,2.0447075366973877,2.048231591886898,1.9735198069917783,1.9974840880661433,9776000
2011-01-18,1.9558990001678467,1.9657665553688217,1.91924788879943,1.948850722446551,100182000
2011-01-19,1.956604242324829,2.0087614762437105,1.9389834598136135,1.9735200792655154,29795000
2011-01-20,1.952374815940857,1.9608328165915532,1.922771981707619,1.951670038568032,20963000
2011-01-21,1.9573087692260742,1.985501883198622,1.949555713296888,1.9728150491286613,12490000
2011-01-24,1.9798635244369507,1.989026304193308,1.9439171829176323,1.989026304193308,21495000
2011-01-25,1.9749284982681274,1.9840912722364752,1.9312291276532483,1.9840912722364752,14548000
2011-01-26,1.9911402463912964,2.000303023578186,1.959422914891419,1.98268224651288,15209000
2011-01-27,2.059509515762329,2.075015800365822,2.003123270723104,2.003123270723104,37302000
2011-01-28,1.9770433902740479,2.0693759253621336,1.9643563923923684,2.0651469260682407,13722000
2011-01-31,2.02356219291687,2.0355442464209172,1.969995256752548,1.9763385881084625,13104000
2011-02-01,2.0489368438720703,2.0792444624302826,2.027087059860466,2.0383643406335135,15835000
2011-02-02,2.0299060344696045,2.0721957015100045,2.022857588585339,2.0454121448912317,11300000
2011-02-03,2.0729002952575684,2.0848823497198588,2.0158091321793803,2.0284961319941703,12326000
2011-02-04,2.1990652084350586,2.200474931545,2.0947505715822907,2.099684518444967,25500000
2011-02-07,2.170166492462158,2.2187996527684923,2.1539554390267135,2.196950045113838,9762000
2011-02-08,2.2491071224212646,2.273071228455444,2.184967689863463,2.2131609633699947,34684000
2011-02-09,2.309722900390625,2.3224099017930304,2.2378303965762756,2.250517397978681,42916000
2011-02-10,2.2892825603485107,2.325933669141176,2.2660232286984243,2.3252288918318356,35043000
2011-02-11,2.3463737964630127,2.3506027965389134,2.278005522049918,2.2928068542713804,27725000
2011-02-14,2.399235248565674,2.4210848517412256,2.366813148341217,2.366813148341217,25997000
2011-02-15,2.3759765625,2.414742171385992,2.355536508067597,2.388663394328693,19788000
2011-02-16,2.4232006072998047,2.438706888328363,2.38302543377607,2.3900737127810103,12605000
2011-02-17,2.370337963104248,2.426019406671327,2.3477835755646597,2.4196760744492956,34387000
2011-02-18,2.385843276977539,2.4013495486809795,2.370337005274098,2.3802047243821747,15639000
2011-02-22,2.297741174697876,2.342850127398191,2.2646142796815085,2.342850127398191,20118000
2011-02-23,2.2089321613311768,2.3259335930640406,2.179329330732727,2.324524038491463,33272000
2011-02-24,2.395007371902466,2.4048749284086943,2.2314870718765065,2.244878851731656,35331000
2011-02-25,2.42179012298584,2.438001175280783,2.382319742095724,2.4133321242079,19132000
2011-02-28,2.3957114219665527,2.43377224957543,2.3604700393984572,2.4203804737863033,16263000
2011-03-01,2.260385751724243,2.2885788740685302,2.2441746895718513,2.2730725895614663,101318000
2011-03-02,2.2878735065460205,2.293512062343396,2.258270668499245,2.263204446833004,26617000
2011-03-03,2.325932264328003,2.331570983529616,2.2801184060077584,2.311130941506424,32848000
2011-03-04,2.3111331462860107,2.336506986789252,2.291397862319382,2.330163484652381,20498000
2011-03-07,2.254041910171509,2.32593442856714,2.2251440145230617,2.32593442856714,16709000
2011-03-08,2.2829396724700928,2.2942169518337097,2.226553275652007,2.2498126118256496,19603000
2011-03-09,2.1849677562713623,2.2476974682449287,2.180738924758811,2.2371251373972973,43929000
2011-03-10,2.1856725215911865,2.1934255747773386,2.1250573143870586,2.1715759695922805,36191000
2011-03-11,2.201179027557373,2.2216190820796453,2.1645280865332337,2.1835584183820376,13135000
2011-03-14,2.1849677562713623,2.196949977696793,2.16523264906556,2.191311255606443,16414000
2011-03-15,2.189901828765869,2.2047031600329876,2.1039126142180495,2.1314009448948505,19796000
2011-03-16,2.0888516902923584,2.196968755223264,2.077545298627279,2.187075725695578,28724000
2011-03-17,2.0718917846679688,2.1418499172502012,1.9976937346302062,2.139023361772516,38143000
2011-03-18,2.142556667327881,2.1545696543816013,2.1100508583693416,2.1248904008807603,30697000
2011-03-21,2.189901828765869,2.201208218093537,2.1609293430020853,2.176475480909389,19947000
2011-03-22,2.1701152324676514,2.211807459004219,2.1517423754530323,2.201207669004267,15176000
2011-03-23,2.191314935684204,2.19202153228561,2.1446761904320404,2.1708221179417144,12364000
2011-03-24,2.195554733276367,2.2139274232631267,2.1623421676404737,2.209687675406465,13371000
2011-03-25,2.180009603500366,2.2040355843641857,2.174356322517199,2.2012090281116277,9122000
2011-03-28,2.189901828765869,2.225940955277685,2.172235563851765,2.181421994650621,10740000
2011-03-29,2.188488721847534,2.1983819189603993,2.1630495534944765,2.194848598174803,14708000
2011-03-30,2.225233793258667,2.2323002642684475,2.163048915763785,2.225940558294216,17353000
2011-03-31,2.1976747512817383,2.2471402223539987,2.177182100998691,2.2280607653440017,15803000
2011-04-01,2.227353811264038,2.254206502909578,2.1948480100499443,2.225940618110881,16029000
2011-04-04,2.1623427867889404,2.2323009209075817,2.117117392718731,2.2323009209075817,18790000
2011-04-05,2.2379536628723145,2.2895389208738774,2.1630490324328964,2.1729420586846007,20444000
2011-04-06,2.315685749053955,2.3220456263233906,2.2429010485638585,2.2711669451239724,21373000
2011-04-07,2.2944867610931396,2.32981913848344,2.2831803666326307,2.32275266300538,16580000
2011-04-08,2.3015525341033936,2.3418314151868205,2.280353114139589,2.3220453572784754,8340000
2011-04-11,2.2775261402130127,2.3057920283067324,2.242900376754812,2.2824726537816153,8896000
2011-04-12,2.216754198074341,2.2725793713311444,2.182128438506176,2.2626861768274087,18839000
2011-04-13,2.2471399307250977,2.281765688590834,2.212514172859361,2.2520864434947807,8770000
2011-04-14,2.195554733276367,2.2464332238579434,2.1694086387055225,2.228060533871184,11746000
2011-04-15,2.2429006099700928,2.24996708272829,2.160929492279409,2.190608576777036,12119000
2011-04-18,2.23300838470459,2.2400748600036082,2.157396947374839,2.218168668642009,8052000
2011-04-19,2.2450203895568848,2.2605665272979802,2.221701014467255,2.230180680013856,7237000
2011-04-20,2.3008458614349365,2.3050857789834716,2.2570336608967545,2.2739931626128866,11153000
2011-04-21,2.3036723136901855,2.3361781221342226,2.2980192028642663,2.323458538536904,8335000
2011-04-25,2.2782323360443115,2.31073813532868,2.2612728398674964,2.299431748384819,6000000
2011-04-26,2.2860054969787598,2.302258397286555,2.250673141630935,2.302258397286555,11000000
2011-04-27,2.359497547149658,2.3672706168129998,2.2725799134446425,2.2796463863598633,9822000
2011-04-28,2.324165105819702,2.3898833186087596,2.3220451471673456,2.353137593271911,7214000
2011-04-29,2.364443778991699,2.367270334124653,2.3121519193591156,2.327698056829352,8180000
2011-05-02,2.3425374031066895,2.384229632410439,2.3262845030133286,2.384229632410439,7082000
2011-05-03,2.272580146789551,2.3623243451798452,2.27046018784951,2.3524313157783365,11762000
2011-05-04,2.2994322776794434,2.3043787915163794,2.255620081366307,2.278939457156429,7482000
2011-05-05,2.3488988876342773,2.3602052834531904,2.2669277285447627,2.296606996509649,8190000
2011-05-06,2.4669077396392822,2.4732676151277992,2.375750198215817,2.3920031010344807,19072000
2011-05-09,2.5057733058929443,2.5184928878088884,2.448534766076251,2.473267501745781,13743000
2011-05-10,2.5305066108703613,2.5566525457028195,2.5163736640161667,2.526973289917805,16750000
2011-05-11,2.5347466468811035,2.5488797638120877,2.510720668206697,2.530506897127647,13834000
2011-05-12,2.4775071144104004,2.5488785891402825,2.461254214331989,2.5411053531388963,20255000
2011-05-13,2.4654946327209473,2.502240188160737,2.464787867545457,2.4775076189683776,10121000
2011-05-16,2.420976161956787,2.471854668987015,2.4124963265460755,2.4520686109993735,7560000
2011-05-17,2.421682357788086,2.4336953436455833,2.389883148740956,2.4096693719305886,12570000
2011-05-18,2.4471216201782227,2.455601285460381,2.3785766903990493,2.430161952657943,6843000
2011-05-19,2.459841251373291,2.477507515899736,2.4471216689575193,2.452068182590207,7067000
2011-05-20,2.430162191390991,2.488107334662376,2.4238024839241064,2.461961402637409,13164000
2011-05-23,2.2633941173553467,2.39765714044484,2.245727845867704,2.3969505434983107,24924000
2011-05-24,2.240781307220459,2.283180156180709,2.2245283982712247,2.2704605688838537,28000000
2011-05-25,2.4379358291625977,2.4506554146607975,2.30437925480236,2.317805605617923,67195000
2011-05-26,2.4527747631073,2.462667790307533,2.3778701254861354,2.4407617774387336,18410000
2011-05-27,2.4739744663238525,2.4817477044355263,2.41461612775818,2.459134923801935,17129000
2011-05-31,2.387763738632202,2.4075499663660977,2.3651509550729,2.3927102534461695,107163000
2011-06-01,2.386350154876709,2.420269156193109,2.37787032030861,2.3912966688821005,33826000
2011-06-02,2.3686835765838623,2.413202365238246,2.3305246630166696,2.3891763951017153,23147000
2011-06-03,2.394829273223877,2.4124955350408075,2.3390041015341643,2.3828162893186664,40817000
2011-06-06,2.355257272720337,2.403309382347418,2.350310759277222,2.403309382347418,13823000
2011-06-07,2.4061357975006104,2.4202687403672654,2.360203648944997,2.3884697031562756,49845000
2011-06-08,2.360910177230835,2.4146153884332495,2.3496037903759133,2.388469463600091,17524000
2011-06-09,2.4188549518585205,2.4478274270613034,2.3849357962396733,2.4238014637966576,32459000
2011-06-10,2.386350154876709,2.4301621842038927,2.3587908610083854,2.4223891148351337,14248000
2011-06-13,2.3651504516601562,2.4245089537495996,2.3305248553323015,2.386350037033521,23053000
2011-06-14,2.418149471282959,2.435109142338973,2.384937062928293,2.3856436597296216,21844000
2011-06-15,2.3777639865875244,2.4301939101652077,2.372804428897601,2.418857705907269,19194000
2011-06-16,2.364302396774292,2.371387503809584,2.313998187500402,2.36713657472623,21770000
2011-06-17,2.302661418914795,2.3976019650901366,2.2806976431574046,2.3862657628235935,20208000
2011-06-20,2.3203742504119873,2.3487146714191547,2.2806976272175064,2.2998273945051206,19129000
2011-06-21,2.41389799118042,2.4372788581531606,2.327459629374461,2.3352531953912905,18439000
2011-06-22,2.5506410598754883,2.5711879222616023,2.3770558420071084,2.4075218210891784,38382000
2011-06-23,2.5378880500793457,2.555600904065886,2.467745432082101,2.51379871730927,38113000
2011-06-24,2.516632080078125,2.538595857970011,2.479789461361961,2.5350533894362073,102656000
2011-06-27,2.511672258377075,2.5520573413757597,2.4797892003178736,2.518757363621094,18084000
2011-06-28,2.6179494857788086,2.64841546276994,2.5371792997661697,2.5371792997661697,31148000
2011-06-29,2.6717967987060547,2.677464986647713,2.5959861574801057,2.63991389610816,25680000
2011-06-30,2.692342758178711,2.741938499153487,2.632119273962502,2.6781725464716324,26329000
2011-07-01,2.7391040325164795,2.762484894815235,2.7072211459686804,2.707929605758879,19479000
2011-07-05,2.760359764099121,2.768861958556564,2.7284768727281996,2.7454810927208406,9519000
2011-07-06,2.768862247467041,2.768862247467041,2.7128898556004697,2.7398133615768137,12312000
2011-07-07,2.7391040325164795,2.795076410075453,2.730602008267436,2.772404176489116,23121000
2011-07-08,2.689509153366089,2.7072220051200837,2.6236176421444304,2.7072220051200837,20213000
2011-07-11,2.6491239070892334,2.7008452014749706,2.628577047545269,2.650540827037067,14573000
2011-07-12,2.508837938308716,2.6384955427070618,2.480497518946115,2.6349530747478487,34677000
2011-07-13,2.5067131519317627,2.569770650608537,2.483332283533883,2.532928029151935,19458000
2011-07-14,2.4925432205200195,2.5853582509134836,2.4868752018509004,2.51167316360346,22356000
2011-07-15,2.5159244537353516,2.5470988966350374,2.476247644339668,2.506005166925277,13745000
2011-07-18,2.479789972305298,2.530094353443734,2.4372793276071274,2.4996283745178163,11983000
2011-07-19,2.5648117065429688,2.5832330228916294,2.489709520766009,2.501045728436132,17896000
2011-07-20,2.5555999279022217,2.621491422260309,2.5449721857853222,2.5697701381099343,14829000
2011-07-21,2.6044881343841553,2.634954114108514,2.5315113399252316,2.543556006013147,20498000
2011-07-22,2.6264524459838867,2.6491248625491264,2.57048003372255,2.601654479808011,14929000
2011-07-25,2.5570180416107178,2.5959862223398673,2.5428478247859925,2.5959862223398673,14361000
2011-07-26,2.5974013805389404,2.6179482316720826,2.5655184987744595,2.5711865140901287,27251000
2011-07-27,2.3827240467071533,2.5966945460039508,2.368553830627314,2.5825243299241114,40519000
2011-07-28,2.4542839527130127,2.4656201602692307,2.296285844954624,2.4011455536967516,47042000
2011-07-29,2.3827240467071533,2.430194422604686,2.3260431823877954,2.3820155865798514,38414000
2011-08-01,2.3522579669952393,2.4160241056134626,2.334545282096405,2.4089389978694706,23795000
2011-08-02,2.2707786560058594,2.395476728237705,2.2700701960602347,2.3274596747122698,21037000
2011-08-03,2.3224997520446777,2.326750679972242,2.219057014747842,2.272903847360042,17009000
2011-08-04,2.189300775527954,2.3026626919433575,2.186466765625093,2.2821158245335393,26030000
2011-08-05,2.07877254486084,2.3019536856836105,2.0610596915553034,2.2155153061540624,43748000
2011-08-08,1.9264421463012695,2.054682677560398,1.8718866804478023,2.0270507146874333,43697000
2011-08-09,2.099318504333496,2.1035696008119142,1.9434460366321946,1.9639928903297388,42112000
2011-08-10,2.072395086288452,2.151748327222293,2.024924901256998,2.0731037150104803,30432000
2011-08-11,2.1758384704589844,2.207012906979456,2.0971936657623287,2.0971936657623287,27065000
2011-08-12,2.1992197036743164,2.2672367748237927,2.1893004172540773,2.2311026054780174,25743000
2011-08-15,2.2396042346954346,2.295576624841026,2.2098467208266026,2.2098467208266026,17067000
2011-08-16,2.1942596435546875,2.2445640213966485,2.1722958625766178,2.22047469143073,17459000
2011-08-17,2.1751294136047363,2.269361502484195,2.1687529369060563,2.219765595106695,19023000
2011-08-18,2.027050256729126,2.118448150175369,2.00366939633771,2.1120715058171085,23055000
2011-08-19,2.004377841949463,2.1078203947288734,1.9944587300768521,2.0284671619035763,12609000
2011-08-22,1.9583250284194946,2.04759756242556,1.934944162853625,2.039803827955441,25793000
2011-08-23,2.0731046199798584,2.0759386293384314,1.9314022939059667,1.9710789316928727,35977000
2011-08-24,2.2863657474517822,2.3706785544452287,2.2233082571768503,2.268652899058566,69346000
2011-08-25,2.187883138656616,2.2863661752215108,2.1829235807199407,2.2750299703995642,25065000
2011-08-26,2.2332277297973633,2.233936358714005,2.104278720096684,2.16662776050277,20916000
2011-08-29,2.3274598121643066,2.331002281023894,2.2495234701861775,2.2651107723662567,13459000
2011-08-30,2.3472979068756104,2.39264272188532,2.2863659595132875,2.3062043583106,17145000
2011-08-31,2.3458807468414307,2.4443637640334566,2.3196657044440183,2.359342329054796,22913000
2011-09-01,2.2360615730285645,2.348714980978622,2.2303935556489827,2.3387958661032258,31135000
2011-09-02,2.2055952548980713,2.234644303965509,2.1616677047646684,2.1850485684159633,16862000
2011-09-06,2.228976249694824,2.230393338362794,2.14112097533668,2.160250743281956,11800000
2011-09-07,2.3168323040008545,2.3550918499817195,2.277155668978286,2.282115227240822,14595000
2011-09-08,2.34446382522583,2.3628851346351087,2.274321225054616,2.2792807823690753,19383000
2011-09-09,2.288492441177368,2.355801062261682,2.2672371138226888,2.3175413378853986,19032000
2011-09-12,2.375638246536255,2.386265989960942,2.253065896264288,2.2566083647910165,20470000
2011-09-13,2.4316108226776123,2.4436554868765947,2.345172455512975,2.3756384304594347,20511000
2011-09-14,2.590317726135254,2.6051965702769757,2.4372793688478502,2.444364476417431,47206000
2011-09-15,2.6109259128570557,2.672752334742894,2.5732615136386907,2.6159004369690635,29980000
2011-09-16,2.5931601524353027,2.619454313143831,2.552653183742788,2.5988454450609533,18030000
2011-09-19,2.6542751789093018,2.6997568283015703,2.516409204515994,2.557626928098737,41148000
2011-09-20,2.5810787677764893,2.6841229239554756,2.5775256086489544,2.664935424143505,27096000
2011-09-21,2.5569162368774414,2.699756729686962,2.54980975059848,2.597423191724321,32939000
2011-09-22,2.414787530899048,2.4879843925574243,2.343011865537057,2.4766139750259337,35534000
2011-09-23,2.473059892654419,2.490826195190875,2.3728583055446877,2.4069695454191558,20868000
2011-09-26,2.4233145713806152,2.492958080010903,2.3849394039394114,2.4744813483475374,25446000
2011-09-27,2.4510300159454346,2.497933041045547,2.441791733840915,2.464532394257647,23268000
2011-09-28,2.345853805541992,2.387071364576438,2.337325952912509,2.3465644034504414,106504000
2011-09-29,2.357224464416504,2.3849398209051422,2.2932660667418365,2.369305647577234,49076000
2011-09-30,2.3287978172302246,2.3721475035851447,2.3046357969594844,2.353670604755048,51674000
2011-10-03,2.266261339187622,2.361488423680657,2.250627165646538,2.3302199071664327,36639000
2011-10-04,2.2982397079467773,2.325955053776212,2.193063615006148,2.2691031665970574,37205000
2011-10-05,2.3174288272857666,2.3238247199061015,2.2456533202419555,2.293266792185088,35119000
2011-10-06,2.341590166091919,2.355803142594252,2.294687309747812,2.327377189589586,24844000
2011-10-07,2.3366146087646484,2.3757001921590475,2.311741826160237,2.3558021016210944,18240000
2011-10-10,2.392045736312866,2.4204716840230303,2.3451428887046935,2.3451428887046935,37583000
2011-10-11,2.3685946464538574,2.4098123781040375,2.345143219343385,2.3892035122789474,13002000
2011-10-12,2.3913350105285645,2.4062585814484807,2.3387468745322804,2.3835179261560375,28894000
2011-10-13,2.4204721450805664,2.482298745615869,2.3650416042600053,2.372858690539714,60207000
2011-10-14,2.5370185375213623,2.5448357927681013,2.471638781450648,2.485851757167583,35004000
2011-10-17,2.491537094116211,2.53630798537642,2.4737707894331264,2.5121459601076186,21298000
2011-10-18,2.546968460083008,2.5562067443637617,2.480877918355764,2.482299284093155,13948000
2011-10-19,2.4609787464141846,2.519252005439854,2.451740296711383,2.5185412381636327,30312000
2011-10-20,2.414787530899048,2.474482180581355,2.353671684920355,2.453873309395033,27141000
2011-10-21,2.404837131500244,2.4517399716397037,2.374989823384592,2.4389481955478587,27170000
2011-10-24,2.512146472930908,2.5306233793548936,2.416208780808255,2.4218939045854477,25690000
2011-10-25,2.447477340698242,2.512857112371559,2.4417922168275523,2.475903298915845,24614000
2011-10-26,2.3998637199401855,2.496512005416024,2.390625267183284,2.4723499764050807,23137000
2011-10-27,2.3991527557373047,2.4695070427648433,2.3785438882436516,2.421182988704747,43170000
2011-10-28,2.387071132659912,2.4154970794204265,2.209408795974688,2.3955989844608694,71596000
2011-10-31,2.3998637199401855,2.429710872448269,2.34372240531965,2.34656496706822,35767000
2011-11-01,2.3451435565948486,2.3749908779637576,2.2939767683715937,2.3231134916749765,16196000
2011-11-02,2.3167171478271484,2.380675535885115,2.302504172703156,2.3757010115349204,21439000
2011-11-03,2.43966007232666,2.4517410867311633,2.33164120189519,2.381386794523705,31449000
2011-11-04,2.4432122707366943,2.4659530944509616,2.389202941489307,2.389202941489307,17113000
2011-11-07,2.457425594329834,2.4588469595520666,2.3884926849759647,2.4403700588231483,17289000
2011-11-08,2.4680850505828857,2.4773234996022997,2.406969235269222,2.4680850505828857,9475000
2011-11-09,2.3614885807037354,2.454583707825538,2.3501181640974007,2.419761859916159,15446000
2011-11-10,2.3529601097106934,2.3991521893716103,2.3373257709180075,2.3920457025443915,9560000
2011-11-11,2.436816453933716,2.4439229403743346,2.3621982615912205,2.3693049174638405,11553000
2011-11-14,2.351538896560669,2.438238109229218,2.333061995729271,2.4247357325551926,16063000
2011-11-15,2.3444321155548096,2.3820965103979153,2.3245338519862253,2.343010750502768,16231000
2011-11-16,2.2811851501464844,2.366463017343856,2.264840208657115,2.328798609055144,17180000
2011-11-17,2.2172257900238037,2.282605532677777,2.1994596587394852,2.2769204113304755,17349000
2011-11-18,2.1219990253448486,2.2442306660658056,2.0971262368312544,2.236413581416166,32279000
2011-11-21,2.092862129211426,2.113470989970247,2.0459592865205884,2.0871770080382315,36389000
2011-11-22,2.090019941329956,2.1475826082754534,2.067989881065299,2.1042329162294817,24014000
2011-11-23,2.0587518215179443,2.087888374767145,2.0374323551188094,2.0608837851010637,23819000
2011-11-25,2.021087408065796,2.0701222314709966,2.0118489557097994,2.0580410480577256,8951000
2011-11-28,2.0310356616973877,2.099257961099351,1.9983457922514483,2.084334391347418,47653000
2011-11-29,2.051645040512085,2.0864668815007783,2.0267722485395803,2.036010699606622,31500000
2011-11-30,2.1262636184692383,2.139765829022115,2.0594624860498927,2.091441771396948,36586000
2011-12-01,2.12555193901062,2.1589525756060137,2.0694106489380104,2.1191562202308982,48612000
2011-12-02,2.214384078979492,2.2484953284473317,2.143319187711575,2.1518470424365517,57689000
2011-12-05,2.2058568000793457,2.269815214003755,2.187379891059208,2.2399678863995254,28980000
2011-12-06,2.189511299133301,2.2172264861934736,2.1362125496814848,2.198038983831795,27058000
2011-12-07,2.2186474800109863,2.2307284917173407,2.163216776312629,2.1774297511944605,25019000
2011-12-08,2.1802728176116943,2.2484951414412966,2.1738769270999048,2.2158052602904403,29397000
2011-12-09,2.1752984523773193,2.1781410141140234,2.1170251743306,2.134080714182888,33703000
2011-12-12,2.093573808670044,2.105654823501168,1.960682306663539,2.0338791631806346,36729000
2011-12-13,2.0779383182525635,2.138343528519576,2.065857310085556,2.099257774329396,32928000
2011-12-14,2.0402743816375732,2.0864666314366156,2.009005703574215,2.0580405142611955,21125000
2011-12-15,2.0438430309295654,2.087374510060356,2.0402747876469998,2.060256575714317,23917000
2011-12-16,2.0552597045898438,2.081664039494388,2.010300756057109,2.0638231760992976,90364000
2011-12-19,1.9660570621490479,2.0574018410987702,1.9546389222445328,2.0574018410987702,31124000
2011-12-20,2.057401657104492,2.0695335466415283,1.9924612367860597,1.9931748172965267,29613000
2011-12-21,1.9917476177215576,2.0738153368586434,1.9660570162156124,2.057401793031226,27523000
2011-12-22,2.070960521697998,2.0795241676273504,1.9896065659418245,1.9967428808352286,27874000
2011-12-23,2.097365617752075,2.113065584173756,2.0588295376135846,2.0852338951211884,11767000
2011-12-27,2.093797206878662,2.1073562588706984,2.071674677425762,2.0888018024906914,7993000
2011-12-28,2.0509796142578125,2.095938430581031,2.044556877599288,2.0952248498889374,13375000
2011-12-29,2.078096866607666,2.0845196011474507,2.0516925181350003,2.052406098591697,10221000
2011-12-30,2.059542655944824,2.0809516034535673,2.045270024272329,2.066678971781072,8364000
2012-01-03,2.065965414047241,2.1530285362678567,2.061683590469586,2.1037879054112074,23032000
2012-01-04,2.0302846431732178,2.0759570491929478,2.0053074424501287,2.0616844116778283,20254000
2012-01-05,2.033137798309326,2.0516922488939353,2.011015275766295,2.0309968870770136,20075000
2012-01-06,2.0202927589416504,2.037419880843217,1.9995973944830407,2.0274290739125673,24357000
2012-01-09,2.156597375869751,2.16872909926694,2.087374939216323,2.090943183232505,33485000
2012-01-10,2.1872830390930176,2.221537288748803,2.168015002393738,2.178005811031409,26829000
2012-01-11,2.2265329360961914,2.2586464475290153,2.1830014536272873,2.190137770596446,27103000
2012-01-12,2.2607874870300293,2.2786283655298734,2.199415123608271,2.2265330615618906,19873000
2012-01-13,2.252937078475952,2.283623253233711,2.2272463077318765,2.2493688355272137,24275000
2012-01-17,2.258646011352539,2.3021776555580846,2.245800711345949,2.262214254219649,31782000
2012-01-18,2.4220681190490723,2.4977131064465183,2.339286815296079,2.354986609192362,44274000
2012-01-19,2.3992319107055664,2.4513270386798576,2.3978045793343115,2.417786367815841,31546000
2012-01-20,2.4127907752990723,2.4292043191456183,2.379250107047538,2.391381827257038,23462000
2012-01-23,2.4020862579345703,2.4192135527802825,2.374968324667522,2.415645309639693,20124000
2012-01-24,2.4170725345611572,2.4434768860954414,2.397090748168192,2.397090748168192,30778000
2012-01-25,2.422781467437744,2.465599361467283,2.4049405931871766,2.465599361467283,30352000
2012-01-26,2.4320578575134277,2.457035038836412,2.4149307398267936,2.4234942135985467,25537000
2012-01-27,2.424922466278076,2.460604045918021,2.412077165664973,2.41493165800753,29468000
2012-01-30,2.407081127166748,2.4270629099974284,2.379963199927519,2.397803901235211,16590000
2012-01-31,2.4220681190490723,2.4320589279181988,2.381390962693568,2.4263499428910418,16225000
2012-02-01,2.470594644546509,2.4905764295352415,2.4363403990560792,2.4541811022905846,39361000
2012-02-02,2.497713327407837,2.5105586299269067,2.479872449869065,2.4834406934341064,36188000
2012-02-03,2.5069899559020996,2.5319671444439176,2.495571817429931,2.517694513889501,23816000
2012-02-06,2.447758197784424,2.5012806403439076,2.4363400608250396,2.49771239810647,18853000
2012-02-07,2.467740774154663,2.4720225984554998,2.422781959282321,2.450613647094538,15076000
2012-02-08,2.489149332046509,2.4977129792944943,2.457749575709219,2.465599472257743,15032000
2012-02-09,2.5069899559020996,2.519835255343804,2.4827265179882265,2.498426309512179,11790000
2012-02-10,2.461318016052246,2.526258620376163,2.4513272062003266,2.467740752447003,8898000
2012-02-13,2.4841537475585938,2.5098445172946393,2.427776804268824,2.4870082397196693,14360000
2012-02-14,2.462745189666748,2.4934313680616267,2.4399089084890493,2.4670270136554673,18319000
2012-02-15,2.4962854385375977,2.5319671856474777,2.4841537193832375,2.4920037854161374,19864000
2012-02-16,2.559084892272949,2.565507626608191,2.4777307677893816,2.4998534626741593,16769000
2012-02-17,2.5148403644561768,2.5540901915557033,2.48629509752678,2.5455265434195993,18402000
2012-02-21,2.5312530994415283,2.560512107775603,2.5176942210918987,2.5319668499864667,20449000
2012-02-22,2.5619399547576904,2.5919125515212724,2.521976549120649,2.521976549120649,24333000
2012-02-23,2.653998613357544,2.658994017712185,2.548381030899305,2.5548035964163005,47606000
2012-02-24,2.5919125080108643,2.6689848254763184,2.5812081187241955,2.6654165822852955,19325000
2012-02-27,2.6390116214752197,2.6539980012258075,2.536248555186692,2.584062016104828,26216000
2012-02-28,2.6411523818969727,2.670411389165916,2.60903888298166,2.6283070844167384,21581000
2012-02-29,2.6839702129364014,2.6903929466186676,2.619743386543184,2.6361569258579873,34503000
2012-03-01,2.6632752418518066,2.697529484040807,2.6518571044077524,2.6932476612313914,12550000
2012-03-02,2.61189341545105,2.6618476122901953,2.592625214969979,2.658279370301542,19601000
2012-03-05,2.5298268795013428,2.608326367616071,2.518408738110556,2.6061854554713473,24881000
2012-03-06,2.5198352336883545,2.5319671226842067,2.4691674466985667,2.4755901814358103,19936000
2012-03-07,2.5512349605560303,2.566934750737703,2.516266967644402,2.534107839383677,12857000
2012-03-08,2.599048614501953,2.627593877153684,2.576212336323294,2.5904851377923457,17478000
2012-03-09,2.624025344848633,2.62759341698363,2.5726438130166835,2.606184473744177,13307000
2012-03-12,2.61189341545105,2.6304478654485037,2.5762116761370883,2.6211706404497765,8724000
2012-03-13,2.685398578643799,2.688253071332649,2.631876117619204,2.6368715223604946,12902000
2012-03-14,2.6482901573181152,2.73820779972261,2.640440258423515,2.6832581671739177,22282000
2012-03-15,2.704148054122925,2.7048641431173936,2.641843701589126,2.65974729238122,16248000
2012-03-16,2.7141735553741455,2.7786263354776732,2.6977023159074416,2.709876680601741,23520000
2012-03-19,2.725632905960083,2.7327943098242233,2.6941227631061335,2.7048647835316757,10058000
2012-03-20,2.7234833240509033,2.732077073375622,2.6855278824355033,2.6998506841491916,17642000
2012-03-21,2.7471160888671875,2.764303417556888,2.710592994058914,2.727780322748615,13604000
2012-03-22,2.7177553176879883,2.7456848430017438,2.711310003213738,2.7342265630724083,19680000
2012-03-23,2.728497266769409,2.7335102320941074,2.6869611951899097,2.7077291456089965,14863000
2012-03-26,2.781491756439209,2.78220784555119,2.7191873936810835,2.7542783212880297,16678000
2012-03-27,2.7771952152252197,2.7943825511748996,2.748549598395305,2.7707499002160856,17597000
2012-03-28,2.719186782836914,2.78363956919349,2.70629632801037,2.780774871906449,16691000
2012-03-29,2.7456846237182617,2.747832890963444,2.685528701578923,2.6962708915114177,13024000
2012-03-30,2.7908010482788086,2.808704467741961,2.732077484127438,2.7542777788989596,24210000
2012-04-02,2.770749568939209,2.7936661279597246,2.7292134977985136,2.7850723756417004,14370000
2012-04-03,2.747833013534546,2.792233782667225,2.7306456796172043,2.7650205181932113,12313000
2012-04-04,2.6790823936462402,2.730644544709378,2.656166014861376,2.724915492698475,13125000
2012-04-05,2.693406105041504,2.720619538147147,2.6747864235989716,2.6833801752620823,13792000
2012-04-09,2.691257953643799,2.6998517062218217,2.654734846669859,2.6669092156611724,12198000
2012-04-10,2.6353988647460938,2.7027160187882866,2.6189276207742975,2.677651193662498,20072000
2012-04-11,2.684096574783325,2.736375009125756,2.6425605020036373,2.6533025220837185,15944000
2012-04-12,2.7320778369903564,2.753562045565717,2.6855286330397523,2.694838473829873,12525000
2012-04-13,2.669773817062378,2.716323026916824,2.6647608514997967,2.715606937762551,8941000
2012-04-16,2.6533026695251465,2.690542038786956,2.649722052879925,2.677651579826282,17633000
2012-04-17,2.7027156352996826,2.717754698982577,2.6654762766923326,2.676218465037257,11296000
2012-04-18,2.684096574783325,2.707729223849101,2.6575993984122834,2.6891097109942046,8837000
2012-04-19,2.557339668273926,2.6633285412143004,2.5501782648620623,2.648289474530459,28969000
2012-04-20,2.4549317359924316,2.560204533721717,2.406950343868207,2.560204533721717,80400000
2012-04-23,2.37973690032959,2.422705326395517,2.3732915851972964,2.4184086203820025,43912000
2012-04-24,2.340348958969116,2.3818852042665624,2.3188647471487833,2.3768722385826186,37246000
2012-04-25,2.5050601959228516,2.525828308420646,2.4463366440199956,2.472833979314382,40196000
2012-04-26,2.5107903480529785,2.524397065147307,2.4642411425941257,2.484293173692292,16242000
2012-04-27,2.47784686088562,2.5286927511100887,2.4706854606818394,2.5129377731065206,17007000
2012-04-30,2.4692540168762207,2.4792799466859403,2.4413244946280206,2.4649571410316806,13464000
2012-05-01,2.4678218364715576,2.5029125907730987,2.447053717069709,2.472834801371778,11762000
2012-05-02,2.4907374382019043,2.4964666610977706,2.4248524847176167,2.4441884199072508,8848000
2012-05-03,2.3890466690063477,2.4871580591499423,2.384033703194827,2.4857257100289325,18368000
2012-05-04,2.265153408050537,2.389045664341168,2.2608565332358146,2.3582516224906844,38604000
2012-05-07,2.2415215969085693,2.2909351633422603,2.235076282301044,2.260141110094752,19848000
2012-05-08,2.2594246864318848,2.2680184379696082,2.21287548350473,2.2264821998590225,28533000
2012-05-09,2.225050926208496,2.2372252986747383,2.199985921195849,2.232212331820484,24596000
2012-05-10,2.2114434242248535,2.2451020016538177,2.1935398311397822,2.234359811654511,22290000
2012-05-11,2.2157394886016846,2.2307783783506676,2.1921068500011374,2.197835902074677,29039000
2012-05-14,2.229346752166748,2.25226330936732,2.1820814596538876,2.197120525016086,18594000
2012-05-15,2.2236175537109375,2.267302056622566,2.2135916246153244,2.2336434828065506,21493000
2012-05-16,2.2035653591156006,2.2673018861680783,2.1992686546414326,2.224333475496106,19452000
2012-05-17,2.1534361839294434,2.2157405515086372,2.1520040055946597,2.1985530455605358,18872000
2012-05-18,2.149855136871338,2.166326379612564,2.1276546697141665,2.164894030823252,22855000
2012-05-21,2.2135908603668213,2.2135908603668213,2.1269378027287935,2.1484220022624694,28360000
2012-05-22,2.2393717765808105,2.2501137902221195,2.2078614828861856,2.215739141680456,28475000
2012-05-23,2.4005038738250732,2.405516837389743,2.2558435070947342,2.2694500493097234,47735000
2012-05-24,2.3281748294830322,2.4005051362575487,2.3224457740365594,2.396208259302016,27487000
2012-05-25,2.3740079402923584,2.3919113664999925,2.3324716909858636,2.3346201294493962,15457000
2012-05-29,2.4671053886413574,2.4714022641544364,2.3783040345833486,2.402652768169066,19163000
2012-05-30,2.3675615787506104,2.4384595044955613,2.353954864741067,2.431298103028635,26237000
2012-05-31,2.3704261779785156,2.3904782051464193,2.3253093302773373,2.383316803459586,19157000
2012-06-01,2.218604326248169,2.339632062286389,2.2100105761895863,2.3224447329105025,38892000
2012-06-04,2.186378240585327,2.266586016565092,2.161313246563662,2.2357919688625736,39732000
2012-06-05,2.2493999004364014,2.2551289572134396,2.1763534874514927,2.189960210723702,36053000
2012-06-06,2.361117124557495,2.362549473668101,2.261573556757236,2.2773287140085414,25299000
2012-06-07,2.359684705734253,2.3976401605135442,2.353239391505319,2.3940593734725844,23101000
2012-06-08,2.4234209060668945,2.4377437107349618,2.327457978197805,2.3510906229742456,25119000
2012-06-11,2.3804526329040527,2.453499185310238,2.3732912296326476,2.441324646081659,15443000
2012-06-12,2.429149627685547,2.447053216444691,2.385465130639976,2.385465130639976,18471000
2012-06-13,2.4377431869506836,2.469969405158917,2.4098136726266217,2.428433348842663,20580000
2012-06-14,2.396024703979492,2.431270956379984,2.348550194929255,2.4305515261085273,23709000
2012-06-15,2.4506916999816895,2.470113053990384,2.3981820497000172,2.399620566887599,18289000
2012-06-18,2.500323534011841,2.5233413468674217,2.4319890108693043,2.4420593147121834,17163000
2012-06-19,2.4960081577301025,2.5175874582209232,2.474428857239282,2.511833046688852,19152000
2012-06-20,2.537008762359619,2.556430115275375,2.5024819508420606,2.5032012093953755,29267000
2012-06-21,2.4801831245422363,2.5456404522724703,2.4737092833223504,2.535570146928442,23173000
2012-06-22,2.5032007694244385,2.521183602072842,2.4729896860338014,2.4787442679399714,55520000
2012-06-25,2.4607622623443604,2.491692614557466,2.448534007492257,2.4729905171964632,23592000
2012-06-26,2.4737093448638916,2.490253491839395,2.4427789980398655,2.4672356749799773,18656000
2012-06-27,2.51039457321167,2.521903568759231,2.4693939159148366,2.4758675865689863,11415000
2012-06-28,2.467954397201538,2.498884737303959,2.44062052053117,2.4823405939237344,16941000
2012-06-29,2.5823252201080322,2.585202597215569,2.5190260106886893,2.5190260106886893,18990000
2012-07-02,2.5528337955474854,2.603185498567994,2.537008905999366,2.572974408156872,21855000
2012-07-03,2.5708160400390625,2.5751319338908663,2.5492367422770568,2.5578685299806647,9803000
2012-07-05,2.55930757522583,2.586641287602851,2.5513950448954246,2.570816398439078,8576000
2012-07-06,2.4801831245422363,2.554991499091075,2.4506914670355755,2.5535528105432026,14716000
2012-07-09,2.3945846557617188,2.4888143616028167,2.3823564060527573,2.481621263450663,21974000
2012-07-10,2.404655933380127,2.450691917407924,2.3917084200579697,2.4168841880446803,21338000
2012-07-11,2.380918264389038,2.4132872992528824,2.368690011872949,2.403216993827518,18940000
2012-07-12,2.3435139656066895,2.3730057934491127,2.31186436227296,2.367970640975362,21140000
2012-07-13,2.3845155239105225,2.391708625595892,2.336321588271181,2.3413569137983044,16791000
2012-07-16,2.3550238609313965,2.3801998044386146,2.329128658651627,2.3715680131796635,13761000
2012-07-17,2.3766021728515625,2.389549854320719,2.342794623732674,2.3809180666746146,18038000
2012-07-18,2.430551052093506,2.4492531485565,2.3672516618723747,2.373006245436324,21230000
2012-07-19,2.592395544052124,2.6182907360130887,2.4758670944792764,2.483779623812665,34675000
2012-07-20,2.537729024887085,2.5895192591527008,2.535571077022215,2.58592279370931,14961000
2012-07-23,2.4809021949768066,2.5032009225445946,2.4262346067577005,2.4916919295252544,15101000
2012-07-24,2.458603620529175,2.524060942807467,2.4291119654788744,2.494569116260155,9758000
2012-07-25,2.4607622623443604,2.499604974403636,2.4327091163028567,2.4550078500011563,20470000
2012-07-26,2.5492372512817383,2.57009729473256,2.517587642544074,2.5183069011639843,13101000
2012-07-27,2.598869800567627,2.6233264810820747,2.5571498835083726,2.5744132915502345,11498000
2012-07-30,2.5873610973358154,2.6398709290427673,2.5693784286116914,2.612537039346078,12044000
2012-07-31,2.654257297515869,2.707486219762363,2.605344099413268,2.6067827884592885,23597000
2012-08-01,2.639150381088257,2.6700807228313854,2.619009773207616,2.66936146440622,15423000
2012-08-02,2.6283609867095947,2.6715195819239432,2.5967112130214627,2.6146940467759476,13151000
2012-08-03,2.6693618297576904,2.694537764551285,2.6377122252575638,2.672239035349152,14333000
2012-08-06,2.6664845943450928,2.693099045888258,2.6614494417420906,2.6751163825199673,11303000
2012-08-07,2.6902222633361816,2.7067664122747237,2.665765754991224,2.6815904738040555,15424000
2012-08-08,2.695976734161377,2.7118016248164145,2.6794325848619915,2.694538216872681,17173000
2012-08-09,2.684467315673828,2.7024499782815616,2.6621685876641767,2.6643265346166274,9996000
2012-08-10,2.672238826751709,2.692379607313782,2.6449051185209815,2.677993408982449,14662000
2012-08-13,2.6089398860931396,2.672239096542933,2.5959922033895255,2.672239096542933,21116000
2012-08-14,2.600308656692505,2.6449059542094706,2.5880804013969154,2.64202874793352,24324000
2012-08-15,2.6312379837036133,2.634834618768471,2.5895179087356626,2.59311454380052,15984000
2012-08-16,2.654975652694702,2.671519799356416,2.6398701945893652,2.6398701945893652,25881000
2012-08-17,2.6499407291412354,2.724749110601204,2.6182911216373483,2.7153980629187076,29985000
2012-08-20,2.5866405963897705,2.6578523213516925,2.547078469800817,2.6578523213516925,25468000
2012-08-21,2.616852283477783,2.629799794877096,2.567939100586646,2.5895184005835215,19231000
2012-08-22,2.624764919281006,2.6384318621717737,2.5923960516150903,2.6075015117593807,13251000
2012-08-23,2.5909571647644043,2.6110979482472456,2.5693778641380267,2.606782053822563,12060000
2012-08-24,2.593114137649536,2.6139741718662726,2.5780086843358507,2.5909561912480137,13030000
2012-08-27,2.57297420501709,2.598869398825442,2.5636231580447117,2.594553676104907,13306000
2012-08-28,2.6089398860931396,2.6197294501824553,2.5665005452818974,2.5772901093712135,15320000
2012-08-29,2.632676839828491,2.6513789317649716,2.605342960383786,2.6175712116890977,11952000
2012-08-30,2.5909571647644043,2.6254841486648304,2.5787289115591605,2.6254841486648304,13671000
2012-08-31,2.630519390106201,2.647063538292385,2.5830448928325467,2.610378605946174,13266000
2012-09-04,2.5816054344177246,2.6319571225594776,2.5413240496049236,2.61613240918455,21527000
2012-09-05,2.5305349826812744,2.562184760758423,2.5211841067687493,2.561465502187545,16184000
2012-09-06,2.6333956718444824,2.6477818676971943,2.531253612691438,2.5636224676115478,22883000
2012-09-07,2.6039042472839355,2.649220959775542,2.596711148260936,2.640589172349139,15846000
2012-09-10,2.517587423324585,2.603185365534143,2.5139907875441168,2.586641218237462,16238000
2012-09-11,2.5147101879119873,2.5585880463347035,2.5053591407896,2.520464599296365,12420000
2012-09-12,2.5341320037841797,2.553553360126736,2.5183071123398073,2.5334127451039556,13803000
2012-09-13,2.5226223468780518,2.5463595920805893,2.4780250619375543,2.5377279756868596,21875000
2012-09-14,2.5219030380249023,2.5535526404972515,2.4960078463667936,2.524060984954496,34024000
2012-09-17,2.537729024887085,2.545641386060216,2.5089564438545136,2.5312551812924746,15298000
2012-09-18,2.5406177043914795,2.541340239527686,2.5037656559923467,2.534836906466965,10544000
2012-09-19,2.532670259475708,2.559405964693883,2.5109924744032934,2.5384508873094505,20797000
2012-09-20,2.4387338161468506,2.5225539551610785,2.400436682181054,2.4987085633605504,40250000
2012-09-21,2.565908432006836,2.6099861780903066,2.4806430805004966,2.4806430805004966,68640000
2012-09-24,2.500152349472046,2.5391719961230796,2.4734166592749207,2.529055816958479,44190000
2012-09-25,2.3852622509002686,2.5283345924847898,2.3794814510396245,2.4972633316036568,34009000
2012-09-26,2.417778968811035,2.423559769595241,2.3404621580840583,2.365752623145045,41268000
2012-09-27,2.5218312740325928,2.5283346093147276,2.382371780689106,2.3975462296807533,41134000
2012-09-28,2.519663095474243,2.5305019858898823,2.4640239174161467,2.489314374588773,25908000
2012-10-01,2.5066564083099365,2.5680762083921915,2.496540053933178,2.539172732523294,20091000
2012-10-02,2.4871466159820557,2.521830893305388,2.4640239367114876,2.521830893305388,17096000
2012-10-03,2.497986078262329,2.532670363524766,2.487869892998503,2.4950957642267158,27255000
2012-10-04,2.4871466159820557,2.4979855064825722,2.45679806713725,2.4979855064825722,11425000
2012-10-05,2.4885916709899902,2.549289108655303,2.4690818418398206,2.5088240353595563,15117000
2012-10-08,2.448127031326294,2.4734176617665007,2.435843069893619,2.456798143997982,10039000
2012-10-09,2.4271721839904785,2.438011075842757,2.38742981023658,2.4206688488791115,20770000
2012-10-10,2.3549137115478516,2.4358435377674232,2.3520233975282294,2.433675759183117,14476000
2012-10-11,2.3794808387756348,2.419223203082457,2.352745141599758,2.3852616371488216,13768000
2012-10-12,2.383094072341919,2.385261850390876,2.351300109142765,2.3650293126933857,26733000
2012-10-15,2.398268699645996,2.410552662213838,2.370087753137119,2.3917653645412535,17144000
2012-10-16,2.482088565826416,2.4994307909159326,2.4011587563364163,2.406216847894751,18602000
2012-10-17,2.4647459983825684,2.5001528041763836,2.4481264843274424,2.4633007558340974,13410000
2012-10-18,2.4604108333587646,2.4857014621604923,2.443068781417236,2.461856076136523,12752000
2012-10-19,2.398268699645996,2.4698048689631418,2.377313623605164,2.465469312226647,19088000
2012-10-22,2.413442611694336,2.4343976845725046,2.384539134184441,2.4192234105633044,12707000
2012-10-23,2.401881456375122,2.409830034179143,2.3715329049434097,2.3816490887539805,10953000
2012-10-24,2.3650293350219727,2.427171846936584,2.354913152216877,2.422836290797738,13522000
2012-10-25,2.435120105743408,2.438010591181633,2.3874293356306913,2.3895971135702063,15396000
2012-10-26,2.4445135593414307,2.4560749833448083,2.413442307704107,2.43511991310608,12623000
2012-10-31,2.386707305908203,2.4351206214951273,2.3708103217442584,2.4293399939509714,22851000
2012-11-01,2.492927074432373,2.4972626300402694,2.388151893780833,2.405493943934121,18725000
2012-11-02,2.4546310901641846,2.5182186942594686,2.452463311356575,2.508102508009543,19223000
2012-11-05,2.479921340942383,2.4871472122489457,2.383817235337262,2.38453977078441,13881000
2012-11-06,2.549290180206299,2.549290180206299,2.471973194047824,2.479921601637088,20045000
2012-11-07,2.453907012939453,2.5370045799294787,2.448848922637227,2.5131591986313966,20751000
2012-11-08,2.4452366828918457,2.5283342705460377,2.4445139753273235,2.5283342705460377,13265000
2012-11-09,2.4192235469818115,2.456798138774809,2.414887990655185,2.456798138774809,14186000
2012-11-12,2.428617477416992,2.4459595324623313,2.4004365302943507,2.4264496990015316,7607000
2012-11-13,2.4047718048095703,2.443791467150334,2.3975459350324537,2.403326561942817,11113000
2012-11-14,2.386707305908203,2.4488498272604278,2.3751458785415474,2.43367555074826,12054000
2012-11-15,2.330345392227173,2.4004364912028113,2.3187841372374542,2.3946556914296098,13745000
2012-11-16,2.3079452514648438,2.339739047327676,2.289157953639152,2.3274550846597255,23888000
2012-11-19,2.3664748668670654,2.372255494239356,2.313003288420852,2.3325131211502566,16664000
2012-11-20,2.3708105087280273,2.419224000411625,2.3484103598798125,2.4076625721331295,11905000
2012-11-21,2.371532440185547,2.381648622013613,2.349854833863277,2.3686421271315714,7802000
2012-11-23,2.424281358718872,2.438010561408704,2.373700276063932,2.384538993350838,8177000
2012-11-26,2.459688186645508,2.474139924654937,2.4141651946879743,2.4387331148483433,16562000
2012-11-27,2.4654695987701416,2.4950957917271994,2.4278949990579513,2.4466822989140464,20547000
2012-11-28,2.4972639083862305,2.5037670728487393,2.4286180355302696,2.4293405710753517,20702000
2012-11-29,2.5362823009490967,2.560127684655202,2.508823896788953,2.520385321052261,19060000
2012-11-30,2.5362823009490967,2.560127684655202,2.4495718773917314,2.499430422620706,41634000
2012-12-03,2.5153284072875977,2.570967776823827,2.5023219065789175,2.5572385683191694,17504000
2012-12-04,2.5232765674591064,2.540618622946054,2.506657047369596,2.51388291817902,16899000
2012-12-05,2.4950952529907227,2.5406182496288015,2.492927474838593,2.531224601729013,15875000
2012-12-06,2.5377283096313477,2.5398960881024824,2.490037527823079,2.4958181555605394,11963000
2012-12-07,2.474863052368164,2.4972633722403574,2.4531854401642765,2.4734179815882467,85050000
2012-12-10,2.4893147945404053,2.4943728868282395,2.4640243331012353,2.4842567022525714,26845000
2012-12-11,2.4972639083862305,2.5203865963343213,2.480644384900648,2.504489780672206,43625000
2012-12-12,2.497986078262329,2.5203862273862807,2.48931496387713,2.5138830638757406,49274000
2012-12-13,2.4471545219421387,2.5422813337959993,2.4391668364971304,2.5415552277909197,66194000
2012-12-14,2.261258363723755,2.415930044316193,2.2147841104317716,2.407942357775892,98714000
2012-12-17,2.3229827880859375,2.3237090676571106,2.2525454425095304,2.279413285267759,70583000
2012-12-18,2.3433139324188232,2.360015582541849,2.3011966675417272,2.3404093352517124,41414000
2012-12-19,2.3229827880859375,2.3600169866722593,2.31935208274933,2.3447677126248414,25023000
2012-12-20,2.316445827484131,2.3411351601344115,2.2815901462751844,2.3273381088352645,23788000
2012-12-21,2.2772328853607178,2.2924823197647366,2.251817449903468,2.2612575182532093,35064000
2012-12-24,2.261983871459961,2.2750546435346024,2.2496392052978864,2.2721500467546476,7995000
2012-12-26,2.242377519607544,2.292482460903306,2.2343896624323416,2.267066850751654,16339000
2012-12-27,2.2779600620269775,2.286673854847841,2.2285812101898017,2.256901426399517,27545000
2012-12-28,2.261983871459961,2.285220991958977,2.2481868203430646,2.255448398857796,19617000
2012-12-31,2.2982921600341797,2.307732231042843,2.2489133137481137,2.2750550355313583,26644000
2013-01-02,2.362920045852661,2.4006803262751655,2.34113530863884,2.3549323608131703,36716000
2013-01-03,2.3752658367156982,2.394872265300807,2.348397998753594,2.348397998753594,23295000
2013-01-04,2.360016345977783,2.3796225996102995,2.337505494238555,2.3745395096411115,27113000
2013-01-07,2.346945285797119,2.3592899561139697,2.330969738436035,2.3505759897116065,16822000
2013-01-08,2.3309690952301025,2.3745385689598972,2.3302429892735157,2.356384535007633,20969000
2013-01-09,2.382526397705078,2.393418853359956,2.3498493769998627,2.3600155535246095,29456000
2013-01-10,2.4340834617614746,2.4391665494582804,2.397775568834511,2.429726479984301,44591000
2013-01-11,2.493629217147827,2.49580770868441,2.4319056942473773,2.435536571184929,47871000
2013-01-14,2.5103299617767334,2.513960664270723,2.4427972679695507,2.4573204242048656,49258000
2013-01-15,2.4594993591308594,2.500890344563619,2.4558684828514665,2.4907241679888554,33736000
2013-01-16,2.509603977203369,2.5132346798728453,2.452237455362211,2.4551420521237293,27669000
2013-01-17,2.5277576446533203,2.5393762039458534,2.511782277114552,2.525579153965366,21065000
2013-01-18,2.5008902549743652,2.5234010984591815,2.491450184741767,2.5081518341433098,18830000
2013-01-22,2.5008902549743652,2.5132349222486003,2.4929025698274376,2.5016163609523483,13809000
2013-01-23,2.499437093734741,2.5415543437137083,2.481283238014576,2.530661891777889,22791000
2013-01-24,2.4638559818267822,2.4914500854468504,2.439166648262287,2.4478806121696133,44567000
2013-01-25,2.480558156967163,2.4899982288268316,2.455868818163292,2.456594924266425,35089000
2013-01-28,2.5037953853607178,2.507426262283471,2.476927554025356,2.497986190040001,38462000
2013-01-29,2.5103299617767334,2.520496136515518,2.4820097551789653,2.490723718172026,23732000
2013-01-30,2.5451860427856445,2.565518395475941,2.504520991145639,2.504520991145639,25185000
2013-01-31,2.597468852996826,2.620705971811967,2.5597087513343166,2.5793149945903586,67764000
2013-02-01,2.6330513954162598,2.635956165952003,2.6011004776906157,2.608362057770522,27973000
2013-02-04,2.554625988006592,2.629420446284571,2.55172139087194,2.5960171464117967,43401000
2013-02-05,2.5713279247283936,2.582946487692554,2.5459124805534135,2.5473646927178533,29392000
2013-02-06,2.588029623031616,2.5989220801092823,2.5480910177162146,2.5582571955688818,20811000
2013-02-07,2.5386502742767334,2.588028938284811,2.5081515756584176,2.588028938284811,42435000
2013-02-08,2.5647926330566406,2.5800418996170875,2.545186383727572,2.561888035587469,32966000
2013-02-11,2.57060170173645,2.5916603353306464,2.5415553822119263,2.5691494896380567,29999000
2013-02-12,2.5517208576202393,2.5669702923673694,2.5255791426119747,2.556077838976562,31224000
2013-02-13,2.5538997650146484,2.5771368872868243,2.533567412873771,2.567696817184359,26590000
2013-02-14,2.588029623031616,2.590208114447149,2.540829437374348,2.5480910177162146,32372000
2013-02-15,2.5517208576202393,2.598195094581453,2.5401022983799355,2.583671938813492,25317000
2013-02-19,2.5807673931121826,2.5814936721543775,2.527031746733544,2.541554903761808,24396000
2013-02-20,2.517591953277588,2.5945647285894577,2.517591953277588,2.576410866879328,33262000
2013-02-21,2.4449760913848877,2.518317988413332,2.393418758543777,2.503068724230318,61853000
2013-02-22,2.4754745960235596,2.5030687002384715,2.4478806649383484,2.466760805058088,18964000
2013-02-25,2.3926923274993896,2.484914352299195,2.3919660484967027,2.478379053182766,30632000
2013-02-26,2.4057633876800537,2.4253696336424797,2.371633983735853,2.4057633876800537,34556000
2013-02-27,2.446427822113037,2.495806654196601,2.4420708408807124,2.4544156787488545,35971000
2013-02-28,2.484915256500244,2.4914507311244547,2.4202871357845854,2.4464288611516856,34786000
2013-03-01,2.4471545219421387,2.475474733696773,2.4152036070323954,2.463130065961866,31500000
2013-03-04,2.4355363845825195,2.447154774381145,2.3970499922678203,2.4369885967424834,17005000
2013-03-05,2.4929027557373047,2.4950812469634207,2.4457024010543167,2.447154613118583,30510000
2013-03-06,2.5204966068267822,2.524853589136302,2.484188709463634,2.4914502889362637,24610000
2013-03-07,2.539377212524414,2.5509957764315567,2.4979862192731344,2.5190448555342213,30738000
2013-03-08,2.561161518096924,2.571327694858085,2.5401028854275807,2.5451861469378745,19688000
2013-03-11,2.5604352951049805,2.5894816120268542,2.5393766633977104,2.547364348612314,28173000
2013-03-12,2.574233055114746,2.5807683570276145,2.541555853031393,2.5575314009812162,22477000
2013-03-13,2.6134450435638428,2.622159008568358,2.5604354937557203,2.5778632506350316,27495000
2013-03-14,2.662097215652466,2.6853343367948903,2.616349252429982,2.617801637425018,43449000
2013-03-15,2.6141715049743652,2.6708119389439666,2.6003746226812954,2.665002743571068,34447000
2013-03-18,2.5604352951049805,2.6069093675540373,2.5451860306599086,2.5836724178943618,28689000
2013-03-19,2.563340187072754,2.6011004726672344,2.544460044275514,2.569875661070966,33400000
2013-03-20,2.6090874671936035,2.6199799209699592,2.5669703832276136,2.5909336084059165,29636000
2013-03-21,2.595947742462158,2.6105481095653675,2.564556935785247,2.5849973801096984,27816000
2013-03-22,2.613468647003174,2.6309892301112257,2.5828079746643597,2.6112785741146674,17306000
2013-03-25,2.5930275917053223,2.6200382522730616,2.573317114373461,2.6185781460058473,12888000
2013-03-26,2.6127381324768066,2.62660853317679,2.59594769322159,2.6039778427610063,9556000
2013-03-27,2.601787567138672,2.608357783912404,2.573316975886009,2.58937727371057,14861000
2013-03-28,2.6222281455993652,2.6229581116580807,2.590107376364773,2.6134678566944376,14740000
2013-04-01,2.5798873901367188,2.628068638649113,2.5689372013203275,2.6149283772594205,18501000
2013-04-02,2.546306848526001,2.5995983895067885,2.5382766973878637,2.596678176320069,23020000
2013-04-03,2.5046961307525635,2.560907543969068,2.4893657927981057,2.5463071723790622,18297000
2013-04-04,2.5258655548095703,2.531705631127362,2.4791442480669232,2.4995848632793507,15348000
2013-04-05,2.506155014038086,2.5127250562110124,2.433153017677146,2.482794361278579,14449000
2013-04-08,2.5302464962005615,2.530976462457734,2.479875169402856,2.500315617004754,12357000
2013-04-09,2.539006233215332,2.5645569629415603,2.4981251700834313,2.5338961220801077,16008000
2013-04-10,2.5828070640563965,2.5915671784717724,2.5397359358513816,2.541195867895573,14817000
2013-04-11,2.601057529449463,2.6222281113262773,2.5557963274490523,2.5725867649306524,18282000
2013-04-12,2.5484964847564697,2.59375769279437,2.522945929126281,2.5915676203046245,16125000
2013-04-15,2.4660043716430664,2.5353562024316934,2.461624226700609,2.531706023629611,24634000
2013-04-16,2.5244052410125732,2.5258653469969317,2.4718438622765606,2.487904331904249,22491000
2013-04-17,2.365262269973755,2.46527496396552,2.356501978104357,2.4638148573039054,64010000
2013-04-18,2.290069580078125,2.4295031928130624,2.281309291134538,2.416362759397682,41056000
2013-04-19,2.282038927078247,2.327300123322515,2.250648128304814,2.2813089611219066,37180000
2013-04-22,2.3054003715515137,2.3243808853487193,2.231668389035454,2.289339896634619,36395000
2013-04-23,2.363071918487549,2.3667220976862917,2.3156206332046367,2.3258410305310417,25542000
2013-04-24,2.3813228607177734,2.3973831645114116,2.3389816800614858,2.3630723098020954,32062000
2013-04-25,2.382052183151245,2.4229332460254134,2.3747519995683617,2.395192443980393,25126000
2013-04-26,2.3440909385681152,2.379131920902353,2.3331407512481026,2.379131920902353,30945000
2013-04-29,2.3747520446777344,2.393732557163795,2.3506614209915977,2.361611609548873,20430000
2013-04-30,2.3331408500671387,2.3703717322022033,2.303209977087878,2.3703717322022033,52511000
2013-05-01,2.286419630050659,2.341171093316836,2.281309519006498,2.340441127181985,37068000
2013-05-02,2.3426313400268555,2.35285156272766,2.2856898008936066,2.303210207530716,32536000
2013-05-03,2.327301025390625,2.3645320883958245,2.3251109526226648,2.3477416465415466,46901000
2013-05-06,2.3944621086120605,2.4017622910692586,2.333140610781611,2.339710653158034,32848000
2013-05-07,2.375481605529785,2.40541247551642,2.3703714952015966,2.403222403368614,16093000
2013-05-08,2.4455630779266357,2.447023183854286,2.3784013381557525,2.3820515159498497,25437000
2013-05-09,2.472574234008789,2.487904565055934,2.438263219586482,2.4441034700211657,29769000
2013-05-10,2.4864449501037598,2.492285201692119,2.4696545096186626,2.4791447661558963,15644000
2013-05-13,2.4543240070343018,2.4915550644472764,2.4521339345952975,2.469654340057231,14952000
2013-05-14,2.4601643085479736,2.4689245991029636,2.4331536447369118,2.4514041920431016,15938000
2013-05-15,2.4952049255371094,2.495934891624731,2.4484837889775624,2.4572439041793004,16947000
2013-05-16,2.497394561767578,2.520025072983058,2.474764050552099,2.4944745238768813,24749000
2013-05-17,2.513455390930176,2.5390059436927706,2.5083452803776565,2.517835361367987,27443000
2013-05-20,2.514185905456543,2.522216056069384,2.499585536678582,2.499585536678582,13881000
2013-05-21,2.561636209487915,2.564556247314634,2.5141849421160107,2.526595233417111,20743000
2013-05-22,2.5229458808898926,2.5725870589080846,2.498855258013387,2.553606547059916,33873000
2013-05-23,2.4798755645751953,2.507616201319736,2.4703853055191303,2.4995860490608197,28513000
2013-05-24,2.4893651008605957,2.4893651008605957,2.45870425942393,2.471844520582438,15118000
2013-05-28,2.514185905456543,2.526596201512797,2.4827950951789153,2.5207561236216627,20919000
2013-05-29,2.513455390930176,2.5331658670756307,2.493014774670013,2.5090752464422774,22858000
2013-05-30,2.7609314918518066,2.790862185610005,2.6353681187330897,2.6426683006777774,82607000
2013-05-31,2.754361629486084,2.793782582238167,2.709100425998451,2.725160897958602,33432000
2013-06-03,2.722970724105835,2.754361526731821,2.6711393057431163,2.750711348402015,27210000
2013-06-04,2.7594716548919678,2.787942419467175,2.7295409582155195,2.73027092426614,33120000
2013-06-05,2.701070547103882,2.7572819435094456,2.6879301121726447,2.7550918710209062,15019000
2013-06-06,2.6828203201293945,2.7171311697804144,2.6601898004564113,2.714941271081527,29731000
2013-06-07,2.7222399711608887,2.725160008550609,2.6390177742286465,2.683548997109504,30733000
2013-06-10,2.6886608600616455,2.738302050221523,2.685740646716827,2.737572083910391,26360000
2013-06-11,2.6492388248443604,2.6835498406210507,2.6470487526011635,2.659459045945887,21699000
2013-06-12,2.626607894897461,2.677709166371519,2.607627387825656,2.676249060423665,21307000
2013-06-13,2.7250049114227295,2.7286765192198814,2.6155935551172713,2.624405098701024,29106000
2013-06-14,2.7602522373199463,2.7756725733945626,2.7205996694436045,2.727208459934984,21762000
2013-06-17,2.796967029571533,2.8153247198311115,2.7705320466351333,2.7756721578905568,24727000
2013-06-18,2.845430850982666,2.8491024586958615,2.7888894577602135,2.7932951419153995,27383000
2013-06-19,2.7954986095428467,2.8542431187565356,2.7954986095428467,2.8410255385314835,24035000
2013-06-20,2.7213337421417236,2.7859524349657057,2.71105334435762,2.769063422622001,31638000
2013-06-21,2.744830846786499,2.7521738866226064,2.6890237090177043,2.7198645463581084,80030000
2013-06-24,2.694164276123047,2.71619339936585,2.650840281223963,2.715459147779329,36858000
2013-06-25,2.724271774291992,2.7602527400918606,2.702976895544482,2.7264747048570426,26019000
2013-06-26,2.7352852821350098,2.769797732034984,2.7161933407223997,2.745565679483888,20661000
2013-06-27,2.7404255867004395,2.778609294709504,2.738222656901775,2.75217431219744,26359000
2013-06-28,2.744830846786499,2.762454282450661,2.699304104845759,2.7169273654380413,22998000
2013-07-01,2.7617204189300537,2.7808123614104554,2.7418942248379183,2.7793438581869876,27147000
2013-07-02,2.8256053924560547,2.8623206037519724,2.7771412785310554,2.786687250975188,40377000
2013-07-03,2.8336827754974365,2.8542433995126437,2.79990474502898,2.8189966905174066,15203000
2013-07-05,2.849837303161621,2.8770065406190497,2.8021074433905104,2.835885471063615,14447000
2013-07-08,2.736753463745117,2.865991170614478,2.7308791021019068,2.8586479559526548,22643000
2013-07-09,2.759517192840576,2.7881551034874366,2.7448311117506834,2.7697975896610183,13855000
2013-07-10,2.8145899772644043,2.8160586553462146,2.749236866381914,2.7595170877389172,17363000
2013-07-11,2.8336827754974365,2.834417027224855,2.752174881307912,2.755846490088891,16769000
2013-07-12,2.8601181507110596,2.862321081263516,2.8402919508109186,2.8410262026377486,18342000
2013-07-15,2.791093111038208,2.8696636456956397,2.7874215023730513,2.8623206034372637,21551000
2013-07-16,2.8542428016662598,2.8740689947293343,2.8021070883570807,2.8021070883570807,31254000
2013-07-17,2.857914686203003,2.918127701552385,2.8535088259212547,2.864523476625626,23992000
2013-07-18,2.760986566543579,2.854977614240853,2.7499719154153306,2.845431641620351,37050000
2013-07-19,2.779343843460083,2.8013729673426093,2.754377363002355,2.7720008021659077,17757000
2013-07-22,2.774937391281128,2.8072467310637843,2.7565797044286944,2.8072467310637843,9869000
2013-07-23,2.7617204189300537,2.8021072337979733,2.75437737759697,2.796232870760272,16501000
2013-07-24,2.708850622177124,2.7896242570081564,2.706647867202973,2.7367542860461525,20506000
2013-07-25,2.7095847129821777,2.7154590756621504,2.665526467666672,2.680212549438507,25512000
2013-07-26,2.7007737159729004,2.70591382846012,2.6691986142143014,2.6824161963859665,12256000
2013-07-29,2.6868207454681396,2.7095842912215553,2.6714004145295367,2.689023674898208,13094000
2013-07-30,2.7059130668640137,2.7169277155735934,2.668463611395247,2.698570026081595,11651000
2013-07-31,2.693429946899414,2.7213336072457968,2.684618227827524,2.717661999275208,13124000
2013-08-01,2.7462997436523438,2.7551114621866857,2.704444430758005,2.7191305116006466,19499000
2013-08-02,2.7529091835021973,2.7529091835021973,2.711788112404991,2.7382230991869045,15183000
2013-08-05,2.7183966636657715,2.746300328249702,2.7139909785326677,2.733082747634599,11773000
2013-08-06,2.7066473960876465,2.7132560100036662,2.694898496244207,2.7117875069431707,10730000
2013-08-07,2.7382233142852783,2.7396918177890033,2.693430631054637,2.7147255075061896,18035000
2013-08-08,2.7404255867004395,2.7609860313920964,2.737488230254283,2.7609860313920964,19396000
2013-08-09,2.704444408416748,2.7345508213738876,2.6978356195705864,2.730144962143113,13858000
2013-08-12,2.768329381942749,2.7756724237354913,2.6978361457180373,2.7051791875107796,9880000
2013-08-13,2.7918264865875244,2.7991695265414447,2.7404252069100816,2.7786089096273385,13754000
2013-08-14,2.733081817626953,2.785951771953022,2.7279417074941232,2.7830145911731003,15271000
2013-08-15,2.644965648651123,2.712521689735033,2.625139457261691,2.6537773670783777,25111000
2013-08-16,2.6618552207946777,2.669198262676751,2.6354202350048266,2.641294598481714,13543000
2013-08-19,2.6618552207946777,2.673604122820381,2.649372067102345,2.6669953326049365,23389000
2013-08-20,2.701507329940796,2.7242708799493514,2.664057872773041,2.6684637324567557,17417000
2013-08-21,2.6868207454681396,2.716192904439884,2.6714004145295367,2.690492352875546,14425000
2013-08-22,2.688289165496826,2.7264730385249982,2.6493710410863773,2.6596512607256972,9940000
2013-08-23,2.6978371143341064,2.720600499542866,2.678745163803926,2.7015085490126856,18312000
2013-08-26,2.752173900604248,2.769797336357941,2.705912731894565,2.713255771767977,13890000
2013-08-27,2.6838836669921875,2.7786089358119836,2.66919758694595,2.7786089358119836,29863000
2013-08-28,2.810920000076294,2.8968335981562294,2.7830163275774553,2.8586496989776,67806000
2013-08-29,2.8601181507110596,2.8637897599891424,2.79990512411184,2.8197313240119812,35955000
2013-08-30,2.8278088569641113,2.863055396439359,2.8116540909126404,2.8608524658381596,25073000
2013-09-03,2.81605863571167,2.8733344544245805,2.7932950884977186,2.850570907210629,17351000
2013-09-04,2.8623201847076416,2.8733348340198384,2.8021071769687595,2.832948019970999,12588000
2013-09-05,2.848367691040039,2.8784742754387778,2.8432275809145673,2.874802668165229,14372000
2013-09-06,2.831479549407959,2.8770064781181373,2.8072474942155003,2.8770064781181373,17155000
2013-09-09,2.8468997478485107,2.863788759468861,2.8366193505047157,2.8542427887672757,16364000
2013-09-10,2.91225266456604,2.9129869160859245,2.8601169550725736,2.8637885628157838,24344000
2013-09-11,2.8821470737457275,2.8983018382771513,2.840291746405169,2.880678570197751,23927000
2013-09-12,2.8659915924072266,2.8968322581807624,2.835150751561791,2.8880207144191377,20006000
2013-09-13,2.863054037094116,2.8843489060805023,2.84175916810773,2.8755371878594085,14480000
2013-09-16,2.8843495845794678,2.91372175212995,2.866726319063564,2.890958374799905,21556000
2013-09-17,2.9633822441101074,2.9811091276380353,2.9175871786356784,2.9360528143878777,37247000
2013-09-18,3.004006862640381,3.004745438789701,2.9427006396708517,2.9707684704784376,23648000
2013-09-19,3.009915590286255,3.0136088229521105,2.9655978549141415,3.009915590286255,25017000
2013-09-20,3.0741777420043945,3.1450860031089056,3.01582598337168,3.040200764165014,87192000
2013-09-23,3.092641830444336,3.153209643382946,3.0645741803667588,3.1450846026676875,29711000
2013-09-24,3.1325290203094482,3.1458240970990765,3.0756544231104996,3.091165580835815,29753000
2013-09-25,3.117755889892578,3.1465624715417504,3.0594041504810847,3.140653158224436,20584000
2013-09-26,3.122188091278076,3.1509943243425123,3.1051994297157064,3.1369606720163463,16874000
2013-09-27,3.15394926071167,3.15911964681769,3.0904271226904667,3.1103700908431358,21998000
2013-09-30,3.1820170879364014,3.1975282453559415,3.1000291390546955,3.1096313344390945,35229000
2013-10-01,3.2071313858032227,3.222642547793522,3.1746315567238663,3.186449836482824,27411000
2013-10-02,3.2063918113708496,3.2093461162363988,3.1716762637578664,3.1812784589831242,17366000
2013-10-03,3.1982665061950684,3.2196869757435387,3.163550961430121,3.2049143960093893,22817000
2013-10-04,3.2130393981933594,3.230028060252046,3.1975282407959393,3.2071304361666444,17246000
2013-10-07,3.176109552383423,3.2130408458445516,3.1672459292467434,3.2130408458445516,14587000
2013-10-08,3.1465632915496826,3.2108240088190474,3.12883605139007,3.1842331485796285,21682000
2013-10-09,3.1170170307159424,3.1805395087406754,3.0896879528929087,3.173891619162747,27594000
2013-10-10,3.213777542114258,3.225595816784049,3.1450850313044594,3.1990049629315704,32464000
2013-10-11,3.1975278854370117,3.2130390411105916,3.1598576843682626,3.194573228648963,18979000
2013-10-14,3.266960382461548,3.2728696985852896,3.1768477141523586,3.1857113361317415,20183000
2013-10-15,3.230767250061035,3.2824711178719395,3.218948971556983,3.2699146152062273,18761000
2013-10-16,3.28690242767334,3.2942888946391498,3.2403689537308096,3.255880111711653,16999000
2013-10-17,3.3312199115753174,3.3334356399333314,3.249970550945024,3.256618088225131,23286000
2013-10-18,3.402127981185913,3.41837771162363,3.3275265137417014,3.41837771162363,27417000
2013-10-21,3.475252389907837,3.487070664167078,3.401389496560296,3.408775609792021,43360000
2013-10-22,3.4619579315185547,3.4759919380098565,3.4316741896086604,3.4759919380098565,47814000
2013-10-23,3.3526415824890137,3.439799944695636,3.302414861023113,3.4353681337185007,56673000
2013-10-24,3.3600261211395264,3.3755376283770016,3.320878769400508,3.344514966108115,30021000
2013-10-25,3.370368242263794,3.3903112121013845,3.3371298417990873,3.3371298417990873,21912000
2013-10-28,3.3615047931671143,3.3792316827005644,3.340084317364023,3.349686514605295,19048000
2013-10-29,3.382925033569336,3.418379166066579,3.366675296217724,3.3880954205542215,22162000
2013-10-30,3.312753677368164,3.4021277161214214,3.2795152907936242,3.4021277161214214,20740000
2013-10-31,3.3555948734283447,3.368889948736932,3.3238336330665295,3.3238336330665295,17394000
2013-11-01,3.303152322769165,3.3895720793498696,3.2920726229622805,3.3821856128119467,22074000
2013-11-04,3.3267884254455566,3.3459928152359746,3.294288607598827,3.3304813064005603,13911000
2013-11-05,3.326049566268921,3.338606418395561,3.2935500999519247,3.3267884946814,12484000
2013-11-06,3.351163625717163,3.3600268933391613,3.3216184610941157,3.3371296196902938,10405000
2013-11-07,3.2248573303222656,3.360765203464303,3.2189480167200277,3.3504240807634265,32309000
2013-11-08,3.275822401046753,3.2787770576624284,3.183493696331097,3.230027512843156,36069000
2013-11-11,3.265482187271118,3.2928116209502853,3.2418459869389418,3.282470497137488,9140000
2013-11-12,3.333436965942383,3.337130200214271,3.2728694735907164,3.2913349405377477,13438000
2013-11-13,3.3519015312194824,3.3519015312194824,3.2758225538266776,3.2758225538266776,9863000
2013-11-14,3.172415018081665,3.3304816078583728,3.145085583304322,3.316447602340775,59660000
2013-11-15,3.2950282096862793,3.30980079472399,3.167983907920727,3.1746314479155235,48369000
2013-11-18,3.247016429901123,3.303152450703997,3.2396303152832377,3.2950274076388117,13463000
2013-11-19,3.172415018081665,3.2684369757251592,3.1709378655659592,3.2381528837102738,12296000
2013-11-20,3.15394926071167,3.1953127017659693,3.1354834451018245,3.1945737732884196,11085000
2013-11-21,3.1798012256622314,3.1923580790305692,3.155426447411104,3.17093795810321,15434000
2013-11-22,3.1982665061950684,3.2145165904468906,3.1724145797118273,3.1805396218377386,11219000
2013-11-25,3.2285516262054443,3.2499721049389056,3.205654346733231,3.244801717425222,16001000
2013-11-26,3.305368423461914,3.313493467126969,3.216732928266613,3.234460168188133,18712000
2013-11-27,3.299459218978882,3.309799990772883,3.2300281213870914,3.286902366254096,19086000
2013-11-29,3.3038907051086426,3.330481208231386,3.29872031971794,3.323095094332992,11401000
2013-12-02,3.32383394241333,3.4132080059112018,3.3194021328293073,3.3600266431090455,24454000
2013-12-03,3.3075833320617676,3.3216173333237493,3.295026482867565,3.318662676982165,16189000
2013-12-04,3.28690242767334,3.3164475911243176,3.2809934654243706,3.2854252751626305,26443000
2013-12-05,3.515139579772949,3.5217874714961637,3.328266374866391,3.3629819295996537,45947000
2013-12-06,3.4686052799224854,3.568320110169603,3.4678667037289657,3.568320110169603,27552000
2013-12-09,3.4988889694213867,3.511445821158431,3.4383214959048223,3.478207427460228,20719000
2013-12-10,3.4420154094696045,3.5018446769583345,3.433151788196741,3.4988900191319794,15997000
2013-12-11,3.4058210849761963,3.470820356474434,3.40212785249631,3.453832050596613,13005000
2013-12-12,3.3792312145233154,3.433890084912391,3.37775406198506,3.430935427629744,13678000
2013-12-13,3.371845006942749,3.4087762848269367,3.3688903497413176,3.399913017634898,15876000
2013-12-16,3.700535535812378,3.733773581576765,3.5720137538067442,3.6717289477183295,121534000
2013-12-17,3.956101179122925,4.028486936331127,3.7153080581460474,3.7190009394785046,87230000
2013-12-18,3.9442286491394043,3.966491265315816,3.859630070724813,3.966491265315816,42787000
2013-12-19,3.8173294067382812,3.933838146666144,3.8076821817269577,3.9293855540564717,30366000
2013-12-20,3.832911968231201,3.8603695541126575,3.8091649338743654,3.8165860369236073,28889000
2013-12-23,3.8633387088775635,3.879664998254545,3.844044260601321,3.879664998254545,12988000
2013-12-24,3.904895067214966,3.9175104468570177,3.876695442115127,3.881890072648501,7448000
2013-12-26,3.912318229675293,3.929386564712052,3.8930237746900267,3.9204813772022544,7010000
2013-12-27,3.916771173477173,3.937550064143031,3.904155784925743,3.9249343217336854,8043000
2013-12-30,3.910832405090332,3.921963707582971,3.8729855519860874,3.9175111158143703,10962000
2013-12-31,3.924191474914551,3.955359273718713,3.8989603491410127,3.923449435017953,8655000
2014-01-02,3.9071226119995117,3.9241909427379205,3.850723695070314,3.9219644694922264,14537000
2014-01-03,3.9219653606414795,3.930128507967532,3.8559192036421153,3.8922816389113133,11661000
2014-01-06,3.895249366760254,3.962779943922334,3.890796774013253,3.9182543703101262,12634000
2014-01-07,3.93235445022583,3.9375494374589186,3.8952499766681723,3.919739063682213,13359000
2014-01-08,3.9909799098968506,4.001369530658303,3.922707281223679,3.941259695204884,22968000
2014-01-09,3.950164794921875,4.019921501937333,3.9152864414141457,4.007306115486588,12339000
2014-01-10,3.955359935760498,4.008790709694964,3.9234500917187196,4.002854035670669,16691000
2014-01-13,3.9063808917999268,3.990979451043961,3.887828479951739,3.9791061056215025,13944000
2014-01-14,4.1015520095825195,4.143851471095711,3.9138024572208656,3.9568436048199174,34855000
2014-01-15,4.2277069091796875,4.243290805549446,4.120103360238031,4.1319767039889586,27187000
2014-01-16,4.113426685333252,4.226966962368728,4.092647792694002,4.212125098402378,24084000
2014-01-17,4.166113376617432,4.186892260798775,4.0985827992081285,4.100809272518681,31181000
2014-01-21,4.163887023925781,4.216575740458671,4.146818693646234,4.20099148973116,16597000
2014-01-22,4.241064548492432,4.243290667676734,4.144592306684061,4.170565466456406,25526000
2014-01-23,4.159433841705322,4.2410642210764085,4.136428842621399,4.209896077898056,15551000
2014-01-24,4.0436692237854,4.15498336993436,4.018438092814658,4.133462793068763,17426000
2014-01-27,4.040699481964111,4.1000669089769906,3.9880107666399582,4.05331486558257,21031000
2014-01-28,4.060736656188965,4.0666733291205865,3.9301280824041074,4.036989610604642,25223000
2014-01-29,4.012502193450928,4.151273617518343,3.9605554875207485,4.002854963229237,23974000
2014-01-30,4.0852251052856445,4.101551041768906,4.013983979630191,4.068156775175968,11989000
2014-01-31,4.054799556732178,4.103035328853279,3.994689732281193,3.994689732281193,15784000
2014-02-03,3.952389717102051,4.094129549129635,3.930126758784074,4.06667195951375,11421000
2014-02-04,4.008046627044678,4.019177929399601,3.9405160655570666,3.9709418140513066,13487000
2014-02-05,4.0058207511901855,4.0614779789740565,3.9471953643934845,3.9865266560334627,9017000
2014-02-06,4.096356391906738,4.146076594769025,3.9791056163804837,4.006563210848447,18053000
2014-02-07,4.198024272918701,4.2180607667997245,4.091162736314667,4.116393863651591,17039000
2014-02-10,4.178730010986328,4.191345398305515,4.123815160275907,4.169824823550502,12347000
2014-02-11,4.309338092803955,4.316016805664202,4.1698243317651915,4.170566371654347,17344000
2014-02-12,4.373898506164551,4.437718512604304,4.3189836827364285,4.3189836827364285,25864000
2014-02-13,4.3842878341674805,4.416198014794942,4.258131898611356,4.261842450564821,22614000
2014-02-14,4.310080051422119,4.332342663108387,4.262585960833259,4.267038553942079,28180000
2014-02-18,4.331600666046143,4.341989932116798,4.284106574987858,4.341989932116798,15872000
2014-02-19,4.281879901885986,4.335310658955905,4.2662960047943,4.3182423284332545,14598000
2014-02-20,4.378351211547852,4.380577330429807,4.281878982842183,4.307110099459577,22282000
2014-02-21,4.344958305358887,4.415457045932056,4.333826999764771,4.41026241306428,17998000
2014-02-24,4.420652389526367,4.451820545601881,4.341990490146541,4.341990490146541,20672000
2014-02-25,4.378351211547852,4.452560482145398,4.333083609562005,4.452560482145398,26929000
2014-02-26,4.593557834625244,4.71155061668827,4.450333938353844,4.452560057023253,49125000
2014-02-27,4.554971694946289,4.617307655448312,4.510446109975671,4.540871873293576,16460000
2014-02-28,4.578717231750488,4.598753720675146,4.511186659670757,4.537901860284375,15225000
2014-03-03,4.581686973571777,4.635860140988199,4.51564081205162,4.53790342794416,15340000
2014-03-04,4.701162338256836,4.756819209065134,4.621758427387287,4.63808436261663,36761000
2014-03-05,4.681125640869141,4.766466219465796,4.670736377656173,4.6870623121540165,24656000
2014-03-06,4.722684383392334,4.742720877308488,4.678900841982772,4.696711216067294,12162000
2014-03-07,4.656635284423828,4.745686390834772,4.634372330892272,4.745686390834772,15133000
2014-03-10,4.6603498458862305,4.706359517632579,4.635860752857476,4.669997075075072,13519000
2014-03-11,4.6024627685546875,4.723423702313527,4.586878877137076,4.673703516137388,16191000
2014-03-12,4.6885480880737305,4.69819531509918,4.485956674397172,4.5839130245454625,23598000
2014-03-13,4.651442050933838,4.786502830054585,4.6039479717105385,4.704872801595614,35377000
2014-03-14,4.651442050933838,4.693741144558506,4.616563708142828,4.658120762069904,13939000
2014-03-17,4.705613613128662,4.748655089074849,4.657377506797388,4.677413988833817,13968000
2014-03-18,4.756293296813965,4.770453407607613,4.6795306844512785,4.71381296443302,13109000
2014-03-19,4.800263404846191,4.835290892962061,4.754057014333339,4.770452761540306,17558000
2014-03-20,4.867337703704834,4.873299761504641,4.792065524605441,4.793556305583577,19966000
2014-03-21,4.7622551918029785,4.9060919334378585,4.742878236157696,4.891931823130081,23267000
2014-03-24,4.7071051597595215,4.796537091654761,4.646738659035871,4.771943292615025,24811000
2014-03-25,4.769708633422852,4.842744832742397,4.716049392195654,4.7466052552271325,16145000
2014-03-26,4.6810221672058105,4.835292272561366,4.629598561839958,4.798774348472225,28414000
2014-03-27,4.67878532409668,4.70337912514814,4.608730340585476,4.6780401112422325,25247000
2014-03-28,4.77790641784668,4.820386754905077,4.685493614129971,4.694436525020856,14330000
2014-03-31,4.800263404846191,4.868827955523907,4.787593721524285,4.8069706752102,14819000
2014-04-01,4.847962856292725,4.863613398083167,4.786105546887375,4.810699356949804,21962000
2014-04-02,4.8174052238464355,4.867338038835575,4.7577835756305005,4.824857707766592,20979000
2014-04-03,4.764492511749268,4.8874615508870285,4.730210223402649,4.824859034042977,21592000
2014-04-04,4.605747699737549,4.824856202415074,4.474581038550827,4.811441309099104,38830000
2014-04-07,4.498429775238037,4.616181911863194,4.384404057519327,4.5461269422021395,43274000
2014-04-08,4.48427152633667,4.544638040300326,4.475328260111465,4.51780824162471,22055000
2014-04-09,4.655682563781738,4.662389835216783,4.549109301491297,4.549109301491297,19256000
2014-04-10,4.46116828918457,4.661645151163622,4.443281756167362,4.661645151163622,20396000
2014-04-11,4.362048625946045,4.468621563782809,4.35683177878959,4.417198305330455,21903000
2014-04-14,4.383660793304443,4.439555680262394,4.330746758499916,4.356085778659134,19419000
2014-04-15,4.392602443695068,4.423903512010984,4.268143027824574,4.401545707605585,25014000
2014-04-16,4.4201788902282715,4.431357796077973,4.33074657731763,4.431357796077973,17916000
2014-04-17,4.537929534912109,4.595314826079769,4.391111961170992,4.422413029080624,19092000
2014-04-21,4.612457275390625,4.634069872067252,4.5327134497522605,4.5438927099303905,12560000
2014-04-22,4.727974891662598,4.754059484637497,4.591590932216353,4.591590932216353,22830000
2014-04-23,4.81442403793335,4.815169250791503,4.7533119637425605,4.768217287018446,26984000
2014-04-24,4.872555732727051,4.8800082179450275,4.735426593154688,4.876282153021538,27519000
2014-04-25,4.645993709564209,4.846470177211994,4.634814450915514,4.833055635427044,19266000
2014-04-28,4.529733180999756,4.689220142061263,4.495450893857345,4.68847492902767,30708000
2014-04-29,4.540166854858398,4.587118829484803,4.472347493896269,4.544638488411914,21656000
2014-04-30,4.732445240020752,4.745114926483211,4.499176880561257,4.553581335848781,25375000
2014-05-01,4.731698513031006,4.83678096980257,4.663879180019819,4.689218189465885,18863000
2014-05-02,4.789828777313232,4.843487995830808,4.708594559220365,4.8233658333080704,13407000
2014-05-05,4.788338661193848,4.803243980890439,4.69667074960584,4.760018447159068,13529000
2014-05-06,5.018628120422363,5.073777790168401,4.937393864081729,5.062598884697001,127802000
2014-05-07,4.979127883911133,5.113275785896509,4.944845606755556,5.049182863855293,560280000
2014-05-08,5.064089775085449,5.1371259845806305,4.97167660479826,4.979129446043354,53700000
2014-05-09,5.0238423347473145,5.1095478240798196,4.969437906484946,5.0618506645122485,38700000
2014-05-12,5.1520304679870605,5.155756887999357,5.02384460468022,5.062598519917772,27394000
2014-05-13,5.124454498291016,5.167680038378772,5.109549176402573,5.162463193486362,23021000
2014-05-14,5.105823516845703,5.187057764216644,5.034278103283421,5.108059510915688,30243000
2014-05-15,5.062598705291748,5.13861575732282,5.001486623113685,5.117748373083426,32093000
2014-05-16,5.103588581085205,5.13712565378652,5.017137476138306,5.0745231417687995,52044000
2014-05-19,5.091662406921387,5.172896638358424,5.078247866616538,5.149793266145358,37789000
2014-05-20,5.032040596008301,5.096133505929231,4.987324637135851,5.094643080578072,29085000
2014-05-21,5.098371982574463,5.1006076216901075,5.020864140629047,5.03204304694932,16896000
2014-05-22,5.118494033813477,5.158738379901804,5.05887272770173,5.099862286810802,15679000
2014-05-23,5.257859230041504,5.262330863886494,5.122220854646932,5.15128629695385,32017000
2014-05-27,5.2861762046813965,5.312260423241798,5.2407150365130315,5.29362904162484,31637000
2014-05-28,5.224320411682129,5.2727624407063445,5.204943457924083,5.257857118997917,34927000
2014-05-29,5.27574348449707,5.280215116408788,5.202707303766874,5.252640112181679,27566000
2014-05-30,5.266798973083496,5.365919353676839,5.172895435922918,5.354740454231028,38938000
2014-06-02,5.339091777801514,5.3659212168614845,5.26158395660682,5.307045138126427,26599000
2014-06-03,5.32493257522583,5.3718845457960285,5.279471385958694,5.315989308891412,22308000
2014-06-04,5.336854934692383,5.355486674187265,5.3018274492348585,5.310770712622072,19379000
2014-06-05,5.356232643127441,5.365921120602978,5.30853582394635,5.32940320454876,27288000
2014-06-06,5.338347911834717,5.392007158863886,5.309282471553457,5.386790312303482,15866000
2014-06-09,5.350270748138428,5.4031847694529835,5.3264221601359125,5.356978374515627,17420000
2014-06-10,5.355488300323486,5.384553737471899,5.328658857386249,5.347290602538459,16409000
2014-06-11,5.347289562225342,5.394986379875586,5.317478917929846,5.341327149069513,24943000
2014-06-12,5.348034858703613,5.368902238962773,5.306299742814377,5.316733432943956,13604000
2014-06-13,5.322694778442383,5.399457013388645,5.2846860896157875,5.37933484997947,13508000
2014-06-16,5.282451152801514,5.361449396910895,5.261583772554715,5.326421907104935,15668000
2014-06-17,5.349052906036377,5.359529818083009,5.282451845927538,5.282451845927538,13817000
2014-06-18,5.329596519470215,5.3789861962776655,5.279458211460685,5.356536180987511,13833000
2014-06-19,5.307894229888916,5.337079068333916,5.263742835074495,5.322860786258338,12734000
2014-06-20,5.355789661407471,5.384226237815104,5.303406513121358,5.325108261150763,21834000
2014-06-23,5.331092834472656,5.384972511975802,5.297417991429332,5.358780769147176,13349000
2014-06-24,5.288438320159912,5.410415965802236,5.285445222617091,5.371502843098405,15304000
2014-06-25,5.3602800369262695,5.3655183164343265,5.242792350082523,5.281705487474389,12827000
2014-06-26,5.3101396560668945,5.3782372587684035,5.266736533531797,5.367012430178058,8126000
2014-06-27,5.308642864227295,5.325854601476438,5.257008366141615,5.293676306842806,16935000
2014-06-30,5.393203258514404,5.393203258514404,5.307145653496596,5.307145653496596,17773000
2014-07-01,5.539876937866211,5.5473603956899815,5.414157915172681,5.4238861962450375,21429000
2014-07-02,5.561578750610352,5.582531861853138,5.506202161138828,5.506202161138828,16081000
2014-07-03,5.6259355545043945,5.640153840511722,5.5683141359743225,5.587770700317933,7994000
2014-07-07,5.577293395996094,5.6536227373059385,5.569809938329749,5.6446430876695874,19066000
2014-07-08,5.4919843673706055,5.575048539942485,5.395449827484152,5.562327160733694,19169000
2014-07-09,5.554844379425049,5.554844379425049,5.469535016296488,5.512189876276251,9798000
2014-07-10,5.474024772644043,5.503209619178407,5.391708511380636,5.393205060383131,15479000
2014-07-11,5.477765083312988,5.498718191245151,5.438103690371028,5.4830033602960295,12517000
2014-07-14,5.540625095367432,5.6049813326040345,5.493480596663764,5.580286493236142,12242000
2014-07-15,5.494228363037109,5.566068051296873,5.439600411718788,5.53837976005667,14556000
2014-07-16,5.511439800262451,5.566068108977752,5.444090470953784,5.4710301313110765,15180000
2014-07-17,5.380483627319336,5.512937847174054,5.3625236121421045,5.4822564519387385,17816000
2014-07-18,5.612462997436523,5.631919552955514,5.433612626958711,5.443340904718206,33949000
2014-07-21,5.643896102905273,5.649883013517242,5.574301567727934,5.576546748415174,15368000
2014-07-22,5.64164924621582,5.720223762167663,5.634914420242845,5.655867529341769,23997000
2014-07-23,5.50994348526001,5.665595972954937,5.506950387777192,5.664847698584232,24450000
2014-07-24,5.426130771636963,5.529400129803825,5.408171115975916,5.515181846052856,20676000
2014-07-25,5.232314109802246,5.410416269509869,5.216599276327617,5.408919720654452,36838000
2014-07-28,5.27646541595459,5.294425072383678,5.1739443277854384,5.239797115020581,31813000
2014-07-29,5.2293195724487305,5.32585409025249,5.226326475357662,5.2682326892793405,19111000
2014-07-30,5.27646541595459,5.316126814544659,5.217347455276492,5.309391631156706,17545000
2014-07-31,5.191904067993164,5.260750306094518,5.148500942784764,5.2390485650748735,18476000
2014-08-01,5.2712273597717285,5.291432197122967,5.141766246271418,5.232314233960182,19141000
2014-08-04,5.338576316833496,5.358032878347674,5.233062134120305,5.262246976391572,15452000
2014-08-05,5.247279644012451,5.344562437232762,5.226326536805259,5.29966241203043,15388000
2014-08-06,5.260003089904785,5.310889686210803,5.2203416827311,5.22333513786592,10354000
2014-08-07,5.210613250732422,5.30490298122937,5.197143595087979,5.30490298122937,11222000
2014-08-08,5.270479202270508,5.2757174803359135,5.187414670855157,5.218096064785522,12822000
2014-08-11,5.299663543701172,5.346808401815338,5.276465608695684,5.276465608695684,14173000
2014-08-12,5.3243584632873535,5.342318477469434,5.27272395776026,5.304902257031334,9421000
2014-08-13,5.385721206665039,5.397694310675396,5.319119789718589,5.360278093019854,10836000
2014-08-14,5.52565860748291,5.554843450457112,5.438852709801178,5.438852709801178,18997000
2014-08-15,5.596750259399414,5.6042333606382,5.494229167562323,5.578041971056067,21143000
2014-08-18,5.6401543617248535,5.642399185434587,5.563824646298216,5.635664357474406,12531000
2014-08-19,5.658860683441162,5.733693828397238,5.6446427570036235,5.655867586014683,18734000
2014-08-20,5.71573543548584,5.7247154439706085,5.66035919227107,5.662604015976771,11375000
2014-08-21,5.7075018882751465,5.735190179501349,5.668588768424642,5.697025333981682,15550000
2014-08-22,5.7030134201049805,5.725463440225614,5.650630634541778,5.725463440225614,15837000
2014-08-25,5.670085906982422,5.777845265331526,5.6438941633413,5.7621300764145,17100000
2014-08-26,5.684305667877197,5.69852359810496,5.6326707983658855,5.676822208654292,13544000
2014-08-27,5.6992716789245605,5.725463070012606,5.650630269167518,5.687298216690782,13434000
2014-08-28,5.714239120483398,5.72396740393534,5.608724551710485,5.652875964543839,18587000
2014-08-29,6.14302921295166,6.3458261953569775,5.724713870310385,6.122824734661387,62934000
2014-09-02,6.362288475036621,6.371268479382264,6.166226355203056,6.208881197429457,41604000
2014-09-03,6.389978408813477,6.449845361107437,6.323377343226088,6.380999115314334,32681000
2014-09-04,6.4423627853393555,6.529169057345205,6.395966194262409,6.40045655528893,28061000
2014-09-05,6.576310157775879,6.5897798065504665,6.454332546816097,6.4625639195492806,26594000
2014-09-08,6.599510192871094,6.710262650139205,6.549371884837849,6.590530186750785,28949000
2014-09-09,6.615974426269531,6.668357925994746,6.582299574182585,6.613729959482487,21896000
2014-09-10,6.660126209259033,6.667609668734226,6.564340639892069,6.6062468710939894,18855000
2014-09-11,6.665363311767578,6.6683571232264525,6.571822225822963,6.653390206917627,17888000
2014-09-12,6.574066162109375,6.665362050601017,6.54039132044805,6.660872404754974,18244000
2014-09-15,6.488758563995361,6.603253490823589,6.455832342837158,6.595770031667924,15998000
2014-09-16,6.579305171966553,6.605496559806898,6.41093165856642,6.463314434247111,21146000
2014-09-17,6.589818477630615,6.641641941854517,6.562029405573247,6.607092726949056,15653000
2014-09-18,6.723510265350342,6.724261631438606,6.6116025594093575,6.622868036850935,18165000
2014-09-19,6.691964626312256,6.8256540467573315,6.676943753562339,6.769323804205977,41834000
2014-09-22,6.547760486602783,6.697221415569634,6.49067959967714,6.657415497660613,23869000
2014-09-23,6.5763020515441895,6.605593869081091,6.487676665372875,6.53499410658342,20829000
2014-09-24,6.6859564781188965,6.688209143427831,6.5605285034787,6.586064917976038,14503000
2014-09-25,6.493684768676758,6.672437538320369,6.441861285082548,6.672437538320369,17940000
2014-09-26,6.5717973709106445,6.583814217103334,6.493686796254562,6.500446227471133,9834000
2014-09-29,6.542504787445068,6.557525662729688,6.4643942304121005,6.489929933276627,9826000
2014-09-30,6.534240245819092,6.603337966008402,6.474155334025661,6.580054937341434,14885000
2014-10-01,6.424586772918701,6.543254609354892,6.37201264167128,6.543254609354892,22257000
2014-10-02,6.249588966369629,6.4140714935984215,6.071586866154468,6.390037811374073,34278000
2014-10-03,6.2691168785095215,6.342720660305784,6.2375724005968385,6.28038307045068,20650000
2014-10-06,6.224804401397705,6.347227636102393,6.1992679853169435,6.314180425142723,19536000
2014-10-07,6.08585786819458,6.209783124872294,6.081351820801236,6.190255486963416,15266000
2014-10-08,6.256348609924316,6.290897835112549,5.955923632308202,6.083604632789526,27681000
2014-10-09,6.053562641143799,6.256349095981279,6.052059909101169,6.227808647472884,18880000
2014-10-10,5.3595805168151855,5.841762288659768,5.163553145391161,5.839509265141975,105981000
2014-10-13,5.185333251953125,5.417411481838139,5.16730799133101,5.317520287187112,65240000
2014-10-14,5.409151077270508,5.475995436418014,5.186836621823683,5.4121551088839865,69034000
2014-10-15,5.448957443237305,5.516552811305564,5.246921630678325,5.276964096071871,31955000
2014-10-16,5.6780314445495605,5.714833698177441,5.29498982408131,5.3077576751540665,33985000
2014-10-17,5.794445991516113,5.985966613515781,5.770411948245836,5.814724637183503,41607000
2014-10-20,5.857533931732178,5.862791702340895,5.693051413232789,5.758393744347958,14370000
2014-10-21,6.18725061416626,6.193259392809308,5.930387324677712,5.9326407062024495,24112000
2014-10-22,6.07309103012085,6.233066831988402,6.063326851979945,6.194762918076932,17307000
2014-10-23,6.112144470214844,6.226306257385231,6.092617550060757,6.169225363800037,18205000
2014-10-24,6.147444248199463,6.189503546844485,6.0663289656100075,6.136178057661528,11269000
2014-10-27,6.126415252685547,6.155707068127352,6.0175115848724055,6.121909205223892,14977000
2014-10-28,6.323945045471191,6.3269490771260095,6.1271666467031345,6.170727970773491,18230000
2014-10-29,6.375018119812012,6.394545761030971,6.2758778976648335,6.351735080327602,14214000
2014-10-30,6.188002109527588,6.351733272951732,6.097123359662422,6.29690576316139,19976000
2014-10-31,6.477911472320557,6.60333872214508,6.346475444121176,6.392290140889679,25461000
2014-11-03,6.4846720695495605,6.600335881172142,6.4658957976793445,6.492182864805191,15941000
2014-11-04,6.411068916320801,6.501196319504787,6.373515652593574,6.451626211940148,18288000
2014-11-05,6.512461185455322,6.51846996494403,6.369759656219932,6.443364160813931,14789000
2014-11-06,6.581559181213379,6.601086819971739,6.484672353487584,6.492183149072082,17114000
2014-11-07,6.387032985687256,6.604090354060759,6.364501319344226,6.597330925784727,19751000
2014-11-10,6.452376365661621,6.465144574624793,6.27137092337242,6.37802121003176,14364000
2014-11-11,6.471153259277344,6.480916720167257,6.412570345131271,6.447118857534182,7927000
2014-11-12,6.537999629974365,6.556025257760254,6.4298465795281174,6.452378256125936,10396000
2014-11-13,6.568038463592529,6.637136187625494,6.498940739559564,6.539498021462752,12281000
2014-11-14,6.6859564781188965,6.688209143427831,6.482417960626584,6.5763007419851345,12955000
2014-11-17,6.648404598236084,6.6882105275801935,6.578555485021653,6.6679322379904375,11200000
2014-11-18,6.865461349487305,6.89249978539898,6.63488506880079,6.635636434910391,20025000
2014-11-19,6.703230857849121,6.909772694200285,6.691964666018246,6.872970803662402,18763000
2014-11-20,6.754302501678467,6.82865764354473,6.610849630514197,6.672436565780763,15121000
2014-11-21,6.775331497192383,6.889493263377836,6.718250614099655,6.88723988213242,17461000
2014-11-24,6.845183849334717,6.860956093035261,6.788102939026644,6.800871150480137,11876000
2014-11-25,6.84593391418457,6.951833562667247,6.839925850203937,6.897757405496778,25923000
2014-11-26,7.043464660644531,7.049472725443688,6.878230702093862,6.878230702093862,16143000
2014-11-28,7.014921188354492,7.092280361405112,6.960093681152538,7.069748695556447,8700000
2014-12-01,6.830913066864014,7.011919246022031,6.761063950776483,6.988636207326188,17168000
2014-12-02,6.924793720245361,6.940565957764853,6.73853018481252,6.811383310270399,19794000
2014-12-03,7.1448588371276855,7.173399298837623,6.98713636389252,6.98713636389252,31727000
2014-12-04,7.741199970245361,7.794525473023323,7.473821806556212,7.627038169082652,61855000
2014-12-05,7.810296535491943,7.886153697374814,7.640556591497468,7.799030343781789,29596000
2014-12-08,7.56394624710083,7.823813513560415,7.485084356606802,7.811045309275745,34818000
2014-12-09,7.7089033126831055,7.738195125966251,7.30408106998852,7.502361469066491,22903000
2014-12-10,7.454294681549072,7.7734963541505175,7.448285901395691,7.66083656108998,22194000
2014-12-11,7.551934719085693,7.7209233753732445,7.499359849696332,7.516634828237941,15685000
2014-12-12,7.45053768157959,7.599247974780045,7.422748601416512,7.434014076912166,13177000
2014-12-15,7.376183032989502,7.574463437310535,7.303329897118692,7.508369730447246,16749000
2014-12-16,7.310090065002441,7.486590184391302,7.210949852821207,7.3416345477384874,22113000
2014-12-17,7.461596488952637,7.526420559366756,7.1985298196216725,7.336469937918966,27875000
2014-12-18,7.662103652954102,7.6884855968513515,7.537731118257023,7.605570813337986,33281000
2014-12-19,7.549034118652344,7.714863600994841,7.496269538949103,7.668883562418277,65173000
2014-12-22,7.644011497497559,7.658333224115929,7.537729664500548,7.61310724868712,15924000
2014-12-23,7.596523284912109,7.726172171049314,7.580694123132613,7.714111960005961,13011000
2014-12-24,7.5919976234436035,7.630440476307284,7.558831874863409,7.60707342115962,6358000
2014-12-26,7.5844645500183105,7.6379825107215,7.553559579279261,7.610846491452138,5761000
2014-12-29,7.634964466094971,7.642502366613384,7.476672149477105,7.584462114099877,13677000
2014-12-30,7.601799011230469,7.683960404885626,7.5829549780419985,7.618382249256899,11730000
2014-12-31,7.582200527191162,7.766121416259796,7.570140317790043,7.620642669299026,15121000
2015-01-02,7.54451322555542,7.704313008352686,7.472151236083084,7.60783059534087,13500000
2015-01-05,7.423909664154053,7.599538609542356,7.417125839967422,7.54300578284857,15596000
2015-01-06,7.255064010620117,7.468381731103623,7.174410047470334,7.4585830344094335,22194000
2015-01-07,7.451045036315918,7.491748696774615,7.276169464908764,7.315365688884373,30907000
2015-01-08,7.823408126831055,7.8618509904274765,7.5648644497310755,7.577678737596549,33265000
2015-01-09,7.907079219818115,7.97491891017421,7.732204324369921,7.874666811492912,23432000
2015-01-12,7.775920391082764,7.962856159503341,7.74275463432487,7.919890988043068,18692000
2015-01-13,7.73220157623291,8.094012171067323,7.668130860207597,7.822654224941513,24337000
2015-01-14,7.793257236480713,7.800795137438024,7.538482510037015,7.621397264006045,20984000
2015-01-15,7.637223243713379,7.955315199314242,7.616871063376313,7.806068273020759,18372000
2015-01-16,7.825669288635254,7.832453111654616,7.561095158903744,7.589738606188846,15375000
2015-01-20,7.904819011688232,7.932708392674464,7.7322048992584635,7.8158737610712175,12840000
2015-01-21,7.943262100219727,8.056327793220506,7.847533012626292,7.864115540035865,16451000
2015-01-22,7.929690837860107,8.026927318337341,7.652302402180532,7.988484453885362,20639000
2015-01-23,8.063860893249512,8.103057110989042,7.858081109543837,7.916875436153132,15088000
2015-01-26,8.045021057128906,8.069895565248125,7.885974589441803,8.045774416216528,9611000
2015-01-27,7.898787021636963,7.988485614010395,7.750293366992149,7.919892572783653,15242000
2015-01-28,7.914614677429199,8.166374525414236,7.904061903865936,8.074414436119003,23302000
2015-01-29,8.029943466186523,8.035219854044684,7.708836446905234,7.886726916241948,15842000
2015-01-30,7.754814147949219,8.045016829801819,7.735216039157715,7.936473513329933,16938000
2015-02-02,7.7201409339904785,7.8007948901991035,7.47441155271296,7.782704216016442,21581000
2015-02-03,7.778935432434082,7.8181316543856045,7.640241219198508,7.726171563981568,15390000
2015-02-04,7.899539947509766,7.935721301122942,7.722403568057516,7.758584921670691,16658000
2015-02-05,8.005067825317383,8.00657526179766,7.8203935576874635,7.895017054864954,16585000
2015-02-06,7.895018577575684,8.07366313373963,7.858837219655398,8.010345757379133,10682000
2015-02-09,7.706573486328125,7.865619888856677,7.67491516511973,7.835469004060044,20346000
2015-02-10,8.068385124206543,8.10004344659781,7.755568694329514,7.766875546120891,20398000
2015-02-11,8.136224746704102,8.16336076192007,8.014867834235963,8.049541032411465,17169000
2015-02-12,8.268887519836426,8.294515374303963,8.175419281938833,8.201047855260105,21072000
2015-02-13,8.30280590057373,8.306574850041695,8.147528489220182,8.291499052169836,14614000
2015-02-17,8.357081413269043,8.393262771356735,8.222910194926135,8.306579046363442,15312000
2015-02-18,8.291501998901367,8.3359746120335,8.237984047602202,8.31562242144421,16681000
2015-02-19,8.359336853027344,8.374411928705987,8.265115293762118,8.29149721533983,13196000
2015-02-20,8.44678020477295,8.45431738819364,8.32617592494083,8.399291995525992,19283000
2015-02-23,8.506325721740723,8.534969167941025,8.439240133984091,8.517632572247287,23854000
2015-02-24,8.531201362609863,8.562859685652114,8.412859330612733,8.555322503156702,23213000
2015-02-25,8.493510246276855,8.58547103604883,8.465620881554917,8.539491000589663,38216000
2015-02-26,9.742513656616211,9.790755213941027,9.275174603384336,9.28949632694723,89263000
2015-02-27,9.619651794433594,9.701059134879587,9.50809356053153,9.701059134879587,33825000
2015-03-02,9.725179672241211,9.864627276177027,9.588746222952135,9.588746222952135,27893000
2015-03-03,9.664874076843262,9.719146095608936,9.615879163295721,9.666382231964858,18682000
2015-03-04,9.75382137298584,9.790002726569973,9.374674113490089,9.624926558836659,36143000
2015-03-05,9.842012405395508,9.915128465212192,9.707087137508804,9.750805670325692,21688000
2015-03-06,9.639999389648438,9.835980477649995,9.61060258587506,9.799045773833395,22329000
2015-03-09,9.581960678100586,9.692765526181368,9.5676389532622,9.632463753868327,17835000
2015-03-10,9.431207656860352,9.567640383195142,9.38522760251374,9.476433633427472,17688000
2015-03-11,9.396533012390137,9.532966447054536,9.385980237414909,9.444774577499985,17742000
2015-03-12,9.506584167480469,9.5133679913127,9.162109400032593,9.262361477543127,22305000
2015-03-13,9.422161102294922,9.55407150149782,9.342261216403276,9.475679052116757,18414000
2015-03-16,9.789252281188965,9.83297083073645,9.55030589858156,9.563120191694233,23077000
2015-03-17,9.731207847595215,9.768896635682838,9.610604300797895,9.709348221110702,19006000
2015-03-18,9.861238479614258,9.92474276098788,9.65333930080912,9.726671205159366,21250000
2015-03-19,9.98220157623291,10.050997119301021,9.829489457558775,9.865777628526123,24461000
2015-03-20,10.076699256896973,10.14398289895762,9.994295306431152,10.087283184390198,55522000
2015-03-23,10.163636207580566,10.302739836211835,10.122056091323413,10.205971906474657,23849000
2015-03-24,10.063846588134766,10.233945722527192,10.045702507432011,10.20370582834792,25819000
2015-03-25,9.40688419342041,10.079722758842086,9.404616003025497,10.026046819010256,48853000
2015-03-26,9.428053855895996,9.46056194754543,8.84215550715138,9.091634869156607,45058000
2015-03-27,9.69265079498291,9.752374275841623,9.438635122963118,9.449219049215952,24297000
2015-03-30,9.86955738067627,9.896017204059941,9.699457486101076,9.815125126021762,19523000
2015-03-31,9.599666595458984,9.790178061770478,9.58076692592288,9.775814053371615,16402000
2015-04-01,9.497608184814453,9.598156259859081,9.34489675386707,9.575476508554567,21830000
2015-04-02,9.451491355895996,9.594375143516555,9.4220077544864,9.533895332594527,14508000
2015-04-06,9.512723922729492,9.580763864882687,9.260976425153052,9.32674817697422,14227000
2015-04-07,9.499116897583008,9.6140289449457,9.480217231308064,9.564133076164753,16132000
2015-04-08,9.585299491882324,9.636707239718595,9.472655652121821,9.485507769324876,13607000
2015-04-09,9.617809295654297,9.672240826336344,9.49911716746916,9.513481173797603,13961000
2015-04-10,9.587565422058105,9.674505006917581,9.530865724148697,9.643508816379056,11669000
2015-04-13,9.476436614990234,9.63670814068954,9.45753694979,9.620076666025659,10483000
2015-04-14,9.372865676879883,9.475681912695656,9.23376199399038,9.454513334015878,16047000
2015-04-15,9.518016815185547,9.548256712318958,9.423517046521633,9.432589087759258,16893000
2015-04-16,9.474921226501465,9.537669187659068,9.434852999397252,9.455265264728327,15456000
2015-04-17,9.211836814880371,9.395544369254775,9.14304056935063,9.350940471517978,26817000
2015-04-20,9.301046371459961,9.360769867021737,9.238298381241428,9.260978125798653,13295000
2015-04-21,9.306336402893066,9.453755793359031,9.294239868730747,9.398567969781194,20616000
2015-04-22,9.669219017028809,9.676779173679886,9.279879601212947,9.367575543827277,22580000
2015-04-23,9.379668235778809,9.484751926886803,9.264756921080792,9.46660856633784,28053000
2015-04-24,9.034178733825684,9.353966239944235,8.759751438884836,9.353966239944235,55059000
2015-04-27,9.083318710327148,9.218642314304343,8.9752105111446,9.071978477678664,27320000
2015-04-28,8.87919807434082,9.147577789146563,8.660714946252321,9.100705696790854,31023000
2015-04-29,8.847445487976074,8.884489232003158,8.675078164050904,8.77108980960059,20903000
2015-04-30,8.83610725402832,8.991843140057782,8.789235876310647,8.821743247040747,21339000
2015-05-01,9.283653259277344,9.33128163645998,8.91170260518272,8.914726377361525,25334000
2015-05-04,9.159674644470215,9.363038207763088,9.136994899549668,9.285926209861918,14207000
2015-05-05,8.829299926757812,9.122627498626677,8.817204115365735,9.079535494627567,22090000
2015-05-06,8.828548431396484,8.948751739279807,8.723463993532976,8.908684210310751,14475000
2015-05-07,9.259467124938965,9.347163058854346,9.071979440252047,9.071979440252047,23542000
2015-05-08,9.323726654052734,9.44468625997281,9.278366441344644,9.313898307559265,14846000
2015-05-11,9.28441333770752,9.363792796993494,9.268537445850326,9.341869358319853,12418000
2015-05-12,9.29499626159668,9.342623932023676,9.170256609781259,9.224688130129834,10264000
2015-05-13,9.308605194091797,9.437881243624387,9.24661351185429,9.346405246521117,11857000
2015-05-14,9.596643447875977,9.728187002133978,9.347164044636239,9.384963386176143,23279000
2015-05-15,9.666950225830078,9.790178031884507,9.568670358394762,9.660902677665552,22627000
2015-05-18,9.841588020324707,9.85822022348832,9.622348488337462,9.673000681031539,17984000
2015-05-19,9.787904739379883,9.967832902043353,9.771273269619579,9.892989125194585,16053000
2015-05-20,9.760695457458496,9.908871217697223,9.685095329651059,9.823443462601995,18721000
2015-05-21,9.796977043151855,9.830241425524779,9.664677980222567,9.790929497975556,21309000
2015-05-22,10.02756118774414,10.117525312259604,9.814369983226038,9.814369983226038,22856000
2015-05-26,9.926254272460938,10.170441602824381,9.876358413754946,10.157589486284008,26781000
2015-05-27,10.696619033813477,10.948366581669461,9.950448432409562,9.985980297145359,114248000
2015-05-28,10.763901710510254,10.997505152875512,10.281575237526775,10.962729595210485,249123000
2015-05-29,11.19406795501709,11.282519481441852,10.89469267053177,10.89544825361739,118244000
2015-06-01,11.08444595336914,11.377773639190512,10.973314696751174,11.206918164097658,83579000
2015-06-02,10.898468017578125,11.088223110267805,10.82135603872381,11.068567143931446,41264000
2015-06-03,10.815309524536133,11.037573457197036,10.79640985887037,11.037573457197036,30450000
2015-06-04,10.674695014953613,10.844038602659355,10.620263482215671,10.77221856830448,28017000
2015-06-05,10.872003555297852,10.889392046107483,10.531804704441996,10.657300610582123,38593000
2015-06-08,10.480401992797852,10.868984984735839,10.397242458207481,10.853865397072134,54422000
2015-06-09,10.599853515625,10.639165467100245,10.320134193655573,10.504598132341625,44071000
2015-06-10,10.800189018249512,10.884860436084905,10.57187755804912,10.57868140827147,42617000
2015-06-11,10.734416961669922,10.830428607818181,10.661085055948382,10.748780965501233,31517000
2015-06-12,10.61950969696045,10.695865410079726,10.57490577888369,10.681501399801977,19145000
2015-06-15,10.819847106933594,10.887887064445747,10.509131637416946,10.520471870661007,34565000
2015-06-16,10.734416961669922,10.847816384779469,10.688300456070065,10.78809290009472,20998000
2015-06-17,10.666182518005371,10.80340452370649,10.572931969060727,10.727590869422812,25429000
2015-06-18,10.841315269470215,10.898175169228839,10.669218689229815,10.669218689229815,25298000
2015-06-19,10.832975387573242,10.910305227721022,10.735176330423695,10.842073058356089,26881000
2015-06-22,10.862543106079102,11.003555920092186,10.765501765441737,10.929259118143897,22846000
2015-06-23,10.73820686340332,10.914094171984042,10.679073097652509,10.914094171984042,21497000
2015-06-24,10.611600875854492,10.782181306612525,10.600987046652914,10.770051319383994,22402000
2015-06-25,10.555499076843262,10.693478852059208,10.525173748233524,10.623730523955523,17538000
2015-06-26,10.246177673339844,10.541091649536769,10.215852352906134,10.526687068104808,71798000
2015-06-29,10.008126258850098,10.250728887194068,9.934587174455437,10.071809231886531,40473000
2015-06-30,10.077874183654785,10.187803224095829,10.0164650885313,10.143831752521978,28695000
2015-07-01,10.272713661193848,10.439503308187245,10.183253845071624,10.19007691658704,43059000
2015-07-02,10.434956550598145,10.443295781842314,10.261343791514138,10.280297575723077,32797000
2015-07-06,10.17415714263916,10.432680505495936,10.149138729362283,10.322751464376491,30188000
2015-07-07,10.071052551269531,10.193111595489272,9.564618861750086,10.155205473167554,59268000
2015-07-08,9.707906723022461,9.957332460596247,9.617688441551323,9.863324145133783,51371000
2015-07-09,9.452412605285645,9.958845432405726,9.379631250910709,9.869385620163815,73469000
2015-07-10,9.843610763549805,9.917907562215776,9.590393594293387,9.59873354731608,50948000
2015-07-13,9.793573379516602,9.960362308288705,9.7389873597996,9.960362308288705,25304000
2015-07-14,10.030110359191895,10.0437572252601,9.742777853540746,9.806461541495903,26289000
2015-07-15,9.986139297485352,10.12032902736678,9.917907133408315,9.98234854136854,23100000
2015-07-16,10.212064743041992,10.217371657677234,9.923215308151487,10.130944142463669,33977000
2015-07-17,10.133218765258789,10.234808584096186,10.004335932655064,10.231776268015336,29000000
2015-07-20,10.207511901855469,10.281809403237677,10.140038193722111,10.200688831619251,23563000
2015-07-21,10.197659492492676,10.339430020366853,10.16960804009516,10.242389405220775,31532000
2015-07-22,9.824653625488281,9.855737382562426,9.505479719636464,9.63133018231217,61346000
2015-07-23,10.00509262084961,10.234807531144003,9.893647424708435,9.945200407843599,30608000
2015-07-24,9.740501403808594,10.14761969605641,9.729887578335756,10.121842849615156,36311000
2015-07-27,9.450142860412598,9.666210990398225,9.408445248305508,9.654838717183624,34893000
2015-07-28,9.735954284667969,9.821623340612533,9.364468895455229,9.52064398426821,27869000
2015-07-29,9.74808406829834,9.789023217541866,9.51078840154946,9.732163328204344,33407000
2015-07-30,9.677578926086426,9.764005705536011,9.481980107939455,9.53277537124898,39169000
2015-07-31,9.487285614013672,9.729888180419445,9.473639472707784,9.729888180419445,30593000
2015-08-03,9.537323951721191,9.66544832602673,9.419054964817866,9.584328459519057,27273000
2015-08-04,9.360681533813477,9.518373560522448,9.003600597842564,9.518373560522448,47467000
2015-08-05,9.457721710205078,9.528986200365688,9.173421467088849,9.325048118814923,34158000
2015-08-06,9.345514297485352,9.506997008631378,9.143093162852509,9.479704003294161,46052000
2015-08-07,9.29093074798584,9.399343626311666,9.159773332784246,9.174936357368091,30527000
2015-08-10,9.649529457092285,9.65862712885153,9.325048482060042,9.36219688665274,28907000
2015-08-11,9.416778564453125,9.569922044193055,9.318979534504532,9.525192143206851,26744000
2015-08-12,9.53201675415039,9.604039671534016,9.14461060408937,9.218149679258003,27205000
2015-08-13,9.415266990661621,9.614656625998999,9.401620843145675,9.52368062219567,14571000
2015-08-14,9.246199607849121,9.438765367168916,9.18630668092719,9.40085853376408,26496000
2015-08-17,9.516094207763672,9.516094207763672,9.158255009921378,9.197677996904432,21293000
2015-08-18,9.267426490783691,9.535047454336786,9.23255269859837,9.535047454336786,19502000
2015-08-19,9.207535743713379,9.308367103854573,9.044536854026935,9.217391130706671,30891000
2015-08-20,8.720815658569336,9.146128737161373,8.720815658569336,9.103673417961025,41756000
2015-08-21,8.44940185546875,8.755687412811664,8.44030418591262,8.54795861680343,56472000
2015-08-24,8.334924697875977,8.719298574563863,7.581339247027575,7.663976000990952,69040000
2015-08-25,8.226509094238281,8.718538019271762,8.203006844159463,8.652580464799039,43921000
2015-08-26,8.809514999389648,8.850454150930586,8.428931927424602,8.536587081445806,59354000
2015-08-27,9.572198867797852,9.628300324885258,9.126415911819516,9.135513582187468,91882000
2015-08-28,9.675305366516113,9.682886879408336,9.453171955261453,9.516855651338117,36322000
2015-08-31,9.550212860107422,9.707146410149289,9.476673779036457,9.601007403539462,30087000
2015-09-01,9.049843788146973,9.478189086395185,8.953560901090087,9.212842678201357,49749000
2015-09-02,9.403890609741211,9.4061644844834,9.109734364555273,9.260603242402071,36700000
2015-09-03,9.383421897888184,9.620717568180114,9.340966590336958,9.506997787807125,29954000
2015-09-04,9.184793472290039,9.386456965296816,9.146886626714222,9.191616545430838,24923000
2015-09-08,9.792057991027832,9.804945695045172,9.46302785808988,9.506999330472631,35477000
2015-09-09,9.641185760498047,9.991443430458581,9.575228213052078,9.869383720317002,31502000
2015-09-10,9.758700370788574,9.792058740126036,9.461511700945733,9.745054225249643,36224000
2015-09-11,9.937614440917969,9.948228264364293,9.623747486130274,9.716239582737517,39606000
2015-09-14,9.94595718383789,10.138522940179891,9.901227280174673,10.04527237727032,34643000
2015-09-15,10.187801361083984,10.231015107304602,9.931552645060306,10.017221697176534,30804000
2015-09-16,9.999957084655762,10.182479510762162,9.906414141824328,10.182479510762162,27317000
2015-09-17,9.93303394317627,10.119359048719412,9.901853439354154,10.001480048330851,19918000
2015-09-18,9.70335578918457,9.847853226871848,9.628065248056835,9.77560450802821,44021000
2015-09-21,9.678257942199707,9.839486111071189,9.599164768748876,9.762674666737443,16515000
2015-09-22,9.48356819152832,9.570265925715258,9.407516834949403,9.505622490207026,22483000
2015-09-23,9.54745101928711,9.71932630564189,9.415882416100729,9.492694592555823,21879000
2015-09-24,9.437939643859863,9.533003501231988,9.084301978390808,9.437939643859863,44995000
2015-09-25,9.638714790344238,9.80526656965532,9.5215966246959,9.579394889116767,35087000
2015-09-28,9.190773963928223,9.74746819196969,9.187732140909759,9.579394777805003,39887000
2015-09-29,9.101032257080078,9.314735884760003,8.978589833429806,9.271386649658012,47991000
2015-09-30,9.507145881652832,9.523876631976385,9.20218103141452,9.262261019473831,43955000
2015-10-01,9.288875579833984,9.49877650708848,9.088100842919193,9.362645195333641,45674000
2015-10-02,9.379378318786621,9.381660048093668,8.989996788334208,9.12536730589396,35207000
2015-10-05,9.218912124633789,9.496499130020311,9.19913882555989,9.427292220621839,39085000
2015-10-06,8.906341552734375,9.202940275159492,8.481976133304649,9.18392779689926,115846000
2015-10-07,9.02270221710205,9.091148319121755,8.808237715754988,9.023462310296182,37284000
2015-10-08,8.87440013885498,8.970984898723081,8.653852039267155,8.937522673535277,41409000
2015-10-09,8.891132354736328,8.980111840066753,8.786942304239174,8.86451459097422,34479000
2015-10-12,8.949688911437988,8.972504752754617,8.803671298464762,8.942844449154784,24184000
2015-10-13,8.625711441040039,8.872877247002691,8.609740787677977,8.847780402393813,32475000
2015-10-14,8.932960510253906,8.955775632281433,8.546620720818913,8.593772601584833,33530000
2015-10-15,9.26834487915039,9.277471072132558,8.95045121189703,8.974027149994333,49316000
2015-10-16,9.207505226135254,9.27671141250763,9.11852501476543,9.270627041333057,19866000
2015-10-19,9.047033309936523,9.22195111119911,8.926112557696836,9.20217781976175,18593000
2015-10-20,9.117762565612793,9.131451490618737,8.94360555447963,9.009769900807502,21920000
2015-10-21,9.164158821105957,9.329949827518668,9.134498499711455,9.2599828011192,28197000
2015-10-22,9.532246589660645,9.55354080798346,9.218155418839302,9.24933592769203,34344000
2015-10-23,9.854700088500977,9.874473388719885,9.434898049367094,9.69423195684146,35498000
2015-10-26,9.400673866271973,9.739100933740389,9.334509509162757,9.739100933740389,58129000
2015-10-27,9.239445686340332,9.517792768057559,9.197617360932231,9.361127296313422,32280000
2015-10-28,9.665332794189453,9.723131785318799,9.40751978937372,9.490415634516628,30966000
2015-10-29,9.132974624633789,9.442502951201737,9.028784574810537,9.202181535247304,61582000
2015-10-30,9.364168167114258,9.431854154137206,9.139057356602402,9.190771963056232,25516000
2015-11-02,9.41512393951416,9.522355807344857,9.313215624158472,9.404476834564147,26068000
2015-11-03,9.288875579833984,9.50257914683664,9.238681895605286,9.238681895605286,26222000
2015-11-04,9.438700675964355,9.495738846623249,9.130693248902881,9.316258233422676,43098000
2015-11-05,9.206741333007812,9.506382551651518,9.171758204956333,9.499538089665743,28308000
2015-11-06,9.861544609069824,9.87067080347508,9.371775560626265,9.373296472147192,45287000
2015-11-09,9.620463371276855,9.806028376579835,9.560383370869266,9.762679129934481,28250000
2015-11-10,9.11548137664795,9.436416842645501,9.10863691373929,9.362647211262056,44759000
2015-11-11,9.12232780456543,9.331468729119628,9.112441517185468,9.142101104605038,25953000
2015-11-12,9.11472225189209,9.233362048616623,9.043995154989167,9.142100833893059,26588000
2015-11-13,8.939043045043945,9.117763533674056,8.761844192935595,9.05007754379955,39824000
2015-11-16,9.237927436828613,9.260742563952629,8.904063006229311,8.93372259896255,27796000
2015-11-17,9.282793998718262,9.405996507755804,9.202179903874507,9.237163036882395,19868000
2015-11-18,9.5763521194458,9.590041047114498,9.247811327880429,9.272148085744323,20270000
2015-11-19,9.522355079650879,9.59232207480968,9.355042510719942,9.590040345272008,32780000
2015-11-20,9.61285400390625,9.633387389236807,9.409797527942983,9.598404262253158,28057000
2015-11-23,9.461511611938477,9.639471234872355,9.44630105301177,9.639471234872355,16003000
2015-11-24,9.760396003723145,9.779409210205872,9.38546413018385,9.38546413018385,35659000
2015-11-25,9.764196395874023,9.823516280932617,9.70867915123605,9.810587448558405,21396000
2015-11-27,9.889680862426758,9.920862079445273,9.723889942789494,9.78244901103649,13262000
2015-11-30,9.920862197875977,9.939874675375997,9.667611994032713,9.843289926150382,32615000
2015-12-01,10.106428146362305,10.173353326106888,9.955847035896728,9.975620335006742,43255000
2015-12-02,10.054712295532227,10.266895007026866,10.003758505233224,10.12011655581041,54364000
2015-12-03,11.010673522949219,11.168859885593886,10.86617681109004,11.016757892773827,120661000
2015-12-04,11.22209644317627,11.247193292452565,10.893556398308093,11.012195456021834,60329000
2015-12-07,11.318680763244629,11.386366022461239,11.069233207356515,11.155930943509189,44769000
2015-12-08,11.238831520080566,11.300433160877825,11.085968645870954,11.167343590171546,34560000
2015-12-09,11.07684326171875,11.25556382486785,10.983301016444125,11.19015953722557,30803000
2015-12-10,11.20460319519043,11.36507127800506,11.041854108441553,11.111821093666613,33078000
2015-12-11,10.983298301696777,11.234266831259799,10.974172107414514,10.998508141980759,27777000
2015-12-14,10.83803939819336,11.05478485374657,10.741453914409108,10.962002010883554,36993000
2015-12-15,10.895837783813477,10.968847329920527,10.746777594217725,10.850967635801688,35398000
2015-12-16,10.975937843322754,11.006452687408487,10.71046510189942,10.921775886606783,29644000
2015-12-17,10.716569900512695,11.099522378306325,10.711229947461211,11.056039591666798,24378000
2015-12-18,10.695209503173828,10.825657128441604,10.569337940965482,10.697497534703542,51964000
2015-12-21,11.122407913208008,11.137665337821348,10.821843486957263,10.916437773526255,26627000
2015-12-22,11.06900691986084,11.23149425094667,10.890499004041724,11.23149425094667,21684000
2015-12-23,11.176570892333984,11.188013961086574,11.014845970370525,11.139191219595217,16170000
2015-12-24,11.16207504272461,11.236071942940606,11.116303501735448,11.168940591994492,7436000
2015-12-28,11.164363861083984,11.168178216812883,10.979752826877917,11.130035387037863,13873000
2015-12-29,11.285655975341797,11.34973612627195,11.062140427941415,11.213947841276772,22533000
2015-12-30,11.24217414855957,11.35812749716644,11.223102371558705,11.252854052674495,17396000
2015-12-31,11.072819709777832,11.252090034869065,11.070530951209006,11.18190750137384,19673000
2016-01-04,10.853880882263184,10.85922083423198,10.670796191178223,10.83786102635679,30970000
2016-01-05,10.490764617919922,10.931694136056763,10.467116047001447,10.919488633248074,38173000
2016-01-06,10.168078422546387,10.379388518602166,10.091029591082032,10.265723177025802,50824000
2016-01-07,9.844624519348145,10.204691475645468,9.779019506259324,10.01702928765672,50056000
2016-01-08,9.779783248901367,10.181044273489412,9.769103344702204,9.919385893096011,64641000
2016-01-11,9.767577171325684,9.914807790173997,9.567709469167113,9.87895372426318,38941000
2016-01-12,9.910995483398438,10.044495033111692,9.677562425708322,9.906418692714757,41112000
2016-01-13,9.406749725341797,9.915573030625154,9.389203542217942,9.745456244888347,48470000
2016-01-14,9.550167083740234,9.663832431800842,9.176368883787365,9.473881410172094,63942000
2016-01-15,9.151955604553223,9.443365693511746,9.100844837545132,9.170264221322737,75916000
2016-01-19,9.15958309173584,9.520412516238762,9.078720651407929,9.364790749528284,54773000
2016-01-20,9.446416854858398,9.579915659077802,8.938356054181401,8.988704382490983,103988000
2016-01-21,9.499817848205566,9.611957588635855,9.409801081979056,9.520414497969885,48475000
2016-01-22,9.498294830322266,9.648576717235905,9.476935012538453,9.648576717235905,58428000
2016-01-25,9.496764183044434,9.53414384428934,9.459383794285685,9.49218666594531,61359000
2016-01-26,9.489137649536133,9.65086255886781,9.459385964108828,9.535671628139548,119134000
2016-01-27,9.33350944519043,9.566943085796131,9.161104735161421,9.432680457046402,58156000
2016-01-28,9.640179634094238,9.6539107292133,9.306812448854362,9.378520572278408,49969000
2016-01-29,10.200115203857422,10.248174768763892,9.772916888813912,9.874376697796977,259449000
2016-02-01,10.502968788146973,10.580017606288056,10.142901772133582,10.17189029232252,45619000
2016-02-02,10.164263725280762,10.49610470195463,10.046784031434111,10.299288875103656,59005000
2016-02-03,10.020846366882324,10.49762994880067,9.939221477446758,10.470167749932486,56234000
2016-02-04,10.383963584899902,10.471691574521916,9.955239651074647,10.023896591653227,60833000
2016-02-05,9.79198932647705,10.451094365877342,9.686715155262164,10.451094365877342,70953000
2016-02-08,9.296135902404785,9.68748025722341,9.094742554549507,9.68748025722341,91242000
2016-02-09,9.132116317749023,9.590591006880548,9.060408214833194,9.141270621048232,63400000
2016-02-10,9.09321403503418,9.434209215778901,9.051256858544708,9.344192476955984,45473000
2016-02-11,8.87275218963623,8.974212029919666,8.715604784553348,8.887246452533864,66673000
2016-02-12,9.280878067016602,9.331988832429987,8.828505524547342,8.983364872579605,39965000
2016-02-16,9.630263328552246,9.672220508444454,9.379284866276036,9.403695866659293,38521000
2016-02-17,9.968975067138672,9.979654975632174,9.667648142125149,9.688244796713676,32742000
2016-02-18,9.693582534790039,10.06890702608041,9.618060030203177,10.051360842554647,39202000
2016-02-19,9.815638542175293,9.824792850847828,9.535671511775066,9.692056466367056,31118000
2016-02-22,9.965922355651855,10.102473113115856,9.87819434137575,9.917099612463963,24204000
2016-02-23,9.776728630065918,9.955236473082715,9.769099921878288,9.929299156250236,22352000
2016-02-24,9.943038940429688,10.012458349003522,9.566951910211424,9.650865584945565,25680000
2016-02-25,10.105520248413086,10.107045844850886,9.81716215128234,9.97659825549642,25652000
2016-02-26,10.15434455871582,10.296235234796416,10.088739536556107,10.23749576143652,27142000
2016-02-29,10.219952583312988,10.521279455595497,10.138326959098919,10.171892275988387,35911000
2016-03-01,10.560182571411133,10.576202426976117,10.269534957557571,10.326748831363066,44906000
2016-03-02,10.448807716369629,10.545690761832535,10.30234022360951,10.515939074934543,43834000
2016-03-03,10.476268768310547,10.592222846205345,10.245124502132139,10.508308481145505,59437000
2016-03-04,11.142239570617676,11.279553450556481,10.811161098664599,11.13766278079286,72399000
2016-03-07,10.947712898254395,11.155209335273003,10.723434169372705,11.043069607075182,41363000
2016-03-08,10.651727676391602,10.895077493665926,10.634944654419073,10.854646627000646,33216000
2016-03-09,10.829471588134766,10.872954372812105,10.715806254727513,10.737166065969573,31152000
2016-03-10,11.017130851745605,11.122404282661183,10.832519857257491,10.943896401529052,54546000
2016-03-11,11.352791786193848,11.444334167453961,11.118595515234158,11.136904136989017,55822000
2016-03-14,11.300914764404297,11.381014053369151,11.213949198516188,11.22234107225106,28444000
2016-03-15,11.326089859008789,11.44128079413929,11.143767566066263,11.328378618170824,30891000
2016-03-16,11.375837326049805,11.424821721422266,11.239600137912767,11.286288195866376,34906000
2016-03-17,11.59932804107666,11.612339646557682,11.279399917619157,11.279399917619157,44708000
2016-03-18,11.671271324157715,11.710306132919293,11.547280076737833,11.629175949310321,70568000
2016-03-21,11.701889991760254,11.710309653198998,11.544222251080821,11.678928804948068,28207000
2016-03-22,11.845012664794922,11.910069949576428,11.599325776616421,11.664383061397928,33945000
2016-03-23,11.70954418182373,11.887877504897526,11.659794821151408,11.849609102806346,27577000
2016-03-24,11.710309028625488,11.732505254983106,11.56641786172326,11.615401529663902,25651000
2016-03-28,11.717962265014648,11.748577420517535,11.639127673904484,11.731738829517937,17224000
2016-03-29,11.796795845031738,11.858026154578116,11.647547056752797,11.730972860811804,26765000
2016-03-30,12.011106491088867,12.037894670451044,11.828181182048658,11.86338829494662,26794000
2016-03-31,11.825116157531738,12.04478063247661,11.821289171460881,12.017991729980608,24968000
2016-04-01,12.077689170837402,12.08687378972857,11.56947748511454,11.789906878656907,25671000
2016-04-04,11.94068717956543,12.11825551788177,11.913899009975221,12.092997996564879,17760000
2016-04-05,11.865678787231445,12.020285191907082,11.821286343368195,11.821286343368195,56915000
2016-04-06,12.05778980255127,12.075394081970098,11.764649864259592,11.840422425922625,28149000
2016-04-07,11.861089706420898,12.089173127300242,11.839659166997015,12.053200331849723,22975000
2016-04-08,11.95140266418457,12.008805990050934,11.83583032333986,11.961352973025921,18526000
2016-04-11,11.910072326660156,12.077690360570513,11.90930736746552,12.049371541988135,18568000
2016-04-12,11.896295547485352,11.968241126320706,11.710308277335772,11.94068726742965,16537000
2016-04-13,12.206276893615723,12.219288501909938,11.910074849736874,11.97589785056464,21730000
2016-04-14,12.155757904052734,12.17795412690342,11.939921187800893,12.038654927158351,27549000
2016-04-15,11.900890350341797,12.119023476620908,11.82664841628891,12.1029505708886,27685000
2016-04-18,11.932271003723145,11.970540139082146,11.77230617850559,11.89017488183594,15297000
2016-04-19,11.562592506408691,11.99885874371068,11.541161966181706,11.974366906286422,24560000
2016-04-20,11.727911949157715,11.794499894726384,11.511309521300895,11.592439720608244,19435000
2016-04-21,11.584020614624023,11.731738757263738,11.51513633268606,11.702654250226693,16117000
2016-04-22,11.505949974060059,11.705713777549024,11.383489371311754,11.511307607182228,25699000
2016-04-25,11.411811828613281,11.546519118584937,11.38655430298397,11.499830323701453,10870000
2016-04-26,11.538861274719238,11.795263431287967,11.483753566422198,11.594733942065462,26309000
2016-04-27,11.597797393798828,11.737862297645702,11.212811242902106,11.267153272327796,38930000
2016-04-28,11.326851844787598,11.788376205895036,11.276336805953006,11.510542762381961,25520000
2016-04-29,11.15540885925293,11.31154667838346,10.964063936350056,11.198269935122896,35067000
2016-05-02,11.18066692352295,11.238070257183137,11.059736932243986,11.18679024748154,19525000
2016-05-03,10.960235595703125,11.173776719327938,10.893647652514037,11.105658127893092,23986000
2016-05-04,10.873746871948242,11.053611529617822,10.8125165676122,10.90742405027903,20888000
2016-05-05,10.9127836227417,11.090351244898912,10.875279452485481,11.00769039234961,16841000
2016-05-06,10.85997200012207,10.906660059704622,10.652554184146954,10.850021690908472,30027000
2016-05-09,10.899004936218262,11.015342958233019,10.811752149630037,10.868389782517985,17300000
2016-05-10,11.068155288696289,11.108720024128933,10.83012159051965,10.906659846322654,18461000
2016-05-11,11.00998592376709,11.191380518584273,10.983962713240347,11.028355162971511,16716000
2016-05-12,10.794914245605469,11.077338928701243,10.678576216197788,11.026823885389568,26452000
2016-05-13,10.719141006469727,10.954877617123524,10.686229515491656,10.787259595760831,21716000
2016-05-16,10.918143272399902,10.9923852075359,10.768128753453412,10.781905321446931,20373000
2016-05-17,10.804863929748535,10.944163144767014,10.706130179565452,10.907425395587879,21248000
2016-05-18,11.012284278869629,11.101834159853805,10.740574798439637,10.755882744903724,22620000
2016-05-19,10.925026893615723,11.071979322571135,10.801035644824077,10.94722311473026,17478000
2016-05-20,11.230415344238281,11.30236092291639,10.999270665545865,11.031416469220396,25889000
2016-05-23,11.335271835327148,11.506716842736218,11.318433245249961,11.342160117201457,17609000
2016-05-24,11.58937931060791,11.609279199881996,11.354407625324226,11.373541825428063,19907000
2016-05-25,11.753934860229492,11.786845622657099,11.518197509822627,11.621523931658308,21737000
2016-05-26,11.711840629577637,11.805982447043288,11.61999514983439,11.769243963176793,18431000
2016-05-27,11.733266830444336,11.781485525249215,11.668975237371162,11.71030565147859,18693000
2016-05-31,11.814400672912598,11.859558085832537,11.733270467490582,11.786846811659004,32058000
2016-06-01,11.845780372619629,11.88787575470704,11.736330627377468,11.741688261275295,30777000
2016-06-02,11.85649585723877,11.903183914905473,11.740157827703731,11.879457041517517,46746000
2016-06-03,12.442011833190918,12.705302324417085,12.337920447335803,12.687698043783357,82985000
2016-06-06,12.463445663452148,12.547636453462363,12.324145679516294,12.506306747787429,34010000
2016-06-07,12.616518020629883,12.701475211473241,12.46114662360159,12.501711361074344,32340000
2016-06-08,12.529263496398926,12.599677688783084,12.501708910810938,12.559112959260784,25620000
2016-06-09,12.56294059753418,12.632589838494273,12.408334173029472,12.409865551226225,29143000
2016-06-10,12.30883502960205,12.474156716086505,12.24607334313772,12.412159988770556,26657000
2016-06-13,12.246840476989746,12.418286246642452,12.21852165509102,12.256790787068446,21568000
2016-06-14,12.168767929077148,12.28663584978568,12.102944958098362,12.190198460115063,25669000
2016-06-15,12.161860466003418,12.293920285855641,12.144968753126681,12.194107682401679,30884000
2016-06-16,12.179519653320312,12.195643261654457,11.946878391162821,12.05820817235939,22804000
2016-06-17,11.977591514587402,12.265514380493583,11.895437254056443,12.205626371664845,43333000
2016-06-20,12.048995018005371,12.253996234646047,12.030567827170712,12.161861012698411,20265000
2016-06-21,11.963001251220703,12.16185980712901,11.947645016305488,12.101203704329725,16126000
2016-06-22,11.91156005859375,12.067422345515855,11.885454749244705,11.956859931481327,16039000
2016-06-23,12.178751945495605,12.179519317932884,11.975286219098717,12.081241461266215,24435000
2016-06-24,11.4186372756958,11.890831353370775,11.394068173028916,11.670473873047204,64177000
2016-06-27,11.02782917022705,11.305771056686929,10.923409394259883,11.248185899953258,37864000
2016-06-28,11.499256134033203,11.511540685443054,11.25432954951933,11.263543146133156,37233000
2016-06-29,11.900808334350586,11.95071462776703,11.576799282742051,11.671238066629046,47860000
2016-06-30,11.931525230407715,12.072799415082414,11.837086405663914,11.900813482966512,42626000
2016-07-01,11.840925216674805,11.967611263734506,11.79485796259444,11.860119783837321,19779000
2016-07-05,11.575263023376465,11.648202929421622,11.480824245873565,11.638221964303249,26321000
2016-07-06,11.565286636352539,11.614425576685624,11.298861890434182,11.467776860536826,20603000
2016-07-07,11.592926025390625,11.747252842474667,11.527663481123655,11.527663481123655,19248000
2016-07-08,11.91156005859375,11.920005549394599,11.66586613061732,11.720379599026582,26741000
2016-07-11,12.082011222839355,12.167236437503876,11.9990895902538,12.062048553348335,25201000
2016-07-12,12.176447868347168,12.354575652554765,12.150342562029596,12.17567976371553,20306000
2016-07-13,12.085848808288574,12.313883636201519,12.08047427224359,12.20101764703125,15734000
2016-07-14,12.345364570617676,12.366095344180046,12.19717966561421,12.250157658295214,23550000
2016-07-15,12.373771667480469,12.405251513240879,12.25860282164236,12.369933340548107,19259000
2016-07-18,12.463603019714355,12.568791621129487,12.434426758284362,12.47051376496799,14626000
2016-07-19,12.325403213500977,12.438269963584323,12.26858688436312,12.397575782227962,14797000
2016-07-20,12.48970890045166,12.574166734435162,12.355344031436884,12.407554648325144,18064000
2016-07-21,12.31618595123291,12.55189814051935,12.270886085734281,12.515812601265099,19530000
2016-07-22,12.259370803833008,12.307742362960129,12.030567859436065,12.253228162796429,19664000
2016-07-25,12.26781940460205,12.33845649941461,12.22866216321579,12.25707032923226,9627000
2016-07-26,12.548827171325684,12.55343433444227,12.313114982325931,12.392965642241688,28631000
2016-07-27,12.719276428222656,12.868228663803974,12.492777121197086,12.740774568248746,30493000
2016-07-28,12.60948371887207,12.819859447107424,12.585681994525483,12.668603611314806,19512000
2016-07-29,12.43673324584961,12.641734496190974,12.369167844649485,12.586452914599118,26030000
2016-08-01,12.554204940795898,12.582613834731578,12.430590592782567,12.49815598994275,17876000
2016-08-02,12.506600379943848,12.591058217293588,12.458996924872224,12.522723989134107,22689000
2016-08-03,12.60027027130127,12.603342690003212,12.382985247438922,12.429052490101926,15019000
2016-08-04,12.821395874023438,12.822164710971778,12.607181791251122,12.612556327632856,19978000
2016-08-05,13.061716079711914,13.067859453424607,12.839823864795704,12.89510544150141,25594000
2016-08-08,12.925817489624023,13.146942349741863,12.888195729589405,13.052504263352121,19084000
2016-08-09,13.142332077026367,13.219110315594849,12.952687133172322,12.971112856024016,32743000
2016-08-10,13.19454288482666,13.21988081973277,13.04021608698389,13.146172061225412,19523000
2016-08-11,13.212973594665527,13.29512786521213,13.121606459076615,13.211438849384278,15745000
2016-08-12,13.242147445678711,13.253663890991355,13.158458445134253,13.216042136148806,16530000
2016-08-15,13.477863311767578,13.498592623781079,13.244453162282612,13.311251191874401,25807000
2016-08-16,13.236772537231445,13.435631843118413,13.21373818280224,13.421811816241409,19069000
2016-08-17,13.285143852233887,13.304338416072001,13.187634823577675,13.225256578746755,16613000
2016-08-18,13.354246139526367,13.373440704350372,13.25520089631725,13.269020924412477,21120000
2016-08-19,13.431024551391602,13.44100625132763,13.315855709245326,13.373439398092824,15349000
2016-08-22,13.50780200958252,13.536978267590408,13.364224301024095,13.436396841474972,15393000
2016-08-23,13.61606502532959,13.626046727216455,13.522394309691455,13.568463027114722,19741000
2016-08-24,13.459432601928711,13.642934193879512,13.388027426340308,13.633721331441262,21802000
2016-08-25,13.516249656677246,13.600707490360856,13.412597260188619,13.476324321684249,18735000
2016-08-26,13.602241516113281,13.716642978880175,13.446379975613782,13.576905046018554,22586000
2016-08-29,13.620667457580566,13.718945303705565,13.582278337517375,13.612989340677716,16726000
2016-08-30,13.589961051940918,13.775766271824489,13.508574156798147,13.679024602132515,27838000
2016-08-31,13.545427322387695,13.691308650828612,13.4632730620433,13.597636480047155,32753000
2016-09-01,13.596863746643066,13.641396232388484,13.42257505822782,13.580740142839685,39128000
2016-09-02,13.291285514831543,13.616061242163749,12.960364950427708,13.589957400218621,80668000
2016-09-06,13.136958122253418,13.359617659952901,13.024860248804822,13.330441400805245,36132000
2016-09-07,12.96804428100586,13.206061550472096,12.876677164522759,13.161529050950785,31437000
2016-09-08,12.928118705749512,12.962669504583438,12.788380765481921,12.928887542666725,18680000
2016-09-09,12.344594955444336,12.826002558777043,12.336149464938723,12.770720987579471,45022000
2016-09-12,12.628676414489746,12.64940718173761,12.188730461939477,12.217906717652898,35673000
2016-09-13,12.687031745910645,12.849804037588877,12.61485919509347,12.628679221513568,36003000
2016-09-14,13.022560119628906,13.047129222148023,12.672444917038439,12.686266410128706,40324000
2016-09-15,13.301337242126465,13.322900224577843,12.953247837810212,13.040270923323282,36322000
2016-09-16,13.187360763549805,13.322129392283324,13.080315547336356,13.278233744315232,83067000
2016-09-19,13.148088455200195,13.367569695377084,13.045664268149196,13.211238041457136,28306000
2016-09-20,12.955556869506836,13.262061116034893,12.95093581126774,13.262061116034893,18722000
2016-09-21,13.078778266906738,13.093411132793266,12.907813749112645,12.967883117756447,17977000
2016-09-22,13.002532958984375,13.188128800025396,12.943233300894207,13.166565822126318,20619000
2016-09-23,12.833882331848145,13.017167691030314,12.746089555498095,12.991754804356082,26875000
2016-09-26,12.836960792541504,12.87854591110316,12.534306441259137,12.714513028296624,32033000
2016-09-27,13.158099174499512,13.159638548358128,12.785365059168408,12.852364543722853,25353000
2016-09-28,13.14577579498291,13.300568049831833,13.07492641254205,13.228947511654738,20843000
2016-09-29,13.281316757202148,13.399143488527526,13.052593414706887,13.091869481438078,38570000
2016-09-30,13.28593635559082,13.449969255765348,13.279774454180165,13.322900419714575,34220000
2016-10-03,13.097258567810059,13.391440515371919,13.070304839803189,13.323671351935788,22807000
2016-10-04,13.018707275390625,13.161177183428551,12.944006527468849,13.138844515279214,19596000
2016-10-05,13.359865188598633,13.408381897049965,13.144235373259376,13.207383475379608,26149000
2016-10-06,13.414543151855469,13.449967838544893,13.188900074558568,13.34600283878577,21014000
2016-10-07,13.416083335876465,13.47307247537167,13.275923954191004,13.46768172992223,21842000
2016-10-10,13.459212303161621,13.546235405457786,13.381431320194471,13.456132086341382,16336000
2016-10-11,13.181968688964844,13.515425167820657,13.055669565211723,13.499252934003646,26181000
2016-10-12,13.12806224822998,13.173498737509746,12.968648957939534,13.149625228303913,21740000
2016-10-13,13.010235786437988,13.084166852908652,12.845433198326868,12.997145234415687,22373000
2016-10-14,13.098800659179688,13.295178048933307,13.041041825733721,13.090328227682908,19570000
2016-10-17,13.005614280700684,13.165026099603041,12.994061635223824,13.068762377546918,12741000
2016-10-18,13.25898265838623,13.312891590271539,13.133456119571083,13.141927082492598,14167000
2016-10-19,13.235877990722656,13.267452776087795,13.100338201014422,13.181970537108002,20440000
2016-10-20,13.354475975036621,13.444579283277488,13.170419455211352,13.219707324990985,18961000
2016-10-21,13.316740036010742,13.353705569138102,13.145775546947736,13.268223324606598,15842000
2016-10-24,13.59628963470459,13.630944635955261,13.366026959078024,13.412233137789606,19772000
2016-10-25,13.37295913696289,13.592440355720049,13.362177644641294,13.55624597529819,21622000
2016-10-26,13.322897911071777,13.45997852584366,13.176578118093698,13.257439288244914,21075000
2016-10-27,13.264372825622559,13.496174880807375,13.228946667793858,13.423784660379816,19840000
2016-10-28,13.041808128356934,13.312887675338056,13.017934620488692,13.283623422753363,20651000
2016-10-31,13.11343002319336,13.219705555212139,12.990982255334151,13.091867042072787,20317000
2016-11-01,12.999455451965332,13.211236865627617,12.77073358162551,13.147317598066735,28452000
2016-11-02,13.289015769958496,13.411463539779378,13.077235858188084,13.315969496791023,43501000
2016-11-03,13.322132110595703,13.503108422280475,13.257443155604166,13.280546983330368,20654000
2016-11-04,13.25898265838623,13.440728658768592,13.109582604682336,13.122674626967662,21753000
2016-11-07,13.627863883972168,13.69871473379038,13.408382683981774,13.42994566678122,26126000
2016-11-08,13.63094711303711,13.709497778008199,13.485395493786772,13.636337859347558,18923000
2016-11-09,13.355247497558594,13.592441823108473,13.181202758920119,13.205076275762114,32506000
2016-11-10,12.933228492736816,13.438420784703618,12.575896893655704,13.378351414273965,51217000
2016-11-11,12.902419090270996,13.09186632029136,12.763029407464154,12.887787697689234,29793000
2016-11-14,12.612858772277832,12.920132718269933,12.554330261720487,12.820017619575776,28187000
2016-11-15,12.818479537963867,12.899340724304308,12.59976802254663,12.69372122984715,25380000
2016-11-16,12.924751281738281,12.950933847097271,12.764568329843273,12.80692312771853,13333000
2016-11-17,12.86391544342041,13.01639716018326,12.78536332126295,12.887788954797522,18100000
2016-11-18,12.950165748596191,13.027177018584947,12.84157969633659,12.84157969633659,19524000
2016-11-21,13.290558815002441,13.304420525650105,13.024871376172452,13.024871376172452,21384000
2016-11-22,13.632485389709473,13.663290491214534,13.346774389382807,13.378349177765068,31024000
2016-11-23,13.637105941772461,13.689472555969102,13.495405711626438,13.5816576424454,22123000
2016-11-25,13.611690521240234,13.63248381546819,13.520817538709386,13.614001050473108,8198000
2016-11-28,13.449973106384277,13.63634019840026,13.441502141995999,13.558559207026482,26570000
2016-11-29,13.511575698852539,13.629402397260787,13.356013786994257,13.389127942386143,18514000
2016-11-30,13.129605293273926,13.54623508744766,13.125755389556081,13.486165719824141,31249000
2016-12-01,12.536619186401367,13.129604192265372,12.41494255628619,13.092638656653525,46389000
2016-12-02,12.646743774414062,12.700651225213017,12.369503777313296,12.59668622630023,26945000
2016-12-05,12.793834686279297,12.830798746069469,12.50658288685287,12.784592569680857,21372000
2016-12-06,12.688331604003906,12.935537712608525,12.587446799454911,12.84620408745112,39184000
2016-12-07,12.980201721191406,12.980201721191406,12.604388897474529,12.688330298897807,32659000
2016-12-08,13.1465425491333,13.198140935151137,12.900107670432995,13.057210419708149,38361000
2016-12-09,13.791898727416992,14.008299718571205,13.623244762351082,13.935138336813806,75744000
2016-12-12,13.720277786254883,13.921276220742321,13.59706032138439,13.711806824236094,37194000
2016-12-13,13.818852424621582,14.011379902282728,13.707955821926413,13.764944965895355,69076000
2016-12-14,13.756892204284668,13.880815580060053,13.649234999556796,13.844412802205833,46795000
2016-12-15,13.941999435424805,14.034167500677045,13.675567235130407,13.810332248044142,38103000
2016-12-16,13.81885051727295,14.025645496810851,13.74604645271913,13.999313243281808,41541000
2016-12-19,13.976853370666504,14.050433009733707,13.795618009686711,13.869196171488433,22219000
2016-12-20,14.101548194885254,14.195262944962264,13.95206668331817,14.018675094147994,27352000
2016-12-21,14.118587493896484,14.250254669225393,14.079086898118234,14.230116589205604,21013000
2016-12-22,13.987692832946777,14.17357562240694,13.893202525766077,14.161958409711021,17557000
2016-12-23,14.091482162475586,14.094579988271644,13.914892796710618,13.94509844480408,8977000
2016-12-27,14.120138168334961,14.227795359199606,14.100000086855918,14.104647563699599,8283000
2016-12-28,13.955940246582031,14.173578368663115,13.928832426862446,14.145696461884507,14039000
2016-12-29,13.931156158447266,13.9931171002423,13.835117658887459,13.917989292123465,13671000
2016-12-30,13.691060066223145,14.010933871454263,13.632971026920236,13.969885091252088,25421000
2017-01-03,13.812652587890625,14.010928145875297,13.673240132347184,13.808780676243321,32098000
2017-01-04,13.714292526245117,13.863772566446595,13.684085406140362,13.806459106024835,23965000
2017-01-05,13.498201370239258,13.70886971852823,13.467221643213458,13.65697634906744,24861000
2017-01-06,13.677114486694336,13.701124476944516,13.423073633107144,13.492779865799262,23142000
2017-01-09,13.706547737121582,13.809557447786975,13.68098809257931,13.68176365687157,20265000
2017-01-10,13.985373497009277,13.998540364932783,13.701128399088777,13.746824654611922,30181000
2017-01-11,13.896305084228516,13.977630032597311,13.767735704808835,13.945099166890435,18787000
2017-01-12,13.85293197631836,13.871520408531076,13.584951576677298,13.79329476671593,23137000
2017-01-13,13.976076126098633,14.00163429040772,13.816527058421947,13.856026173923732,20902000
2017-01-17,13.872288703918457,13.912563377353536,13.752240247694699,13.900946166045408,26316000
2017-01-18,14.330034255981445,14.333906169391092,13.94122826360254,13.969110176495965,35642000
2017-01-19,14.371850967407227,14.474086573899118,14.303694388834323,14.336223765694008,45718000
2017-01-20,14.799386024475098,14.835013236310509,14.568581018763739,14.607307533598307,57623000
2017-01-23,14.793190002441406,14.834238777598843,14.593364736337792,14.79396408953906,33394000
2017-01-24,15.315985679626465,15.46236939351933,14.892328098324782,14.926405658467283,62008000
2017-01-25,15.682328224182129,15.690849090631366,15.337670403527026,15.484054102785239,60888000
2017-01-26,15.813222885131836,15.898419739938605,15.577771881010818,15.834135055277567,38820000
2017-01-27,15.932496070861816,15.938693199075527,15.764427590081436,15.90693790275088,25780000
2017-01-30,15.739646911621094,15.867440734332996,15.537499352393818,15.834911343923942,33234000
2017-01-31,15.451519012451172,15.681548344506865,15.401949392463573,15.681548344506865,26749000
2017-02-01,15.776045799255371,15.837232657339168,15.506515761564822,15.66451668882894,31184000
2017-02-02,15.803926467895508,15.879828354176823,15.56769994334369,15.64282774265709,22712000
2017-02-03,15.967347145080566,16.001426175457045,15.724924974945727,15.873632396759316,24367000
2017-02-06,15.998331069946289,16.006076372587806,15.823291366591183,15.966575772295693,18716000
2017-02-07,15.947988510131836,16.063391016596313,15.87208660685421,16.04867597458486,22840000
2017-02-08,16.02388572692871,16.167945665407395,15.889896304668667,15.95263132186933,21069000
2017-02-09,15.903838157653809,16.08584756973177,15.771396901710352,16.057965666564257,27519000
2017-02-10,15.917781829833984,15.993683728191279,15.78843837688398,15.954958691921561,23842000
2017-02-13,16.00994873046875,16.040929941896326,15.890674316456622,16.01537029474203,12463000
2017-02-14,15.903067588806152,16.03241104826299,15.86201733466724,16.03163548386746,17357000
2017-02-15,15.954179763793945,16.027757901286495,15.86201172363297,15.941012900913805,17088000
2017-02-16,16.123798370361328,16.12689619515047,15.891443783995303,15.990581563573002,17188000
2017-02-17,16.2965145111084,16.2965145111084,16.01846368148012,16.187307691534123,30945000
2017-02-21,16.477752685546875,16.545135188453248,16.335242377676863,16.342213592707996,30333000
2017-02-22,16.58696174621582,16.646598955054348,16.38094082023539,16.497117412127597,23949000
2017-02-23,16.30968475341797,16.726372563473507,16.236880684374206,16.65821449400653,29364000
2017-02-24,16.293418884277344,16.315105138286377,15.69239646799206,16.13928989069569,27651000
2017-02-27,16.518802642822266,16.531969509538357,16.27947825795292,16.31665511959066,26991000
2017-02-28,16.336788177490234,16.600896563136903,16.287994115571756,16.58540596267438,27548000
2017-03-01,16.662858963012695,16.682221476672677,16.308132158245044,16.502534336287237,51155000
2017-03-02,16.829381942749023,17.42498134946272,16.73101823029511,17.357598845653147,71171000
2017-03-03,16.909160614013672,17.03927817095826,16.861140617351083,16.884375051225113,30747000
2017-03-06,16.879722595214844,16.925418835560524,16.665182343932315,16.758122998414844,22771000
2017-03-07,16.981185913085938,17.145382479793344,16.813891520933538,16.83325403791375,29129000
2017-03-08,17.0106201171875,17.135317582289733,16.926972908097646,16.978866293487123,24532000
2017-03-09,17.19495391845703,17.260786778533376,16.893668572732892,16.944786391089004,25675000
2017-03-10,17.531091690063477,17.535739167164714,17.250718526046366,17.250718526046366,39430000
2017-03-13,17.53883934020996,17.639525334864725,17.454416563055297,17.49314308197301,26669000
2017-03-14,17.37618064880371,17.52566211670224,17.31112190817981,17.407935932374357,22165000
2017-03-15,17.498567581176758,17.554332891409995,17.290222863080004,17.374645654391273,20727000
2017-03-16,17.300167083740234,17.56936430489719,17.238702729574396,17.542911141436935,27835000
2017-03-17,17.20836067199707,17.40520124111936,17.182685105432526,17.390417979408806,51635000
2017-03-20,17.213027954101562,17.321950994588928,17.177237683114175,17.208359399804923,17215000
2017-03-21,16.80689239501953,17.348398514384716,16.767991745773728,17.29082513799083,30557000
2017-03-22,16.915821075439453,16.98973292090618,16.757881195003584,16.806896559425574,19131000
2017-03-23,16.872251510620117,16.99673539721176,16.838795520070935,16.903371740285536,19223000
2017-03-24,17.03641700744629,17.225477151478916,16.94072053872341,16.961727551163765,23794000
2017-03-27,17.04263687133789,17.130552882417277,16.803004750192954,16.86991523941648,15358000
2017-03-28,17.190460205078125,17.255036416394248,16.988173546250174,17.000622526779885,17929000
2017-03-29,17.218473434448242,17.2215853092029,17.091655263414246,17.17879369240495,15927000
2017-03-30,17.119665145874023,17.462774224567816,17.027858154586973,17.264378464600476,34168000
2017-03-31,17.035634994506836,17.193574861813033,16.96327835039015,17.115772066546647,25897000
2017-04-03,17.0231876373291,17.11577369967313,16.856691212575324,17.03874849466012,19210000
2017-04-04,17.035634994506836,17.14844897344485,16.951608450487907,16.97417065268955,12634000
2017-04-05,16.89325523376465,17.155449558888645,16.867581158325475,17.080760125276196,15690000
2017-04-06,16.922048568725586,16.997517110189776,16.773445763281142,16.85980661036015,14615000
2017-04-07,16.98040008544922,17.1041049133197,16.886258813448222,16.922047603574928,16412000
2017-04-10,16.962509155273438,17.042646267009676,16.825576227132604,16.88859727933835,17994000
2017-04-11,16.925933837890625,16.992066736958574,16.652069585897127,16.848910119878227,22219000
2017-04-12,16.276283264160156,16.816232810901752,16.21715319721206,16.779664946881905,61026000
2017-04-13,16.441221237182617,16.647397349203263,16.26071919749793,16.27705764824754,42579000
2017-04-17,16.639617919921875,16.677742457920736,16.508910306090588,16.523693562777545,14507000
2017-04-18,16.579715728759766,16.62717590454886,16.49880104096425,16.576603853685356,8486000
2017-04-19,16.620952606201172,16.714314796832152,16.592165164041234,16.63262250903873,12081000
2017-04-20,16.977277755737305,17.048079184750122,16.666847227448418,16.72753247064286,16916000
2017-04-21,16.934497833251953,16.986625084701735,16.817792860922506,16.915825097037857,14683000
2017-04-24,17.213027954101562,17.264377599469196,17.09165593014487,17.170236335634346,17531000
2017-04-25,17.36551856994629,17.427760513481527,17.268265440424667,17.273711591934436,14848000
2017-04-26,17.247257232666016,17.422313150424547,17.184237695858897,17.388081048437908,14726000
2017-04-27,17.356962203979492,17.434765011831317,17.276825118976642,17.3414013456161,11850000
2017-04-28,17.1795654296875,17.360845057001292,17.098650777808295,17.336727664888524,16490000
2017-05-01,17.219253540039062,17.292387801302883,17.109551406160683,17.279161218695403,15339000
2017-05-02,17.540578842163086,17.54446831536222,17.23325852064401,17.385752284633416,27277000
2017-05-03,17.497787475585938,17.598152506017968,17.392753890073706,17.467444835495392,18002000
2017-05-04,17.381078720092773,17.572473096771756,17.2612633917496,17.525790528044734,16245000
2017-05-05,17.61837387084961,17.621485744825893,17.431648076590307,17.50244803243603,23128000
2017-05-08,17.51178550720215,17.66894628936813,17.416866663041453,17.623821885990576,17448000
2017-05-09,17.774765014648438,17.847899279783825,17.483005551958698,17.55380553957328,19261000
2017-05-10,17.9980525970459,18.160659543658266,17.792654036279753,17.85489597942207,24433000
2017-05-11,17.979379653930664,18.03850972181413,17.75764264135015,17.947481827068366,14823000
2017-05-12,18.3582763671875,18.365277712896482,17.95992680450493,18.00972124182263,25852000
2017-05-15,18.59712791442871,18.66481599334895,18.283583994517738,18.331044151491124,29172000
2017-05-16,18.725509643554688,18.772968334092734,18.570681620084613,18.667934762359756,18128000
2017-05-17,17.98638153076172,18.592462468479063,17.979378700476502,18.516993950364004,31447000
2017-05-18,18.49053955078125,18.565228976323137,17.714069879593765,18.017500586490637,30699000
2017-05-19,18.213563919067383,18.43841278482256,18.054068864041277,18.416628181246203,35812000
2017-05-22,18.546560287475586,18.593242858064684,18.222903071721447,18.324823271054836,20419000
2017-05-23,18.403404235839844,18.589352474374376,18.348942719106933,18.544226581667807,13696000
2017-05-24,18.641481399536133,18.67338071478238,18.436861894448715,18.552787769389237,16392000
2017-05-25,18.739511489868164,18.793973005327196,18.573791182582827,18.75896181910853,19010000
2017-05-26,18.76674461364746,18.797087249805138,18.54189569263339,18.742625727479776,13120000
2017-05-30,18.658597946166992,18.780747564529683,18.59479931906497,18.711502785551392,29364000
2017-05-31,18.63214874267578,18.897455045560886,18.482768333197626,18.868669084651145,44830000
2017-06-01,18.251689910888672,18.818092662902597,18.191004643726853,18.797085653513868,63774000
2017-06-02,19.803077697753906,19.903444222012737,18.995488819868534,19.337041292832744,108613000
2017-06-05,19.622568130493164,19.978124624757434,19.466184946596083,19.761833779837357,39532000
2017-06-06,19.75094223022461,19.866090487201582,19.498862595397352,19.510532495427853,29653000
2017-06-07,19.783618927001953,19.9057685291117,19.68169873429242,19.736937843411678,29290000
2017-06-08,19.835750579833984,19.92522328826895,19.63112959861427,19.839640052389804,28273000
2017-06-09,18.93246078491211,19.91744105407641,18.785414695394095,19.879317993831002,58191000
2017-06-12,18.880332946777344,18.914566533730788,18.34194008268189,18.703721828649545,54872000
2017-06-13,18.901342391967773,19.288020667422657,18.802532574408787,19.058503202036142,30853000
2017-06-14,18.71461296081543,19.057721954619925,18.488207413645252,18.950354130771824,34509000
2017-06-15,18.595073699951172,18.71227416999494,18.382550141197537,18.388019486531014,27527000
2017-06-16,18.459115982055664,18.707582163169278,18.371606480394288,18.668514356867284,35819000
2017-06-19,18.841970443725586,19.127941106104824,18.77946344757064,19.127941106104824,28519000
2017-06-20,18.75133514404297,19.037304305815383,18.74039645736781,18.90838428289877,24429000
2017-06-21,19.152162551879883,19.213888643373352,18.90213454970595,19.0318369856619,34998000
2017-06-22,19.06778335571289,19.252961680499798,18.992775828854448,19.18264109949917,18666000
2017-06-23,19.16309928894043,19.28889567655596,18.970108963037134,19.028709922080598,34985000
2017-06-26,18.966991424560547,19.369381757713203,18.845884913172714,19.220146119006444,32103000
2017-06-27,18.387231826782227,18.90760184195613,18.379418266276588,18.858377752026456,33582000
2017-06-28,18.83415985107422,18.88729147680711,18.32238420511661,18.48568362790656,24533000
2017-06-29,18.286436080932617,18.671635782033945,18.015311669107977,18.6505408101254,34513000
2017-06-30,18.209091186523438,18.493498607245282,18.194244970431345,18.46068253834869,26534000
2017-07-03,17.952028274536133,18.38020191627926,17.89889814157249,18.323164257337922,21123000
2017-07-05,18.09657859802246,18.152835357700212,17.901243993013534,18.04891780088203,29699000
2017-07-06,18.364572525024414,18.41848505069643,17.7754437584117,17.780132192892136,26334000
2017-07-07,18.722429275512695,18.76696494106724,18.382547513877803,18.384891731583508,24731000
2017-07-10,18.890419006347656,18.90370191447041,18.65914320373776,18.79197079468053,22499000
2017-07-11,18.821659088134766,18.95526756948406,18.70445714946864,18.908387688188345,20502000
2017-07-12,19.253734588623047,19.313116454137113,18.834937894274024,18.98651619380976,27710000
2017-07-13,19.32328224182129,19.523303803524954,19.263900351690797,19.308436024146243,20400000
2017-07-14,19.55611228942871,19.564708249108463,19.365466183674197,19.42641135896953,14417000
2017-07-17,19.456886291503906,19.717852992352864,19.444384294762266,19.595183203606343,18746000
2017-07-18,19.602214813232422,19.606122339302825,19.22561096763851,19.319370729344584,13003000
2017-07-19,19.87725257873535,19.888191270443258,19.5764370664829,19.689731510763362,25526000
2017-07-20,19.801456451416016,19.924126240090807,19.71707207174169,19.885059922008356,12135000
2017-07-21,19.77645492553711,19.808488592611184,19.569399256671286,19.65300273139511,15504000
2017-07-24,19.770206451416016,19.820993868060086,19.665507981128965,19.790522014187577,13638000
2017-07-25,19.869434356689453,19.878028828118754,19.547522445812255,19.75223390296751,16123000
2017-07-26,20.081174850463867,20.173372789279007,19.89443475536751,19.899904099360196,19971000
2017-07-27,19.607681274414062,20.196811531418085,19.451414531119692,20.174932667266862,32010000
2017-07-28,19.562366485595703,19.62096596079717,19.338121892807116,19.449072080474625,31919000
2017-07-31,19.272485733032227,19.72488085952506,19.178724505928475,19.610023170037444,18902000
2017-08-01,19.407663345336914,19.533458268159126,19.29593074797081,19.39516134785373,17582000
2017-08-02,19.79598617553711,20.10227092340947,19.616278736360886,19.892871057101186,36970000
2017-08-03,19.55611228942871,19.76785485933485,19.31702300313501,19.753010137703434,23447000
2017-08-04,19.46860122680664,19.60924232276213,19.386561084260656,19.591270986177896,13454000
2017-08-07,19.72410011291504,19.7592603897393,19.44750633263997,19.485791735582172,18730000
2017-08-08,19.639720916748047,19.868653975993706,19.566275217647014,19.688164110039413,20439000
2017-08-09,19.46860122680664,19.561580055025424,19.339681215703543,19.49672884988408,21256000
2017-08-10,18.80759048461914,19.299053458935482,18.788057328361404,19.272487651088497,29033000
2017-08-11,19.077938079833984,19.161541556317328,18.650546807203877,18.756026171515867,16976000
2017-08-14,19.60456085205078,19.63112666677309,19.220924318061634,19.288119764040214,16736000
2017-08-15,19.8217716217041,19.85068165247471,19.632688783718525,19.777235957002375,20942000
2017-08-16,19.800670623779297,19.90380872584013,19.674875730272063,19.87099117638008,15394000
2017-08-17,19.295146942138672,19.865523480272262,19.271707749517855,19.767856203593865,22793000
2017-08-18,19.484235763549805,19.649098510580224,19.231082588631743,19.324842361437817,20126000
2017-08-21,19.50376319885254,19.681126402029566,19.234982977288567,19.681126402029566,20693000
2017-08-22,19.938974380493164,20.01710852033039,19.611594584905184,19.676445816650148,26917000
2017-08-23,20.07414436340332,20.229631719721052,19.798332916551946,19.839743455494197,27928000
2017-08-24,19.92803382873535,20.26479195487803,19.619406315150453,20.21087941832949,52119000
2017-08-25,19.18888282775879,19.877242114208638,19.04746081933497,19.70925429982711,69099000
2017-08-28,19.006053924560547,19.349060779675973,18.947452958472102,19.302180900975902,34174000
2017-08-29,18.887290954589844,19.109972250470932,18.75446338421476,18.852911580637674,33536000
2017-08-30,19.22248077392578,19.247484763327126,18.82087300900549,18.87400462362802,21924000
2017-08-31,19.695188522338867,19.731129702544244,19.185755787061456,19.269359231450952,29491000
2017-09-01,19.74676513671875,19.950694200418628,19.71316666887615,19.71551088665909,23242000
2017-09-05,19.459228515625,19.746760998667185,19.300616061351278,19.542830487417493,24306000
2017-09-06,19.48501205444336,19.635810948839282,19.353747807512963,19.581117512618285,13996000
2017-09-07,19.26389503479004,19.533456193761552,19.231078971451826,19.517048162092443,16088000
2017-09-08,19.07324981689453,19.252176369672636,18.994334775088973,19.214671866772353,18094000
2017-09-11,19.356874465942383,19.395940783396842,19.221702682706162,19.305306151954568,16878000
2017-09-12,19.309993743896484,19.513141864416408,19.18185312844855,19.506890121280428,18396000
2017-09-13,19.239669799804688,19.370153119411654,19.15450304082873,19.20685374267844,29664000
2017-09-14,19.295146942138672,19.338901691334193,19.005270238433965,19.113095293399713,28645000
2017-09-15,19.57642936706543,19.626434369410315,19.151380885996346,19.34827874958366,50066000
2017-09-18,19.599180221557617,19.835324838767765,19.50425161473557,19.695677030588868,25743000
2017-09-19,19.5944766998291,19.75844364738171,19.482288867102397,19.70509633002026,22088000
2017-09-20,19.057071685791016,19.603891016437913,18.66088209246904,19.592907613678555,57010000
2017-09-21,18.858585357666016,19.040597105814722,18.685988810071027,19.02176820108372,28620000
2017-09-22,18.769147872924805,18.887612999298508,18.6812806510591,18.698539856389466,23100000
2017-09-25,18.476516723632812,18.656958755019065,18.164272372188403,18.608317547314677,38692000
2017-09-26,18.614591598510742,18.824847411334677,18.46082398534593,18.66244870053718,39010000
2017-09-27,18.874269485473633,19.038236370415376,18.717362501998956,18.789540193237592,26489000
2017-09-28,19.059419631958008,19.092369830115754,18.78954074963556,18.790324850627144,21932000
2017-09-29,19.028043746948242,19.1645521821225,18.94723642758446,19.059425753201662,17319000
2017-10-02,18.865642547607422,19.24535546612184,18.809155846021245,19.24535546612184,19431000
2017-10-03,18.789546966552734,18.90330299938432,18.663236335446236,18.835048781134795,25611000
2017-10-04,18.985681533813477,19.011570344551416,18.633425515052977,18.733061747813263,23271000
2017-10-05,19.116697311401367,19.279094561312206,19.014707283487365,19.085315303927374,22811000
2017-10-06,19.27909278869629,19.27987838627444,18.852308300201297,18.852308300201297,17489000
2017-10-09,19.33243751525879,19.397553814289907,19.25163021724706,19.299487315225118,16551000
2017-10-10,19.298707962036133,19.46895070409303,19.067270907450304,19.419525391882964,15348000
2017-10-11,19.64468765258789,19.70509637061314,19.232022935666137,19.2375146373048,26603000
2017-10-12,19.51445770263672,19.71372868798021,19.478368090005294,19.646258560111466,20067000
2017-10-13,19.45326042175293,19.679205783350543,19.414818510832415,19.62507286900798,15257000
2017-10-16,19.352052688598633,19.57172220986309,19.269677179265532,19.501898304022923,14899000
2017-10-17,19.03431510925293,19.294780313438924,19.0123483085506,19.286934813705795,26965000
2017-10-18,19.1425838470459,19.190440953846263,18.813080289590236,19.090020636784615,19905000
2017-10-19,19.165334701538086,19.171610503230227,18.700106858550114,18.89310197615713,25844000
2017-10-20,19.16141128540039,19.377942904846115,19.12375348233364,19.374803507610398,23548000
2017-10-23,19.16376304626465,19.272028844468878,19.041375947506832,19.235155146446036,23418000
2017-10-24,19.43128776550293,19.467375865407757,19.15120957388347,19.22652517053354,22887000
2017-10-25,19.285367965698242,19.52935659011297,19.160627055022204,19.2900740687677,20955000
2017-10-26,19.12375831604004,19.44463232795594,19.12375831604004,19.399129013050885,24446000
2017-10-27,19.840818405151367,19.847878308509017,19.04765517197149,19.187302993283346,44753000
2017-10-30,20.494333267211914,20.57043298356196,19.869846030238616,19.872199830258644,50202000
2017-10-31,20.7045841217041,20.923468017938326,20.499820029435437,20.593964525672526,32845000
2017-11-01,20.342140197753906,20.840316928683702,20.153851114866935,20.73048287731357,27333000
2017-11-02,20.358610153198242,20.76185963560664,19.524651186111633,20.56807889919228,67196000
2017-11-03,21.467153549194336,21.809992812199013,20.17110612355431,20.71400191948443,120503000
2017-11-06,21.772335052490234,22.108114389751453,21.184720090000955,21.833527860787925,78088000
2017-11-07,21.285926818847656,21.535408671474645,20.98937345499201,21.38163954010902,36789000
2017-11-08,21.370656967163086,21.48206069528386,20.965839261405183,21.129806204044606,30254000
2017-11-09,20.84031105041504,21.213749712493918,20.59396860571834,21.07567158944903,30980000
2017-11-10,20.78696060180664,20.918761406383467,20.680264498619294,20.8520769030324,20338000
2017-11-13,20.790882110595703,20.866981810398734,20.519435008122667,20.593965009461535,28064000
2017-11-14,20.653594970703125,20.835606717369718,20.496687931347957,20.65673287207,19718000
2017-11-15,20.837175369262695,20.947010897730717,20.24328450195081,20.578279796206537,29032000
2017-11-16,21.347900390625,21.54717128922929,20.877180895947955,20.931313794955297,31000000
2017-11-17,21.328298568725586,21.347911579538405,21.059203631098363,21.321237166572104,24069000
2017-11-20,21.56521987915039,21.711926106612378,21.29141743545528,21.38791425301468,28639000
2017-11-21,21.699378967285156,21.826472216916972,21.567576620512128,21.660937052586196,20903000
2017-11-22,21.603660583496094,21.787240505181348,21.509516074698396,21.733107599669697,18642000
2017-11-24,22.153621673583984,22.201477289413997,21.693099844478795,21.705652946670657,11572000
2017-11-27,22.329357147216797,22.412518273241165,21.94885852147722,21.98730043470378,26230000
2017-11-28,21.762922286987305,22.35132141640022,21.718988676860647,22.348183515159228,26796000
2017-11-29,21.300046920776367,21.820975905260322,20.779902037462012,21.8099925033808,47231000
2017-11-30,21.805286407470703,21.83745101557443,21.189428808083967,21.322013731853332,31452000
2017-12-01,21.304759979248047,21.614650607536127,20.715576632641437,21.591114099031085,47729000
2017-12-04,20.681053161621094,21.536977471864393,20.408820395223408,21.489121858093206,48439000
2017-12-05,20.527286529541016,20.877971335245665,20.43314200347423,20.606524153141343,38117000
2017-12-06,20.703022003173828,20.74460181839629,19.942810342089754,20.306048267960715,48751000
2017-12-07,20.703022003173828,21.6295544215243,20.52885574365057,21.566007798533253,79282000
2017-12-08,20.390771865844727,20.942298698100686,20.342916260818946,20.850507993510725,41848000
2017-12-11,20.3939151763916,20.676345750564618,20.302908555430534,20.3460580658063,34941000
2017-12-12,20.295846939086914,20.46687377092166,20.062056100091016,20.34762604789383,28541000
2017-12-13,20.557096481323242,20.655948603650124,20.411958443739017,20.430003246923043,26943000
2017-12-14,20.34605598449707,20.63319412950669,20.1389395529816,20.581415021627826,37595000
2017-12-15,20.84737205505371,20.868554757549266,20.261326763059728,20.527283703250816,45091000
2017-12-18,20.879749298095703,21.047172603022176,20.73759862909089,20.855268973921262,29786000
2017-12-19,20.82526206970215,20.950828436962038,20.633356906356642,20.793672023347444,19094000
2017-12-20,20.97846794128418,21.03453981891361,20.75260484489674,21.017955497282983,19845000
2017-12-21,20.653884887695312,21.026638921026883,20.61755754706452,21.002946391243672,17758000
2017-12-22,20.71864891052246,20.79920112249341,20.43039650212593,20.67679194647719,14617000
2017-12-26,20.383014678955078,20.718652212636396,20.01105129577771,20.314307970833358,22256000
2017-12-27,20.46356201171875,20.66020445621237,20.414598348817957,20.44144958412435,35615000
2017-12-28,20.56622886657715,20.596238808176686,20.4185485626921,20.54569654142816,13641000
2017-12-29,20.288244247436523,20.68705880973288,20.267710415120227,20.514896664443047,17980000
2018-01-02,21.086658477783203,21.12535522144631,20.341150422209267,20.514891119147133,33135000
2018-01-03,21.317270278930664,21.380448880568412,21.009274784233725,21.108780742896425,31161000
2018-01-04,21.324373245239258,21.461786632327833,21.198805372324983,21.44836101332535,19067000
2018-01-05,21.450729370117188,21.65921884466496,21.279356541108328,21.47836990603858,28633000
2018-01-08,21.50206184387207,21.524174273545675,21.24855820188645,21.395447698104494,20971000
2018-01-09,21.204330444335938,21.62683746076134,21.179848613929718,21.564448182868322,26027000
2018-01-10,20.756555557250977,21.01795671604704,20.590710825031678,21.00532039613543,31607000
2018-01-11,20.809465408325195,20.837105943561433,20.655467710210086,20.814993515372443,17726000
2018-01-12,20.871856689453125,20.953198198240045,20.691797037273147,20.800780590239782,19881000
2018-01-16,20.789724349975586,21.085874260908025,20.664156474430595,20.94214195779175,33528000
2018-01-17,20.991893768310547,21.048754945736164,20.569386705850064,20.96583333675897,37365000
2018-01-18,21.306995391845703,21.32752922050398,20.886857772773276,20.96425126723207,30319000
2018-01-19,21.03769874572754,21.278567567843407,21.012427613397463,21.255665839528064,29963000
2018-01-22,20.699697494506836,21.067712856661327,20.5820271137893,20.97926312284838,27230000
2018-01-23,20.76207733154297,20.88132625671732,20.383795224418343,20.670467429295144,35398000
2018-01-24,20.285079956054688,20.7912978300235,20.217162577073708,20.60965962421276,45405000
2018-01-25,19.52931022644043,20.362478901780648,19.506408496376515,20.354581389893966,59520000
2018-01-26,19.80571746826172,19.81835228246721,19.367415341710267,19.697523210422904,49014000
2018-01-29,19.38557243347168,19.703043861534386,19.22920536963333,19.607485960361647,50401000
2018-01-30,19.030988693237305,19.350831154228068,18.717465145690056,19.052311825229303,46002000
2018-01-31,19.58774757385254,19.991300891469457,19.33740265395521,19.743325375473464,80482000
2018-02-01,18.858034133911133,19.41953464803532,18.803542363943787,19.08942683147508,66851000
2018-02-02,18.596633911132812,18.792487066594944,18.486861066655617,18.69850924444592,58352000
2018-02-05,18.013818740844727,19.269494988860387,17.97433267268703,18.533464074070423,70776000
2018-02-06,18.983606338500977,18.985186443536797,17.761099106031878,17.81796029287373,77744000
2018-02-07,18.74668312072754,19.198409299656344,18.716673181606794,18.855665156832796,40475000
2018-02-08,18.129905700683594,18.836715771842282,18.125166891757903,18.74747673942215,43200000
2018-02-09,18.59821319580078,18.726150471305463,17.867710708576396,18.384195606135084,43282000
2018-02-12,19.301082611083984,19.386373652319737,18.756166202797512,18.78459604777718,35063000
2018-02-13,19.416379928588867,19.42980554903794,18.95833475350784,19.03335886185598,23719000
2018-02-14,19.55853271484375,19.636715529193427,19.228423314543672,19.348463096470972,25491000
2018-02-15,19.887849807739258,19.888639107053873,19.303447473790943,19.686467016578828,25540000
2018-02-16,19.655664443969727,19.930491188534383,19.58853786248649,19.84362158345585,32639000
2018-02-20,19.713315963745117,20.196632196250253,19.54747274917815,19.644609273953627,41693000
2018-02-21,19.63434410095215,20.01736513947827,19.620918481491778,19.939971632480187,28156000
2018-02-22,19.691991806030273,19.9881416791172,19.60670079923604,19.673828887076407,19342000
2018-02-23,20.036317825317383,20.14056256581873,19.766228357856832,19.91233005944611,18280000
2018-02-26,19.97629737854004,20.093967734475207,19.82229967619633,19.89811307222768,28878000
2018-02-27,19.886260986328125,20.19109758705487,19.87599407455269,19.908373407816295,21176000
2018-02-28,19.46376609802246,20.097921516101874,19.425858635958328,20.06554366912307,28834000
2018-03-01,19.21500015258789,19.673836205537107,19.05705439863172,19.416382984725143,26044000
2018-03-02,19.81203842163086,19.836520261406637,18.971762874704176,18.987556395288006,27402000
2018-03-05,19.504825592041016,19.849149830658426,19.223679933152944,19.735427483367918,25900000
2018-03-06,19.819141387939453,19.84599111897108,19.531678301274283,19.68883471012268,30030000
2018-03-07,19.510353088378906,19.69594081953061,19.295546225280575,19.639868946826546,31549000
2018-03-08,19.502456665039062,19.609070803369672,19.42111365795886,19.605912100250396,33554000
2018-03-09,20.04184913635254,20.081335193404218,19.55616340439356,19.631187515310362,30782000
2018-03-12,20.757343292236328,20.872644242416353,20.50304885868863,20.58439186696629,53881000
2018-03-13,20.629409790039062,21.626843175557283,20.55122697694717,21.040860701862876,66855000
2018-03-14,20.57965850830078,20.717861222749164,20.15004313177798,20.69101148558249,39619000
2018-03-15,21.14588737487793,21.235917178448588,20.809462196134906,20.827625112888658,57990000
2018-03-16,20.127925872802734,20.81736369352687,20.091598526040624,20.769978625962814,113955000
2018-03-19,19.344512939453125,20.255864406268525,19.172350798362686,19.988144331159656,71267000
2018-03-20,19.139976501464844,19.589334946536336,19.054685460853143,19.356363560417464,61918000
2018-03-21,19.71210289001465,20.07990158381241,19.236127840093783,19.277795735895985,54912000
2018-03-22,19.517385482788086,19.769796976892543,19.351514766702998,19.393983526726736,43078000
2018-03-23,19.430042266845703,19.649599963148226,19.264173079510602,19.502159836423726,59070000
2018-03-26,19.850725173950195,19.93886766616307,19.27218298754293,19.84591692924312,48713000
2018-03-27,19.58148956298828,20.373178033466697,19.359527746312786,19.87877393599739,63917000
2018-03-28,18.96528434753418,19.78662311703377,18.878743574723487,19.558251336045135,41744000
2018-03-29,18.88274574279785,19.29862216201567,18.811429061834467,19.07826367449649,46874000
2018-04-02,18.244115829467773,18.92041728290998,18.0646242539111,18.74653481908945,53088000
2018-04-03,18.973299026489258,18.989325492993473,18.206451097515014,18.49892723356107,45569000
2018-04-04,18.99012565612793,19.064647347087796,18.389949332890755,18.434019821596998,37720000
2018-04-05,18.935636520385742,19.365936249366644,18.830665162698907,19.29221695658736,35798000
2018-04-06,18.33946418762207,18.95406519274944,18.25051929656872,18.728898410248327,30248000
2018-04-09,18.809833526611328,19.204074506325448,18.37071813604318,18.42841096874363,37494000
2018-04-10,19.211288452148438,19.3563244673416,19.04381599386984,19.196062849558714,33244000
2018-04-11,19.2569580078125,19.28901093573317,18.997335710799526,19.080671489351996,19922000
2018-04-12,19.185644149780273,19.442862341903435,18.998938735808668,19.345904215209387,41036000
2018-04-13,19.787424087524414,20.19288479680563,19.623957503178328,20.032623199859607,48312000
2018-04-16,19.982141494750977,20.023809388282377,19.686460387815888,19.95970505426237,25172000
2018-04-17,20.172060012817383,20.261004952502308,20.00378662874786,20.103949794037415,25084000
2018-04-18,19.99976921081543,20.166440780948594,19.829091788562916,20.11275380368942,20511000
2018-04-19,19.460491180419922,19.73453823977514,19.284204644103948,19.514980552057015,50141000
2018-04-20,19.00054168701172,19.359526245224824,18.83146599867454,19.32907657346219,41530000
2018-04-23,18.706457138061523,19.096693652943223,18.599884080623077,19.07024984052676,31337000
2018-04-24,18.30100440979004,18.920412185630127,18.164782506453406,18.889962511784628,44889000
2018-04-25,18.34988021850586,18.518155026797555,18.098271163276312,18.34988021850586,34023000
2018-04-26,18.463668823242188,18.580659274557853,18.293792256559605,18.510144963524606,32751000
2018-04-27,18.65277671813965,18.766562181148064,18.486105140119882,18.716080188869213,27211000
2018-04-30,18.383533477783203,18.760147695725053,18.295390992867755,18.63674577145535,39682000
2018-05-01,18.46046257019043,18.49812308169004,18.138337654574038,18.49812308169004,44947000
2018-05-02,18.329044342041016,18.705657004816384,18.173591032964016,18.69443878780536,52950000
2018-05-03,18.04939079284668,18.26013435209596,17.843455478240863,18.148753030850816,58011000
2018-05-04,18.471681594848633,18.597486140854794,17.78736709971553,17.921184878561103,51303000
2018-05-07,18.908390045166016,18.982911723986213,18.51014175517119,18.53417992175549,36953000
2018-05-08,19.1391658782959,19.147979974581997,18.81624013248399,18.889959418120142,40149000
2018-05-09,19.075063705444336,19.161604477129572,18.75454204580128,18.894769794280172,35031000
2018-05-10,19.51258087158203,19.53020907071647,19.119941545603506,19.20968732791443,25747000
2018-05-11,19.502153396606445,19.591900660727383,19.359521562517138,19.47811523359672,24052000
2018-05-14,19.612743377685547,19.906020418985435,19.535817550552643,19.734542094523253,27580000
2018-05-15,19.357927322387695,19.587099994379702,19.11112492521844,19.416422551837965,24984000
2018-05-16,19.272184371948242,19.40840626428193,19.150385686404185,19.402797154509972,29330000
2018-05-17,19.187246322631836,19.364335250316415,19.071056740862605,19.080673231463905,22825000
2018-05-18,18.90999412536621,19.280997749559788,18.901178500309676,19.220098409060018,25262000
2018-05-21,19.155195236206055,19.27138329152448,18.96448396260155,19.18804750398824,25720000
2018-05-22,19.11031723022461,19.341091549427418,19.037397289409178,19.25054494647067,19218000
2018-05-23,19.276195526123047,19.281804637437876,18.91320502053886,18.929229961175363,23454000
2018-05-24,19.51418113708496,19.58068959866703,19.231319959154092,19.3002325435891,22799000
2018-05-25,20.03502655029297,20.087111796548086,19.555044171080745,19.555044171080745,32214000
2018-05-29,20.007783889770508,20.12156935562027,19.910024890292366,19.923647233871446,28281000
2018-05-30,19.98454475402832,20.195286806889,19.9789356441485,20.12717662359628,26844000
2018-05-31,20.198495864868164,20.456514951815706,19.952494335559933,19.973329048231825,34698000
2018-06-01,20.540653228759766,20.649630453241706,20.23615646938727,20.382795738463184,26360000
2018-06-04,20.703317642211914,20.782647584752198,20.531837806104896,20.673668830819196,25886000
2018-06-05,20.774633407592773,20.9421058551214,20.676874407800174,20.790658345647984,42374000
2018-06-06,21.115991592407227,21.136826307701323,20.810695459474307,20.89322887060961,37465000
2018-06-07,21.208940505981445,21.35317564668375,21.067910352881956,21.07432032808758,46077000
2018-06-08,20.671262741088867,20.828317813183514,20.33231050715817,20.572701360306077,73694000
2018-06-11,20.90043830871582,20.978164990962355,20.539049585184255,20.66245001629533,31859000
2018-06-12,20.94851303100586,20.9725527274282,20.705718057774437,20.86037053419278,27594000
2018-06-13,21.12079620361328,21.32032158096658,20.89082115186428,20.97495933512773,34868000
2018-06-14,21.511831283569336,21.560710012993532,21.162461696655946,21.23457925791451,37042000
2018-06-15,21.65366554260254,21.780270962029896,21.341155553991538,21.63843994065733,60969000
2018-06-18,21.194515228271484,21.555101516453675,21.172879653604923,21.555101516453675,30191000
2018-06-19,21.190458297729492,21.20507647133177,20.63826523120947,20.78849414752709,36221000
2018-06-20,21.212385177612305,21.43975989907702,21.17340647691966,21.235122494872417,24951000
2018-06-21,21.084890365600586,21.322008951767167,20.986632024290646,21.241616749062974,18186000
2018-06-22,21.089757919311523,21.235114061373014,21.028853530059422,21.20912878751913,52412000
2018-06-25,20.497777938842773,20.82259780921413,20.336178833603164,20.82259780921413,29705000
2018-06-26,20.426313400268555,20.675613755439038,20.3459212108343,20.54487267378185,24233000
2018-06-27,20.066579818725586,20.720280704510962,20.04546571317692,20.47098030201706,24720000
2018-06-28,19.887117385864258,20.083634085888136,19.673547698976915,19.99918075603188,33238000
2018-06-29,19.70359230041504,20.053585850216944,19.697907971980158,20.053585850216944,42794000
2018-07-02,19.655677795410156,19.669482811834825,19.279699032703252,19.496516627700167,33369000
2018-07-03,19.431560516357422,19.7645011558405,19.408010044063577,19.762064793267776,11591000
2018-07-05,19.92771339416504,19.94476637465519,19.544425586352585,19.634563211475648,25299000
2018-07-06,20.112863540649414,20.18757295628772,19.8481349431151,19.887113633981762,23112000
2018-07-09,20.092561721801758,20.238731031797588,19.938271722488036,20.220053291480124,17955000
2018-07-10,20.34673500061035,20.44742969814606,20.061705441236565,20.166459709347567,16413000
2018-07-11,19.7685604095459,20.101501043673128,19.701160058618363,19.89118084759698,35761000
2018-07-12,17.05143165588379,17.075793722636217,16.03474556567928,16.81593787272916,435083000
2018-07-13,16.44077491760254,17.377880664175322,16.395300287140188,17.256073397027812,161678000
2018-07-16,16.504924774169922,16.7590963228629,16.28404603994085,16.3709357165452,102277000
2018-07-17,16.915822982788086,16.979163750201433,16.404231863644043,16.420473244915502,110827000
2018-07-18,16.953989028930664,17.043315071554716,16.7793980631818,16.82730905077526,80834000
2018-07-19,17.083101272583008,17.173238897947112,16.893893729506964,16.914194675545303,63247000
2018-07-20,17.07986068725586,17.15132060577916,16.952367531365205,17.06118294146674,62893000
2018-07-23,17.59876251220703,17.75467577948897,17.08554652307626,17.08635812765844,82211000
2018-07-24,17.64910316467285,17.896778789798752,17.540289325667953,17.686458648618537,81158000
2018-07-25,18.34990119934082,18.567530400337414,17.679147460847293,17.679147460847293,92271000
2018-07-26,18.123336791992188,18.658476640716767,17.99259573246862,18.39293650108047,85069000
2018-07-27,17.950368881225586,18.619499296059796,17.87078831042422,18.19073535070969,79443000
2018-07-30,18.28656005859375,18.51637106278492,17.950371592186467,17.95524431529958,75275000
2018-07-31,18.00884437561035,18.58296468662388,17.990166631322918,18.40756054802871,63860000
2018-08-01,17.605249404907227,18.185052295867273,17.556526824316453,18.129833784227838,42669000
2018-08-02,17.56871223449707,17.72381386302546,17.31697702061346,17.399805586794596,40312000
2018-08-03,17.687273025512695,17.702701254798324,17.410364111935422,17.519991121332822,24832000
2018-08-06,17.61743927001953,17.72787790238594,17.528926352977567,17.591453982791627,22638000
2018-08-07,17.890281677246094,18.014525283786156,17.632862170372753,17.801768794742042,29798000
2018-08-08,17.82125473022461,17.96498766678985,17.7798412316106,17.90895754814366,15801000
2018-08-09,17.587385177612305,17.885406542961398,17.53541308157779,17.87728585455404,27563000
2018-08-10,17.234149932861328,17.416861631832404,17.0904169361859,17.281249327207206,37017000
2018-08-13,17.140758514404297,17.376253857815524,17.089599565725802,17.187046288587062,29842000
2018-08-14,16.83380889892578,17.181367702557505,16.796454954705805,17.181367702557505,36327000
2018-08-15,16.775341033935547,16.856544849863134,16.4659493530246,16.657593332431638,41132000
2018-08-16,16.946687698364258,16.960492723025304,16.784278467927457,16.871979793113404,29239000
2018-08-17,16.993778228759766,17.14969144224087,16.688447733940844,16.88821236154707,39093000
2018-08-20,16.786710739135742,17.05306261753694,16.716874028127567,17.01083594912079,54489000
2018-08-21,17.094472885131836,17.169992355511507,16.818375634404987,16.851669997079448,29952000
2018-08-22,16.85329246520996,17.19191730717949,16.844360171708495,17.089599410750363,26890000
2018-08-23,16.6949462890625,16.978352670208608,16.669772611973205,16.868725666535248,35578000
2018-08-24,16.971853256225586,16.993778964237073,16.621048123494738,16.75666039324988,20541000
2018-08-27,17.294240951538086,17.407927530729268,16.941811007181943,17.073362177713605,28213000
2018-08-28,17.412796020507812,17.53703962294079,17.26175398871791,17.429035850111752,24340000
2018-08-29,17.458271026611328,17.524046597333168,17.333214268289524,17.44365440521349,18125000
2018-08-30,17.593074798583984,17.61662371784743,17.427416112723584,17.456649360696368,26529000
2018-08-31,17.786340713500977,17.809889631094602,17.528108028886404,17.542726200699654,27623000
2018-09-04,17.81882667541504,17.888661836371956,17.63205386326299,17.750613174623176,36663000
2018-09-05,17.980419158935547,18.011277159226143,17.831001880913483,17.861048276919973,37194000
2018-09-06,17.537853240966797,18.094107351997774,17.37138296472264,17.986916719988237,62509000
2018-09-07,18.88667106628418,19.11648213828736,18.18993186117521,18.206173243769367,104703000
2018-09-10,19.538745880126953,19.566354367785532,18.84362998757264,19.055574887584537,60880000
2018-09-11,18.884235382080078,19.46485166532951,18.709645933946188,19.30244248014684,60755000
2018-09-12,18.668230056762695,18.746185904657256,18.09492288562306,18.52287231673748,53077000
2018-09-13,19.117292404174805,19.42587245640318,18.76811044716746,18.97680739741268,43757000
2018-09-14,19.192005157470703,19.252908025199776,18.976810688009746,19.096183158667852,28095000
2018-09-17,19.06938362121582,19.513576007431706,19.027156953856174,19.489213932425294,36739000
2018-09-18,19.613445281982422,19.75007573412178,19.215825635962542,19.226461950570126,50511000
2018-09-19,19.7819881439209,19.839258216469553,19.616721071075926,19.67399270411702,31160000
2018-09-20,20.038877487182617,20.12969186767426,19.776252960080722,19.88015674574736,39986000
2018-09-21,20.298236846923828,20.35305382209322,20.05933795251958,20.153424717604075,135321000
2018-09-24,20.4086856842041,20.46186569964273,20.23360313506335,20.29414555294452,45326000
2018-09-25,20.261423110961914,20.400508253686656,20.1100662546267,20.37023781871516,47037000
2018-09-26,20.079790115356445,20.294145573204514,20.028247056238175,20.096971135062535,33428000
2018-09-27,20.16324806213379,20.280242882299905,20.037252319999524,20.101068669494584,29572000
2018-09-28,20.18614959716797,20.205785270653912,19.950523075828873,20.08879048814882,26739000
2018-10-01,20.413599014282227,20.62877221224495,20.26305985761692,20.280240880690496,27709000
2018-10-02,20.298236846923828,20.593588112477242,20.28351048064412,20.38332425264252,24888000
2018-10-03,20.406230926513672,20.562497059294273,20.211512704358835,20.356324824071503,19607000
2018-10-04,20.3039608001709,20.431591889553527,20.142786932831825,20.18042132110703,25660000
2018-10-05,19.98161506652832,20.45777591212228,19.831893624115907,20.321964698879327,33860000
2018-10-08,19.747621536254883,20.078971769092064,19.666625748967785,19.9063423191723,33397000
2018-10-09,20.020063400268555,20.104333094519962,19.6658067262532,19.683805442106237,24675000
2018-10-10,18.967111587524414,20.05033825547629,18.951565963024283,19.875254138063568,56327000
2018-10-11,18.727392196655273,19.275550979316492,18.58748938789421,18.97856434248146,37424000
2018-10-12,19.058744430541992,19.281280007016264,18.74457518096739,19.206828915522305,32589000
2018-10-15,19.019479751586914,19.253470984717,18.820669831526896,18.90166721697387,30099000
2018-10-16,19.49808692932129,19.534084361642556,19.159372750808863,19.308276469793064,30355000
2018-10-17,19.40399742126465,19.614262798597803,19.13810050313214,19.614262798597803,20262000
2018-10-18,18.655399322509766,19.375368435509365,18.533495207751393,19.26164598300573,37442000
2018-10-19,18.676671981811523,18.906571561065203,18.566223433225627,18.817394087753748,32231000
2018-10-22,18.704486846923828,19.01620145390258,18.657035392790192,18.863207654041695,25619000
2018-10-23,18.739669799804688,18.7797588541351,17.902704287038873,18.229145289936238,35990000
2018-10-24,17.89370346069336,18.523677383841875,17.822524718560366,18.522858125305497,37810000
2018-10-25,18.18250846862793,18.2765952317971,17.929700911080264,17.98942563346551,35193000
2018-10-26,17.43881607055664,17.781618857255616,17.11564740256998,17.636806698426803,53324000
2018-10-29,17.303817749023438,17.892065636003526,17.036283815349204,17.687528779489085,28636000
2018-10-30,18.08187484741211,18.12687320234224,17.262909781259015,17.490354649748962,29697000
2018-10-31,18.284778594970703,18.46313352026233,18.139147196577824,18.40831810159889,28146000
2018-11-01,18.80756950378418,19.163463116985916,18.303589879085695,18.421403905830285,36830000
2018-11-02,18.062240600585938,18.487677640190896,17.815160038410642,18.43531687862062,40241000
2018-11-05,18.006603240966797,18.08923597487949,17.484624902386173,17.919061199160513,27609000
2018-11-06,18.674213409423828,18.74866449178365,17.976333213431484,18.023786220421208,29464000
2018-11-07,19.177370071411133,19.250184183195113,18.752750866912898,18.980195679941744,29004000
2018-11-08,19.655986785888672,19.849887278898994,19.039104014888565,19.039104014888565,29796000
2018-11-09,19.552906036376953,19.555360690952856,19.025200556838076,19.22646506664547,33611000
2018-11-12,18.29622459411621,18.970377328152598,18.022144499887684,18.899198616730484,50306000
2018-11-13,18.394407272338867,18.80266326194124,18.189052730607674,18.44840498661228,26697000
2018-11-14,18.50649642944336,18.86075318481971,18.45904341435086,18.55231248794959,25411000
2018-11-15,19.33609962463379,19.57908860793651,18.478680726843546,18.508133464064304,36694000
2018-11-16,19.44000244140625,19.570088218194723,18.952387543707324,19.129924776801833,36005000
2018-11-19,18.746212005615234,19.723897927205257,18.697941295135596,19.351640911861516,35326000
2018-11-20,18.630035400390625,18.742122449294776,18.210325361502434,18.321593151890763,32123000
2018-11-21,18.81739044189453,19.08819672293422,18.613671287253965,18.83538916060048,19926000
2018-11-23,18.809213638305664,19.037476275499063,18.619403102913537,18.619403102913537,8066000
2018-11-26,19.251829147338867,19.484183364485816,18.944206133365462,19.162651680567677,28714000
2018-11-27,19.294374465942383,19.502183713388906,19.01538646665588,19.110290948944964,30406000
2018-11-28,19.244462966918945,19.471907848365603,18.949930958720866,19.34918604824204,31080000
2018-11-29,19.290281295776367,19.523454772130826,19.043200709932268,19.166741783100587,17920000
2018-11-30,19.423635482788086,19.494814214422206,19.094741461009164,19.259189252144736,40083000
2018-12-03,19.804895401000977,20.211514460740002,19.755805431736285,20.06097532141151,35241000
2018-12-04,18.984289169311523,19.72798534388177,18.946654782826812,19.675623033540745,36455000
2018-12-06,18.59157943725586,18.592397135109078,17.803702587805866,18.509764397663446,57859000
2018-12-07,18.6995792388916,19.49481711604953,18.367411254994767,19.14874202341747,78396000
2018-12-10,19.574176788330078,19.661718851140527,18.53185681721116,18.649670871972624,43344000
2018-12-11,20.195148468017578,20.481500342238714,19.915341297969626,19.918615210548392,57730000
2018-12-12,20.861125946044922,21.287380752410726,20.617319257575506,20.653316701776383,68703000
2018-12-13,21.13274574279785,21.394552642080367,20.828395144357316,21.14583671195886,54355000
2018-12-14,20.848852157592773,21.401920343255487,20.832488833406263,20.892213562243793,42727000
2018-12-17,20.791580200195312,21.379828075134114,20.705675096735874,20.78012618640072,56238000
2018-12-18,20.64193344116211,21.131381308481966,20.570832543737612,21.08921561259318,51849000
2018-12-19,20.1640625,21.15949244172827,20.05079590310385,20.586541055989315,59728000
2018-12-20,19.998706817626953,20.545201908952652,19.714298506692046,20.206226878030606,75365000
2018-12-21,20.248395919799805,20.81307952946871,19.998711681141465,19.998711681141465,102138000
2018-12-24,19.329851150512695,20.148353535903432,19.305875413742772,20.0078027964555,28494000
2018-12-26,20.51543617248535,20.54520083988888,19.305047890723788,19.65890444924112,36741000
2018-12-27,20.73949432373047,20.77091162603392,20.019380045455033,20.25583533889446,37507000
2018-12-28,20.966028213500977,21.335594262832064,20.76512338105783,20.917248844401875,28702000
2018-12-31,21.023069381713867,21.371966426718924,20.7477553148513,21.316573402990596,26590000
2019-01-02,20.95941925048828,21.057804325380776,20.37902773238952,20.574145252610673,30346000
2019-01-03,19.095050811767578,20.383155360589477,19.042964609760347,20.21945519273696,68580000
2019-01-04,19.282730102539062,19.54895009202716,19.153754046715193,19.37036834609763,54248000
2019-01-07,19.675445556640625,19.86229517974418,19.078518340349433,19.31745417441865,53433000
2019-01-08,19.517532348632812,19.999538735037635,19.29430438276651,19.851546405811305,36795000
2019-01-09,20.361661911010742,20.394731842500605,19.664695482598546,19.711820647475903,52971000
2019-01-10,20.62952995300293,20.716340278057338,20.20291831162929,20.302955975585718,29594000
2019-01-11,20.71634292602539,20.910634077640903,20.612996837197763,20.622092605025486,20158000
2019-01-14,20.741153717041016,20.799855186233714,20.33024974043897,20.512966243660454,25498000
2019-01-15,21.20578956604004,21.679527971868787,20.835397243037473,20.897403946571536,39247000
2019-01-16,20.809770584106445,21.276895393720977,20.781660117140042,21.26449278950855,24484000
2019-01-17,21.10988998413086,21.276897015515672,20.563394773646436,20.674182443749547,35154000
2019-01-18,21.56378173828125,21.65637942855334,21.24795612158654,21.424057311398442,34634000
2019-01-22,21.35460662841797,21.451337457378283,21.074331491813865,21.330629317087187,37156000
2019-01-23,21.290952682495117,21.571226333770582,20.9709922708451,21.457959717271883,31771000
2019-01-24,21.78948974609375,22.05405549036368,21.49598722210281,21.58610439652878,35999000
2019-01-25,22.15243911743164,22.18302852217216,21.57121992719363,21.923423854432563,30333000
2019-01-28,22.125986099243164,22.227679570844288,21.38437500903405,21.62496503470146,31320000
2019-01-29,22.018505096435547,22.12433170980145,21.812639225662753,22.103662806653034,27870000
2019-01-30,22.390552520751953,22.63279516574959,22.105316284766296,22.322756875807816,28727000
2019-01-31,22.178071975708008,22.405433062738535,22.020985474313587,22.369054721116612,21063000
2019-02-01,22.05901527404785,22.289683184082893,21.90027615192353,22.252480106793747,22878000
2019-02-04,22.498029708862305,22.49968391487829,21.905237334894036,22.116062658912135,20761000
2019-02-05,22.322757720947266,22.705551134955183,22.31531615831692,22.48480370015777,22619000
2019-02-06,22.836177825927734,23.14952291425135,22.55011530912012,22.593107318093054,27064000
2019-02-07,22.247516632080078,22.70058610337139,22.01684717034161,22.55920748661892,28646000
2019-02-08,22.658418655395508,22.677434924688512,22.0796800482912,22.10200315204041,23903000
2019-02-11,22.79566764831543,22.818817071636985,22.593934931881066,22.686534202103477,18012000
2019-02-12,23.09908676147461,23.181763935169936,22.90644984561798,23.037906378330597,19809000
2019-02-13,23.258657455444336,23.328105724703615,22.981690692964268,23.14952401034085,19190000
2019-02-14,23.273542404174805,23.38433007152299,23.062717044972178,23.199133082824137,16015000
2019-02-15,23.30909538269043,23.48767713041438,23.049489062091457,23.48767713041438,17352000
2019-02-19,23.286773681640625,23.38350612457857,23.161930767446247,23.24460797475598,15152000
2019-02-20,23.432281494140625,23.69767516013181,23.3380311591438,23.418227836907796,16150000
2019-02-21,23.22723960876465,23.426490220912374,23.061058924417214,23.417396030190698,13254000
2019-02-22,22.860153198242188,23.149522545447496,22.708027751756617,23.145389395987685,27225000
2019-02-25,23.03377914428711,23.218148232426156,23.02385706088902,23.214013505364843,19245000
2019-02-26,22.73613739013672,22.98499524048371,22.69066486304668,22.97837999387729,27211000
2019-02-27,22.445945739746094,22.744409319691727,22.28803291543255,22.58897701618072,29146000
2019-02-28,22.765907287597656,22.79484407222778,22.209493131040986,22.320279227357307,31460000
2019-03-01,22.550119400024414,22.997401637389704,22.416183884764283,22.961851183436934,19035000
2019-03-04,22.72704315185547,22.866767567664137,22.393855494642196,22.736137341866964,17382000
2019-03-05,22.902315139770508,23.185897085109115,22.69727563678878,22.77747228482021,21699000
2019-03-06,22.434370040893555,22.89570746647364,22.36244124852778,22.87338435716862,19973000
2019-03-07,21.951539993286133,22.35004286487507,21.83331233915848,22.337640259941107,25411000
2019-03-08,21.842405319213867,21.889530484538184,21.429847236221374,21.624964722364737,22167000
2019-03-11,22.245037078857422,22.368225744641556,21.83082644553918,21.900274708332272,27161000
2019-03-12,22.29216766357422,22.32523917406382,21.84902014618116,22.30291606217698,23324000
2019-03-13,22.42279052734375,22.577396476327703,22.241728324855142,22.364916980009845,32089000
2019-03-14,22.17393684387207,22.50960505812176,22.148306899982867,22.495549825864057,43094000
2019-03-15,24.000267028808594,24.765855304845246,23.438891975564424,23.683615109401824,144066000
2019-03-18,24.293773651123047,24.553378358003528,23.993655875076904,23.9953100812018,56746000
2019-03-19,24.746013641357422,24.88408386222157,24.316093540916643,24.320228267481422,51556000
2019-03-20,24.276384353637695,24.94120423767355,24.214655863123422,24.857788519616616,41263000
2019-03-21,24.757692337036133,24.97206990137746,24.273883054051897,24.347288062779807,27379000
2019-03-22,24.411514282226562,24.727658380248435,24.307245040848834,24.684282337650764,23307000
2019-03-25,24.370647430419922,24.539146289494695,24.107054730504778,24.373983805200197,23878000
2019-03-26,24.776878356933594,24.98041311447161,24.5433162284808,24.55499433490344,28009000
2019-03-27,24.688457489013672,24.914513159913838,24.395669557837287,24.82192200956611,21862000
2019-03-28,24.94704246520996,25.29988987493708,24.66342998780893,24.78354899968398,33030000
2019-03-29,25.08384895324707,25.247344046334558,24.8811494675518,25.126391311671632,24493000
2019-04-01,25.507596969604492,25.587674727045385,25.003767849404063,25.28404397800364,27040000
2019-04-02,25.279037475585938,25.637723953711316,25.242334177366097,25.53845846846123,22857000
2019-04-03,25.374967575073242,25.64189663029457,25.176438175414344,25.543466421855005,22266000
2019-04-04,25.191455841064453,25.525117181199704,25.163927965104126,25.420847912968515,15228000
2019-04-05,25.38163948059082,25.394986569317368,25.17476994697638,25.35828326858633,18875000
2019-04-08,25.398324966430664,25.466726216189837,25.19145541634142,25.369963395017216,13899000
2019-04-09,25.312402725219727,25.367456876856917,25.048810072198552,25.239831415835358,11621000
2019-04-10,25.651073455810547,25.672762278016055,25.274869761137662,25.32492015498602,14992000
2019-04-11,25.809555053710938,25.87461831777719,25.54429345938947,25.70445212359364,16669000
2019-04-12,26.4451847076416,26.479385328648988,25.906321275887294,25.971386143588116,30087000
2019-04-15,26.39263343811035,26.486059874741724,26.123201720133146,26.4451849137653,16216000
2019-04-16,26.567806243896484,26.693762726340257,26.367609467090272,26.69292903052255,21116000
2019-04-17,26.737140655517578,26.771341276685593,26.512752378358567,26.712947566315826,18138000
2019-04-18,26.57781410217285,26.897294597634804,26.53944341309079,26.779679852032025,26548000
2019-04-22,26.27585220336914,26.51692235129234,26.209119943953866,26.4693762329802,13504000
2019-04-23,26.329235076904297,26.533603498479806,26.208283961096775,26.422661504750987,19777000
2019-04-24,26.219970703125,26.44352374675017,26.124876852450434,26.24082424092539,23335000
2019-04-25,26.010591506958008,26.10485164222242,25.572660939118265,26.10485164222242,26732000
2019-04-26,25.892974853515625,25.938018291678347,25.450872656751493,25.787871906780108,16404000
2019-04-29,26.08566665649414,26.248326452527213,25.895480576850908,25.962212841659927,13404000
2019-04-30,26.55946922302246,26.561136614953593,26.06982080837603,26.13571938318096,18953000
2019-05-01,26.601171493530273,26.959857980804536,26.583654335278606,26.734636010978015,18158000
2019-05-02,26.34425163269043,26.875608583978508,26.211620818809994,26.691258403158564,20428000
2019-05-03,26.33507537841797,26.413487331354887,25.916330984347407,26.271681086867535,19214000
2019-05-06,25.989736557006836,26.019767107368075,25.47089297095899,25.59101199035888,14371000
2019-05-07,25.63271713256836,25.82707483992882,25.3357575716215,25.746161803922273,21734000
2019-05-08,25.307405471801758,25.66358936200689,25.28404925546194,25.466728915129618,15099000
2019-05-09,25.363290786743164,25.512603498918978,24.76186509433952,25.024624092800295,22282000
2019-05-10,25.354948043823242,25.475067074740824,24.746015930348896,25.29405483247581,21025000
2019-05-13,24.472410202026367,24.66426683667039,24.040318710462113,24.509113500927597,37864000
2019-05-14,25.191455841064453,25.40833451888529,24.64758698158147,24.665104142275215,34277000
2019-05-15,25.389148712158203,25.672761235018992,24.90867576968869,25.047145656535957,18166000
2019-05-16,24.798568725585938,25.283211763392583,24.582522152261923,25.003770887691417,34233000
2019-05-17,24.181285858154297,24.488254495754482,24.057830492002548,24.42235594803054,39094000
2019-05-20,22.738203048706055,23.35214040348475,22.4087118584,23.18947904765928,65162000
2019-05-21,22.966764450073242,23.337962751028897,22.910041312308266,23.113574469542705,25060000
2019-05-22,22.45709800720215,22.944243708897506,22.436242881337233,22.562200968343145,31809000
2019-05-23,21.695510864257812,22.145953172616313,21.53535218482154,22.070045493645633,46607000
2019-05-24,21.349342346191406,22.166813075212925,21.332658880450676,21.913231078249822,27963000
2019-05-28,21.227554321289062,21.49865505070464,20.861361344519057,21.40189222946917,61965000
2019-05-29,21.197528839111328,21.385212276888502,20.985653896541148,21.082415142644148,28132000
2019-05-30,21.406057357788086,21.466115265992737,21.197518888353937,21.242562319507428,17310000
2019-05-31,20.99064826965332,21.332651239728712,20.93726310763139,21.107430896987516,22192000
2019-06-03,21.119115829467773,21.54870471568431,20.953953342840517,21.06656275511213,28911000
2019-06-04,22.163476943969727,22.18850214285599,21.33432809801729,21.434425711516592,36805000
2019-06-05,22.165143966674805,22.64811801158907,21.888204184508538,22.439579479048756,23651000
2019-06-06,22.75489044189453,22.93923906863155,22.12844113499846,22.273583778547252,32687000
2019-06-07,22.928394317626953,23.178641512917235,22.795763479135605,22.92088787229212,25963000
2019-06-10,23.37383270263672,23.754206462470947,23.08271372708751,23.083547422999473,23280000
2019-06-11,23.64659881591797,24.3364439400005,23.307098458889946,24.231340987190926,37105000
2019-06-12,23.333791732788086,23.619906926003466,23.14026769340248,23.49561782802374,27057000
2019-06-13,23.490612030029297,23.59738396668774,23.140267259221716,23.48310558533254,37735000
2019-06-14,22.182661056518555,22.36283801712786,21.476966104605594,21.53035287246711,100797000
2019-06-17,22.18599510192871,22.41371975305496,21.799782328751405,22.09173496990997,35785000
2019-06-18,23.193649291992188,23.608223561194958,22.226864597298363,22.36783712732938,54920000
2019-06-19,23.146942138671875,23.27873768208862,22.831631678492553,23.254547773688895,28920000
2019-06-20,23.277070999145508,23.81092912011613,23.119414968743833,23.56568729005947,57291000
2019-06-21,23.07411003112793,23.664458436613327,23.071583358071255,23.29475300066666,45399000
2019-06-24,23.512868881225586,23.533922346518448,23.1591652029656,23.202957117536386,20506000
2019-06-25,23.286331176757812,23.822782575288024,23.245065931682653,23.509502424519876,24436000
2019-06-26,23.701513290405273,23.919631204811743,23.42023497131531,23.46065852982768,24774000
2019-06-27,24.061113357543945,24.291863044139404,23.7680449518587,23.826995308602655,21813000
2019-06-28,24.24217414855957,24.363444820981012,23.986160961686455,24.24217414855957,49265000
2019-07-01,25.294023513793945,25.748786154853047,24.95547820628684,25.406029189774994,44832000
2019-07-02,24.871261596679688,25.320969235461906,24.750832618792643,25.170225000290174,19011000
2019-07-03,23.99205207824707,24.319648929281016,23.834569531376935,23.891836496157477,49411000
2019-07-05,23.80425453186035,24.038372542156075,23.746145873725588,23.887626706557022,24565000
2019-07-08,23.15579605102539,23.680455712838835,23.107792481268405,23.580240129196927,34291000
2019-07-09,23.203798294067383,23.241695173268376,22.94104681244402,23.02863063965181,26131000
2019-07-10,23.117055892944336,23.479179635026966,23.074947360416395,23.40001752140597,30134000
2019-07-11,23.24843978881836,23.365498819691688,22.986529925214167,23.179382734982998,20712000
2019-07-12,24.03415870666504,24.079635602396653,23.275381070454717,23.275381070454717,21971000
2019-07-15,24.282596588134766,24.800519579517395,24.19248608005544,24.515031229770287,30334000
2019-07-16,23.928050994873047,24.23627779283293,23.78151681172191,24.16890573613957,14617000
2019-07-17,24.008054733276367,24.194170782198057,23.848888791966857,24.04847828841811,15453000
2019-07-18,24.40386962890625,24.44766155070067,23.900261725132054,24.10069453859461,19357000
2019-07-19,24.42239761352539,24.68851751949842,24.382815741046215,24.576511839441082,22047000
2019-07-22,24.940324783325195,25.26371172235377,24.611044413811413,24.675046522746598,33905000
2019-07-23,25.330236434936523,25.463297191569996,25.198018973617188,25.222442412191416,19692000
2019-07-24,25.582040786743164,25.675519669224467,25.30665587971791,25.365607843185266,19006000
2019-07-25,25.297395706176758,25.443929928807673,25.214023506459185,25.443929928807673,15741000
2019-07-26,25.342023849487305,25.518876511671994,25.30918031142961,25.398449134609365,14996000
2019-07-29,25.411083221435547,25.479296976922775,25.008534200721723,25.36813298694823,12068000
2019-07-30,25.227489471435547,25.34286509921465,25.02031996103835,25.187909212426455,11164000
2019-07-31,24.421546936035156,25.334438671397,24.141952077038194,25.267066629096988,20819000
2019-08-01,24.029953002929688,25.080957471188245,23.775623192668636,24.34912820075659,21911000
2019-08-02,23.456451416015625,23.903634076288203,23.235806800787437,23.754573189530678,20080000
2019-08-05,22.54102897644043,22.926734539849637,22.239538889135158,22.902311104076297,27765000
2019-08-06,22.43828582763672,22.921681937268225,22.27996156268886,22.749040928478877,22199000
2019-08-07,22.74230194091797,22.967156572215522,22.148585161376616,22.235327310887854,22244000
2019-08-08,22.820627212524414,22.953687982535744,22.106482905516067,22.770098558497924,29163000
2019-08-09,23.22064208984375,23.62655938775186,22.702719136440805,22.702719136440805,30735000
2019-08-12,23.213062286376953,23.42949518717247,22.951995781995286,23.022736196647248,20040000
2019-08-13,23.891836166381836,24.043422070642727,22.909044020568977,23.184428854725656,22340000
2019-08-14,22.869468688964844,23.592876274964855,22.770094775664955,23.47834392860301,27108000
2019-08-15,22.623559951782227,22.972210327648906,22.304384752240228,22.9065232507758,20010000
2019-08-16,23.056428909301758,23.222333214288685,22.90484134992502,22.91915809553521,17458000
2019-08-19,23.47749900817871,23.586136304159364,23.210537466406365,23.538134338357377,17489000
2019-08-20,23.61140251159668,23.997949747479428,23.328439230703673,23.4252864619006,17920000
2019-08-21,24.21185874938965,24.275862451551895,23.92131702265659,23.971003980418594,19381000
2019-08-22,24.221961975097656,24.372707821079544,23.963422119311055,24.28680896755498,12294000
2019-08-23,22.917478561401367,24.04175215663825,22.826526325400227,23.916271385146576,25742000
2019-08-26,23.346120834350586,23.407597847001277,23.159163123785977,23.32338238711407,14249000
2019-08-27,23.20716667175293,23.598767221675487,23.151584689304755,23.508658327898136,14298000
2019-08-28,23.24843978881836,23.27791496880252,22.777676991858296,23.102747267024185,17202000
2019-08-29,23.86404800415039,24.042584039969082,23.668668552092285,23.70572374656368,16429000
2019-08-30,23.802566528320312,24.07710805781953,23.57181690908647,24.03163116373475,16720000
2019-09-03,23.07916259765625,23.65182427240111,22.81641109650927,23.5802421654117,22210000
2019-09-04,23.83457374572754,23.946579416102733,23.428656393891835,23.47834334931584,19865000
2019-09-05,24.508296966552734,24.73230993741854,24.284285601963745,24.284285601963745,20938000
2019-09-06,24.583248138427734,24.70030716321569,24.363446833567984,24.57819479175691,13748000
2019-09-09,24.642200469970703,25.0287477894518,24.456085986300295,24.84347499486839,21686000
2019-09-10,24.79631233215332,24.797154021159756,24.323022893706387,24.536087470535822,20850000
2019-09-11,25.096956253051758,25.161801633005936,24.805571281409268,24.9546321289289,19260000
2019-09-12,25.313390731811523,25.46076660453352,24.967265443727012,25.384972839626055,33109000
2019-09-13,24.4493408203125,25.095271156671348,23.90783772751818,25.06663767294863,62557000
2019-09-16,24.309541702270508,24.445129093089424,24.060265285763222,24.15290245394401,22176000
2019-09-17,24.323863983154297,24.363445853355326,23.896051462027692,24.25565023094964,21912000
2019-09-18,24.23206329345703,24.486393041882398,23.906993139431812,24.29522528775761,16510000
2019-09-19,24.47629165649414,24.58661394510462,24.189118315555344,24.296072242160985,19421000
2019-09-20,24.159278869628906,24.51113739886408,23.951901909552113,24.44909468393276,35524000
2019-09-23,24.261266708374023,24.40574990250823,23.974000808954877,24.10488495546607,14850000
2019-09-24,23.993547439575195,24.553630717295405,23.775972419332216,24.419347223636823,20292000
2019-09-25,23.437713623046875,23.560100191798284,22.947321156236317,23.096053144937233,55588000
2019-09-26,23.53460693359375,23.683338949778367,23.175098550407622,23.39437250028477,27477000
2019-09-27,23.29918098449707,23.90601077384745,23.198892660590186,23.510806758094777,28660000
2019-09-30,23.463211059570312,23.518455063996388,23.159796183769,23.439413941551155,19826000
2019-10-01,23.35951805114746,23.767469942084986,23.234581589018514,23.650183246597017,19429000
2019-10-02,22.953269958496094,23.270282256845444,22.804537972887896,23.241386914682327,19543000
2019-10-03,23.323823928833008,23.32977320737379,22.711044997018686,22.947317271099404,17096000
2019-10-04,23.91876220703125,23.941709895864747,23.38927460097206,23.668892416356254,25884000
2019-10-07,23.464061737060547,23.88391230241347,23.431765415029002,23.79807246200106,18658000
2019-10-08,22.975366592407227,23.36377021652996,22.854680523549206,23.29237886845937,22757000
2019-10-09,23.21504020690918,23.36462162856242,23.119000679785106,23.260084520187878,16329000
2019-10-10,23.325525283813477,23.69353277986781,23.257533290231468,23.334873919509242,17340000
2019-10-11,23.87456512451172,24.14398484290866,23.719883839737733,23.753879031762416,23697000
2019-10-14,23.938310623168945,24.02244998777963,23.78702868105345,23.83292243782543,13312000
2019-10-15,24.674314498901367,24.69981210113266,23.98419496065284,24.021591119714046,21230000
2019-10-16,24.517932891845703,24.65561735087942,24.35305196293256,24.56212776329606,20046000
2019-10-17,24.598676681518555,24.792452965107454,24.504337651764256,24.659018905100485,13125000
2019-10-18,24.369203567504883,24.642020971693213,24.137180062021212,24.604626429459195,16981000
2019-10-21,24.61057472229004,24.808601413017534,24.397248496472322,24.51453520582256,13031000
2019-10-22,24.431245803833008,24.720212171934282,24.412548533081175,24.612274095550482,13046000
2019-10-23,23.82441520690918,24.098083650328117,23.691830585808773,24.048788931685728,20957000
2019-10-24,23.993547439575195,24.094685182001395,23.68673323483851,24.042840538977277,16896000
2019-10-25,24.631826400756836,24.763559993253477,24.070891977006927,24.074291333960378,20869000
2019-10-28,24.778854370117188,24.857893860729714,24.50433649535247,24.745706999346343,12999000
2019-10-29,24.490737915039062,24.9615836167069,24.483088147548735,24.840897551886517,13272000
2019-10-30,24.667522430419922,24.72956515360823,24.351359534461114,24.647974101338644,17281000
2019-10-31,24.88934326171875,24.993881987393735,24.46014409748141,24.630123274353107,27881000
2019-11-01,25.207204818725586,25.207204818725586,24.824748861064627,24.90124005259682,21234000
2019-11-04,25.92197608947754,25.96107112680341,25.420534455111262,25.456230135416263,34075000
2019-11-05,26.690284729003906,26.923157695886168,25.876930644409516,25.92197495982323,38711000
2019-11-06,26.61549186706543,26.710680336049915,26.237286292783544,26.522002265851647,18076000
2019-11-07,26.49480438232422,27.154328159042173,26.40216584098175,26.82116691426562,23981000
2019-11-08,26.636735916137695,26.652884884394595,25.933018930592397,26.335871008434033,17830000
2019-11-11,26.580650329589844,26.622295292141295,26.41831927061982,26.4489167275353,9154000
2019-11-12,26.816923141479492,26.890864430300986,26.62399624330325,26.686888405239706,16875000
2019-11-13,26.658842086791992,26.832220651771106,26.5169087917744,26.557702699320632,12625000
2019-11-14,26.259384155273438,26.503306239566445,26.016313125962814,26.41066768894146,17268000
2019-11-15,26.5942440032959,26.60699199548351,26.353721293117246,26.539849435918562,18120000
2019-11-18,26.437862396240234,26.63673853228182,26.179491847208563,26.50160397857268,15850000
2019-11-19,27.0013484954834,27.678720177487843,26.912109301560236,26.912109301560236,31743000
2019-11-20,26.488855361938477,26.92740476522612,26.2619317030162,26.84836364878228,19927000
2019-11-21,26.793123245239258,26.831368847294083,26.32992722971178,26.443814601913783,19317000
2019-11-22,26.765077590942383,27.15263184002923,26.66223934349777,26.9112596656884,13216000
2019-11-25,27.164531707763672,27.212127570381316,26.879815692412933,26.908711038319392,19636000
2019-11-26,26.879810333251953,27.212122144965683,26.86111144132613,27.111832214599417,30793000
2019-11-27,27.064239501953125,27.19172429088078,26.89680862540476,27.02174511266292,20182000
2019-11-29,26.87471580505371,27.008999326242268,26.77187755281521,26.929108760737293,9229000
2019-12-02,26.408111572265625,27.020888847485296,26.3945125273653,27.003041012898024,23158000
2019-12-03,26.051156997680664,26.26193168701217,25.763040059649345,25.991664207186165,18736000
2019-12-04,26.323129653930664,26.46336245348962,26.103004668843795,26.325679576985518,14439000
2019-12-05,26.44806671142578,26.556004817319902,26.267038370215083,26.397073109306515,15494000
2019-12-06,26.861112594604492,26.885760766597492,26.522002055480044,26.74127757543906,16937000
2019-12-09,26.719181060791016,26.95460394501284,26.681784893962902,26.856865547745187,24694000
2019-12-10,26.776973724365234,26.84921451069295,26.623141894651678,26.780373080996803,14563000
2019-12-11,27.17302894592285,27.311561248413398,26.787173574103743,26.787173574103743,20829000
2019-12-12,27.85974884033203,28.06032549291248,27.14838354034034,27.17387952837727,38935000
2019-12-13,26.807565689086914,27.177272011630297,26.39961377310409,27.03193940498315,70952000
2019-12-16,27.46284294128418,27.842747386755754,26.986898971021418,27.02429513605489,37921000
2019-12-17,27.51978874206543,27.617525518233812,27.345557522292033,27.514688896350812,20248000
2019-12-18,27.829147338867188,28.148709526693825,27.49853602724418,27.570776806713297,35155000
2019-12-19,27.545284271240234,27.983832090045947,27.51213689570263,27.979584920449483,31787000
2019-12-20,27.386459350585938,27.68436396146037,27.207031136056223,27.68436396146037,50540000
2019-12-23,27.43195915222168,27.672344090528142,27.26712577771218,27.518670123619074,20254000
2019-12-24,27.515235900878906,27.530690412037195,27.387317808362038,27.472311069823245,7024000
2019-12-26,27.298891067504883,27.6216902352919,27.199302975330752,27.581339520579892,15848000
2019-12-27,27.174407958984375,27.416507345408274,27.06194274069838,27.412215517314632,14487000
2019-12-30,26.910844802856445,27.243087299822843,26.84988971214839,27.17354855335947,13104000
2019-12-31,27.130624771118164,27.15981444350106,26.85418583407786,26.881657792653414,12487000
2020-01-02,27.677492141723633,27.68693711056103,27.242229398732174,27.41393035181519,20329000
2020-01-03,26.9735164642334,27.472310056606105,26.964073132747625,27.258540672384683,22870000
2020-01-06,26.93316078186035,26.95033136547357,26.582030043111885,26.686767983189338,20789000
2020-01-07,26.8404483795166,27.17870208066347,26.806966879650453,27.064519145897183,18565000
2020-01-08,26.505632400512695,26.91342488860406,26.477300764535084,26.869640377310255,31979000
2020-01-09,26.29271697998047,26.870494282638337,26.017136106375244,26.81297461878934,42397000
2020-01-10,25.688323974609375,26.23176003169173,25.652265092584837,26.223174739540845,40705000
2020-01-13,25.856595993041992,26.0815247949051,25.72696018583118,25.75700953276587,22054000
2020-01-14,26.457550048828125,26.540825586447117,25.89179187082379,25.92699107950434,28911000
2020-01-15,26.024864196777344,26.43179862272439,25.81538826041304,26.382864247520672,22733000
2020-01-16,26.36054039001465,26.430079138930775,26.116723293537074,26.184545966232506,21508000
2020-01-17,26.509920120239258,26.522797241427305,26.10470344708578,26.498759075221745,26896000
2020-01-21,26.44810676574707,26.571733023017206,26.298726266320255,26.42492827530151,21967000
2020-01-22,26.8687801361084,27.293741541109686,26.656726815204326,26.682482696937917,29264000
2020-01-23,27.442262649536133,27.455139771023706,26.684199083388393,27.058508381928927,30266000
2020-01-24,27.815723419189453,28.466473457161,27.538423109860727,28.373752916283568,55782000
2020-01-27,26.530527114868164,27.462011059691648,26.497045613988664,27.16410806697851,38843000
2020-01-28,27.32722282409668,27.40620654496598,26.851609335030812,26.916856258255816,23166000
2020-01-29,27.2585391998291,27.938478679800724,27.226775417227184,27.542706992010597,23668000
2020-01-30,27.06022834777832,27.087700306727644,26.49275235483065,26.984678413820884,21128000
2020-01-31,26.198284149169922,27.006999848244362,26.06607258670428,26.97094259597484,22123000
2020-02-03,26.204294204711914,26.321909295970503,26.067790811315305,26.238633743865492,21288000
2020-02-04,26.75116539001465,27.006143561862643,26.58375624005349,26.767477940896068,22559000
2020-02-05,27.24738311767578,27.45600101255491,27.11688926923771,27.257684487957917,24825000
2020-02-06,27.445697784423828,27.462010334086305,26.976951872063843,27.37272524244846,22683000
2020-02-07,27.062801361083984,27.34524981549349,27.031893977601005,27.32808086631102,15883000
2020-02-10,26.974374771118164,27.008714307542913,26.639556512959675,26.817267011723153,19218000
2020-02-11,27.48604393005371,27.5401298021504,27.129763277164653,27.184708824794214,15527000
2020-02-12,27.87581443786621,27.909294302914788,27.612249333763273,27.647448550191143,15310000
2020-02-13,27.813140869140625,27.941060608288733,27.55387251304389,27.599371461737814,13857000
2020-02-14,27.280860900878906,27.961658409216056,27.22333960283949,27.88782783856014,19137000
2020-02-18,26.678190231323242,27.043914245833523,26.4463922136912,27.04305620770612,26693000
2020-02-19,27.102294921875,27.200165309968124,26.759749382287776,26.87135493100472,20525000
2020-02-20,26.548555374145508,27.10229455690257,26.280700095858997,26.95377208168498,25521000
2020-02-21,26.14162254333496,26.56658395261134,25.951891312186792,26.48502611585057,24522000
2020-02-24,25.03413963317871,25.65226595144441,24.901929732078084,25.257352324143934,36849000
2020-02-25,24.26835060119629,25.3887059618113,24.130131149475563,25.249626834552682,31892000
2020-02-26,24.543071746826172,24.74224627422898,24.381672178708566,24.41171988354551,23074000
2020-02-27,23.518875122070312,24.49414192827471,23.483675907733346,24.064029012780527,34837000
2020-02-28,23.404693603515625,23.534329422715533,22.5564868052856,22.607138896980615,44586000
2020-03-02,24.464948654174805,24.501865576876444,23.278488374102317,23.760112982953135,31976000
2020-03-03,23.544626235961914,24.766285742601866,23.314545953601368,24.437477048080076,29930000
2020-03-04,24.506160736083984,24.529340865993504,23.58927164724986,23.827079213405522,23477000
2020-03-05,23.526596069335938,24.30354783253896,23.39009434232818,23.803036587745943,24374000
2020-03-06,23.13254737854004,23.25960745056114,22.53588330169166,22.92049567074107,30169000
2020-03-09,21.26700210571289,22.344432714818762,20.96909912986642,21.555461749792364,43934000
2020-03-10,22.570222854614258,22.63718585752357,20.896128132152036,22.02850273918226,55071000
2020-03-11,21.116762161254883,22.019914360711756,20.818001167085157,21.795843615084465,36030000
2020-03-12,18.782470703125,20.841175422817923,18.571277121282844,19.487306255504432,64281000
2020-03-13,20.10801124572754,20.129473656774895,17.269777272953405,19.36024918600138,84714000
2020-03-16,16.103923797607422,18.784190748929092,15.472920307343177,17.872454886417508,76935000
2020-03-17,17.128124237060547,17.171049059623904,15.580231948751273,16.467929527689616,70662000
2020-03-18,14.4118013381958,16.095337420196742,13.364419388249503,15.93908935288943,98993000
2020-03-19,16.693721771240234,17.811501501322624,14.165410827894275,14.392057348741307,74438000
2020-03-20,16.78277587890625,18.21990247263948,16.40646892538865,17.636670658892633,74044000
2020-03-23,16.891916275024414,17.110191927172608,15.519398534674442,16.840403207794953,46921000
2020-03-24,18.57613182067871,19.09562898146019,17.574683605526285,17.95448280531865,62970000
2020-03-25,18.994342803955078,21.303699151896712,18.2670499786185,18.526360510070663,64442000
2020-03-26,21.23123550415039,21.37355132169635,19.73473869508981,19.73473869508981,60213000
2020-03-27,20.141599655151367,21.136935866968688,20.081355375864007,20.343285432033614,39448000
2020-03-30,20.964061737060547,21.073199538572524,19.94515138201455,20.2734374093531,52343000
2020-03-31,20.701263427734375,22.06417740984293,20.610462335775452,20.779842800960854,50191000
2020-04-01,19.52519416809082,20.466397996494944,19.180318242035984,19.905865955109995,41858000
2020-04-02,20.697769165039062,20.775475907304976,19.334856986862548,19.417801132249338,45049000
2020-04-03,20.45330047607422,21.177101224269933,20.129379182911936,20.66109797318641,28960000
2020-04-06,22.040599822998047,22.125290875021154,21.26528601504535,21.354341846983367,38868000
2020-04-07,22.11306381225586,23.18086765610327,22.048454755341446,22.86131286263343,45892000
2020-04-08,22.796710968017578,22.892751128132335,22.145376131029767,22.41865702359539,27565000
2020-04-09,22.20299530029297,23.355490253846124,21.941937857428332,23.20619014970645,34828000
2020-04-13,22.693683624267578,22.833379909128336,22.072034657043876,22.133151573506574,25729000
2020-04-14,23.366844177246094,23.432325869884775,22.90322659922085,23.235004838398684,23094000
2020-04-15,22.47715187072754,22.903226679750492,22.36539451647052,22.787977168377783,25926000
2020-04-16,22.55137062072754,22.85433737185748,22.186412657080492,22.85433737185748,26896000
2020-04-17,23.214054107666016,23.34938562621984,22.608120618280438,22.981809801045504,34089000
2020-04-20,22.550491333007812,23.159916857922923,22.518187631897828,22.70066574061151,23801000
2020-04-21,21.62238883972168,22.24578480939257,21.548175906114405,22.22570282020017,29138000
2020-04-22,22.69804573059082,22.894494128442837,21.892171820602677,22.244032025624136,35438000
2020-04-23,22.60724449157715,23.15468050792052,22.571446966541885,22.72249400393249,21659000
2020-04-24,23.12063217163086,23.143332027967954,22.60288193798901,22.684080844535885,23373000
2020-04-27,23.438440322875977,23.680290132877236,23.08046836527654,23.08046836527654,16588000
2020-04-28,23.113645553588867,24.13343045137648,23.06038723904952,23.94396634132814,18988000
2020-04-29,24.09937858581543,24.1840696489768,23.506542808996993,23.668066332066257,28871000
2020-04-30,23.715208053588867,23.927371964256203,23.46899187023095,23.881970599312766,23379000
2020-05-01,22.674470901489258,23.386049891970206,22.543505862000398,23.224526398777638,26836000
2020-05-04,22.89798927307129,22.912832190873328,22.29205583878681,22.63169270627134,17046000
2020-05-05,23.125865936279297,23.481218300911546,23.024586723776828,23.272548184933953,26462000
2020-05-06,23.06561851501465,23.61567395842711,23.01672499387766,23.427956809598648,22727000
2020-05-07,23.37732696533203,23.61481203095552,23.224534642578206,23.57377542695225,18238000
2020-05-08,24.012943267822266,24.058344647212692,23.57639192721688,23.76585438304526,16757000
2020-05-11,24.04524803161621,24.16224280207458,23.726564095562235,23.868007299207317,20851000
2020-05-12,23.438440322875977,24.247806529170642,23.41836000083756,24.14827421140716,18764000
2020-05-13,22.975690841674805,23.602578744210284,22.644785274841098,23.57987722846042,21927000
2020-05-14,23.276914596557617,23.307473053563132,22.242288507901254,22.784485461973574,19912000
2020-05-15,22.736465454101562,23.05514770785826,22.41865582334786,22.650027482783706,21650000
2020-05-18,23.88197135925293,24.161363870776626,23.39914448914893,23.453277079686025,26531000
2020-05-19,23.744022369384766,24.100249017604384,23.714336537814653,23.881973391240763,18702000
2020-05-20,24.331621170043945,24.561247560218636,24.104614313924028,24.182321051409026,18605000
2020-05-21,23.992856979370117,24.403216231783034,23.97976097439895,24.3525757924178,14847000
2020-05-22,24.15437889099121,24.20676456912853,23.618293733276914,23.900305770793658,17452000
2020-05-26,24.62323570251465,25.06589863061664,24.5682304864041,24.883420533113483,23573000
2020-05-27,25.10955238342285,25.12788745372903,24.446866988119577,24.71054395060175,22812000
2020-05-28,24.721023559570312,25.258855687479077,24.659034027893906,24.88342134460201,18543000
2020-05-29,25.43086051940918,25.494596970201908,24.61363575408327,24.700073725457255,27300000
2020-06-01,25.3190975189209,25.41601194068436,25.090343779297623,25.356640283444843,18444000
2020-06-02,26.023693084716797,26.046394602515488,25.32783127993338,25.409902795607742,31847000
2020-06-03,27.025142669677734,27.140392180537827,26.2376054556744,26.284752074493003,31926000
2020-06-04,26.969261169433594,27.32810565882137,26.376423867635143,26.695107723159882,34997000
2020-06-05,27.68433952331543,28.6473723244987,27.510592612170754,27.913091662672738,50958000
2020-06-08,27.72275161743164,27.83800112216412,27.35954065335089,27.721004706318958,23916000
2020-06-09,27.53067398071289,27.841499327985183,27.20326046816508,27.240804910102288,22335000
2020-06-10,27.5062198638916,27.870303432716437,27.47653403363257,27.64679041353791,25914000
2020-06-11,25.647388458251953,26.939579885580297,25.616830000973383,26.858380985392525,45115000
2020-06-12,26.21490478515625,26.537953474387383,25.558332600365397,26.439292122887032,39439000
2020-06-15,26.5501766204834,26.782420893544703,25.53039178432766,25.756526031303622,29824000
2020-06-16,27.12903594970703,27.463433634761685,26.542310413139543,27.066172142508258,30387000
2020-06-17,27.366531372070312,27.652035666707633,27.222470290093955,27.36478446054878,20279000
2020-06-18,27.826656341552734,27.862453871911093,27.1988956215826,27.251281317176332,33625000
2020-06-19,26.70726776123047,28.059522450480564,26.70726776123047,28.022474515087485,58465000
2020-06-22,27.65728759765625,27.713741115937133,26.774308404831956,26.948080389755443,27195000
2020-06-23,27.459697723388672,28.001305935908196,27.458816110333714,27.791367621027508,22419000
2020-06-24,27.07775115966797,27.430589872143337,26.860754888817,27.27445855259537,19096000
2020-06-25,27.24358367919922,27.2991555838907,26.727555725338497,26.9974790491462,15029000
2020-06-26,27.116565704345703,27.854881412121365,26.74079322789391,27.65993890350675,31425000
2020-06-29,27.325620651245117,27.381192559057382,26.85546178504756,27.174780692934476,14516000
2020-06-30,27.839879989624023,27.96866614416765,27.058340202978005,27.34061281691274,25125000
2020-07-01,27.585838317871094,27.94926141800083,27.516152191632592,27.795776627150413,15661000
2020-07-02,27.827531814575195,28.17243092902546,27.756080783372273,28.028648936099717,16638000
2020-07-06,28.120386123657227,28.31444696918969,27.992481581560448,28.227120177563695,17561000
2020-07-07,27.620241165161133,28.064818113856752,27.569960617813187,27.99248546230638,16150000
2020-07-08,28.189191818237305,28.21300714629548,27.708448590165297,27.88663199767708,18023000
2020-07-09,28.35944175720215,28.609072870203775,27.808129024749356,28.228007372360757,25225000
2020-07-10,28.17772674560547,28.490870998657655,27.824888032133448,28.395606312611292,13280000
2020-07-13,27.46058464050293,28.53850816443699,27.396191547177825,28.375318874494337,21549000
2020-07-14,27.793128967285156,27.89368837018149,26.92073421165584,27.255932221310278,18363000
2020-07-15,27.6784610748291,28.030418195209535,27.360023760316704,27.869875435799134,15253000
2020-07-16,27.46323013305664,27.68728269030537,27.283281787266418,27.398837042145235,12929000
2020-07-17,27.584074020385742,27.80459842079782,27.345025651097497,27.71109696336602,13354000
2020-07-20,27.97395896911621,28.019828082004814,27.36795771118809,27.508211571314256,14323000
2020-07-21,27.727859497070312,28.159205560964512,27.580549340658774,28.159205560964512,14312000
2020-07-22,27.680219650268555,27.84605542549657,27.37766151763538,27.786953706744757,14404000
2020-07-23,27.31591796875,27.882224853181523,27.202127623987163,27.64229484999892,19417000
2020-07-24,26.973661422729492,27.42529460152659,26.83164265373349,27.04422915949365,15631000
2020-07-27,27.581430435180664,27.60612906297839,27.123622525310097,27.195071886800967,20646000
2020-07-28,27.111268997192383,27.53114728695499,27.006298162901054,27.449111850606624,13974000
2020-07-29,27.24358367919922,27.45352198581148,27.11920726217476,27.21535692034336,16562000
2020-07-30,27.530261993408203,27.603476246962323,26.992183665887048,26.992183665887048,21259000
2020-07-31,27.940441131591797,28.08598804486706,27.46851904470698,27.759611188789837,24719000
2020-08-03,28.335622787475586,28.534975018867517,27.987193824138537,28.050703614417575,20796000
2020-08-04,28.967206954956055,28.98484931272733,28.261529468783465,28.27123057834947,25258000
2020-08-05,29.068639755249023,29.248589745002242,28.7387381705713,28.954851115930147,22299000
2020-08-06,29.035127639770508,29.18684922182331,28.704341008837943,28.91251611574381,14193000
2020-08-07,28.750202178955078,29.085400167411922,28.357669065011947,28.967200099746172,14192000
2020-08-10,28.8763484954834,29.044827449371237,28.585254658120377,28.599370562403656,11989000
2020-08-11,28.58260726928711,29.402076660294583,28.470581847718606,28.894869887818153,19316000
2020-08-12,29.430309295654297,29.627901704327495,28.69993310545723,28.743155708774736,18471000
2020-08-13,29.058063507080078,29.410018953627656,28.919572849653253,29.304168172213178,15095000
2020-08-14,28.916927337646484,29.09599238523395,28.75638289556351,28.93456633002558,10140000
2020-08-17,29.13744354248047,29.267111299006142,29.021006708976955,29.06599252023923,10594000
2020-08-18,28.98925018310547,29.389724538747554,28.945145982092136,29.273287698306234,8857000
2020-08-19,29.039539337158203,29.38179030688358,28.953975753492948,29.062471373601444,11273000
2020-08-20,29.006017684936523,29.10834201248997,28.761676249145612,28.905459948588497,8910000
2020-08-21,29.110990524291992,29.149805061673266,28.66817839934826,28.959272287495562,11508000
2020-08-24,29.462060928344727,29.65523849745017,29.20977827116359,29.28652234994197,11996000
2020-08-25,29.650829315185547,29.7346296695851,29.373851377035432,29.550271581854503,11140000
2020-08-26,29.96220588684082,30.124513527853814,29.418836178728895,29.527331778794867,14844000
2020-08-27,29.915464401245117,30.105997165391205,29.650832384158335,30.03454611698547,12552000
2020-08-28,30.416488647460938,30.416488647460938,29.78843692102946,29.903110553387286,14589000
2020-08-31,30.622013092041016,30.92457119814585,30.30181263315514,30.30181263315514,22229000
2020-09-01,31.714937210083008,31.938109823770823,30.645836649558543,30.873417328682645,29205000
2020-09-02,33.07954025268555,33.42796919414898,32.07041975144172,32.272420174293096,37053000
2020-09-03,31.05776596069336,32.54057142351487,30.887520468468008,32.285647356520755,41795000
2020-09-04,32.01573181152344,32.86078150115086,31.182149821778353,31.841078203925814,58514000
2020-09-08,30.921056747436523,31.998098743450754,30.873422712933753,31.108059702611495,26685000
2020-09-09,31.758161544799805,31.918705988728313,30.970450303010697,31.416792189889968,26273000
2020-09-10,31.49794578552246,32.446201514682066,31.26066060870463,31.943406079673863,22851000
2020-09-11,31.729049682617188,32.132165540698985,31.28623432041892,31.799615736255642,17362000
2020-09-14,31.949573516845703,32.275067046801084,31.698175856152684,32.14451766261526,16447000
2020-09-15,32.36503982543945,32.73640075926673,32.22743081700479,32.31123115313529,16618000
2020-09-16,32.37650680541992,32.81402912295544,32.315641859874624,32.477067889985456,18498000
2020-09-17,32.277713775634766,32.64819650857386,31.31446405388948,31.31446405388948,22862000
2020-09-18,31.731693267822266,32.447075073397485,31.318872953270525,32.383565291138744,35295000
2020-09-21,31.31422233581543,31.3293531880643,30.574515173428033,31.15577623446068,24198000
2020-09-22,32.186561584472656,32.20525443657283,31.417478904958607,31.721909234148264,19500000
2020-09-23,31.296419143676758,32.15273166224933,31.15933824030231,32.061050106858936,15542000
2020-09-24,31.379207611083984,31.828729166004734,31.07389098726749,31.17269656052904,13611000
2020-09-25,31.76018714904785,31.842079165476022,31.001787008351126,31.337372118090308,18183000
2020-09-28,32.69483184814453,32.7954167139437,31.958686590862797,32.194573075817786,22192000
2020-09-29,32.42422866821289,33.00638285018089,32.40019451517095,32.71174545834008,13722000
2020-09-30,32.429569244384766,33.02418191936618,32.1972447628555,32.30761918037269,22403000
2020-10-01,32.81055450439453,32.998372703620156,32.47407972171688,32.8443782150267,16016000
2020-10-02,31.762855529785156,32.48298029950918,31.702328716062038,32.0450310260203,17100000
2020-10-05,32.588016510009766,32.65477766980727,32.03613082053681,32.11980213626695,18923000
2020-10-06,32.39930725097656,33.11320110626659,32.22484061149406,32.588908141377196,16672000
2020-10-07,32.64498519897461,32.9227090471401,32.58445498932052,32.78829707479929,12747000
2020-10-08,33.23158264160156,33.31703664286559,32.78473352969102,32.925373036341,17045000
2020-10-09,33.53157043457031,33.825318249261464,33.291235635150485,33.46302995693193,17253000
2020-10-12,34.04160690307617,34.27927264214722,33.80661011575547,33.984638705219346,18839000
2020-10-13,33.957942962646484,34.51962165943571,33.70158429330673,34.21786702667485,16731000
2020-10-14,33.85200500488281,34.1582145766467,33.63392177231461,34.14041137869645,17298000
2020-10-15,33.8190803527832,33.86892796264879,33.382020720042796,33.38469306806488,14361000
2020-10-16,33.70513916015625,34.11727153403893,33.66062946140485,34.11727153403893,10295000
2020-10-19,33.44878005981445,34.14664995552858,33.39359115252497,33.935687275895226,14803000
2020-10-20,33.55738067626953,33.92678610366412,33.43008930253927,33.559159977889685,13297000
2020-10-21,33.117637634277344,33.54579378441837,32.96275017496198,33.448767558643894,11896000
2020-10-22,33.23514938354492,33.318820699832514,32.67791899448834,33.03130729969846,13547000
2020-10-23,33.17728805541992,33.28588657137948,33.00282142575317,33.22535636234017,8868000
2020-10-26,32.31562423706055,32.93159855294692,31.83227915445149,32.899554156663406,15509000
2020-10-27,32.00941467285156,32.50611469974334,31.975590975565805,32.50611469974334,9620000
2020-10-28,30.906543731689453,31.587500116404758,30.75700090141688,31.510949399654873,22331000
2020-10-29,31.60085105895996,31.99518367803126,30.74275570747757,30.910994783896296,15697000
2020-10-30,31.121959686279297,31.421045362324246,30.65819692087068,31.100594483353834,18530000
2020-11-02,31.266149520874023,31.634668572878734,31.00800825436674,31.603513826618386,11757000
2020-11-03,31.489582061767578,31.97737892429152,30.85758367920741,31.68452423487328,15457000
2020-11-04,32.4571647644043,32.84437335796236,31.79044964486986,32.08775597657999,21277000
2020-11-05,33.902748107910156,34.06119080862627,33.11408301997108,33.14523776974221,21783000
2020-11-06,33.88050079345703,34.151993699950246,33.57340148056153,33.82976353192137,13545000
2020-11-09,33.42829895019531,35.06170408875192,33.38112030794735,34.63532719432629,24088000
2020-11-10,32.32364273071289,33.2200133828095,32.07707365312966,32.96365475154967,26784000
2020-11-11,33.462127685546875,33.570726185873085,32.80609522156638,33.01171657693045,15133000
2020-11-12,32.95296096801758,33.700678199219084,32.782053008104434,33.57872817791414,12160000
2020-11-13,33.246707916259766,33.58763421346711,33.075803338016875,33.380230195285954,10997000
2020-11-16,33.89741134643555,33.94725895274246,33.29122642287217,33.36332548450124,12100000
2020-11-17,33.878726959228516,34.042511022128664,33.56094499400537,33.70603959548406,11950000
2020-11-18,33.88050079345703,34.26504047488299,33.79148817306514,33.81551893199218,13517000
2020-11-19,34.21073532104492,34.256134669851804,33.32237838495607,33.62235364840391,14555000
2020-11-20,34.1217155456543,34.61307086277511,34.0656370050418,34.208948831051515,16140000
2020-11-23,34.44840621948242,34.63978638608673,34.09234899001887,34.30331165907714,12212000
2020-11-24,34.9139518737793,34.965578785265144,34.375417719548764,34.59261136196979,13455000
2020-11-25,34.78933334350586,35.20502778055085,34.62643895827847,34.96825163025681,11787000
2020-11-27,35.156063079833984,35.53170278446433,34.982486126873134,34.99583767777579,6846000
2020-11-30,35.74623107910156,35.79785798668304,34.95934519017095,35.07328500100339,15454000
2020-12-01,36.01237487792969,36.200193010988954,35.61626306685983,35.913569337798094,18181000
2020-12-02,35.937599182128906,36.08714195023683,35.70438173437258,36.02750141483611,10031000
2020-12-03,35.58777618408203,36.19663330289012,35.43645410160581,36.006142828407725,16120000
2020-12-04,36.64527130126953,36.709363507067806,35.8183307416687,35.819223788032936,20083000
2020-12-07,37.465091705322266,37.638668680951646,36.793035258677435,37.06630744938719,19707000
2020-12-08,37.68940734863281,37.982262053882586,37.22208601046828,37.321781229276716,18121000
2020-12-09,37.04939651489258,37.928853625676446,36.82240993783573,37.33868920445135,20908000
2020-12-10,36.499290466308594,36.96305317826919,36.31858949557637,36.62390948363182,26244000
2020-12-11,36.1236457824707,36.228682282096315,35.45247908649876,35.961641082081535,26664000
2020-12-14,36.655948638916016,36.87848353672604,36.13966604610249,36.186844694023826,26116000
2020-12-15,37.21316909790039,37.33155712692646,36.761868430360785,36.96571044299421,21207000
2020-12-16,37.82204055786133,38.02232064911813,37.11526732137453,37.20784193952811,23160000
2020-12-17,37.92884826660156,38.27689181212942,37.790877717499264,37.96445466495475,17152000
2020-12-18,39.011497497558594,39.109347035600464,37.883955624150104,38.13531726248957,45243000
2020-12-21,38.501590728759766,38.78168088790424,38.036568258740736,38.43605519983109,19096000
2020-12-22,38.88043975830078,38.92083570707558,38.42259845824158,38.5015993180488,17929000
2020-12-23,38.194576263427734,39.140774941581185,38.16046093462899,39.05100388866708,10533000
2020-12-24,38.733211517333984,38.78168939532038,38.38399682887788,38.466586612955155,4123000
2020-12-28,38.77090835571289,39.25478296277856,38.705376249490435,38.99174703328228,10625000
2020-12-29,38.51596450805664,39.125520102448974,38.313977901231496,39.125520102448974,9593000
2020-12-30,39.03574752807617,39.3203239139435,38.611120890383546,38.752064948833606,10553000
2020-12-31,39.30685806274414,39.365208908998035,38.87595081271292,39.16860912423426,10211000
2021-01-04,38.17303466796875,39.70096122762374,37.8157414410783,39.43972311005681,24171000
2021-01-05,38.431583404541016,38.547387881433224,37.9198807624134,38.15777718424768,15069000
2021-01-06,38.194576263427734,39.01329963549762,37.752895423052486,38.00066818647819,17226000
2021-01-07,39.80419921875,39.91192517817996,38.656010417224216,38.78707808563706,21267000
2021-01-08,40.00617980957031,40.396691062578604,39.37867285124479,40.128271723246634,15271000
2021-01-11,40.01696014404297,40.28807122200246,39.53757499305633,39.554632659499624,11660000
2021-01-12,40.342830657958984,40.8249108973601,40.002595128556976,40.197400447926825,13846000
2021-01-13,40.506221771240234,40.71090351264865,40.22792939502826,40.42452920584182,13118000
2021-01-14,40.58341979980469,41.16065445060936,40.51698702894267,40.71269299261206,19692000
2021-01-15,40.02503204345703,40.39758840284094,39.55911571101012,40.23420331316168,18165000
2021-01-19,41.22977828979492,41.249531071717904,40.24318025566134,40.24318025566134,18819000
2021-01-20,41.46408462524414,41.81509374233748,40.846450629328416,41.25222166169269,14710000
2021-01-21,41.90756607055664,42.145462467864164,41.33122859025973,41.48473731234337,15749000
2021-01-22,41.7459716796875,41.973097857862456,41.508972534793934,41.62926999400009,16248000
2021-01-25,41.725318908691406,42.193033086891035,40.94340266242895,42.1535343767762,14692000
2021-01-26,41.642738342285156,41.92641749720312,41.464090027225396,41.53321449747443,10742000
2021-01-27,39.92180252075195,41.022410699330514,39.63542823694094,40.89493537716724,21857000
2021-01-28,40.55379104614258,41.15885693871644,40.1309623637072,40.894029955075936,16946000
2021-01-29,40.442481994628906,41.124754430387235,40.184836224894035,40.38862072439046,22069000
2021-02-01,41.90038299560547,42.131995340103,40.719876796222835,40.922760621240386,17027000
2021-02-02,42.810672760009766,42.8187512644002,42.01349320679954,42.17149491750995,16141000
2021-02-03,41.761234283447266,42.95790084423762,41.70736959690868,42.815162335774595,17857000
2021-02-04,42.249595642089844,42.297176287022054,41.06908949984235,41.29531502195418,15243000
2021-02-05,41.83484649658203,42.814263230707844,41.77649223258285,42.58175025485756,12488000
2021-02-08,42.4354248046875,42.500059689077936,41.79624353591448,42.08082332254399,17610000
2021-02-09,42.60868453979492,42.65895687548411,42.069150737649444,42.372582638449195,12758000
2021-02-10,42.19752502441406,42.865431332524615,41.78816165753673,42.84029516567492,14587000
2021-02-11,42.946224212646484,43.03240632969423,42.12031625290892,42.52429278622916,17123000
2021-02-12,43.65812683105469,43.72096725622101,42.63202658947374,42.94533490871307,13551000
2021-02-16,43.91038131713867,44.41759767190171,43.72096282967882,44.06748578869472,15163000
2021-02-17,43.31340026855469,43.64017046844089,42.647288359625065,43.470501326192284,14084000
2021-02-18,43.3834228515625,43.57643370476035,42.65357327355491,43.111411140104124,16715000
2021-02-19,43.98488235473633,44.44990477023579,43.69850818801153,43.741599240100626,17992000
2021-02-22,42.763999938964844,43.68416537263239,42.670636521367776,43.449861309668904,16967000
2021-02-23,42.36360549926758,42.60778934088527,40.94161063701632,42.2953782655002,21303000
2021-02-24,43.169769287109375,43.21734651292828,41.53411337145361,41.984773429474934,15125000
2021-02-25,41.04036331176758,43.03510679501041,40.86530734906919,42.619459325223026,23148000
2021-02-26,42.18137741088867,42.710137730987576,41.361756621580746,41.971308852923435,22640000
2021-03-01,43.95078659057617,43.98849084692388,42.539565246495705,43.063835910690344,24677000
2021-03-02,43.13655471801758,44.06569935122621,43.05486215234694,44.02171104663432,18546000
2021-03-03,41.57002258300781,43.21555144337347,41.47216959002933,42.91122226555383,23991000
2021-03-04,39.82215118408203,41.9237233044235,39.628243101566426,41.44523542823665,34575000
2021-03-05,40.410160064697266,40.93622516967462,38.87146004228489,40.77912410799591,42414000
2021-03-08,37.81664276123047,40.21446607414791,37.63799441619555,40.11302071740956,45243000
2021-03-09,39.82304763793945,40.11929485491448,38.65600681660397,39.112947438844884,37884000
2021-03-10,39.28351974487305,40.75937951517604,39.059985883314084,40.15970029273966,19914000
2021-03-11,40.72885513305664,41.0663989919056,39.68749503519528,40.30961871538576,26170000
2021-03-12,40.502628326416016,40.710898969694995,39.90564083672972,39.98104935022106,18906000
2021-03-15,42.26215744018555,42.303454036694035,40.68395898224214,40.86260725739416,31241000
2021-03-16,42.92738342285156,43.449859648927344,41.96053460506703,42.30705420215116,31190000
2021-03-17,43.413047790527344,43.74341033997345,42.19393673202753,42.21997013240371,23754000
2021-03-18,41.66787338256836,43.391502360707904,41.6319635893872,42.60240468914804,28728000
2021-03-19,42.92635726928711,43.127209959196534,41.08430451786246,41.351205010486794,108602000
2021-03-22,43.00055694580078,43.543400503705655,42.67394518595712,42.786133636888906,31805000
2021-03-23,41.98543167114258,43.008694758097946,41.857864171201456,42.864840503321524,24712000
2021-03-24,41.37111282348633,42.52194335311441,41.33492233764096,42.47308654235463,20882000
2021-03-25,41.77191925048828,41.981821351073364,40.6509458106903,41.16212358733139,17537000
2021-03-26,43.6121711730957,43.69902699082513,41.31412969029948,41.31412969029948,28925000
2021-03-29,42.759891510009766,43.53254079405687,42.36632773530137,43.46378025032378,28410000
2021-03-30,41.27069854736328,41.98001640148178,40.85994366056311,41.969158562287454,27935000
2021-03-31,41.94925308227539,42.257769631260196,40.93051446395766,41.52764382510818,28684000
2021-04-01,43.061180114746094,43.11817859043775,42.4504767374111,42.710139911321946,23528000
2021-04-05,44.19481658935547,44.299767634880354,43.1398875691596,43.454737254419,22966000
2021-04-06,43.777732849121094,44.17129323727865,43.22312373435525,43.70987653868573,18063000
2021-04-07,43.6501579284668,43.78134586307841,43.24664398347584,43.42849722234408,12074000
2021-04-08,43.92338943481445,44.149574803578865,43.438448639225484,44.149574803578865,18121000
2021-04-09,43.88810348510742,43.90800721787073,43.11454993292441,43.42759109281654,16614000
2021-04-12,43.7596321105957,43.91796118086262,43.30092820341391,43.60220728482819,23247000
2021-04-13,43.876346588134766,44.171292539095376,43.45383312246645,43.87996701784443,15281000
2021-04-14,43.183319091796875,44.25905618189998,42.99241992651422,43.65107243594628,18220000
2021-04-15,43.42759704589844,43.63659144553458,43.13627151913291,43.57597599444368,18370000
2021-04-16,43.318119049072266,43.58863655997225,43.136265817207004,43.471019200485124,16263000
2021-04-19,41.79905700683594,43.13807398117443,41.62263269459195,43.1136455747019,26319000
2021-04-20,41.37021255493164,41.801771887945605,41.12411998858411,41.61901440357165,19128000
2021-04-21,41.5991096496582,41.648870708428866,40.94859890758498,41.185642120130865,25947000
2021-04-22,41.17569351196289,41.72124978709173,40.62289637782537,41.1747858161005,27057000
2021-04-23,42.17271423339844,42.32833057074801,41.39192326445715,41.48149178864034,22890000
2021-04-26,42.69023132324219,42.86936838325356,41.941102668459735,42.25323960795242,18271000
2021-04-27,42.1926155090332,42.90826631894504,42.07590585130457,42.85760101922135,13267000
2021-04-28,41.54572677612305,42.15823852030805,41.26073445465219,42.103952789464394,15940000
2021-04-29,42.187191009521484,42.494803244031125,41.53034713564013,42.494803244031125,14650000
2021-04-30,41.27431106567383,41.684161663467584,41.060791991611005,41.5918769429205,19367000
2021-05-03,40.72603225708008,41.60363258269715,40.55774959907802,41.59548747978518,15098000
2021-05-04,40.21938705444336,40.50528714932732,39.56525917854874,40.461859243125765,23497000
2021-05-05,40.15514373779297,40.843653493925814,40.02305155416419,40.75046453434176,16388000
2021-05-06,40.584896087646484,40.63103671727439,39.79415151314066,40.15242906726164,13495000
2021-05-07,40.9467887878418,41.471540495319516,40.64098503997234,41.12864201597779,11712000
2021-05-10,39.455780029296875,40.58037381728388,39.425922701856294,40.566803246078656,25239000
2021-05-11,39.814964294433594,39.96786446799829,38.27509436668346,38.45151870581669,17887000
2021-05-12,38.2144660949707,38.981686411217204,37.92133214711656,38.83964411063222,29940000
2021-05-13,38.95817184448242,39.339970122670586,38.509418053956516,38.89393251710395,21841000
2021-05-14,39.95519256591797,40.27185415833822,39.08935774829134,39.48201384326199,16964000
2021-05-17,39.803199768066406,40.00224401592131,39.160834088026675,40.00224401592131,15725000
2021-05-18,39.24225997924805,40.21033314912469,39.20064057079174,40.16328482205973,17824000
2021-05-19,39.96424865722656,40.03481770467877,38.514851468260304,38.54199261313066,21369000
2021-05-20,41.16573715209961,41.55477626282903,40.29085300085909,40.32885197718253,21886000
2021-05-21,40.8255615234375,41.436261429151116,40.6536584060985,41.436261429151116,13216000
2021-05-24,41.54482650756836,41.83886820464433,41.28878724164024,41.33945254808384,14420000
2021-05-25,41.576480865478516,41.88590498891234,41.301442185435626,41.78999986987717,9600000
2021-05-26,41.662452697753906,41.80811548462009,41.213702252624145,41.687785356339326,9873000
2021-05-27,42.31294631958008,42.38170685781755,41.58643772047032,41.618103530756365,19098000
2021-05-28,42.73366165161133,42.94084756138892,42.31295666844998,42.522855312066504,19946000
2021-06-01,42.36994934082031,43.246641983614026,42.26952298148211,43.01502769573076,16277000
2021-06-02,42.860321044921875,43.21950284874194,42.474898893123566,42.688417947184085,13286000
2021-06-03,42.05238723754883,42.501141038657096,41.91305764492946,42.41428524158355,20389000
2021-06-04,42.9752197265625,43.282831963710485,42.479421098422456,42.5680853757321,23865000
2021-06-07,41.960105895996094,42.9281826169403,41.84158772420257,42.79427848096927,24142000
2021-06-08,41.93748474121094,42.73908372163009,41.93567625212875,42.34642760926292,16615000
2021-06-09,41.97366714477539,42.26861302015932,41.77371869763123,42.26861302015932,12126000
2021-06-10,42.40251541137695,42.48122609031296,41.637103585087694,42.11571117479089,15413000
2021-06-11,42.5861930847168,42.715572560637746,42.265010183746334,42.381723330629754,14508000
2021-06-14,43.050315856933594,43.056649019954996,42.16638231621034,42.56718352693283,14675000
2021-06-15,42.589805603027344,43.11727010089926,42.39166559895205,43.11636240500879,11131000
2021-06-16,42.138336181640625,42.62418123659526,41.75200979288583,42.54727903717564,20437000
2021-06-17,42.62870407104492,42.99693174838259,41.97457637931725,42.0596202270029,20881000
2021-06-18,41.934776306152344,42.50114756321558,41.664258731824795,42.275866383508045,28537000
2021-06-21,42.36423873901367,42.434448856410135,41.80164647703995,42.05057325690016,18591000
2021-06-22,42.34965133666992,42.726236360158985,42.06425076989641,42.54387092505925,13722000
2021-06-23,42.55116271972656,42.662403229164276,42.2210830041579,42.2958532111831,17674000
2021-06-24,42.861183166503906,43.188528915805904,42.728056996457845,42.84568024434219,12502000
2021-06-25,42.14448928833008,43.079106422007435,41.943886976680005,42.9788052661824,19100000
2021-06-28,43.111019134521484,43.42924816204461,42.44629963986364,42.49097880193268,13987000
2021-06-29,43.507667541503906,43.52225566314259,42.923189613169605,43.07181523298343,14184000
2021-06-30,43.479393005371094,43.638964911386566,43.08639727276032,43.59701971968196,15381000
2021-07-01,42.8228874206543,43.5705825507884,42.758148719317035,43.5705825507884,11153000
2021-07-02,42.688846588134766,43.63805528704325,41.552712382141635,43.47301196017948,37054000
2021-07-06,43.154781341552734,43.47118420399053,42.70069571995884,42.89217781812076,13870000
2021-07-07,42.81376266479492,43.34444465120328,42.524716846611895,43.3116196426449,12581000
2021-07-08,42.901302337646484,42.95419036367593,42.08613107055128,42.346915474598084,16011000
2021-07-09,43.783958435058594,43.847785825397835,42.67609233369621,42.816512592442535,16782000
2021-07-12,44.291831970214844,45.045909779696636,43.1529637953895,43.887893392792506,33142000
2021-07-13,44.133182525634766,44.454142094807544,43.949905755804885,44.25354323365746,11806000
2021-07-14,43.912513732910156,44.861722447805064,43.835920883350674,44.60640947094242,14020000
2021-07-15,43.52499008178711,44.17329534510094,43.140199704103985,44.066611452003364,12624000
2021-07-16,42.679725646972656,43.79306285194072,42.60587024649813,43.681818872381704,13980000
2021-07-19,42.46089172363281,42.48824531915831,41.7241359849447,42.26120073696965,14938000
2021-07-20,42.72713851928711,43.06086347213108,42.24204705292576,42.66331115244096,20727000
2021-07-21,43.67817306518555,43.70188136847208,42.71893288808072,42.82197148377569,13660000
2021-07-22,43.432899475097656,43.67544353138781,43.2669482786886,43.45751910553537,12583000
2021-07-23,44.05475997924805,44.09397120809744,43.47848743958479,43.770270739794185,13489000
2021-07-26,43.97177505493164,44.09760714167386,43.73834776863178,43.964480995723925,11160000
2021-07-27,43.34444808959961,43.93257475722234,42.6551089418666,43.83683369202764,14715000
2021-07-28,43.553253173828125,43.68364536621947,43.249615751718856,43.46662881980369,8359000
2021-07-29,44.14229965209961,44.29913414666923,43.5341133677398,43.62803179990451,9162000
2021-07-30,44.259918212890625,44.34562776658393,43.72832488912342,43.94624928172083,11548000
2021-08-02,44.19426345825195,45.09879296903268,44.08758305011172,44.59273060906126,15619000
2021-08-03,44.38666534423828,44.47511235180023,43.76388752180126,44.26812729284991,11135000
2021-08-04,44.47875213623047,44.67753178710208,44.13317301056733,44.54531695352469,12123000
2021-08-05,44.46690368652344,44.71856791176348,44.21341681568927,44.71856791176348,8372000
2021-08-06,44.26265335083008,44.507934823072404,44.134998600467846,44.229828340498514,9964000
2021-08-09,44.19426345825195,44.390305665072695,43.858712356429955,44.359303301924534,5952000
2021-08-10,43.97360610961914,44.355659025736884,43.569667535093444,44.30550844993811,9319000
2021-08-11,44.09123992919922,44.31190181999596,43.74839467740975,44.206129228416046,9816000
2021-08-12,44.15597915649414,44.223455315790154,43.46937732196257,43.975439820853104,8702000
2021-08-13,44.32921600341797,44.58543681434586,43.95992508984783,44.00551905131566,8582000
2021-08-16,44.50975799560547,44.579968109136075,44.16873545655334,44.2079466831984,9188000
2021-08-17,43.64809036254883,44.334695618009015,43.267860027963984,44.27724749420051,16499000
2021-08-18,42.76178741455078,43.50127704718707,42.70525410536665,43.462069303316795,15616000
2021-08-19,43.177581787109375,43.38730078931629,42.186427931805035,42.522890353686144,14044000
2021-08-20,43.32712173461914,43.42377759915235,42.895829548534095,43.112846104028975,10007000
2021-08-23,43.990936279296875,44.33195886604476,43.37545593763435,43.43290058401183,15707000
2021-08-24,43.897926330566406,44.04472929462337,43.78212225326873,43.98637333376604,9429000
2021-08-25,44.07846450805664,44.339245418958356,43.910690690063056,43.910690690063056,10017000
2021-08-26,44.29092788696289,44.507029669793205,43.82225053661969,44.041086288052,10836000
2021-08-27,45.220977783203125,45.2665682640596,44.37298162161591,44.49789891306312,16459000
2021-08-30,45.489967346191406,46.306961205104635,45.431611387339956,45.591179821047426,19614000
2021-08-31,45.3367805480957,45.70880542902089,44.92554792131675,45.70880542902089,17378000
2021-09-01,44.967498779296875,45.52188566226023,44.94287915011676,45.25107321961028,12586000
2021-09-02,44.85260009765625,45.224624976357546,44.69394299146952,45.20729941027077,16991000
2021-09-03,45.37963104248047,46.138265345126506,45.13890970646528,45.21823651034301,25191000
2021-09-07,45.28025436401367,45.37234666729924,44.770543152684006,45.37234666729924,12398000
2021-09-08,45.078739166259766,45.58115282101444,44.50702671653914,45.55653667023524,13987000
2021-09-09,44.997581481933594,45.472641489154846,44.93922552345485,44.93922552345485,13174000
2021-09-10,45.422489166259766,46.13735919553747,45.27295224580552,45.32219149694995,16110000
2021-09-13,45.4963493347168,45.81640099791176,44.976610171577704,45.77354448261256,14927000
2021-09-14,45.761688232421875,46.08538517158073,45.44163658390291,45.773542383663035,14134000
2021-09-15,46.47929382324219,46.566829498254855,45.53829401268319,45.78448679428224,23346000
2021-09-16,46.26137161254883,46.42550014133434,45.61032891214377,46.065329396406746,17569000
2021-09-17,46.138275146484375,46.2859929147357,45.68236332298817,45.95317575311775,34470000
2021-09-20,45.118858337402344,45.86473083812471,44.53711785721584,45.50000344970568,30105000
2021-09-21,45.09773254394531,45.35124113822321,44.73125018798423,45.32735908135404,16935000
2021-09-22,45.97949981689453,46.20086084672886,45.21071198271327,45.39716792716511,20610000
2021-09-23,46.32027053833008,46.59490371128411,45.97950270085904,46.15585713447334,18370000
2021-09-24,46.37721252441406,46.43048464715505,46.00154314899177,46.13380895807817,10605000
2021-09-27,46.370784759521484,46.45987997053051,45.68465913382508,45.90510215728868,9831000
2021-09-28,45.100494384765625,46.05849571812318,45.05640577701173,45.649760722579785,20124000
2021-09-29,44.959041595458984,45.399002629948555,44.790952696333676,45.34021899205588,15783000
2021-09-30,44.541107177734375,45.42195401016638,44.499776093566894,45.42195401016638,15735000
2021-10-01,44.763404846191406,44.88372964735305,43.85867558502982,44.80932946017544,16052000
2021-10-04,43.716304779052734,44.69083713408199,43.42513707318819,44.54112227362607,20093000
2021-10-05,44.58612823486328,44.98751570052348,43.659356506994015,43.715386142576065,16557000
2021-10-06,44.894744873046875,44.947102501874895,44.06074387194816,44.375790127457186,12042000
2021-10-07,45.36684799194336,45.91611770598325,45.24836273298575,45.24836273298575,13261000
2021-10-08,45.268585205078125,45.74161541351968,45.124378334994056,45.63323163646328,10279000
2021-10-11,45.22174072265625,45.88765639574364,45.08488137641364,45.1207044679647,11186000
2021-10-12,44.57326889038086,45.62220140410157,44.27383567210082,45.543211216141195,20991000
2021-10-13,44.54846954345703,44.58245312424523,44.04696733516603,44.19576419312379,16424000
2021-10-14,45.704864501953125,45.84723533786386,45.08211954640166,45.177644270134444,19233000
2021-10-15,46.22381591796875,46.46354394171542,46.02450098160854,46.32944214758139,25103000
2021-10-18,46.23392105102539,46.29086868069618,45.80222557272302,45.96112743411475,16042000
2021-10-19,46.879634857177734,46.923723458947826,46.08787953226429,46.32209957220113,16383000
2021-10-20,46.787784576416016,47.15886044877181,46.700528873724224,46.93566342362747,13458000
2021-10-21,47.22500228881836,47.283785935234064,46.71523101165194,46.79054920103931,11787000
2021-10-22,47.340721130371094,47.889069359798484,47.12119613600487,47.279179991063344,15367000
2021-10-25,47.952457427978516,48.175654479234424,47.31960736586507,47.531781388860026,12416000
2021-10-26,49.036293029785156,49.139165279004885,48.129727829713126,48.2427016012251,24043000
2021-10-27,48.047977447509766,49.23835926814236,47.93316417522792,48.84799484314869,23500000
2021-10-28,48.64132308959961,48.67622466392094,48.07735835733992,48.1425750025405,11872000
2021-10-29,48.834205627441406,48.8782942213344,48.083785033684,48.083785033684,15564000
2021-11-01,48.50171661376953,48.91779907896348,48.21514244811411,48.71205460223327,16896000
2021-11-02,49.3302116394043,49.674651453813986,48.37588238147848,48.44660704836752,16262000
2021-11-03,49.8170166015625,49.947446406334926,49.02710076792607,49.512071893195696,14038000
2021-11-04,50.391075134277344,50.43240972578162,49.68382510208869,49.948356677013656,15956000
2021-11-05,51.33713912963867,51.40602778489491,50.50038075378257,50.51783329392963,18674000
2021-11-08,51.33989334106445,51.79363482899187,51.261821171904856,51.61728044347257,17231000
2021-11-09,51.23426818847656,51.61085554235336,50.98994663556084,51.3619404779523,15838000
2021-11-10,50.40486526489258,51.51901446871142,50.33873410588347,50.912800498383895,18450000
2021-11-11,51.01383972167969,51.17182361500407,50.40854371769937,50.76492460345444,14157000
2021-11-12,51.73210525512695,51.9727548341863,50.93943535223252,51.29030469496313,13592000
2021-11-15,51.96631622314453,52.14267061720986,51.4207255102165,52.14267061720986,13972000
2021-11-16,52.24187088012695,52.31167754052833,51.68801110852493,51.812011395208906,13194000
2021-11-17,52.3217887878418,52.47977267004658,51.812935558787345,52.18401145376793,12532000
2021-11-18,52.79664993286133,52.97300434316476,52.321783833369885,52.45588564425646,12712000
2021-11-19,52.23727798461914,53.01708872999272,51.981011907579784,52.93166553637209,19612000
2021-11-22,50.8191032409668,52.5422201309549,50.745624577046726,52.50915455699974,25898000
2021-11-23,50.98811721801758,51.05608437843037,50.3828212667447,50.74012012311825,17109000
2021-11-24,51.3196907043457,51.3518382766717,50.27810235333824,50.81451306615608,12084000
2021-11-26,50.20462417602539,51.1883434025534,49.90427299629207,50.68040825105936,14219000
2021-11-29,51.83498001098633,52.12982323641014,50.85585411372602,51.08731667978738,18703000
2021-11-30,50.85584259033203,51.89467340094311,50.701534247922424,51.73668954874269,22574000
2021-12-01,50.95504379272461,52.21523211713114,50.82369599655814,51.755979087037204,21980000
2021-12-02,50.74286651611328,51.354591891001824,49.96673127476259,50.15685919889012,22619000
2021-12-03,51.263668060302734,52.263003950743794,50.554581865676234,51.890088557141354,20305000
2021-12-06,51.89376449584961,52.205138743548,51.064353506188986,51.86345292218516,22482000
2021-12-07,54.22861099243164,54.473850596676336,52.53855931639141,52.53855931639141,29562000
2021-12-08,54.05959701538086,54.27820402976684,53.49655369872076,54.27820402976684,17998000
2021-12-09,53.58747482299805,54.21389517030441,53.49837963113698,53.49837963113698,29080000
2021-12-10,58.02020263671875,59.22068958721452,56.81787968280797,57.31295239754987,57087000
2021-12-13,57.09986114501953,58.27187604308959,57.060366048124365,58.23329894791431,26898000
2021-12-14,56.4798583984375,56.82062266847273,55.628401468380225,56.74898000712462,35956000
2021-12-15,58.77153015136719,58.86337935793257,56.06010050875582,56.54047809589706,29092000
2021-12-16,57.00983810424805,58.8450143256348,56.166650165931784,58.54190562675567,42748000
2021-12-17,58.32146072387695,58.78347127350672,56.49730758812475,56.72050459418399,50661000
2021-12-20,59.24639892578125,59.34376315361239,57.4148981934236,57.5260394524852,32770000
2021-12-21,59.73725128173828,60.035824804356366,58.541102390707344,59.9091835357988,36534000
2021-12-22,60.56549072265625,60.746675812936346,59.09202806512695,59.46732895539204,28383000
2021-12-23,61.45289611816406,62.00104953632708,60.65145315335164,60.65145315335164,23596000
2021-12-27,62.32921600341797,62.515937286564075,61.42147100728619,61.452903880793606,19442000
2021-12-28,61.841148376464844,62.650906385012426,61.659046446133566,62.631490924178145,17247000
2021-12-29,62.174842834472656,62.58064213795714,61.85223450394442,61.915093196887725,14797000
2021-12-30,61.478797912597656,62.46048827421127,61.36417404266198,62.22014699176878,11473000
2021-12-31,61.50929260253906,62.05467450515574,61.311477765388915,61.653494533987924,12046000
2022-01-03,61.31609344482422,62.090723013615126,61.121974115621484,61.59341080224147,22591000
2022-01-04,62.01862716674805,62.13602264128617,60.75314541977155,61.27542340021098,21103000
2022-01-05,59.437744140625,62.0454240391259,59.346224205633504,62.0454240391259,34961000
2022-01-06,58.88589096069336,59.96002141872039,58.64555325250899,59.17522220024668,28581000
2022-01-07,57.233097076416016,59.15211379288272,57.16931450978754,58.77681291114702,27832000
2022-01-10,57.41890335083008,57.50024658302486,55.79291321367895,56.281914112092856,29793000
2022-01-11,57.50117111206055,58.05117588091974,56.80973251550991,56.8993976622485,19037000
2022-01-12,57.496551513671875,58.3275691850772,57.287639608558266,58.00588469767921,18806000
2022-01-13,55.20315933227539,58.04008382637834,54.922146470199976,58.002187359622276,30048000
2022-01-14,55.12735366821289,55.49802811490678,54.72339860214575,55.07281336943708,25661000
2022-01-18,53.40985870361328,54.63466536958353,53.243469687227446,54.383234096846714,35825000
2022-01-19,52.13235855102539,54.05137531997482,52.07319887888965,53.76019632929657,22692000
2022-01-20,50.63023376464844,52.702698067314955,50.54241637495287,52.504879735138125,25225000
2022-01-21,49.29080581665039,51.340159117274474,49.116094915365025,50.53040127709829,38010000
2022-01-24,50.06266403198242,50.241070430150096,47.45775571741507,49.07449978777711,54256000
2022-01-25,49.37492752075195,50.415780850239,48.45794030042388,48.807355074146734,38158000
2022-01-26,51.49916458129883,53.07523384137579,50.84747366813454,51.02588010310973,49715000
2022-01-27,50.13014221191406,52.71379085428698,50.01182287960684,52.66387345343637,34183000
2022-01-28,51.774627685546875,51.811603807142525,49.21316557385484,50.227212611762965,30254000
2022-01-31,54.157684326171875,54.202978838802096,51.395628824841495,51.70991879107108,40288000
2022-02-01,54.789955139160156,54.89903221515526,53.22775123269849,54.15675588974081,25719000
2022-02-02,55.77996826171875,55.90660952447324,54.87407454219735,55.37046992674029,24443000
2022-02-03,53.692726135253906,55.372329423928186,53.6252480565581,55.06266230880966,30602000
2022-02-04,54.553314208984375,55.14214636362657,53.25733055486351,53.27951763591825,20548000
2022-02-07,54.3194465637207,55.60895955986138,53.998685975735384,54.55331362889333,18671000
2022-02-08,55.483238220214844,55.63391430029526,54.260283027395566,54.38877202823736,14570000
2022-02-09,56.51115036010742,56.546278726905875,55.60710445620384,56.14232366614191,22004000
2022-02-10,54.664241790771484,56.81620173218708,54.40633637144926,55.02844561266236,24920000
2022-02-11,53.005897521972656,55.4407215379845,52.604717590820094,54.66424072564624,27281000
2022-02-14,53.482887268066406,53.87389757915541,52.696236696765325,53.15195698223157,19291000
2022-02-15,55.71895980834961,56.02123233391824,54.376757801551186,54.448858760829566,34284000
2022-02-16,55.20500946044922,55.53778749291356,54.28155147823176,54.91382691892445,22931000
2022-02-17,53.52171325683594,54.684585147492065,53.5115435890524,54.51080160471253,21424000
2022-02-18,53.61322784423828,54.329621721284745,52.992966245906935,53.7010452556212,19708000
2022-02-22,53.37935256958008,54.55794083340664,52.6722010217789,53.6132231794575,20204000
2022-02-23,52.24513244628906,54.082802384595034,52.20353343438406,53.635400550867594,22416000
2022-02-24,53.61414337158203,54.14011683137205,50.75040900505224,50.987051220881206,35316000
2022-02-25,54.35457229614258,54.4812135602186,53.05951603484193,53.598430786435685,22380000
2022-02-28,54.30188751220703,54.75113715265247,53.279522105824185,53.70658466335348,25005000
2022-03-01,52.70085525512695,54.31852337794291,52.25530114748211,54.05692245843227,24898000
2022-03-02,54.148433685302734,54.58751713514809,53.02069034081481,53.10758033581669,21771000
2022-03-03,53.48473358154297,54.88054860200344,53.09002073223817,54.87870085388813,26454000
2022-03-04,55.09223175048828,56.00921906128759,53.98482412424417,54.79642984716423,44757000
2022-03-07,52.75446701049805,55.35012976361378,52.68976056909107,55.192986556264444,26494000
2022-03-08,53.239768981933594,55.097774781472246,52.0990808098402,52.89035067121564,26993000
2022-03-09,55.187442779541016,55.61450884222819,54.26121321695863,54.42667835163288,22560000
2022-03-10,54.32868957519531,54.54037308868965,53.27859392626318,54.12809960226258,19323000
2022-03-11,53.415401458740234,54.9480273371831,53.347923393674414,54.72340253457243,19813000
2022-03-14,52.48640060424805,53.61229984771332,52.20446385634324,53.33313472203945,25234000
2022-03-15,54.79365539550781,55.163405992450826,53.15565147072099,53.361788213104376,28260000
2022-03-16,56.121070861816406,56.17560764032055,53.9894430789607,55.15324227574765,29454000
2022-03-17,55.709716796875,56.10997640440915,55.243830397140954,55.899216759951805,18174000
2022-03-18,56.42518615722656,56.68401191615642,55.092226446264796,55.82988338545139,41538000
2022-03-21,55.9580192565918,56.359121752711964,54.80124269665167,56.359121752711964,25789000
2022-03-22,56.8932991027832,57.094315399148314,55.7756090180807,55.99803230925502,19262000
2022-03-23,55.78025817871094,56.896087920456026,55.75978485731702,56.58246304930934,13839000
2022-03-24,58.297630310058594,58.37114896437358,56.024093704761704,56.45497429346798,26016000
2022-03-25,58.524696350097656,58.668013153196966,57.70573862513929,58.35811231074587,14538000
2022-03-28,58.89787673950195,58.93696668999001,57.306495779963456,58.24643673273072,14427000
2022-03-29,59.697296142578125,60.05465448280009,58.62985752882179,59.56049018800943,23001000
2022-03-30,58.73129653930664,59.959731343913575,58.38137917679215,59.45532862187166,18626000
2022-03-31,58.60007858276367,59.467431072616556,58.44838712798969,58.67453090295651,21731000
2022-04-01,58.348812103271484,59.05516128804419,57.57731536192023,58.787137189816995,16267000
2022-04-04,59.08121871948242,59.255247293499366,58.119874240566865,58.29669317910468,16484000
2022-04-05,57.15201187133789,58.84018230338208,57.0477814676098,58.58798093719519,19778000
2022-04-06,56.024085998535156,56.916562365230455,55.25817359844655,56.031530520090634,23742000
2022-04-07,56.121803283691406,56.548963337160224,55.20885357432169,55.82214087126078,16583000
2022-04-08,54.62813949584961,55.70674315045474,54.53228373257143,55.594134550359044,20464000
2022-04-11,54.03345489501953,54.84031382028062,53.923640230509825,54.21678819294117,23512000
2022-04-12,54.44852066040039,55.70673702382872,54.17863635854144,54.824495600189856,17350000
2022-04-13,55.14371109008789,55.53178475262154,54.539728541153856,54.767732556890394,20266000
2022-04-14,53.404354095458984,55.56435527292506,53.3122223701405,55.37171362901777,27385000
2022-04-18,54.581600189208984,55.02085886409124,53.3112852031335,53.3112852031335,21375000
2022-04-19,55.61647415161133,55.716980526762136,53.91713858856832,53.91713858856832,16581000
2022-04-20,55.625770568847656,57.0877935724085,55.38473777888009,56.228819379496464,13920000
2022-04-21,55.1613883972168,57.31487514981279,54.968750305591456,56.35353073424998,20352000
2022-04-22,54.62348937988281,55.72070619543901,54.55927549245422,54.91757109189132,21064000
2022-04-25,54.71002197265625,54.791918797439614,53.150283117090616,54.11534785936739,26959000
2022-04-26,52.1219482421875,54.48482615047635,52.08844611650461,54.33034077363872,35809000
2022-04-27,52.07261657714844,53.05350415935652,51.650110700125886,51.72362934268813,19313000
2022-04-28,53.878047943115234,54.4438706385221,51.92651114917685,52.668226199895315,22334000
2022-04-29,51.59333801269531,53.816619154044346,51.501206297566036,53.28988291140887,26108000
2022-05-02,53.63700866699219,53.75706177836101,51.778537369872694,51.84926564670982,26725000
2022-05-03,54.08557891845703,54.60487069385351,53.210781944749115,53.605373544432716,17064000
2022-05-04,56.17858123779297,56.21673752379629,53.416460900319514,54.143287027495646,23896000
2022-05-05,53.97576904296875,55.63973871398734,53.44530866277247,55.30098987192707,32806000
2022-05-06,53.98600387573242,54.90547161055452,52.99302103910416,53.50579845942407,20745000
2022-05-09,52.387168884277344,53.7905622715899,52.140551819243235,53.31407742626906,30074000
2022-05-10,54.106056213378906,55.014355376372535,53.213579766434975,54.02229912570548,29271000
2022-05-11,52.77710723876953,54.41316245996204,52.66077815666465,53.47229136706368,26660000
2022-05-12,53.19216537475586,53.38201307770815,51.95349227364889,52.431837341457445,25518000
2022-05-13,54.74353790283203,55.05529899811852,53.37178269342399,53.70216041837276,19449000
2022-05-16,54.22517395019531,54.82729626087161,53.75799735713508,54.38431347675471,14189000
2022-05-17,56.59642791748047,56.675534397202306,55.24328926957235,55.41452393020616,24676000
2022-05-18,53.0991096496582,55.9049666945593,52.690562657912295,55.83796244605423,35024000
2022-05-19,50.83208465576172,52.18522674904667,50.1573774020843,51.92930134933077,34884000
2022-05-20,50.551029205322266,51.64917588735116,47.68933343266289,51.54773586119045,40281000
2022-05-23,48.98478317260742,49.841893654784045,47.85871493286482,48.76515380354449,58586000
2022-05-24,48.78376388549805,49.21837202120918,48.03832832234587,49.01270157199017,25060000
2022-05-25,49.47523498535156,50.016864012559246,48.75585686421028,48.75585686421028,17842000
2022-05-26,51.2462158203125,51.61009208277319,49.11134230749175,49.46684392748972,39743000
2022-05-27,54.281944274902344,54.48482436558852,52.116362255594794,52.30993403106821,37301000
2022-05-31,53.98879623413086,54.630931530455456,53.60444304779149,54.39548298682773,30009000
2022-06-01,53.382938385009766,54.99479589738046,52.89993920404409,54.68210120590995,18345000
2022-06-02,53.673301696777344,53.7691574462105,52.87202701133755,53.76729720352678,29488000
2022-06-03,52.42439651489258,53.00883225639929,52.20662740639511,52.94089789396885,20562000
2022-06-06,52.229896545410156,53.2991918272359,51.88649358492741,53.18751690474047,14557000
2022-06-07,53.32432556152344,53.46857250125502,51.885566000101015,52.165688785749275,15895000
2022-06-08,52.61425018310547,53.62957009942166,52.31458775723598,53.21543882792089,24004000
2022-06-09,51.76365661621094,53.38481586444903,51.73666534105654,52.22338871422735,18787000
2022-06-10,50.372352600097656,51.28158180994949,50.22810567486993,51.19317057186446,24018000
2022-06-13,48.17141342163086,49.60272491699281,48.022512323478026,49.023873362332566,31619000
2022-06-14,48.408721923828125,48.85542876566286,47.889430101558254,48.85542876566286,24380000
2022-06-15,49.017356872558594,49.67996548857229,47.975975801325035,49.24443077130855,19141000
2022-06-16,46.269195556640625,47.8745391070159,45.81318751804323,47.64374117314829,37244000
2022-06-17,46.406002044677734,46.565138024203044,45.402777248219955,46.06631954057475,43504000
2022-06-21,47.27115249633789,47.94113357497047,47.18858028417951,47.30024320069939,21901000
2022-06-22,46.55144119262695,47.27115244841777,46.37315279575616,46.57114641316931,24721000
2022-06-23,46.59648895263672,47.08161329709063,46.07382982661779,47.08161329709063,16707000
2022-06-24,47.77035903930664,48.024651263181795,47.0534612195509,47.38657433234556,21201000
2022-06-27,47.453189849853516,48.234833805910846,47.18200951744395,48.21231508904304,13207000
2022-06-28,46.77195739746094,48.245163477147926,46.740053193060554,48.10065851454906,15667000
2022-06-29,46.017520904541016,46.53548721201193,45.666578265362396,46.49326327357992,14444000
2022-06-30,45.585880279541016,46.32998947284348,45.10732084867042,45.79419362672896,18890000
2022-07-01,44.8380241394043,45.44137982382845,44.04887379201526,44.985346188217434,21315000
2022-07-05,44.69350814819336,44.75262380376243,43.53089309630901,44.290018294904975,20711000
2022-07-06,45.28561019897461,45.702236902177006,44.61844262666397,45.09043366090658,22975000
2022-07-07,46.7803955078125,47.04782451164611,45.80169935179571,45.80169935179571,21319000
2022-07-08,46.79448318481445,46.88268957139295,45.97905913312459,46.25962502819842,12713000
2022-07-11,45.3090705871582,46.131062914588405,45.13266142198196,45.93119719726639,21449000
2022-07-12,45.16926574707031,46.22302816803426,45.047279485638825,45.77450073171246,21159000
2022-07-13,45.20302963256836,45.56992254026905,44.31722906561835,44.569645572987554,17665000
2022-07-14,45.47609329223633,45.66751491797308,44.424203234351566,45.270593441206046,19957000
2022-07-15,46.397544860839844,46.42381848489015,45.61590096583049,46.056925580543,18714000
2022-07-18,46.07851028442383,47.1435371381628,45.80920561557572,46.93240671638215,18042000
2022-07-19,47.761905670166016,47.982414402000245,46.53173089981066,46.61712017951953,27257000
2022-07-20,48.02183151245117,48.569829953665774,47.336837935324645,47.812580319538874,27412000
2022-07-21,48.57640075683594,48.588596159508256,47.482286644473,48.09502777433719,13912000
2022-07-22,48.09220886230469,48.77438894954056,47.54421399448025,48.68243124989323,17867000
2022-07-25,48.1475715637207,48.16727678440554,47.530137736082494,47.89890993419585,15061000
2022-07-26,47.95802688598633,48.49476060084009,47.754402687253645,48.29020214911248,17958000
2022-07-27,49.525054931640625,49.75025996510003,48.50601065657919,48.625179789121994,25699000
2022-07-28,50.07119369506836,50.34425333947565,48.84852478705651,49.600143973430505,14867000
2022-07-29,50.24665832519531,50.46717067487266,49.75777910985404,49.91823796153554,18482000
2022-08-01,50.330169677734375,50.651083787065694,49.77372717024692,49.8666262799195,11485000
2022-08-02,49.845977783203125,50.59571756244641,49.47251643202749,50.03458591346675,13072000
2022-08-03,51.3032341003418,51.421465423094695,50.11903804884166,50.22882529983028,19228000
2022-08-04,51.87187576293945,51.90471779942232,51.140903308425315,51.459941768336144,16293000
2022-08-05,51.74425506591797,51.796802316714015,50.97856144072839,51.13057619868525,14357000
2022-08-08,51.189693450927734,51.88969945492179,50.55255443565906,51.548142314104375,13722000
2022-08-09,49.995174407958984,50.60979470966078,49.521311301002946,50.585396748178006,20072000
2022-08-10,51.64760208129883,51.7048420708032,50.599467034915094,51.23941949589755,19519000
2022-08-11,51.1803092956543,52.33823170313262,51.06958421379441,51.97978283065446,14268000
2022-08-12,52.38139343261719,52.398281574734355,51.20094880965898,51.40363157165573,18399000
2022-08-15,52.44989776611328,52.527780819025494,51.65605475772315,52.006059579570554,14329000
2022-08-16,51.76396179199219,52.35418054822581,51.23473435949022,52.3147701089814,14782000
2022-08-17,50.538482666015625,51.11275114572463,49.83002897077074,51.08084694357265,19022000
2022-08-18,52.40204620361328,52.60003626085145,50.82374200257457,50.990769267017136,23459000
2022-08-19,51.46181869506836,52.13273766782132,51.4092714354075,51.68983729095775,16923000
2022-08-22,49.615150451660156,50.96073970691043,49.45563300998208,50.91194735776058,18555000
2022-08-23,49.71179962158203,50.4474648062614,49.630161658225575,50.09370507106803,9003000
2022-08-24,49.8112678527832,49.854433209249194,49.11689229598644,49.69116084798513,11883000
2022-08-25,51.62134552001953,51.65418756099844,49.944518605729904,50.056181545058166,17345000
2022-08-26,48.874794006347656,51.70203707256968,48.79409745048203,51.50029210339195,25682000
2022-08-29,48.24797439575195,49.05119929912216,48.04341594501599,48.79409359206821,16580000
2022-08-30,47.517005920410156,48.59798325384378,47.04783190455595,48.49757789537889,18282000
2022-08-31,46.83387756347656,47.87075147897776,46.59272220145567,47.87075147897776,32445000
2022-09-01,46.167659759521484,46.28776675615981,45.11952450826525,46.116988166137325,31930000
2022-09-02,46.93803787231445,48.776261057726906,46.75787739573036,48.60642031756752,40426000
2022-09-06,46.74849319458008,47.29273670758678,46.01376588382633,46.77945956372994,24738000
2022-09-07,47.398773193359375,47.80226312151818,46.83107308037165,47.19045982188682,20440000
2022-09-08,48.03684616088867,48.112849966162145,46.79541010693813,47.16136522566555,22535000
2022-09-09,49.0192985534668,49.354287311657,48.366205601625396,48.366205601625396,23019000
2022-09-12,49.64424133300781,49.85067905386256,49.221987565097756,49.42748387381862,18157000
2022-09-13,47.2598991394043,48.63176204122455,47.075042319022245,48.21607312789713,35136000
2022-09-14,47.926124572753906,48.13725143987735,47.17732255755569,47.586443056654986,20605000
2022-09-15,46.9305305480957,48.002122217384034,46.66216371456121,47.75533984767269,36574000
2022-09-16,47.151981353759766,47.26364426557478,45.9659096810588,46.70345046211107,59012000
2022-09-19,47.09004592895508,47.23549227730293,46.3937948715106,46.3937948715106,17948000
2022-09-20,46.26618194580078,46.807608376329746,45.95277408665116,46.54205502936628,17132000
2022-09-21,45.620872497558594,47.29945853636196,45.58586006951131,46.458272319175656,20669000
2022-09-22,45.19222640991211,45.72210508950623,44.75601858600019,45.64830107478102,23540000
2022-09-23,44.34726333618164,45.22819043595404,43.715191572752985,44.94053988675606,29649000
2022-09-26,43.73978805541992,44.78441073963568,43.64989636887568,44.37564251661626,19361000
2022-09-27,43.97539138793945,44.461746400988936,43.195711696761,44.42957828803012,17850000
2022-09-28,44.08987808227539,44.35387169130523,43.180562350639214,43.652724619188994,27605000
2022-09-29,42.59202575683594,43.6555731726463,42.09526086069368,43.611100178550934,39997000
2022-09-30,42.0129508972168,43.3196760995597,41.977938468482755,42.49078753027554,27202000
2022-10-03,43.22126388549805,43.615835858270486,42.29302315872882,42.50781535720083,21479000
2022-10-04,45.40513229370117,45.43351762569158,44.080428121378795,44.33022914957412,27277000
2022-10-05,45.872554779052734,46.18385850984081,44.61030288437373,44.713441533611814,18493000
2022-10-06,45.37106704711914,46.33620799437553,45.29726302168578,45.77699460129512,17250000
2022-10-07,43.57136917114258,44.78820268753146,43.43322167584346,44.69736528605529,28425000
2022-10-10,41.4158821105957,43.53540430578933,40.86139721262353,43.52594373230082,33454000
2022-10-11,40.75920486450195,41.510499233971906,40.26906345275087,41.179325043280606,28046000
2022-10-12,40.74122619628906,41.22852691420415,40.49899438183495,40.90018980934483,15046000
2022-10-13,41.441429138183594,41.990232622656656,39.274593310397876,39.49695468091463,27980000
2022-10-14,40.41289520263672,42.00821658103535,40.34760605032613,41.94387312520338,22816000
2022-10-17,41.195411682128906,41.750842270507604,41.008062730945134,41.59093295262568,24120000
2022-10-18,41.144317626953125,42.44252410801918,40.70243197956554,42.41035238418551,20341000
2022-10-19,41.18879318237305,41.47266095171492,40.77056792894832,40.99292933048609,12702000
2022-10-20,40.71568298339844,41.84073690414984,40.51130065430637,41.17270703688062,23402000
2022-10-21,42.554176330566406,42.6421766226032,40.60875625679738,40.88505118519151,26980000
2022-10-24,43.19666290283203,43.411455109070914,42.68475958576347,42.83804542814078,25287000
2022-10-25,43.532569885253906,43.92903327118777,43.22599458632009,43.33575673696798,18246000
2022-10-26,43.637596130371094,44.63869153953837,43.08500624913799,43.33575294961549,29291000
2022-10-27,43.0906867980957,44.54501991977405,43.044322406231515,44.09840575596405,18512000
2022-10-28,44.74656295776367,44.882815427840974,43.11433792023881,43.23829272777629,23094000
2022-10-31,44.483524322509766,44.73805386573168,44.000006262894445,44.174111891649744,19259000
2022-11-01,44.27345275878906,45.11842161019393,43.825892941958664,45.02096435375877,16324000
2022-11-02,43.150299072265625,45.46095675244875,43.12096443461248,44.49865646964721,21070000
2022-11-03,42.023345947265625,42.85033929313554,41.762193003460204,42.66866815086148,23887000
2022-11-04,44.027435302734375,44.36712799015221,42.89008383394999,43.2288308250114,28891000
2022-11-07,44.96608352661133,45.2045289582073,43.674500495938325,44.16652972031878,17687000
2022-11-08,45.61802673339844,46.2510477526785,44.803334547068424,45.53665352821726,20743000
2022-11-09,44.4220085144043,45.32375528251962,44.38037621637272,45.27644158713225,23695000
2022-11-10,47.93247604370117,47.98924670629633,46.09870928559269,46.459214543562794,33970000
2022-11-11,49.02251052856445,49.1086194320066,47.50005126154737,47.7649906274366,26728000
2022-11-14,48.561710357666016,49.67824585139787,48.540894206008076,48.7670420037929,21608000
2022-11-15,49.62146759033203,50.392632437323094,48.81623601726524,50.145668525678516,23315000
2022-11-16,48.42072296142578,49.06509597647187,48.28352117633214,48.89288537515074,25405000
2022-11-17,48.45667266845703,48.51628402454091,47.607917409381564,47.783914388569805,20375000
2022-11-18,48.745277404785156,48.98845496296994,48.351651080770864,48.90708174791127,14536000
2022-11-21,48.96100616455078,49.283665484380705,48.36205191239319,48.53520819088747,18622000
2022-11-22,50.15419006347656,50.175951909631145,49.109567305131996,49.484268829010105,18920000
2022-11-23,50.493873596191406,51.235707381308714,50.03590752384683,50.18256986179228,13964000
2022-11-25,50.14094543457031,50.58282751989436,50.1002588296106,50.21474946327961,7455000
2022-11-28,49.412353515625,50.03212393018647,48.84746236644461,49.69905472385663,23505000
2022-11-29,49.33476257324219,49.75677415722451,48.71404646893564,49.487102705490756,12694000
2022-11-30,52.13935089111328,52.19896225070235,48.997913455155555,49.59213565822613,47349000
2022-12-01,52.112857818603516,52.27087575038743,51.28113225025161,52.13935175663846,23006000
2022-12-02,51.1713752746582,51.35115505830851,50.72476110013214,50.816544189630804,19320000
2022-12-05,50.21001434326172,51.046471983281506,49.722713590537786,50.8846676601329,18548000
2022-12-06,49.753936767578125,50.48725209563817,49.36882539139515,50.21095716156281,19655000
2022-12-07,49.061309814453125,49.676351804414395,48.82948785003382,49.165394176710734,16524000
2022-12-08,50.251651763916016,50.3784436667933,49.239197105175855,49.279887318434476,27514000
2022-12-09,51.54228973388672,52.29169280225364,51.19029574289843,52.13083777841803,37028000
2022-12-12,52.66923141479492,52.69194256751378,51.307627062542984,51.54512681247863,23416000
2022-12-13,54.03273010253906,55.054641724063984,53.46405251901424,54.48502205363731,40414000
2022-12-14,54.35443878173828,55.415145517007026,53.71952641091569,53.79711682543313,35218000
2022-12-15,52.798866271972656,53.60220294789397,52.77048093939068,53.34577842958823,36876000
2022-12-16,52.60110092163086,52.96917894134673,52.1242100674439,52.74681757152132,49549000
2022-12-19,52.44081497192383,53.09437881321127,52.06775496029524,52.85966900170197,25092000
2022-12-20,51.90556335449219,52.38071183014909,51.60978754119548,52.015284115799545,29831000
2022-12-21,53.547584533691406,53.61246485307417,52.18511238523509,52.253807053025405,25619000
2022-12-22,52.770931243896484,52.94744311509182,52.20896275231345,52.79573906528889,27553000
2022-12-23,52.707969665527344,52.82150841327638,52.23282119810818,52.476120594510796,13761000
2022-12-27,52.813873291015625,53.24990282340914,52.184160022676195,52.62400390356677,16677000
2022-12-28,51.98855972290039,53.21745677710464,51.75575710273446,52.63258764581085,15410000
2022-12-29,53.221275329589844,53.67829468321133,52.52382100101287,52.6526280516286,18176000
2022-12-30,53.34720993041992,53.39682556899209,52.286238898557876,52.649755707072636,14376000
2023-01-03,52.80814743041992,54.15249051877587,52.551490551210705,53.907283964197475,20173000
2023-01-04,53.453121185302734,54.20878067789783,53.05144266396423,53.71550320631806,17074000
2023-01-05,52.955074310302734,53.41495802460663,52.582971556012616,53.02090821049053,16277000
2023-01-06,56.14276123046875,56.387967768027366,53.64966977405609,53.72790758752717,35261000
2023-01-09,55.041709899902344,57.40599762121151,53.483647155959986,56.511995332551614,37739000
2023-01-10,54.85471725463867,54.87379991609323,52.47516432990196,54.575163361638076,44635000
2023-01-11,55.16098403930664,55.18006670003249,54.085701766904855,54.670570941552945,22502000
2023-01-12,55.52354431152344,55.82599882622344,54.74308063637084,54.917681695085506,19514000
2023-01-13,55.2430419921875,55.52259588538151,55.02073244375127,55.0665301033448,19647000
2023-01-17,55.265933990478516,55.84984954778795,54.81750058576512,54.85185155707936,15835000
2023-01-18,54.79364776611328,56.05975288913287,54.739264189874916,55.64471324589974,15703000
2023-01-19,53.737449645996094,54.39006354092216,53.459802937498715,54.300375399361776,22692000
2023-01-20,54.45875549316406,54.51409629847392,53.34530795340727,53.71932153410087,22950000
2023-01-23,55.49396896362305,55.7954699132808,54.36334950152011,54.57516230803744,23429000
2023-01-24,55.81836700439453,55.97674981596031,54.92150376990649,55.18961097296674,13825000
2023-01-25,55.88038635253906,56.003464602739996,54.960622472318846,55.116140882326995,13766000
2023-01-26,57.11118698120117,57.30009912584588,55.935719886974454,56.331676888667914,24525000
2023-01-27,56.38701629638672,57.17511234329118,56.31068929378832,56.60932583425855,19344000
2023-01-30,55.47679901123047,56.2553519560523,55.31555543306641,55.624685090142535,16984000
2023-01-31,55.81645584106445,56.028268632753495,55.40905215631442,55.53594838599066,23719000
2023-02-01,57.509056091308594,58.038588117406405,55.59606204783493,55.6790678034689,26553000
2023-02-02,57.79719543457031,58.50037494247008,57.22281934077544,57.97466090882334,24188000
2023-02-03,57.01959228515625,58.01377594181049,56.888878065906006,57.05584679141987,19093000
2023-02-06,57.370697021484375,57.55388398001534,56.50818129442248,56.61122327616277,18709000
2023-02-07,58.62535858154297,58.869611527855646,57.21995328294987,57.30964141871463,24025000
2023-02-08,57.40982437133789,58.21795664587933,57.30582514773114,57.88401555379763,15290000
2023-02-09,57.19038391113281,58.6711627864315,56.81541670707355,58.44885323590454,18837000
2023-02-10,56.60264587402344,57.09973770611764,56.25725809644441,56.89460365903312,21035000
2023-02-13,57.3535270690918,57.38787439965094,56.62363264604092,56.7696115306511,19847000
2023-02-14,57.467071533203125,57.7790655796949,56.60932721203822,56.690425791661994,17571000
2023-02-15,57.980384826660156,58.036675582538756,56.93181390358012,57.13790518515711,12683000
2023-02-16,57.29819869995117,58.09965230780634,57.20374261650442,57.318234949156405,17449000
2023-02-17,56.82590866088867,57.32777209713256,56.526318522315755,57.2466735164991,14215000
2023-02-21,55.485382080078125,56.58737935130929,55.323184923120024,56.292560795795424,22737000
2023-02-22,54.9730224609375,55.63326501558306,54.58469779771363,55.55312002871242,23475000
2023-02-23,55.70100784301758,55.905188291066466,54.73544640586379,55.88705921903789,18939000
2023-02-24,55.123775482177734,55.36134605305505,54.72877205172144,55.10278200780364,15353000
2023-02-27,55.85844802856445,56.27348778195571,55.744909271300855,55.89852417077409,18321000
2023-02-28,56.70187759399414,57.111192130489435,55.54644664243637,55.868937434772896,27822000
2023-03-01,56.633174896240234,57.0758831461847,56.32118086579266,56.67420461713984,15484000
2023-03-02,57.11787033081055,57.33636188962324,55.9233204805645,56.23436094506741,27525000
2023-03-03,60.372337341308594,60.65570919388692,58.74939409063562,58.93544547150181,46088000
2023-03-06,60.387603759765625,61.44952849782142,60.27406502597331,60.58605905704917,24983000
2023-03-07,59.64625549316406,60.66047534161533,59.489783513056594,60.57365160907913,19334000
2023-03-08,60.324642181396484,60.36948261685303,59.50505947547314,59.897198546619535,20912000
2023-03-09,59.39532470703125,61.29591826095837,59.334262381192794,60.11663321254423,21775000
2023-03-10,58.66162872314453,60.12427865976304,58.469852141372584,59.93632006653333,26098000
2023-03-13,58.81808853149414,59.57374437575755,57.90309630237892,57.92313254886367,22364000
2023-03-14,60.34370803833008,60.43053540804253,59.01176905323699,59.4783314985786,25893000
2023-03-15,59.73117446899414,60.115681145634596,58.79232799177438,59.88669286839373,22963000
2023-03-16,60.729183197021484,60.78356678183295,58.9459461061896,59.33141005456521,31716000
2023-03-17,60.20155334472656,61.02208954328456,59.83040415330096,60.72917816756575,79303000
2023-03-20,61.417091369628906,61.51536179059259,60.26166051674484,60.37042767452554,25857000
2023-03-21,61.19029235839844,62.135892451685926,60.9577350532022,61.79955151390703,25000000
2023-03-22,60.630043029785156,62.319442352825334,60.60602077137973,61.20470765242386,25799000
2023-03-23,61.428619384765625,62.2886954478483,60.68866561542341,61.39690619008946,27162000
2023-03-24,61.134559631347656,61.4353455879174,60.40229313893887,61.313302394463086,17228000
2023-03-27,60.23796844482422,61.416129639492794,60.15628616030419,61.40652146842525,14707000
2023-03-28,60.03232192993164,60.20914013759481,59.471110895234744,60.08325146841206,12439000
2023-03-29,60.109195709228516,60.92698996554417,60.02655297791812,60.80878857145384,26395000
2023-03-30,60.90200424194336,61.12302882729913,60.474369160257396,60.803983304391274,21523000
2023-03-31,61.650604248046875,61.71595153815889,60.148595355144145,60.59352953234402,22097000
2023-04-03,61.73998260498047,61.87740034991181,61.160511997432806,61.40652297338642,15682000
2023-04-04,60.96543884277344,61.91008235066389,60.73384193916134,61.80533457973757,13429000
2023-04-05,60.44650650024414,60.70500700556954,60.12842140115903,60.651192446913676,16908000
2023-04-06,59.83435821533203,60.387881971399956,59.481678590178696,59.98042734069567,14493000
2023-04-10,60.29082489013672,60.3369521779028,59.23951644048278,59.39327284442244,15400000
2023-04-11,59.73153305053711,60.6262036644551,59.65945894074165,60.61659182803357,16518000
2023-04-12,59.26353454589844,60.3033138500733,59.221252729178815,60.286018409525084,14112000
2023-04-13,59.98811721801758,60.20530001449192,59.30293839607104,59.4912930127585,17265000
2023-04-14,59.536460876464844,60.35233435399409,59.12035847448342,59.626794556818886,17465000
2023-04-17,60.28794860839844,60.382124092970045,59.37021236038235,59.44709240173835,13201000
2023-04-18,60.764583587646484,61.070175475781916,60.26583850517962,60.697315394137625,16806000
2023-04-19,60.974082946777344,61.19414709822353,60.11400680031714,60.233168655140645,19060000
2023-04-20,60.83185577392578,61.7649701556255,60.266802911363484,60.3359920104163,20239000
2023-04-21,60.8203239440918,60.906812146907896,59.77189688872786,60.59929935152659,14807000
2023-04-24,60.97792434692383,61.39210581854747,60.71365747632377,60.89143614098301,12338000
2023-04-25,59.7747802734375,61.11726653087044,59.74787299457247,60.925070110759435,23670000
2023-04-26,59.21452331542969,59.88144251216407,58.95698329274281,59.57777520696703,17179000
2023-04-27,59.42786407470703,59.589307739950684,57.96910105279364,59.21452675539461,18250000
2023-04-28,60.205291748046875,60.23219902304463,59.05788342729796,59.49128484434966,16183000
2023-05-01,61.30561065673828,61.40555249080045,60.17646185484579,60.20529369744928,17030000
2023-05-02,58.84455108642578,60.205296820983115,58.14111274386765,60.13418315999356,28357000
2023-05-03,58.927188873291016,59.768044883087796,58.850312515775634,59.28274981671238,19816000
2023-05-04,58.63505172729492,59.000224513266524,57.78266663100518,58.61967718867759,17684000
2023-05-05,60.55317687988281,60.68290736150028,58.94353866168249,59.19147055190921,24876000
2023-05-08,60.4513053894043,60.611792271713774,59.63639611866643,60.520498150855936,13934000
2023-05-09,59.437477111816406,59.971780871394174,59.182814754702214,59.843007184127806,16990000
2023-05-10,60.18318557739258,60.34943514212714,59.41440368794559,59.77861600972623,19174000
2023-05-11,60.3177375793457,60.39557807177817,59.38751180195096,60.21299347129857,14430000
2023-05-12,60.65214920043945,60.801099669231206,59.98523000162211,60.385957791184566,11942000
2023-05-15,61.4833984375,61.50453934672929,60.39461045253702,60.72134325966329,14614000
2023-05-16,61.640995025634766,62.16665472022025,61.380573636292446,61.54681955417919,14967000
2023-05-17,63.181461334228516,63.51107188980059,61.942758516313326,62.20894999797704,24133000
2023-05-18,65.14472198486328,65.28502106746798,63.04017709233026,63.04017709233026,26389000
2023-05-19,65.56273651123047,65.82220473209057,65.1937256317699,65.34651788163495,22968000
2023-05-22,65.18988800048828,65.7962695186831,64.78147659067965,65.48106579674625,17796000
2023-05-23,65.97117614746094,67.17143883377955,65.54065965209033,66.36902265810112,36088000
2023-05-24,65.30136108398438,65.76070566034026,64.96790149734997,65.48490242543386,23021000
2023-05-25,70.03610229492188,70.38109465071292,66.38150746713018,67.21179126957227,49263000
2023-05-26,78.10160064697266,78.31781932235704,71.78701235145829,71.8264054864093,82500000
2023-05-30,77.19923400878906,88.58106322695821,76.76390800317459,80.2532245379708,116912000
2023-05-31,77.6432113647461,78.96071491096093,75.92978957145755,76.38817376295948,89998000
2023-06-01,75.9124984741211,77.43468805070445,75.45218602348478,76.9378564818753,80792000
2023-06-02,78.03143310546875,79.16250641362197,75.64821108590804,75.9787893139165,62815000
2023-06-05,77.09929656982422,77.76236664856097,76.34780639412084,77.76236664856097,26222000
2023-06-06,75.91728210449219,77.07045307720398,74.60843019110823,77.07045307720398,37823000
2023-06-07,76.1700210571289,77.40199296999901,75.67799918595522,75.89998786430532,28957000
2023-06-08,77.2818832397461,77.35972372395521,75.80005468318974,76.3891334610696,21909000
2023-06-09,77.32225036621094,78.5840185424435,77.2511403617874,77.43564952472404,19241000
2023-06-12,82.19824981689453,82.45194805091256,77.94687799732968,77.94687799732968,51065000
2023-06-13,81.7907943725586,82.9574191768179,80.81828321965625,82.75273323790782,38990000
2023-06-14,85.15998077392578,85.38677173646857,81.41601265676123,82.25013827692395,43524000
2023-06-15,84.89572143554688,85.33200060764007,83.70314242818878,84.98989691307078,33814000
2023-06-16,83.42349243164062,85.52227475615679,83.16787329342368,85.45788791342565,68299000
2023-06-20,83.41580200195312,84.28452575327488,82.74119188177008,82.89975418350134,27535000
2023-06-21,81.89227294921875,83.66409656545342,81.59664715736756,83.08443916172965,23229000
2023-06-22,81.38700866699219,82.01304284889923,80.69914868043647,81.64399704382589,23464000
2023-06-23,79.42774963378906,80.76772866514906,79.10894287106244,80.57354643122233,37413000
2023-06-26,79.37752532958984,80.86241331226752,79.24130660893051,79.70309846471474,21372000
2023-06-27,81.96375274658203,82.1183319682436,79.31664622694315,80.0586073269869,24923000
2023-06-28,81.91932678222656,82.94242291373344,80.86821445248579,81.0295526695713,19445000
2023-06-29,83.33272552490234,83.35880321501249,81.7715062554563,82.54824993527181,23386000
2023-06-30,83.80223846435547,84.49203682704977,83.50275043117749,83.907544270863,23145000
2023-07-03,84.67269897460938,84.7007151708213,83.55975355313666,83.91721250280494,9038000
2023-07-05,83.26412963867188,84.71714645838294,83.25350839698629,83.79934882240316,14440000
2023-07-06,81.92511749267578,82.49511180355377,81.57055526319155,81.63528512971679,23939000
2023-07-07,81.80435943603516,82.8902542294062,81.60244528725113,82.1598798803824,19409000
2023-07-10,84.7973403930664,84.93645582233306,81.95218147047822,81.95218147047822,30622000
2023-07-11,85.21468353271484,85.3064640302987,83.53173641961456,85.12386860252447,25498000
2023-07-12,85.9779052734375,86.71600418184788,85.20985166242593,85.88612477225888,28197000
2023-07-13,86.01751708984375,86.84642357512936,84.84950479116361,86.84642357512936,25912000
2023-07-14,85.84554290771484,87.2724672041594,85.61174293207925,85.61174293207925,18510000
2023-07-17,87.94873809814453,88.2250377724986,85.96146783722995,86.08029895684624,26819000
2023-07-18,87.28018951416016,87.90525058456134,86.78071115330339,87.52654183844136,24513000
2023-07-19,87.0811767578125,87.52558095500436,85.56054091766421,86.68507303835767,24118000
2023-07-20,85.8223648071289,87.6251014047188,85.59629671413406,86.22812427109703,28268000
2023-07-21,86.63485717773438,88.02603354383173,86.35275668627432,87.38261180261695,74287000
2023-07-24,87.10243225097656,87.47438207028254,86.39138401526665,87.02611557481592,19992000
2023-07-25,88.68682861328125,89.1882307336316,87.00870958604862,87.00870958604862,20042000
2023-07-26,86.28125,87.97481831077792,85.75569389250334,87.8183153188915,19877000
2023-07-27,86.3237533569336,87.90042898223109,85.59628313959927,87.77000368565945,21922000
2023-07-28,86.92852783203125,87.29275308523745,86.36432695715678,86.88312405666446,18791000
2023-07-31,86.81839752197266,87.04543114899546,86.07933311766202,86.70729831217736,14952000
2023-08-01,88.88101959228516,88.94091425068125,86.72661772208433,86.85028404974487,19683000
2023-08-02,86.20492553710938,88.2047480501755,86.01073595241667,88.13712148676717,26877000
2023-08-03,85.49775695800781,86.49766473173179,85.12097926115598,85.65619847315955,18281000
2023-08-04,85.17603302001953,86.33245099648848,84.37610102719499,85.4977438383412,21156000
2023-08-07,86.664794921875,86.69474225210725,85.52576446898064,85.75859150992973,11146000
2023-08-08,85.32190704345703,86.04067972041476,84.37899009312866,85.99141367887549,14081000
2023-08-09,82.18885803222656,85.35765847662809,81.99467580195889,85.27941066654945,24672000
2023-08-10,81.43241882324219,83.22936207948236,80.86918339117416,82.41976688713896,20186000
2023-08-11,80.16294860839844,80.80443911930989,79.55624063403666,80.57354322188351,20331000
2023-08-14,82.51444244384766,82.52216698311668,79.93302377448542,80.2953105627972,17688000
2023-08-15,81.39569854736328,82.56467639959942,80.81024773918114,82.04201695773064,14035000
2023-08-16,80.47500610351562,82.55307661166911,80.37549369842019,81.90482711046639,16003000
2023-08-17,79.90596008300781,81.0961949320424,79.8972626070084,80.815060076475,19228000
2023-08-18,79.78424835205078,80.00935086946937,78.44716593326227,79.22004739270818,17759000
2023-08-21,83.58100128173828,83.79354401843459,80.35713424139328,80.57836708374103,30012000
2023-08-22,82.67771911621094,84.50943750652078,82.20336012974279,84.37998512559345,17079000
2023-08-23,84.68622589111328,84.8417706950714,82.11833986987608,82.19273278587615,19692000
2023-08-24,82.5492172241211,87.90140156945142,82.35600055289356,87.17586242882878,30934000
2023-08-25,82.29417419433594,83.9964401856174,80.92714438859961,82.79654937428373,24181000
2023-08-28,83.18878173828125,83.48344197094032,81.83913954697782,82.73567999272127,14306000
2023-08-29,85.9759521484375,86.25708700875678,82.738559887435,82.92984539671626,27822000
2023-08-30,86.20298767089844,86.82419386232174,84.93064270210773,86.21361628181482,23234000
2023-08-31,89.16022491455078,89.23557602254871,86.34694489861927,86.75657395339627,55203000
2023-09-01,84.29398345947266,87.1294787922199,83.53463477851344,87.1294787922199,65017000
2023-09-05,84.26016998291016,85.30645426829676,83.76069160939237,84.00318167078633,24808000
2023-09-06,84.26982879638672,84.76254084654391,83.7355826100284,84.2920515862086,20142000
2023-09-07,82.79750061035156,83.24769821451893,81.20247185182865,83.03612104024259,27789000
2023-09-08,82.84774017333984,83.16462318150484,82.12993293866464,82.60138781053051,16810000
2023-09-11,83.0013427734375,83.95391543499719,81.69807754965223,83.93169264605437,15710000
2023-09-12,81.58890533447266,82.91728998153187,81.31259832062152,82.14151199143272,16680000
2023-09-13,82.40139770507812,82.99844999624047,81.56186271235339,81.8468598592502,17413000
2023-09-14,84.208984375,84.69493017437429,82.60139556542107,82.99073301956945,19648000
2023-09-15,82.2806396484375,83.8727718019839,81.43240713577691,83.8727718019839,50190000
2023-09-18,82.11834716796875,82.72989045501522,81.15224896599265,81.40150542729809,16541000
2023-09-19,82.0410385131836,82.2178331458862,81.00731397167424,81.73092188780505,13126000
2023-09-20,80.67823028564453,82.56461232501591,80.65686469796348,82.56461232501591,13681000
2023-09-21,78.52083587646484,79.89433999544706,77.2318455107355,77.23378716308136,53654000
2023-09-22,80.53349304199219,80.67919848970092,78.71705501466904,78.80059053201673,27764000
2023-09-25,81.00072479248047,81.45435261951634,79.94388778765654,80.428596876338,15648000
2023-09-26,79.28141784667969,80.64908964356023,78.79767960442652,80.54223947386316,17641000
2023-09-27,79.34163665771484,80.00895737702872,78.13424014668652,79.57962246784885,15352000
2023-09-28,80.817138671875,81.48349605224345,79.13474858488574,79.6680212435511,16180000
2023-09-29,80.67919158935547,81.98664238039089,79.93416036936503,81.249377769227,16481000
2023-10-02,81.10369110107422,81.4543520565152,79.99147995348092,80.53155577799889,14676000
2023-10-03,79.1493148803711,81.18139502527814,78.57426707311927,80.33145517196161,18761000
2023-10-04,80.0215835571289,80.67919599844129,79.29209292581146,79.68355078254382,16417000
2023-10-05,80.02643585205078,80.48977184525151,79.21243156297712,79.66217599155907,11474000
2023-10-06,82.10515594482422,82.40918757718178,78.84721151848653,79.59322103072643,21103000
2023-10-09,83.1367416381836,83.20765641861928,81.38343686972543,81.63890497623383,15760000
2023-10-10,83.38249969482422,84.75599646045205,83.12119922562373,83.26010148303956,14718000
2023-10-11,84.95124816894531,85.02700967203364,83.20182665074769,83.50877820082258,14334000
2023-10-12,87.96633911132812,89.16402737746562,85.1328828171779,85.1328828171779,43871000
2023-10-13,85.78854370117188,89.93916610085037,85.68266437118656,88.29659506872775,28312000
2023-10-16,87.6720199584961,88.95615617453468,86.54523909992069,86.54523909992069,21150000
2023-10-17,85.90705871582031,86.74047963099933,84.11975292102872,85.97990773276169,33008000
2023-10-18,86.16252899169922,86.99789899130377,85.01340427098204,85.47480609294563,20404000
2023-10-19,84.29752349853516,86.40148939973757,84.08771385073788,86.16156931433653,26620000
2023-10-20,82.9181900024414,84.98427133958172,82.74431575898939,84.98427133958172,26953000
2023-10-23,83.7525863647461,84.85799431217205,81.86814594592421,83.3387846514153,16456000
2023-10-24,85.58747863769531,85.77106853475391,83.8399989567313,83.92548353520671,14972000
2023-10-25,82.52964782714844,85.35630866369704,82.18481921636608,85.19506256626735,21432000
2023-10-26,80.30717468261719,82.99492559765474,79.49025776816346,82.36256941726694,27917000
2023-10-27,81.4349136352539,81.61462022632627,80.48103617817544,80.62285831654617,18236000
2023-10-30,81.71564483642578,82.51021793971314,80.3460239333531,81.70107503200053,20889000
2023-10-31,81.727294921875,82.12846844836558,80.87541350259113,81.97207650759876,14747000
2023-11-01,82.85116577148438,82.93762118534913,81.16391418692963,81.7884963766354,18684000
2023-11-02,84.63458251953125,85.52823922918971,83.53694853805543,83.73121754704468,18759000
2023-11-03,85.73998260498047,86.20818021112994,84.61126746490426,85.23682043410312,18041000
2023-11-06,85.56029510498047,86.05180001779088,84.62584882831243,85.63120248120208,12870000
2023-11-07,87.21061706542969,87.59430830904988,85.10665153357469,85.7050139297801,19365000
2023-11-08,88.50350189208984,88.6764052950968,87.32524497879527,87.422379473811,15280000
2023-11-09,88.52778625488281,90.31703371876483,88.25386505555376,88.63657807367373,24486000
2023-11-10,93.0096435546875,93.14854581403635,89.19122837483663,89.53412271607402,36272000
2023-11-13,91.98097229003906,92.51230324317771,91.35444108271581,92.284033102325,16893000
2023-11-14,94.5094223022461,94.8795146013573,92.78914786326875,93.47784161677615,23886000
2023-11-15,94.74642944335938,95.36324495014665,93.92174597691913,95.14565390720854,16099000
2023-11-16,93.20682525634766,94.09562030418803,92.3296875332211,93.63908004247789,26198000
2023-11-17,94.9727554321289,95.57111040458567,92.37630689695351,93.07665789970407,19789000
2023-11-20,96.71926879882812,97.12335484381366,94.51331441936557,94.51331441936557,18674000
2023-11-21,95.30982971191406,96.26175820045464,94.38023763804426,94.70758394608106,43344000
2023-11-22,94.41618347167969,95.96939448244358,94.31904895958158,95.5517094106223,33743000
2023-11-24,95.08349609375,95.17965976368089,93.90620999313718,94.70369554502247,23158000
2023-11-27,92.302490234375,95.29136013205657,92.21409317768496,94.81927923767259,96962000
2023-11-28,91.92462921142578,92.36270894737021,90.74053999297986,91.30198875712904,39025000
2023-11-29,91.3884506225586,93.19518056958644,91.24662846534278,92.1179413497122,34843000
2023-11-30,89.92169189453125,91.5428902102637,89.20677099838346,91.40495877406035,49571000
2023-12-01,90.33646392822266,90.71529366795389,88.19947527277019,89.60406075286058,29612000
2023-12-04,89.75074005126953,90.43068898879267,89.0193002666847,89.42727704008618,25009000
2023-12-05,88.69680786132812,89.0999230914605,87.99063179433513,88.54916815887943,37066000
2023-12-06,87.77597045898438,89.4593389407309,87.72351619078127,89.40008888785101,24813000
2023-12-07,89.58464050292969,89.76531795898589,87.77596875497031,87.9605295164807,43517000
2023-12-08,91.72550964355469,92.35009182470907,88.44522854334747,90.12664773639926,69668000
2023-12-11,99.97623443603516,100.97381390369837,92.87073549123343,92.96009596386611,101184000
2023-12-12,104.15696716308594,104.84760997956903,99.5235841061842,99.85482112318685,90242000
2023-12-13,105.84809875488281,106.82819590739417,103.21085326872509,103.74122077306629,71654000
2023-12-14,107.47999572753906,108.93412299220573,105.9054193105006,106.08998004948212,66964000
2023-12-15,109.73839569091797,111.69471417246307,106.32697923348292,106.38526585801499,118544000
2023-12-18,111.41496276855469,111.8831603717959,108.66018788090852,108.87000491152038,54741000
2023-12-19,111.20321655273438,112.26491309311007,110.51330662605854,111.4393633667827,36020000
2023-12-20,108.35380554199219,111.37691508274693,108.24451346996784,110.53184466017119,34523000
2023-12-21,110.00392150878906,110.79727176079682,108.80463459558197,110.52696745344855,24106000
2023-12-22,109.48577117919922,110.46354818366113,108.66119665998725,110.07126554441993,19089000
2023-12-26,110.45280456542969,110.80507791474872,109.58724563597134,109.70629805114899,16793000
2023-12-27,109.8946304321289,111.20224158313037,109.58139101465288,110.85386938029832,20055000
2023-12-28,109.52771759033203,110.48695651504346,109.19984138155016,110.4332857705133,21247000
2023-12-29,108.9266128540039,109.71996310578236,108.77243509491456,109.43502199932493,20558000
2024-01-02,105.91423034667969,107.53604861324787,105.10526807131815,106.57193330115183,28831000
2024-01-03,103.29901885986328,104.90132392601956,102.97992027497097,104.43292404107754,34735000
2024-01-04,102.36514282226562,104.36460672947945,102.2051058996862,103.23850397554395,25658000
2024-01-05,102.3915023803711,102.99455933520345,101.63328493572786,102.61789628347839,22475000
2024-01-08,104.88668060302734,105.19406824105438,102.65691414330298,103.09604040405064,33110000
2024-01-09,105.63223266601562,106.22358620503805,103.89721344336654,103.98600953627752,23225000
2024-01-10,105.44486236572266,105.67808330428771,103.69130535283057,105.42339853485107,17643000
2024-01-11,107.33895111083984,107.4677564406076,104.85351673739349,105.81080515495299,25757000
2024-01-12,108.09033203125,108.87197138748944,107.34187488086792,108.52164859264572,26882000
2024-01-16,108.80074310302734,109.90147368083747,107.20721542543022,108.54507557215072,26145000
2024-01-17,107.69902038574219,108.62020067077067,106.38556494781751,107.95468789429425,18314000
2024-01-18,111.6257553100586,111.88337341714316,109.47601436162122,109.77070839198647,32228000
2024-01-19,118.19208526611328,118.75805886735152,112.80551986943752,112.93335734469912,53077000
2024-01-22,119.09960174560547,120.15642179700342,117.90128271289093,118.68487259411535,31222000
2024-01-23,119.66654205322266,119.73192372032243,117.4426347514267,119.14838005726769,16952000
2024-01-24,122.3559341430664,125.34977002660064,120.12519216817962,121.22690536936949,34805000
2024-01-25,120.0266342163086,125.00335427393145,119.90953238078863,125.00335427393145,36356000
2024-01-26,117.57535552978516,119.16888299786315,117.12159988425736,119.02153227698163,25818000
2024-01-29,118.83319854736328,119.40893248494422,117.58609266772505,118.55410919084726,21526000
2024-01-30,117.89543914794922,119.83147977440542,117.51779333478086,118.73562570198546,20683000
2024-01-31,115.14749908447266,116.82787202921463,114.59225370234344,116.06965460561332,27400000
2024-02-01,117.10013580322266,117.40068900489214,115.06066233120536,115.86474079144587,19411000
2024-02-02,119.47431945800781,120.48430328666687,117.60170997495365,117.95300805057731,26689000
2024-02-05,121.30496215820312,121.758725248564,119.26060491590654,119.72998009507096,22045000
2024-02-06,119.30940246582031,124.13583853168394,118.26429332804723,123.30248650119036,25354000
2024-02-07,122.6672134399414,122.90628610175034,119.70460196519868,120.41695838958408,25768000
2024-02-08,124.3944320678711,126.46416180553668,123.443002909208,123.63718990201218,29326000
2024-02-09,125.24143981933594,125.46685842518505,121.8797260957638,122.17637811269567,26293000
2024-02-12,123.44202423095703,125.88842440387253,122.85652995284642,125.8825726624258,24778000
2024-02-13,122.1393051147461,122.55110097262502,119.74267436558891,120.52626428888975,31907000
2024-02-14,123.17074584960938,124.22268944699543,121.13127248116345,123.8557792987253,27306000
2024-02-15,123.44886779785156,124.90577284623863,121.47574382031601,124.90089639467395,21873000
2024-02-16,121.53720092773438,124.48420028795954,121.23567247142529,122.86042402478483,21268000
2024-02-20,119.68997955322266,120.77998187251558,118.32479646699277,120.59847364520313,26329000
2024-02-21,119.77780151367188,119.83634870910747,117.35677373090205,118.85564596074215,20579000
2024-02-22,127.33558654785156,127.92889063993911,124.56130995462613,125.07264499017244,40819000
2024-02-23,126.5031967163086,128.77200493887943,125.76645793198743,127.6742002724466,23115000
2024-02-26,127.74833679199219,128.69098828782603,126.99987972353979,127.8332391555046,16282000
2024-02-27,126.48953247070312,128.0225547410018,126.09822517480823,127.7483418353245,12126000
2024-02-28,125.82500457763672,126.71301014415646,125.19559240247396,126.17435208428829,10967000
2024-02-29,126.90524291992188,127.67712195577084,125.61617708588665,127.18042370005894,27536000
2024-03-01,136.53469848632812,137.37292698190691,128.8090742443428,129.38774151539135,44488000
2024-03-04,136.83621215820312,140.3404076200568,135.17047600490335,136.92306510342704,34854000
2024-03-05,131.029052734375,136.1277504174505,130.01615065162167,136.1277504174505,36040000
2024-03-06,131.73654174804688,136.11117242798898,131.44964264069716,135.79403187954384,43196000
2024-03-07,137.29971313476562,138.01206202433391,133.97019195319592,134.8581972849422,62832000
2024-03-08,127.70832824707031,137.8842532840718,127.01159878111083,136.05457904964922,74025000
2024-03-11,126.18604278564453,126.76177670960024,122.2280916848748,124.70376542579695,31105000
2024-03-12,126.0650634765625,127.61760660271659,122.88386735172068,127.5405065498986,42789000
2024-03-13,122.74626922607422,125.18680289944194,122.20858647562643,125.18680289944194,37838000
2024-03-14,123.17562866210938,124.23538208119407,121.75483170754039,123.20197639016544,38029000
2024-03-15,120.56334686279297,123.67330194301906,120.03347387674505,122.31592864046691,88823000
2024-03-18,120.7331314086914,123.23515294416211,120.19252280814608,122.36666813836688,25737000
2024-03-19,120.80828094482422,121.02881567589162,117.49144514113888,118.75318790268032,24491000
2024-03-20,125.04571533203125,126.2207114257337,120.20362188813044,121.42174341512153,40946000
2024-03-21,132.10159301757812,137.55126318972412,128.9656532182899,130.17298592884723,72468000
2024-03-22,132.63763427734375,134.86708752088026,131.92029266065273,132.2975803770442,38624000
2024-03-25,132.45240783691406,133.12466506116706,131.069642749361,131.81052084249086,21237000
2024-03-26,130.483642578125,135.23165719122574,130.38759727146925,133.73717547192084,23522000
2024-03-27,129.23318481445312,132.2975878656336,127.00764921996868,132.2975878656336,25583000
2024-03-28,129.8878173828125,130.34645131209237,128.52760164993737,129.15184383348915,19856000
2024-04-01,132.32305908203125,133.5695993772756,129.88780305575295,129.91425551349494,17252000
2024-04-02,131.1961212158203,131.5498874197316,127.73188009399585,128.94508972380112,24694000
2024-04-03,133.59213256835938,134.92589567856345,129.87407443983668,130.14161958886712,28650000
2024-04-04,129.1126251220703,137.58750433164988,128.86762962848005,135.75886059927964,27014000
2024-04-05,131.26173400878906,133.3981027346553,128.78924410744025,129.94563074609113,19438000
2024-04-08,130.93540954589844,131.56259749447966,128.94114237496444,130.69531871542804,17139000
2024-04-09,130.73745727539062,133.22660524159485,128.24437658070877,133.01983045304576,17986000
2024-04-10,129.58990478515625,130.90111844730902,128.91470159995382,129.65164713249428,17467000
2024-04-11,135.47862243652344,136.40078007149594,129.71535030306586,130.6002741169762,31713000
2024-04-12,131.71644592285156,133.91552888635286,130.98636407622809,132.49455789587506,27823000
2024-04-15,128.4452667236328,134.25753998550363,127.98566088722458,134.25753998550363,24370000
2024-04-16,130.24549865722656,130.9569635841039,128.47565133350503,128.90487198255371,18923000
2024-04-17,125.69544982910156,132.003591401519,125.57686983675995,131.6223858851552,24718000
2024-04-18,123.3787841796875,126.67740171726956,123.0328460878845,126.22171357144386,24888000
2024-04-19,118.05941772460938,123.47773779913396,117.35872667383336,123.3787616461396,44797000
2024-04-22,119.99488830566406,120.85139320599717,117.65077277913981,119.99880608081332,25162000
2024-04-23,122.41837310791016,123.27193960345303,120.34375433477024,120.35845346698564,22025000
2024-04-24,123.16609954833984,125.98844507636163,122.00384380264128,123.85992699843719,20108000
2024-04-25,126.85086822509766,128.1846166978536,123.18377020880976,124.69784852109754,30410000
2024-04-26,131.71644592285156,132.86889979634148,127.70440512782322,128.37764933109474,24100000
2024-04-29,131.18238830566406,132.5896474143441,129.91625884811273,131.71746377783384,13372000
2024-04-30,127.42413330078125,132.1359011650036,127.304581338933,130.2278697979149,22113000
2024-05-01,121.79806518554688,126.64995330670973,121.65008692310529,125.2740590188251,30958000
2024-05-02,121.37765502929688,123.91384639788778,119.88220126624441,123.11319964127713,29480000
2024-05-03,125.25248718261719,125.8179402543354,122.21748254943982,123.3797458466504,24898000
2024-05-06,128.40806579589844,128.45313517206048,124.95460615580222,126.04727684422741,16287000
2024-05-07,127.70246887207031,129.25867814057273,127.08017058611172,129.00877788694575,12413000
2024-05-08,129.88388061523438,131.11277592561467,126.26970342518075,126.76068135977746,13918000
2024-05-09,127.95330047607422,129.5153859121719,127.59364280540278,129.14496183858662,12170000
2024-05-10,130.6119842529297,131.70955917751903,128.89800287682237,128.89800287682237,16300000
2024-05-13,131.07357788085938,133.1197777606654,130.34838582617502,132.10157503910392,18507000
2024-05-14,135.240478515625,135.4325541739675,129.926031405758,130.56693157832007,19420000
2024-05-15,140.7421112060547,141.01454614438111,134.2556056430682,135.23754675372638,32757000
2024-05-16,138.38621520996094,141.6466117173975,137.69336712029047,139.74545892953952,28395000
2024-05-17,136.73593139648438,139.11140409649937,135.41196263891115,138.41463824798026,18174000
2024-05-20,138.57240295410156,138.85757809211975,136.52717489436174,136.80550140287897,27170000
2024-05-21,137.1190948486328,138.11769386593784,136.55658009394242,137.0681338649552,15333000
2024-05-22,136.43702697753906,137.6874850945575,135.65107941905717,136.80647915271814,21002000
2024-05-23,136.53993225097656,140.03944778446186,135.0415476297657,139.98359705434905,31039000
2024-05-24,137.96580505371094,138.52831983783202,136.41547255894497,137.17692659257287,16730000
2024-05-28,138.41757202148438,138.8811106298134,136.4664302203944,138.17748118322086,22919000
2024-05-29,136.28317260742188,137.1092997942111,135.53152800823736,137.1092997942111,26861000
2024-05-30,133.67738342285156,135.5099448969204,132.85026944009184,135.13950585555747,21717000
2024-05-31,130.19552612304688,133.52747445039338,128.109146250586,133.41085334303474,73091000
2024-06-03,129.5438232421875,132.59156786666512,127.6456015734108,132.562169602871,26278000
2024-06-04,130.41798400878906,130.53264622585036,128.08464976094552,129.39683532061744,23048000
2024-06-05,138.4803009033203,138.6037706371312,131.37052574083253,131.90560112958815,32947000
2024-06-06,137.3219451904297,139.42106509039903,136.04503466585973,139.3407058436336,20172000
2024-06-07,137.84820556640625,139.6474512928055,136.90545726958626,137.9599219722931,17859000
2024-06-10,141.16346740722656,142.0042936566099,138.09220111946487,138.1578612308119,31042000
2024-06-11,143.17832946777344,143.5683724135259,138.78801360686768,140.94104049914938,34844000
2024-06-12,146.55731201171875,147.56572050766357,144.6845704659259,146.99732904097084,56697000
2024-06-13,164.53802490234375,170.11020794851595,161.94400904311394,167.57694751336152,89061000
2024-06-14,170.0308074951172,171.22638682082834,164.84279113173946,165.30926056498305,69705000
2024-06-17,179.22598266601562,180.61070684548417,174.29766074265194,176.39678075890885,87528000
2024-06-18,176.6437225341797,181.45543796489758,174.9277819880299,180.27651669348464,86797000
2024-06-20,169.98377990722656,176.86228691377855,168.77448825785663,176.73585641464507,68157000
2024-06-21,162.54278564453125,167.96893436253492,161.83621038046263,166.1716474600927,99289000
2024-06-24,156.5291748046875,163.29189005610505,156.37679646213644,161.42892306065718,58575000
2024-06-25,155.40647888183594,157.88879971505986,153.75586355974798,157.30778792194758,53329000
2024-06-26,156.50852966308594,159.0822655064024,154.6986506205337,157.0610248974479,46479000
2024-06-27,155.9835662841797,157.8475083491552,154.44404698381294,156.50853503020306,31649000
2024-06-28,157.8386688232422,161.15170546715572,155.91869855700142,156.88998680983812,69377000
2024-07-01,161.30606079101562,162.0876186989725,156.65603050180792,158.10117984129755,47623000
2024-07-02,162.9458465576172,163.11493582591444,159.4578253685634,161.30604667519648,32539000
2024-07-03,169.99855041503906,169.99855041503906,163.63203673627353,164.17667156462375,39954000
2024-07-05,167.45135498046875,173.5622698091968,166.73272560538885,172.58802642853595,45240000
2024-07-08,171.63442993164062,172.719769435847,167.6175097022567,167.6175097022567,36398000
2024-07-09,170.40060424804688,174.10393145786364,167.67252528893115,172.6863090525601,37802000
2024-07-10,171.51937866210938,173.66253084945214,169.7173751287402,171.6481757047185,41074000
2024-07-11,167.7108917236328,173.50327884136524,164.02921016139518,173.4826377113185,51026000
2024-07-12,167.1918182373047,169.67314908252905,166.27163786026208,168.21029899599057,30453000
2024-07-15,168.52195739746094,170.57662008312803,166.39847093723122,167.1259658358718,22999200
2024-07-16,166.51644897460938,169.88845383890944,163.58681836270804,169.48538174118295,22244900
2024-07-17,153.3429718017578,160.08699609312055,152.97923188397516,159.56595756193192,43343400
2024-07-18,157.80621337890625,158.77946659352517,151.29812253566948,156.2037657617908,37973500
2024-07-19,154.68984985351562,161.17826137689158,154.46372742860547,159.10393239725758,26309500
2024-07-22,158.3370819091797,160.2344607062348,155.23050196217147,157.52111227115293,28813300
2024-07-23,161.0012664794922,162.53489031832814,157.19668349380453,157.68823036526834,21570200
2024-07-24,148.7814178466797,158.6811799959973,148.54548492607918,157.63910292782103,37162600
2024-07-25,146.73658752441406,150.95406868145363,143.05982600381995,148.70277528971903,30872100
2024-07-26,149.06654357910156,150.98357382182238,147.3854462888242,150.9049245040667,20839900
2024-07-29,147.68035888671875,152.37954627500477,146.62844127010337,149.449930811367,16625800
2024-07-30,141.0936279296875,150.87540834722188,140.92650378194597,150.68861812303396,31102300
2024-07-31,157.96351623535156,158.60253625297966,148.44717474979876,148.9092300699467,45827500
2024-08-01,144.5344696044922,156.22345549375785,143.69883378785508,154.83728949239048,40320000
2024-08-02,141.38853454589844,142.892666615466,137.23987818383858,139.53047316497776,33745800
2024-08-05,139.67799377441406,142.96152405086485,126.32757579321162,127.4188107055439,41309300
2024-08-06,141.4868621826172,146.39250579354206,137.87890962740332,139.33388429525573,24751300
2024-08-07,133.96620178222656,147.56239139005254,133.53363809247833,145.74366178565336,29749800
2024-08-08,143.27610778808594,143.79714634557146,136.06018729231644,138.8128531625633,27583200
2024-08-09,145.75347900390625,147.02167838562457,141.6736458009603,141.76212064131627,18438700
2024-08-12,146.10740661621094,148.57498183815645,143.89544540179116,145.5765425251119,17778500
2024-08-13,153.51992797851562,153.73620980974948,147.27727648764997,148.98786506173042,22053600
2024-08-14,155.02407836914062,157.5407963347942,152.10428830720687,155.3485011538913,20184200
2024-08-15,163.32138061523438,163.85224467604252,157.62925901445738,158.47472029709346,27945000
2024-08-16,162.91830444335938,163.2820443462105,159.9296909146134,161.68943720311006,19296900
2024-08-19,164.8746795654297,164.99264602958624,157.70791685147975,162.0728560351358,20441700
2024-08-20,163.1444091796875,165.52349431827682,161.3748373821523,164.22581833396472,19417500
2024-08-21,162.977294921875,163.65563206880424,160.12632879798096,162.32844938995822,16097700
2024-08-22,159.59544372558594,169.5050310193637,158.75982299694877,167.95174101688292,30044500
2024-08-23,163.54750061035156,165.43503908447633,160.69653432148885,162.239983932796,18848000
2024-08-26,156.9214324951172,162.89864478735905,155.97767081787032,162.17116495298572,18521200
2024-08-27,158.66152954101562,159.2907090592693,153.19552966353265,154.9356101283994,16683100
2024-08-28,155.5057830810547,159.53647399827534,153.60841908886368,157.37367045766857,18063600
2024-08-29,154.2769012451172,160.44090350788034,152.782609485094,155.8105401580159,23519300
2024-08-30,160.06736755371094,160.48026522141944,156.0268507329918,158.39609580240332,25158500
2024-09-03,150.20689392089844,158.02250157011855,148.82074307441854,157.66858720486775,37179100
2024-09-04,151.514404296875,155.12235656754282,146.62842714811504,147.7589939636974,20324100
2024-09-05,150.23641967773438,153.71656554543796,147.5722285608589,148.0244583632859,31548500
2024-09-06,134.68386840820312,141.0739789531179,134.29063683653754,140.82820547062116,76634600
2024-09-09,138.43927001953125,139.19624141160318,132.61934177911837,136.75817309520554,39516700
2024-09-10,145.704345703125,147.32644455077934,138.6555496175304,138.8325143104649,36067500
2024-09-11,155.59425354003906,156.1841007953369,142.58791229927863,145.88128239443432,39700800
2024-09-12,161.77792358398438,163.50817838220144,154.1786122284463,155.4271456338285,43530700
2024-09-13,164.85501098632812,165.23841698984117,161.2667094141873,163.9210748240088,29850000
2024-09-16,161.24705505371094,162.70202972961283,157.69808570851856,162.39727304082473,26126900
2024-09-17,159.7232666015625,163.21325293511353,157.9831862041226,162.69221436991316,19844300
2024-09-18,158.93679809570312,164.6387460417183,158.63204136941872,161.00130140401282,26557600
2024-09-19,165.13092041015625,167.6756467372467,163.39498972081674,165.38736009887302,32453100
2024-09-20,168.7606201171875,169.6680394974297,164.1939195485369,164.89420355767012,91758500
2024-09-23,170.575439453125,170.95024862951573,166.04820092316606,169.64828941689086,29431100
2024-09-24,172.44944763183594,173.58373296558298,169.33265000280716,170.44720457809834,34223400
2024-09-25,173.12014770507812,174.71799289162254,171.38420226768855,172.26203283994738,16613800
2024-09-26,175.65499877929688,177.7854690383407,172.60725149353465,176.05939652340535,24340000
2024-09-27,170.32887268066406,176.02984356638336,169.41158041799713,175.73394235100173,20580900
2024-09-30,170.14146423339844,170.55571990551266,167.31070961553766,169.52007320014678,16902000
2024-10-01,165.18023681640625,169.89488018292687,163.5330720046868,169.8061143365244,23770400
2024-10-02,168.3266143798828,170.4768005899671,164.7363837431985,165.2591359887753,14317800
2024-10-03,169.539794921875,172.54809612463393,166.87671428588638,167.30082779062033,13072300
2024-10-04,174.22483825683594,174.4812779140918,170.240082939426,173.88949061654162,17921400
2024-10-07,172.68618774414062,175.87202075068134,171.48286721842052,172.42974806085093,15588300
2024-10-08,178.25892639160156,179.1170413655262,172.4987786467154,173.02153090488926,20774200
2024-10-09,183.40756225585938,183.87113730055503,174.00786409453775,176.78931436271168,25504100
2024-10-10,183.15110778808594,183.76262586145086,180.0343100945086,181.05022594871906,16318000
2024-10-11,178.99867248535156,180.09349637993196,174.97445533365493,178.66332481858353,23070000
2024-10-14,179.81732177734375,182.4212251622244,177.6671355577031,180.7937911904839,17195800
2024-10-15,173.57386779785156,179.21566095497292,170.99955303542328,178.31809953221278,27657500
2024-10-16,174.4023895263672,176.7991574917182,172.93275652302304,176.0692699172097,15285100
2024-10-17,179.0479736328125,182.97355163576015,178.2194624050834,178.8901576703426,25232400
2024-10-18,177.430419921875,180.21187017156402,176.23695724980777,179.8272031210922,17835200
2024-10-21,177.52903747558594,179.2353793110972,175.81282273601042,176.92737728385188,13695100
2024-10-22,176.92738342285156,178.21946968677898,174.98431757475703,176.21722661288,12062600
2024-10-23,171.13763427734375,176.53284549307827,170.2104993123444,175.1618512292175,19513700
2024-10-24,169.00718688964844,171.91684938043508,167.1824753860202,171.87738786080894,20485200
2024-10-25,170.63461303710938,174.3826595704997,170.35844261308517,171.80834486429185,19977700
2024-10-28,169.66802978515625,171.59136504895082,169.00719228683505,170.6346263446242,13195800
2024-10-29,176.789306640625,177.76576101326683,168.86909980615744,170.08227814346148,23702300
2024-10-30,174.22483825683594,176.7399756593612,173.21878028579405,175.04349164943133,17911500
2024-10-31,167.4487762451172,172.06478040765464,165.09145479284857,172.06478040765464,26086600
2024-11-01,166.61041259765625,168.98746510096208,165.20982957977537,165.9594329407063,17847000
2024-11-04,166.24546813964844,170.0921385598425,166.1172407755886,166.96548284903653,13621300
2024-11-05,171.5222930908203,172.0154566880339,167.7249424223709,167.7249424223709,13441800
2024-11-06,177.09507751464844,177.74605717332057,173.55416596393812,177.1739855081385,24300800
2024-11-07,181.2967987060547,182.34230312127573,179.30441356469163,179.5016910431669,18970600
2024-11-08,181.129150390625,182.51987553881915,179.3439003302524,180.48804364579485,13503200
2024-11-11,176.4638214111328,181.1192874858165,174.40240095967505,180.8924213699862,17036700
2024-11-12,173.8105926513672,177.10492211976333,170.83188008315716,176.4539425097948,15862000
2024-11-13,171.20668029785156,173.18919258787466,170.24008383830466,172.32123487018637,17472500
2024-11-14,168.05044555664062,173.16948651052638,167.54740901540757,172.38042168225007,20638900
2024-11-15,162.58619689941406,166.82740751803183,161.1954717226997,166.1665699989925,20836200
2024-11-18,163.40484619140625,164.07555659875524,160.00201992884155,163.39498833621016,17856900
2024-11-19,163.08921813964844,164.51938965379793,162.06342936318066,164.38130443967646,18003400
2024-11-20,161.01791381835938,163.27659646210304,158.66059243552112,163.27659646210304,17196700
2024-11-21,161.698486328125,164.06566562835079,158.40415703609378,163.97689979087806,24835300
2024-11-22,161.98452758789062,162.65523797517048,160.17954683041586,162.0535777226789,17332500
2024-11-25,162.56646728515625,164.94350455924942,160.6628478347686,163.13852385557357,26850600
2024-11-26,162.48756408691406,164.09526734455116,160.46559012100516,162.3494788675435,16308800
2024-11-27,157.4868621826172,160.96859599382267,155.38598043103818,160.96859599382267,19722700
2024-11-29,159.86392211914062,160.46558234226623,156.90494037593132,157.38824614537955,11024000
2024-12-02,164.2333526611328,166.0777949390114,160.5247674457285,160.72202989492314,21472400
2024-12-03,165.8509063720703,165.9692758656905,161.7872432781858,162.2310874913267,17024400
2024-12-04,168.2279510498047,172.99191284176,166.25529681132167,171.0685779692706,32748200
2024-12-05,168.1392059326172,170.04281028316504,166.88656612283535,168.41537635601108,18490000
2024-12-06,177.07533264160156,178.20960297603253,167.01479755089676,167.7742737588206,27830800
2024-12-09,176.493408203125,178.31810466493087,173.6133343138179,176.50326605799654,20886300
2024-12-10,169.46087646484375,176.05940794370028,167.40931405085325,175.37883975706896,27762600
2024-12-11,180.6951446533203,182.3423093134464,174.01770512442374,177.54875839679,41295200
2024-12-12,178.18988037109375,179.5115552427107,173.5837340288521,178.45617788616346,46967200
2024-12-13,221.72637939453125,225.57304983309507,208.2235562894247,210.97540282621878,121336600
2024-12-16,246.58180236816406,248.4361023380235,227.65418081035838,228.6207772615971,111623200
2024-12-17,236.9453887939453,239.15476723093408,230.60331186099987,237.35964442897583,70382100
2024-12-18,220.5625,236.5706024789221,216.22266601831708,236.13661607072183,53960100
2024-12-19,215.33497619628906,224.93193629197148,214.60508860051337,224.7938510765717,40845200
2024-12-20,217.7711944580078,227.14130365797496,215.91690939780733,217.34708094987556,131910400
2024-12-23,229.7871856689453,230.8255920971575,222.64682105758146,224.1896118439952,40643800
2024-12-24,237.03631591796875,237.58025242129077,232.21015271059096,237.47146512062636,22827200
2024-12-26,242.65367126464844,244.55249178697088,234.97926976728473,237.35279164756676,28459000
2024-12-27,239.08351135253906,243.06905947622363,233.74307907930736,242.9306042718209,29282200
2024-12-30,232.98153686523438,236.1363533421256,229.06520932035613,232.11123850182065,27316800
2024-12-31,229.28280639648438,234.8408281845078,228.75865349179406,233.27825373808736,17927700
2025-01-02,229.42123413085938,236.8582920351264,227.7004361556115,233.55513617710406,31525800
2025-01-03,229.9849853515625,233.88152971570196,226.4741386986179,231.01350755125367,24973200
2025-01-06,233.80239868164062,239.08349480029065,230.72670141275174,233.8914023589193,34028400
2025-01-07,226.1180877685547,236.85830198187406,225.0895656648972,236.85830198187406,25928600
2025-01-08,226.7807159423828,229.9058648696144,223.5665633338625,227.16641365178586,18756500
2025-01-10,221.8358612060547,225.31703987722108,218.80961538069084,224.79288697755925,23864000
2025-01-13,222.80503845214844,226.73125044999077,217.0887932186595,217.56350967058134,23772100
2025-01-14,222.2215576171875,227.7202284431736,220.63921465983412,224.0709417923263,18143100
2025-01-15,225.4851531982422,227.79933930671848,223.09184768129438,226.0290896999313,21745600
2025-01-16,226.87960815429688,235.96824474188983,226.68181717515512,232.6255213596018,23471900
2025-01-17,234.821044921875,235.47376875945596,230.0937694142159,234.4650151096022,31196600
2025-01-21,237.6593780517578,240.07246726386182,234.78147173287226,238.83625476507777,30903200
2025-01-22,238.2527618408203,244.2657011385912,238.03518723767354,244.0283429104808,29610500
2025-01-23,237.6297149658203,237.748386539149,233.51559606492995,235.78034585918525,17653900
2025-01-24,242.00096130371094,246.8370241064407,239.24174158284657,242.00096130371094,25387800
2025-01-27,199.90052795410156,216.02072825464057,194.06559540286074,211.0462099382091,90569400
2025-01-28,205.07281494140625,207.63424355895927,196.69623803277352,205.71563938997124,50316000
2025-01-29,204.073974609375,209.1177127793301,200.53346004110466,206.53650036094936,32533700
2025-01-30,213.28128051757812,219.51179473127902,211.34289261691015,216.1591869296449,42449500
2025-01-31,218.8294219970703,224.29842553642013,213.91423930872,217.2371795052035,41104700
2025-02-03,215.32843017578125,218.50303046106163,211.15497564023354,213.08347917949365,24507300
2025-02-04,219.97659301757812,220.5699810622988,212.92524707778153,216.9305786534341,23768500
2025-02-05,229.44102478027344,235.30560924781983,224.99066007548365,231.3596288674824,29196000
2025-02-06,228.80810546875,232.21016476746016,226.0389863820916,231.9134707420173,21169500
2025-02-07,222.3896942138672,233.05079033255723,221.63808239526338,232.40796582498027,22117500
2025-02-10,232.44749450683594,233.21890496468305,224.61485417558436,224.9214324510127,23901600
2025-02-11,232.44749450683594,235.26606495022816,227.43342461897655,229.91573380467187,18476200
2025-02-12,233.74307250976562,233.87162835207147,227.4631067862131,227.8191366004544,16397300
2025-02-13,233.19912719726562,234.33643665219162,228.18504209298325,233.45625396268352,20962000
2025-02-14,230.4695587158203,233.1397897483014,226.3752235806295,231.94312942637225,16988800
2025-02-18,226.00929260253906,229.63881036583712,221.82595410343836,227.5619826065773,26080500
2025-02-19,226.2071075439453,226.54336881816806,221.92486556362536,225.33682419135806,16375500
2025-02-20,224.23907470703125,226.45435796247855,220.29307877253765,226.12799603492024,16104000
2025-02-21,216.2481689453125,225.23790200516368,213.25159125869544,223.16105911184252,24883600
2025-02-24,205.63653564453125,217.0591427618732,205.25083792791642,216.18885937774655,33050400
2025-02-25,200.30596923828125,206.3386920358868,198.70384273059886,204.71678190365114,33100800
2025-02-26,210.59129333496094,211.18466633454503,203.72783849732102,204.6278049007491,21368300
2025-02-27,195.61825561523438,216.83165764369278,195.2226585880481,214.88338566994062,27572900
2025-02-28,197.23028564453125,198.97088255352134,191.01955506950853,193.60076744887675,39747200
2025-03-03,185.30331420898438,201.80922682649998,182.49464287703836,201.74989103773126,37435600
2025-03-04,185.412109375,191.81074710343674,178.48931870291577,187.13292277463592,37910500
2025-03-05,189.46688842773438,191.93931361064588,185.03630672529292,189.7437988409816,25644500
2025-03-06,177.4706573486328,184.76926052535293,175.6509562332368,179.04311597257336,56864100
2025-03-07,192.80958557128906,193.32383907341804,179.55737936023962,185.65932206111327,74528900
2025-03-10,182.41549682617188,189.86243903897844,178.4398335638403,187.5087009154197,44217100
2025-03-11,187.99330139160156,193.46230421783983,183.30559330653128,185.97580925595483,42153200
2025-03-12,192.08763122558594,197.77420849914202,190.3272659029238,194.0556868797909,30409700
2025-03-13,189.24928283691406,194.15458023695425,187.38013030810797,191.01953233839322,27236100
2025-03-14,193.3831787109375,195.32156646605918,191.06899263376465,194.03590250413518,25900900
2025-03-17,192.3546600341797,194.55017458473915,185.43187021289816,185.97580671695283,26830600
2025-03-18,186.58897399902344,190.76242873844913,184.8384928182443,188.33945517980257,24951000
2025-03-19,193.41287231445312,196.08308832632883,184.83848903858095,187.2515782801449,37962700
2025-03-20,189.008544921875,192.28202449061752,187.4214138622241,189.98067915647198,31430000
2025-03-21,190.11953735351562,190.52624561326763,185.86400973054282,186.6972697382692,43086500
2025-03-24,189.71282958984375,195.10910805329388,189.13748951906373,192.73831826543397,33180300
2025-03-25,186.7468719482422,190.0600385059313,186.17153182907637,189.3557384063574,23417300
2025-03-26,177.82913208007812,186.54847630839103,176.15271293462126,185.15973478110882,30578500
2025-03-27,170.60763549804688,176.9462752554903,169.08993408683833,176.23206104596315,32151700
2025-03-28,167.76071166992188,171.90712324830164,165.13201680928688,170.54812418074758,30391500
2025-03-31,166.0842742919922,166.5901848546814,159.32901208135908,163.16791725315343,35656400
2025-04-01,167.16552734375,167.35400264347123,162.1065124604359,165.03279885381897,20472400
2025-04-02,170.7068328857422,172.03605908010312,164.16980326455987,164.74514336424164,19523700
2025-04-03,152.77215576171875,162.11644170984493,152.46464977511778,159.24967037905935,44354900
2025-04-04,145.11419677734375,151.5718827538793,138.05142816767963,146.9790912405844,72302200
2025-04-07,152.90110778808594,159.14054560589818,136.99003504853414,143.32867517641293,68503500
2025-04-08,154.7759246826172,168.4154105573576,151.8595521901617,166.27276768908646,58888200
2025-04-09,183.661865234375,185.82435152488372,156.24402018806086,159.209993744844,72708300
2025-04-10,170.9151611328125,175.52778122571803,165.06257263833805,173.89104896982207,51212200
2025-04-11,180.47767639160156,181.19189066865954,171.9170343799594,172.22454036166394,33964100
2025-04-14,176.92645263671875,184.50504641072408,174.406874254241,183.59244262115936,25748300
2025-04-15,177.51170349121094,180.79509726152583,176.64870087643214,178.28543310504324,17242400
2025-04-16,173.2065887451172,174.66477496583272,165.57839399303128,169.060177240944,34638600
2025-04-17,169.61569213867188,174.83341001843564,168.5542848805847,174.83341001843564,22501800
2025-04-21,164.87411499023438,166.6497214337,160.31108084889985,165.6478446288561,23469800
2025-04-22,168.21702575683594,169.1494730571671,163.89206805514885,166.08429700612876,18504900
2025-04-23,175.48809814453125,178.99963890745144,174.40686259899212,176.35110071843806,24380500
2025-04-24,186.6377410888672,187.054378664856,176.8669194006283,178.24574669063404,27576900
2025-04-25,190.7643280029297,191.81580595268252,185.3878924478258,185.41765011537368,21242300
2025-04-28,190.9230499267578,191.54799123154527,186.17154041996957,188.99863998947146,16385800
2025-04-29,189.63348388671875,191.69676786167108,188.57209180092053,190.17906633088964,14630000
2025-04-30,190.9230499267578,191.6471784135418,182.54096867254592,184.40584813725602,22768900
2025-05-01,195.74398803710938,199.7812680795465,194.6627524006387,196.54747534744348,24939700
2025-05-02,202.00326538085938,204.02686244621472,199.46384351996315,202.2611702105557,17766800
2025-05-05,199.1067352294922,201.59655591831608,198.3925209432048,198.6405115943838,14025400
2025-05-06,198.48178100585938,200.2871600941004,194.3651425191122,194.86112378913703,16348800
2025-05-07,203.1638641357422,204.57244925613443,196.8351377032043,197.6882261717403,20253700
2025-05-08,206.10006713867188,209.46281964114755,202.05285804200378,206.3282142913535,18460900
2025-05-09,206.526611328125,208.2724752000121,204.86012141712166,207.64753391531178,13289200
2025-05-12,219.799072265625,220.01730524607564,214.14488853610334,217.7258740874917,25437700
2025-05-13,230.55194091796875,233.38895450086977,220.2156926556064,220.2156926556064,28790500
2025-05-14,230.2543487548828,231.623261956049,226.5146607339614,228.37954008796498,19751400
2025-05-15,230.77017211914062,232.57555126533205,226.2369110363982,228.31010917897373,18803700
2025-05-16,226.77256774902344,230.7701757660246,224.57040959373398,230.4527556088002,23094600
2025-05-19,228.77633666992188,229.3913486313337,219.8189157050691,220.0669063522381,15355500
2025-05-20,229.81790161132812,229.90718975412673,224.52082464403207,224.66962812459707,11787200
2025-05-21,227.88356018066406,234.59915111236128,225.99883732555242,226.55433395080016,17642900
2025-05-22,228.67713928222656,231.81174476263672,225.60204913663526,226.50473874444958,14340200
2025-05-23,226.8816680908203,228.79614848320972,224.3620748214904,225.11597602151673,15385600
2025-05-27,233.7559814453125,234.57931222250244,229.2723213758069,230.99832661865133,17941700
2025-05-28,237.50558471679688,239.05305900027113,232.54577199528856,235.24391132668086,20443000
2025-05-29,240.0251922607422,244.09224498753431,235.49191589964445,243.9335273383775,20743700
2025-05-30,240.1243896484375,241.21553940766836,233.01200461099728,239.28121539872237,27088600
2025-06-02,246.7110137939453,247.99063883040535,241.2353762504487,241.2948915819844,19197000
2025-06-03,254.7855987548828,255.80731901754143,247.39546530814795,248.07000774400734,30380200
2025-06-04,258.9815673828125,263.2966104989245,255.5196277951951,255.985851401254,31536000
2025-06-05,257.8408203125,262.7609763938835,256.9778177310192,260.8365666104986,41970900
2025-06-06,244.9453125,253.26789307302678,244.1517545452877,249.12148161976054,41146700
2025-06-09,242.31661987304688,246.17535373631114,239.17210028429176,243.08043530420346,25334100
2025-06-10,242.663818359375,244.30055061297722,239.45976822799153,242.25711005621142,25491300
2025-06-11,250.87725830078125,252.72230929443907,241.84047864339416,244.3799004118377,24599000
2025-06-12,254.01185607910156,255.81723517575236,247.49465489526634,248.17911147287248,20410900
2025-06-13,246.7010955810547,251.95850038803462,246.35391775276003,248.64534893686752,19028400
2025-06-16,250.07376098632812,253.13892158506687,247.56409698509125,248.33782655106128,20363000
2025-06-17,247.36569213867188,251.9188116709702,245.92734949230686,248.93299475796073,22014300
2025-06-18,249.24050903320312,253.58530991844873,247.40538736669419,248.87348772713085,30435500
2025-06-20,248.5644073486328,252.07427588432242,242.7775893178268,251.7660461241791,42134900
2025-06-23,252.32284545898438,252.760338725152,245.05453418015304,247.6894161171529,19747000
2025-06-24,262.2658386230469,264.3538694256091,257.29435116149466,257.29435116149466,32764900
2025-06-25,263.14080810546875,268.33104189049055,261.9277640302399,264.48311570123377,18894200
2025-06-26,268.6293029785156,270.12074886237036,262.62373905666817,263.56830324364967,23569600
2025-06-27,267.81402587890625,270.2997695192459,265.3581099485086,268.75859025610515,27477600
2025-06-30,274.0780334472656,276.1262833738648,270.5781180183342,273.163296961128,24708400
2025-07-01,263.2302551269531,272.9346063976945,261.16213011269514,272.83517059987884,28847600
2025-07-02,268.36083984375,270.4488702785806,261.23174507180704,262.4845390578685,17582100
2025-07-03,273.6107482910156,274.2272078173821,268.5796059289009,269.1861431149877,10592700
2025-07-07,272.616455078125,275.97718516023826,271.10513394699154,273.5610497498013,16760600
2025-07-08,270.25,274.774071021526,269.60371280936664,274.774071021526,14869400
2025-07-09,276.31524658203125,277.85642578711236,271.16479323572867,271.40341490627577,20133000
2025-07-10,273.8294677734375,279.5765048995926,271.1448832948377,278.1944474442471,17891600
2025-07-11,272.8153076171875,274.89338540599704,270.33951696310925,272.5766859667356,14274700
2025-07-14,274.0283508300781,276.7725908334091,268.04266147021036,272.56673253796464,11934200
2025-07-15,279.337890625,281.74407313940566,276.2655155571406,278.2143298019854,17918400
2025-07-16,279.2086181640625,279.9046384009573,274.0979458979762,278.51259792716763,15031000
2025-07-17,284.8164978027344,286.6360486644115,278.3137844147582,279.536781120835,17231100
2025-07-18,281.7242126464844,285.89032104645884,279.39756044627137,285.4727028006807,15012400
2025-07-21,286.56640625,288.8831358698393,282.0125381274509,282.340642873742,17726800
2025-07-22,277.00128173828125,286.35762299184444,274.85359592461697,286.009612867416,16564800
2025-07-23,282.0722351074219,282.3804648775155,271.4431933505695,275.2016363524508,20556200
2025-07-24,287.0635681152344,289.5393890528269,281.8832876219723,288.1374262033228,16413800
2025-07-25,288.5251770019531,290.9214370844405,285.63176828019976,286.4272243091522,12476200
2025-07-28,292.6216735839844,293.7651397160392,288.93283921906095,290.792170253659,13683400
2025-07-29,295.72393798828125,300.46672553316387,293.1884614813502,295.80346842694934,19210800
2025-07-30,300.894287109375,301.53065203729915,294.1131712709888,295.45547888669455,16738900
2025-07-31,292.025146484375,305.1995864915155,288.5749334348008,301.07322817670536,25488500
2025-08-01,286.9939880371094,290.9711772481987,280.004048868816,284.90595763257835,21428100
2025-08-04,296.0221862792969,296.77786191913117,289.7382202113621,290.5336762384363,17164600
2025-08-05,291.259521484375,299.48238015902194,289.78798079577285,296.1116975078201,18477500
2025-08-06,299.94970703125,301.0831902773515,290.23540210982287,291.22969949995144,17392100
2025-08-07,302.02777099609375,308.57023417002836,298.1698924454774,304.42403123693634,16319400
2025-08-08,303.23089599609375,306.1143525462276,300.82468280437917,302.3161289865398,12458700
2025-08-11,302.1669616699219,306.5518166692501,299.5718601249272,303.31039756534346,12396400
2025-08-12,311.0460510253906,311.65258823506815,302.93261071587807,304.88142517840953,17609600
2025-08-13,307.327392578125,315.5402991555489,303.0121453228743,314.9437146218882,17371200
2025-08-14,309.4551696777344,312.378406262391,305.24928103812516,305.2592337213838,15717600
2025-08-15,304.5930480957031,309.72362608883367,298.0505848508301,309.25630511823226,22806900
2025-08-18,304.0163879394531,304.42405352165923,297.29492769042946,300.97384027084104,14724700
2025-08-19,293.2282409667969,301.17266724150545,290.7226225185964,300.69542392387547,20149600
2025-08-20,289.50958251953125,293.8049241553724,280.26259864638365,293.77509644760784,23600500
2025-08-21,287.9485168457031,290.7226149312188,284.53808423877217,288.4058851276779,14946300
2025-08-22,292.32342529296875,298.37869260424026,287.361891151843,290.08625622184906,16301300
2025-08-25,292.5521240234375,296.698327034538,290.0464752489418,291.1402084168925,15124700
2025-08-26,296.310546875,298.537763107986,292.3134523254253,292.6714151306097,25689100
2025-08-27,298.53778076171875,299.4624700191788,292.1046756627868,295.8332907430747,13830300
2025-08-28,306.8898620605469,309.226466833626,300.60589570932245,301.20248017063676,18907100
2025-08-29,295.6941223144531,305.2592585756986,291.98538203906287,305.2592585756986,21610700
2025-09-02,296.53924560546875,297.0065665952241,285.53239649535607,287.6900048517968,19693000
2025-09-03,300.6656188964844,302.71386920527823,294.70975656854796,300.5661830832949,18529400
2025-09-04,304.3544616699219,307.01917160736923,300.5264103412814,303.32038380481146,31220800
2025-09-05,332.98028564453125,354.3079476159462,329.53007229950344,353.7511434746924,78401600
2025-09-08,343.67889404296875,352.1503274045484,339.3039915032845,340.7954376197825,43535600
2025-09-09,334.7501220703125,348.9785155669414,333.9148855443519,347.5566472108421,26972300
2025-09-10,367.4624938964844,370.8430989555386,348.5509381089459,349.51540779149104,51086800
2025-09-11,357.57916259765625,372.09591004790576,356.7141287538608,369.0632849093324,29430900
2025-09-12,357.8177795410156,362.31202294585194,355.12324224091253,360.84045195630114,31949800
2025-09-15,362.0137023925781,363.41566523484636,354.3078982733714,357.817766548765,21792200
2025-09-16,357.9470520019531,363.60460644580115,354.9542072183349,363.34607942053117,21306500
2025-09-17,344.1959228515625,357.8774335890272,339.5525409318753,356.8036058151323,45197100
2025-09-18,343.380615234375,348.70011242524,341.8295137084828,348.00409210361323,24663900
2025-09-19,342.9729309082031,344.2953330347468,334.5114507356632,342.6845761800293,41240100
2025-09-22,337.4351806640625,345.28367325298416,336.5885737516059,341.0606084270775,28660000
2025-09-23,337.5845642089844,343.8394489551671,335.67222901216985,338.8793532849425,21944100
2025-09-24,337.9530944824219,338.72000430459104,332.47508902125844,338.4013070874596,19677300
2025-09-25,334.75592041015625,336.7080737324583,325.991093942804,331.65834169590977,21678200
2025-09-26,333.19219970703125,337.7239919137433,329.2579837594843,336.08059640996515,15464700
2025-09-29,326.5887145996094,339.68612138090174,326.2401081782098,334.656328600332,21336000
2025-09-30,328.5906677246094,329.72609296966556,323.3118446022923,328.7998194074157,20109500
2025-10-01,332.0567626953125,336.59852447783584,323.2022998896794,326.8376971837535,21122700
2025-10-02,336.82757568359375,346.2198568370876,333.9093003535087,346.2198568370876,19917600
2025-10-03,337.0168151855469,343.02269931681434,334.3973279901147,340.13430282435286,14749100
2025-10-06,334.1483459472656,342.75380866679006,333.2220723671261,334.57664945247484,18465700
2025-10-07,335.0646667480469,336.7578500424013,325.2739608698581,335.6821824433723,18086700
2025-10-08,344.1183166503906,345.1541661142996,331.2898199825983,332.48503324061136,21478300
2025-10-09,343.6402282714844,345.9210789009516,339.03870886032774,344.36731988927625,17643700
2025-10-10,323.331787109375,349.1979325045112,322.75408954786695,344.0087761645016,28941000
2025-10-13,355.2735290527344,357.9428041387348,342.146214242933,351.3592224606911,45984300
2025-10-14,342.7538146972656,349.267669476328,338.2917194609827,348.7298204480106,22078000
2025-10-15,349.92498779296875,357.96272246505765,346.1103176658243,353.05244525324514,23918500
2025-10-16,352.7337341308594,361.78737921559485,348.09236600682163,355.3731305974428,20317200
2025-10-17,347.9330139160156,349.56647013629697,339.41721757415945,348.21189297855904,20937900
2025-10-20,347.8433532714844,355.16396614831154,346.4489580557878,352.3851150572024,15640200
2025-10-21,341.2897033691406,349.6959541684103,339.94509595160935,348.6003469987353,16092600
2025-10-22,338.9391174316406,346.6183067837734,334.16829467718156,345.91112421133204,19268800
2025-10-23,342.9131774902344,345.1840584530217,339.03871918336426,339.03871918336426,12859200
2025-10-24,352.71380615234375,356.86711291413076,349.4768032037389,351.10028954586335,16143700
2025-10-27,360.6021423339844,361.2993551775869,353.66001429366173,360.09420250359625,20065800
2025-10-28,371.47845458984375,372.5640919166608,361.08020282655286,361.1698392595339,21056000
2025-10-29,384.43646240234375,384.9344628835344,371.69760158273596,371.69760158273596,24975200
2025-10-30,374.9644775390625,384.8547596427306,368.58010782462867,384.8547596427306,24295300
2025-10-31,368.1518249511719,377.30507583831803,363.63994199904664,376.7572570949544,21598400
2025-11-03,361.1001281738281,373.3509579573757,360.5324307393669,370.5123492029235,17198900
2025-11-04,350.5325622558594,367.47454744020746,349.5963189699949,357.0862348613752,24047500
2025-11-05,357.54443359375,363.41086341015694,348.6899705182648,349.48678951919794,17087600
2025-11-06,354.16796875,362.0463397915529,351.29948119455554,358.6698820328004,19896900
2025-11-07,348.0325927734375,353.08232471234805,335.9212179877443,352.77356686003935,21903200
2025-11-10,356.9568176269531,358.56036466797076,353.1919046182223,356.4687564616332,16409000
2025-11-11,350.552490234375,360.4428028921463,348.2716699151433,357.53446670774576,16446800
2025-11-12,353.7994689941406,357.4348664885674,350.2736170175513,356.6081990499921,12190500
2025-11-13,338.62042236328125,352.1361324910433,332.8236893948727,350.17400935481726,22616600
2025-11-14,341.0904541015625,343.3613349004467,327.74404833985596,330.14441411689927,18500800
2025-11-17,341.27972412109375,350.7915515614277,336.1702343142005,338.461054767955,14799600
2025-11-18,339.1383056640625,346.5784335856418,334.16827091115164,341.8275202460445,21726800
2025-11-19,353.0026550292969,358.25156886971325,336.44909441350086,339.347460701947,21851900
2025-11-20,345.4330749511719,374.5760436127567,343.7996187173591,364.53636688248895,28867000
2025-11-21,338.83953857421875,347.20594055476573,330.47310619813464,343.7796948225024,30280300
2025-11-24,376.4485168457031,380.47236926173474,346.26969971430924,346.339427076904,47262400
2025-11-25,383.4902648925781,386.57787408036836,370.26337279120474,383.39065871319036,33507600
2025-11-26,395.9801025390625,398.2708925516895,381.7273314642951,384.0081517409119,28693000
2025-11-28,401.3485412597656,401.38838980920684,395.5717478078233,397.75299235778425,13365500
2025-12-01,384.5360412597656,393.8387170709335,383.55997976196386,393.27098922290344,23252000
2025-12-02,380.0440979003906,391.92638219264916,378.271217387361,386.7571347201425,22207000
2025-12-03,379.087890625,380.7711345894799,369.1677301019884,378.4803446615845,21336400
2025-12-04,379.5062561035156,382.35483474134327,375.02425164733893,379.1576496778165,15845900
2025-12-05,388.6794128417969,391.9562645778702,383.60977149932444,384.6257119524167,24779900
2025-12-08,399.4960021972656,405.6612507420261,395.8107863850061,400.8704884234115,30410600
2025-12-09,404.66522216796875,405.30264695088596,393.92833346962834,397.1553667228235,24546000
2025-12-10,411.3185119628906,412.9519377089591,397.9621356270513,400.591592714844,31531000
2025-12-11,404.7449035644531,407.66317907015735,392.61361921715974,403.2110535816976,45681600
2025-12-12,358.4906005859375,380.47234798569394,353.72971744738294,378.4404976165911,95588500
2025-12-15,338.4510803222656,360.5523438301254,336.1602902959243,360.44279831550426,65894900
2025-12-16,339.93511962890625,346.11033781431183,333.7200832894025,334.67623571189444,58061100
2025-12-17,324.7162170410156,345.22387284443886,320.13463701193336,345.22387284443886,73300900
2025-12-18,328.5608215332031,334.6862217306807,322.33581515455944,334.6563429158848,54501900
2025-12-19,338.9988708496094,342.07654055222406,331.24998462648665,332.00695507974194,159095200
2025-12-22,340.7352600097656,345.5152112478357,336.5141036420898,345.3056593647258,28739600
2025-12-23,348.5887756347656,349.37710000083763,337.83134263055865,340.09657987546063,28232600
2025-12-24,349.48687744140625,352.1213352312898,346.41333827759297,349.95589479748145,11424400
2025-12-26,351.39288330078125,352.51053390724485,347.02204717974354,350.325115846726,15028100
2025-12-29,348.65863037109375,349.5966346351222,343.9684567824758,347.99001949427986,21946900
2025-12-30,349.1176452636719,351.9417076647023,348.56877833761786,349.2373891882818,16633600
