Date,Close,High,Low,Open,Volume
2011-01-03,9.874910354614258,9.895584907090699,9.733185657309221,9.757155816660681,445138400
2011-01-04,9.926445007324219,9.962699875638041,9.832360611678583,9.960902054061426,309080800
2011-01-05,10.007645606994629,10.017833264419822,9.87281216499738,9.874310749962227,255519600
2011-01-06,9.999554634094238,10.045097846334077,9.974685169457526,10.029217489415199,300428800
2011-01-07,10.07116413116455,10.07805537918354,9.944719771251737,10.00734267746308,311931200
2011-01-10,10.260832786560059,10.284203669159895,10.102628473401952,10.152366608178358,448560000
2011-01-11,10.236564636230469,10.336040917863347,10.171544608667565,10.333644622009647,444108000
2011-01-12,10.319860458374023,10.320160495415678,10.247350706542079,10.28480493052589,302590400
2011-01-13,10.357612609863281,10.386377757484212,10.302781047457573,10.342032288333954,296780400
2011-01-14,10.441507339477539,10.441507339477539,10.320457233689064,10.363903383532547,308840000
2011-01-18,10.206894874572754,10.33004281485007,9.767936907406611,9.873406674261883,1880998000
2011-01-19,10.152667045593262,10.445105526927684,10.093939799770528,10.437614202641058,1135612800
2011-01-20,9.968092918395996,10.136484865117481,9.891387467904755,10.080453961832808,764789200
2011-01-21,9.789511680603027,10.03400976312476,9.786814548753686,10.000750470972507,754401200
2011-01-24,10.1110200881958,10.1110200881958,9.789516376852484,9.794011332058234,574683200
2011-01-25,10.22937297821045,10.230572326335881,10.024726103308153,10.07746141638042,546868000
2011-01-26,10.302781105041504,10.35521637220388,10.232368420614243,10.276113816001557,506875600
2011-01-27,10.283605575561523,10.327951050288316,10.272220169961843,10.30068448405982,285026000
2011-01-28,10.070565223693848,10.319259056107757,9.99356133887933,10.312367807290624,592057200
2011-01-31,10.167047500610352,10.188621359613949,10.016633761939442,10.061577701333045,377246800
2011-02-01,10.338138580322266,10.356715273502038,10.216788400380707,10.226376784008341,426633200
2011-02-02,10.316864013671875,10.344729051441433,10.293792367273305,10.32075969429036,258955200
2011-02-03,10.290494918823242,10.31446587374502,10.143976057307713,10.301281848538043,393797600
2011-02-04,10.382181167602539,10.38817390572483,10.29259173292064,10.296486612650856,321840400
2011-02-07,10.543383598327637,10.58443185801736,10.41633993867473,10.423830461971454,485021600
2011-02-08,10.642863273620605,10.652451658578965,10.55147677983232,10.597320045266157,381040800
2011-02-09,10.731550216674805,10.756719717767691,10.63297247107269,10.64256005234283,482745200
2011-02-10,10.62308120727539,10.786679720163912,10.427122716033853,10.708476505818986,928550000
2011-02-11,10.692302703857422,10.720767020809754,10.593124849785571,10.629380529411666,367572800
2011-02-14,10.762112617492676,10.771100925123791,10.6881042974312,10.69050139282579,310416400
2011-02-15,10.783683776855469,10.785781635005584,10.713271112286092,10.762409959024264,284174800
2011-02-16,10.880467414855957,10.93350115125055,10.801664102367631,10.810652410174294,481157600
2011-02-17,10.735746383666992,10.794773663193837,10.682411806191432,10.704285703785256,530583200
2011-02-18,10.503830909729004,10.771699891748947,10.472668672802786,10.74802897721002,816057200
2011-02-22,10.145771026611328,10.349220048771127,10.119104546905634,10.251840072024748,872555600
2011-02-23,10.265925407409668,10.326449663086496,10.145773006443314,10.150567997113953,671854400
2011-02-24,10.273712158203125,10.341728516877211,10.138579551471448,10.307870756025414,499900800
2011-02-25,10.43191909790039,10.440008893543814,10.331243507353829,10.345026003620628,380018800
2011-02-28,10.583235740661621,10.638367344783882,10.520612811990024,10.524208455750006,403074000
2011-03-01,10.466374397277832,10.658437203262237,10.417534794517978,10.650946682620091,456136800
2011-03-02,10.55057430267334,10.61739214015287,10.439111761276767,10.485854323823364,602590800
2011-03-03,10.77349853515625,10.780389784183804,10.664433097888056,10.702486586219585,500788400
2011-03-04,10.78668212890625,10.795371199085269,10.719265025558704,10.788779187187945,453266800
2011-03-07,10.647653579711914,10.836720061849498,10.526303436340134,10.82862946555246,546123200
2011-03-08,10.659638404846191,10.708778056718748,10.554467852398304,10.634169668203125,356316800
2011-03-09,10.56105899810791,10.629674642950928,10.505028902226293,10.62757678475787,453306000
2011-03-10,10.387277603149414,10.480163470747922,10.334243055555959,10.460686666160647,507539200
2011-03-11,10.54668140411377,10.55656982579229,10.337241128529762,10.347127950010583,471080400
2011-03-14,10.593719482421875,10.681211854347914,10.526303182230858,10.582333280570245,435957200
2011-03-15,10.350120544433594,10.422331033855968,10.190417684323418,10.250343461444778,721081200
2011-03-16,9.888090133666992,10.277310050959692,9.775729100776479,10.247347162195455,1162011200
2011-03-17,10.02682113647461,10.175737086366887,9.90756804173275,10.09243962219105,659422400
2011-03-18,9.907870292663574,10.133491763079135,9.887795012818058,10.10143100269933,753214000
2011-03-21,10.166448593139648,10.179631818462791,10.045397669108278,10.067271565880105,409402000
2011-03-22,10.223381042480469,10.265929500773147,10.16165741445082,10.264131678591767,325922800
2011-03-23,10.1631498336792,10.194011228921008,10.066069094981177,10.16584616526597,372996400
2011-03-24,10.33633804321289,10.367200244857981,10.153264291956317,10.242853727696492,404712000
2011-03-25,10.533195495605469,10.548775815405458,10.397762007552062,10.429223484221048,448910000
2011-03-28,10.500234603881836,10.616492119887635,10.500234603881836,10.581435002937585,309355200
2011-03-29,10.515812873840332,10.515812873840332,10.368994834364889,10.416935124769738,352900800
2011-03-30,10.446003913879395,10.513421831165742,10.41034831508102,10.506229743884559,329406000
2011-03-31,10.442407608032227,10.481059571077147,10.368998561904768,10.377986869525431,274019200
2011-04-01,10.324052810668945,10.534693163342846,10.286299359124245,10.52031139138684,418661600
2011-04-04,10.223076820373535,10.325250997611146,10.139480129951167,10.316561928021002,460084800
2011-04-05,10.154167175292969,10.2548428199947,10.067574071360019,10.097237738140466,482731200
2011-04-06,10.128693580627441,10.304276800788912,10.101727060147692,10.223976513140288,402539200
2011-04-07,10.12989330291748,10.200305175575357,10.068468137155804,10.130491776631722,373447200
2011-04-08,10.03940486907959,10.191916458726185,10.006146371584995,10.185025209714423,377535200
2011-04-11,9.911763191223145,10.057681975218765,9.88839231084134,10.00944162975967,398946800
2011-04-12,9.959705352783203,9.999555868436847,9.893786021480611,9.902475093297799,425639200
2011-04-13,10.071464538574219,10.07176377540853,9.963297623857565,10.038205244549006,346220000
2011-04-14,9.96030330657959,10.067570932690618,9.94951717664849,10.03161529935676,301800800
2011-04-15,9.811688423156738,9.996860089585976,9.791913181156941,9.986672431535181,453605600
2011-04-18,9.94322395324707,9.95461015665492,9.592956781025237,9.77093711801277,609898800
2011-04-19,10.12330436706543,10.126899210935957,9.93903121408242,9.98068035667763,419378400
2011-04-20,10.259634971618652,10.359711322334377,10.232369206670695,10.292594239218458,700666400
2011-04-21,10.508026123046875,10.640762480388041,10.44270687363774,10.636866800316346,753810400
2011-04-25,10.577238082885742,10.59941120909564,10.496037699210566,10.497237046671636,266546000
2011-04-26,10.499638557434082,10.63656905077108,10.467577802046703,10.595519986481456,338800000
2011-04-27,10.491548538208008,10.557467874420388,10.400162058667755,10.554171467555454,356213200
2011-04-28,10.389673233032227,10.479561110898242,10.352818290994751,10.37289356509028,360959200
2011-04-29,10.490948677062988,10.60540678912732,10.387275894771312,10.390572301200343,1006345200
2011-05-02,10.375588417053223,10.501133471433057,10.35221754013855,10.479260378893061,442713600
2011-05-03,10.433116912841797,10.483754345320342,10.355812198141855,10.426824938422683,313348000
2011-05-04,10.474166870117188,10.541883205352681,10.393565748887337,10.434914838566197,389250400
2011-05-05,10.389673233032227,10.515517542202415,10.368698648104793,10.439111325828954,335969200
2011-05-06,10.386974334716797,10.487050651203347,10.373491075319361,10.477762308078209,280134400
2011-05-09,10.415141105651855,10.46308221365468,10.383080354658327,10.422930865619737,204747200
2011-05-10,10.470569610595703,10.477760894663849,10.386972933549425,10.453789947770032,282091600
2011-05-11,10.40405559539795,10.487053835266217,10.344429839098698,10.457690212543264,336000000
2011-05-12,10.38428020477295,10.400760637799115,10.255440311084074,10.370797741576332,322000000
2011-05-13,10.202401161193848,10.374687950203537,10.197907008472155,10.357010576118961,326116000
2011-05-16,9.98666763305664,10.22397522362346,9.96569305303011,10.163450178600877,449775200
2011-05-17,10.071767807006836,10.071767807006836,9.909667788560958,9.947721287955352,452334400
2011-05-18,10.183527946472168,10.218884307013674,10.06757124539592,10.081653782211738,334776400
2011-05-19,10.203307151794434,10.259637316538251,10.147575461046815,10.249749694018167,261170000
2011-05-20,10.044198989868164,10.215887340925237,10.038206251595891,10.174238209982223,337968400
2011-05-23,10.019627571105957,10.066969397726984,9.870412406368503,9.886892034607701,383600000
2011-05-24,9.953413009643555,10.064576326733151,9.927944266906946,10.052590847775047,321927200
2011-05-25,10.09093952178955,10.144274085832183,9.973185029395696,9.990563168174663,294224000
2011-05-26,10.03760814666748,10.094238329787304,10.020529240651914,10.066672530623325,222560800
2011-05-27,10.109820365905762,10.116412379891097,10.016935296408805,10.031617109326744,203599200
2011-05-31,10.42203140258789,10.42203140258789,10.21738380162173,10.220380970702806,417754400
2011-06-01,10.352518081665039,10.550872923799144,10.32675090652324,10.453194487443415,554682800
2011-06-02,10.370196342468262,10.426527284256094,10.31626329617845,10.382181819465375,338783200
2011-06-03,10.290494918823242,10.347125099677998,10.24764803704851,10.282705158572293,313250000
2011-06-06,10.128693580627441,10.398660422566557,10.121802332084476,10.35821064184693,461941200
2011-06-07,9.948914527893066,10.134086111655058,9.944719611744912,10.132588327365655,529785200
2011-06-08,9.95490837097168,10.031613817432383,9.907268103957914,9.941125873623895,333723600
2011-06-09,9.932439804077148,9.997759068032165,9.910266666704258,9.985174314388091,275088800
2011-06-10,9.764947891235352,9.937534825519776,9.753261646643574,9.904275514179536,433955200
2011-06-13,9.785918235778809,9.837154951339393,9.740074985029647,9.803895651718262,329473200
2011-06-14,9.960905075073242,9.985175273669073,9.867120687962773,9.887795242314862,334569200
2011-06-15,9.790409088134766,9.896777354785105,9.734377405006608,9.880297730370335,399196000
2011-06-16,9.742769241333008,9.848239019319667,9.538122459681423,9.794905256635325,510591200
2011-06-17,9.595956802368164,9.865325328378127,9.568990266094733,9.857534764537204,615020000
2011-06-20,9.447933197021484,9.51924516764843,9.303511434654393,9.509057514673607,640645600
2011-06-21,9.746964454650879,9.761945498515093,9.444338407490838,9.488683865521923,493382400
2011-06-22,9.666365623474121,9.854833649114967,9.65947357414033,9.742771039207843,390583200
2011-06-23,9.924646377563477,9.938428875096578,9.531831596194802,9.55640022221065,559759200
2011-06-24,9.77842903137207,9.98217737335967,9.740675572698628,9.928843592117076,439807200
2011-06-27,9.948914527893066,10.004646185191522,9.805392068695664,9.815579722198322,339813600
2011-06-28,10.045394897460938,10.08854180501974,9.990862589368788,9.997154563352924,294299600
2011-06-29,10.008844375610352,10.078657788382829,9.944123591107527,10.068770168562503,352545200
2011-06-30,10.057679176330566,10.071463271338146,9.972884749298794,10.028615602430499,322954800
2011-07-01,10.285099983215332,10.292290468005648,10.01363457935351,10.066069831519764,435313200
2011-07-05,10.46997356414795,10.481959041289215,10.262330373316475,10.27731141964445,355054000
2011-07-06,10.539786338806152,10.609900575796678,10.388473299377928,10.455590367163522,444626000
2011-07-07,10.702786445617676,10.726756600224084,10.6069042269948,10.626980301609573,399663600
2011-07-08,10.777996063232422,10.786685936577486,10.552973869218432,10.587131688281822,489633200
2011-07-11,10.606904029846191,10.77979173709761,10.571547672412056,10.677018270956582,442674400
2011-07-12,10.599413871765137,10.71716837938684,10.445702934229933,10.592821059515755,451609200
2011-07-13,10.727356910705566,10.786683424711295,10.678216452476812,10.736644455710604,391638800
2011-07-14,10.719864845275879,10.834923022138327,10.677017965909114,10.816944806957357,430533600
2011-07-15,10.934104919433594,10.936502015860295,10.761818014308547,10.82174382477822,484467200
2011-07-18,11.200169563293457,11.225637495718255,10.94488456455064,10.949378717308331,572653200
2011-07-19,11.291560173034668,11.345493222615076,11.185790332328349,11.326017221355785,819145600
2011-07-20,11.592684745788574,11.873438489289795,11.565718227870411,11.868944336336249,941340400
2011-07-21,11.604371070861816,11.68736768325883,11.502796172481956,11.594183417312307,526534400
2011-07-22,11.784449577331543,11.836884834388016,11.618154699212825,11.635233602367235,516728800
2011-07-25,11.94025707244873,11.985201005147735,11.674185118393916,11.696057410922226,589806000
2011-07-26,12.087374687194824,12.120034706376952,11.975612933655981,11.98520051351535,476582400
2011-07-27,11.763174057006836,12.064302295437077,11.749990035387198,12.00287794031138,659324400
2011-07-28,11.740104675292969,11.895013358649344,11.629541454898739,11.734112737140086,594034000
2011-07-29,11.69995403289795,11.839881669573643,11.50579411573902,11.614859550722823,632584400
2011-08-01,11.887823104858398,11.970220457078957,11.756584534886036,11.918684507307821,612836000
2011-08-02,11.652913093566895,11.92228069478874,11.63613422546769,11.914790171535449,639539600
2011-08-03,11.762578010559082,11.79194163030627,11.45306065536616,11.714936137593241,732508000
2011-08-04,11.307137489318848,11.725120912791533,11.306538215591674,11.667892272092605,871407600
2011-08-05,11.194780349731445,11.490816094130235,10.863689877970298,11.399128775706728,1204590800
2011-08-08,10.583235740661621,11.019496782255956,10.577542237992274,10.837321498910509,1143833600
2011-08-09,11.206465721130371,11.224443939070158,10.636868250934757,10.825635538808982,1082583600
2011-08-10,10.897247314453125,11.225641420027689,10.861591716534724,11.12077088483424,878656800
2011-08-11,11.197176933288574,11.249612200061923,10.928108549434253,11.101893982165963,741969200
2011-08-12,11.295753479003906,11.375154457283326,11.213055294671529,11.328112664057493,528976000
2011-08-15,11.488115310668945,11.534857865994464,11.328711683591303,11.374854965129334,460544000
2011-08-16,11.400323867797852,11.48691773728596,11.267887549925382,11.43148610739004,498750000
2011-08-17,11.399125099182129,11.5213737508533,11.326015297653875,11.455155997897586,442061200
2011-08-18,10.96795654296875,11.165713686648086,10.827729681201648,11.111479810519654,851435200
2011-08-19,10.66772747039795,10.996422328826396,10.666828959801979,10.85170051529209,775888400
2011-08-22,10.680010795593262,10.932899490348305,10.639561021959294,10.921812527114545,535315200
2011-08-23,11.194178581237793,11.195377128840873,10.696792527339003,10.795670304297515,656835200
2011-08-24,11.271483421325684,11.354780080330116,11.104289229311819,11.190283020501136,626267600
2011-08-25,11.197776794433594,11.24961279001767,10.936498957677003,10.938896053433403,871346000
2011-08-26,11.493209838867188,11.499801050603631,11.110281879620603,11.121368044930163,641477200
2011-08-29,11.684673309326172,11.730517357931193,11.62564683646871,11.631039500917693,405269200
2011-08-30,11.685272216796875,11.740703844983262,11.57201186514478,11.63313619457027,417922400
2011-08-31,11.530660629272461,11.747892132884859,11.441670489983514,11.702648171181346,522586400
2011-09-01,11.416802406311035,11.605868870422345,11.407514063405845,11.56032566645566,343725200
2011-09-02,11.207660675048828,11.326014438187954,11.141142890199193,11.228334418902103,438939200
2011-09-06,11.378152847290039,11.395830226166737,10.980842275621086,11.007509562575025,509698000
2011-09-07,11.503698348999023,11.55373651845735,11.445868818904541,11.55253797068235,350576800
2011-09-08,11.509990692138672,11.643925609924652,11.455158329830228,11.457854662360717,416158400
2011-09-09,11.310436248779297,11.565720508896883,11.236726365095066,11.503697665472465,564813200
2011-09-12,11.384142875671387,11.412307140435317,11.143239639788852,11.176199694530197,467832400
2011-09-13,11.524372100830078,11.572012371344073,11.393432765716003,11.450062944019248,440560400
2011-09-14,11.664599418640137,11.75179177224947,11.558530336925745,11.596283793135862,534724400
2011-09-15,11.774261474609375,11.795236056692696,11.68257498751206,11.728418231060719,417818800
2011-09-16,12.000181198120117,12.000181198120117,11.836284233660413,11.851565313711847,698513200
2011-09-19,12.333670616149902,12.381611719026292,11.841379601503334,11.895311842054557,823860800
2011-09-20,12.388204574584961,12.670156909924192,12.320488232217018,12.442137618908683,775754000
2011-09-21,12.348957061767578,12.63210723002392,12.344762143706893,12.573679214326882,605976000
2011-09-22,12.03973388671875,12.279438606225359,11.886323794348817,12.01606377175689,968480800
2011-09-23,12.114044189453125,12.187153999835958,11.980708556568242,11.99359254444903,546277200
2011-09-26,12.08018684387207,12.104457037505677,11.72452617451742,11.98100901067365,812876400
2011-09-27,11.963029861450195,12.262359539271129,11.927074231668003,12.246779219754703,632497600
2011-09-28,11.895613670349121,12.097264115900357,11.880631024322456,11.990895010057413,429637600
2011-09-29,11.702655792236328,12.051425292516516,11.572016448071393,12.042736218737087,651086800
2011-09-30,11.425493240356445,11.652313985061083,11.4212983235355,11.599278651016999,547640800
2011-10-03,11.224143028259277,11.465046346478417,11.181296942697545,11.397030755966245,669099200
2011-10-04,11.161218643188477,11.439874563138163,10.614095258124301,11.223242282172675,1233677200
2011-10-05,11.333508491516113,11.38054949113145,10.795671782422929,11.022192509828715,786469600
2011-10-06,11.307137489318848,11.529163204596593,11.140243356744142,11.18608659672522,812582400
2011-10-07,11.080323219299316,11.318229409288927,11.041071970355292,11.259502154356163,535458000
2011-10-10,11.64991569519043,11.64991569519043,11.332307776102578,11.358675823798597,442514800
2011-10-11,11.993892669677734,12.08048654831091,11.730518590763278,11.762578544350868,605687600
2011-10-12,12.050822257995605,12.262360333471525,11.989397886452197,12.205131679117857,622286000
2011-10-13,12.23779010772705,12.23779010772705,12.07059592016909,12.134416578764698,426185200
2011-10-14,12.644390106201172,12.644390106201172,12.442738044847934,12.48948140776079,573367200
2011-10-17,12.584163665771484,12.785215643312412,12.462812710543009,12.636598927865856,686044800
2011-10-18,12.651578903198242,12.728584386796392,12.464310240155672,12.63719633191495,881602400
2011-10-19,11.943852424621582,12.237489364848084,11.919282200569288,12.02565129225681,1104059600
2011-10-20,11.844672203063965,11.995685968939389,11.811713751098836,11.985199079664344,549270400
2011-10-21,11.771573066711426,11.959441933590506,11.708051599807696,11.928280474356585,621244400
2011-10-24,12.158088684082031,12.179960978042644,11.847372813916243,11.870743692454104,502138000
2011-10-25,11.918381690979004,12.18145724331289,11.906697054033334,12.135913242432421,430427200
2011-10-26,12.003182411193848,12.061610419352947,11.779957272306818,12.037938699015053,456304800
2011-10-27,12.125730514526367,12.254872048455018,12.04183456315402,12.211724324739787,494664800
2011-10-28,12.133522987365723,12.175471369710143,12.06041315530515,12.075094969110872,322842800
2011-10-31,12.128423690795898,12.264755667437736,12.016661137600412,12.057710989083363,385501200
2011-11-01,11.880634307861328,11.970223771025323,11.782056534754899,11.90760163798504,531790000
2011-11-02,11.907598495483398,11.998386482693281,11.838682803453398,11.98789959046214,327350800
2011-11-03,12.077188491821289,12.08707610979751,11.846173634957063,11.957336128171514,441386400
2011-11-04,11.99239444732666,12.088275867787567,11.96003445791987,12.04602825941455,302229200
2011-11-07,11.977109909057617,11.98520050469031,11.8692438350053,11.982504172878386,270275600
2011-11-08,12.171873092651367,12.224908433219065,12.031946236213155,12.05142223808533,400442000
2011-11-09,11.843774795532227,12.01186747676843,11.812314124777364,11.894412225694339,558684000
2011-11-10,11.54234790802002,11.90160412763604,11.450361385714453,11.896210663773068,744752400
2011-11-11,11.524372100830078,11.64662076502863,11.393732802688321,11.583997848264948,653786000
2011-11-14,11.363770484924316,11.543249410443424,11.332009769577084,11.491412620189582,432905200
2011-11-15,11.650517463684082,11.670591939133773,11.369464406105791,11.409914194102388,430810800
2011-11-16,11.528865814208984,11.7197301263404,11.515381753138813,11.663099950200499,349210400
2011-11-17,11.308340072631836,11.523174579856272,11.251110611409723,11.505196361624797,479900400
2011-11-18,11.234331130981445,11.385644203210125,11.232533309127906,11.353584246970089,371938000
2011-11-21,11.056648254394531,11.136649302386022,10.963762420308019,11.098295781133483,447980400
2011-11-22,11.281371116638184,11.32391875719395,11.114476960430567,11.116874055678696,409021200
2011-11-23,10.996122360229492,11.26129500147605,10.992825954460658,11.221443696006613,428271200
2011-11-25,10.89365291595459,11.120772155795,10.886161591085546,11.038973257011342,254760800
2011-11-28,11.269684791564941,11.287663005789222,11.096199424842615,11.156724479200609,346413200
2011-11-29,11.182197570800781,11.350889612857824,11.092308864968452,11.261300143996497,375855200
2011-11-30,11.451860427856445,11.454257523169934,11.335004431619632,11.424594668813379,405938400
2011-12-01,11.623549461364746,11.655609412916215,11.408414944945566,11.462048755584476,387181200
2011-12-02,11.676584243774414,11.794338760092018,11.643025706808833,11.68047912392005,379055600
2011-12-05,11.775760650634766,11.877635604024746,11.697258177283958,11.790143222905893,357210000
2011-12-06,11.71403694152832,11.824301727770697,11.666995945386171,11.760779500898675,283598000
2011-12-07,11.658307075500488,11.713738710250713,11.588492867371269,11.683475778815074,304746400
2011-12-08,11.705348014831543,11.850369085341905,11.692464027176493,11.72901893172744,376356400
2011-12-09,11.794036865234375,11.806621614651027,11.716432910744624,11.770966024784942,296993200
2011-12-12,11.740705490112305,11.802429102006448,11.669094258854784,11.735911298881899,301067200
2011-12-13,11.64991569519043,11.847372815561473,11.598678984474395,11.775460758307242,338928800
2011-12-14,11.39163875579834,11.607073374992812,11.31643186320225,11.586698057409784,406887600
2011-12-15,11.354181289672852,11.498003809298098,11.335304563969574,11.485719095762382,256200000
2011-12-16,11.416507720947266,11.51029210481577,11.37306155465219,11.396732478389135,421478400
2011-12-19,11.452162742614746,11.53126530349592,11.400325946199704,11.459953303933096,235530400
2011-12-20,11.86385440826416,11.868349362944837,11.603475877364039,11.618456926036343,337215200
2011-12-21,11.87883186340332,11.904300596844578,11.745795495818967,11.886022348055135,262948000
2011-12-22,11.941757202148438,11.95913614494805,11.868348150913938,11.89531387575052,202358800
2011-12-23,12.084976196289062,12.092766754104925,11.969918050380668,11.975910787162102,269399200
2011-12-27,12.180863380432129,12.257568847535953,12.075692800121331,12.078090696073247,265076000
2011-12-28,12.064306259155273,12.232398189490869,12.025354255307104,12.191649164020749,228662000
2011-12-29,12.138609886169434,12.154491039599913,12.000481695979262,12.087073947091186,215978000
2011-12-30,12.135017395019531,12.173370119951594,12.089773421107813,12.090371894837848,179662000
2012-01-03,12.321686744689941,12.359740232610607,12.254869713304085,12.266855189830054,302220800
2012-01-04,12.387906074523926,12.425061056470142,12.26326030322807,12.2848333636143,260022000
2012-01-05,12.525436401367188,12.541016722439506,12.364834198922539,12.43315062241969,271269600
2012-01-06,12.656371116638184,12.666858006511545,12.561088997065529,12.577568624037498,318292800
2012-01-09,12.636299133300781,12.81667656638151,12.6249129298526,12.749260256737509,394024400
2012-01-10,12.68154239654541,12.764240585161286,12.629406373261858,12.761543452868096,258196400
2012-01-11,12.660866737365723,12.66985584405587,12.563786785407636,12.6647616168822,215084800
2012-01-12,12.626111030578613,12.67135500568878,12.547008483304761,12.652778316608567,212587200
2012-01-13,12.578770637512207,12.597947402731654,12.544313587656537,12.575475831138139,226021600
2012-01-17,12.725289344787598,12.76394210920517,12.673153318396006,12.710307498095007,242897200
2012-01-18,12.857425689697266,12.86821181859436,12.773229716394157,12.793004952787646,276791200
2012-01-19,12.81667709350586,12.92514246726292,12.779522912403388,12.888588360149441,261738400
2012-01-20,12.593451499938965,12.809185291819036,12.576971868618902,12.808886054934359,413974400
2012-01-23,12.806489944458008,12.83765218798963,12.653379059857286,12.664465227218233,306062400
2012-01-24,12.596744537353516,12.737271421466096,12.570976568020575,12.737271421466096,547638000
2012-01-25,13.38327693939209,13.616688111688084,13.295485317431393,13.616388874801537,958314000
2012-01-26,13.322449684143066,13.447094621297557,13.277804990758616,13.434211436063478,323985200
2012-01-27,13.401851654052734,13.437807278811446,13.29668191169012,13.313760013349585,299709200
2012-01-30,13.573540687561035,13.600207972238378,13.345222965085924,13.354810546012674,379341200
2012-01-31,13.677511215209961,13.730245708035053,13.575337035225894,13.65084393185599,391683600
2012-02-01,13.668821334838867,13.752718059474761,13.649646175074006,13.735339920857854,270046000
2012-02-02,13.636764526367188,13.698188099503241,13.602606714926203,13.660135407848289,186796400
2012-02-03,13.773395538330078,13.78298392035388,13.64994832016816,13.702084347323952,286599600
2012-02-06,13.901937484741211,13.93220041828523,13.729052155844437,13.734444821138608,249412800
2012-02-07,14.04755687713623,14.075123474554033,13.920213182789633,13.94028925704538,316223600
2012-02-08,14.282761573791504,14.286056378682055,14.073619072778813,14.097590018509965,407890000
2012-02-09,14.776857376098633,14.884125003573322,14.399023584344576,14.405016323326178,884214800
2012-02-10,14.784348487854004,14.910192811078714,14.638428088193029,14.710640195744388,631302000
2012-02-13,15.059401512145996,15.096255638365317,14.894304435839024,14.967414214776468,517216000
2012-02-14,15.264951705932617,15.267947274803,15.04142818154191,15.121129195819234,460398400
2012-02-15,14.911689758300781,15.769228997825866,14.888317279065065,15.408774993805567,1506120000
2012-02-16,15.047724723815918,15.128025836359624,14.580900698044472,14.726821110777085,944552000
2012-02-17,15.045019149780273,15.214310343480905,14.99048605158828,15.074681993208337,535805200
2012-02-21,15.426451683044434,15.426451683044432,15.104948124987608,15.187646300237722,605595200
2012-02-22,15.372218132019043,15.445627165862996,15.25326429335184,15.373416679514392,483302400
2012-02-23,15.472601890563965,15.515749623280641,15.266157175638737,15.433350639421429,568027600
2012-02-24,15.652976036071777,15.667657847487302,15.540016499326999,15.570877906952047,415072000
2012-02-27,15.753347396850586,15.835445495620913,15.469298056345336,15.620010995329537,547582000
2012-02-28,16.04249382019043,16.04249382019043,15.756047319536952,15.819269510816165,600387200
2012-02-29,16.253135681152344,16.408046001319658,16.051185955036715,16.226769226811264,952011200
2012-03-01,16.313953399658203,16.426016780592292,16.143164396972317,16.424816633004784,683270000
2012-03-02,16.335229873657227,16.383768648206473,16.255527263208247,16.307064806870514,431712400
2012-03-05,15.975078582763672,16.404147488452395,15.760541729623343,16.34242467781512,809124400
2012-03-06,15.888182640075684,15.990955299183216,15.467502022391653,15.690427081370705,810238800
2012-03-07,15.901065826416016,16.113503172178945,15.679638574218805,16.084139558247102,798520800
2012-03-08,16.239652633666992,16.269614729256272,15.943916956992874,16.020921654917856,516457200
2012-03-09,16.33493423461914,16.41193892994498,16.273209823480705,16.306169087634864,418919200
2012-03-12,16.539573669433594,16.539573669433594,16.389756870030357,16.4490841561736,407282400
2012-03-13,17.02198028564453,17.02437738051284,16.65193636628441,16.70557176401202,690855200
2012-03-14,17.66559410095215,17.819603517628593,17.240717638327503,17.320121042850403,1418844000
2012-03-15,17.545137405395508,17.978102742886968,17.335097130295566,17.96611726638251,1159718000
2012-03-16,17.54543685913086,17.654202259408237,17.318616914121048,17.519968121293363,825487600
2012-03-19,18.01076889038086,18.030843370203755,17.649714688952425,17.928969985670875,901236000
2012-03-20,18.156383514404297,18.184546983287355,17.72251887547243,17.9631213103769,816662000
2012-03-21,18.05271339416504,18.26694942245726,18.02005496540057,18.059904681286778,644042000
2012-03-22,17.958030700683594,18.112640168124724,17.84387102177243,17.91128733598904,623870800
2012-03-23,17.859453201293945,18.031740059030025,17.810013501141494,17.992488815987574,430488800
2012-03-26,18.18694305419922,18.192038081464734,17.83577822114506,17.971508531348643,595742000
2012-03-27,18.411666870117188,18.46559991042837,18.159378207985053,18.162973850685603,607129600
2012-03-28,18.505752563476562,18.62051070574,18.286722371207265,18.528523369645548,655460400
2012-03-29,18.27324104309082,18.47399380417302,18.194439323593844,18.360733434505512,608238400
2012-03-30,17.964319229125977,18.294211050220902,17.916078088972846,18.240577246044285,731038000
2012-04-02,18.536008834838867,18.54020295019594,17.98918324297303,18.03263018156894,598351600
2012-04-03,18.856321334838867,18.942916017246322,18.65227376332442,18.79579546830686,834559600
2012-04-04,18.706205368041992,18.752647893643,18.48717516521357,18.707403915803255,572980800
2012-04-05,18.986955642700195,19.01631925604408,18.678935339215133,18.786202939045864,641298000
2012-04-09,19.063364028930664,19.171530960898323,18.735869264010123,18.760737929163525,597536800
2012-04-10,18.8299560546875,19.296179997569528,18.756846231234263,19.17423054616987,889725200
2012-04-11,18.762834548950195,19.08253953264654,18.677139192343088,19.062465059719976,696614800
2012-04-12,18.660066604614258,18.91655108713331,18.592050202815738,18.726884458360853,614336800
2012-04-13,18.134511947631836,18.71789270300217,18.082975991082012,18.700213722440708,859644800
2012-04-16,17.382436752319336,18.28581992627264,17.32610662010755,18.279228715131786,1050786800
2012-04-17,18.268449783325195,18.27743809339614,17.13614834225161,17.34678875668613,1025528000
2012-04-18,18.22769546508789,18.584555434406333,18.059002680165463,18.388896126893194,954531200
2012-04-19,17.60146713256836,18.119527740912105,17.513974756331894,17.984394296833955,834719200
2012-04-20,17.168209075927734,17.816609183634593,17.091503599217642,17.719528389620873,1030985200
2012-04-23,17.12985610961914,17.278773712873946,16.67801467100137,17.097197673685812,966529200
2012-04-24,16.787673950195312,17.00969971578852,16.62946885076297,16.85748735498598,1076149200
2012-04-25,18.27743148803711,18.517136205343196,18.15757992948259,18.44642349776056,905777600
2012-04-26,18.208520889282227,18.417962720115913,18.041626705925616,18.405377167917365,536068400
2012-04-27,18.06769561767578,18.162979378139017,17.992788772247206,18.12972087318532,406722400
2012-04-30,17.497793197631836,17.929860765871638,17.468429584281168,17.91188255355585,506144800
2012-05-01,17.442363739013672,17.880721715558494,17.415397218532057,17.525361158775116,610999200
2012-05-02,17.557720184326172,17.60026782298002,17.344383517370215,17.38573260845357,427389200
2012-05-03,17.433073043823242,17.720119563319816,17.38752983998232,17.693153045237977,390549600
2012-05-04,16.93659019470215,17.32940501747772,16.934193099209182,17.29105308978752,529992400
2012-05-07,17.063335418701172,17.161913979847256,16.816140123448832,16.82423072154562,460118400
2012-05-08,17.024383544921875,17.123859817582648,16.74123341191285,17.06633112010935,497252000
2012-05-09,17.054344177246094,17.198168308877605,16.80475340597333,16.89014793400007,480704000
2012-05-10,17.094493865966797,17.255096058022346,17.03217258570898,17.216144057713308,333200000
2012-05-11,16.980337142944336,17.212850615516693,16.90962442295251,16.92910042465019,399546000
2012-05-14,16.725950241088867,17.00430616123257,16.707373550659103,16.856289511386507,352626400
2012-05-15,16.57463836669922,16.875766716060028,16.53209071771497,16.822732973435784,476336000
2012-05-16,16.36220359802246,16.686104408994986,16.21118974351164,16.601009097301088,560896000
2012-05-17,15.883991241455078,16.40474827523317,15.883991241455078,16.33912898129513,717220000
2012-05-18,15.891777992248535,16.282195675129064,15.64608213295146,15.999045603063367,732292400
2012-05-21,16.817636489868164,16.825427850392483,16.00174390606565,16.01522876848882,631106000
2012-05-22,16.68849754333496,17.19517121169238,16.556959725891847,17.06543041580604,694870400
2012-05-23,17.095699310302734,17.162816402370762,16.576439957733808,16.704380564321674,584897600
2012-05-24,16.93868637084961,17.27367323183092,16.81613687619069,17.25479570664953,496230000
2012-05-25,16.847898483276367,16.954567627587917,16.7334395790712,16.91681417541656,328507200
2012-05-29,17.146928787231445,17.198765574387032,16.938387891519568,17.105880529402366,380508800
2012-05-30,17.353673934936523,17.378243361836553,16.97584018663939,17.054942731901157,529429600
2012-05-31,17.310529708862305,17.423489237558837,17.12266174343387,17.400716829562345,491674400
2012-06-01,16.80894660949707,17.158316063188725,16.7948648741688,17.05374477660153,520987600
2012-06-04,16.907825469970703,17.00400692877533,16.434711136789726,16.82422956291629,556995600
2012-06-05,16.864078521728516,16.973144764298457,16.729245903416018,16.817336760739813,388214400
2012-06-06,17.122650146484375,17.194260528048307,16.94406984722507,17.01208618805265,401455600
2012-06-07,17.130451202392578,17.298243089347203,17.09389629556145,17.297345378669025,379766800
2012-06-08,17.388134002685547,17.395925363918593,17.048952957362225,17.126856968508186,347516400
2012-06-11,17.113969802856445,17.63322734388461,17.09778861031516,17.609856466010257,591264800
2012-06-12,17.26348304748535,17.277265543721615,16.980033762879035,17.21254717871762,435380400
2012-06-13,17.143632888793945,17.33299860973923,17.09029832048505,17.214345597271898,293580000
2012-06-14,17.124755859375,17.18378393056293,16.996815299418138,17.116066789039106,345573200
2012-06-15,17.202655792236328,17.217337597300855,17.065424520244097,17.108871461857934,335255200
2012-06-18,17.551729202270508,17.6149513927905,17.090000305978766,17.10767928446126,440412000
2012-06-19,17.600574493408203,17.678177673972723,17.47143375023148,17.480422059890646,361404400
2012-06-20,17.550533294677734,17.655703060395556,17.402515046440456,17.624540818599094,358943200
2012-06-21,17.30872917175293,17.624838515261043,17.30183712267784,17.541541853418764,326351200
2012-06-22,17.44146728515625,17.44416361760666,17.241314606879097,17.349780780461288,284471600
2012-06-25,17.10198402404785,17.372550136587044,17.08999854837662,17.29764171374037,304382400
2012-06-26,17.139741897583008,17.213450191696115,16.998914922381804,17.11876650964426,276536400
2012-06-27,17.2137451171875,17.28086218126774,17.136441198806544,17.22872616179373,202997200
2012-06-28,17.05044937133789,17.198766857587227,16.947377463472794,17.128953450204467,282836400
2012-06-29,17.498397827148438,17.498397827148438,17.206257801697177,17.318618857579253,421500800
2012-07-02,17.75367546081543,17.782139760254807,17.486405802323,17.52026436494037,400092000
2012-07-03,17.960121154785156,17.977800129357973,17.79802281614903,17.824389259309452,241712800
2012-07-05,18.275632858276367,18.407469881122505,17.96731331885433,17.994579073967643,484383200
2012-07-06,18.15398597717285,18.230691429845557,18.02514609979843,18.190241645081592,418930400
2012-07-09,18.393985748291016,18.394284985098576,18.100948103258034,18.136603689065755,379405600
2012-07-10,18.223804473876953,18.573172394628095,18.13691054899041,18.516242168012347,511957600
2012-07-11,18.110546112060547,18.207326067909978,17.894513024105905,18.161182767531766,469322000
2012-07-12,17.944835662841797,18.081766065968797,17.75846559282985,17.98498618982944,428041600
2012-07-13,18.12671661376953,18.193233597661656,17.97780069195503,18.066192367191586,311427200
2012-07-16,18.184844970703125,18.32596953084598,18.128214004363144,18.131211173053586,301260400
2012-07-17,18.185741424560547,18.32237261049983,18.072180272909733,18.301097996789263,293624800
2012-07-18,18.16537094116211,18.227693814425255,18.084469780519058,18.17525855853682,252700000
2012-07-19,18.406875610351562,18.437737014963506,18.157582477348853,18.31578758096622,436861600
2012-07-20,18.106643676757812,18.410468283421697,18.08866546329329,18.36821988182932,397471200
2012-07-23,18.092565536499023,18.154589190608444,17.609561930813065,17.810013867844148,487975600
2012-07-24,18.0053768157959,18.26785244832643,17.933164692979503,18.1989367328272,565132400
2012-07-25,17.22783088684082,17.402514820252257,17.078914929865974,17.212550603229502,877312800
2012-07-26,17.225133895874023,17.390528677882283,17.08970120616854,17.3713519146823,406632800
2012-07-27,17.533153533935547,17.55322960896763,17.12655620753259,17.229029640730776,403936400
2012-07-30,17.828887939453125,17.961024220276823,17.612853321316845,17.70573996610005,379142400
2012-07-31,18.300209045410156,18.328375721793087,18.05930731287589,18.074587598796843,462327600
2012-08-01,18.181856155395508,18.469202034648916,18.0676964598366,18.454520221851887,384501600
2012-08-02,18.21122169494629,18.29811403287319,17.985300976257243,18.06290576645339,332158400
2012-08-03,18.448226928710938,18.51654255892454,18.324179621155462,18.386203274933198,344920800
2012-08-06,18.653470993041992,18.72298516346867,18.4350408627139,18.495864361664616,302103200
2012-08-07,18.60433578491211,18.7268837179314,18.51834116573479,18.66006586682667,290446800
2012-08-08,18.572877883911133,18.693329581314643,18.490179655837142,18.558794542090713,244706000
2012-08-09,18.678789138793945,18.708881476880556,18.590620597034484,18.592124812171953,221642400
2012-08-10,18.707979202270508,18.70978393910854,18.617705397815733,18.618005919444148,194938800
2012-08-13,18.957738876342773,18.957738876342773,18.75462001594375,18.758833746762924,278832400
2012-08-14,19.008596420288086,19.21683222176927,18.96406135927596,19.014013845615448,340169200
2012-08-15,18.98272132873535,19.078112065842046,18.89004010832866,18.996865134474792,257342400
2012-08-16,19.148521423339844,19.161159402417077,18.97278537450295,18.99415133735033,254534000
2012-08-17,19.50270652770996,19.50511391570161,19.222854905486784,19.258663596561547,442761200
2012-08-20,20.015457153320312,20.015457153320312,19.556559131374403,19.55986968968366,613384800
2012-08-21,19.741928100585938,20.308253883788968,19.56950260907659,20.186081394549102,812719600
2012-08-22,20.12740707397461,20.131318677271533,19.502704421227634,19.692582709123254,565322800
2012-08-23,19.93962860107422,20.158393857321883,19.89509194378807,20.04434671623399,420128800
2012-08-24,19.957380294799805,20.145754285611524,19.726578122413724,19.845740549426232,437340400
2012-08-27,20.332324981689453,20.488499784832037,20.26792818670359,20.46201852936606,427008400
2012-08-28,20.305845260620117,20.3449644965263,20.181565913387658,20.311261077931917,267416800
2012-08-29,20.265823364257812,20.39220797304142,20.239644234811006,20.319386923770516,202806800
2012-08-30,19.976943969726562,20.208048317715743,19.946250586727047,20.180665493854352,302699600
2012-08-31,20.01816749572754,20.11927453009465,19.777734151612346,20.078651081979256,338321200
2012-09-04,20.310964584350586,20.3160798810634,19.99590537625765,20.03382092616194,367892000
2012-09-05,20.168325424194336,20.35248569833961,20.149366850847635,20.32901447991725,336375200
2012-09-06,20.35007667541504,20.410862385393404,20.185476031032792,20.25679285240837,391196400
2012-09-07,20.475570678710938,20.536957464748006,20.335042218628598,20.40364956149232,329666400
2012-09-10,19.942949295043945,20.561331445291838,19.92369019021358,20.475872381743418,487998000
2012-09-11,19.87824821472168,20.164418788284095,19.75517252984661,20.014262402925503,503983200
2012-09-12,20.15509033203125,20.158400891913814,19.740127721430778,20.066621243907367,712233200
2012-09-13,20.5519962310791,20.62782732053533,20.30494334354855,20.38318182019601,598360000
2012-09-14,20.801755905151367,20.973278215603855,20.699744083727282,20.762035625706563,600474000
2012-09-17,21.057531356811523,21.058132399934696,20.9019576119398,21.044591251924356,398031200
2012-09-18,21.121633529663086,21.13427151041669,20.956430179522105,21.06054727757444,373503200
2012-09-19,21.127342224121094,21.184214719673104,21.051210637136847,21.071973943320465,326874800
2012-09-20,21.02504539489746,21.06597099433655,20.872179458187908,21.038887073526567,336568400
2012-09-21,21.066865921020508,21.216721771720497,21.044898912363827,21.136678549819607,571589200
2012-09-24,20.787019729614258,20.917317609884783,20.552606325142268,20.668760397668883,639766400
2012-09-25,20.26793098449707,20.846894747839464,20.25168031741149,20.710878978510433,518789600
2012-09-26,20.016368865966797,20.24235635074735,19.89660374329105,20.123494400189898,576503200
2012-09-27,20.50204849243164,20.52762658548769,19.871026844352404,19.989588280341966,594090000
2012-09-28,20.07414436340332,20.495728069146306,20.063611640974635,20.424711742609286,535110800
2012-10-01,19.842138290405273,20.36453018486378,19.755173416407853,20.196316777498147,543594800
2012-10-02,19.899906158447266,20.051568313512465,19.579129097458473,19.91495152249296,627992400
2012-10-03,20.205041885375977,20.217380952171073,19.939634633329813,20.006739357619487,424281200
2012-10-04,20.065122604370117,20.289305425163864,20.027509169620675,20.1990299676285,370725600
2012-10-05,19.637508392333984,20.041036582536822,19.598088636633037,20.016964320290317,594006000
2012-10-08,19.203580856323242,19.486141775434415,19.141591467315624,19.46567899343058,637994000
2012-10-09,19.13377571105957,19.273400946104825,18.763648790250393,19.218032650911184,838597200
2012-10-10,19.286041259765625,19.408514278641128,19.168383015582755,19.250833621592648,510356000
2012-10-11,18.900569915771484,19.47532168650512,18.900569915771484,19.454257847284097,546081200
2012-10-12,18.949012756347656,19.119631894279895,18.81630916096341,18.944498503856778,460014800
2012-10-15,19.100975036621094,19.112108799733587,18.77267526793813,19.028454512052047,432502000
2012-10-16,19.553253173828125,19.568600668630275,18.98783057343917,19.119332087279542,549771600
2012-10-17,19.397382736206055,19.643532495830538,19.379026807354336,19.525573716482263,389037600
2012-10-18,19.037179946899414,19.32064252044135,18.957737786863706,19.246317262830207,476624400
2012-10-19,18.351093292236328,19.01100183999511,18.344472173862403,18.989336962131308,744086000
2012-10-22,19.079011917114258,19.11963537572682,18.378778749532806,18.428731236440562,546730800
2012-10-23,18.457015991210938,19.075099027808434,18.407065114739552,18.987832040672824,707145600
2012-10-24,18.56143569946289,18.85392686465966,18.37516850330606,18.70015940111039,558527200
2012-10-25,18.342069625854492,18.71701305164559,18.222003969217678,18.656828355402084,656325600
2012-10-26,18.17535972595215,18.476276740669558,17.78416889247374,18.33875673605852,1018432800
2012-10-31,17.914165496826172,18.113973851706422,17.68486744660001,17.900924864676035,510003200
2012-11-01,17.95088005065918,18.14527100895192,17.879563189249154,18.001433592119287,361298000
2012-11-02,17.35687255859375,17.96321941996899,17.295185242733986,17.931322328782727,599373600
2012-11-05,17.59218406677246,17.686972140633078,17.38093982370243,17.5590832909882,529135600
2012-11-06,17.53891944885254,17.77634280538397,17.455867798675616,17.76099691619224,374917200
2012-11-07,16.867830276489258,17.36781869643099,16.799813679607833,17.346658659039882,793648800
2012-11-08,16.255693435668945,16.995702386351223,16.181330590405153,16.947334733099016,1056146000
2012-11-09,16.537132263183594,16.77352359806493,16.133875696899807,16.336411277449287,929913600
2012-11-12,16.40926170349121,16.762035696204315,16.28290359865833,16.751454865746854,515802000
2012-11-13,16.411376953125,16.64051310129091,16.21367817083313,16.290762921295507,532949200
2012-11-14,16.229398727416992,16.54892075408363,16.20823868111765,16.489973872987427,477170400
2012-11-15,15.889010429382324,16.308590023707545,15.798324332382242,16.2490393844317,789910800
2012-11-16,15.951292991638184,16.02142449996935,15.288368536261325,15.876324716221543,1266893600
2012-11-19,17.10150909423828,17.155013807931866,16.32008713511978,16.345176651609794,823317600
2012-11-20,16.955799102783203,17.289529453190493,16.764449821086345,17.288320261857024,642754000
2012-11-21,16.97968292236328,17.15108137331113,16.82551343182267,17.056767667633586,373002000
2012-11-23,17.27592658996582,17.29104229036928,17.00688875584902,17.145035247275313,272826400
2012-11-26,17.820959091186523,17.835165880267013,17.34273435461947,17.408936377326704,630579600
2012-11-27,17.6773681640625,17.847860912046553,17.535896007874076,17.821560597129853,533330000
2012-11-28,17.621747970581055,17.708202733566136,17.298900326291523,17.450347915842432,520864400
2012-11-29,17.81581687927246,17.963636889172935,17.69157690786577,17.84181530046265,514698800
2012-11-30,17.69248390197754,17.786799219720514,17.61388807292636,17.73812966794979,391319600
2012-12-03,17.719995498657227,17.973920910431374,17.699137345598665,17.945505712909412,364280000
2012-12-04,17.40742301940918,17.58728580559539,17.29497144486268,17.58728580559539,557068400
2012-12-05,16.28713035583496,17.207907643974348,16.286524953041848,17.197630326158453,1044638000
2012-12-06,16.542577743530273,16.726066572870888,15.677721340010129,15.989384519515436,1177212400
2012-12-07,16.119659423828125,16.78318726080631,16.021414670688724,16.728775278885177,787040800
2012-12-10,16.015981674194336,16.278671688057152,15.766893047821341,15.870276508008091,630484400
2012-12-11,16.365732192993164,16.612704335355794,16.24421085639974,16.31676073942781,592345600
2012-12-12,16.29348373413086,16.565545384033943,16.21095842618855,16.558592128794935,487144000
2012-12-13,16.012052536010742,16.252374956082885,15.89446065663579,16.056187227568184,625259600
2012-12-14,15.410492897033691,15.662603718185876,15.28322910195146,15.560429440284578,1009579200
2012-12-17,15.683753967285156,15.719122399110153,15.151722862447123,15.384486470813762,757607200
2012-12-18,16.139320373535156,16.169548557339606,15.726692103573468,15.870280819869944,625685200
2012-12-19,15.909873962402344,16.133267637744645,15.88538823973628,16.065856426849663,449369200
2012-12-20,15.771431922912598,16.02747225516578,15.68527901755694,16.02142629563131,481689600
2012-12-21,15.698869705200195,15.709147021140756,15.424086306787549,15.49149749189814,596268400
2012-12-24,15.724267959594727,15.847602262306564,15.680133277575559,15.729710128483694,175753200
2012-12-26,15.507526397705078,15.702806796238324,15.450696009487658,15.688900286264321,302436400
2012-12-27,15.56980037689209,15.605772617841378,15.255417004057499,15.523851093977694,455120400
2012-12-28,15.404440879821777,15.552262490246754,15.360004312754507,15.425602533631688,354278400
2012-12-31,16.08701515197754,16.184656140391766,15.386607626613625,15.432857176655634,659492400
2013-01-02,16.596677780151367,16.777145958945262,16.372983835275793,16.741475620884582,560518000
2013-01-03,16.387191772460938,16.616026007494316,16.353939814797652,16.56191590092538,352965200
2013-01-04,15.930736541748047,16.282301376646398,15.895368086458895,16.232120725936486,594333600
2013-01-07,15.83702564239502,16.000261676467655,15.57403210162272,15.779589844624208,484156400
2013-01-08,15.879642486572266,16.07855041807568,15.756913606460415,15.997536215923999,458707200
2013-01-09,15.63146686553955,15.87057845114244,15.597911394934693,15.794702888815873,407604400
2013-01-10,15.825237274169922,15.98272924453997,15.58370567436814,15.977590583473402,601146000
2013-01-11,15.728203773498535,15.879953314560824,15.689509634321956,15.749363823656555,350506800
2013-01-14,15.167448043823242,15.34126486925993,15.069505154093958,15.195559726075105,734207600
2013-01-15,14.688920974731445,15.084014972270642,14.612138129894435,15.063156824727608,876772400
2013-01-16,15.29863452911377,15.399903054161394,14.887822826289375,14.952512116537083,690804800
2013-01-17,15.195557594299316,15.439507487240176,15.175910254667462,15.42620638360609,453678400
2013-01-18,15.114543914794922,15.18165160211084,15.00571832553687,15.069803842176897,472922800
2013-01-22,15.258740425109863,15.35275223720007,15.012675610053707,15.25239257345979,461546400
2013-01-23,15.538054466247559,15.567678845010438,15.258737741906442,15.380862830749793,861509600
2013-01-24,13.618206024169922,14.078594707002864,13.610647367860555,13.905381688475602,1460852400
2013-01-25,13.297174453735352,13.791419769109316,13.149656321280428,13.654180571487833,1208026400
2013-01-28,13.597952842712402,13.700127093147874,13.175652841489256,13.2352043064032,785517600
2013-01-29,13.853086471557617,13.91142955525605,13.667177726258176,13.86003972597775,571158000
2013-01-30,13.809557914733887,13.983980157598848,13.739124527300298,13.81469657504839,417155200
2013-01-31,13.769049644470215,13.88361770513832,13.753633664827573,13.814091620805927,319334400
2013-02-01,13.712522506713867,13.889665029362243,13.55321596268696,13.87848041134183,539484400
2013-02-04,13.370930671691895,13.782650598463698,13.361257141865948,13.72128535443598,477117200
2013-02-05,13.840087890625,13.89752367305424,13.367909157922996,13.423228451869095,573347600
2013-02-06,13.825279235839844,14.10187416190112,13.68108514720911,13.798677019101069,593706400
2013-02-07,14.236352920532227,14.290473093244739,13.807637818397769,14.085238953932596,704580800
2013-02-08,14.441895484924316,14.5583474946454,14.237266984484773,14.412098449738066,633158400
2013-02-11,14.592401504516602,14.744733376455846,14.38929613083666,14.488111874565977,517490400
2013-02-12,14.226625442504883,14.666894072626809,14.221760488106858,14.579630170974653,609053200
2013-02-13,14.199563026428223,14.401150087318513,14.084327273084202,14.205644218777707,475207600
2013-02-14,14.186797142028809,14.340343636477067,14.108655829135916,14.123858002181576,355275200
2013-02-15,13.991288185119629,14.295341322958846,13.983990753925106,14.255509105067963,391745200
2013-02-19,13.986120223999023,14.069431765086364,13.7994332623234,14.01987125470694,435783600
2013-02-20,13.647408485412598,13.916190785224927,13.645886968935184,13.916190785224927,476302400
2013-02-21,13.562576293945312,13.657137644711678,13.464063384860953,13.560751935708096,447182400
2013-02-22,13.707003593444824,13.73102309549266,13.578997282183204,13.659571896932029,330654800
2013-02-25,13.463452339172363,13.838044862214058,13.45645856191734,13.799430508110408,372579200
2013-02-26,13.651053428649902,13.729194726074738,13.30716969019047,13.494465556298964,501499600
2013-02-27,13.517267227172852,13.756556843161096,13.398079117487299,13.634630979348435,587350400
2013-02-28,13.420886039733887,13.617607355734425,13.420886039733887,13.501459817153533,322515200
2013-03-01,13.088557243347168,13.322981968236746,13.073658725679552,13.317508082344919,552448400
2013-03-04,12.771734237670898,13.01953677320674,12.739808379074061,13.007374386711124,582755600
2013-03-05,13.108926773071289,13.232068084278835,12.793016523609559,12.815212471138663,638433600
2013-03-06,12.94230842590332,13.233895579478954,12.904909489964615,13.211395162405179,460250000
2013-03-07,13.091904640197754,13.135384776895847,12.802446264101977,12.907040378533134,468473600
2013-03-08,13.126562118530273,13.239365401112966,13.032001602087028,13.068184292594152,391482000
2013-03-11,13.313554763793945,13.348217563219105,12.926495361916409,13.066664016158533,474236000
2013-03-12,13.026530265808105,13.34426572462313,13.000381945694352,13.244536587054583,465911600
2013-03-13,13.024100303649902,13.211092574191778,12.933189285044207,13.027141712892364,405549200
2013-03-14,13.15027904510498,13.215345372444915,13.087947224758818,13.160311795378746,303875600
2013-03-15,13.489602088928223,13.506933083258135,13.294703504233416,13.31537956071264,643960800
2013-03-18,13.856293678283691,13.909197636750493,13.414808683442923,13.422409770907105,606197200
2013-03-19,13.818891525268555,14.01591730586094,13.636762637667923,13.971220131619493,526775200
2013-03-20,13.745613098144531,13.914363355602811,13.669904278031996,13.907978509157152,308660800
2013-03-21,13.765377044677734,13.925004706605204,13.685412198775042,13.689060914558235,383255600
2013-03-22,14.044498443603516,14.0502743591981,13.77693244191302,13.8216279934286,395105200
2013-03-25,14.095277786254883,14.288960169004921,14.040548661969968,14.129027196388327,501135600
2013-03-26,14.021089553833008,14.163993566049957,14.002542316431246,14.151831176964054,294294000
2013-03-27,13.745613098144531,13.88912599968764,13.704566264865433,13.878788783900998,331237200
2013-03-28,13.459197998046875,13.737710167930786,13.427576603431563,13.67689985612506,442839600
2013-04-01,13.041121482849121,13.490815467069456,13.005547728723872,13.436085552843075,389732000
2013-04-02,13.067878723144531,13.321762406883812,12.964804545652516,13.001291698665765,529519200
2013-04-03,13.134775161743164,13.29561910162149,13.08369394018781,13.115923458917228,363216000
2013-04-04,13.00494384765625,13.226294443416473,12.92984312962366,13.188592663477648,358447600
2013-04-05,12.867508888244629,12.920718102561613,12.760481528477579,12.907035014047146,383695200
2013-04-08,12.959027290344238,12.998249760371035,12.845920368250361,12.917675997191104,300829200
2013-04-09,12.982443809509277,13.02865925972717,12.853829399105274,12.963592920166684,306614000
2013-04-10,13.247268676757812,13.288924433526047,12.95294549672937,13.01649273148735,375928000
2013-04-11,13.20591926574707,13.31720183409776,13.110749826771105,13.187371223795768,328364400
2013-04-12,13.068184852600098,13.200447145526537,13.046597023606026,13.200447145526537,238613200
2013-04-15,12.765654563903809,13.010112878205096,12.756532772946342,12.983051970985478,317520000
2013-04-16,12.959939956665039,12.97118894392708,12.787541818212485,12.817946966099615,305771200
2013-04-17,12.247244834899902,12.788459780105624,12.104644477087746,12.778425403199975,945056000
2013-04-18,11.92038631439209,12.338154535196795,11.850149752330461,12.31383057483701,666299200
2013-04-19,11.874166488647461,12.149942422003829,11.709064988199907,11.796328864610544,609274400
2013-04-22,12.121667861938477,12.228999699410153,11.896670218543951,11.938324360390187,429920400
2013-04-23,12.348488807678223,12.416900179104475,12.12592126865962,12.283420873559509,664238400
2013-04-24,12.328125,12.62579261625741,11.934072465565855,11.965694681927426,969651200
2013-04-25,12.416903495788574,12.585956597249426,12.374944077088388,12.503558464013633,384837600
2013-04-26,12.685078620910645,12.732814770680044,12.412951308754689,12.460383804811803,764097600
2013-04-29,13.077916145324707,13.184334597367236,12.770214245103531,12.783896524719472,640326400
2013-04-30,13.462843894958496,13.537945406391993,13.137203741382857,13.229331780343616,691538400
2013-05-01,13.356731414794922,13.528217007269722,13.207746237655607,13.513926608889182,506909200
2013-05-02,13.54615592956543,13.639498586735348,13.39747360525014,13.432439246466139,421828400
2013-05-03,13.681764602661133,13.780581966772143,13.656527243807902,13.722202509463473,361300800
2013-05-06,14.008017539978027,14.053320413874301,13.813422543670574,13.855989285715697,496641600
2013-05-07,13.945680618286133,14.16125362950684,13.794870281775728,14.137537789069963,483753200
2013-05-08,14.10318374633789,14.149704480292797,13.859029866063116,13.957238319747113,472598000
2013-05-09,13.980140686035156,14.17081919326806,13.943719316016438,14.073185010852296,398487600
2013-05-10,13.863838195800781,14.070126820794618,13.78762824325005,14.016871062728914,334852000
2013-05-13,13.918009757995605,14.01472695317241,13.818845619415393,13.819151283020227,316948800
2013-05-14,13.58501148223877,13.932089219480815,13.532673539362147,13.890770694206054,447118000
2013-05-15,13.1256103515625,13.49748045835932,12.926974727054082,13.441164785714133,741613600
2013-05-16,13.300984382629395,13.401067975620924,12.821074486486095,12.953906587722594,603204000
2013-05-17,13.260583877563477,13.469626754532161,13.191719656194238,13.437796053966439,427904400
2013-05-20,13.556548118591309,13.644388811835183,13.163866000177817,13.2192638519456,451578400
2013-05-21,13.456463813781738,13.634593768738558,13.289352459321941,13.410248132064963,456022000
2013-05-22,13.50818920135498,13.722435686596288,13.412390631807419,13.590827072999316,443038400
2013-05-23,13.532364845275879,13.655403402776571,13.338013517105221,13.342910671706102,353021200
2013-05-24,13.624495506286621,13.640104783645096,13.477890564570274,13.49288769737974,276166800
2013-05-28,13.51094913482666,13.806914173737542,13.492892090675209,13.769881459670806,386145200
2013-05-29,13.618371963500977,13.696419155556145,13.44850555508259,13.466869888724624,330576400
2013-05-30,13.821295738220215,13.91066720945598,13.604907131215233,13.639798553868658,353519600
2013-05-31,13.76467514038086,13.990245110483295,13.757635068922662,13.84945348870936,384302800
2013-06-03,13.794971466064453,13.845165674987465,13.542773680736982,13.795277129639697,372352400
2013-06-04,13.751816749572754,13.908522467283227,13.693052514072502,13.871488134893886,292728800
2013-06-05,13.623270988464355,13.794973853807258,13.580421688035667,13.639798073727643,290589600
2013-06-06,13.419740676879883,13.681120737290355,13.284766451147618,13.634292894651654,416934000
2013-06-07,13.522271156311035,13.566038269971635,13.24558751376224,13.359750440241074,404535600
2013-06-10,13.43289852142334,13.744778408966072,13.368931458436398,13.611640645617555,450153200
2013-06-11,13.393413543701172,13.551343545924645,13.262417897832435,13.336486560525637,286112400
2013-06-12,13.227836608886719,13.505132405929574,13.20671802774496,13.451570976606574,265227200
2013-06-13,13.343222618103027,13.379338333008056,13.12254979732736,13.237324869123865,285832400
2013-06-14,13.162336349487305,13.353321352977973,13.114895557912297,13.326081330527286,271866000
2013-06-17,13.222016334533691,13.335260601022869,13.171822126376336,13.204877107959705,259414400
2013-06-18,13.214978218078613,13.310776785374445,13.167232583511467,13.208551109721268,195025600
2013-06-19,12.946558952331543,13.211610954597544,12.946558952331543,13.203653076937462,310940000
2013-06-20,12.758024215698242,13.037766903596834,12.706911374603777,12.83331635650137,357310800
2013-06-21,12.655797004699707,12.854739874538431,12.490522081303371,12.808523374881418,481118400
2013-06-24,12.320345878601074,12.507657940614239,12.18292234915015,12.469093668514997,480746000
2013-06-25,12.323104858398438,12.481034045430766,12.206799860809932,12.417066991447076,314162800
2013-06-26,12.183541297912598,12.389216971993113,12.109779102342463,12.361976946970648,367724000
2013-06-27,12.052236557006836,12.285152221857139,12.044891640448911,12.21965521362836,337246000
2013-06-28,12.136405944824219,12.2508737017497,11.901959495689209,11.97817026304828,578516400
2013-07-01,12.524802207946777,12.618153021698449,12.279950119939283,12.324942333698953,391053600
2013-07-02,12.808524131774902,12.904629186370332,12.532454310174693,12.547451442198625,469865200
2013-07-03,12.879227638244629,12.945950583881249,12.776696275899008,12.88106407208644,240928800
2013-07-05,12.775774002075195,12.95543471719029,12.712419095830708,12.866676225362946,274024800
2013-07-08,12.703239440917969,12.885348781512388,12.568570898147312,12.85810957275624,298138400
2013-07-09,12.926664352416992,12.961861430672469,12.560304498210192,12.658857298064255,352584400
2013-07-10,12.87708568572998,13.001655080768655,12.801182199777266,12.84250073838187,281405600
2013-07-11,13.077863693237305,13.107246633858859,12.89055235046992,12.945031584974043,326292400
2013-07-12,13.05398941040039,13.154378661108687,12.959109460442095,13.088880831201305,279563200
2013-07-15,13.082452774047852,13.205491371052162,13.00165214903735,13.00808007515587,241917200
2013-07-16,13.166930198669434,13.182538660771902,12.982372270953586,13.054297221593847,216538000
2013-07-17,13.170294761657715,13.228754160568688,13.106327696076425,13.151625577839635,198990400
2013-07-18,13.214673042297363,13.30985865134855,13.179475959548764,13.264255112122964,218878800
2013-07-19,13.006246566772461,13.282622933555386,12.987882226992731,13.255689385827704,268721600
2013-07-22,13.047870635986328,13.153157064468692,13.022161377839465,13.144281375640293,207796400
2013-07-23,12.82382583618164,13.067759244716028,12.815255814766045,13.038377131430494,369395600
2013-07-24,13.482479095458984,13.607353294463694,13.321794854674664,13.43412050106197,591936800
2013-07-25,13.420960426330566,13.509719741369135,13.33862903697341,13.488295501850695,229493600
2013-07-26,13.49716854095459,13.4986984932134,13.293635036319282,13.323017148315266,200152400
2013-07-29,13.705296516418457,13.772630780103464,13.47299297979222,13.491356498396124,248057600
2013-07-30,13.874551773071289,13.991774598202745,13.749370251215785,13.771713119468199,309422400
2013-07-31,13.850371360778809,13.997588449562047,13.755491405907197,13.925664324312061,322957600
2013-08-01,13.977391242980957,13.981064111059549,13.872716954588897,13.9489285585784,206250800
2013-08-02,14.156742095947266,14.166230744811353,13.97677650767231,14.018095037557998,274783600
2013-08-05,14.368232727050781,14.405572724026607,14.144805706974237,14.222545606123697,318855600
2013-08-06,14.239686965942383,14.442914053684355,14.14541833941919,14.324466943260292,334857600
2013-08-07,14.231424331665039,14.293250121684634,14.133177162277407,14.195308615969108,298858000
2013-08-08,14.20307731628418,14.298276039953931,14.10880163801754,14.290881804585677,255777200
2013-08-09,14.000975608825684,14.186135938365423,13.976329795734861,14.130063793073871,266865200
2013-08-12,14.398711204528809,14.43845316091862,14.068134274494067,14.075220827701441,364434000
2013-08-13,15.082974433898926,15.23979016994334,14.419971033323524,14.509009556386053,881941200
2013-08-14,15.358098983764648,15.535248098025658,15.200975521702762,15.338998022760654,756372400
2013-08-15,15.339914321899414,15.478246089420864,15.0678742407987,15.294010499289797,490294000
2013-08-16,15.476094245910645,15.494887523042117,15.369188766280084,15.408930739300008,362306000
2013-08-19,15.64276123046875,15.827612154825715,15.52753687883748,15.538011221583227,510518400
2013-08-20,15.437274932861328,15.729957757735589,15.429573013052709,15.703462561265136,358688400
2013-08-21,15.477015495300293,15.624587606234662,15.441276685827605,15.51490972305065,335879600
2013-08-22,15.495505332946777,15.576532637421675,15.348856211788851,15.55773935732355,244207600
2013-08-23,15.435737609863281,15.50752129217065,15.384287262706605,15.505056545767046,222731600
2013-08-26,15.495809555053711,15.718556414464762,15.41971176848592,15.427413687165354,330965600
2013-08-27,15.052778244018555,15.481635686073723,14.982226968700276,15.342686908132228,424188800
2013-08-28,15.12394905090332,15.274912252969818,14.972987494194388,14.972987494194388,307608000
2013-08-29,15.14859390258789,15.296475324505867,15.131033004302097,15.147053848170623,239657600
2013-08-30,15.01057243347168,15.187104473196351,14.988389725140431,15.157836855943996,272297200
2013-09-03,15.052474021911621,15.422793027351737,15.014579789412737,15.191728868316165,331928800
2013-09-04,15.363945007324219,15.4733168431777,15.28969661377008,15.390749523110914,345032800
2013-09-05,15.258578300476074,15.425254626024957,15.208360354630749,15.412006210181879,236367600
2013-09-06,15.349467277526855,15.385204441392553,15.094680385310879,15.356246150230662,359525600
2013-09-09,15.594398498535156,15.648313582980771,15.511523471422082,15.55835199981584,340687200
2013-09-10,15.239171981811523,15.633830700585152,15.08081620336538,15.595319465076336,743195600
2013-09-11,14.409499168395996,14.593733153106957,14.320152958291912,14.387931820562686,898696400
2013-09-12,14.562923431396484,14.646413801963622,14.357120482400402,14.433835271192804,404051200
2013-09-13,14.322918891906738,14.536422046721844,14.316758675727549,14.459708927293823,298835600
2013-09-16,13.867570877075195,14.221561257150277,13.778226334425089,14.202769632288732,543706800
2013-09-17,14.027775764465332,14.163025771223134,13.786852691880837,13.801024153398396,399380800
2013-09-18,14.316144943237305,14.3675952648206,14.192293966053443,14.269931793819012,456862000
2013-09-19,14.55090618133545,14.65966100577929,14.456939827981525,14.501612923059662,404541200
2013-09-20,14.400251388549805,14.743458083092866,14.356810668915085,14.726514195099595,699302800
2013-09-23,15.115938186645508,15.309108084854845,14.868236207174599,15.28415294873276,762106800
2013-09-24,15.068493843078613,15.264743865805073,15.029059558486829,15.246567600862218,364344400
2013-09-25,14.835274696350098,15.085132148372912,14.832194586573818,15.071577690927938,316957200
2013-09-26,14.979763984680176,15.051855322899582,14.908288010160279,14.972986757198132,237221600
2013-09-27,14.872856140136719,14.932008377596826,14.810314466800898,14.904588499505182,228040400
2013-09-30,14.688004493713379,14.839273693365053,14.615911525137747,14.703408327285704,260156400
2013-10-01,15.033371925354004,15.069726100318471,14.73822439815436,14.74038146189631,353883600
2013-10-02,15.082662582397461,15.151673801981426,14.903665811367258,14.961585677657096,289184000
2013-10-03,14.893187522888184,15.168616995095327,14.81092954469535,15.111927864786573,322753200
2013-10-04,14.881481170654297,14.929849731759598,14.744998803620767,14.90705166451889,258868400
2013-10-07,15.026900291442871,15.177861825251908,14.952959578986803,14.990238439711723,312292400
2013-10-08,14.81710147857666,15.115944584127035,14.804777746219468,15.094377229822884,290917200
2013-10-09,14.991162300109863,15.028131835668962,14.73514304235334,14.931085365138598,301725200
2013-10-10,15.085128784179688,15.169543846589011,15.005026203566969,15.136888437883469,278602800
2013-10-11,15.182796478271484,15.214528850271474,14.94711048001396,15.003490312999112,267738800
2013-10-14,15.282305717468262,15.329751250960548,15.076196699436,15.090985174086738,261898000
2013-10-15,15.363637924194336,15.46592321013926,15.266283774271947,15.327591435044617,320073600
2013-10-16,15.438504219055176,15.482252628550198,15.380584345760061,15.428645237156864,251101200
2013-10-17,15.542945861816406,15.551572471495065,15.394449051456233,15.40369102486173,253593200
2013-10-18,15.678196907043457,15.689595944941303,15.580225730284015,15.58885234051762,290542000
2013-10-21,16.062381744384766,16.15295868608027,15.759224587120508,15.76692650654061,398106800
2013-10-22,16.01647186279297,16.280810023063335,15.651697805056424,16.217960666695376,534063600
2013-10-23,16.17329216003418,16.19516719092466,15.989671883814031,15.989671883814031,313723200
2013-10-24,16.387409210205078,16.404662427867084,16.09596047309449,16.174521352715676,384764800
2013-10-25,16.204099655151367,16.42807724026355,16.17791214463071,16.369232673396198,337792000
2013-10-28,16.32486343383789,16.359369860503282,16.119369864053375,16.298983613838846,550440800
2013-10-29,15.918192863464355,16.61354393843782,15.852263392187524,16.52173464051479,635807200
2013-10-30,16.17144012451172,16.25215806209386,15.928667657426953,16.008462549573412,354163600
2013-10-31,16.10366439819336,16.251238181933868,16.059608298546394,16.17452502126984,275696400
2013-11-01,16.021400451660156,16.168357171842175,15.892312310245396,16.144326730507384,274890000
2013-11-04,16.228439331054688,16.230596394988204,15.98381906699086,16.054370359443375,244627600
2013-11-05,16.188383102416992,16.29436549511059,16.112902341315678,16.161580233788317,265213200
2013-11-06,16.14252281188965,16.26461776084058,16.058233854315677,16.242615018091644,223375600
2013-11-07,15.8812894821167,16.21286645139351,15.87788191157999,16.10099917095216,262620400
2013-11-08,16.13136863708496,16.14903206706152,15.884390095667193,15.94605736145812,279316800
2013-11-11,16.084575653076172,16.16576487063662,15.940789082076806,16.11370467216137,227452400
2013-11-12,16.11432456970215,16.235489434187294,16.02104915512759,16.04181067596359,204276800
2013-11-13,16.133535385131836,16.183737051793297,16.019806284684297,16.052035046356522,197220800
2013-11-14,16.366880416870117,16.401586662866876,16.171962089608353,16.201091107575497,282419200
2013-11-15,16.268646240234375,16.395697807872107,16.253152469539774,16.31791782121276,317920400
2013-11-18,16.071557998657227,16.336820550211378,16.058233885666063,16.26864597431299,244944000
2013-11-19,16.100069046020508,16.218754777203046,16.051106941062894,16.08395466319231,208938800
2013-11-20,15.959077835083008,16.12703687538527,15.93831630504407,16.09015930074536,193916800
2013-11-21,16.149337768554688,16.151507425753575,15.917854708506841,16.03963851040959,262026800
2013-11-22,16.107816696166992,16.180949551355756,16.068461654384034,16.099139720386166,223725600
2013-11-25,16.22991371154785,16.295918645524594,16.145005777398545,16.145624733979226,229311600
2013-11-26,16.529253005981445,16.614162549065288,16.237962929222643,16.241679976619952,401382800
2013-11-27,16.918474197387695,16.919713765228483,16.529258170199252,16.61943548939371,363448400
2013-11-29,17.23177146911621,17.301804580673096,16.97580646216993,17.02755718642694,318127600
2013-12-02,17.081787109375,17.48773488520681,17.069081950706067,17.29157862151087,472544800
2013-12-03,17.549400329589844,17.55126050893846,17.28166028064075,17.300872755781374,450968000
2013-12-04,17.508493423461914,17.638335245053128,17.378961080057678,17.52398719237362,377809600
2013-12-05,17.59836196899414,17.822718790081606,17.55219013423086,17.745557758359922,447580000
2013-12-06,17.354171752929688,17.562725321078723,17.340228683251343,17.532975692528233,344352400
2013-12-09,17.552810668945312,17.65042375195451,17.381444118025485,17.381444118025485,320493600
2013-12-10,17.525541305541992,17.59774573187169,17.390741174129253,17.464494646805292,278269600
2013-12-11,17.395702362060547,17.69350326213058,17.343953282656457,17.57047817927977,359718800
2013-12-12,17.370288848876953,17.519033704940767,17.354485597463334,17.419871570874236,262290000
2013-12-13,17.180944442749023,17.44279773940979,17.157394311532432,17.441867649898636,332822000
2013-12-16,17.276081085205078,17.435363076459904,17.19892170780081,17.19923118603204,282592800
2013-12-17,17.198299407958984,17.3361975983726,17.14840721907704,17.22370971970123,229902400
2013-12-18,17.067529678344727,17.08860233308485,16.6965976650825,17.034372477550072,565863200
2013-12-19,16.871994018554688,17.043670055459923,16.849372315463533,17.02817628237196,320308800
2013-12-20,17.013296127319336,17.093556891864203,16.88314483329905,16.902047826321947,436413600
2013-12-23,17.66623306274414,17.68575502222832,17.439087550607567,17.601466032868476,501306400
2013-12-24,17.591230392456055,17.721691148658092,17.540408124763445,17.660023906521847,167554800
2013-12-26,17.474416732788086,17.647953007674865,17.458302342769464,17.604568111470886,204008000
2013-12-27,17.356348037719727,17.490218107385992,17.33806564608166,17.471935715747925,225884400
2013-12-30,17.183738708496094,17.356344842949266,17.115564117882226,17.274846136468227,253629600
2013-12-31,17.38515281677246,17.39320917658767,17.167612897168944,17.17288229931595,223084400
2014-01-02,17.140666961669922,17.261522383238084,17.10627018405821,17.219688196148553,234684800
2014-01-03,16.76415252685547,17.158325179571857,16.74710805490898,17.132295909276262,392467600
2014-01-06,16.855566024780273,16.94450211406869,16.53545468905367,16.654761015498188,412610800
2014-01-07,16.735023498535156,16.91847457820977,16.669328056458426,16.867653950557305,317209200
2014-01-08,16.841001510620117,16.906076331395386,16.693186788401356,16.696903836479006,258529600
2014-01-09,16.625940322875977,16.946361114511248,16.58968338269073,16.944500935546113,279148800
2014-01-10,16.515010833740234,16.758580223347437,16.458301822669874,16.728521104452003,304976000
2014-01-13,16.601463317871094,16.811254805576336,16.420180236801833,16.421110326464518,378492800
2014-01-14,16.93180274963379,16.942338250531037,16.661272402528937,16.67862635515359,332561600
2014-01-15,17.271743774414062,17.359751441329422,17.095109484108363,17.15274856461775,391638800
2014-01-16,17.175371170043945,17.25594143372073,17.09572934112854,17.195513735963143,229278000
2014-01-17,16.754547119140625,17.107815722065546,16.730685849033947,17.08953333540523,426739600
2014-01-21,17.014846801757812,17.04583433816234,16.746795675055807,16.764459100394706,328526800
2014-01-22,17.09046173095703,17.269573495684313,16.97580418550099,17.071868212918915,379985200
2014-01-23,17.235177993774414,17.24509453745605,16.882839489646738,17.041810356874198,403239200
2014-01-24,16.92188835144043,17.217827398547193,16.88098260078005,17.167625713855205,429354800
2014-01-27,17.059158325195312,17.192409364663717,16.91196421841704,17.04583421422656,554878800
2014-01-28,15.695666313171387,15.95906697878446,15.558385443763187,15.765699399580793,1065523200
2014-01-29,15.517492294311523,15.72263673755002,15.451487342354952,15.616656116398277,502810000
2014-01-30,15.48742389678955,15.695667963942562,15.39198049222163,15.572952414555326,678501600
2014-01-31,15.512837409973145,15.541656951688239,15.294368932729192,15.34488008655292,464797200
2014-02-03,15.541657447814941,15.73378718039417,15.472554427100121,15.575125784251677,401464000
2014-02-04,15.766631126403809,15.787394301618665,15.57977082428885,15.675525371934027,376681200
2014-02-05,15.884390830993652,15.967749712814618,15.68792343445026,15.697530500482356,328344800
2014-02-06,15.976977348327637,16.007840713115044,15.830458776665076,15.900601425378975,257765200
2014-02-07,16.20049476623535,16.301810447241483,16.128795462674262,16.253490917049373,370280400
2014-02-10,16.49072265625,16.584245066497818,16.14812070253428,16.168695166625184,345559200
2014-02-11,16.708003997802734,16.763803774038863,16.50661801698538,16.541222335790366,282256800
2014-02-12,16.706756591796875,16.82023079612989,16.62321175410159,16.738866938036068,308100800
2014-02-13,16.972049713134766,16.985142251066716,16.653138863887747,16.66747838947369,307398000
2014-02-14,16.95833396911621,17.020372031308483,16.87167247510622,16.91095009535258,272924400
2014-02-18,17.02068328857422,17.18278671490589,17.00883607153173,17.020994619319993,260251600
2014-02-19,16.75196075439453,17.048737160109056,16.65781568269876,16.98202415225871,313768000
2014-02-20,16.558059692382812,16.740427907960093,16.49103534833448,16.615419464986946,305858000
2014-02-21,16.374135971069336,16.664677512183154,16.353872832524377,16.609187379268565,278784800
2014-02-24,16.44583511352539,16.519718734681064,16.285914316875495,16.308671431156824,288909600
2014-02-25,16.274688720703125,16.508804430380426,16.241644377357,16.502882487147748,231952000
2014-02-26,16.12786102294922,16.366342054743203,16.073306549433408,16.32301047264494,276217200
2014-02-27,16.44957160949707,16.484174264181604,16.087329230442958,16.12130922380859,301882000
2014-02-28,16.40499496459961,16.607937626701705,16.276556901230304,16.493527758208995,371968800
2014-03-03,16.45237922668457,16.542472005681788,16.298067414456405,16.317083560402114,238781200
2014-03-04,16.56086540222168,16.604509975276585,16.452692123958496,16.553385140282497,259140000
2014-03-05,16.59577751159668,16.670282103284425,16.49508451680625,16.550887625210304,200062800
2014-03-06,16.54558753967285,16.66062006465972,16.462976692278744,16.609182242388695,185488800
2014-03-07,16.535926818847656,16.58393501534391,16.399072825222024,16.55618995380243,220729600
2014-03-10,16.55088996887207,16.62601889740071,16.470460093917087,16.47108442020788,178584000
2014-03-11,16.712059020996094,16.794669882225865,16.60295008505183,16.692108880929258,279224400
2014-03-12,16.728273391723633,16.751341838613826,16.584561762425018,16.662809015267992,199326400
2014-03-13,16.542476654052734,16.82335363283877,16.496026766032426,16.754148294300123,257742800
2014-03-14,16.356672286987305,16.549950341285,16.30398748503497,16.484484334573995,237199200
2014-03-17,16.420578002929688,16.521269321063343,16.392832949743553,16.450505700263857,199544800
2014-03-18,16.565845489501953,16.583614641021605,16.37256746661996,16.394388910353502,209647200
2014-03-19,16.56148910522461,16.716734918501277,16.491035129522803,16.592663799090488,224756000
2014-03-20,16.481685638427734,16.605447107641115,16.439601045038494,16.51878228016755,208398400
2014-03-21,16.611677169799805,16.63911089856623,16.407800512603597,16.582373791961604,374046400
2014-03-24,16.808698654174805,16.84953625360558,16.679949252373664,16.784694556633408,355700800
2014-03-25,16.98950958251953,17.01320235311521,16.821169542238373,16.8807136319267,282293200
2014-03-26,16.82708740234375,17.114512194065732,16.798408354711942,17.037200633931153,299768000
2014-03-27,16.75477409362793,16.880718243700127,16.68182777732858,16.8345796778299,222031600
2014-03-28,16.73606300354004,16.80090470426372,16.65469913068547,16.781577225800646,200564000
2014-03-31,16.732324600219727,16.85920270212311,16.707071847268363,16.809947513827613,168669200
2014-04-01,16.8853816986084,16.892240961838443,16.73325256343645,16.764114253362496,200760000
2014-04-02,16.91343879699707,16.9424308394558,16.842050845430066,16.90813951646726,180420800
2014-04-03,16.796228408813477,16.91188360450377,16.76037876107928,16.877280944469984,162344000
2014-04-04,16.578947067260742,16.83395026369861,16.54029210754426,16.828028319874356,275251200
2014-04-07,16.31864356994629,16.55026697764408,16.26939004867511,16.460485520045687,289850400
2014-04-08,16.317705154418945,16.401251650309653,16.169939636050213,16.372259607755733,243888400
2014-04-09,16.532184600830078,16.537483882209255,16.273440486389827,16.292767962836848,206169600
2014-04-10,16.31895637512207,16.592040043296514,16.30929180347379,16.54340751919351,239652000
2014-04-11,16.198314666748047,16.298694696112655,16.1213144120234,16.179296852483837,271717600
2014-04-14,16.262845993041992,16.277808183953603,16.1234979995947,16.26970359450688,205674000
2014-04-15,16.146873474121094,16.26159300814848,15.940189849584831,16.218885762235633,266490000
2014-04-16,16.179615020751953,16.244456747876743,16.027797107824576,16.149687301369326,214765600
2014-04-17,16.364465713500977,16.452377503498095,16.185527161931017,16.210466912975573,284334400
2014-04-21,16.558685302734375,16.58892267744251,16.333919485507646,16.376939734514266,182548800
2014-04-22,16.57520294189453,16.579255235139115,16.41309789315222,16.469521997651906,202563200
2014-04-23,16.358549118041992,16.557439535454563,16.349195875908244,16.492909157187558,394940000
2014-04-24,17.699649810791016,17.769168124959094,17.48018497479259,17.713366675204053,759911600
2014-04-25,17.829647064208984,17.831203717789712,17.580878838176936,17.598646332309084,390275200
2014-04-28,18.520143508911133,18.57189264851983,17.848655011015254,17.856449930155872,669485600
2014-04-29,18.465280532836914,18.579066068390496,18.377370405778084,18.509236428801298,337377600
2014-04-30,18.395456314086914,18.68662217268695,18.38641606768809,18.474950547061358,456640800
2014-05-01,18.43878746032715,18.542284118401465,18.27917635102795,18.45499663692188,244048000
2014-05-02,18.473079681396484,18.523583526915697,18.383611207542618,18.465599418402654,191514400
2014-05-05,18.73431396484375,18.735562617433608,18.3926476539863,18.397012943440444,287067200
2014-05-06,18.53012466430664,18.841863247941095,18.53012466430664,18.760499386044653,374564400
2014-05-07,18.465280532836914,18.619903662970845,18.32188029091963,18.556308961279782,282864400
2014-05-08,18.432369232177734,18.633624449672173,18.382525869325068,18.44051908742316,230297200
2014-05-09,18.35556983947754,18.37782624745234,18.19224456970247,18.324221017503103,291597600
2014-05-12,18.584096908569336,18.610115174618187,18.41387573872718,18.416698388270866,213208800
2014-05-13,18.61324119567871,18.637692428664405,18.517318029287175,18.55806896815091,159737200
2014-05-14,18.616689682006836,18.727348878977157,18.54991881522165,18.571549073699313,166404000
2014-05-15,18.458385467529297,18.70227337472336,18.433934230308807,18.642713140874942,230846000
2014-05-16,18.73080825805664,18.7314343974719,18.351181939588308,18.45243571454791,276256400
2014-05-19,18.95274543762207,19.038638672978788,18.725157243340274,18.741458625908606,317755200
2014-05-20,18.956506729125977,19.009484128180112,18.83174096983162,18.9502369667869,234836000
2014-05-21,19.00665855407715,19.018883332053328,18.87342990349288,18.92891519405526,196859600
2014-05-22,19.03676414489746,19.117643275152226,18.937392137954763,19.015761688075976,200760000
2014-05-23,19.251813888549805,19.27062318424977,19.011687739707217,19.036138987032363,232209600
2014-05-27,19.612308502197266,19.619517473150268,19.298827086715217,19.306663870976948,348866000
2014-05-28,19.5615234375,19.743969325634563,19.554312792683245,19.624532452666802,315481600
2014-05-29,19.91795539855957,19.96466471796683,19.679396339075048,19.68190424446831,376474000
2014-05-30,19.84334945678711,20.19350698850409,19.714821805414935,19.999462395724372,564020800
2014-06-02,19.706979751586914,19.900711222926386,19.514189163142866,19.873439012309888,369350800
2014-06-03,19.985671997070312,20.02329058705515,19.69444852815832,19.701031362863276,292709200
2014-06-04,20.213884353637695,20.310123980881414,19.940842394051625,19.982535908479345,335482000
2014-06-05,20.293197631835938,20.356521423649784,20.14460838113146,20.25714773734758,303805600
2014-06-06,20.237384796142578,20.415757411951255,20.202903620335444,20.373123035222545,349938400
2014-06-09,20.56121826171875,20.600716934957124,20.13331736344401,20.341781560209824,301660000
2014-06-10,20.681909561157227,20.85745959580025,20.53269253396142,20.787239916776883,251108000
2014-06-11,20.596323013305664,20.793816322691235,20.5107428582667,20.65557016903699,182724000
2014-06-12,20.25181007385254,20.65337957379483,20.16622990818207,20.635824238742195,218996000
2014-06-13,20.030176162719727,20.284723467848753,19.94240117218666,20.232057469027694,218100000
2014-06-16,20.23206329345703,20.352754149455706,20.067485766642026,20.08065310722227,142244000
2014-06-17,20.205730438232422,20.34178011201388,20.14428843405124,20.256199938451655,118904000
2014-06-18,20.22767448425293,20.251812654483935,20.045541626753195,20.247422983076966,134056000
2014-06-19,20.157453536987305,20.254006211817224,20.043345525975763,20.25181137625227,142112000
2014-06-20,19.948986053466797,20.308862014679928,19.946791218265734,20.15525535981123,403592000
2014-06-23,19.931434631347656,20.1047898145373,19.88096345683156,20.03895813893701,174776000
2014-06-24,19.810745239257812,20.13112262409524,19.79099673962861,19.913880757328123,156144000
2014-06-25,19.82830047607422,19.902908150962702,19.672500618951943,19.795384636024348,147476000
2014-06-26,19.946796417236328,19.979712257156635,19.705416381436027,19.83049523379786,130516000
2014-06-27,20.18379020690918,20.188178204667004,19.918270302904894,19.929242808553415,256116000
2014-06-30,20.392253875732422,20.56780391639994,20.2079261656146,20.210121001519493,197929200
2014-07-01,20.52172088623047,20.64241174936028,20.436140701163612,20.52172088623047,152892000
2014-07-02,20.512939453125,20.640211441941588,20.427357616575687,20.598519615505477,113860000
2014-07-03,20.63363265991211,20.64899316196528,20.451499796875133,20.55463531387605,91567200
2014-07-07,21.059345245361328,21.063733243743396,20.648997918601584,20.65777558953527,225872000
2014-07-08,20.92328453063965,21.24146868202018,20.609490049854053,21.125165849617694,260888000
2014-07-09,20.93206214904785,21.054946138719743,20.79381766066697,20.943034651340895,145744000
2014-07-10,20.855262756347656,20.967175934535003,20.52171805740432,20.574384067238984,158744000
2014-07-11,20.89476776123047,21.041789983044072,20.815770396698177,20.925488772529743,136072000
2014-07-14,21.164669036865234,21.261221720560737,20.989120681436958,21.035202187518223,171240000
2014-07-15,20.916698455810547,21.25243621500872,20.853061635401243,21.241465388560005,181911600
2014-07-16,20.79820442199707,21.30729735862269,20.78942675551765,21.27877119819109,213585200
2014-07-17,20.42736053466797,20.907927418353616,20.313254193249936,20.853068246213027,229192000
2014-07-18,20.721406936645508,20.78943177557623,20.412000396665572,20.54366375148118,199952000
2014-07-21,20.613880157470703,20.846482478869323,20.565603824915783,20.844287643525327,156316000
2014-07-22,20.7850399017334,20.822343730694683,20.65337824564317,20.776262234771544,220788000
2014-07-23,21.327056884765625,21.478467094008483,20.8837937409848,20.938652924926128,371672000
2014-07-24,21.29194450378418,21.35558135297656,21.158087971719056,21.29413933973407,182916000
2014-07-25,21.43238067626953,21.46968451101316,21.206361158015845,21.252442661081922,173876000
2014-07-28,21.728626251220703,21.776902604094172,21.406055634980728,21.465302820853914,221272000
2014-07-29,21.588176727294922,21.820780711529586,21.559650565888134,21.79664254642817,172572000
2014-07-30,21.5377140045166,21.658403193782995,21.43238364423008,21.60135085304002,132040000
2014-07-31,20.9781494140625,21.384106998009592,20.91890223822624,21.320471824550715,227372000
2014-08-01,21.094449996948242,21.201975188554464,20.804793611282776,20.824543785439324,194044000
2014-08-04,20.975954055786133,21.193197601503833,20.883791040483043,21.147116093852286,159832000
2014-08-05,20.872825622558594,20.995709674830195,20.70605321292596,20.92548997722219,223732000
2014-08-06,20.837711334228516,20.951819369470467,20.78285215263856,20.791629822593276,154232000
2014-08-07,20.83550262451172,21.159677627067726,20.751700841575115,20.934739629835494,186844000
2014-08-08,20.892837524414062,20.910480181112078,20.57086661090884,20.786984949218663,167460000
2014-08-11,21.168502807617188,21.188351221791304,20.914895024815895,21.009722224211274,146340000
2014-08-12,21.164093017578125,21.364772817901493,21.084702725747828,21.179529925295306,135180000
2014-08-13,21.44416046142578,21.44416046142578,21.179527309670906,21.203785544873032,127664000
2014-08-14,21.50149154663086,21.516928447620906,21.347122536730378,21.464002170297316,112464000
2014-08-15,21.60735321044922,21.653663929336844,21.360361027218612,21.589710551112045,195804000
2014-08-18,21.86757469177246,21.913885406731264,21.607351377363635,21.719819535479385,190288000
2014-08-19,22.169694900512695,22.20277445988529,21.902856037900644,21.922704446522715,277596000
2014-08-20,22.17852020263672,22.29319412218079,22.041792117894886,22.149852143374847,210796000
2014-08-21,22.180721282958984,22.260111549955756,22.0770727853523,22.178515530404567,133912000
2014-08-22,22.343914031982422,22.37699359385569,22.09471780653043,22.116770286947137,176736000
2014-08-25,22.39243507385254,22.531367243112644,22.33509726705611,22.447567127407673,161080000
2014-08-26,22.249088287353516,22.383610613819542,22.242472711051334,22.365967955349387,132608000
2014-08-27,22.522537231445312,22.619570146700458,22.207181939362194,22.27775087341245,209476000
2014-08-28,22.54901123046875,22.665890921681463,22.39684621530669,22.40346179292298,273840000
2014-08-29,22.604135513305664,22.69234711034465,22.53797639490236,22.683525782391122,178380000
2014-09-02,22.78055763244629,22.87758887036395,22.652650906900064,22.72762966722263,214256000
2014-09-03,21.81905746459961,22.75850624820539,21.739667189577094,22.736453767920555,501684000
2014-09-04,21.63822364807129,22.072662709636514,21.56544895152876,21.799208262548145,342872000
2014-09-05,21.825674057006836,21.918295488014987,21.680124651854186,21.788184670526842,233828000
2014-09-08,21.69115447998047,21.9006556027129,21.622791274509257,21.89845153205019,185426800
2014-09-09,21.60956382751465,22.732053551070603,21.201586881103204,21.849940506939003,759385200
2014-09-10,22.273345947265625,22.29760418141187,21.558835122630573,21.613967167054497,403478400
2014-09-11,22.36817741394043,22.37038316723875,21.969021874281438,22.143239369919062,249412400
2014-09-12,22.41889762878418,22.535777305632607,22.290990868932575,22.31965892924553,250504400
2014-09-15,22.412275314331055,22.725426566524646,22.37037610986209,22.672498599043433,245266000
2014-09-16,22.242475509643555,22.330687130596772,21.808034664508757,22.008716144239745,267632400
2014-09-17,22.401248931884766,22.44976539202902,22.18292486123564,22.332884064183236,243706000
2014-09-18,22.447561264038086,22.571056493345303,22.396839047717584,22.478435071364892,149197600
2014-09-19,22.2645263671875,22.571060423663752,22.163083599378492,22.557829270361545,283609600
2014-09-22,22.286571502685547,22.524742278584053,22.180718946172465,22.449763524595294,211153600
2014-09-23,22.635011672973633,22.701170798254672,22.17190284349568,22.185133995553308,253608800
2014-09-24,22.438745498657227,22.681326194575796,22.317454309449577,22.529162872884154,240687200
2014-09-25,21.58309555053711,22.209394831253228,21.55001598402117,22.165289864229738,400368000
2014-09-26,22.218210220336914,22.218210220336914,21.699969425145913,21.728637477796106,249482000
2014-09-29,22.077077865600586,22.149852574176823,21.750695394786828,21.755106900910814,199065200
2014-09-30,22.218210220336914,22.39242765374084,22.16969376008567,22.23144137040682,221056400
2014-10-01,21.871980667114258,22.204978624659237,21.766126421190712,22.182924464990386,205965200
2014-10-02,22.030765533447266,22.101334483795288,21.620582983769236,21.891831703155244,191031200
2014-10-03,21.969011306762695,22.099122086332137,21.841104596934578,21.929316178971074,173878400
2014-10-06,21.969011306762695,22.19615499482188,21.924904674496457,22.041784305634017,148204800
2014-10-07,21.77715492248535,22.07927909520988,21.772745099761437,21.92711413254257,168376800
2014-10-08,22.229238510131836,22.297601699208336,21.680122197400564,21.77936087581411,229618800
2014-10-09,22.277755737304688,22.57767419312337,22.187340059482427,22.39243133173349,309506000
2014-10-10,22.213802337646484,22.500487936671984,22.118975161373537,22.204981009330822,265326400
2014-10-13,22.01091194152832,22.445352623366272,22.01091194152832,22.34611563865539,214333600
2014-10-14,21.77715492248535,22.167489009658375,21.73745978798502,22.13882095571224,254754400
2014-10-15,21.510316848754883,21.86536731964162,20.989870258479776,21.605144024504067,403734400
2014-10-16,21.228044509887695,21.55001547250744,21.040595880742195,21.071469693425144,288618000
2014-10-17,21.538986206054688,21.832289079303052,21.34933184308931,21.501496820525734,272718800
2014-10-20,21.999889373779297,22.043994332101303,21.66027581071166,21.68232828987266,310069200
2014-10-21,22.597522735595703,22.718812224356014,22.332887911716284,22.718812224356014,378495600
2014-10-22,22.712200164794922,22.95919236882564,22.626194296404094,22.679120596376126,273052400
2014-10-23,23.117969512939453,23.166485981738347,22.85333468744453,22.95257337794131,284298800
2014-10-24,23.203977584838867,23.263519458826813,23.051812587707843,23.19515625489683,188215600
2014-10-27,23.179723739624023,23.261319795174128,23.089306352460643,23.122385925386197,136750800
2014-10-28,23.53917694091797,23.53917694091797,23.232642912104684,23.24366999385913,192243600
2014-10-29,23.671491622924805,23.678108880947963,23.455374970731906,23.519328338318548,210751600
2014-10-30,23.59210777282715,23.673702130709,23.353936911043927,23.587696266592282,162619200
2014-10-31,23.81704330444336,23.82586463349273,23.642825841335355,23.819249057329824,178557200
2014-11-03,24.125783920288086,24.32425962447853,23.819249875898173,23.865560593126517,209130400
2014-11-04,23.94936180114746,24.145631761414265,23.7552975939445,24.116963701570743,166297600
2014-11-05,24.006702423095703,24.10373537934273,23.845716080458303,24.059628725368256,149743600
2014-11-06,24.075353622436523,24.09528809714349,23.87601901411806,24.053205520378015,139874000
2014-11-07,24.14401626586914,24.212675892971188,24.04213363895282,24.086429845510537,134766000
2014-11-10,24.104148864746094,24.214891070292342,24.06871054787116,24.14622975379514,108782000
2014-11-11,24.296838760375977,24.307913656637457,24.008910045288683,24.075354353481785,109769200
2014-11-12,24.640140533447266,24.680007794711038,24.223750452308266,24.225964079750963,187769600
2014-11-13,24.987869262695312,25.12740382258583,24.717658031657198,24.761955924330884,238091600
2014-11-14,25.289100646972656,25.291315965146953,24.631291401997657,25.060971879007354,176254400
2014-11-17,25.24700927734375,25.975693242546182,25.09418617227625,25.30902464633254,186986800
2014-11-18,25.574806213378906,25.623533056080113,25.224860424699358,25.235935321601275,176896000
2014-11-19,25.397624969482422,25.634613295989308,25.204934552944216,25.568168965725008,167476800
2014-11-20,25.76085662841797,25.88267375556895,25.43748952428082,25.45077974074694,173582000
2014-11-21,25.796295166015625,26.03992773254084,25.698841463488613,26.02663920575709,228717200
2014-11-24,26.274696350097656,26.305704033966634,25.82951387892503,25.880454349656052,189803200
2014-11-25,26.046571731567383,26.52276365072891,26.013348725152895,26.372154152803223,275361600
2014-11-26,26.35664176940918,26.378789869912517,26.097505444957445,26.121868862448643,163073200
2014-11-28,26.341142654418945,26.445240604225752,26.14623696932436,26.41644654759456,99257600
2014-12-01,25.486207962036133,26.412012753394592,24.64456662814963,26.314559083843676,335256000
2014-12-02,25.38875961303711,25.63682278306449,24.972369492790676,25.13848281535913,237395600
2014-12-03,25.676687240600586,25.76971028551774,25.49507009537533,25.636819979951536,172253600
2014-12-04,25.579235076904297,25.957973230615348,25.53493886902156,25.641250443856936,168178000
2014-12-05,25.470712661743164,25.709916281855776,25.390978121705626,25.689981801950236,153275600
2014-12-08,24.89484977722168,25.393189734858176,24.722092195607758,25.27137262485243,230659600
2014-12-09,25.275806427001953,25.31567369620039,24.21932463813952,24.40537245766298,240832000
2014-12-10,24.795181274414062,25.437486459678954,24.704373536762624,25.340034459491083,178261200
2014-12-11,24.722091674804688,25.20492778006816,24.66007461751328,24.86384156902956,165606800
2014-12-12,24.303489685058594,24.777466277615275,24.270266679267895,24.46517238889186,224112400
2014-12-15,23.97126007080078,24.717661501880983,23.554868270168107,24.518325181343222,268872400
2014-12-16,23.64345932006836,24.39872192303199,23.534932438954026,23.559295857745873,243162800
2014-12-17,24.232614517211914,24.32785120863559,23.658968912271618,23.7254149232752,213647200
2014-12-18,24.95022201538086,24.95022201538086,24.509468461553546,24.777464425930564,236024800
2014-12-19,24.757524490356445,25.08089149236454,24.73094744540265,24.86383773954694,353719200
2014-12-22,25.01445198059082,25.13626740280483,24.799611813848475,24.841694396140053,180670000
2014-12-23,24.92585563659668,25.10082852279733,24.90813647829465,25.07868041981577,104113600
2014-12-24,24.808469772338867,24.96350818676613,24.808469772338867,24.934715821170208,57918400
2014-12-26,25.24700927734375,25.36439575289997,24.80847105961326,24.828403846877343,134884000
2014-12-29,25.22928810119629,25.419763125197967,25.18277489149561,25.202709365623306,110395600
2014-12-30,24.921422958374023,25.231501444062882,24.830615236658975,25.16948608488347,119526000
2014-12-31,24.447460174560547,25.056542591238717,24.409808212534337,24.98788293227413,165613600
2015-01-02,24.214889526367188,24.682221739158916,23.7763496768566,24.671146843393636,212818400
2015-01-05,23.532726287841797,24.064289384302135,23.346680133466553,23.98455483534346,257142000
2015-01-06,23.53493881225586,23.79407522071628,23.17391806682534,23.596954189686496,263188400
2015-01-07,23.86495018005371,23.964617509529127,23.632390824888006,23.743133053101715,160423600
2015-01-08,24.78189468383789,24.8394811133024,24.075358755914475,24.192746932459276,237458000
2015-01-09,24.808469772338867,25.083109973520873,24.409797149823067,24.954648607400006,214798000
2015-01-12,24.197172164916992,24.9457888739138,24.097504854799798,24.93914461187825,198603200
2015-01-13,24.41201400756836,24.983444239302276,24.121869946634853,24.680009963584943,268367600
2015-01-14,24.318992614746094,24.471815731969652,24.031062161775676,24.1506639642499,195826400
2015-01-15,23.65896224975586,24.376571193466866,23.623525626380783,24.363282670925187,240056000
2015-01-16,23.47513198852539,23.827293076803485,23.300159102999938,23.705475976187053,314053200
2015-01-20,24.07978630065918,24.13515740540139,23.588090620181628,23.88487893049971,199599600
2015-01-21,24.263620376586914,24.598060654669688,23.98011888215598,24.13072836459436,194303600
2015-01-22,24.89484977722168,24.91035361942313,24.30127144897852,24.42087324158633,215185600
2015-01-23,25.023305892944336,25.193848121334245,24.702152529390762,24.872696447572384,185859200
2015-01-26,25.049890518188477,25.32896139344122,24.983446198227874,25.191640428521755,222460000
2015-01-27,24.17281723022461,24.912576309397437,24.148453801013396,24.899286090868777,382274800
2015-01-28,25.53937530517578,26.161747854174028,25.53937530517578,26.053219240380972,585908400
2015-01-29,26.334501266479492,26.398731959324124,25.594742329744967,25.763070983758755,337745600
2015-01-30,25.949113845825195,26.57812874843811,25.880452530833228,26.22375403641732,334982000
2015-02-02,26.274696350097656,26.39429814064602,25.709912088376672,26.146236669694193,250956400
2015-02-03,26.279130935668945,26.37658294685454,26.048786899589032,26.245907929445366,207662800
2015-02-04,26.480676651000977,26.6910878633719,26.203821126664508,26.2459037070971,280598800
2015-02-05,26.669681549072266,26.734165723731444,26.51625362672937,26.687468941440304,168984800
2015-02-06,26.445100784301758,26.73861398429588,26.33836794045799,26.687470774515095,174826400
2015-02-09,26.620758056640625,26.64743998906675,26.33391540783551,26.360599036722242,155559200
2015-02-10,27.132183074951172,27.16109076531462,26.71859783100896,26.720820194528688,248034000
2015-02-11,27.76813316345215,27.777027708402922,27.238920462338385,27.29895652017989,294247200
2015-02-12,28.119461059570312,28.346267722765855,27.921562092612835,28.030517303345807,297898000
2015-02-13,28.25731658935547,28.301787607627077,27.939343888977742,28.301787607627077,217088800
2015-02-17,28.424091339111328,28.657568474541197,28.221744262210645,28.348488556639758,252609600
2015-02-18,28.621992111206055,28.63533308100466,28.33959580975443,28.379620415611313,179566800
2015-02-19,28.56195068359375,28.69091902994298,28.535268747425526,28.568621167635808,149449600
2015-02-20,28.795425415039062,28.795425415039062,28.473006272373873,28.599748851580394,195793600
2015-02-23,29.57369041442871,29.57369041442871,28.831013589751244,28.911062812304195,283896400
2015-02-24,29.389123916625977,29.707098350862747,29.166765406194134,29.560340919676545,276912400
2015-02-25,28.637556076049805,29.262386449737566,28.495246740191888,29.253490207727708,298846800
2015-02-26,29.0,29.10006066310566,28.152814516558337,28.637554498809845,365150000
2015-02-27,28.564178466796875,29.0333551042649,28.515259318403285,28.906609112630072,248059200
2015-03-02,28.704259872436523,28.96886704801929,28.528598138561485,28.739838049119616,192386800
2015-03-03,28.764299392700195,28.799877571574093,28.4819031113867,28.675357338437337,151265200
2015-03-04,28.581968307495117,28.80877499266501,28.533052544931437,28.706491953319468,126665200
2015-03-05,28.108341217041016,28.628659337495048,27.96380784031683,28.59085879639421,226068400
2015-03-06,28.15059471130371,28.766527205699226,28.07499361156718,28.55083912068661,291368400
2015-03-09,28.270660400390625,28.810993335881307,27.808154299397792,28.452994307989236,354114000
2015-03-10,27.685863494873047,28.288454960913256,27.5279891281801,28.108345078545167,275426400
2015-03-11,27.181110382080078,27.7436772774365,27.152204379492783,27.739230852600457,275756000
2015-03-12,27.67251968383789,27.772582044929376,27.045468667549837,27.196672542932966,193450800
2015-03-13,27.481290817260742,27.883760923464692,27.256709915985283,27.661402386110844,207309200
2015-03-16,27.78369903564453,27.78369903564453,27.32119455940393,27.54577546449357,143497200
2015-03-17,28.24843406677246,28.310694197430077,27.9393557778212,27.99494542254569,204092400
2015-03-18,28.56639289855957,28.71982078565295,28.099440451076823,28.2395256763835,261083600
2015-03-19,28.3507137298584,28.7398411732094,28.328478215244832,28.62866190368054,183238000
2015-03-20,27.99493980407715,28.550834443294974,27.830394963725297,28.517482020323033,274780400
2015-03-23,28.28623390197754,28.428543253152814,28.1328059435543,28.266222444684743,150838800
2015-03-24,28.170602798461914,28.470784779166674,28.14169510373466,28.290676608620394,131369200
2015-03-25,27.434595108032227,28.199509002111668,27.434595108032227,28.13724888449329,206620800
2015-03-26,27.62582015991211,27.76812946725988,27.26115234777586,27.29673052284318,190291600
2015-03-27,27.405689239501953,27.728108434323467,27.330088152452873,27.69920243570958,158184800
2015-03-30,28.099449157714844,28.106119642444803,27.572458810054766,27.58357741557871,188398800
2015-03-31,27.668075561523438,28.12613365015108,27.652510530253405,28.03718988726754,168362400
2015-04-01,27.6280460357666,27.821498558372735,27.372333399161498,27.75479032396762,162485600
2015-04-02,27.865968704223633,27.91933427218699,27.614704195954534,27.801484532056698,128880400
2015-04-06,28.317354202270508,28.35293237602708,27.645832288991823,27.676962342798475,148776000
2015-04-07,28.019397735595703,28.48857265465359,28.01272725139245,28.381841514479785,140049200
2015-04-08,27.928237915039062,28.106125461485597,27.788152617323846,27.983827561245935,149316800
2015-04-09,28.141698837280273,28.14614695850273,27.719218930050666,27.983824463106682,129936000
2015-04-10,28.26177215576172,28.286231732662372,27.852633226625628,28.006059476821086,160752000
2015-04-13,28.206174850463867,28.58863343110072,28.15280928648554,28.544159017607516,145460400
2015-04-14,28.08388328552246,28.30401775731362,27.997163593711978,28.239533579423085,102098400
2015-04-15,28.19061279296875,28.268437935397202,28.019397479626157,28.108341226599048,115881600
2015-04-16,28.054983139038086,28.26177669740899,28.041642166388808,28.079442719869373,113476000
2015-04-17,27.739229202270508,28.04830745205387,27.674745018986492,27.917116721430638,207828000
2015-04-20,28.372953414916992,28.488579125779587,27.832622017726813,27.921565785715647,188217200
2015-04-21,28.219518661499023,28.50635963983635,28.166151398889546,28.484125825106876,129740400
2015-04-22,28.599754333496094,28.65534396850471,28.088330709293473,28.23731052396591,150618000
2015-04-23,28.83323097229004,28.999999874384436,28.493022683451226,28.528600863532645,183083600
2015-04-24,28.968873977661133,29.04670083365714,28.7353968025956,29.015570769843237,178103600
2015-04-27,29.495859146118164,29.602593688845488,29.16232133416995,29.420258056377868,387816800
2015-04-28,29.031124114990234,29.916109961374485,28.810991379817118,29.898324267820577,475696000
2015-04-29,28.60420799255371,29.260165134074875,28.52860688860569,28.942193988863824,253544400
2015-04-30,27.828174591064453,28.60420550349986,27.701430277592415,28.60420550349986,332781600
2015-05-01,28.673131942749023,28.93551677409575,27.861524660384124,28.039410467610814,234050400
2015-05-04,28.617538452148438,29.033351156961068,28.519700168663114,28.795425931856165,203953200
2015-05-05,27.972707748413086,28.561956579916988,27.968259627159547,28.49524833280351,197085600
2015-05-06,27.797039031982422,28.183942381380493,27.430147135062807,28.141693719755914,288564000
2015-05-07,27.968978881835938,28.152074473058324,27.692101292340553,27.859566834442038,175763600
2015-05-08,28.495935440063477,28.495935440063477,28.158771026473666,28.28604476221257,222201600
2015-05-11,28.20566177368164,28.48253764789053,28.051592936345216,28.444579202141632,168143200
2015-05-12,28.105186462402344,28.33070551635658,27.8707340042169,28.0448979086757,192640000
2015-05-13,28.136436462402344,28.39991557556274,28.10517637300595,28.167696551798738,138776800
2015-05-14,28.79290199279785,28.79290199279785,28.393219150803873,28.449040986155204,180814000
2015-05-15,28.752710342407227,28.913477492039792,28.627669983158402,28.81969722260317,152832000
2015-05-18,29.069778442382812,29.188120456362167,28.661162213945016,28.665628914593572,203531600
2015-05-19,29.042984008789062,29.223846196970214,28.94696868731493,29.18142106006961,178532800
2015-05-20,29.040756225585938,29.2461802072394,28.879989038710175,29.02735952786213,145819600
2015-05-21,29.337732315063477,29.391322519381163,28.98940450473713,29.042994709054817,158921600
2015-05-22,29.594499588012695,29.690514906309943,29.339952182125543,29.384612371339564,182384000
2015-05-26,28.942508697509766,29.67712607533172,28.830865009082903,29.607907533642262,282790400
2015-05-27,29.48286247253418,29.53198596589671,29.03852279224789,29.103274629628586,183332800
2015-05-28,29.424802780151367,29.462761215729895,29.272969037837246,29.442666174616694,122933200
2015-05-29,29.089876174926758,29.351121969971384,29.005025890228723,29.301998479577218,203538000
2015-06-01,29.147937774658203,29.337733441025723,29.03852912140014,29.08988427307424,128451200
2015-06-02,29.018428802490234,29.174729283831766,28.875525018535836,28.99609870211503,134670400
2015-06-03,29.054155349731445,29.237252652834727,29.005031849244972,29.174732453505637,123934000
2015-06-04,28.884445190429688,29.15685596830067,28.78396658710536,28.93356866887159,153800400
2015-06-05,28.725915908813477,28.958136658313954,28.66116407712451,28.91571151713053,142507200
2015-06-08,28.53611946105957,28.850955392058644,28.319530493529204,28.781733462637305,210699200
2015-06-09,28.451269149780273,28.59863959476817,28.04935300658485,28.290502011083298,224301600
2015-06-10,28.777271270751953,28.87998153133153,28.547283897144407,28.56291394160831,156349200
2015-06-11,28.712522506713867,29.067548612456317,28.68796075937411,28.84426123922032,141563600
2015-06-12,28.395463943481445,28.654478197126192,28.38206724193017,28.623218091141208,147544800
2015-06-15,28.339628219604492,28.41108009883974,28.069450748010365,28.156532672592473,175955600
2015-06-16,28.491470336914062,28.54729218385298,28.21682780396123,28.36419659403523,125976400
2015-06-17,28.424476623535156,28.55398197492287,28.29943456545634,28.51825688943397,131672400
2015-06-18,28.553987503051758,28.65000113774058,28.40661872861507,28.408852079248966,141628800
2015-06-19,28.26818084716797,28.540591712541328,28.223524054356492,28.516029965430786,218867600
2015-06-22,28.493696212768555,28.594174829480085,28.37535420087142,28.46690111999015,136157200
2015-06-23,28.36419105529785,28.49369812375843,28.330697612965324,28.464671382295435,121075600
2015-06-24,28.6053409576416,28.98269710333946,28.384286970399828,28.404382013082174,221123600
2015-06-25,28.46913719177246,28.848725006243843,28.46913719177246,28.772808124768485,127752400
2015-06-26,28.30166244506836,28.578538192389946,28.248073975419896,28.507086331676415,176267200
2015-06-29,27.80597686767578,28.239154925475177,27.79481352092118,28.0136341970433,196645600
2015-06-30,28.006933212280273,28.16100203350133,27.879659487133807,28.03819330592696,177482800
2015-07-01,28.26818084716797,28.344099439204413,28.131975414481285,28.33516773993263,120955200
2015-07-02,28.232454299926758,28.288276139840534,28.082850474261843,28.230220949336946,108844000
2015-07-06,28.13421058654785,28.185567434798507,27.877429752389688,27.897526502939094,112241600
2015-07-07,28.06498146057129,28.167693414798702,27.636268547149896,28.109638239436453,187787200
2015-07-08,27.368328094482422,27.83053280154354,27.361629747119487,27.794807714425502,243046400
2015-07-09,26.81011390686035,27.70103001819271,26.620319986898956,27.65413987586442,314380000
2015-07-10,27.526866912841797,27.654140646579222,27.064662121527192,27.227662652442298,245418000
2015-07-13,28.058284759521484,28.08061315026347,27.759078872228386,27.917612661107626,165762000
2015-07-14,28.047128677368164,28.216827567634503,27.919854935555303,28.143142321440855,127072400
2015-07-15,28.317306518554688,28.39099176555159,28.040430634031658,28.0716907321126,134596800
2015-07-16,28.694660186767578,28.70806029162525,28.43564770992104,28.52272965247309,144889600
2015-07-17,28.942508697509766,28.942508697509766,28.65000277896658,28.821935013130545,184658800
2015-07-20,29.48956298828125,29.690520247519455,29.18365699118549,29.24394553179483,235600800
2015-07-21,29.1948184967041,29.679351595599233,29.0988065798831,29.66372325413515,307025600
2015-07-22,27.96004295349121,28.022563140520017,27.238824045015008,27.238824045015008,461802400
2015-07-23,27.946645736694336,28.377588689764913,27.924315638702303,28.178863083176353,203998000
2015-07-24,27.799278259277344,28.076154127998937,27.665306174640925,27.98237383910819,168649200
2015-07-27,27.412988662719727,27.60055093250438,27.267853240365948,27.484440550364504,177822000
2015-07-28,27.549192428588867,27.667536154204573,27.36386522413786,27.549192428588867,134472400
2015-07-29,27.46210479736328,27.575981798382127,27.301337667347717,27.497831583387594,148046800
2015-07-30,27.32367706298828,27.368333857175575,27.17630657578471,27.312512012667707,134513200
2015-07-31,27.08475685119629,27.383961089285012,26.99767491900346,27.375029390656604,171540000
2015-08-03,26.44615364074707,27.368329760709486,26.240727989009937,27.129412370118644,279904000
2015-08-04,25.59766387939453,26.28092268429403,25.28729457236192,26.218402493459756,496554400
2015-08-05,25.767356872558594,26.222863206316752,25.03050804074894,25.220301920594746,397250400
2015-08-06,25.82343864440918,26.130727645651493,25.596898804222622,26.011849931022013,211612000
2015-08-07,25.910913467407227,26.07465181887954,25.682130178595333,25.700074435710377,154681600
2015-08-10,26.852954864501953,26.913514567107228,26.13744374937243,26.13744374937243,219806400
2015-08-11,25.45558738708496,26.507545878935208,25.41970058587761,26.424554977301863,388331200
2015-08-12,25.848106384277344,25.88848010107389,24.58979420725311,25.2402588839715,404870000
2015-08-13,25.827919006347656,26.108291549379526,25.691097068447444,26.027544120085693,194143200
2015-08-14,26.009605407714844,26.088109394236614,25.572224831908866,25.641756689791208,171718000
2015-08-17,26.278759002685547,26.388664562359022,25.90642343750448,26.02754458360224,163538800
2015-08-18,26.130720138549805,26.341560831476333,26.020814584501316,26.115019345114305,138242800
2015-08-19,25.796527862548828,26.13521679954884,25.722509070518804,26.04101199765184,193146000
2015-08-20,25.267175674438477,25.648481674930427,25.038390705136656,25.587921954384836,274006400
2015-08-21,23.721757888793945,25.09894752586456,23.697084970926394,24.769229179141824,513102000
2015-08-24,23.129610061645508,24.403622752777807,20.63541571949694,21.279151586799312,648825200
2015-08-25,23.268678665161133,24.921755869739176,23.214847613615213,24.921755869739176,414406400
2015-08-26,24.603254318237305,24.648113244948537,23.56251147495979,24.020078003441117,387098400
2015-08-27,25.327741622924805,25.399516948122706,24.677276775735773,25.172977094026702,338464400
2015-08-28,25.410730361938477,25.415215570703577,25.018208711536605,25.159515889628185,212657600
2015-08-31,25.29184913635254,25.68885594036272,25.121382135566,25.12811080340812,224917200
2015-09-01,24.161386489868164,25.094465498443444,24.080639054064935,24.706430825910797,307383600
2015-09-02,25.19763946533203,25.19763946533203,24.47764300591158,24.724372203967487,247555200
2015-09-03,24.755783081054688,25.296340637704187,24.681764293860322,25.231293980284182,212935600
2015-09-04,24.50904655456543,24.77371831536382,24.338581272955686,24.441758168011564,199985200
2015-09-08,25.19091033935547,25.246984844935913,24.744557754087413,25.06530399445787,219374400
2015-09-09,24.706424713134766,25.574456866366543,24.6211903790651,25.516140619249093,340043200
2015-09-10,25.249231338500977,25.408482748135636,24.650355957637192,24.733345140663832,251571200
2015-09-11,25.61707878112793,25.61707878112793,25.067549271104706,25.07427793846086,199662000
2015-09-14,25.863805770874023,26.218197075541763,25.762872340007302,26.148665232556162,233453600
2015-09-15,26.08137321472168,26.13744771912597,25.664178765053123,26.00286925080729,173364800
2015-09-16,26.11054229736328,26.139700433924837,25.892972869436985,26.07465378043336,148694000
2015-09-17,25.552034378051758,26.128480319144057,25.507175450917547,25.942314231404556,256450400
2015-09-18,25.44660758972168,25.637262260033378,25.092218047851315,25.168478546969638,297141200
2015-09-21,25.841381072998047,25.877269586482125,25.493720082728235,25.495961831377105,200888000
2015-09-22,25.435400009155273,25.61035221983528,25.238016623765834,25.43091308971004,201384800
2015-09-23,25.641756057739258,25.731475630663425,25.41297277247823,25.486989837226535,143026800
2015-09-24,25.794273376464844,25.906422391145128,25.2043701752995,25.401751825083856,200878000
2015-09-25,25.72922706604004,26.173337922710438,25.57446087623308,26.117263414665388,224607600
2015-09-28,25.22007179260254,25.697825994691254,25.22007179260254,25.536331134475855,208436000
2015-09-29,24.461938858032227,25.460065965431337,24.192781947754884,25.307543259938733,293461600
2015-09-30,24.740074157714844,25.01820324435386,24.387926308187456,24.710914317708884,265892000
2015-10-01,24.578584671020508,24.58755679981024,24.069427057569477,24.464192168024677,255716400
2015-10-02,24.75801658630371,24.899325444124337,24.123254445270266,24.22643133643209,232079200
2015-10-05,24.84773826599121,24.980075008332264,24.46418879718582,24.645869674183544,208258800
2015-10-06,24.966611862182617,25.063060078474173,24.621192708749092,24.814089141332204,192787200
2015-10-07,24.84773826599121,25.069792861350468,24.540451025761318,25.063064193499937,187062400
2015-10-08,24.56063461303711,24.715400803406812,24.27128994512158,24.715400803406812,247918400
2015-10-09,25.148296356201172,25.184183152026744,24.55839142763354,24.67278390489033,211064400
2015-10-12,25.03166961669922,25.289612794549495,24.99578280768793,25.285127585145144,121868800
2015-10-13,25.07427978515625,25.222315611668947,24.82530880709283,24.856710397906387,132197200
2015-10-14,24.71988296508789,25.01371280450353,24.574088919353986,24.962125221575796,177849600
2015-10-15,25.089982986450195,25.143814045684113,24.782694005441982,24.88138570675293,150694000
2015-10-16,24.906055450439453,25.121381371126688,24.79166296682932,25.072035526774933,156930400
2015-10-19,25.060821533203125,25.0653067411875,24.69745808117051,24.85222428113486,119036800
2015-10-20,25.518388748168945,25.608108311660388,24.85671017602895,24.973344410686988,195871200
2015-10-21,25.516143798828125,25.92436613580862,25.50268475367488,25.569974845666728,167180800
2015-10-22,25.90642547607422,25.90642547607422,25.592407855324677,25.643997161174436,166616400
2015-10-23,26.709415435791016,26.743060489612784,26.092595723673156,26.175584917007193,237467600
2015-10-26,25.857078552246094,26.496327643150536,25.77633111852571,26.485113767569437,265335200
2015-10-27,25.693342208862305,26.13969484741818,25.56773413771088,25.883995208345304,279537600
2015-10-28,26.75202751159668,26.758757890513674,26.032030980725605,26.227170899119155,342205600
2015-10-29,27.034648895263672,27.070537411574072,26.527734725560457,26.624182974071353,204909200
2015-10-30,26.803611755371094,27.18940460004466,26.792396170551847,27.137815305637293,197461200
2015-11-02,27.180435180664062,27.220808894271993,26.82828734412862,27.095202545828723,128813200
2015-11-03,27.49221420288086,27.698568015313565,27.0727761984996,27.09296391453022,182076000
2015-11-04,27.36435890197754,27.77258123681901,27.279126268991515,27.61781505280359,179544400
2015-11-05,27.238210678100586,27.63691850149196,27.071520155276254,27.447700792446135,158210800
2015-11-06,27.26975440979004,27.438698042862917,27.170641980357402,27.281018006094968,132169200
2015-11-09,27.15937614440918,27.43869578018609,27.042242657981237,27.247226688875976,135485600
2015-11-10,26.303396224975586,26.596232538644294,26.143463127646314,26.332680887492543,236511600
2015-11-11,26.15472412109375,26.44981174975811,25.951991440926772,26.213291721716057,180872000
2015-11-12,26.066869735717773,26.314653322236378,26.0511017361734,26.18850932588139,130102400
2015-11-13,25.305498123168945,26.033082657183602,25.289730122423524,25.949736528338832,183249600
2015-11-16,25.719968795776367,25.73348373123555,25.003648000531346,25.089245456077578,152426800
2015-11-17,25.60959815979004,25.915949363767915,25.526252030363505,25.8866647060483,110467600
2015-11-18,26.420534133911133,26.465585085880317,26.017321755027425,26.075889367454284,186698800
2015-11-19,26.756162643432617,26.974663322774134,26.301141938966225,26.49936849124945,173183200
2015-11-20,26.8732967376709,27.01295568430863,26.771929543716215,26.850769548847712,137148400
2015-11-23,26.524147033691406,26.970158924702098,26.43179036771993,26.866538663852005,129930000
2015-11-24,26.778690338134766,26.884561951850607,26.382237200649325,26.42954120960213,171212800
2015-11-25,26.587223052978516,26.857533903611337,26.562444515372583,26.853027777546504,85553200
2015-11-27,26.53766441345215,26.672820690093285,26.490360404061132,26.645789091048368,52185600
2015-11-30,26.648040771484375,26.89807746428209,26.524148097185197,26.578209573886948,156721200
2015-12-01,26.431793212890625,26.76292300239936,26.323670252183778,26.749408061956874,139409600
2015-12-02,26.193017959594727,26.605240795250975,26.14796701607765,26.43179105368523,133546400
2015-12-03,25.949743270874023,26.307904693128734,25.72899120307998,26.253843207752347,166278000
2015-12-04,26.812471389770508,26.862028446783963,25.929460049514326,25.970006576290523,231108000
2015-12-07,26.643537521362305,26.99944586177476,26.53766590073221,26.801219280086283,128336800
2015-12-08,26.63227081298828,26.71561522541016,26.323666540590864,26.4723360202465,137238000
2015-12-09,26.04434585571289,26.51063012048139,25.922706258132,26.499366526441563,185445600
2015-12-10,26.168237686157227,26.341687416196915,26.019568207563573,26.138954746675367,116850800
2015-12-11,25.494714736938477,25.992534988534192,25.420379142993248,25.94748405082484,187544800
2015-12-14,25.337032318115234,25.38208325152476,24.731087467834275,25.269454199417993,257274800
2015-12-15,24.888774871826172,25.409122416293304,24.85723886532313,25.215400251441203,213292400
2015-12-16,25.080236434936523,25.22665454602249,24.50808236403071,25.019417503128814,224954000
2015-12-17,24.548633575439453,25.285226958728675,24.548633575439453,25.233416828828133,179091200
2015-12-18,23.884122848510742,24.670273359488462,23.834565777468676,24.53286746057647,385813200
2015-12-21,24.176952362060547,24.185962892319047,23.78049762360123,24.165688769591696,190362400
2015-12-22,24.154436111450195,24.264812141708923,23.978733282247216,24.192729590721896,131157600
2015-12-23,24.465290069580078,24.519351549372036,24.147675223812477,24.163443227026107,130629600
2015-12-24,24.33464241027832,24.553143133318848,24.316621342307553,24.553143133318848,54281600
2015-12-28,24.06207847595215,24.258053709263866,23.917913379694166,24.235526516624457,106816800
2015-12-29,24.49456787109375,24.649996526273785,24.071083217553404,24.09360868618946,123724800
2015-12-30,24.174701690673828,24.48555728171179,24.143165690941707,24.458527406846024,100855200
2015-12-31,23.710674285888672,24.10938047094601,23.611560146030712,24.104876063944907,163649200
2016-01-04,23.73094940185547,23.735455527953878,22.97633482722698,23.11374245730787,270597600
2016-01-05,23.13626480102539,23.843575267401853,23.068688385946427,23.821049795708866,223164000
2016-01-06,22.68349838256836,23.059680854996756,22.49653539645649,22.65196237437679,273829600
2016-01-07,21.72614860534668,22.555098693762698,21.72164419837296,22.2284750527924,324377600
2016-01-08,21.84103012084961,22.325335489351968,21.795979178070308,22.19919147470328,283192000
2016-01-11,22.194690704345703,22.31407727824107,21.92663288995773,22.293804864674108,198957600
2016-01-12,22.51680564880371,22.6812448631054,22.26451588888082,22.64970885793796,196616800
2016-01-13,21.93788719177246,22.793868697063594,21.91761478679566,22.597893522706244,249758400
2016-01-14,22.41769027709961,22.633939612925026,21.56621474715147,22.066288113904072,252680400
2016-01-15,21.87932777404785,22.00997793908476,21.480621526671204,21.669837584793374,319335600
2016-01-19,21.773452758789062,22.221715978686518,21.51215249001138,22.167654505988224,212350800
2016-01-20,21.802736282348633,22.118098032270122,21.043615707294155,21.42204946348329,289337600
2016-01-21,21.692363739013672,22.048270362500734,21.38601247224195,21.86355872093986,208646000
2016-01-22,22.845684051513672,22.85469458488389,22.158647638223634,22.217213527254792,263202000
2016-01-25,22.39967155456543,22.870460275096484,22.347861422573573,22.868207212335967,207178000
2016-01-26,22.523563385009766,22.72404301390903,22.09106812167091,22.51004844508774,300308000
2016-01-27,21.043615341186523,21.76669377517496,21.02559427725693,21.633792295506485,533478800
2016-01-28,21.194536209106445,21.291397271840964,20.81159808308614,21.12695980258804,222715200
2016-01-29,21.92662811279297,21.92662811279297,21.25310670655269,21.35222084528705,257666000
2016-02-01,21.721635818481445,21.784707803281385,21.489620280717663,21.73064634753611,163774000
2016-02-02,21.282392501831055,21.63379469450947,21.237339837011106,21.494134011442785,149428800
2016-02-03,21.703622817993164,21.81399883237092,21.192287564028874,21.39952465347622,183857200
2016-02-04,21.87801742553711,22.04334896193431,21.55868079757704,21.710422328082245,185886800
2016-02-05,21.29368782043457,21.950481368356943,21.218950596826904,21.85988885693516,185672400
2016-02-08,21.51791000366211,21.67418035345721,21.071743199945878,21.092125612911335,216085600
2016-02-09,21.51338005065918,21.72853754079699,21.273311297699493,21.35484440774409,177324800
2016-02-10,21.350313186645508,21.82139297982677,21.311811921371458,21.724006308427843,169374400
2016-02-11,21.221216201782227,21.45222721456371,20.9698227791187,21.241600339572877,200298800
2016-02-12,21.28690528869629,21.40241084692288,21.06495532902412,21.33220243305445,161405600
2016-02-16,21.887067794799805,21.934628475964203,21.427312815635442,21.520168889934943,196231600
2016-02-17,22.222259521484375,22.24264192996997,21.776092815831376,21.893861874423507,179452800
2016-02-18,21.80101203918457,22.396655094579923,21.762509043401412,22.38533037913035,156084000
2016-02-19,21.751184463500977,21.91425067774679,21.69682963472199,21.742125037386337,141496800
2016-02-22,21.941421508789062,21.945952084619837,21.72400052243862,21.812327744146348,137123200
2016-02-23,21.445432662963867,21.855361692028687,21.413725540710708,21.832713994406227,127770400
2016-02-24,21.764766693115234,21.82818093039428,21.13515144026135,21.28462933776913,145022800
2016-02-25,21.914243698120117,21.914243698120117,21.57225781482665,21.753442823594813,110330800
2016-02-26,21.948225021362305,22.19961677451011,21.87348604528401,22.013902842621285,115964400
2016-02-29,21.89840316772461,22.247183393966917,21.889343739105538,21.93690444342367,140865200
2016-03-01,22.76807975769043,22.822434582820552,22.06372540771771,22.11581667240276,201628400
2016-03-02,22.817907333374023,22.84961446091474,22.566513873652035,22.763552504434063,132678400
2016-03-03,22.98776626586914,23.03532695424258,22.7499610960932,22.779404661211583,147822800
2016-03-04,23.329753875732422,23.49734894099103,22.958326040343685,23.18480651206408,184220400
2016-03-07,23.071563720703125,23.288984742123198,22.865465684869566,23.18933279267324,143315600
2016-03-08,22.881324768066406,23.046656294282354,22.73864267430595,22.82470464274588,126247600
2016-03-09,22.90170669555664,23.005887508716018,22.70919690576823,22.944736811658146,108806800
2016-03-10,22.913026809692383,23.155360823111348,22.682017509985283,22.96738336201888,134054400
2016-03-11,23.15989875793457,23.164427608112955,22.987773076698392,23.15536817984692,109632800
2016-03-14,23.21877670288086,23.30710567463495,23.05118164121407,23.08062520776838,100304400
2016-03-15,23.685327529907227,23.821215463816046,23.51999602958046,23.54490901905311,160270800
2016-03-16,24.000133514404297,24.077136037852313,23.687589388175116,23.692119964794824,153214000
2016-03-17,23.961633682250977,24.11337517779888,23.771389194773242,23.89821770115253,137682800
2016-03-18,23.988805770874023,24.12016482971511,23.823476031219283,24.08392713296923,176820800
2016-03-21,23.98654556274414,24.38062106642876,23.81215464662429,23.991074411516013,142010800
2016-03-22,24.170001983642578,24.2990958141991,23.828015905957688,23.83707533433648,129777600
2016-03-23,24.03636932373047,24.249261497777155,23.98427978832034,24.1156388628559,102814000
2016-03-24,23.932191848754883,24.06355094153387,23.755537351249522,23.88689644402851,104532000
2016-03-28,23.8234806060791,24.04996107050679,23.79403703984186,24.006929229334705,77645600
2016-03-29,24.387422561645508,24.41233555717931,23.753276411909358,23.755541700933136,124760400
2016-03-30,24.813196182250977,25.00796949675472,24.595775169576513,24.607099882616183,182404400
2016-03-31,24.68410873413086,24.89020681454409,24.65919574137961,24.849440256215598,103553600
2016-04-01,24.91058921813965,24.91285450690936,24.505188923814494,24.636548025912735,103496000
2016-04-04,25.166507720947266,25.4088417284672,24.973997959984032,25.007970372383937,149424800
2016-04-05,24.86981773376465,25.078181061580132,24.781490496240938,24.80187463531264,106314800
2016-04-06,25.13027000427246,25.13480058080752,24.731663936712053,24.96494024682486,105616400
2016-04-07,24.582185745239258,25.007968325801674,24.48706438063093,24.901522248683936,127207600
2016-04-08,24.6093692779541,24.86076101588604,24.4983926009516,24.66598939678476,94326800
2016-04-11,24.690900802612305,25.051005658976695,24.64787068702946,24.679577815525835,117630000
2016-04-12,25.012502670288086,25.026090945019725,24.609367726100686,24.76337278081606,108929200
2016-04-13,25.37486457824707,25.44280766245234,25.094029362133583,25.094029362133583,133029200
2016-04-14,25.38845443725586,25.454133965630948,25.21406527619049,25.279744804565578,101895600
2016-04-15,24.87887191772461,25.43374994168036,24.851695375232772,25.39071811219049,187756000
2016-04-18,24.34212303161621,24.675047889615044,24.21982336365566,24.661459613589077,243286000
2016-04-19,24.213027954101562,24.459890837790415,24.059021164895416,24.43271255925679,129539600
2016-04-20,24.262849807739258,24.48027083078875,24.020515797140575,24.151874871871108,122444000
2016-04-21,24.000133514404297,24.217554538615328,23.89821627536529,24.217554538615328,126210000
2016-04-22,23.9344539642334,24.115639014935994,23.694385240774857,23.78271247781748,134732400
2016-04-25,23.798568725585938,23.927662527208124,23.66947492396375,23.78044987288941,112126400
2016-04-26,23.633230209350586,23.84838763351474,23.533580004892062,23.533580004892062,224064800
2016-04-27,22.15431785583496,22.355885320885914,21.66964982437439,21.742123500258902,458408400
2016-04-28,21.477140426635742,22.167904728247734,21.345781357430408,22.106755770050007,328970800
2016-04-29,21.23027801513672,21.45222962808324,20.951708014622803,21.286898130612904,274126000
2016-05-02,21.207630157470703,21.307282112901614,20.926794870603057,21.282369124043885,192640400
2016-05-03,21.556413650512695,21.683242175177742,21.21669290695213,21.334462004439807,227325200
2016-05-04,21.33220100402832,21.719482490822713,21.24840258851134,21.560945088053497,164102000
2016-05-05,21.24560546875,21.43472914791066,21.118004788077215,21.418779062826562,143562000
2016-05-06,21.12711524963379,21.293451570432005,20.92887702646137,21.27522414705489,174799600
2016-05-09,21.14307403564453,21.3663752751912,21.0975011123692,21.190924301261674,131745600
2016-05-10,21.28662109375,21.320800345595995,20.988125887048184,21.266114585699782,134747200
2016-05-11,21.07927131652832,21.32080169828695,21.067877652380467,21.300295188935703,114876400
2016-05-12,20.58481788635254,21.14079539282424,20.386581315893334,21.12712438477307,305258800
2016-05-13,20.625825881958008,20.887864460354056,20.507339794719382,20.507339794719382,177571200
2016-05-16,21.391437530517578,21.507646298698038,20.88331209704313,21.051927548030122,245039200
2016-05-17,21.30257225036621,21.57828188250692,21.19320072507569,21.54410436737179,187667600
2016-05-18,21.546382904052734,21.694491852089957,21.39371753322122,21.45524054073366,168249600
2016-05-19,21.464353561401367,21.56461224798511,21.32080277341668,21.56461224798511,121768400
2016-05-20,21.69676971435547,21.744619973939777,21.537267110645395,21.564610861163164,128104000
2016-05-23,21.972471237182617,22.145644783025954,21.79929769133928,21.844870592049848,152074400
2016-05-24,22.30743980407715,22.3507319160892,22.06590761250913,22.152495313392407,140560800
2016-05-25,22.699352264404297,22.72669427765415,22.35528411076761,22.482884808411256,152675200
2016-05-26,22.879358291625977,22.95227321448298,22.476046266425598,22.713020200318088,225324800
2016-05-27,22.86568832397461,22.893032075275944,22.615043354880893,22.658337193167394,145364800
2016-05-31,22.754037857055664,22.877082131035774,22.51706389291943,22.694793931414328,169228800
2016-06-01,22.435035705566406,22.681124268100326,22.40541461020609,22.56263640980064,116693200
2016-06-02,22.266422271728516,22.293764288884326,22.018054605843872,22.23907851614333,160766400
2016-06-03,22.311992645263672,22.3917430897742,22.204898446165547,22.28237154828242,114019600
2016-06-06,22.473770141601562,23.21659221106314,22.227683331115195,22.327940276709967,93170000
2016-06-07,22.56491470336914,22.756317491473023,22.54896461589625,22.615044046406567,89638000
2016-06-08,22.544410705566406,22.68568242794784,22.485166771880678,22.562638137260258,83392400
2016-06-09,22.70618438720703,22.783655731119804,22.4350312066546,22.444145789190607,106405600
2016-06-10,22.51934051513672,22.63782661505563,22.439590088419287,22.45098201313382,126851600
2016-06-13,22.179832458496094,22.585423637920215,22.12514669098972,22.48744402948881,152082000
2016-06-14,22.207176208496094,22.43959376261823,22.045396248257337,22.17527603258587,127727600
2016-06-15,22.13426399230957,22.423646430179,22.109199316953024,22.28920846795485,117780800
2016-06-16,22.22768211364746,22.273253292019113,21.890449483038555,21.977035417316305,125307200
2016-06-17,21.721843719482422,22.022618150721296,21.715008213522644,22.015782644761515,244032800
2016-06-20,21.66943359375,22.004387267208006,21.65348350160579,21.874507448768135,137647600
2016-06-21,21.85399055480957,21.95424748420919,21.573722796302224,21.632966712603476,142185600
2016-06-22,21.77196502685547,22.077295769638027,21.726392106599683,21.931465901677825,116876400
2016-06-23,21.897281646728516,21.940575476479815,21.703601560540676,21.86082505727644,128960800
2016-06-24,21.282068252563477,21.569171582580047,21.11117370300611,21.170417633612853,301245600
2016-06-27,20.972183227539062,21.20232175046967,20.849138920381,21.1909280830102,181958400
2016-06-28,21.32535743713379,21.341309261800948,20.994962048588413,21.16813565519468,161779600
2016-06-29,21.509929656982422,21.544108917765705,21.334476929561966,21.411950036566033,146124000
2016-06-30,21.783363342285156,21.82209903204211,21.487147096671798,21.51904728099278,143345600
2016-07-01,21.849435806274414,21.981594663880156,21.72183510978838,21.758291706600488,104106000
2016-07-05,21.64436149597168,21.737784673958213,21.52359630564104,21.735505593453183,110820800
2016-07-06,21.76740074157715,21.797023566016613,21.503084832172828,21.555491502686447,123796400
2016-07-07,21.860828399658203,21.988429089892936,21.787913471177067,21.806140899475583,100558400
2016-07-08,22.029441833496094,22.07729208796315,21.88589107009492,21.986148001080196,115648400
2016-07-11,22.097803115844727,22.250468481000865,22.04083827167341,22.04539469429832,95179600
2016-07-12,22.198062896728516,22.261863252206457,22.129706118043277,22.141098045276166,96670000
2016-07-13,22.072744369506836,22.255030876722028,22.06590712609078,22.195788674552603,103568800
2016-07-14,22.51022720336914,22.555798381658345,22.175273653813534,22.19122374005766,155676000
2016-07-15,22.507946014404297,22.626433848342835,22.444145675404556,22.539846183904167,120548000
2016-07-18,22.747201919555664,22.81555868928696,22.466934122213043,22.489719712123474,145975600
2016-07-19,22.756317138671875,22.78593823253969,22.63555020575895,22.685679548019195,95119600
2016-07-20,22.776823043823242,22.89075273196067,22.72669370289412,22.785937627485726,105104000
2016-07-21,22.656055450439453,23.01379456372455,22.58769694943307,22.747199538971667,130808000
2016-07-22,22.480607986450195,22.62643785525426,22.400855810148364,22.61732327115036,113254800
2016-07-25,22.179832458496094,22.52162154766204,22.084131930752637,22.387185340369452,161531600
2016-07-26,22.027164459228516,22.323382329932556,21.97019961781843,22.061343711760365,224959200
2016-07-27,23.458120346069336,23.777123796795603,23.41254916957799,23.758894630827488,369379200
2016-07-28,23.77484893798828,23.799913611037777,23.428503415240453,23.43078249599839,159479200
2016-07-29,23.74522590637207,23.822698999963638,23.62446071248406,23.740669483656855,110934800
2016-08-01,24.16448974609375,24.18727533810684,23.79080047410553,23.79080047410553,152671600
2016-08-02,23.806743621826172,24.169039122970915,23.697370378248692,24.164482701268355,135266400
2016-08-03,24.105249404907227,24.116641333395183,23.87283181185536,23.881946397703423,120810400
2016-08-04,24.254159927368164,24.28394149053734,24.1189936837763,24.18772251920903,109634800
2016-08-05,24.622997283935547,24.661942802371318,24.325174706593064,24.34579230534849,162213600
2016-08-08,24.826887130737305,24.826887130737305,24.54968393855186,24.63215606994949,112148800
2016-08-09,24.92768669128418,24.957469993000934,24.74441276709909,24.79481366430005,105260800
2016-08-10,24.742130279541016,24.948315048106586,24.687148257205855,24.904786667007475,96034000
2016-08-11,24.726093292236328,24.955187086568973,24.707765369206452,24.861257791926057,109938000
2016-08-12,24.783361434936523,24.842926298107884,24.691723587252874,24.691723587252874,74641600
2016-08-15,25.081178665161133,25.09492372764215,24.760447140449838,24.774192202930855,103472800
2016-08-16,25.058273315429688,25.2530043978627,25.019327798081715,25.115546751946088,135177600
2016-08-17,25.021617889404297,25.05598229904924,24.820014285005414,24.994126012119047,101424000
2016-08-18,24.989545822143555,25.108673799051683,24.975799009073988,25.023910233047655,87938800
2016-08-19,25.053691864013672,25.12929321865578,24.8245981211078,24.918525646819003,101472400
2016-08-22,24.858964920043945,24.994129402375847,24.707762196235322,24.93914738819395,103280800
2016-08-23,24.936851501464844,25.044525831372784,24.863541579717417,24.877286643843057,85030800
2016-08-24,24.748994827270508,24.913942588893782,24.66881237310542,24.872705648487965,94700400
2016-08-25,24.643613815307617,24.71463231618468,24.439720524273138,24.60237687173623,100344800
2016-08-26,24.499282836914062,24.73066623435003,24.35495267551242,24.606957164357713,111065200
2016-08-29,24.471790313720703,24.613829044778868,24.350370925679744,24.4259722703323,99881200
2016-08-30,24.283939361572266,24.398486245353265,24.169392477791263,24.23812130719856,99455600
2016-08-31,24.306842803955078,24.41451712962516,24.201459904831218,24.20604275792366,118649600
2016-09-01,24.45117950439453,24.467215998815654,24.19688527296902,24.316013267547813,106806000
2016-09-02,24.68027114868164,24.742125693863773,24.471794991368803,24.673396867797713,107210000
2016-09-06,24.673398971557617,24.810856635409966,24.629872342661386,24.719218775457332,107521600
2016-09-07,24.824596405029297,24.9162342454262,24.52906528736866,24.703177009338134,169457200
2016-09-08,24.173967361450195,24.57488135148412,24.109821402700174,24.57030024636467,212008000
2016-09-09,23.626440048217773,24.219793825851863,23.626440048217773,23.97237213291147,186228000
2016-09-12,24.155641555786133,24.21978751549921,23.488978014811718,23.516469889480028,181171200
2016-09-13,24.73066520690918,24.923104831500968,24.568008883132496,24.629865163405185,248704800
2016-09-14,25.605812072753906,25.89447073680145,24.87958517982304,24.909368491067717,443554800
2016-09-15,26.47636604309082,26.513021884030763,25.999850597951735,26.08461591924033,359934400
2016-09-16,26.327457427978516,26.60466069887933,26.125855525827074,26.373277233817625,319547600
2016-09-19,26.02047348022461,26.616116993641025,25.94487210890084,26.38931462751665,188092000
2016-09-20,26.018178939819336,26.144181210282788,25.775340107122563,25.899050950528483,138057200
2016-09-21,26.013601303100586,26.114401385068778,25.759307049046516,26.082328393372492,144012800
2016-09-22,26.258724212646484,26.33203413703288,26.11668546946502,26.196867926161627,124296000
2016-09-23,25.821155548095703,26.297670952729277,25.555407715257417,26.212905638646035,209924800
2016-09-26,25.860107421875,25.976945748852422,25.555413997333293,25.576031600292673,119477600
2016-09-27,25.908212661743164,25.92883200916853,25.736392340534106,25.88759506216449,98429600
2016-09-28,26.10523223876953,26.26330748633983,25.98610425724975,26.045669121932946,118564400
2016-09-29,25.69973373413086,26.070866191988394,25.612678749231804,25.924246350133995,143548000
2016-09-30,25.899049758911133,25.972359690758676,25.61268256453063,25.76388353428328,145516400
2016-10-03,25.777631759643555,25.899052933133607,25.722649740980888,25.82116013783521,86807200
2016-10-04,25.887596130371094,26.18770841115558,25.80283080585212,25.90134119732404,118947200
2016-10-05,25.899049758911133,26.03879708959655,25.816575867101815,25.979232223768342,85812400
2016-10-06,26.09148597717285,26.1945774613045,25.91737424491938,26.04795760714785,115117200
2016-10-07,26.13042640686035,26.244973254862153,26.00442592276608,26.187699830861252,97433600
2016-10-10,26.586326599121094,26.74669150213669,26.281631535545106,26.35035860204621,144944000
2016-10-11,26.643604278564453,27.19113821057531,26.620693504896412,26.96433413575745,256164000
2016-10-12,26.88185691833496,27.02847851071256,26.746692459220384,26.884148344987565,150347200
2016-10-13,26.79939079284668,26.904773720487054,26.510732144533684,26.7558624159214,140769600
2016-10-14,26.94829559326172,27.072006420704078,26.833748725020254,27.00556902738245,142608800
2016-10-17,26.92997169494629,26.99640734602698,26.753568524176224,26.879570789011986,94499600
2016-10-18,26.911638259887695,27.081167115049958,26.9070554069165,27.07429458343945,98214000
2016-10-19,26.831464767456055,26.97808465024159,26.070873470063514,26.861246330324505,80138400
2016-10-20,26.817716598510742,26.891026536204105,26.65047912245094,26.771898542894935,96503200
2016-10-21,26.71233367919922,26.783353937622838,26.639023741486966,26.760443161962247,92770800
2016-10-24,26.952880859375,26.97349845853765,26.803969567762543,26.826878593892154,94154800
2016-10-25,27.090335845947266,27.115536298189827,26.874987162364132,27.021607022040897,192516000
2016-10-26,26.480941772460938,26.50614222102865,25.95860838005083,26.187702095869042,264536800
2016-10-27,26.226648330688477,26.542797016934276,26.139591603459056,26.435122695053426,138248000
2016-10-28,26.052541732788086,26.393890933552548,25.990685441011692,26.086906145125347,151446800
2016-10-31,26.011308670043945,26.169383941681954,25.93341587392997,26.036509126329623,105677600
2016-11-01,25.541662216186523,26.063995697126007,25.32173242146709,25.99297719249639,175303200
2016-11-02,25.564563751220703,25.73867544313166,25.482091631732487,25.521037139127557,113326800
2016-11-03,25.290546417236328,25.665885764502722,25.226071118988862,25.555357183741382,107730400
2016-11-04,25.062580108642578,25.387261576155574,24.89448403168557,24.99119698748168,123348000
2016-11-07,25.424104690551758,25.4471313329811,25.205347195422462,25.348115189396733,130240000
2016-11-08,25.573781967163086,25.725760988623172,25.26061467156694,25.401079491951407,97016800
2016-11-09,25.532339096069336,25.633658466698527,24.88067627692664,25.302069076872684,236705600
2016-11-10,24.820798873901367,25.580688677849547,24.369469969035215,25.580688677849547,228538000
2016-11-11,24.968172073364258,25.069491418921867,24.535265176853336,24.666518985043695,136575600
2016-11-14,24.34183692932129,24.82540348737254,23.96649753208758,24.802376843050165,204702000
2016-11-15,24.66421127319336,24.79546505732826,24.445455551908545,24.539865305567652,129058000
2016-11-16,25.327396392822266,25.382662456827013,24.546781246166884,24.569807894425203,235362000
2016-11-17,25.318187713623047,25.41029607195893,25.060286418467552,25.28595005172861,110528000
2016-11-18,25.343509674072266,25.454040021063754,25.251403101203,25.265218735769338,113715600
2016-11-21,25.728063583374023,25.787932508481216,25.331998968318366,25.35732880464079,117058400
2016-11-22,25.744182586669922,25.886948839478784,25.652074250032346,25.778721675691163,103862000
2016-11-23,25.612930297851562,25.67740561027784,25.405686967323877,25.642864762386477,109705600
2016-11-25,25.74187660217285,25.760298618865686,25.54844894053852,25.58989759968729,45903600
2016-11-28,25.691221237182617,25.89846456763348,25.649772571092445,25.658983580981428,108776000
2016-11-29,25.665884017944336,25.797137796679205,25.345808982839657,25.509300408504494,114115200
2016-11-30,25.449438095092773,25.83629174207929,25.391870598557997,25.698130101759943,144649200
2016-12-01,25.212255477905273,25.54614794816539,25.106331515318686,25.414894151392858,148347600
2016-12-02,25.306669235229492,25.350419333475468,25.06488507182746,25.13857138956954,106112000
2016-12-05,25.124752044677734,25.336599957307254,24.926719765578795,25.32969214054196,137298000
2016-12-06,25.318187713623047,25.41259926404305,25.143183765287763,25.214566908508186,104782000
2016-12-07,25.566879272460938,25.603723317829555,25.13627547234508,25.159302122290075,119994800
2016-12-08,25.817869186401367,25.889252313584898,25.467857854722514,25.527728537713447,108273200
2016-12-09,26.239259719848633,26.41196217984804,25.861617147862216,25.861617147862216,137610400
2016-12-12,26.08959197998047,26.481050281412198,25.903072083360275,26.087288788046205,105497600
2016-12-13,26.524799346923828,26.69289544716425,26.19321001618473,26.213933470945666,174935200
2016-12-14,26.524799346923828,26.757370759958963,26.476442862327794,26.490258498835086,136127200
2016-12-15,26.669862747192383,26.87940922303289,26.534004334186427,26.568543417614983,186098000
2016-12-16,26.704404830932617,26.82644761625008,26.63071852148697,26.819539799242705,177404400
2016-12-19,26.858684539794922,27.029083796371665,26.653744442296098,26.665258641543506,111117600
2016-12-20,26.930076599121094,27.056725805620374,26.867904470271,26.88172010849975,85700000
2016-12-21,26.955402374267578,27.03369507833526,26.89092706316505,26.895533446426928,95132800
2016-12-22,26.77809715270996,26.828756831231956,26.628421308936957,26.791912789826654,104343600
2016-12-23,26.83106231689453,26.83106231689453,26.616911125152395,26.616911125152395,56998000
2016-12-27,27.001462936401367,27.12580895755609,26.824154037843016,26.83106185732592,73187600
2016-12-28,26.88632583618164,27.176464772827636,26.75737344085162,27.06132977220982,83623600
2016-12-29,26.879417419433594,26.966919385501626,26.80342789907889,26.81494034479222,60158000
2016-12-30,26.669862747192383,26.98763461247589,26.58005761663791,26.860987207324253,122345200
2017-01-03,26.7458553314209,26.787303993139343,26.425780238025247,26.665261199418453,115127600
2017-01-04,26.715919494628906,26.82875303786345,26.653747379573833,26.67677402378607,84472400
2017-01-05,26.851781845092773,26.909349338670825,26.66756516291481,26.692895000634792,88774400
2017-01-06,27.1511287689209,27.20869625243724,26.819539501684314,26.890922619062124,127007600
2017-01-09,27.399826049804688,27.50114540918331,27.158043610588383,27.160345045613802,134247600
2017-01-10,27.427448272705078,27.489620373482182,27.240930213553824,27.34915559217916,97848400
2017-01-11,27.574825286865234,27.616273946295752,27.310014504771377,27.342252155792867,110354400
2017-01-12,27.459693908691406,27.471208109913796,27.22021292919338,27.379099770596024,108344800
2017-01-13,27.411340713500977,27.54489773368931,27.35837784107434,27.427459543053317,104447600
2017-01-17,27.63239288330078,27.687657177157718,27.222512669956387,27.250143938474743,137759200
2017-01-18,27.63009262084961,27.747530794962067,27.565617311711918,27.63239581241036,94852000
2017-01-19,27.581735610961914,27.65311873659486,27.48732584062354,27.49423365835313,102389200
2017-01-20,27.63239288330078,27.736013653885067,27.570220772314254,27.736013653885067,130391600
2017-01-23,27.650815963745117,27.81891204309813,27.579431084746446,27.632393946144152,88200800
2017-01-24,27.625484466552734,27.655418925737962,27.517257315684336,27.528771515197217,92844000
2017-01-25,28.065303802490234,28.11596347786842,27.69687219540411,27.729109851222866,129510400
2017-01-26,28.079111099243164,28.19424604486011,28.00081842267732,28.0169372447909,105350400
2017-01-27,28.0814266204834,28.173534974547707,28.000832469484905,28.12517848394861,82251600
2017-01-30,28.007732391357422,28.007732391357422,27.784372023519055,27.8465441348101,121510000
2017-01-31,27.943262100219727,27.952473110362984,27.775165996361807,27.897208806323995,196804000
2017-02-01,29.647254943847656,30.047925906640124,29.246585737875417,29.251190363700744,447940000
2017-02-02,29.596595764160156,29.794628057502138,29.42389330532612,29.46994834844069,134841600
2017-02-03,29.723247528076172,29.748577364792464,29.51139958174031,29.545938671062146,98029200
2017-02-06,30.001873016357422,30.050231256335138,29.68179789677811,29.734762520001542,107383600
2017-02-07,30.287403106689453,30.416353703156428,30.038711164800187,30.0594346148809,152735200
2017-02-08,30.40484619140625,30.446296614324577,30.216026637519,30.245962858868847,92016400
2017-02-09,30.624555587768555,30.63149335620871,30.323906016153,30.446477963762593,113399600
2017-02-10,30.555164337158203,30.744806022559064,30.538977392406924,30.633798235107353,80262000
2017-02-13,30.825746536254883,30.948321967432385,30.70086322161718,30.777182175124473,92141600
2017-02-14,31.225852966308594,31.242039915462477,30.81650700709745,30.867386325366628,132904800
2017-02-15,31.339160919189453,31.514927056822025,31.13333230712523,31.341475860289016,142492400
2017-02-16,31.302162170410156,31.42935689749489,31.184213092669612,31.37616618277543,90338400
2017-02-17,31.387737274169922,31.413176931012384,31.24435204226218,31.24435204226218,88792800
2017-02-21,31.6143798828125,31.625944005042655,31.447866403547273,31.505683485823404,98028800
2017-02-22,31.709196090698242,31.711507503255167,31.47792779553711,31.55193181497412,83347600
2017-02-23,31.575061798095703,31.794765984845448,31.521871075358764,31.77164127137798,83152800
2017-02-24,31.605138778686523,31.605138778686523,31.285987273726867,31.43168748753463,87106400
2017-02-27,31.66756820678711,31.785517304157608,31.51724521582886,31.7161361049175,81029600
2017-02-28,31.681447982788086,31.785518019553354,31.61437819475917,31.702261284366248,93931600
2017-03-01,32.32898712158203,32.41224383275445,31.822512618229407,31.889578858039172,145658400
2017-03-02,32.137046813964844,32.442319156734115,32.09079032756467,32.377564310423224,104844000
2017-03-03,32.32668685913086,32.338250981396506,32.051476982031915,32.095418529316575,84432400
2017-03-06,32.22492980957031,32.324377031281756,32.053793495595706,32.23186757749497,87000000
2017-03-07,32.26655578613281,32.3729372331792,32.09772737806563,32.160170810212044,69785200
2017-03-08,32.14629364013672,32.33130898556702,32.104667040073856,32.13472951938341,74828800
2017-03-09,32.072288513183594,32.09772816921292,31.695323556043782,32.08616757646052,88623600
2017-03-10,32.17866516113281,32.229544460019554,32.063031032549056,32.20410481057618,78451200
2017-03-13,32.19254684448242,32.245737565712,32.104667289597515,32.111605056328585,69686800
2017-03-14,32.14399337768555,32.29662782640295,32.109301003391494,32.215686010801,61236400
2017-03-15,32.483943939208984,32.55101018724552,32.153228466057726,32.24111154109597,102767200
2017-03-16,32.53712844848633,32.61344738927058,32.43768127272265,32.54406621320551,76928000
2017-03-17,32.37526321411133,32.60884301781536,32.35213496354137,32.60884301781536,175540000
2017-03-20,32.715213775634766,32.72446295450743,32.43075123884514,32.47006642458355,86168000
2017-03-21,32.340553283691406,33.02510889980142,32.315113633423415,32.865533232563436,158119600
2017-03-22,32.705970764160156,32.74760090361427,32.322064442958755,32.34288127712336,103440800
2017-03-23,32.590328216552734,32.742966140564654,32.51863560860373,32.66895859115008,81385200
2017-03-24,32.525577545166016,32.77997411780058,32.4585112826758,32.72446844862359,89582400
2017-03-27,32.581092834472656,32.65972324236773,32.05842399980096,32.23650165322565,94300400
2017-03-28,33.25638961791992,33.31189176374392,32.520954425876965,32.58802422391429,133499200
2017-03-29,33.33039093017578,33.41596261278299,33.11531307494282,33.22863229931837,116760000
2017-03-30,33.286441802978516,33.41826641626547,33.18699813656813,33.346573814179116,84829200
2017-03-31,33.223995208740234,33.365068972063504,33.07366873992546,33.2378707381043,78646800
2017-04-03,33.233253479003906,33.33038574000391,33.082930497929304,33.23556842044681,79942800
2017-04-04,33.480716705322266,33.50846777533685,33.11068597037959,33.129187860014184,79565600
2017-04-05,33.30725860595703,33.640285493099675,33.25869071455128,33.3535115560882,110871600
2017-04-06,33.223995208740234,33.422886030329224,33.175427327092834,33.36969179593607,84596000
2017-04-07,33.14999008178711,33.344254564703455,33.13380313931413,33.24018455806066,66688800
2017-04-10,33.11067199707031,33.27487399273446,33.04822858701514,33.21011917077841,75733600
2017-04-11,32.7545280456543,33.15230977466501,32.39143514753885,33.05748893171937,121517600
2017-04-12,32.79384231567383,32.87478409512995,32.61113840105722,32.7475893661455,81400000
2017-04-13,32.620391845703125,32.927979083886925,32.620391845703125,32.81928270915754,71291600
2017-04-17,32.800777435302734,32.81234155397029,32.57875835505578,32.71983213350341,66328400
2017-04-18,32.65508270263672,32.849347224425514,32.63426940291809,32.70365059752099,58790000
2017-04-19,32.53483200073242,32.840107937390805,32.481641264693536,32.81235686274012,69313600
2017-04-20,32.94186019897461,33.052868004939796,32.645837030484415,32.65971256512075,93278400
2017-04-21,32.90255355834961,32.99737091262982,32.80542126177874,32.941868759661006,69283600
2017-04-24,33.219390869140625,33.29108350427821,33.11300585873047,33.18701343621154,68537200
2017-04-25,33.42521667480469,33.510784841033605,33.27257870622726,33.281831417042675,75486000
2017-04-26,33.22863006591797,33.44140002279601,33.15925239397346,33.41133401237041,80164800
2017-04-27,33.25407409667969,33.339645784792786,33.14306627809032,33.28414011106064,56985200
2017-04-28,33.221702575683594,33.372029145439846,33.13382298774397,33.32346123118,83441600
2017-05-01,33.8993034362793,34.04268863442368,33.52464996816074,33.55702738480217,134411600
2017-05-02,34.114383697509766,34.248519727248016,33.95943436890024,34.12132146380019,181408800
2017-05-03,34.01031494140625,34.10976214339748,33.36507795023889,33.670350265013234,182788000
2017-05-04,33.88774108886719,34.02881488208259,33.721227643469526,33.88542967644114,93487600
2017-05-05,34.44971466064453,34.454337484129404,33.940921767477285,33.940921767477285,109310800
2017-05-08,35.3863525390625,35.54592819111786,34.465905921358925,34.465905921358925,195009600
2017-05-09,35.613014221191406,35.81884291000075,35.488127336953184,35.5852596197635,156521600
2017-05-10,35.44418716430664,35.60145148226307,35.178229964999915,35.52975885613039,103222800
2017-05-11,35.7507209777832,35.77859014018026,35.36987549713816,35.402386567067346,109020400
2017-05-12,36.2500114440918,36.32432096094186,35.9179307140056,35.92489712047774,130108000
2017-05-15,36.157108306884766,36.377719374463794,36.0061648247098,36.229096845874075,104038800
2017-05-16,36.103694915771484,36.24070557774728,35.92952773898997,36.21283996336312,80194000
2017-05-17,34.89149475097656,35.894699495583275,34.76609592962105,35.669442973116695,203070800
2017-05-18,35.42326736450195,35.60904632898425,35.095835881677814,35.12834693470429,134272800
2017-05-19,35.544036865234375,35.757681510174486,35.44418271807944,35.61834989483456,107843200
2017-05-22,35.76000213623047,35.89701278335505,35.50920100363772,35.76232308936414,91865600
2017-05-23,35.715885162353516,35.971328243695154,35.60209465796139,35.971328243695154,79675600
2017-05-24,35.60905838012695,35.80180381095709,35.453469463455924,35.72516982929401,76712000
2017-05-25,35.73212814331055,35.8435976605521,35.53706180329695,35.69961708664162,76942400
2017-05-26,35.67176818847656,35.818069783737286,35.60210059342664,35.762334999009134,87710400
2017-05-30,35.68567657470703,35.86216462372545,35.606721674628155,35.62762087580692,80507600
2017-05-31,35.47438430786133,35.80181958924268,35.38614197714428,35.755375697795536,97804800
2017-06-01,35.571903228759766,35.6067387909086,35.34897122214482,35.569582275325985,65616400
2017-06-02,36.09904861450195,36.09904861450195,35.504558565386986,35.6647929311988,111082800
2017-06-05,35.746063232421875,35.86682011210074,35.63692174790094,35.841275455696355,101326800
2017-06-06,35.8668212890625,36.1826445315896,35.71123239256279,35.739098002849374,106499600
2017-06-07,36.08047103881836,36.22212715034009,35.87379279841193,35.999195149432616,84278400
2017-06-08,35.99222946166992,36.119949225164746,35.855215254172016,36.05260614156639,85003200
2017-06-09,34.5965690612793,36.03867492991036,33.90919121369438,36.03867492991036,259530800
2017-06-12,33.76985549926758,33.925444425377805,33.09408597369239,33.84416853209419,289229200
2017-06-13,34.04154968261719,34.2412614926706,33.70714818267288,34.17391841944506,136661600
2017-06-14,33.70947265625,34.252873321570036,33.4029367670296,34.252873321570036,126124800
2017-06-15,33.50743865966797,33.551561574955535,33.024418175046314,33.28218572022731,128661600
2017-06-16,33.03834915161133,33.55620516651621,33.02209184964148,33.38900441439125,201444400
2017-06-19,33.98350143432617,34.07639272886052,33.3611457064286,33.3611457064286,130165600
2017-06-20,33.67464828491211,34.10658310827601,33.65839452120365,34.10658310827601,99600400
2017-06-21,33.874359130859375,33.9208065536216,33.58175950203796,33.79308322790719,85063200
2017-06-22,33.8186149597168,34.067091567953106,33.70017903778404,33.85112601715256,76425200
2017-06-23,33.96957015991211,34.17392747367492,33.6978697550815,33.70251520587812,141757600
2017-06-26,33.862735748291016,34.43400194224442,33.760557133193196,34.17623445177102,102769600
2017-06-27,33.37740707397461,33.94171074360591,33.35186240508691,33.67465219733612,99047600
2017-06-28,33.865074157714844,33.93009630203288,33.245039289327146,33.55389624655837,88329600
2017-06-29,33.365779876708984,33.7025058690851,33.04066927982692,33.60497269002048,125997600
2017-06-30,33.44474792480469,33.66303804957136,33.38901314504274,33.54460208550732,92096400
2017-07-03,33.323978424072266,33.74198025584956,33.23109070298372,33.64444708567476,57111200
2017-07-05,33.46099090576172,33.62354619838777,33.14284672280504,33.368103179529584,86278400
2017-07-06,33.145164489746094,33.32397706616657,33.07085502459115,33.212511096714515,96515200
2017-07-07,33.481895446777344,33.614264198357915,33.184650423351705,33.184650423351705,76806800
2017-07-10,33.68624496459961,33.89292315267783,33.29378779384179,33.465633972922305,84362400
2017-07-11,33.795387268066406,33.8697002725418,33.528332438041005,33.609608300317,79127200
2017-07-12,33.84415817260742,33.9463332463082,33.63051358378686,33.874344732442935,99538000
2017-07-13,34.315582275390625,34.48278306318964,33.774502440352215,33.788435248762035,100797600
2017-07-14,34.610496520996094,34.677843140609845,34.213397380007194,34.36201988166245,80528400
2017-07-17,34.731239318847656,35.04241700176669,34.50134102843127,34.55939672495072,95174000
2017-07-18,34.852012634277344,34.863624487757846,34.524577500704176,34.64765535202909,71475200
2017-07-19,35.0703010559082,35.16318879245551,34.821820868312145,34.94489871378533,83692000
2017-07-20,34.91238021850586,35.23749431408188,34.877548210576656,35.18175955795589,68974800
2017-07-21,34.89613342285156,34.93561088752508,34.573343759048086,34.83111129945517,105010400
2017-07-24,35.318782806396484,35.400062245206634,34.81021404818792,34.96812747527722,85972800
2017-07-25,35.4697265625,35.72516962312926,35.25143647237522,35.25143647237522,75415600
2017-07-26,35.63693618774414,35.74607771648847,35.544044879798534,35.61139152098924,63124000
2017-07-27,34.963478088378906,35.76000445134357,34.20643273532199,35.704269681568036,129905200
2017-07-28,34.71732711791992,34.8868488601785,34.64533857847206,34.80789391648992,68854800
2017-07-31,34.53851318359375,34.91007126526908,34.39918156054586,34.81021356914964,79383600
2017-08-01,34.84504699707031,34.88452446501993,34.4642015812408,34.62443594985058,141474400
2017-08-02,36.491493225097656,37.09759491760167,36.26391585720267,36.98844991042531,279747200
2017-08-03,36.126922607421875,36.50776806757906,35.99919928834219,36.47061154867575,108389200
2017-08-04,36.31733703613281,36.55188087558903,36.1547817244582,36.24302755512729,82239600
2017-08-07,36.87932205200195,36.904866715420106,36.38236513559111,36.47293193435718,87481200
2017-08-08,37.17424392700195,37.58063402025614,36.75392102607237,36.830555011727434,144823600
2017-08-09,37.40182113647461,37.450589506452154,36.94898717285623,36.983819191811335,104526000
2017-08-10,36.21050262451172,37.301571894907305,36.04963902653811,37.278256989530945,163217200
2017-08-11,36.71408462524414,36.968204380696974,36.385367105784226,36.508928323477214,105028400
2017-08-14,37.26660919189453,37.35053788468499,37.01015942021377,37.14304799936353,88490800
2017-08-15,37.67457962036133,37.81445834559268,37.334201296658684,37.4554323710759,117862000
2017-08-16,37.52305221557617,37.88674200095783,37.33654362997252,37.75385699046317,110686400
2017-08-17,36.80266189575195,37.46709753887228,36.797998203410614,37.42280135501694,111762400
2017-08-18,36.718746185302734,37.18501597813198,36.536901250687826,36.80267489030625,109712400
2017-08-21,36.651123046875,36.80965300150056,36.161538549628425,36.718730572852444,105474000
2017-08-22,37.25027847290039,37.3015684140581,36.83996250099347,36.88891881741825,86418400
2017-08-23,37.29692077636719,37.41115815945632,37.04047451754638,37.084770718282094,77596400
2017-08-24,37.13138198852539,37.47409044200262,36.963524641624105,37.40181566310647,79275600
2017-08-25,37.26893615722656,37.4321298359122,37.13138745357405,37.21997627494317,101920400
2017-08-28,37.64427185058594,37.76783299493163,37.28524231024411,37.33420217751046,103864000
2017-08-29,37.97999572753906,38.028952049357265,37.301572523502614,37.324887429271875,118067600
2017-08-30,38.082576751708984,38.20846799747685,37.91005569301831,38.18748671607475,109078400
2017-08-31,38.23411178588867,38.355342892488736,38.1128806792886,38.15018310552788,107140400
2017-09-01,38.245765686035156,38.453255521353654,38.14784949426905,38.42061679076495,66364400
2017-09-05,37.786495208740234,38.29239738351499,37.43212925668109,38.17582996377826,117874000
2017-09-06,37.746864318847656,37.99865038307383,37.42280702048679,37.93337290983247,86606800
2017-09-07,37.59531021118164,37.82378483784926,37.3854903495974,37.78881248934913,87714000
2017-09-08,36.982173919677734,37.5696710457614,36.95885901707796,37.50206351998956,114446000
2017-09-11,37.651283264160156,37.7795081601223,37.275935963628775,37.41814838326752,126323200
2017-09-12,37.5020637512207,38.224783048013585,37.01481287713145,37.910049647749496,286856000
2017-09-13,37.219966888427734,37.29224165973439,36.81431464047578,37.27125682555916,179629600
2017-09-14,36.90058517456055,37.16169507812137,36.856288982201704,37.066112489582196,95042800
2017-09-15,37.27359390258789,37.52770998723289,36.8352993291783,36.944872972530696,196458400
2017-09-18,36.991493225097656,37.418130277574946,36.8352933573635,37.32720786031613,113077600
2017-09-19,37.005489349365234,37.24795155668751,36.93788181613128,37.1873342261794,83242400
2017-09-20,36.385337829589844,36.89589988342806,35.8631147708083,36.81197124107662,211805600
2017-09-21,35.76054763793945,36.322403372403244,35.61134150486139,36.322403372403244,150046800
2017-09-22,35.41083526611328,35.49942760504056,35.10076563722159,35.32923668474828,186581600
2017-09-25,35.09844970703125,35.39686200772558,34.774392432494984,34.96789477014689,177549200
2017-09-26,35.7022705078125,35.88411540480355,35.36422568942429,35.38520697199507,146640000
2017-09-27,35.956398010253906,36.07063540263861,35.79553434495835,35.856151701363395,102016800
2017-09-28,35.73489761352539,35.9680323858252,35.59967901870899,35.87710996692245,88022000
2017-09-29,35.93075942993164,35.933093056274856,35.43651444575308,35.718609316775535,105199200
2017-10-02,35.858482360839844,36.00768857102728,35.60436614553504,35.96339236595721,74795200
2017-10-03,36.014671325683594,36.15688372921722,35.88178630844872,35.905097659484454,64921200
2017-10-04,35.78153610229492,35.87012848444186,35.54374111446189,35.816508464521334,80655200
2017-10-05,36.22682189941406,36.23847935264511,35.9144220740115,35.9447271835859,85135200
2017-10-06,36.20582962036133,36.25012579477102,36.0333086140694,36.12889472123199,69630400
2017-10-09,36.33173751831055,36.53922741163713,36.250142447704626,36.32474375675449,65051600
2017-10-10,36.34571075439453,36.83529521500408,36.15920577640464,36.383013172934284,62468000
2017-10-11,36.497249603271484,36.5974958486221,36.31074107248768,36.36203100738708,67622400
2017-10-12,36.36903381347656,36.6884273951515,36.30608641273993,36.45063242766684,64500400
2017-10-13,36.59983825683594,36.66744579232641,36.46461962849979,36.539220924304615,65576800
2017-10-16,37.27359390258789,37.30156894094005,36.75370072417806,36.81198442564828,96486000
2017-10-17,37.411155700683594,37.50440823278845,37.12206715938882,37.250292059050054,75989200
2017-10-18,37.24561309814453,37.46709399648098,37.208314235005155,37.399482914666294,65496800
2017-10-19,36.3643684387207,36.62081816515201,36.1405610023398,36.54388324722262,170336800
2017-10-20,36.42731857299805,36.77702083129883,36.359711034962906,36.511247257284445,95896400
2017-10-23,36.408668518066406,36.76303448048517,36.25246859793545,36.576525891982904,87937200
2017-10-24,36.62548065185547,36.70008194240806,36.41565718513173,36.43663846459762,71028800
2017-10-25,36.464622497558594,36.730396082480816,36.198848912636365,36.58118992177633,84828400
2017-10-26,36.69774627685547,36.79566245678126,36.550870228289575,36.655780166970466,68002000
2017-10-27,38.012638092041016,38.1408629713092,36.998500069249204,37.13604877730256,177816800
2017-10-30,38.86823654174805,39.1829699641332,38.168832098540996,38.20846459010681,178803200
2017-10-31,39.40910720825195,39.551319586418295,38.91952623556408,39.14333366383427,144187200
2017-11-01,38.90787124633789,39.618933182180236,38.609458951518015,39.60261203671337,134551200
2017-11-02,39.192298889160156,39.283221336309026,38.532526851703295,38.84026655427204,165573600
2017-11-03,40.215755462646484,40.62607145512483,39.894028280591726,40.5654576840608,237594400
2017-11-06,40.623748779296875,40.79626985390001,40.033917876444164,40.1854541103544,140105200
2017-11-07,40.754302978515625,40.85688288274763,40.47221179923316,40.54448303429965,97446000
2017-11-08,41.087684631347656,41.087684631347656,40.64239624240402,40.71933116489338,97638000
2017-11-09,41.00375747680664,41.05504742704472,40.36496672397675,40.82424265097337,117930400
2017-11-10,40.86805725097656,41.034179626513755,40.7744694933025,40.971005926504496,100582000
2017-11-13,40.704261779785156,40.828267119235015,40.57089552595637,40.59429424176089,67928400
2017-11-14,40.08892059326172,40.58962251595852,40.05148406797848,40.48667385650138,99130000
2017-11-15,39.56013488769531,39.85026254347845,39.396354586101126,39.76837060760995,116632400
2017-11-16,40.03276824951172,40.21292482835104,39.8455891985037,40.051482941483414,94550000
2017-11-17,39.81049346923828,40.10062119394135,39.69116855761888,40.01872923861939,87598000
2017-11-20,39.770721435546875,39.906426176309175,39.67245322399015,39.84325247954274,65049600
2017-11-21,40.51006317138672,40.64108740931225,39.95788704717005,39.95788704717005,100525200
2017-11-22,40.93589401245117,40.94525135618413,40.48900498367232,40.56153600056617,102355600
2017-11-24,40.9382438659668,41.06224923331061,40.86337081466449,40.96866148932631,56106800
2017-11-27,40.73234558105469,40.963980061627794,40.55686588762935,40.95696115950226,82867200
2017-11-28,40.49369430541992,40.91484269830939,40.21058550605959,40.781479992599294,105715200
2017-11-29,39.653724670410156,40.45859198877118,39.110909418349486,40.39074142106722,166665600
2017-11-30,40.20824432373047,40.27609489391926,39.41039587728747,39.87599966375106,166108800
2017-12-01,40.02107620239258,40.16613829761256,39.424444430220944,39.76370451395961,159037200
2017-12-04,39.728607177734375,40.38840903284762,39.68883220509846,40.35565296302134,130169600
2017-12-05,39.69116973876953,40.13104001218324,39.40104200543269,39.5554650039899,109400800
2017-12-06,39.543758392333984,39.82218671349077,38.947130355732995,39.1904605999383,114240000
2017-12-07,39.616302490234375,39.878351057626205,39.52037272176273,39.548448333942154,102693200
2017-12-08,39.62799072265625,40.009367709349114,39.49930847795134,39.8900428102044,93420800
2017-12-11,40.40009307861328,40.45156739313269,39.49227724451726,39.5882069734073,141095200
2017-12-12,40.173152923583984,40.33459482276244,40.11700170310015,40.27844003213489,77636800
2017-12-13,40.306522369384766,40.60366545476763,40.24334867124888,40.36033514994437,95273600
2017-12-14,40.294803619384766,40.50771976499916,40.1614373841728,40.336917017782895,81906000
2017-12-15,40.704261779785156,40.75105564125142,40.350964020050625,40.62471185827822,160677200
2017-12-18,41.27750015258789,41.45999873588689,40.91250298598988,40.91718344380719,117684400
2017-12-19,40.837646484375,41.03652496552646,40.73235934676617,40.95229454141045,109745600
2017-12-20,40.79317092895508,41.04352004102671,40.53579934631823,40.914834249708285,93902400
2017-12-21,40.947601318359375,41.18391626326869,40.73468866472213,40.75106491339718,83799600
2017-12-22,40.947601318359375,41.043531076785065,40.82827640894882,40.870389822807745,65397600
2017-12-26,39.90876388549805,40.11933809181154,39.70052455306013,39.962576659085975,132742000
2017-12-27,39.915771484375,39.957884885654636,39.707535781048676,39.79878505396375,85992800
2017-12-28,40.0280876159668,40.20824776415976,39.88770243579035,40.00936935393371,65920800
2017-12-29,39.59524154663086,39.913444903186715,39.592903102369796,39.897068653071464,103999600
2018-01-02,40.304176330566406,40.313537247208004,39.60225752847971,39.81283531119191,102223600
2018-01-03,40.297149658203125,40.839968474154716,40.23397954869898,40.36734223890624,118071600
2018-01-04,40.48432922363281,40.587277867352185,40.262055690225814,40.36968122128297,89738400
2018-01-05,40.94526290893555,41.031831750925626,40.48901640769327,40.58026570794173,94640000
2018-01-08,40.79317092895508,41.0879754571315,40.69489918275364,40.79317092895508,82271200
2018-01-09,40.78850173950195,40.959300980537996,40.57324707008062,40.83997607024875,86336000
2018-01-10,40.77914047241211,40.78148248660823,40.477316963030724,40.51475348873273,95839600
2018-01-11,41.010772705078125,41.059908588629746,40.82593567106534,40.849330820735744,74670800
2018-01-12,41.43426513671875,41.49743882718429,41.09734354776063,41.22134891451,101672400
2018-01-16,41.22368240356445,41.97239490744549,41.211983045506045,41.62377403010491,118263600
2018-01-17,41.90456008911133,41.939654606330926,40.961649311607026,41.214336975876456,137547200
2018-01-18,41.941986083984375,42.13852605820033,41.70567471028857,41.96772324905173,124773600
2018-01-19,41.754817962646484,42.01686654763952,41.509145629143404,41.789912480227976,129700400
2018-01-22,41.4132080078125,41.59570660494731,41.31962026523079,41.48340059982055,108434400
2018-01-23,41.42255401611328,41.984091028334056,41.37108327088204,41.483389245269166,130756400
2018-01-24,40.76277542114258,41.48341267321643,40.52412196691456,41.47171330945283,204420400
2018-01-25,40.035118103027344,40.93357351974331,39.899413341625795,40.83062483384252,166116000
2018-01-26,40.12869644165039,40.24334446403802,39.78943640292996,40.24334446403802,156572000
2018-01-29,39.298099517822266,39.81283931036235,39.08986372842516,39.81283931036235,202561600
2018-01-30,39.06645965576172,39.16004739790291,38.53534011524448,38.7295380718238,184192800
2018-01-31,39.1740837097168,39.41039864035675,38.95649061096402,39.04305944765361,129915600
2018-02-01,39.2559814453125,39.452517867378766,39.01732803557838,39.11325780235259,188923200
2018-02-02,37.55265808105469,39.026688364620185,37.45907033009402,38.839509292555,346375200
2018-02-05,36.61443328857422,38.34349348511633,36.499785241985236,37.225102915236285,290954000
2018-02-06,38.144615173339844,38.30605710300419,36.031839420220294,36.22603742473362,272975200
2018-02-07,37.32804489135742,38.231180670017345,37.21808088344142,38.158649622816874,206434400
2018-02-08,36.30089569091797,37.66963864747033,36.272820084061365,37.503516309901045,217562000
2018-02-09,36.744911193847656,37.09260194445449,35.295412891463684,36.89996378245455,282690400
2018-02-12,38.22496032714844,38.50217236916736,37.003337488277786,37.23591642711591,243278000
2018-02-13,38.607887268066406,38.70420816084328,37.97593331088665,38.046412100350224,130196800
2018-02-14,39.319705963134766,39.359643097700136,38.264886694786455,38.30247226663081,162579600
2018-02-15,40.639991760253906,40.66348229136409,39.70263246077714,39.88822307075236,204588800
2018-02-16,40.50843811035156,41.06991676593039,40.35338910191299,40.491995093642714,160704400
2018-02-20,40.372188568115234,40.938359663897515,40.27116813864954,40.41917323044115,135722000
2018-02-21,40.188941955566406,40.905466051719024,40.17484333201391,40.60241196228296,149886400
2018-02-22,40.52488327026367,40.86552649965354,40.33929262849657,40.360435185527116,123967600
2018-02-23,41.22967529296875,41.26491289780053,40.769216943197904,40.79975859051905,135249600
2018-02-26,42.04486083984375,42.1435296918628,41.39646399027595,41.42935360761563,152648800
2018-02-27,41.90859603881836,42.39959224122291,41.85456387295106,42.075395661320265,155712400
2018-02-28,41.84517288208008,42.43249005630509,41.82872986524554,42.112989370138706,151128400
2018-03-01,41.11219787597656,42.235147908327306,40.562469918991304,41.943837330028686,195208000
2018-03-02,41.3964729309082,41.41761549275726,40.51314544352325,40.595371296980964,153816000
2018-03-05,41.539764404296875,41.75589666087064,40.999431970512966,41.16153205911804,113605600
2018-03-06,41.5045280456543,41.875712915688,41.37766911815642,41.79583864338566,95154000
2018-03-07,41.11924743652344,41.311889179650166,40.94070431594449,41.09810487975081,126814000
2018-03-08,41.567962646484375,41.610247764152966,41.12865052877318,41.22496782502932,95096400
2018-03-09,42.282142639160156,42.286842180896265,41.673682825885265,41.807592880114115,128740800
2018-03-12,42.69090270996094,42.84830325175137,42.33616449649583,42.35495548786584,128828400
2018-03-13,42.27978515625,43.109076643598875,42.10828956078416,42.895292351414525,126774000
2018-03-14,41.92035675048828,42.40900513429512,41.77235165588669,42.36202047107716,117473600
2018-03-15,41.969688415527344,42.343224903462456,41.833433970776106,41.93445081510891,90975200
2018-03-16,41.821678161621094,42.080095541605395,41.72770527232746,41.969679637122375,157618800
2018-03-19,41.182674407958984,41.69246520374782,40.79739454647945,41.65722761279198,133787200
2018-03-20,41.16858673095703,41.53507208120745,41.09810795174742,41.16858673095703,78597600
2018-03-21,40.235923767089844,41.133342496005184,40.2335722043143,41.12159543622554,148219600
2018-03-22,39.667396545410156,40.56716314673629,39.60866483810851,39.937560965118145,165963200
2018-03-23,38.74882507324219,39.918759476392545,38.74882507324219,39.55932177672166,164115200
2018-03-26,40.588314056396484,40.6658403493108,39.10122662256602,39.48415854628537,150164800
2018-03-27,39.547584533691406,41.147435786997505,39.21398884136804,40.8020930353932,163690400
2018-03-28,39.110618591308594,39.942261596856255,38.807564550618565,39.291513258456376,166674000
2018-03-29,39.416019439697266,40.34867915139924,39.20928270218189,39.423066957139966,153594000
2018-04-02,39.15761184692383,39.68854890632688,38.63842543352329,39.14821634870157,150347200
2018-04-03,39.55933380126953,39.64390761423454,38.734741813385234,39.38313865631738,121112000
2018-04-04,40.315792083740234,40.409761378700175,38.70889348091307,38.73473557473187,138422000
2018-04-05,40.595359802246094,40.93130347216911,40.42621218594805,40.54367560922729,107732800
2018-04-06,39.556983947753906,40.52018187700721,39.51469525092662,40.165443625813566,140021200
2018-04-09,39.949317932128906,40.66349409278615,39.902333271573795,39.90938079142207,116070800
2018-04-10,40.70107650756836,40.87727164396476,40.297002041323346,40.64234479543622,113634400
2018-04-11,40.51078796386719,40.858478709963855,40.336940798469165,40.461451746423364,89726400
2018-04-12,40.91016387939453,41.11220112545618,40.65174289558331,40.73866827270133,91557200
2018-04-13,41.048770904541016,41.30953987307731,40.84203769697408,41.06051796495608,100497200
2018-04-16,41.304832458496094,41.391754228995794,41.07225363171487,41.11923827564178,86313600
2018-04-17,41.87336349487305,42.03781157474124,41.44344692448237,41.462241502852926,106421600
2018-04-18,41.779396057128906,42.009626983699256,41.55386825663928,41.77234853740734,83018000
2018-04-19,40.595359802246094,41.20381947450477,40.56247018711588,40.82088756751069,139235200
2018-04-20,38.93207550048828,40.22417309688834,38.86394471070118,40.07851960585239,261964400
2018-04-23,38.819313049316406,39.213988427152856,38.54914502750533,39.19284587149001,146062000
2018-04-24,38.278987884521484,39.07538989520362,37.87491334848278,38.92033728806554,134768000
2018-04-25,38.44577407836914,38.8615955688351,38.1544671050226,38.20379973161242,113528400
2018-04-26,38.57967758178711,38.93441574273566,38.37998837722967,38.55618346900447,111852000
2018-04-27,38.1333122253418,38.605513707857135,37.73628543966028,38.52798744928934,142623200
2018-04-30,38.824012756347656,39.293866490425344,38.020563301238745,38.08869410011174,169709600
2018-05-01,39.72613525390625,39.74962579014744,38.82636490930883,39.0941813984154,214277600
2018-05-02,41.481040954589844,41.758252952550066,40.830292492766674,41.16623621077268,266157600
2018-05-03,41.55621337890625,41.699518911228594,40.98064327143764,41.318938533621505,136272800
2018-05-04,43.18659591674805,43.285264746794,41.85690931168847,41.875703886654165,224805200
2018-05-07,43.49906539916992,44.08873062408348,43.40274451042906,43.503761356157284,169805600
2018-05-08,43.7081413269043,43.748078461393405,43.149014274658285,43.45911943850207,113611200
2018-05-09,44.01590347290039,44.02529897149268,43.513160057763855,43.825613260281884,92844800
2018-05-10,44.6455078125,44.72303412194534,44.084032648365664,44.10517879435994,111957200
2018-05-11,44.475704193115234,44.82237867598851,44.20685496134849,44.6879558593665,104848800
2018-05-14,44.37192916870117,44.6973795056611,44.30353925656138,44.574745471679925,83115200
2018-05-15,43.96866989135742,44.1172457139255,43.65265478802756,44.048852183511606,94780800
2018-05-16,44.379005432128906,44.445041913162775,43.864891761356354,43.88140178124538,76732400
2018-05-17,44.0983772277832,44.551175778740514,43.949801410031135,44.336567063881525,69176000
2018-05-18,43.9379997253418,44.29174885556378,43.89555155700583,44.14553369993248,73190800
2018-05-21,44.24929428100586,44.6360597967801,44.07949443520042,44.33655123563415,73603200
2018-05-22,44.13846206665039,44.5440947186547,44.0488444625845,44.426178333735365,60962800
2018-05-23,44.42145919799805,44.45447564073993,43.80829257733751,43.94743664180622,80233600
2018-05-24,44.37192916870117,44.53465433718114,43.91441666990919,44.51814791639791,92936000
2018-05-25,44.473331451416016,44.72567057175854,44.25400516694792,44.390788566165575,69844000
2018-05-29,44.31298065185547,44.513439966610946,44.070073161376456,44.24223369231623,90056400
2018-05-30,44.2186393737793,44.33655574544271,44.048839510702216,44.270522865192966,74762000
2018-05-31,44.070068359375,44.39080106892208,43.8979114457168,44.152611267873816,109931200
2018-06-01,44.86482238769531,44.86953645162613,44.277597561320896,44.33419871518947,93770000
2018-06-04,45.239803314208984,45.61477657652399,45.12660458565633,45.19499450955699,105064800
2018-06-05,45.58882522583008,45.7374009997512,45.364784848273516,45.53222767273398,86264000
2018-06-06,45.74684143066406,45.77042614795653,45.26102648202931,45.664302117185684,83734400
2018-06-07,45.62419891357422,45.798712820715565,45.36006382412186,45.784563433490234,85388800
2018-06-08,45.209136962890625,45.279887506824466,44.7539814876387,45.08414589463377,106627200
2018-06-11,45.09830093383789,45.27281848426944,44.85775409225702,45.126603314070564,73234000
2018-06-12,45.34592056274414,45.42374580151868,45.079428405593966,45.1360295606633,67644400
2018-06-13,44.97330856323242,45.48742587356639,44.91199333844062,45.37894121591051,86553600
2018-06-14,44.996883392333984,45.17847559309577,44.86009998383357,45.17375793114149,86440400
2018-06-15,44.53466033935547,44.84596132945059,44.39787689811876,44.81530191719264,246876800
2018-06-18,44.511077880859375,44.62427660179374,44.147893403349705,44.308261556652305,73939600
2018-06-19,43.79179382324219,43.94272667342258,43.26352704834932,43.662085061714585,134314000
2018-06-20,43.982810974121094,44.147893191048695,43.80121873623951,43.94743749853748,82514800
2018-06-21,43.737545013427734,44.4191015421544,43.614910971313066,44.15968406816612,102847600
2018-06-22,43.610191345214844,43.900264617780905,43.558307852752996,43.893189923219936,108801600
2018-06-25,42.96165466308594,43.61019477128706,42.62205490339157,43.25172795844052,126652400
2018-06-26,43.4946403503418,43.989890655786986,43.04891651485026,43.15504415067627,98276800
2018-06-27,43.43096160888672,44.166758662861064,43.400302198797014,43.683300788900816,101141200
2018-06-28,43.746971130371094,43.9144139509313,43.34605621168392,43.41680674992798,69460800
2018-06-29,43.65500259399414,44.145535169386115,43.13617123876956,43.93328352507445,90950800
2018-07-02,44.1431770324707,44.17147941242454,43.25644709523927,43.35078236421446,70925200
2018-07-03,43.37437057495117,44.32477652433171,43.284752954401505,44.28704241057152,55819200
2018-07-05,43.7234001159668,43.96159354939329,43.45926852886405,43.69038366757895,66416800
2018-07-06,44.32948303222656,44.43796408383284,43.676225296429266,43.72810879016174,69940800
2018-07-09,44.94501495361328,44.96859607423602,44.64314926086812,44.69031510063651,79026400
2018-07-10,44.89077377319336,45.11009654430228,44.85067903151692,44.97567372296649,63756400
2018-07-11,44.308265686035156,44.7563465471134,44.244589825221624,44.45448086414058,75326000
2018-07-12,45.05113220214844,45.14074980316631,44.64549956394025,44.697383059421924,72164400
2018-07-13,45.12187576293945,45.242149157373184,45.02046581983031,45.062917581615146,50055600
2018-07-16,45.022830963134766,45.43317764323029,44.907271620687844,45.16668908392699,60172400
2018-07-17,45.150169372558594,45.249218674028015,44.619545801351535,44.749254505128654,62138000
2018-07-18,44.902549743652344,45.23271772028795,44.791708074173755,45.228000058165804,65573600
2018-07-19,45.25159454345703,45.40960207271725,44.735120184452185,44.735120184452185,81147200
2018-07-20,45.1478271484375,45.38129929328812,44.84831851576083,45.228009428517055,82704800
2018-07-23,45.18791580200195,45.27045870835064,44.70445791879335,44.96858946147332,63957600
2018-07-24,45.51572036743164,45.67137084476869,45.29167997651918,45.38601163631743,74791600
2018-07-25,45.944942474365234,45.95201716965976,45.381298693402805,45.5298744916329,66839600
2018-07-26,45.80107879638672,46.213786098393896,45.65957771057542,45.89541045457952,76304000
2018-07-27,45.03934097290039,46.032198508380596,44.83181058429597,45.9850326745397,96096000
2018-07-30,44.78699493408203,45.32705030624448,44.58889630312897,45.256299767040694,84118000
2018-07-31,44.876609802246094,45.312901803761946,44.65256942249011,44.8789704326629,157492000
2018-08-01,47.520301818847656,47.58161704185553,46.53216196456808,46.96137932119036,271742800
2018-08-02,48.90936279296875,49.14283855349093,47.24910151371287,47.30334204851275,249616000
2018-08-03,49.05085754394531,49.227732115734135,48.458915007304384,48.82445650870577,133789600
2018-08-06,49.30555725097656,49.34800542082201,48.8338917272411,49.053214468487354,101701600
2018-08-07,48.84330749511719,49.40694746787429,48.760764616024915,49.364499311898506,102349600
2018-08-08,48.876338958740234,49.00840472708714,48.23251653878795,48.59334036963655,90102000
2018-08-09,49.260746002197266,49.472994037920536,48.86454511071905,49.414035850383826,93970400
2018-08-10,49.11402130126953,49.48557902120588,48.9104936737248,49.07378955771502,98444800
2018-08-13,49.43113708496094,49.9233899602011,49.154245519727546,49.535267986992444,103563600
2018-08-14,49.639408111572266,49.83110202995326,49.28678360256795,49.73643952568758,82992000
2018-08-15,49.75537109375,49.87370102571761,49.303349886959445,49.51397702141606,115230400
2018-08-16,50.484275817871094,50.60023682148504,50.04645369529504,50.112718157686544,114001600
2018-08-17,51.492454528808594,51.5800175244301,50.446418345260085,50.51268281942928,141708000
2018-08-20,50.990726470947266,51.87109768021594,50.90789408938502,51.615508252096106,121150800
2018-08-21,50.89133834838867,51.4001592504967,50.65231317269027,51.30786204293562,104639200
2018-08-22,50.89370346069336,51.203727298569135,50.60734344206001,50.66887731660461,76072400
2018-08-23,50.99783706665039,51.36702588882089,50.78720992522527,50.79904002989907,75532800
2018-08-24,51.156394958496094,51.33152093949992,50.907901389318916,51.26052587214312,73905600
2018-08-27,51.57764434814453,51.76697293591533,51.19662187429495,51.390681058681736,82100400
2018-08-28,51.99417495727539,52.19296838996736,51.8095805396124,51.83087906215585,91107200
2018-08-29,52.770416259765625,52.89111510335813,51.92554241033305,52.10066840120375,109019200
2018-08-30,53.25556945800781,54.019979815516336,52.63315285368258,52.83431518462097,195175200
2018-08-31,53.870880126953125,54.164336015200355,53.485123435107745,53.605818652582734,173360400
2018-09-04,54.04365158081055,54.2377108090671,53.63423099014002,54.05548529731061,109560400
2018-09-05,53.691017150878906,54.353665430113836,53.272131830936814,54.19273847104645,133332000
2018-09-06,52.7988166809082,53.80462109487018,52.37282820688396,53.539559593731255,137160000
2018-09-07,52.372833251953125,53.33603710572654,52.233204786532895,52.50299691088014,150479200
2018-09-10,51.66994857788086,52.502992310884245,51.22976108607632,52.28999626644421,158066000
2018-09-11,52.976314544677734,53.08281076636289,51.25106203103439,51.59421812808349,142996000
2018-09-12,52.31839370727539,53.248465165484035,52.02729949768136,53.23426615255607,197114800
2018-09-13,53.5821418762207,54.04126242908628,52.67336918396772,52.89819525366143,166825600
2018-09-14,52.97394943237305,53.683929109361706,52.66156025229259,53.425970693396906,127997200
2018-09-17,51.56344223022461,52.76330562803429,51.4190795969982,52.5739770516672,148780400
2018-09-18,51.64865493774414,52.50299727258675,51.38359340924579,51.54215509988807,126286800
2018-09-19,51.67941665649414,51.97524150544351,50.95287270526893,51.710183596350696,108495200
2018-09-20,52.0722770690918,52.60476183960247,51.86401520328172,52.12197723657592,106435200
2018-09-21,51.51137924194336,52.38701988693208,51.4238126496448,52.24975675278797,384986800
2018-09-24,52.25212478637695,52.36335520071056,51.26762259076125,51.31258853840368,110773600
2018-09-25,52.58345031738281,52.73254717183654,51.99416601700422,52.00599973120798,98217600
2018-09-26,52.164554595947266,52.952632192189306,52.008358255544245,52.30181771831882,95938800
2018-09-27,53.236629486083984,53.58925394239841,52.90293825002227,52.969206326478,120724800
2018-09-28,53.42360305786133,53.44726687937326,53.01654777196668,53.19877328106708,91717600
2018-10-01,53.78331756591797,54.294503721470214,53.56795984146107,53.946613444314615,94403200
2018-10-02,54.261375427246094,54.4317708248065,53.634228207852296,53.780956173640334,99152800
2018-10-03,54.92164611816406,55.252968421450255,54.3796931085446,54.44359227101489,114619200
2018-10-04,53.95608901977539,54.98792627312138,53.657895250567,54.61636851661356,128168000
2018-10-05,53.0804443359375,54.055485523559796,52.202438179564524,53.94898929690006,134322000
2018-10-08,52.95737838745117,53.201137756680225,52.11250094585972,52.58818958011952,118655600
2018-10-09,53.691017150878906,53.78568325427967,52.597649837383955,52.92660687302358,107564000
2018-10-10,51.20372009277344,53.56795305429234,51.13035612450343,53.357325953618734,167962400
2018-10-11,50.751708984375,51.946842063881995,50.24762591104082,50.76827690881467,212497600
2018-10-12,52.56452178955078,52.74675089335789,51.31732331289701,52.16456604729884,161351600
2018-10-15,51.44038391113281,52.49825370424345,51.419085391816054,52.33969204186986,123164000
2018-10-16,52.573978424072266,52.77277542057539,51.29838211796035,51.811933502380235,116736000
2018-10-17,52.34678649902344,52.68994251799394,51.90896438476094,52.60947904535247,91541600
2018-10-18,51.123260498046875,52.003635406378,50.408546758242004,51.55871374421379,130325200
2018-10-19,51.90187454223633,52.36336055788579,51.456952839383014,51.606049710263214,132314800
2018-10-22,52.218997955322266,52.860347780678396,51.81431160695901,52.01547032624564,115168400
2018-10-23,52.711246490478516,52.83431062152317,50.810868215917154,51.07829499747305,155071200
2018-10-24,50.903175354003906,53.06624662457979,50.77301169104636,52.68049345581535,163702000
2018-10-25,52.01783752441406,52.3917605334903,51.2960242350942,51.52321928773726,119423200
2018-10-26,51.18952560424805,52.110132264199265,50.33044920447651,51.09485949880697,189033600
2018-10-29,50.22869110107422,51.99180637497226,48.77323076308927,51.873476442346316,183742000
2018-10-30,50.47954177856445,50.924459797370716,49.525802965453806,49.970720984260076,146640000
2018-10-31,51.79536819458008,52.1716564405794,51.26524889935594,51.32678276350277,153435600
2018-11-01,52.59055709838867,52.62368933605675,51.310226322888035,51.84034573672041,233292800
2018-11-02,49.102176666259766,50.56236726950181,48.61702333058123,49.59206420928688,365314800
2018-11-05,47.708248138427734,48.37089629958804,46.898872057069354,48.34959778429644,264654800
2018-11-06,48.22417449951172,48.449000615453585,47.73192162049639,47.786352370196695,127531600
2018-11-07,49.68673324584961,49.71276597298876,48.30937483931791,48.7448280831522,133697600
2018-11-08,49.513370513916016,49.900469550137,49.1001442948678,49.86722171346018,101450400
2018-11-09,48.558677673339844,48.924403878426105,48.03145938671116,48.81516253903021,137463200
2018-11-12,46.11257553100586,47.46149553599907,46.02232984925231,47.25963133957427,204542000
2018-11-13,45.65184783935547,46.82740062772841,45.46660939385389,45.5093586786769,187531600
2018-11-14,44.36231231689453,46.18620004766759,44.15569737370678,46.04845796012335,243204000
2018-11-15,45.45712661743164,45.59011799426368,44.386064076083116,44.73991897952376,185915200
2018-11-16,45.96058654785156,46.30256638175238,44.99402206817327,45.241005490578,147713200
2018-11-19,44.13907241821289,45.28850181754832,43.93246111209579,45.122262627353955,167701200
2018-11-20,42.03019714355469,43.09650870762466,41.68109304931267,42.36030195645278,271300800
2018-11-21,41.98271560668945,42.81154188283518,41.92809491833838,42.68329759432299,124496800
2018-11-23,40.9163932800293,41.93995928124868,40.87127405903531,41.545732307356154,94496000
2018-11-26,41.469730377197266,41.548101052609525,40.43429311450375,41.37948832190566,179994000
2018-11-27,41.379493713378906,41.50536079593518,40.58154192418176,40.73115539333304,165549600
2018-11-28,42.970645904541016,43.05376369196034,41.54335510075574,41.97082991406699,184250000
2018-11-29,42.64054870605469,43.41237705993519,42.20119880896381,43.37912921425623,167080000
2018-11-30,42.410179138183594,42.82577894068575,42.04207573121886,42.81627748733265,158126000
2018-12-03,43.89208984375,43.92058695583574,43.034766692325256,43.80659488375015,163210000
2018-12-04,41.96133041381836,43.31499758229476,41.86158689864037,42.97301774526017,165377200
2018-12-06,41.49348831176758,41.50773686933884,40.4722994088251,40.790529273726726,172393600
2018-12-07,40.01394271850586,41.438856057479995,39.96881988297296,41.201370500984304,169126400
2018-12-10,40.277557373046875,40.39392299254589,38.78852171429132,39.18512221335925,248104000
2018-12-11,40.04719924926758,40.79765101673973,39.6600965485078,40.766780351835095,189126800
2018-12-12,40.158817291259766,40.828524813618266,40.13981800799348,40.46754567904434,142510800
2018-12-13,40.59817123413086,40.98290045214236,40.26569277287988,40.4889298641813,127594400
2018-12-14,39.29911422729492,40.15406379663115,39.251617834274576,40.135064514674504,162814800
2018-12-17,38.93339538574219,39.9807079005193,38.64603617439149,39.29199738823974,177151600
2018-12-18,39.439239501953125,39.78596648532235,39.04026176741648,39.2753738408261,135366000
2018-12-19,38.20907211303711,39.766977643079535,37.78159715083181,39.42262412098838,196189200
2018-12-20,37.244873046875,38.49879692576656,36.8815203105907,38.09269489029062,259092000
2018-12-21,35.79621124267578,37.56073151799907,35.53497920022275,37.251999446242344,382978400
2018-12-24,34.869998931884766,35.990930863178946,34.813001103199134,35.1834779303022,148676800
2018-12-26,37.32561492919922,37.339863486779244,34.843890893788085,35.219118612948485,234330000
2018-12-27,37.0833740234375,37.23061755574268,35.63946480198552,37.009754069156195,212468400
2018-12-28,37.10237121582031,37.64621522429912,36.70339718009544,37.40397891761338,169165600
2018-12-31,37.460975646972656,37.84570111622469,37.16174150533906,37.64858765548356,140014000
2019-01-02,37.50373077392578,37.72459429722969,36.627408207295694,36.784149594963864,148158800
2019-01-03,33.768070220947266,34.6063939048383,33.722947387601785,34.19316775202063,365248800
2019-01-04,35.209617614746094,35.27849047559891,34.1504337518255,34.32379724419946,234428400
2019-01-07,35.1312370300293,35.34497620753609,34.64914163479425,35.314101925245296,219111200
2019-01-08,35.80095672607422,36.055068075400506,35.27136481535477,35.51834826233486,164101200
2019-01-09,36.40891647338867,36.69864919303754,35.534971211573676,35.929194550467045,180396400
2019-01-10,36.525291442871094,36.56566356603284,35.827083095118475,36.216559392156526,143122800
2019-01-11,36.16668701171875,36.501542638359126,35.98144849990563,36.30680629526423,108092800
2019-01-14,35.622840881347656,35.924448615457706,35.43760239866407,35.824705095839064,129756800
2019-01-15,36.3519172668457,36.427910763494,35.634709844065036,35.68695695839793,114843600
2019-01-16,36.79601287841797,37.01924988238542,36.33529031682422,36.354289596283365,122278800
2019-01-17,37.01450729370117,37.441982116151216,36.397043258635236,36.620280311678194,119284800
2019-01-18,37.24249267578125,37.49422682619904,37.043002022319946,37.4039811406747,135004000
2019-01-22,36.40655517578125,37.221129312229216,36.24506303033397,37.14513577958757,121576000
2019-01-23,36.55378341674805,36.84351614102213,36.02656509052752,36.60840409054777,92522400
2019-01-24,36.26405715942383,36.68678131637326,36.03607297019486,36.59891278758119,101766000
2019-01-25,37.46572494506836,37.5535970765076,36.6487775687618,36.92425809596469,134142000
2019-01-28,37.11899948120117,37.12612375920128,36.49203765099391,36.99787950771421,104768400
2019-01-29,36.734275817871094,37.553604147254646,36.59891089197935,37.10712999950282,166348800
2019-01-30,39.2444953918457,39.45823098230422,38.05231666544547,38.7695241919444,244439200
2019-01-31,39.527095794677734,40.13505822707616,39.08062179799805,39.44872512778767,162958400
2019-02-01,39.546104431152344,40.13031699712782,39.405985168485806,39.65059867839811,130672400
2019-02-04,40.669403076171875,40.7667730276874,39.72658509160154,39.75745937470211,125982000
2019-02-05,41.365234375,41.57897355982607,40.930638975712235,41.05175531049415,144406400
2019-02-06,41.379493713378906,41.695350007409324,41.04938886264292,41.476860058781234,112958400
2019-02-07,40.595794677734375,41.30825157661004,40.45330184846197,40.94252167255768,126966800
2019-02-08,40.643489837646484,40.70311587039723,40.16886530680823,40.304814408336355,95280000
2019-02-11,40.409751892089844,40.83429258000177,40.366822896722226,40.79613104681893,83973600
2019-02-12,40.75798034667969,40.784215952805525,40.474159782032444,40.5695636403469,89134000
2019-02-13,40.58864212036133,41.13720249620639,40.52663233986188,40.87723379732747,89960800
2019-02-14,40.736507415771484,40.846217281030114,40.39783197721137,40.47653877930612,87342800
2019-02-15,40.6458740234375,40.95115902339319,40.48607669059228,40.84383289109825,98507200
2019-02-19,40.76750946044922,40.889148896685995,40.42406656800364,40.476537768089266,75891200
2019-02-20,41.02986145019531,41.33753378782997,40.781818778905716,40.82951887269788,104457600
2019-02-21,40.79851150512695,41.11095129951937,40.61724969597512,40.97500585247645,68998800
2019-02-22,41.25407028198242,41.26122511658237,40.87484949104458,40.92254960147262,75652800
2019-02-25,41.55457305908203,41.945719682081254,41.48779219461515,41.537879662607395,87493600
2019-02-26,41.57842254638672,41.809771827642344,41.30175690127716,41.430551160576144,68280800
2019-02-27,41.707218170166016,41.738224873214264,41.19681945157351,41.31130406008195,111341600
2019-02-28,41.296993255615234,41.71676290033313,41.24213831860219,41.57604632138093,112861600
2019-03-01,41.7310676574707,41.773996653747055,41.234978633444705,41.56649922650965,103544800
2019-03-04,41.940948486328125,42.3941048319121,41.4925596025787,41.902786955948635,109744800
2019-03-05,41.8646240234375,41.97672124062049,41.62850365631687,41.962411577028405,78949600
2019-03-06,41.62375259399414,41.855101951305556,41.485419725962615,41.65952676706904,83241600
2019-03-07,41.1419563293457,41.60465485527707,41.02747538290695,41.46870577446307,99185600
2019-03-08,41.239749908447266,41.27791144259841,40.42644995336146,40.62202508642293,95997600
2019-03-11,42.66838073730469,42.72085192885243,41.82169411946825,41.85508454688193,128044000
2019-03-12,43.147796630859375,43.567562721817076,42.7804981168967,42.93075693072556,129870400
2019-03-13,43.338584899902344,43.71780557424151,43.15016460861008,43.46737552238741,124130000
2019-03-14,43.82036209106445,43.9086110924784,43.5413127001033,43.86090735580744,94318000
2019-03-15,44.3903923034668,44.678983933208535,43.822754887497275,44.08749464595025,156171600
2019-03-18,44.843544006347656,44.931789362919865,44.311677218092875,44.31406458834656,104879200
2019-03-19,44.48817443847656,45.07489619113061,44.34268677569581,44.92225369569541,126585600
2019-03-20,44.87693786621094,45.19414879506152,44.05886680985221,44.416623003991106,124140800
2019-03-21,46.529762268066406,46.82550865122841,45.27046095796305,45.32054841838831,204136800
2019-03-22,45.56620788574219,47.14987492430253,45.50181076136391,46.58938884769909,169630800
2019-03-25,45.01526641845703,45.788017395190856,44.504867775579754,45.67592017387485,175381200
2019-03-26,44.55018997192383,46.00268305675248,44.02309782192176,45.71170769350031,199202000
2019-03-27,44.95087432861328,45.25854305952079,44.49294682904075,45.01765519484567,119393600
2019-03-28,45.010498046875,45.21084063526759,44.72667756034346,45.065352975754955,83121600
2019-03-29,45.303855895996094,45.334862595503004,44.96756422056934,45.27523656677985,94256000
2019-04-01,45.61153030395508,45.71646906225277,44.92940835895731,45.70693049851085,111448000
2019-04-02,46.27457046508789,46.37951286036313,45.56621293626409,45.575751499796354,91062800
2019-04-03,46.591773986816406,46.86605222606471,46.06706209372375,46.09091395769468,93087200
2019-04-04,46.672874450683594,46.835055514550795,46.06468818261306,46.45821854703762,76457200
2019-04-05,46.98530197143555,47.00915383424097,46.730100868694095,46.85412400457234,74106400
2019-04-08,47.72467803955078,47.755681101848495,46.82790017839874,46.84698094558115,103526800
2019-04-09,47.581565856933594,48.3805560125003,47.51716873376691,47.77714095718664,143072800
2019-04-10,47.848690032958984,47.87731299886768,47.266739463025445,47.38599150967466,86781200
2019-04-11,47.45039367675781,47.93932784783885,47.328757886390626,47.90355368575557,83603200
2019-04-12,47.431312561035156,47.73421380848301,46.796894375967724,47.510019356322424,111042800
2019-04-15,47.51716613769531,47.665041139824325,47.226190873249585,47.362139943698025,70146400
2019-04-16,47.52195358276367,48.02758123423002,47.357385131107456,47.572041057335646,102785600
2019-04-17,48.44734191894531,48.50696794754076,47.36930230294008,47.59110938245884,115627200
2019-04-18,48.621456146240234,48.69062074842897,48.30186145878901,48.44496176516435,96783200
2019-04-22,48.781253814697266,48.87904139023964,48.258929140631615,48.37579748500796,77758000
2019-04-23,49.48482894897461,49.54922607406308,48.630983846339284,48.757390726408396,93292000
2019-04-24,49.40851974487305,49.72334332507646,49.38228414324906,49.45621984620272,70162400
2019-04-25,48.96012496948242,49.55161416212724,48.92196343723849,49.32980707961694,74172800
2019-04-26,48.72639465332031,48.89334681703382,48.206453755716254,48.86949494823866,74596400
2019-04-29,48.80031967163086,49.124685364122875,48.62144161266725,48.75023221383634,88818800
2019-04-30,47.860633850097656,48.51174924911249,47.48856790780347,48.43065870051709,186139600
2019-05-01,50.20988845825195,51.352321593970665,49.9022161048594,50.05724596672888,259309200
2019-05-02,49.88313293457031,50.717897315952065,49.63986136370917,50.047701352042424,127985200
2019-05-03,50.503257751464844,50.524722253231914,50.140730395831206,50.298144020692696,83569600
2019-05-06,49.72334671020508,49.809208354157676,48.53559700159812,48.72401368842716,129772400
2019-05-07,48.382957458496094,49.47053592258207,47.898794270662066,49.1032410915402,155054800
2019-05-08,48.392486572265625,48.97443723236416,48.11820827819037,48.153982442014374,105358000
2019-05-09,47.87255096435547,48.10151289928511,46.90422474446259,47.79622789318936,139634400
2019-05-10,47.2093505859375,47.60918957732427,46.15349960538394,47.266813330080936,164834800
2019-05-13,44.46556091308594,45.365788479732885,43.77841929201786,44.94201315243579,229722400
2019-05-14,45.16947555541992,45.41847349035006,44.39135198547642,44.63077462238211,146118800
2019-05-15,45.7105712890625,45.90929252430421,44.53740178105204,44.597257442752564,106178800
2019-05-16,45.50946044921875,46.081680470520816,45.21257503042482,45.46875903470102,132125600
2019-05-17,45.25086212158203,45.70576350698765,44.714554292361115,44.75525568761966,131516400
2019-05-20,43.83588790893555,44.13756275712424,43.1631109114661,43.938841538280705,154449200
2019-05-21,44.676265716552734,45.011455948466185,44.221360512327884,44.3458613070241,113459200
2019-05-22,43.76166534423828,44.46317550697471,43.70659916562799,44.211781030181115,118994400
2019-05-23,43.01466369628906,43.22535309271578,42.57173044037936,43.04818271299096,146118800
2019-05-24,42.84947204589844,43.608441409474985,42.76567265691597,43.14396088304587,94858800
2019-05-28,42.67228317260742,43.23732057790703,42.595669850740556,42.837485328671484,111792800
2019-05-29,42.468780517578125,42.94044331585505,42.138376171721504,42.23893322191725,113924800
2019-05-30,42.689048767089844,42.91171002345526,42.29878877414538,42.60524939880032,84873600
2019-05-31,41.91571807861328,42.61483166128946,41.89656383142089,42.19344552965514,108174400
2019-06-03,41.491939544677734,42.59807084717863,40.766489319881806,42.042612284986966,161584400
2019-06-04,43.0098876953125,43.05537858650869,41.78404481099398,42.00431322593872,123872000
2019-06-05,43.704200744628906,44.290789049992995,43.36901055867717,44.12079739285381,119093600
2019-06-06,44.34585952758789,44.40571518469204,43.6108303047652,43.83349524890833,90105200
2019-06-07,45.526206970214844,45.94998600483363,44.477538442467015,44.65470883240894,122737600
2019-06-10,46.10800552368164,46.77599298149099,45.87815821635535,45.92364909565006,104883600
2019-06-11,46.64191818237305,46.92683167348995,46.35221886941992,46.65389004356182,107731600
2019-06-12,46.493473052978516,46.91964496831461,46.3019342514873,46.43601031654152,73012800
2019-06-13,46.48390579223633,47.11598143878726,46.35222625806714,46.61558897970521,86698400
2019-06-14,46.14631271362305,46.349819729325915,45.56212099174863,45.86139923834012,75046000
2019-06-17,46.4216423034668,46.67782620889428,46.009835187677666,46.1846126421805,58676400
2019-06-18,47.513427734375,47.953964566707036,46.73770062815989,46.93881479248974,106204000
2019-06-19,47.37455368041992,47.855795495195196,47.240477594832555,47.80790804751456,84496800
2019-06-20,47.75523376464844,48.03056829541135,47.41285754434342,47.97310555578911,86056000
2019-06-21,47.5924186706543,48.08802514932684,47.44158128091943,47.59720814502802,191202400
2019-06-24,47.54454040527344,47.92282855213777,47.446376262360126,47.53496145541416,72881600
2019-06-25,46.82387161254883,47.70733778640023,46.75682993500105,47.50861662405423,84281200
2019-06-26,47.83662796020508,48.12154138959347,47.25004342203398,47.350600458294885,104270000
2019-06-27,47.8222770690918,48.2604209170684,47.78157566069608,47.95395659195468,83598800
2019-06-28,47.38652038574219,47.764808530798014,47.17822389353572,47.568480245909996,124442400
2019-07-01,48.2556266784668,48.95952972038265,48.04014414238902,48.64349012878817,109012000
2019-07-02,48.53815460205078,48.63392585756341,48.21014672850714,48.2221185921087,67740800
2019-07-03,48.94038009643555,48.94756248298667,48.52857288544068,48.66983135867862,45448000
2019-07-05,48.89727783203125,49.100788508582276,48.57884532744974,48.68658842285855,69062000
2019-07-08,47.889320373535156,48.219721152484205,47.50384975367812,48.07846266312846,101354400
2019-07-09,48.1814079284668,48.2460494035654,47.599609079485354,47.69298375237137,82312000
2019-07-10,48.657859802246094,48.777571116582486,48.25802445075848,48.327459058921235,71588400
2019-07-11,48.30351257324219,48.93558813067086,48.29393727609442,48.67701126809106,80767200
2019-07-12,48.67460632324219,48.84220138163717,48.41124005055131,48.471095689499386,70380800
2019-07-15,49.131927490234375,49.28994367519334,48.84222445342626,48.863771616834306,67789600
2019-07-16,48.96192169189453,49.34739222396268,48.72249909193417,48.98346884909922,67467200
2019-07-17,48.68658447265625,49.10317743545347,48.667430227322086,48.85417955270678,56430000
2019-07-18,49.239654541015625,49.29232780714967,48.770384620902945,48.84221213411293,74162400
2019-07-19,48.504615783691406,49.44075887452363,48.449549617553735,49.270767248666,83717200
2019-07-22,49.6131477355957,49.61554064622825,48.74883206842125,48.75840736425008,89111600
2019-07-23,50.001014709472656,50.017776044989866,49.62990895028045,49.91003660607573,73420800
2019-07-24,49.960323333740234,50.075245181428414,49.601189363077445,49.72090068663171,59966400
2019-07-25,49.56526565551758,50.09678409812618,49.4958310584991,50.01298473022078,55638400
2019-07-26,49.737648010253906,50.21409660563263,49.59399300114856,49.67539580143556,70475600
2019-07-29,50.20212936401367,50.43197666906582,49.90524767605758,49.910037151014635,86693600
2019-07-30,49.98666000366211,50.3170644259433,49.634708419919015,49.98187052779291,135742800
2019-07-31,51.00658416748047,53.00097467114659,50.58999122184964,51.815833646333566,277125600
2019-08-01,49.902854919433594,52.20131353212769,49.4982337605151,51.21249694274107,216071600
2019-08-02,48.84699630737305,49.42400195472412,48.2747764812972,49.20852309178124,163448400
2019-08-05,46.28996658325195,47.56130005899529,46.108006714672,47.40328391275704,209572000
2019-08-06,47.16625213623047,47.422436071467594,46.45755963373709,47.00104995792599,143299200
2019-08-07,47.65468215942383,47.77918295906988,46.40489930028725,46.785580433088036,133457600
2019-08-08,48.70574188232422,48.72968560566816,47.73847610399667,47.932407841865114,108038000
2019-08-09,48.304386138916016,48.729771632927324,47.89581833034356,48.378888558753715,98478800
2019-08-12,48.18181228637695,48.55913570914154,47.86216992838576,47.97512638824654,89927600
2019-08-13,50.22223663330078,50.98408951762822,48.181814264515985,48.31159574878954,188874000
2019-08-14,48.72737503051758,49.6142018262065,48.688920981443054,48.82591215607856,146189600
2019-08-15,48.4846305847168,49.30175878721862,47.98714105517574,48.89800235789184,108909600
2019-08-16,49.62861633300781,49.787236519570556,48.98933158147647,49.0950783725183,110481600
2019-08-19,50.55390167236328,51.125890062869516,50.47699357474702,50.61878875414958,97654400
2019-08-20,50.55630111694336,51.27489599056535,50.546689438817666,50.68127493565582,107537200
2019-08-21,51.104251861572266,51.34698612513652,50.85430792354824,51.18836961984207,86141600
2019-08-22,51.06100845336914,51.536865440033296,50.65003855544533,51.236450027486164,89014800
2019-08-23,48.700927734375,50.96245512141073,48.30678298506462,50.33278212314745,187272000
2019-08-26,49.626220703125,49.79445258903161,49.28254358810572,49.474810172219016,104174400
2019-08-27,49.06624984741211,50.121308639627706,48.91483930455021,49.95547874357522,103493200
2019-08-28,49.395503997802734,49.441167727719616,48.8643715966799,49.05183052262682,63755200
2019-08-29,50.23184585571289,50.30635193898806,49.66706722800578,50.109277719604904,83962000
2019-08-30,50.166961669921875,50.57792781692434,49.79684790345952,50.508233068974185,84573600
2019-09-03,49.436363220214844,49.743988332094034,49.080672372200894,49.61180480733799,80092000
2019-09-04,50.27511215209961,50.344806902391355,49.82569194490394,50.08284558735108,76752400
2019-09-05,51.2580680847168,51.42389794369397,50.83267892479877,50.950443061493466,95654800
2019-09-06,51.253257751464844,51.532044060281095,51.073008551878715,51.443122295315995,77449200
2019-09-09,51.471961975097656,52.0175172563899,50.72693413624486,51.63298415640306,109237600
2019-09-10,52.08000946044922,52.0992364848002,50.88075361239367,51.39746659829906,127111600
2019-09-11,53.73588180541992,53.764724166368644,52.327534807186275,52.4092505514991,177158400
2019-09-12,53.615726470947266,54.41603338856972,53.56045107438245,54.02669627568618,128906800
2019-09-13,52.572689056396484,53.06296532020904,52.15691521661223,52.87310442243304,159053200
2019-09-16,52.84906768798828,52.90434675357643,52.28669102458082,52.32754707272448,84632400
2019-09-17,53.04132843017578,53.07017079472141,52.66160302374134,52.863484906843915,73274800
2019-09-18,53.53882598876953,53.558053012289186,52.738519012265336,53.12785615379395,101360000
2019-09-19,53.10382080078125,53.77674823327691,52.962021972267294,53.356166754377384,88242400
2019-09-20,52.327545166015625,53.48835049337496,52.2650600947515,53.20476016935374,221652400
2019-09-23,52.56547164916992,52.834642604048994,52.30831437342142,52.6207470415799,76662000
2019-09-24,52.31553649902344,53.471538013059494,52.19777601182611,53.12065122006928,124763200
2019-09-25,53.12064743041992,53.23360390363498,52.18575493970242,52.52462435934759,87613600
2019-09-26,52.84666442871094,53.09901405388438,52.59191280094367,52.8731011259611,75334000
2019-09-27,52.58951950073242,53.103830513741045,52.219405677984646,53.002887713224276,101408000
2019-09-30,53.82722473144531,53.9738275789729,53.062966121770074,53.089402821067836,103909600
2019-10-01,53.976226806640625,54.84863417143314,53.882497362527516,54.09158894337955,139223200
2019-10-02,52.6231575012207,53.73349145834526,52.37561187967944,53.60851764627017,138449200
2019-10-03,53.07017517089844,53.10382154299348,51.70268392792921,52.49577750833809,114426000
2019-10-04,54.55783462524414,54.67319677071832,53.807999015561506,54.228580544588866,138478800
2019-10-07,54.569854736328125,55.25960730535331,54.2766490193029,54.37999382145774,122306000
2019-10-08,53.93054962158203,54.810166441917666,53.91372827282783,54.271824606923914,111820000
2019-10-09,54.56263732910156,54.74528854203184,54.22857560601276,54.56263732910156,74770400
2019-10-10,55.298057556152344,55.38217532730824,54.627532058419334,54.77893891244817,113013600
2019-10-11,56.76889419555664,57.11256762430423,55.83159602526527,55.985408550575364,166795600
2019-10-14,56.687171936035156,57.230325218831695,56.3987739424967,56.45404933835654,96427600
2019-10-15,56.554996490478516,57.11496750151027,56.449249695667106,56.812150134970125,87360000
2019-10-16,56.3266716003418,56.53576316392705,56.04548329122299,56.08633933608511,73903200
2019-10-17,56.54537582397461,56.754463724015515,56.12239235171388,56.49971210622329,67585200
2019-10-18,56.81695556640625,57.09814389578318,56.307448635792866,56.37954905370019,97433600
2019-10-21,57.80231475830078,57.91767689190389,57.03565787328163,57.08372359535983,87247200
2019-10-22,57.670135498046875,58.208477458025,57.58841973582485,57.95853350048938,82293600
2019-10-23,58.44401168823242,58.458434707831906,57.97296239569402,58.18445601032442,75828800
2019-10-24,58.540138244628906,58.8333439248231,58.11474907464559,58.763645508761726,69275200
2019-10-25,59.261131286621094,59.29717966007289,58.371902625409106,58.4391953673054,73477200
2019-10-28,59.854759216308594,59.90282494220439,59.29478452503203,59.46301639925722,96572800
2019-10-29,58.47044372558594,60.02299199906073,58.297407843177915,59.83553309820382,142839600
2019-10-30,58.46323013305664,58.953510046434744,57.97055188420088,58.82372855934893,124522000
2019-10-31,59.785057067871094,59.883594183478614,57.021235828674115,59.41975464010306,139162000
2019-11-01,61.4818000793457,61.50823310726698,59.881186358924026,59.97251012339732,151125200
2019-11-04,61.88557052612305,61.969688302448056,61.376067196648314,61.844710805841714,103272000
2019-11-05,61.7966423034668,62.05139394165395,61.60197373719849,61.77741161321152,79897600
2019-11-06,61.82307434082031,61.88315741177333,61.373654143589235,61.710117874054276,75864400
2019-11-07,62.53659439086914,62.75836715496231,62.218401564449074,62.37026665689407,94940400
2019-11-08,62.70773696899414,62.78005016402804,61.914667933692066,62.35820602811514,69986400
2019-11-11,63.20431137084961,63.26939325068321,62.25937720712118,62.26419563498271,81821200
2019-11-12,63.146453857421875,63.34653263881731,62.89576319221143,63.04762091279184,87388800
2019-11-13,63.751495361328125,63.826221446810386,62.93191395655707,62.9463765952712,102734400
2019-11-14,63.31037521362305,63.850333385659255,63.180204098443475,63.57794140753723,89182800
2019-11-15,64.06246948242188,64.06728791082074,63.39957143680535,63.56107338652864,100206400
2019-11-18,64.38546752929688,64.46501204164511,63.69364434245913,64.07209319455887,86703200
2019-11-19,64.19021606445312,64.60241598727268,63.97326912383115,64.57830913689737,76167200
2019-11-20,63.442962646484375,64.13960443972219,62.77042035286797,64.0094406588,106234400
2019-11-21,63.15852737426758,63.64063511840121,62.95844854087911,63.56349611380853,121395200
2019-11-22,63.103084564208984,63.4405585257461,62.8764933279525,63.29833761896905,65325200
2019-11-25,64.20951080322266,64.22638633771652,63.281452038993585,63.327252857545794,84020400
2019-11-26,63.708106994628906,64.39993018161393,63.27661865903487,64.3468980545779,105207600
2019-11-27,64.56385803222656,64.59760910005717,63.95399212630652,64.01907401320656,65235600
2019-11-29,64.42164611816406,64.60243651886985,64.09622192561758,64.26496257549509,46617600
2019-12-02,63.676780700683594,64.66268998393599,63.50563454094097,64.42645458192374,94487200
2019-12-03,62.54141616821289,62.56069723689113,61.77968521879456,62.26661128399151,114430400
2019-12-04,63.09342575073242,63.4718820212091,62.837909284948175,62.93192380768448,67181600
2019-12-05,64.01905822753906,64.09379166553936,63.33206085496577,63.58757726755583,74424400
2019-12-06,65.25569915771484,65.32560684844641,64.4337044765978,64.47709976941329,106075600
2019-12-09,64.34210205078125,65.2773848846026,63.8575814192928,65.08454473165352,128042400
2019-12-10,64.7181396484375,65.10141438333517,64.08657238840084,64.74706493312719,90420400
2019-12-11,65.27014923095703,65.34970112214458,64.72295963208492,64.79768573812183,78756800
2019-12-12,65.43646240234375,65.70162305327142,64.43850349697,64.5493861850386,137310400
2019-12-13,66.32597351074219,66.36213012141157,65.3087258444204,65.43648410637257,133587600
2019-12-16,67.46131896972656,67.68550461462198,66.76709014300219,66.77190857113695,128186000
2019-12-17,67.59390258789062,67.9217322522176,67.20580211215017,67.39141826173947,114158400
2019-12-18,67.43238830566406,67.95306540143068,67.28293612524905,67.44685094529272,116028400
2019-12-19,67.4999008178711,67.77952418481911,67.24197877244833,67.37455545601723,98369200
2019-12-20,67.3600845336914,68.13386528761846,67.14795598094871,68.0326267960508,275978000
2019-12-23,68.45927429199219,68.51953773767175,67.58424788370439,67.62281737170464,98572000
2019-12-24,68.52435302734375,68.67381254514265,68.19893632067681,68.62559884825562,48478800
2019-12-26,69.88391876220703,69.9007942963268,68.62803033131719,68.65695561473434,93121200
2019-12-27,69.8573989868164,70.86259672343512,69.45243030638008,70.17559181703608,146266000
2019-12-30,70.27201080322266,70.55404702486167,68.75337459667797,69.7754404953618,144114400
2019-12-31,70.78546905517578,70.79270037718412,69.78991537253853,69.88874834423947,100805600
2020-01-02,72.40050506591797,72.46076851156026,71.15666666509587,71.40977019424241,135480400
2020-01-03,71.69662475585938,72.45594269937853,71.47244650368873,71.62912999102163,146322800
2020-01-06,72.26791381835938,72.30648330246464,70.56848776436438,70.81918573286022,118387200
2020-01-07,71.92805480957031,72.53309491165653,71.70869494472285,72.2775784441153,108872000
2020-01-08,73.08509826660156,73.38641550034151,71.63154422529517,71.63154422529517,132079200
2020-01-09,74.63748931884766,74.83032941641996,73.81067654984861,74.06136720541696,170108400
2020-01-10,74.80623626708984,75.370308736383,74.30484750773756,74.87132551313572,140644800
2020-01-13,76.40442657470703,76.43094632364196,75.0039042885127,75.1220256778742,121532000
2020-01-14,75.3727035522461,76.55146021431688,75.24977111147209,76.34174457661803,161954400
2020-01-15,75.0496826171875,76.05246721987251,74.61819429330173,75.17262239843001,121923600
2020-01-16,75.98978424072266,76.10067426588142,75.23046637506901,75.59204701170188,108829200
2020-01-17,76.83110809326172,76.83351362979406,75.93197444596949,76.23811023432756,137816400
2020-01-21,76.3104019165039,76.90097930249982,76.17299948734095,76.45985409290795,110843200
2020-01-22,76.58280181884766,77.13480977194556,76.48878729766383,76.79492300181599,101832400
2020-01-23,76.95162200927734,77.03116654175618,76.0886451198764,76.6358420591075,104472000
2020-01-24,76.72984313964844,77.93993070377184,76.53940855639385,77.19748815287878,146537600
2020-01-27,74.47357177734375,75.15333787807808,73.4924810810553,74.74113795467083,161940000
2020-01-28,76.58036804199219,76.75151414831822,75.25457238901554,75.35340531136629,162234000
2020-01-29,78.18339538574219,79.0294966511186,77.46987813568431,78.20991513135742,216229200
2020-01-30,78.0700912475586,78.12312337660362,76.83589699674123,77.26738534868132,126743200
2020-01-31,74.60856628417969,77.78324080814086,74.31448034488959,77.36139664518089,199588400
2020-02-03,74.40365600585938,75.56794245428816,72.8512691703696,73.35265776488627,173788400
2020-02-04,76.86001586914062,77.050450456367,75.60171457078681,76.00668324335653,136616400
2020-02-05,77.48674774169922,78.28463523931488,76.88411323556181,77.98572352193352,118826800
2020-02-06,78.39311981201172,78.39553270453209,77.19990767879175,77.75674147890366,105425600
2020-02-07,77.32752227783203,78.14180023144418,76.83702208588501,77.89292589511314,117684000
2020-02-10,77.69480895996094,77.69480895996094,75.83429386411699,75.91402717049185,109348800
2020-02-11,77.22606658935547,78.26264398287658,77.00860470842123,78.19015914717811,94323200
2020-02-12,79.05999755859375,79.06482742202022,77.67547849475221,77.67547849475221,113730400
2020-02-13,78.49701690673828,78.82321339617904,78.12974813739189,78.33271303943899,94747600
2020-02-14,78.51632690429688,78.76520124751363,78.00891111869721,78.46558016405162,80113600
2020-02-18,77.07868194580078,77.25990141746018,76.01794043224491,76.19915990390432,152531200
2020-02-19,78.19497680664062,78.4245243735885,77.32029218115534,77.32029218115534,93984000
2020-02-20,77.39276885986328,78.44384294584167,76.88777163956716,77.95576130740083,100566000
2020-02-21,75.64098358154297,77.42902110600791,75.02484049800245,76.98684158821678,129554000
2020-02-24,72.04802703857422,73.49778279969091,69.88547911921196,71.8257352845529,222195200
2020-02-25,69.60758972167969,73.09908711151304,69.13642361597664,72.71732141374063,230673600
2020-02-26,70.7118148803711,71.9755209333374,69.22581713906433,69.23306562077462,198054800
2020-02-27,66.08950805664062,69.10500169424336,65.95419815371966,67.92103635676665,320605600
2020-02-28,66.05087280273438,67.27108839739219,61.94564985853806,62.160700515132554,426510000
2020-03-02,72.2002182006836,72.8356953532534,67.10433001123728,68.20614327523455,341397200
2020-03-03,69.90721893310547,73.45428597286327,69.05669090258408,73.37455265692115,319475600
2020-03-04,73.14981842041016,73.3092923901448,70.82779719372856,71.6275782870545,219178400
2020-03-05,70.7770767211914,72.37905058025478,70.41221917601806,71.40529829391956,187572800
2020-03-06,69.83714294433594,70.26965542799252,67.95246362121284,68.13851293457299,226176800
2020-03-09,64.3135757446289,67.19375264320037,63.54761831737935,63.72883776125021,286744800
2020-03-10,68.9455337524414,69.21132371848606,65.0867678159455,66.96420578722295,285290000
2020-03-11,66.55103302001953,67.95004932218703,65.68842661681832,67.02462518678024,255598800
2020-03-12,59.97880172729492,65.23899909398826,59.92322879744106,61.8417392125565,418474000
2020-03-13,67.16474914550781,67.63592258199654,61.11926832671573,64.00428573904365,370732000
2020-03-16,58.52421188354492,62.60043602101579,57.9902170129729,58.46138678881957,322423600
2020-03-17,61.0975227355957,62.245242026979696,57.60361074150865,59.80482274842446,324056000
2020-03-18,59.60186004638672,60.40647473225053,57.29433197423103,57.934642818544056,300233600
2020-03-19,59.14519119262695,61.09269547807698,58.62086339938416,59.775834978401704,271857200
2020-03-20,55.39033889770508,60.84866869560325,55.09072136649096,59.72510571874009,401693200
2020-03-23,54.21360778808594,55.211524041383235,51.37208822817037,55.11004159498472,336752800
2020-03-24,59.652610778808594,59.848327192203485,56.61295613694801,57.110704962845915,287531200
2020-03-25,59.32399368286133,62.399890444761496,59.02920978154729,60.587696143364745,303602000
2020-03-26,62.44579315185547,62.50378100355287,59.52695207272685,59.56561309847068,252087200
2020-03-27,59.86039733886719,61.82481325258339,59.69367489036661,61.0709416804956,204216800
2020-03-30,61.568695068359375,61.740251079824446,60.26149806281595,60.585279571290975,167976400
2020-03-31,61.443058013916016,63.42438996368667,60.88973623938196,61.75959108899796,197002000
2020-04-01,58.21010208129883,60.09719995282628,57.78000823267317,59.56079010801558,176218400
2020-04-02,59.181427001953125,59.234584992288006,57.241171415485205,58.072365060446906,165934000
2020-04-03,58.33091735839844,59.36749098851091,57.74134949209258,58.66677725772262,129880000
2020-04-06,63.4195556640625,63.574192418824516,60.25667324880632,60.62394199347429,201820400
2020-04-07,62.68501281738281,65.64976767726971,62.58111543792132,65.43229844270063,202887200
2020-04-08,64.28941345214844,64.60352421399418,63.1199448269442,63.484794969799864,168895200
2020-04-09,64.7533187866211,65.25590475851683,63.95837493137018,64.92487847473,161834800
2020-04-13,66.02427673339844,66.13301133720609,64.23140932290158,64.83064420547504,131022800
2020-04-14,69.35871124267578,69.64866527052683,67.1840781553046,67.65525160710325,194994800
2020-04-15,68.72562408447266,69.18471162676789,67.80744899988218,68.23512400856497,131154400
2020-04-16,69.271728515625,69.63658597716727,68.22307301485074,69.43845097329417,157125200
2020-04-17,68.3318099975586,69.33456350529407,66.89655138464681,68.7884865443206,215250000
2020-04-20,66.9134750366211,68.06119834153615,66.89414820439593,67.15993823398618,130015200
2020-04-21,64.84515380859375,66.99079338426836,64.13477293897611,66.75641592219942,180991600
2020-04-22,66.71292114257812,67.14784486961675,65.77058148476895,66.11126755910753,116862400
2020-04-23,66.45436096191406,68.07808706003861,66.41569993888298,66.6573258024501,124814400
2020-04-24,68.37288665771484,68.3825537591584,66.93037962499518,66.9787077583751,126161200
2020-04-27,68.42121887207031,68.7522452213369,67.64318307081028,68.09018514896542,117087600
2020-04-28,67.31214141845703,69.06392923095741,67.22032976851494,68.88270980207805,112004800
2020-04-29,69.52303314208984,69.99178804731254,68.59519043374839,68.79815533490073,137280800
2020-04-30,70.98970031738281,71.16608991336996,69.67284332982524,70.06185756526263,183064000
2020-05-01,69.84678649902344,72.24612942907099,69.06875096406462,69.1653998296708,240616800
2020-05-04,70.83504486083984,70.96310628408554,69.18232470328076,69.8709599457229,133568000
2020-05-05,71.89820861816406,72.7294023781066,71.14916678667844,71.29414381435919,147751200
2020-05-06,72.63998413085938,73.27062409174145,72.21472025377234,72.59890448979868,142333600
2020-05-07,73.39144897460938,73.73697961793019,72.96377378346223,73.26580616038919,115215200
2020-05-08,75.13829803466797,75.19159993074032,73.72338371341871,74.05046319414457,133838400
2020-05-11,76.32062530517578,76.81487118254181,74.43810496971201,74.64646961486733,145946400
2020-05-12,75.44841766357422,77.45449582037008,75.32727766040104,77.00385116379037,162301200
2020-05-13,74.53744506835938,76.54837362731435,73.46172121123148,75.62770513487014,200622400
2020-05-14,74.99535369873047,75.05592369907653,73.05468852162736,73.77668558751988,158929200
2020-05-15,74.5519790649414,74.59801285788724,72.73487900802405,72.76880175811006,166348400
2020-05-18,76.30850219726562,76.68161544536761,75.18432690881329,75.87482634655969,135178400
2020-05-19,75.86756134033203,77.17102150533867,75.83606375790906,76.32546668705436,101729600
2020-05-20,77.34305572509766,77.41331160943199,76.68647152801736,76.72523721961544,111504800
2020-05-21,76.76642608642578,77.74523944094076,76.52898900422082,77.204952332668,102688800
2020-05-22,77.26066589355469,77.34304019898961,76.4029926993938,76.5047461498377,81803200
2020-05-26,76.73735809326172,78.55687612704607,76.68163102348302,78.37759126728832,125522000
2020-05-27,77.0716781616211,77.21704762323688,75.85543536682479,76.59439371595593,112945200
2020-05-28,77.10562896728516,78.36306306810644,76.47085639414468,76.74705181731085,133560800
2020-05-29,77.0304946899414,77.80821132778638,76.67434283627068,77.34788086093664,153532400
2020-06-01,77.97781372070312,78.09895371175787,76.85363105469186,76.9844643152945,80791200
2020-06-02,78.33880615234375,78.36303562857958,77.27035057638682,77.71130190496551,87642800
2020-06-03,78.77006530761719,79.03173182452788,78.08683399477036,78.65861858793946,104491200
2020-06-04,78.09170532226562,78.89122650754646,77.71859198536116,78.59322678635277,87560400
2020-06-05,80.31582641601562,80.37639642085425,78.31217331772173,78.34124573703636,137250400
2020-06-08,80.79067993164062,80.82460267780965,79.30308470158906,80.01296326734492,95654400
2020-06-09,83.34190368652344,83.734396145206,80.43939371025141,80.47089129660488,147712400
2020-06-10,85.48609161376953,85.95369033389235,83.85070128279254,84.28922758003938,166651600
2020-06-11,81.3818588256836,85.05482488773967,81.28010535582771,84.63083484447448,201662400
2020-06-12,82.0844497680664,84.26496946856898,80.97481077374836,83.5187504243347,200146000
2020-06-15,83.0996322631836,83.75136619138125,80.57749604693846,80.739826934257,138808800
2020-06-16,85.30194854736328,85.5733083880593,83.51877109987304,85.15173611381705,165428800
2020-06-17,85.1832275390625,86.10631378252053,85.06208753447432,86.04574378022643,114406400
2020-06-18,85.21714782714844,85.6338697266432,84.60902265567091,85.13961645194037,96820400
2020-06-19,84.73014068603516,86.3873345839492,83.62291958868391,85.9221612409191,264476000
2020-06-22,86.947021484375,87.08996579558588,85.07661960868549,85.12265339969562,135445200
2020-06-23,88.80290222167969,90.22024192576087,87.77078689158364,88.18993401998509,212155600
2020-06-24,87.2353286743164,89.35043555341034,86.86221543627708,88.4321923624518,192623200
2020-06-25,88.3934555053711,88.43222120192115,86.63208214484351,87.39041990966534,137522400
2020-06-26,85.67747497558594,88.50972868089589,85.52968033530838,88.28925300034977,205256800
2020-06-29,87.65206146240234,87.74655421504602,85.10812136493809,85.5854132789762,130646000
2020-06-30,88.38374328613281,88.66963931267749,87.22080221413067,87.24018136135113,140223200
2020-07-01,88.216552734375,89.00396260480164,88.16810117862731,88.46125786012283,110737200
2020-07-02,88.216552734375,89.75745712558465,88.10268825115901,89.12268481304834,114041600
2020-07-06,90.57637023925781,91.04396881704737,89.61209327585406,89.64359085564888,118655600
2020-07-07,90.29530334472656,91.7320214857662,90.18385665256908,90.95430501826898,112424400
2020-07-08,92.3983154296875,92.42981301031341,91.18449035546323,91.27171499364255,117092000
2020-07-09,92.79564666748047,93.34319433054527,91.74899550161554,93.28989244541889,125642800
2020-07-10,92.9579849243164,93.01613714978424,91.78050772022172,92.39105063414506,90257200
2020-07-13,92.52914428710938,96.8683794397454,92.31593673037001,94.26144459491981,191649200
2020-07-14,94.06038665771484,94.2517825740539,90.9785841199196,91.91135639920843,170989200
2020-07-15,94.70723724365234,96.18272134953932,93.51037361994408,95.93317328027695,153198000
2020-07-16,93.5418930053711,94.39714118909534,92.94346105400828,93.58065869622936,110577600
2020-07-17,93.3528823852539,94.14756028670367,92.88043354830123,93.99250497104849,92186800
2020-07-20,95.32020568847656,95.45830704424495,93.09607736485056,93.44011817142827,90318000
2020-07-21,94.004638671875,96.18515864106797,93.75509057115264,96.110052433633,103433200
2020-07-22,94.26870727539062,94.94951336084341,93.61939876725305,93.70661600246667,89001600
2020-07-23,89.97795104980469,94.07974983333283,89.168736705882,94.00221845583387,197004400
2020-07-24,89.75506591796875,90.09910684479081,86.39221761603645,88.17782780856305,185438800
2020-07-27,91.88224792480469,91.97431549086922,90.59332418129368,90.81621759974705,121214000
2020-07-28,90.37285614013672,91.63028980605597,90.3680058085899,91.45342276195278,103625600
2020-07-29,92.10517120361328,92.28930638065711,90.81866491806582,90.85500544148256,90329200
2020-07-30,93.21965026855469,93.32382888856975,90.87195660039106,91.27898520449537,158130000
2020-07-31,102.97870635986328,103.12891879594893,97.71153346257094,99.70792594411513,374336800
2020-08-03,105.57351684570312,108.19013805785316,104.56078815454649,104.85878784183842,308151200
2020-08-04,106.27855682373047,107.36881693797415,105.04050204922461,105.76249918664718,173071600
2020-08-05,106.66378784179688,106.98359926980389,105.53476196568732,105.99994289677025,121776800
2020-08-06,110.38518524169922,110.87943850296628,106.40695185464003,106.99569046941184,202428800
2020-08-07,107.87549591064453,110.36334336865978,107.07938502036484,109.90703455219526,198045600
2020-08-10,109.44344329833984,110.46042737696229,106.79540187658976,109.31965534861051,212403600
2020-08-11,106.18861389160156,109.20558233257063,105.9289051039155,108.7080157903305,187902400
2020-08-12,109.71772766113281,109.97500693123462,107.0842483400898,107.27841885849969,165598000
2020-08-13,111.6594467163086,112.66186835700262,110.60847874929773,111.09634192240293,210082000
2020-08-14,111.5599365234375,111.64974056440289,109.75169319709691,111.48469489954057,165565200
2020-08-17,111.26866912841797,112.70555595050736,110.64246299694389,112.68128278727484,119561600
2020-08-18,112.19585418701172,112.62060863769267,110.68615521459195,111.02110562369826,105633600
2020-08-19,112.33663177490234,113.74924556112234,112.24197605902953,112.60362178027331,145538000
2020-08-20,114.82933044433594,114.94340764743272,112.3608970952543,112.37788905057565,126907200
2020-08-21,120.74676513671875,121.22976923366335,115.77592204362502,115.78805492165831,338054800
2020-08-24,122.1909408569336,125.03316047656546,120.32687724435412,124.94820069131609,345937600
2020-08-25,121.1884994506836,121.53316057768988,119.46763816827539,121.06471891526844,211495600
2020-08-26,122.83656311035156,123.29287194891076,121.43851175938384,122.50404222890556,163022400
2020-08-27,121.36811065673828,123.77100549354533,120.22490919644622,123.4384846629305,155552400
2020-08-28,121.17153930664062,122.7589022198581,120.94823653884207,122.34142892911956,187630000
2020-08-31,125.28070068359375,127.18360697027765,122.32927082637391,123.86324282555849,225702700
2020-09-01,130.27096557617188,130.87291336835037,126.72730590113318,128.89233580510103,151948100
2020-09-02,127.57194519042969,133.96025319602614,123.30013540143739,133.58161557752118,200119000
2020-09-03,117.35845947265625,125.08656380077784,116.98953249318684,123.21279665675358,257599600
2020-09-04,117.43611145019531,120.09628586271513,107.65947772486805,116.57204011831335,332607200
2020-09-08,109.53324890136719,115.52349838716887,109.39732807142673,110.63032628792358,231366600
2020-09-09,113.90214538574219,115.66912348309229,111.90216122256825,113.84389572106855,176940500
2020-09-10,110.18373107910156,116.98951312845449,109.22257449751976,116.85359229498353,182274400
2020-09-11,108.73713684082031,111.87304145706314,106.7954022543771,111.23226548811466,180860300
2020-09-14,111.99925231933594,112.55264638404466,109.51383440164483,111.37789783991316,140150100
2020-09-15,112.17400360107422,115.36815776085928,110.30022950147779,114.88272413305843,184642000
2020-09-16,108.86334228515625,112.62060121644382,108.77596778791039,111.87303669164397,154679000
2020-09-17,107.12549591064453,108.9313097079175,105.54298485481058,106.52356291630672,178011000
2020-09-18,103.72746276855469,107.64976770036112,102.99931226553164,107.18375552641913,287104900
2020-09-21,106.8730697631836,106.97986575435861,100.0964130289504,101.49446425369291,195713800
2020-09-22,108.55268859863281,109.57210239698612,105.97989574902564,109.39734595747215,183055400
2020-09-23,103.99931335449219,108.84393936425928,103.65950385577868,108.36821643604246,150718700
2020-09-24,105.06725311279297,107.03811241012444,101.94105943821374,102.10610509006938,167743300
2020-09-25,109.00899505615234,109.16433740208637,104.53329556197552,105.27115689090073,149981400
2020-09-28,111.61090850830078,111.96042134324223,109.49441741099088,111.65945483814875,137672400
2020-09-29,110.76625061035156,111.9507099432901,110.26140285567331,111.21285610238571,99382200
2020-09-30,112.43614196777344,113.84390402616219,110.30994757365427,110.4749932403561,142675200
2020-10-01,113.3875961303711,114.29050304173128,112.45556438431055,114.2128318777771,116120400
2020-10-02,109.72742462158203,112.00896881944756,108.9507351859753,109.60121453266758,144712000
2020-10-05,113.10604858398438,113.25168017088336,110.24199280586862,110.5915056515741,106243800
2020-10-06,109.86335754394531,112.73712413305032,108.97986466252809,112.32935419932602,161498200
2020-10-07,111.72740936279297,112.18371817362878,110.80508099423795,111.28081129884058,96849000
2020-10-08,111.62061309814453,113.00895361392693,111.25167878876417,112.86332203954677,83477200
2020-10-09,113.5623550415039,113.59147987684435,111.57207401243367,111.92158685077898,100506900
2020-10-12,120.77588653564453,121.53316180020073,115.8050435838883,116.56231884844449,240226800
2020-10-13,117.57203674316406,121.73705863931524,116.1642820228976,121.62055188862823,262330500
2020-10-14,117.6594009399414,119.44579307201987,116.13513969852242,117.47493379758126,150712000
2020-10-15,117.19338989257812,117.66911279151616,114.70797199610067,115.26136605608602,112559200
2020-10-16,115.5526351928711,118.00893594757436,115.34875392683747,117.74679760043794,115393800
2020-10-19,112.6011734008789,116.91181843671082,112.29049621444842,116.46522044416251,120639300
2020-10-20,114.08661651611328,115.513792607474,112.2613812832418,112.81477533834804,124423700
2020-10-21,113.46527099609375,115.25166338254114,113.05750107559587,113.2710930798733,89946000
2020-10-22,112.37788391113281,114.60117079702067,111.2516743484804,114.02835526922215,101988000
2020-10-23,111.6885757446289,113.15458745033783,110.95071451824744,112.99924512599237,82572600
2020-10-26,111.69827270507812,113.1545734839859,109.59148528217365,110.68856994284661,111850700
2020-10-27,113.20313262939453,113.86332273009963,111.20314823922772,112.12546926784462,92276800
2020-10-28,107.9604263305664,112.06719771840048,107.86334109500166,111.69827086040297,143937800
2020-10-29,111.96038818359375,113.52348473048764,108.93128031361792,109.09633334193877,146129200
2020-10-30,105.6886215209961,108.72743369464578,104.58183332192213,107.82452675254544,190272600
2020-11-02,105.60124206542969,107.45560232371076,104.19348732192323,105.93134082759394,122866900
2020-11-03,107.22258758544922,108.24199381190596,105.56240538196562,106.46531227233,107624400
2020-11-04,111.60122680664062,112.22258147333476,109.07697254730421,110.81482642691596,138235500
2020-11-05,115.56233978271484,116.1351553723964,113.46527015302647,114.51380126430563,126387100
2020-11-06,115.43103790283203,115.92702909027747,112.94132478624495,115.07119461202119,114457900
2020-11-09,113.1261215209961,118.64043465344767,112.86353836131654,117.19134868504119,154515300
2020-11-10,112.78573608398438,114.36124992222891,110.99625432436308,112.37727008295128,138023400
2020-11-11,116.2090835571289,116.3452388928094,113.24283383562194,113.97224059958567,112295000
2020-11-12,115.93677520751953,117.22053084100786,115.31434868339849,116.33552114136147,103162300
2020-11-13,115.98539733886719,116.38413582545107,114.63356412889462,116.16045525051373,81581900
2020-11-16,116.9968490600586,117.66789824397613,114.90588149878657,115.65473585240478,91183000
2020-11-17,116.11181640625,117.35666927518157,115.6936229499769,116.26742672482064,74271000
2020-11-18,114.78916931152344,116.53002096182686,114.75999422898965,115.35324564020682,76322100
2020-11-19,115.3824234008789,115.7908894056509,113.60266912591757,114.36125096903965,74113000
2020-11-20,114.11812591552734,115.50886189625275,114.06950324565761,115.38243405069952,73604300
2020-11-23,110.72392272949219,114.39041080457727,110.6266699980908,113.96248988252185,127959300
2020-11-24,112.00769805908203,112.66902713847026,109.49853707376413,110.78230006896696,113874200
2020-11-25,112.84407806396484,113.54430968345936,112.00769112066959,112.37726193090761,76499200
2020-11-27,113.3886947631836,114.26398425207363,113.02885888768483,113.36924718338975,46691300
2020-11-30,115.78115844726562,117.64843779643516,113.60265845332594,113.75826877571102,169410200
2020-12-01,119.35039520263672,120.07980194572332,116.71480639467286,117.68734871878834,127728200
2020-12-02,119.70050811767578,119.98254627518949,117.57063810536371,118.66960823368215,89004200
2020-12-03,119.56434631347656,120.38127824003541,118.85438720785504,120.1284151780445,78967600
2020-12-04,118.8932876586914,119.4865390127896,118.18332856578574,119.23367595532766,78260400
2020-12-07,120.35211944580078,121.14960390007961,118.89330587676078,118.95165604515132,86712000
2020-12-08,120.9648208618164,121.54835223688058,119.7102402772839,120.95510078016575,82225500
2020-12-09,118.43618774414062,122.49168693103906,117.67760601650876,121.11067878997038,115089200
2020-12-10,119.85611724853516,120.4688236783502,116.85096494578069,117.19135328461722,81312200
2020-12-11,119.04889678955078,119.38928508279156,117.23996766557605,119.06834436920384,86939800
2020-12-14,118.43618774414062,119.96307869896347,118.20277969407886,119.23367205010081,79184500
2020-12-15,124.36869049072266,124.3881454893434,120.72165733966631,120.92589030573652,157243700
2020-12-16,124.30062103271484,124.84524231148528,123.08494323552482,123.91161007354079,98208600
2020-12-17,125.16620635986328,126.02204843734285,124.52432480175362,125.36071187570329,94359800
2020-12-18,123.18221282958984,125.55521844582084,122.65703909059238,125.41906311570027,192541500
2020-12-21,124.70909118652344,124.78689634893868,120.06034032088816,121.5872313887212,121251600
2020-12-22,128.25888061523438,130.71941139606707,126.09010064650239,127.99629004452623,168904800
2020-12-23,127.36415100097656,128.79377458393498,127.18908566358635,128.53119883757725,88223700
2020-12-24,128.3463897705078,129.79548292817182,127.50028284184114,127.71424330377316,54930100
2020-12-28,132.93682861328125,133.5689752639016,129.84413593469228,130.31096699096756,124486200
2020-12-29,131.16673278808594,134.97909558908609,130.65128672314287,134.25942401755736,121047300
2020-12-30,130.04837036132812,132.25604575507535,129.7371496715403,131.85729981121693,96452100
2020-12-31,129.04664611816406,131.0403608931575,128.1032788564328,130.398479383972,99116600
2021-01-04,125.8567123413086,129.94138734935098,123.27947356294186,129.85386209713596,143301900
2021-01-05,127.4127426147461,128.1227090738479,124.90358206952835,125.35095799115666,97664900
2021-01-06,123.12387084960938,127.45168913950543,122.90991032661502,124.21312104853068,155088000
2021-01-07,127.32525634765625,128.01576801979238,124.34927881160118,124.83555003879502,109578200
2021-01-08,128.42417907714844,128.9882552399278,126.65414544499792,128.79373496048996,105158200
2021-01-11,125.43851470947266,126.59584254088283,124.97169851220295,125.64275514317653,100384500
2021-01-12,125.26343536376953,126.1289973076945,123.376701166046,124.97166974271053,91951100
2021-01-13,127.29608154296875,127.84070294426009,124.96198558320008,125.22456136179542,88636800
2021-01-14,125.37042999267578,127.40303981441828,125.22453974548624,127.20853432464988,90221800
2021-01-15,123.64900970458984,126.64444134000357,123.51285439569902,125.24397825437474,111598500
2021-01-19,124.32008361816406,125.1759255883475,123.45452156734409,124.27145353534586,90757300
2021-01-20,128.40475463867188,128.85213061210496,125.02031169638846,125.12729193961263,104319500
2021-01-21,133.1118621826172,135.83498363825382,129.9219245699571,130.12616498605254,120150900
2021-01-22,135.25146484375,136.01004665089906,131.31266555904966,132.53806351525557,114459400
2021-01-25,138.99571228027344,141.1061268129052,132.790889061693,139.14160249614895,157611700
2021-01-26,139.22914123535156,140.33783872046894,137.48828243304504,139.6570621664172,98390600
2021-01-27,138.15939331054688,140.33789398115397,136.55470402699004,139.49177186525554,140843800
2021-01-28,133.3258056640625,138.09127131319642,132.94651480242143,135.68909090953088,142621100
2021-01-29,128.33670043945312,132.98545188101477,126.63475125528835,132.1004347436925,177523800
2021-02-01,130.4568328857422,131.66279076657688,127.33496534929878,130.07754195512933,106239800
2021-02-02,131.2834930419922,132.56724118693242,130.91392221186754,132.0031648608857,83305400
2021-02-03,130.26234436035156,132.04209890979024,129.9414035557163,132.03236398733958,89880900
2021-02-04,133.61758422851562,133.6273043090521,130.8944628567243,132.55751669715318,84183100
2021-02-05,133.20362854003906,133.8464691818489,132.32703847356598,133.77829722031976,75693800
2021-02-08,133.34974670410156,133.39844945852406,131.41149002924152,132.49262578464683,71297200
2021-02-09,132.47312927246094,134.29451105529114,132.31730127973145,133.06726715184539,76774200
2021-02-10,131.86929321289062,133.427692466588,130.90503200269075,132.93094508769863,73046600
2021-02-11,131.61598205566406,132.84321071258427,130.29134792956486,132.36594769278798,64280000
2021-02-12,131.84976196289062,132.00560480490336,130.2134567077312,130.85629728454018,60145100
2021-02-16,129.72647094726562,132.47313069680968,129.33686380627134,131.96666370650627,80576300
2021-02-17,127.43758392333984,128.78170264078364,126.10321467381557,127.83692569620267,97918500
2021-02-18,126.33697509765625,126.61942728077476,124.09678225798234,125.8402278328021,96856700
2021-02-19,126.49280548095703,127.31097309084008,125.45063790347744,126.85319396385569,87668800
2021-02-22,122.72344970703125,126.34671464924598,122.33384996779367,124.68117557823038,103916400
2021-02-23,122.58708190917969,123.4149766498793,115.31133387912055,120.54169271715817,158273000
2021-02-24,122.0903549194336,122.29489311702532,119.05149320550255,121.69102056156322,111039900
2021-02-25,117.84371948242188,123.17147632846172,117.40542445743719,121.43776543888308,148199500
2021-02-26,118.10669708251953,121.60333738053185,118.04825229910983,119.40210545733144,164560400
2021-03-01,124.4668960571289,124.60325484384613,119.5969181572381,120.53195302229754,116307900
2021-03-02,121.8663330078125,125.3727157063762,121.75919289657611,125.07077944616279,102260900
2021-03-03,118.88591003417969,122.44099574374602,118.67162979614048,121.56439814767528,112966300
2021-03-04,117.00607299804688,120.38583846392305,115.53534519039708,118.58394833274576,178155000
2021-03-05,118.26255798339844,118.7690399167778,114.51267596521379,117.83400492169004,153766600
2021-03-08,113.3341064453125,117.85344455096923,113.18800564768664,117.78526516954318,154376600
2021-03-09,117.94113159179688,118.88590857647793,115.700946019303,115.93470289838993,129525800
2021-03-10,116.85997009277344,118.99301494253613,116.34374629434264,118.5255013169697,111943300
2021-03-11,118.78849792480469,120.00599237807343,118.10670400337277,119.35341713456053,103026500
2021-03-12,117.88267517089844,118.01903394756955,116.06130832636462,117.26906067587845,88105100
2021-03-15,120.76570129394531,120.77544332973144,117.28853761790177,118.25279852383531,92403800
2021-03-16,122.30461120605469,123.91170522216095,121.47671654048351,122.43122794234345,115227900
2021-03-17,121.51567840576172,122.58707194968112,119.15860369194408,120.82414250531377,111932600
2021-03-18,117.39569854736328,119.97678859492719,117.19116034554088,119.68458691746812,121229700
2021-03-19,116.8697280883789,118.27228410779664,116.56779183514182,116.7820720526636,185549500
2021-03-22,120.18131256103516,120.64883370339138,117.13270910784668,117.20088850037816,111912300
2021-03-23,119.3534164428711,121.0092059173222,118.96381673388366,120.12287382459728,95467100
2021-03-24,116.96712493896484,119.70405755554833,116.94764829711929,119.62613612617307,88530500
2021-03-25,117.45413208007812,118.49631456122934,115.90548256064227,116.43144110431777,98844700
2021-03-26,118.0580062866211,118.32098926109825,115.82755546141085,117.22036947257719,94071200
2021-03-29,118.23331451416016,119.3923715504468,117.59048134086395,118.48655542775977,80819200
2021-03-30,116.78207397460938,117.26907177481125,115.76911765846987,116.98661215897457,85671900
2021-03-31,118.97357177734375,120.3079410804402,117.9995761138878,118.48657394561577,118323800
2021-04-01,119.80145263671875,120.95076768283118,119.30471282559485,120.44429326652572,75089100
2021-04-05,122.62605285644531,122.87929380413213,119.86964340519192,120.64884289146045,88651200
2021-04-06,122.92799377441406,123.82406801579717,122.38255857200649,123.21045341308864,80171300
2021-04-07,124.57402801513672,124.59350465582355,121.88579830959569,122.55785759372996,83466700
2021-04-08,126.97006225585938,126.99928093380576,125.17791398584798,125.59672494440802,88844600
2021-04-09,129.5414276123047,129.58038090088027,126.10322399320837,126.4246443564377,106686700
2021-04-12,127.82713317871094,129.3952660179612,127.23299552254812,129.0738458241039,91420000
2021-04-13,130.9342041015625,131.15823376064404,128.49921542278324,128.99596262492872,91266500
2021-04-14,128.59664916992188,131.48941754486856,128.2362755221187,131.43098018165665,87222800
2021-04-15,131.00242614746094,131.48942401418012,130.16478922222413,130.34011618248067,89347100
2021-04-16,130.67123413085938,131.16796646381349,129.81411337251544,130.80759290041487,84922400
2021-04-19,131.33355712890625,131.9471790846723,129.87256379574342,130.0381412567294,94264200
2021-04-20,129.64854431152344,132.00561168739057,128.3823471626382,131.50887932231677,94812300
2021-04-21,130.02841186523438,130.27191076385841,127.88562452974153,128.9180574819885,68847100
2021-04-22,128.50897216796875,130.66149395921403,127.99275572778816,129.58035833012048,84566500
2021-04-23,130.82708740234375,131.60627194079382,128.72325347974677,128.72325347974677,78657500
2021-04-26,131.2166748046875,131.54782970744535,130.0868364590517,131.32381490404939,66905100
2021-04-27,130.89527893066406,131.88875868630524,130.62256132903624,131.49915149684074,66015800
2021-04-28,130.10635375976562,131.5089100143574,129.619355885921,130.81736649421998,107760100
2021-04-29,130.00892639160156,133.50558183329358,129.00571212903608,132.92117853809344,151101000
2021-04-30,128.0414581298828,130.08683981317637,127.66160046998598,128.3531289693404,109839500
2021-05-03,129.0933837890625,130.58361088598772,128.40185516343865,128.6063859381181,75135100
2021-05-04,124.52532958984375,128.07068022860358,123.40523322106765,127.77847859118502,137564700
2021-05-05,124.76884460449219,127.05772538948398,124.6422204183204,125.84023086704354,84000900
2021-05-06,126.3661880493164,126.37592265450229,123.82405163749547,124.56429033642047,78128300
2021-05-07,127.03938293457031,128.06380344320834,126.32714777247271,127.66379828936026,78973300
2021-05-10,123.76119995117188,126.38569336703041,123.7221730582719,126.25886899143829,88071200
2021-05-11,122.84408569335938,123.19531281841267,119.78053807914273,120.4927657999539,126142800
2021-05-12,119.78054809570312,121.60501628867115,119.27321336720668,120.39521236408822,112172300
2021-05-13,121.92697143554688,123.07823863645709,121.23426088704589,121.54646856304096,105861300
2021-05-14,124.3465805053711,124.7758688561986,122.78554210729591,123.17580356771927,81918000
2021-05-17,123.19532012939453,123.83925269137897,122.12210663637244,123.7319305977149,74244600
2021-05-18,121.80989837646484,123.8977887358132,121.74160317568686,123.47825894714309,63342900
2021-05-19,121.65380096435547,121.87819629608094,119.86835967667767,120.16105765432343,92612000
2021-05-20,124.20999908447266,124.61001915730156,122.05381347828964,122.18065274217139,76857100
2021-05-21,122.37577819824219,124.8831983677244,122.16113401006866,124.70758107227505,79295400
2021-05-24,124.00511169433594,124.82466155300955,122.87336158160026,122.94165678285485,63092900
2021-05-25,123.80998992919922,125.19541862484827,123.24411112700588,124.70758616767343,72009500
2021-05-26,123.76119995117188,124.28805183989326,123.3416701570207,123.86852204574208,56575900
2021-05-27,122.22943115234375,124.5319657543007,122.03430412924318,123.36118872845968,94625600
2021-05-28,121.57575988769531,122.73678589181651,121.51722326349409,122.51238309301259,71311100
2021-06-01,121.25376892089844,122.29771402080185,120.92205152635813,122.03429182182089,67637100
2021-06-02,122.01480102539062,122.19041834387204,121.02939976844125,121.25379512651105,59278900
2021-06-03,120.53181457519531,121.8099138277147,120.1317944601695,121.6440550967321,76229200
2021-06-04,122.82455444335938,123.08798406146727,120.83422793030441,121.04887208028347,75169300
2021-06-07,122.83433532714844,123.24410653680496,121.7903901347652,123.09775754946514,71057600
2021-06-08,123.65387725830078,125.33200387040455,123.13678395621102,123.51728685562117,74403800
2021-06-09,124.03439331054688,124.63929904628665,123.43924615992437,124.1124471042461,56877900
2021-06-10,123.03922271728516,125.06857651400928,122.87336400291547,123.9270603510902,71186400
2021-06-11,124.2490234375,124.33683580636276,123.02946096276283,123.44899075181716,53522400
2021-06-14,127.30282592773438,127.36136255409737,123.97586282548664,124.70760042950351,96906500
2021-06-15,126.48328399658203,127.41991468464407,126.23937146072876,126.7759820170539,62746300
2021-06-16,126.98086547851562,127.70285197400149,125.33202917302177,127.19550970995087,91815000
2021-06-17,128.5808868408203,129.32239025268845,126.49299676283543,126.63935317228925,96721700
2021-06-18,127.28328704833984,128.3077074896389,127.06864288856177,127.52719951288445,108953300
2021-06-21,129.0784912109375,129.18581330080102,126.063736441913,127.1271913132279,79663300
2021-06-22,130.7175750732422,130.8151460223462,128.4150406144124,128.91263161271146,74783600
2021-06-23,130.4444580078125,131.0493713907559,129.98590112002617,130.51276068300123,60214200
2021-06-24,130.16146850585938,131.36151382298493,129.69314579268672,131.17613794325877,68711000
2021-06-25,129.86874389648438,130.62974954026467,129.57604598259172,130.21022727723152,70783700
2021-06-28,131.4980926513672,131.95664929646315,130.10292043684166,130.1614570490265,62111300
2021-06-29,133.01039123535156,133.16649883756983,131.0786080414317,131.51764764633526,64556100
2021-06-30,133.62503051757812,134.0640700400228,132.56156070353867,132.8542586809143,63261400
2021-07-01,133.92750549316406,133.98604212249344,132.45426418125246,133.27382165358517,52485800
2021-07-02,136.552001953125,136.59102140885628,134.39580856478537,134.54215013282746,78852600
2021-07-06,138.56178283691406,139.66425694043204,136.65926878574828,136.65926878574828,108181800
2021-07-07,141.04977416992188,141.36197453153494,139.1862784823269,140.04484064219469,104911600
2021-07-08,139.7521209716797,140.55214628534262,137.24469315334258,138.13253828734636,105575500
2021-07-09,141.5765380859375,142.1033824089943,139.1764331121068,139.2740040435633,99890800
2021-07-12,140.9814453125,142.75713571421414,140.49362024221452,142.64981360326175,76299700
2021-07-13,142.0936279296875,143.869317607253,140.1325773062874,140.5228312484694,100827100
2021-07-14,145.51820373535156,145.92798987044893,144.08399692422722,144.49378305932458,127050800
2021-07-15,144.86447143554688,146.3474632313837,143.50831887175875,145.6059747770822,106820300
2021-07-16,142.8253936767578,146.1133292004128,142.32781756831105,144.8449961921481,93251400
2021-07-19,138.98138427734375,140.56194790963846,138.22037822326354,140.24973266322485,121434600
2021-07-20,142.59124755859375,143.518127007473,139.47893643261804,139.96676145319105,96350000
2021-07-21,141.85951232910156,142.57174758950413,141.10827250404336,141.98635160042446,74993500
2021-07-22,143.2253875732422,144.59129128070637,142.25948895259933,142.38632818516166,77338200
2021-07-23,144.9425811767578,145.09868877076016,143.34251555633264,143.95717990319216,71447400
2021-07-26,145.36209106445312,146.18163344756866,144.10349429509156,144.6596219111436,72434100
2021-07-27,143.19615173339844,145.5767400665626,142.00585756681636,145.48892025406204,104818600
2021-07-28,141.44973754882812,143.391286472983,139.06914908747908,141.28387882976534,118931200
2021-07-29,142.0936279296875,142.98147276847027,141.0594415843949,141.16676365158,56699500
2021-07-30,142.30828857421875,142.7668451974614,140.60090132642787,140.8643309559415,70440600
2021-08-02,141.9765625,143.37173456258094,141.7131328866216,142.79610475580563,62880000
2021-08-03,143.77174377441406,144.4351784401712,141.64481963694757,142.25948372634215,64786600
2021-08-04,143.37173461914062,144.19127687526958,142.7180510419496,143.68394969989515,56368300
2021-08-05,143.47906494140625,144.24007063545545,142.6107371680816,143.40101116673,46397700
2021-08-06,142.79510498046875,143.74290453377364,142.29678337483543,143.0003050001657,54126800
2021-08-09,142.74624633789062,143.34228507821692,142.18930041536296,142.8537292225246,48908700
2021-08-10,142.26744079589844,144.3291466635416,141.9743043631005,143.08821088010203,69023100
2021-08-11,142.52151489257812,143.36183156118472,142.19906623850963,142.70716850336376,48493500
2021-08-12,145.4821319580078,145.63847337771486,142.50193887407255,142.84393386598944,72282600
2021-08-13,145.68739318847656,146.0196076628779,144.87638850599475,145.56036386786354,59375000
2021-08-16,147.6610870361328,147.72949199860398,143.11752446564824,145.1401375440863,103296000
2021-08-17,146.75242614746094,148.20831321235303,145.67759718518755,146.7915040599331,92229700
2021-08-18,143.0100860595703,147.27029417589944,142.80488601790597,146.37135309386304,86326000
2021-08-19,143.34228515625,144.61253336364982,141.1926423719419,141.71051038649435,86960300
2021-08-20,144.7982177734375,145.10112008303318,143.42048638829777,144.0653838336242,60549600
2021-08-23,146.28341674804688,146.7524262457425,144.50506608373868,144.91545125791524,60131800
2021-08-24,146.1954345703125,147.40705833624506,145.73619092005404,146.02932738546966,48606400
2021-08-25,144.96432495117188,146.87947087329786,144.41714466186295,146.3811342523207,58991300
2021-08-26,144.1630401611328,145.7068782917423,144.13372800564036,144.95451308804914,48597200
2021-08-27,145.19882202148438,145.34538283026907,143.46932993010927,144.10444664756716,55802400
2021-08-30,149.61534118652344,149.97688265994054,145.2085727146907,145.58964568755835,90956700
2021-08-31,148.35488891601562,149.30268857096087,147.82724018566304,149.1658935130071,86453100
2021-09-01,149.01927185058594,151.4327384864577,148.8531646821077,149.3319546921016,80313700
2021-09-02,150.1331787109375,151.17869519131676,148.911789313974,150.34814443756616,71115500
2021-09-03,150.76837158203125,151.09082030337387,149.5860596037749,150.24072279818162,57808700
2021-09-07,153.10366821289062,153.66061425099002,150.85630782844845,151.42303452779782,82278300
2021-09-08,151.55982971191406,153.44564855103232,150.45568847705636,153.38702422166725,74420200
2021-09-09,150.54359436035156,152.5368955037672,150.42633082753412,151.9310910707807,57305700
2021-09-10,145.5603485107422,151.92134106933233,145.2965241455898,151.45233157203938,140893200
2021-09-13,146.1270751953125,147.9542695218118,145.34538275990522,147.18235774668085,102404300
2021-09-14,144.7298126220703,147.61230470977705,143.54751554982687,146.90878293557242,109296300
2021-09-15,145.6189727783203,146.01959220126037,143.01985176888803,145.15972903193406,83281300
2021-09-16,145.38442993164062,145.56031777444971,143.85037245648,145.04244981377065,68034100
2021-09-17,142.71694946289062,145.41378761722353,142.4238129361749,145.41378761722353,129868800
2021-09-20,139.6683807373047,141.5248874282257,138.03660561412693,140.50869758793672,123478900
2021-09-21,140.14710998535156,141.29034368063373,139.51199340756355,140.63566578658538,75834000
2021-09-22,142.51177978515625,143.07849157950753,140.41098020716424,141.1438141486521,76404300
2021-09-23,143.46929931640625,143.71357721861844,142.30653411634987,143.29341147385273,64838200
2021-09-24,143.5572509765625,144.09466540021555,142.2283784515029,142.32609558654582,53477900
2021-09-27,142.0427703857422,142.6192778120824,140.52825867374906,142.1404875521175,74150700
2021-09-28,138.66192626953125,141.43691994614318,138.44696050068399,139.97125238193445,108972300
2021-09-29,139.56089782714844,141.14381437221513,138.7792053064143,139.2091369382953,74602000
2021-09-30,138.2613067626953,141.075393254431,138.04634099404652,140.37187163149707,89056700
2021-10-01,139.38497924804688,139.64880358400276,135.9260103602956,138.65214546670163,94639600
2021-10-04,135.95530700683594,138.95504676613083,135.10522468851968,138.5153346198599,98322000
2021-10-05,137.88021850585938,138.9843593851802,136.1702732054442,136.29730248452776,80861100
2021-10-06,138.74986267089844,138.89642346342436,135.20294239635672,136.2777712400183,83221100
2021-10-07,140.0103302001953,140.9190518423827,139.45338427911526,139.7855986818326,61732700
2021-10-08,139.62924194335938,140.87994360098938,139.29702757701324,140.73338282452485,58773200
2021-10-11,139.54132080078125,141.49554421911762,138.56420909161307,139.01368703802868,64452200
2021-10-12,138.2710723876953,139.97125212650982,137.81182869231796,139.95170571768443,73035900
2021-10-13,137.68482971191406,138.163604960137,136.01396194464323,138.00727840066958,78762700
2021-10-14,140.4695281982422,140.58679170364334,138.27102756856237,138.8573003669583,69907100
2021-10-15,141.52484130859375,141.58346561937512,140.22528108462743,140.47933964406647,67940300
2021-10-18,143.19573974609375,143.47909561279081,139.88333128324254,140.1666871499396,85589200
2021-10-19,145.35516357421875,145.75578303894451,143.195754584487,143.64521771748375,76378900
2021-10-20,145.8437042236328,146.32249438069462,144.72979735027167,145.29652399244392,58418800
2021-10-21,146.05865478515625,146.21499623763387,144.4855043297612,145.40399172614036,61421000
2021-10-22,145.28675842285156,146.74264548774926,145.23789985010384,146.26387023963363,58883400
2021-10-25,145.23789978027344,145.95118723150932,144.24124155296286,145.27697769272697,50720600
2021-10-26,145.90231323242188,147.387512149544,145.5993961083312,145.912078981119,60893400
2021-10-27,145.44309997558594,146.30294823636,145.0913391249601,145.94142163499626,56094900
2021-10-28,149.07794189453125,149.66419997930225,146.29316753585874,146.3908846714247,100077900
2021-10-29,146.37132263183594,146.5081176612954,143.05891485963772,143.85037288076313,124953200
2021-11-01,145.5505828857422,146.2736360885386,144.41712959922393,145.57989504750188,74588300
2021-11-02,146.5863037109375,148.10082985163274,145.2476505224247,145.25743118168475,69122000
2021-11-03,148.02267456054688,148.49168405814817,146.3908996149076,146.9478455977698,54511500
2021-11-04,147.5048370361328,148.94117798813423,147.19215403328474,148.1106417172182,60394600
2021-11-05,148.033203125,148.9334561453401,146.83938576662882,148.6301118041856,65463900
2021-11-08,147.21124267578125,148.3169952703634,146.93725326087116,148.16042562432813,55020900
2021-11-09,147.57325744628906,148.17994599827716,146.83935422451017,146.9763488953236,56787900
2021-11-10,144.74530029296875,146.9078752619248,144.67681041564214,146.80023551358215,65187100
2021-11-11,144.6963653564453,146.22288178403127,144.5104408038777,145.76298280044355,41000000
2021-11-12,146.77090454101562,147.17209373098063,144.3147648635999,145.24437287945577,63804000
2021-11-15,146.78067016601562,148.62032601011296,146.22289645235986,147.14272437440852,59222800
2021-11-16,147.75918579101562,148.23867461686362,146.1348097014568,146.72193826652372,59256200
2021-11-17,150.19580078125,151.67338776419928,147.74945581731131,147.75923582189736,88807000
2021-11-18,154.4817352294922,155.26456834184324,149.765191484069,150.4110299216061,137827700
2021-11-19,157.10426330566406,157.56417731455713,153.17053675502055,154.26649442831288,117305600
2021-11-22,157.5641326904297,162.14368161224743,157.54455775714948,158.209956175684,117467900
2021-11-23,157.94578552246094,158.3274146566765,155.64621578340464,157.66200120676388,96041900
2021-11-24,158.4644317626953,158.66013635871653,156.2137915801923,157.2999692591092,69463600
2021-11-26,153.44451904296875,157.00639624695634,153.00417999336176,156.1452930856568,76959800
2021-11-29,156.8009033203125,157.73051124922804,155.38201155737082,155.9495652762871,88748200
2021-11-30,161.75230407714844,161.9675835913138,156.48776584559891,156.55627065978888,174048100
2021-12-01,161.23367309570312,166.6449857878265,160.99881865483053,163.88550209995378,152052500
2021-12-02,160.24533081054688,160.6758897940943,154.41325439149716,155.33308223247562,136739200
2021-12-03,158.3665313720703,161.41957902573364,156.29203631008477,160.4997512359703,118023100
2021-12-06,161.77188110351562,164.27693555746282,160.7541933995356,160.76397340255957,107497000
2021-12-07,167.50611877441406,167.89754291240308,164.7270745855606,165.4511980423622,120405400
2021-12-08,171.3223876953125,172.1835056764081,167.03638765651502,168.43570437579535,116998900
2021-12-09,170.8135528564453,172.95655298827864,170.18728927314578,171.15604705270513,108923700
2021-12-10,175.59861755371094,175.77476213435622,170.94078267392138,171.4496265464153,115402700
2021-12-13,171.96823120117188,178.22108688608395,171.76273170193855,177.23275419312068,153237000
2021-12-14,170.5885009765625,173.92531854630914,168.51400556372403,171.48875398461132,139380400
2021-12-15,175.45184326171875,175.6475478496639,168.6118581679586,171.35176719309973,131063300
2021-12-16,168.56288146972656,177.25230012898882,167.0852950701425,175.43221959715143,150185800
2021-12-17,167.46697998046875,169.74697513874438,166.0481029746897,166.28294252078598,195432700
2021-12-20,166.1068115234375,166.91899978685493,163.86596626176092,164.66835958996737,107499100
2021-12-21,169.2772674560547,169.48275204230814,165.49031583648394,167.8779505711604,91185900
2021-12-22,171.870361328125,172.08564081700152,168.4552593739479,169.32615733120278,92135300
2021-12-23,172.4966278076172,173.0544014741378,171.50831008728667,172.07586375572322,68356600
2021-12-27,176.45970153808594,176.54776634572997,173.26967407814607,173.28923408120028,74919600
2021-12-28,175.44204711914062,177.43827272382592,174.69836371754772,176.29338521436063,79144300
2021-12-29,175.5301055908203,176.7532777728696,174.316713410959,175.48117571727812,62348900
2021-12-30,174.37542724609375,176.69457190920295,174.26778749437727,175.6181743920382,59773000
2021-12-31,173.7589874267578,175.38334904304386,173.45562812611084,174.2678163999058,64062300
2022-01-03,178.10365295410156,178.95499096160628,173.895952516217,174.01337226981713,104487900
2022-01-04,175.84324645996094,179.01371442958575,175.27569272230144,178.71037008888723,99310400
2022-01-05,171.16583251953125,176.3031560396219,170.89184312629723,175.7551772531539,94537600
2022-01-06,168.30850219726562,171.53767993498516,167.95622799076347,168.99347567343597,96904000
2022-01-07,168.47483825683594,170.40255876885018,167.3593058480161,169.1793866130696,86709100
2022-01-10,168.4944305419922,168.79777487885306,164.56070430318124,165.4511773077938,106765600
2022-01-11,171.3223876953125,171.4202325096092,167.15382233749222,168.62162893365016,76138300
2022-01-12,171.76272583007812,173.37730710526796,171.06797240622825,172.34005950483805,74805200
2022-01-13,168.4944305419922,172.82934594142114,168.10300645305696,172.00737775161056,84505800
2022-01-14,169.3555450439453,170.05029852382498,167.4180294399018,167.66266389110206,80440800
2022-01-18,166.1557159423828,168.83689986985863,165.77408681023036,167.82900716362772,90956700
2022-01-19,162.66232299804688,167.40823697043027,162.3785536255594,166.35141442818917,94815000
2022-01-20,160.97923278808594,166.0382709410417,160.6563135530504,163.3962221186515,91420500
2022-01-21,158.92434692382812,162.76021377251277,158.81670715554318,160.89120276470334,122848900
2022-01-24,158.15130615234375,158.81671975397313,151.37982501105924,156.58565431735994,162294600
2022-01-25,156.35073852539062,159.26677642977702,153.64998009025078,155.56790544915762,115798400
2022-01-26,156.26271057128906,160.8618354481178,154.43284958250229,159.99093736491258,108275300
2022-01-27,155.8027801513672,160.3236197319786,154.88295228679408,158.9634528706825,121954600
2022-01-28,166.67434692382812,166.69392186078738,159.30595841103175,162.15350702087153,179935700
2022-01-31,171.02886962890625,171.24414918238276,165.87197021276285,166.5080288685089,115541600
2022-02-01,170.86248779296875,171.08754730875657,168.61184784118433,170.2753591337895,86213900
2022-02-02,172.0660858154297,172.105235689561,169.6099612749151,170.9994831805343,84914300
2022-02-03,169.1891632080078,172.45749049022623,168.42590499267487,170.7352545735362,89418100
2022-02-04,168.90505981445312,170.580497991328,167.22962163757825,168.20940619823992,82465400
2022-02-07,168.1897735595703,170.43347298885462,167.4941201406985,169.36551170876842,77251200
2022-02-08,171.29574584960938,171.80523803495097,167.96446919200875,168.25840756625686,74829200
2022-02-09,172.71640014648438,173.07891560572492,171.36429283315064,172.4910539110368,71285000
2022-02-10,168.6405029296875,171.93257943938036,168.08203354026793,170.6196718007765,90865900
2022-02-11,165.2308807373047,169.5811269216294,164.64300397443432,168.846288443205,98670700
2022-02-14,165.46604919433594,166.15189551198674,163.19294145546075,163.98656469090872,86185500
2022-02-15,169.29696655273438,169.45373566949445,166.80832036305304,167.5137664381475,62527400
2022-02-16,169.06179809570312,169.83582117930217,166.61233714082573,168.3759520184021,61177400
2022-02-17,165.46604919433594,168.43479571599676,165.06433386888028,167.5725803736195,69589300
2022-02-18,163.91795349121094,167.0924457737123,162.83039207397334,166.3870146722984,82772700
2022-02-22,160.99819946289062,163.32028399061443,158.87205389872815,161.64484588368407,91162800
2022-02-23,156.83412170410156,162.7911986729469,156.52058346872764,162.19352949330056,90009200
2022-02-24,159.45013427734375,159.55791116992768,148.9272434071185,149.49552020889521,141147500
2022-02-25,161.51748657226562,161.78201763247694,157.61793335879435,160.52789462372328,91974200
2022-02-28,161.7820281982422,162.07596656799925,159.1464052349538,159.76367431641097,95056600
2022-03-01,159.90081787109375,163.23209394256236,158.69568719407653,161.37049453342058,83474400
2022-03-02,163.19293212890625,163.97676285442304,159.6559088746692,161.06680119053394,79724800
2022-03-03,162.86956787109375,165.49539801856008,162.20332160924863,165.06429046074288,76678400
2022-03-04,159.87144470214844,162.20333673673338,158.82308299816066,161.16476749621853,83737200
2022-03-07,156.07968139648438,161.6840502038395,155.82492784594277,160.05760426701897,96418800
2022-03-08,154.2572784423828,159.58730866544224,152.65043241487155,155.60938587479396,131148300
2022-03-09,159.65589904785156,160.10660654613918,156.1874681101056,158.2156144765831,91454900
2022-03-10,155.31544494628906,157.14763719865718,152.82678391494153,156.9614757494235,105342000
2022-03-11,151.6020965576172,156.0601203476823,151.37675024173146,155.7171896906275,96970100
2022-03-14,147.5751190185547,151.0043643598726,147.0656419035059,148.38834185067742,108732100
2022-03-15,151.9547576904297,152.42506496258488,147.33998157862231,147.8494586979721,92964300
2022-03-16,156.36378479003906,156.76549997179433,151.3375011134131,153.875139056129,102300200
2022-03-17,157.37298583984375,157.7453087439647,154.44343967423552,155.40362432397723,75615400
2022-03-18,160.6650390625,161.15493125437885,156.53034776701656,157.26518605483486,123511700
2022-03-21,162.03675842285156,162.98715054298916,159.71465909153343,160.20455132045697,95811400
2022-03-22,165.4072265625,165.9950882926474,161.5762655771906,162.164127307338,81532000
2022-03-23,166.76910400390625,169.14997284411103,164.26084346132168,164.59398150898377,98062700
2022-03-24,170.55111694335938,170.61969409297694,166.769147690774,167.60195565228418,90131400
2022-03-25,171.18792724609375,171.73660410420254,169.2577508307534,170.36491195893058,80546200
2022-03-28,172.0501708984375,172.1775327221898,168.52294058057433,168.6895021580393,90371900
2022-03-29,175.34225463867188,175.39123190730578,172.77520887835874,173.11813946075333,100589400
2022-03-30,174.17628479003906,175.97908457885987,173.12790825883917,174.9405154603071,92633200
2022-03-31,171.08018493652344,174.43104638306448,170.87442359799343,174.2448849220912,103049300
2022-04-01,170.78623962402344,171.34472398421482,168.46415506398156,170.5119011506989,78751300
2022-04-04,174.832763671875,174.88175589117134,170.91362533338986,171.04100211349504,76468400
2022-04-05,171.52110290527344,174.69561063609092,170.89404131095085,173.91177990560575,73401800
2022-04-06,168.3563690185547,170.1199840728932,166.69073839236125,168.87565359700926,89058800
2022-04-07,168.6600799560547,169.85541807711806,166.41638033883945,167.69989546465595,77594700
2022-04-08,166.6515350341797,168.30737316185164,165.77952746373003,168.30737316185164,76575500
2022-04-11,162.3992919921875,165.61298417615765,162.1543458504195,165.29946088886413,72246700
2022-04-12,164.2707061767578,166.43602198876223,163.27132159796375,164.62342926631288,79265200
2022-04-13,166.95529174804688,167.58235330112555,163.39868377604554,164.00614545081112,70618900
2022-04-14,161.94857788085938,167.80770011623432,161.70363174912274,167.17083120352376,75329400
2022-04-18,161.7330322265625,163.23210129361956,160.2633554980497,160.60627109784113,69023900
2022-04-19,164.01593017578125,164.42745284930518,160.59649161266293,161.68405307765963,67723800
2022-04-20,163.84934997558594,165.46600329408383,162.74220370933205,165.34841899344127,67929800
2022-04-21,163.05572509765625,168.062424195949,162.55604041418727,165.4953937411617,87227800
2022-04-22,158.51934814453125,164.4764404677371,158.2352171809879,163.09495550660975,84882400
2022-04-25,159.58731079101562,159.87144172970685,155.2566649146805,157.862880430984,96046400
2022-04-26,153.63021850585938,159.0582182667308,153.55183394880203,158.9700412464134,95623200
2022-04-27,153.40489196777344,156.55978483050606,152.2389458259476,152.75823050166923,88063200
2022-04-28,160.33193969726562,161.19415486672693,155.717147988404,156.030686213781,130216800
2022-04-29,154.46304321289062,162.84020491275837,154.071135335253,158.56834326506834,131747600
2022-05-02,154.7667694091797,155.03130046543404,150.17157761678854,153.54203875876948,123055300
2022-05-03,156.2560272216797,157.46117291588328,153.15991957685017,154.95291204808,88966500
2022-05-04,162.663818359375,163.11451083359574,156.040465917951,156.4421811299961,108256500
2022-05-05,153.600830078125,160.76305283929582,151.8176149978829,160.53770657596968,130525300
2022-05-06,154.326904296875,156.44635165846242,151.28510401095104,153.08074566682737,116124600
2022-05-09,149.20489501953125,152.90411309612608,148.64560521517865,152.0210026549501,131577900
2022-05-10,151.60890197753906,153.79704209180267,150.05856639249635,152.5999477156594,115366700
2022-05-11,143.74932861328125,152.53128118939546,143.07228159830737,150.61789721596364,142689800
2022-05-12,139.88330078125,143.45495579096956,136.19390367446763,140.08936442340104,182602000
2022-05-13,144.3478546142578,145.31927170624107,140.42295884876623,141.87516608975716,113990900
2022-05-16,142.80735778808594,144.75019240669823,141.47289233038416,142.81717961196202,86643800
2022-05-17,146.43788146972656,146.95792901438662,143.9259353445969,146.0650115425021,78336300
2022-05-18,138.17599487304688,144.59319436014727,137.27325546059197,144.09277542323014,109742900
2022-05-19,134.7711181640625,139.0001910759216,134.03520018713232,137.25361360845713,136095600
2022-05-20,135.006591796875,138.0581987019196,130.12010100370028,136.47842763585558,137426100
2022-05-23,140.4230194091797,140.57019707494348,135.0655277909443,135.202898603089,117726300
2022-05-24,137.724609375,139.3043807072169,134.75150167714628,138.1661572066265,104132700
2022-05-25,137.88162231445312,139.12776621000188,135.742545873108,135.8308524536192,92482700
2022-05-26,141.0803680419922,141.6298510183434,134.56504208814962,134.81034805775556,90601500
2022-05-27,146.8303680419922,146.869610416665,142.5326018592053,142.6601657784012,90978500
2022-05-31,146.04539489746094,147.8312299883083,144.08294665114528,146.27108722583742,103718400
2022-06-01,145.91783142089844,148.89093902040028,144.90715690011942,147.08547543452738,74286600
2022-06-02,148.3708953857422,148.429766433254,144.1025647736461,145.05435330119587,72348100
2022-06-03,142.65037536621094,145.19174238635256,141.74765092180013,144.14182533230215,88570300
2022-06-06,143.39608764648438,145.78046996633253,142.17936438712687,144.2693764860653,71598400
2022-06-07,145.91783142089844,146.20237980048756,141.39438806442126,141.63969407079793,67808200
2022-06-08,145.1819305419922,147.0560572730291,144.69131847131706,145.79028471849585,53950200
2022-06-09,139.96180725097656,145.17210490927135,139.85387199936835,144.31844471982856,69473000
2022-06-10,134.55528259277344,138.1171163437947,134.4865897104107,137.64613290864105,91437900
2022-06-13,129.40383911132812,132.6614953380435,128.97209811172078,130.37524138815306,122207100
2022-06-14,130.26731872558594,131.37610685696256,129.01135295389076,130.63038185886012,84784300
2022-06-15,132.8871612548828,134.76130271815364,129.67856950370555,131.76856647591572,91533000
2022-06-16,127.6180191040039,129.90427332336094,126.61716621170363,129.60009621204748,108123900
2022-06-17,129.08984375,130.58130861525225,127.37270152778396,127.62782938306579,134520300
2022-06-21,133.3189239501953,134.48658311474856,130.8168142802015,130.91492771438774,81000500
2022-06-22,132.80868530273438,135.17342395812105,131.39572023105475,132.25918724085466,73409200
2022-06-23,135.67385864257812,135.9878425646897,133.0834276529192,134.25108671150673,72433800
2022-06-24,139.00021362304688,139.24551965514786,137.1457006192552,137.27324957478913,89116800
2022-06-27,139.00021362304688,140.79585557470105,138.32316657888146,140.02068012877845,70207900
2022-06-28,134.8594512939453,140.7271675936439,134.7417091855751,139.46139501178652,67083400
2022-06-29,136.61581420898438,138.02877917366496,134.10388314834785,134.87905849783044,66242400
2022-06-30,134.1529541015625,135.77196780465343,131.2583461315228,134.67300165333307,98964500
2022-07-01,136.32147216796875,136.42940742984914,133.11287978462988,133.48573480288584,71051600
2022-07-05,138.90208435058594,138.951148551157,134.35901187342057,135.18325151505502,73353800
2022-07-06,140.23654174804688,141.41400763305737,138.43109305954474,138.69602774966668,74064300
2022-07-07,143.6021728515625,143.79841470419998,140.58980726193488,140.59961411426397,66253700
2022-07-08,144.2791748046875,144.77960864232728,142.27748437099987,142.53259722881296,64547800
2022-07-11,142.14991760253906,143.88668829327412,141.08038702449986,142.93489980535588,63141600
2022-07-12,143.12135314941406,145.66272006961017,142.32656399441228,143.02322474684678,77588800
2022-07-13,142.75831604003906,143.70028289937923,139.45158026337106,140.30525550924634,71185600
2022-07-14,145.68234252929688,146.1533259024835,140.56035155748177,141.3747693527097,78140700
2022-07-15,147.35044860839844,148.02749575844047,145.41743557537487,146.9677717373696,76259900
2022-07-18,144.3086700439453,148.7241795486546,143.94560685906407,147.90976155444392,81420900
2022-07-19,148.1648406982422,148.3905180514349,144.15163767930207,145.14266864096726,82982400
2022-07-20,150.1665496826172,150.83378994510406,147.54668278325192,148.28260095629702,64823400
2022-07-21,152.43316650390625,152.64903699884627,149.08718880462706,151.5991200487024,65086600
2022-07-22,151.19680786132812,153.3456908921451,150.52958270466215,152.47240210045547,66675400
2022-07-25,150.07823181152344,152.1289867062053,149.42081342303993,151.11832702232695,53623900
2022-07-26,148.7535400390625,150.21555397747602,147.96855797310025,149.40113639411533,55138700
2022-07-27,153.84613037109375,154.37599980512033,149.30307266450654,149.7151850174758,78620700
2022-07-28,154.39561462402344,154.68016301876492,151.51081343985047,154.0325515340952,81378700
2022-07-29,159.45870971679688,160.5576907977121,156.5052308137223,158.21256599444197,101786900
2022-08-01,158.47750854492188,160.5184565925083,157.86915435741844,157.98689646537588,67829400
2022-08-02,157.0056915283203,159.3606387818302,156.632836483376,157.094013092394,59907000
2022-08-03,163.01075744628906,163.4621121282082,157.73176722636683,157.82007379818262,82507500
2022-08-04,162.69674682617188,164.05084071884252,161.34265293350123,162.89298862903826,55474100
2022-08-05,162.4707794189453,162.96207295817032,160.1616937873522,160.36804367078585,56697000
2022-08-08,161.9991455078125,164.88795425048374,161.34081388850365,163.47302629545368,60276900
2022-08-09,162.04824829101562,162.93258559805665,160.40732977942574,161.16392597706255,63135500
2022-08-10,166.2930450439453,166.39129475740782,163.99377985120265,164.76019658442047,70170500
2022-08-11,165.55612182617188,168.01258981282774,165.26134266915503,167.0987759253846,57149200
2022-08-12,169.10321044921875,169.17198373539173,166.45021384103478,166.8629135304174,68039400
2022-08-15,170.17425537109375,170.37076978453467,168.36629877849532,168.53333677957454,54091700
2022-08-16,170.0170440673828,170.6852110892498,168.67090454328755,169.77139729331643,56377100
2022-08-17,171.51055908203125,173.08268924248625,169.56504107416526,169.76155547008622,79542000
2022-08-18,171.1175537109375,171.85449410589086,170.10549010131544,170.7245248308653,62290100
2022-08-19,168.5333709716797,170.7147158875299,168.32702105019473,170.0170723362245,70346300
2022-08-22,164.65211486816406,166.90223255698254,164.22959465128477,166.73519456201245,69026800
2022-08-23,164.31802368164062,165.7722632709113,163.74812140904885,164.17064162540487,54147100
2022-08-24,164.61280822753906,165.1827105189657,163.35509799580043,164.40647334198977,53841500
2022-08-25,167.06927490234375,167.17736007756102,165.41853585512217,165.84104108991514,51218200
2022-08-26,160.77088928222656,168.0715189036816,160.71193645776907,167.59988131493301,78961000
2022-08-29,158.5699005126953,160.06342201093398,157.03706713692557,158.34389469961232,73314000
2022-08-30,156.1428985595703,159.72933499269527,154.9736176696823,159.30682979347176,77906200
2022-08-31,154.48233032226562,157.78382326299328,154.403721562595,157.51852057324083,87991100
2022-09-01,155.2093963623047,155.66137783255002,151.97667783495532,153.9123747664717,74229900
2022-09-02,153.09689331054688,157.56766760419046,152.2715237467297,156.9682888748041,76957800
2022-09-06,151.83917236328125,154.35459275815265,151.0138028574181,153.7453935980758,73714800
2022-09-07,153.24429321289062,153.9419216691413,150.93520749298594,152.1241445003408,87449600
2022-09-08,151.77041625976562,153.63732582875608,150.0213973567108,151.94727474830393,84923800
2022-09-09,154.62969970703125,155.07187581808674,152.0553267593616,152.76279054534643,68028800
2022-09-12,160.58416748046875,161.39971639450192,156.52609383916058,156.81103743896202,104956000
2022-09-13,151.16119384765625,157.7445243311509,150.69937671737435,157.1156691952697,122656600
2022-09-14,152.60556030273438,154.36439914916104,150.93516566698943,152.09461094592444,87965400
2022-09-15,149.716796875,152.53683214610933,148.7440452074938,151.95709434204855,90481100
2022-09-16,148.0758819580078,148.7145726076231,145.78645207689314,148.57701100499813,162278800
2022-09-19,151.79005432128906,151.86866309017464,146.50374580326707,146.71008070263835,81474200
2022-09-20,154.1679229736328,155.32738364566532,150.41444773199837,150.72886783406594,107689800
2022-09-21,151.04327392578125,155.9758648340084,150.92536828428254,154.600234046477,101696800
2022-09-22,150.0803680419922,151.78023962875704,148.28223174210513,149.7266360650785,86652500
2022-09-23,147.81056213378906,148.8324610577634,145.97312915554878,148.55733788432917,96029900
2022-09-26,148.14463806152344,151.09239889982268,147.0343100146429,147.05396595162924,93339400
2022-09-27,149.117431640625,152.0258964191408,147.33895116498724,150.08037791467922,84442700
2022-09-28,147.23086547851562,148.016938253305,142.3179293774459,145.06917659266318,146691400
2022-09-29,139.99899291992188,144.16516723784525,138.2303333041484,143.55596808972413,128138200
2022-09-30,135.79351806640625,140.60820327947016,135.59700366840286,138.8198877735382,124925300
2022-10-03,139.9695281982422,140.57874239032802,135.29241903979042,135.8033685254817,114311700
2022-10-04,143.55596923828125,143.67387488258018,141.7479977315321,142.504593932989,87830100
2022-10-05,143.85073852539062,144.81368463210958,140.51976901629106,141.56132388640066,79471000
2022-10-06,142.8976287841797,144.97088807825529,142.69129389793306,143.27101666436323,68402200
2022-10-07,137.65060424804688,140.60820060654387,137.02174919053795,140.05793931227225,85925600
2022-10-10,137.97486877441406,139.4192729060871,136.15709176712548,137.97486877441406,74899000
2022-10-11,136.55996704101562,138.8887089375452,135.8132061545904,137.46394548029593,77033700
2022-10-12,135.9310760498047,137.9159059012539,135.7542175942047,136.70732814205923,70433700
2022-10-13,140.50013732910156,141.08968060374895,132.03022618093473,132.6394403890868,113224000
2022-10-14,135.97039794921875,142.00348171103434,135.78370401470698,141.79713183786654,88598000
2022-10-17,139.93023681640625,140.41169491464842,137.82750095740744,138.61357366022068,85250900
2022-10-18,141.2468719482422,144.14550040873658,138.1615495711484,142.95657861316172,99136600
2022-10-19,141.35499572753906,142.42601218125702,139.03608932702545,139.22278329462767,61758300
2022-10-20,140.89315795898438,143.34962560942563,140.16603813694184,140.52960554450746,64522000
2022-10-21,144.70556640625,145.27546856585172,140.16600506406664,140.3821753657461,86548600
2022-10-24,146.84765625,147.6140730780798,143.45773335763306,144.6270145421138,75981900
2022-10-25,149.68727111816406,149.83466813559485,146.7591666208413,147.4764507944662,74732300
2022-10-26,146.74940490722656,149.34343452593197,145.46220307585523,148.33137090531034,88194300
2022-10-27,142.27862548828125,146.4546209688135,141.62029388228584,145.49168973842666,109180200
2022-10-28,153.02813720703125,154.7574852960008,145.24604831703184,145.61942126085685,164762400
2022-10-31,150.66989135742188,151.55422867895751,149.27461957607085,150.49303288896766,97943200
2022-11-01,148.02671813964844,152.74313850206963,146.53319676946654,152.37958612806426,80379300
2022-11-02,142.50460815429688,149.5202795588878,142.47513174028055,146.35634784769096,93604600
2022-11-03,136.46170043945312,140.31344004952294,136.33395931941936,139.58632020230726,97918500
2022-11-04,136.19595336914062,140.41823769444377,132.25908536615194,139.84739003185524,140814800
2022-11-07,136.72744750976562,136.95381325392813,133.52874170596672,134.94601683421618,83374600
2022-11-08,137.2982635498047,139.19779504119253,135.31999290082103,138.1939045722533,89908500
2022-11-09,132.74134826660156,136.36327480735815,132.46576869499577,136.31406095143706,74917800
2022-11-10,144.5519256591797,144.5519256591797,137.29825219484707,139.0107949405163,118854000
2022-11-11,147.3372802734375,147.64238513720315,142.0914019190675,143.5185285677149,93979700
2022-11-14,145.939697265625,147.90813128864986,145.10310679865555,146.61880940644215,73374100
2022-11-15,147.67193603515625,151.1659099557232,146.21529884381314,149.8175372526668,89868300
2022-11-16,146.441650390625,147.50460662223392,144.96532479416157,146.77629560614008,64218300
2022-11-17,148.3411865234375,149.0891860323431,143.8433076526517,144.11888720950952,80389400
2022-11-18,148.9021759033203,150.28992540848853,147.60301733738748,149.90608139833125,74829600
2022-11-21,145.67391967773438,147.99667187090387,145.388503420461,147.78999475790224,58724100
2022-11-22,147.80972290039062,148.0459404204949,144.6110171948753,145.79208977743497,51804100
2022-11-23,148.68565368652344,149.43365312101446,146.98294764352303,147.09121210280074,58301400
2022-11-25,145.77235412597656,146.53020528404244,144.79797406560616,145.96919448681064,35195900
2022-11-28,141.9438018798828,144.32560563619245,141.1170630589414,142.84927987681326,69246000
2022-11-29,138.94195556640625,142.52450596676132,138.13490518319813,142.01270876157795,83763800
2022-11-30,145.6936492919922,146.37276146207836,138.33170993361605,139.16828541868128,111380900
2022-12-01,145.96920776367188,146.77627283984336,144.29604201746156,145.870795083282,71250400
2022-12-02,145.47711181640625,145.66411544857186,143.35119950014382,143.65631938407483,65447400
2022-12-05,144.31573486328125,148.53801893223152,143.4693076933105,145.43774157529282,68826400
2022-12-06,140.65447998046875,144.9751927748334,139.68009957146649,144.74882702977874,64727200
2022-12-07,138.71556091308594,141.10720126498546,137.79039443330282,139.9458322919547,69721100
2022-12-08,140.3985137939453,141.25479258117792,138.8729898413156,140.11309754350498,62128300
2022-12-09,139.91627502441406,143.27245818375033,138.67615214625445,140.09342685388958,76097000
2022-12-12,142.20953369140625,142.21937045590607,138.8336612407948,140.44777667846864,70462700
2022-12-13,143.17405700683594,147.60303377953338,141.9634742273276,147.1404505596148,93886200
2022-12-14,140.94972229003906,144.3452679150581,138.9320744491566,143.05594605605327,82291200
2022-12-15,134.3456268310547,139.5619801804679,133.88304361781863,138.88286801559113,98931900
2022-12-16,132.38706970214844,135.4775115654924,131.61938137429618,134.53267132411958,160156900
2022-12-19,130.28077697753906,133.06611240851234,129.24736132043492,132.9775364981246,79592600
2022-12-20,130.2119140625,131.14691722297425,127.83994745250583,129.31627297471567,77432800
2022-12-21,133.3122100830078,134.6507460089221,130.65482677922608,130.881192518899,85928000
2022-12-22,130.1429901123047,132.43621717922085,128.24345879689446,132.2295400503929,77852100
2022-12-23,129.77883911132812,130.32999816428637,127.59387642427377,128.85367283616628,63814900
2022-12-27,127.97774505615234,129.33596942535033,126.68842309082302,129.30644411453827,69007800
2022-12-28,124.05072021484375,128.9619612841453,123.883405115354,127.62342547026658,85438400
2022-12-29,127.56436920166016,128.42063320760047,125.71404389802797,125.9699349180437,75703700
2022-12-30,127.87933349609375,127.89902204510923,125.41879800683148,126.38333416609474,77034200
2023-01-03,123.09602355957031,128.8340031338152,122.21022673136561,128.22379338136977,112117500
2023-01-04,124.36566162109375,126.62936374107429,123.10586505340991,124.88729543343348,89113600
2023-01-05,123.04679870605469,125.7533952948206,122.79090770776376,125.12349705306252,80962700
2023-01-06,127.57421875,128.2336424206293,122.91887596059405,124.02120184221346,87754700
2023-01-09,128.09585571289062,131.30441322455866,127.83996466106093,128.4108124086458,70790800
2023-01-10,128.6667022705078,129.18833615231142,126.09789493911427,128.20411901412172,63896200
2023-01-11,131.3831329345703,131.4028064616691,128.40095662151043,129.1784814447806,69458900
2023-01-12,131.30438232421875,132.14095769176564,129.36547379890666,131.76696547602162,71379600
2023-01-13,132.63308715820312,132.79056549396478,129.58202324711493,129.94617875784812,57809700
2023-01-17,133.79449462890625,135.12317889828967,132.0130638191195,132.70201288672166,63646600
2023-01-18,133.07595825195312,136.42228931739672,132.89879142112386,134.66054787823845,69672800
2023-01-19,133.13504028320312,134.0995687562006,131.65871475561192,131.96381962844052,58280400
2023-01-20,135.69398498535156,135.84162653742413,132.1015991542997,133.14486670992753,80223600
2023-01-23,138.8828582763672,141.0579844042408,135.72351517113088,135.94004410758743,81760300
2023-01-24,140.2804412841797,140.90050277108796,138.08564168128757,138.0954784443646,66435100
2023-01-25,139.6210174560547,140.18201330953534,136.61915274790366,138.6663258108729,65799300
2023-01-26,141.68789672851562,141.9733130723702,139.66039693887691,140.91035682918778,54105100
2023-01-27,143.62680053710938,144.90628582720518,140.82179068901345,140.900529862646,70555800
2023-01-30,140.74301147460938,143.25276748002082,140.59538495227355,142.67208313488993,64015300
2023-01-31,142.0126953125,142.0619091768315,140.03442411726166,140.44779354531312,65874500
2023-02-01,143.13467407226562,144.29605796571016,139.08955653554688,141.69772563249788,77663600
2023-02-02,148.43960571289062,148.7939093931277,145.831421817907,146.5498959772077,118339000
2023-02-03,152.0615234375,154.8960731461596,145.4967979818679,145.69363837431163,154357300
2023-02-06,149.3352508544922,150.6836384438328,148.40024764766747,150.1620046015634,69858300
2023-02-07,152.20913696289062,152.77998456473935,148.26243261630023,148.26243261630023,83322600
2023-02-08,149.52223205566406,152.14025265616812,148.78406936876726,151.45130381865607,64120100
2023-02-09,148.4888153076172,151.89421276586904,148.04592065726195,151.35289040745275,56007100
2023-02-10,148.85353088378906,149.17882019931434,147.08909918660703,147.32567733632254,57450700
2023-02-13,151.6529998779297,152.05713357186568,148.76483299254943,148.79440338379132,62199000
2023-02-14,151.01226806640625,151.5741355635304,148.7056873791277,149.9476888936107,61707600
2023-02-15,153.11184692382812,153.27941747242824,150.69683660205456,150.92354792770303,65573800
2023-02-16,151.51498413085938,154.09756497312395,151.16012443154224,151.3178281549916,68167900
2023-02-17,150.37156677246094,150.8151376986906,148.69584602843153,150.17442580979125,59144100
2023-02-21,146.3596649169922,149.1394018439348,146.29067235544917,148.05510409777494,58867200
2023-02-22,146.78353881835938,147.8086807909047,145.0585291708209,146.74410160351695,51011300
2023-02-23,147.2665252685547,148.1931042440918,145.1373820304515,147.94667430552937,48394200
2023-02-24,144.61495971679688,145.0881010134071,143.6390916917033,145.00924162382364,55469600
2023-02-27,145.80767822265625,147.03982803359767,145.344388690471,145.6006854773172,44998500
2023-02-28,145.30494689941406,146.95109701970668,144.7332276594082,144.95008720013072,50547000
2023-03-01,143.23495483398438,145.12753521820275,142.93923585875515,144.7332532784917,55479000
2023-03-02,143.82638549804688,144.6149643784106,141.8450789930105,142.31823534576338,52238100
2023-03-03,148.8732452392578,148.95210462024477,145.2260853537234,145.9259379185379,70732300
2023-03-06,151.63323974609375,154.067968230875,151.26852832672452,151.59380254131042,87558000
2023-03-07,149.43511962890625,151.83041139396585,148.9718301446463,151.50512207262017,56182000
2023-03-08,150.68698120117188,151.278419098267,149.66183922588297,150.62784041964048,47204800
2023-03-09,148.43954467773438,152.33313497413033,148.08468493947933,151.3671337581158,53833600
2023-03-10,146.37937927246094,148.78453780981002,145.5020893181875,148.06496662146847,68572400
2023-03-13,148.32127380371094,150.95314411845015,145.59082548311505,145.69925527320058,84457100
2023-03-14,150.4109649658203,151.2093955139033,147.95653254628945,149.11967456920323,73695900
2023-03-15,150.8052520751953,151.0615337650689,147.77908558210245,149.03095372752588,77167900
2023-03-16,153.6244354248047,154.22572509887632,149.47454848721353,149.98712698991974,76161100
2023-03-17,152.7865753173828,154.50173325502132,152.07685582876627,153.85115455030763,98944600
2023-03-20,155.15231323242188,155.56632884505603,151.94872341311736,152.85559899795223,73641400
2023-03-21,157.00540161132812,157.12368313888845,154.304524751908,155.07339980370813,73938300
2023-03-22,155.57615661621094,159.82460651427928,155.5564380089166,157.0251659140942,75701800
2023-03-23,156.6604461669922,159.24304236266408,155.428296373163,156.56188320802048,67622100
2023-03-24,157.9615936279297,158.0503047976887,155.59587218901564,156.5914437450547,59196500
2023-03-27,156.0197296142578,158.47417734472043,155.61558088418133,157.6560281012329,52390300
2023-03-28,155.3987274169922,156.226743517172,153.7525770821358,155.71416498675424,45992200
2023-03-29,158.47418212890625,158.75018247951246,157.07446176772007,157.09416533498404,51305700
2023-03-30,160.04144287109375,160.14987263415844,158.96701206310877,159.2232937572216,49501700
2023-03-31,162.54519653320312,162.64377453412575,159.597903820846,160.12033413577524,68749800
2023-04-03,163.79705810546875,163.91533966892132,161.87490749491164,161.92419649331373,56976200
2023-04-04,163.26475524902344,164.45746763773894,162.75217680448466,164.22090454094308,46278300
2023-04-05,161.4214630126953,162.69304993016723,159.48946069965245,162.38747921010668,51511700
2023-04-06,162.30862426757812,162.60434321282244,159.686606015777,160.1104583059446,45390100
2023-04-10,159.7161865234375,159.7161865234375,157.79403581892626,159.11489681167845,47716900
2023-04-11,158.50372314453125,160.04144339602837,158.21785602238293,160.03159161422226,47644200
2023-04-12,157.81370544433594,159.74570733298748,157.49826796976373,158.91770652356539,50133100
2023-04-13,163.1957550048828,163.4323331532267,159.11487595150933,159.32188371142138,68445600
2023-04-14,162.85073852539062,163.94488786146843,161.48058891002177,162.2395821576286,49386500
2023-04-17,162.87046813964844,163.02818690758198,161.68760746192598,162.73246797792896,41516200
2023-04-18,164.09280395507812,165.01938312972754,163.2845063632714,163.7280923807177,49923000
2023-04-19,165.2362060546875,165.7586363174907,163.17604035173306,163.43233711220313,47720200
2023-04-20,164.27017211914062,165.47275128415967,163.19574132050678,163.71817152684758,52456400
2023-04-21,162.66348266601562,164.07305473489896,162.14105238473394,162.69305305620966,58337300
2023-04-24,162.9690704345703,163.2352190150396,161.54963139325648,162.64378106752824,41949600
2023-04-25,161.4313201904297,163.93504162144998,161.3918829793584,162.83104036567903,48714100
2023-04-26,161.4214630126953,162.91976126426218,160.47518046288778,160.73146218660858,45498800
2023-04-27,166.0050506591797,166.15290259103057,162.83103216774902,162.83103216774902,64902300
2023-04-28,167.25692749023438,167.424513091262,165.4826438930684,166.08393356927388,55275900
2023-05-01,167.16819763183594,168.0159171618742,166.23176694003394,166.86262693627947,52472900
2023-05-02,166.13320922851562,167.91737470896658,165.1474894240389,167.66107793363267,48425700
2023-05-03,165.05874633789062,168.47919460136384,164.7728942678528,167.07947455454496,65136000
2023-05-04,163.4224853515625,164.6546351492701,161.9636242025262,162.53534351356944,81235400
2023-05-05,171.09136962890625,171.81094077356033,168.32148473339686,168.5383442631647,113453200
2023-05-08,171.0223846435547,171.36739258858663,169.65223472844943,170.0169462399646,55962800
2023-05-09,169.3170928955078,171.06180609803263,169.14952233576255,170.57881302608763,45326900
2023-05-10,171.08151245117188,171.54480192353225,169.44521410372417,170.5492304195713,53724500
2023-05-11,171.26881408691406,172.09681510347738,169.71137500858376,171.36739208260082,49514700
2023-05-12,170.3409423828125,171.8116866019269,168.79121464447562,171.3773676163626,45533100
2023-05-15,169.84739685058594,170.97267098611968,169.25514096380277,170.9233138186056,37266700
2023-05-16,169.84739685058594,170.9035679392614,169.58088019536424,169.768428394902,42110300
2023-05-17,170.45941162109375,170.69630196545663,168.21872838992437,169.4920742376562,57951600
2023-05-18,172.78890991210938,172.97645812210007,170.35081330561755,170.76538642479474,65496700
2023-05-19,172.89747619628906,174.11158416944232,172.68031671339108,174.11158416944232,55809500
2023-05-22,171.9499053955078,172.45332751081392,171.2095929310653,171.73274586766902,43570900
2023-05-23,169.343994140625,171.140492823502,169.06761204505847,170.89372201948225,50747300
2023-05-24,169.620361328125,170.19287135053577,168.3174194294986,168.88004898113246,45143500
2023-05-25,170.7555389404297,171.65377326209193,169.47232768730396,170.18302884098296,56058300
2023-05-26,173.1639862060547,173.49960591702484,170.87396117733175,171.08125526170468,54835000
2023-05-30,175.00985717773438,176.67803022234617,174.28929064745816,174.6742524991613,55964400
2023-05-31,174.96051025390625,177.03339115324283,174.47683402760893,175.03947872320146,99625300
2023-06-01,177.76380920410156,177.79342049505456,174.64462268903534,175.40468096744894,68901800
2023-06-02,178.61273193359375,179.43201293417297,176.94455863641292,178.6917004102191,61996900
2023-06-05,177.2603759765625,182.561007136821,175.74025964458482,180.27098229225282,121946500
2023-06-06,176.89515686035156,177.79339097293357,175.13813520595488,177.64533454275295,64848400
2023-06-07,175.5231475830078,178.86935913776645,175.02960596689772,176.135134367242,61944600
2023-06-08,178.23764038085938,178.5041420299357,175.1678106866245,175.6021146908698,50214900
2023-06-09,178.62257385253906,179.8761586114367,178.29683460490384,179.15559212759166,48900000
2023-06-12,181.41603088378906,181.51474523727245,178.63246384356634,178.92859184232086,54274900
2023-06-13,180.94223022460938,181.77137654932005,180.08347260699438,180.43882318354116,54929100
2023-06-14,181.57394409179688,182.00826309164242,179.668880824476,181.00143405215442,57462900
2023-06-15,183.60736083984375,184.1107829667957,181.40616927858855,181.58385210624687,65433200
2023-06-16,182.53140258789062,184.57467180700263,181.88980460620309,184.31802056497352,101256200
2023-06-20,182.62026977539062,183.69620198313194,182.02802885230534,182.02802885230534,49799100
2023-06-21,181.5838165283203,183.01508403325016,180.2315024183292,182.51166200493424,49515700
2023-06-22,184.5845489501953,184.63390612000734,181.29756025506936,181.3666633051449,51245300
2023-06-23,184.2686767578125,185.13731475683954,182.6202496908907,183.15328303090953,53117000
2023-06-26,182.8768768310547,185.62096644420274,182.83738507538382,184.4167239450006,48088700
2023-06-27,185.63088989257812,185.95662920109734,183.27176132029933,183.48892085931215,50730800
2023-06-28,186.80548095703125,187.4470789620611,185.17679982937508,185.5025240055518,51216800
2023-06-29,187.14109802246094,187.61490879718235,186.49949997485513,186.63769101872532,46347300
2023-06-30,191.4645233154297,191.96793030893548,188.7895213028153,189.15475231695294,85213200
2023-07-03,189.9740447998047,191.37570117698604,189.28307449044232,191.27698682945007,31458200
2023-07-05,188.85862731933594,190.48730854754436,188.15779163185775,189.09553270560195,46920300
2023-07-06,189.3324432373047,189.53973735512338,186.7561552507634,187.38788795320247,45094300
2023-07-07,188.21701049804688,190.1813114167851,187.7827065576724,188.9375920522482,46815000
2023-07-10,186.17376708984375,187.5359467558433,184.62403920180722,186.8153651594175,59922200
2023-07-11,185.65060424804688,186.85484691926047,184.18972537508213,186.71665587805697,46638100
2023-07-12,187.3187713623047,189.22383458950753,186.0355602702456,187.22992243297554,60750200
2023-07-13,188.07882690429688,188.72044002337208,187.32864909209994,188.03935020331573,41342300
2023-07-14,188.22686767578125,188.7105287268448,187.1805620612046,187.77280284934832,41616200
2023-07-17,191.48426818847656,191.81000743962883,189.33241906132668,189.421252931179,50520200
2023-07-18,191.2275848388672,191.81984066189028,189.93450852234776,190.8525035418644,48288200
2023-07-19,192.57994079589844,195.66950100927124,190.16157487576123,190.6057743707706,80507300
2023-07-20,190.63539123535156,193.9322456468904,190.01352397351403,192.57006595398724,59581200
2023-07-21,189.46075439453125,192.45161532627134,188.75991868585442,191.59285775033445,71951700
2023-07-24,190.26028442382812,192.3923877240068,189.76674282999198,190.9117629424984,45377800
2023-07-25,191.11903381347656,191.92844922240585,190.4280786239598,190.83278632842445,37283200
2023-07-26,191.98768615722656,193.11296042478057,190.8229351880455,191.1684052777898,47471900
2023-07-27,190.7242431640625,194.65283061947835,190.06289913711862,193.48807951397325,47460200
2023-07-28,193.3004913330078,194.0901608500724,191.63231843190331,192.15547128634879,48291400
2023-07-31,193.9124755859375,193.9519673452193,192.7378442652397,193.52751377225187,38824100
2023-08-01,193.08334350585938,194.1888718595327,192.75760424557473,193.7052107356477,35175100
2023-08-02,190.0924835205078,192.65889079076135,189.37191700535638,192.52069974591456,50389300
2023-08-03,188.70069885253906,189.885195713569,188.22690312046603,189.09554118067888,61235200
2023-08-04,179.6392822265625,184.95966022717982,179.57017917093492,183.12368481919472,115956800
2023-08-07,176.5398406982422,180.7645556934903,175.0592158617292,179.77747246914834,97576100
2023-08-08,177.47760009765625,177.94153050520663,175.286273722924,177.36902032010835,67823000
2023-08-09,175.8883514404297,178.59294967088076,174.72358547458126,178.53372709089916,60378500
2023-08-10,175.6712188720703,178.41530928434332,175.30600286506225,177.1617092563292,54686900
2023-08-11,175.7305145263672,176.55090180538758,174.50488805624465,175.26597277471524,52036700
2023-08-14,177.3811492919922,177.60848075837384,175.2560457553654,175.90840396188517,43675600
2023-08-15,175.3944091796875,177.40089237300145,174.99904882828764,176.8078518459017,43622600
2023-08-16,174.52462768554688,176.471793411816,174.45543132326716,175.07813825565708,46964900
2023-08-17,171.98439025878906,175.4537251155125,171.47040969711574,175.08801600845376,66062900
2023-08-18,172.46873474121094,173.07166917955516,169.96804315644715,170.30410101859755,61172200
2023-08-21,173.8031005859375,174.08974972921308,171.7274356199635,173.04203097276417,46311900
2023-08-22,175.17698669433594,175.62177093693052,174.2083431088137,175.00895776189057,42038900
2023-08-23,179.0219268798828,179.44695366375947,176.264252478764,176.45205395893973,52722800
2023-08-24,174.3368377685547,179.0021629998802,173.97111355320405,178.57713623123834,54945800
2023-08-25,176.54098510742188,177.0747231196245,173.78331106065053,175.3252376314931,51449600
2023-08-28,178.10272216796875,178.49808262553688,176.48172016068384,178.00387451255935,43820700
2023-08-29,181.9871826171875,182.7581460326424,177.4207046822572,177.61838490226515,53003900
2023-08-30,185.47630310058594,185.6739984160231,182.60002327821,182.7977035116121,60813900
2023-08-31,185.6937255859375,186.9292456956689,185.30824391498263,185.66407430986655,60794500
2023-09-01,187.26531982421875,187.7199827815663,186.09898099052413,187.29497110047913,45766500
2023-09-05,187.50254821777344,187.7793035443977,185.43676200045883,186.09899903788357,45280000
2023-09-06,180.7911834716797,186.66237722656214,179.36786194540127,186.21757793807612,81755800
2023-09-07,175.503173828125,176.1456533918577,171.52973657694065,173.15073850258275,112488800
2023-09-08,176.11595153808594,178.15210111956102,175.73046991034678,176.28399552635892,65551300
2023-09-11,177.2823028564453,178.21141635408188,175.2856982178241,177.98408488615974,58953100
2023-09-12,174.25778198242188,178.04341790139725,172.79493020499618,177.4108321261293,90370200
2023-09-13,172.1919708251953,175.24617287306006,171.96462426919445,174.46531572894506,84267900
2023-09-14,173.70425415039062,174.060084556446,171.56927171405846,171.98440467411754,60895800
2023-09-15,172.98268127441406,174.45542656560403,171.80647888602266,174.4356540223445,109259500
2023-09-18,175.90843200683594,177.3021024660386,174.12927983360214,174.4356864419302,67257600
2023-09-19,176.9956817626953,177.54919237650395,175.07815207769175,175.46363376102514,51826900
2023-09-20,173.4571533203125,177.61837681135137,173.36818440563272,177.18347129792434,58436200
2023-09-21,171.91522216796875,174.25777881422758,171.84604087673065,172.52805046683002,63149100
2023-09-22,172.7652587890625,175.02874030453424,172.03384046276338,172.64665367280514,56725400
2023-09-25,174.04031372070312,174.92000347180993,172.13266274999066,172.1820865728236,46172700
2023-09-26,169.9680633544922,173.17052232124786,169.6715354659317,172.79493440563715,64588900
2023-09-27,168.45578002929688,171.03554713361237,167.09177581326995,170.62041410420977,66921800
2023-09-28,168.71273803710938,170.03721192481018,165.678293523344,167.3783703364052,56294400
2023-09-29,169.22671508789062,171.06516950648842,168.3667828862352,170.027329658855,51861100
2023-10-02,171.73727416992188,172.28090596787308,168.94993390517055,169.23658298137698,52164500
2023-10-03,170.40292358398438,171.61868620307462,168.84123947337378,170.26454593815689,49594600
2023-10-04,171.6483612060547,172.19199313339385,168.98951921036945,169.10812432832188,53020300
2023-10-05,172.8838653564453,173.41760341955526,170.67968657288918,171.77682905786853,48527900
2023-10-06,175.43399047851562,175.92819856079907,171.17390414032383,171.78673241813826,57266700
2023-10-09,176.91661071777344,176.9759132731787,173.76356081110382,174.76185568517045,42390800
2023-10-10,176.32354736328125,177.6381425852869,175.88864186643335,176.03691333055846,43698000
2023-10-11,177.71725463867188,177.7666784703244,175.54274178428383,176.13578251800644,47551100
2023-10-12,178.61668395996094,180.227791982292,176.96601576479657,177.98409824545533,56743100
2023-10-13,176.77822875976562,179.82253713140665,176.07644667980117,179.31845034069394,51427100
2023-10-16,176.6497344970703,177.0055649122618,174.46532818230494,174.70255348644375,52517000
2023-10-17,175.09791564941406,176.35320838797153,172.77514673671925,174.60370757241088,57549400
2023-10-18,173.8031005859375,175.5229501994882,173.08156098457755,173.5461178040648,54764400
2023-10-19,173.42750549316406,175.77992569036093,173.16062890788183,174.0007735918687,59302900
2023-10-20,170.87738037109375,173.38795063159753,170.64015507731645,173.2792242572037,64244000
2023-10-23,170.99600219726562,171.99429712738208,167.96155723103598,168.93021596381925,55980100
2023-10-24,171.430908203125,171.6582397062376,169.46395453488128,171.04542648826694,43816600
2023-10-25,169.1179962158203,171.05528327402416,168.6731969171006,169.88895954662036,57157000
2023-10-26,164.956787109375,169.39478149468584,163.7509180796386,168.39647143119544,70625300
2023-10-27,166.27133178710938,167.00276501731565,164.89743422425718,164.97650930984952,58499100
2023-10-30,168.31736755371094,169.18717852998205,166.91381853056686,167.06208999172168,51131000
2023-10-31,168.79183959960938,168.92032345051314,165.95507483465602,167.3882903979478,44846000
2023-11-01,171.95474243164062,172.2117251766134,168.14933458405196,169.01914553939386,56934900
2023-11-02,175.5130615234375,175.7206204672586,173.42750286114074,173.4868054165182,77334800
2023-11-03,174.60369873046875,174.77174274032964,171.34193765305042,172.22162738228718,79829200
2023-11-06,177.1538543701172,177.35153461945015,174.16884791650617,174.336876882541,63841300
2023-11-07,179.71383666992188,180.32664987384885,176.89684453064555,177.10440348202485,70530000
2023-11-08,180.7714385986328,181.32494925868284,179.48649451949703,180.23770048559436,49340300
2023-11-09,180.29698181152344,181.98716487212562,179.7039261272927,180.84061367506283,53763500
2023-11-10,184.48348999023438,184.65175539538808,181.6430032262288,182.07848170612579,66133400
2023-11-13,182.89996337890625,184.11731278262945,182.3160331472403,183.9094803756521,43627500
2023-11-14,185.51280212402344,186.17591157835597,184.38452385663774,185.77012344749633,60108400
2023-11-15,186.07693481445312,187.55162053928348,185.84930383072194,185.91859136162876,53790500
2023-11-16,187.7594757080078,188.9966236513369,186.7103615664657,187.6209157424311,54412900
2023-11-17,187.7396697998047,188.42257785422723,186.63119011836693,188.29390964052354,50922700
2023-11-20,189.4815673828125,189.93684445013852,187.92771748948175,187.93760923589429,46505100
2023-11-21,188.67991638183594,189.5508734120303,187.78917585688575,189.442003783256,38134500
2023-11-22,189.34303283691406,190.9463718813115,188.8679722130009,189.52119000957208,39617700
2023-11-24,188.01678466796875,188.93721542830764,187.30418629136327,188.9075250877743,24048300
2023-11-27,187.83863830566406,188.70959528304604,186.95778958150402,187.96730652329646,40552600
2023-11-28,188.4423828125,189.11539919710927,187.45266438364885,187.8287622192218,38415400
2023-11-29,187.4229736328125,190.11500896160672,187.02709230289176,188.93724161752115,43014200
2023-11-30,187.9969940185547,188.36320007044645,186.2550951920731,187.88812439803064,48794400
2023-12-01,189.27374267578125,189.5904446947665,187.28439912721964,188.37309535289532,45704800
2023-12-04,187.48231506347656,188.09595062883508,185.52267721747734,188.0266631045601,43389500
2023-12-05,191.4313201904297,192.40123993854135,188.22462732075607,188.25433276481266,66628400
2023-12-06,190.34263610839844,192.75753614335477,190.1347886146608,192.45072587794942,41089700
2023-12-07,192.27256774902344,192.99505783958267,191.5995514892092,191.63914867608756,47477700
2023-12-08,193.69776916503906,193.97488907234165,191.67873543823174,192.2032849129047,53406400
2023-12-11,191.1937713623047,191.5005967167582,189.4518726145205,191.12449893522992,60943700
2023-12-12,192.70803833007812,192.71793007544312,189.74877546060196,191.094792823406,52696900
2023-12-13,195.92466735839844,195.96424945082313,192.84664243214013,193.08416519049783,70404200
2023-12-14,196.07310485839844,197.567574144968,194.14315707722483,195.98403383047588,66831600
2023-12-15,195.53863525390625,196.36008808380646,194.97448862167192,195.49903806818725,128538400
2023-12-18,193.87591552734375,194.60831249977454,192.39133809002112,194.0738561652729,55751900
2023-12-19,194.91513061523438,194.92502236186388,193.87592334681435,194.1431515248431,40714100
2023-12-20,192.8268280029297,195.6475162401682,192.8268280029297,194.87553713507947,52242800
2023-12-21,192.67832946777344,195.05366217859583,191.5104692555924,194.08374258350807,46482500
2023-12-22,191.60948181152344,193.4008696387368,190.98595440796598,193.17322354105164,37149600
2023-12-26,191.06515502929688,191.89651492562427,190.847415756177,191.6193949601818,28919300
2023-12-27,191.16409301757812,191.5105004803971,189.12527563548673,190.5108903848591,48087700
2023-12-28,191.5896759033203,192.65857351066379,191.18388776405135,192.14391575114956,34049900
2023-12-29,190.5504608154297,192.40122918172025,189.758683164504,191.9063700376295,42672100
2024-01-02,183.73129272460938,186.50250680575422,181.99928581163158,185.2257618242656,82488700
2024-01-03,182.3555908203125,183.96883642924203,181.5440145919006,182.32590048043423,58414500
2024-01-04,180.0396728515625,181.2075332827541,179.02026413555495,180.277195595857,71983600
2024-01-05,179.31715393066406,180.88091065327836,178.31754388665928,180.1188384374096,62379700
2024-01-08,183.65213012695312,183.6917273170526,179.63387614033877,180.21780632812883,59144500
2024-01-09,183.23646545410156,183.24635720149604,180.85124046635073,182.02900778818224,42841800
2024-01-10,184.27565002441406,184.48348240733844,182.02898528742006,182.45457200324566,46792900
2024-01-11,183.68182373046875,185.12681915669637,181.73207738578324,184.62205313633504,49128400
2024-01-12,184.00843811035156,184.82001442518902,183.28594792653803,184.14699807850627,40477800
2024-01-16,181.74197387695312,182.36548612847807,179.0697224204938,180.28708678689063,65603000
2024-01-17,180.80172729492188,181.04915686376333,178.44620806884475,179.40623600410183,47317400
2024-01-18,186.69058227539062,187.1953332109462,183.9193677995691,184.17668914088887,78005800
2024-01-19,189.5904541015625,189.97644367310738,186.8786353534436,187.38338630026252,68903000
2024-01-22,191.89649963378906,193.32169654358245,190.28325381202234,190.32285100501898,60133900
2024-01-23,193.1732177734375,193.73736447446063,191.83710707958323,193.01487431695855,42355600
2024-01-24,192.50021362304688,194.36088890095834,192.34185506707502,193.41075266703035,53631300
2024-01-25,192.17361450195312,194.2520291241628,191.1245154438125,193.21282181305796,54822100
2024-01-26,190.4415740966797,192.75751105858055,189.966513589549,192.27255880614135,44594000
2024-01-29,189.75869750976562,190.22386634852867,187.63080907007364,190.03581744325376,47145600
2024-01-30,186.10662841796875,189.82797900977772,185.54249682198056,188.97682064057707,55859400
2024-01-31,182.50405883789062,185.17631048108575,182.45458500160478,185.11691469411622,55467800
2024-02-01,184.93878173828125,185.0278527702626,181.93004443231115,182.09829474891072,64885400
2024-02-02,183.93914794921875,185.40392677166545,177.4070012757119,178.01073002917815,102551700
2024-02-05,185.75033569335938,187.3042007769885,183.92925752426459,186.21550453356022,69668800
2024-02-06,187.3536834716797,187.36357521832525,184.8496972971495,184.93876832266957,43490800
2024-02-07,187.46253967285156,189.08567701882757,186.6707620426896,188.67988890685803,53439000
2024-02-08,186.38375854492188,187.59120098390878,185.42373058041275,187.44274927884152,40962000
2024-02-09,187.14682006835938,188.27653811843788,186.30447993507684,186.9486117161699,45155200
2024-02-12,185.46212768554688,186.96842336096995,185.1053738445565,186.72067805809255,41781900
2024-02-13,183.37115478515625,184.53061609699293,181.85495475727518,184.0945819491523,56529500
2024-02-14,182.4892120361328,183.8567711565096,180.79464237244255,183.6486735380374,54630500
2024-02-15,182.20181274414062,182.82613576875198,179.71445525689393,181.8946109768474,65434500
2024-02-16,180.665771484375,183.18287207946292,180.0315441516518,181.76576116844507,49752500
2024-02-20,179.92254638671875,180.78469520216953,178.3766181157698,180.15046783149373,53665600
2024-02-21,180.67572021484375,181.24057170015067,179.03068760645021,180.29914247718926,41371400
2024-02-22,182.70718383789062,183.29187418944446,180.81442139510878,181.825211247954,52292200
2024-02-23,180.87391662597656,183.37117869088894,180.58652357235425,183.3414504606763,45119700
2024-02-26,179.5261688232422,181.11172976770854,179.02075870271764,180.59643039937333,40867400
2024-02-27,180.98291015625,182.26126931281985,177.94059046680667,179.46671005654383,54318900
2024-02-28,179.78382873535156,181.4684939502017,178.50546948959806,180.86399474191828,48953900
2024-02-29,179.119873046875,180.92346630197014,177.9108746304469,179.63518756564144,136682600
2024-03-01,178.0396728515625,178.90182159301432,175.78023709238585,177.93066432277888,73563100
2024-03-04,173.52081298828125,175.30456703921072,172.22261492332544,174.56133114426578,81510100
2024-03-05,168.58572387695312,170.48840604509627,168.0902332564625,169.21995126633416,95132400
2024-03-06,167.59475708007812,169.69564777442116,167.1587228770791,169.5172632726602,68587700
2024-03-07,167.47581481933594,169.1902079797121,166.97041987504164,167.62445594378354,71765100
2024-03-08,169.19021606445312,172.13343143853632,167.41636636953461,167.4758228221548,76267000
2024-03-11,171.1920166015625,172.80732093128213,170.49833272784605,171.38030546468005,60139500
2024-03-12,171.6676483154297,172.46043620394545,169.4676691073548,171.58836801446097,59825400
2024-03-13,169.5866241455078,171.62804307697533,169.21995080494636,171.21183277143888,52488700
2024-03-14,171.43975830078125,172.73794133442243,170.49832912625453,171.35057361629615,72913500
2024-03-15,171.06320190429688,171.06320190429688,168.75421346183686,169.62628191974133,121752700
2024-03-18,172.15325927734375,176.107279800922,171.95506605696912,173.98658058844927,75604200
2024-03-19,174.49197387695312,175.01719271038215,171.46947815172825,172.76766112194616,55215200
2024-03-20,177.05862426757812,177.05862426757812,173.51090945491785,174.1352325028599,53423100
2024-03-21,169.82444763183594,175.8892630091755,169.29922879245808,175.45322885093574,106181300
2024-03-22,170.7262420654297,171.48930183291895,168.52626256417108,170.21092760104455,71160100
2024-03-25,169.30914306640625,170.3893089389317,167.92176032191367,169.03166954174233,54288300
2024-03-26,168.179443359375,169.8740129173693,168.05061095138228,168.46682128354186,57388400
2024-03-27,171.74697875976562,172.03437182483108,168.57584140102637,168.87313883616537,60273300
2024-03-28,169.93344116210938,170.67667701496117,168.97218824939392,170.2010103030642,65672700
2024-04-01,168.4965362548828,169.70553455748254,167.9514935576168,169.6460781034487,46240500
2024-04-02,167.31727600097656,167.81276664190898,166.71277681419204,167.5551169522469,49329500
2024-04-03,168.11996459960938,169.14067408704202,167.05962251511946,167.2677201117247,47691700
2024-04-04,167.29747009277344,170.3695030458197,167.29747009277344,168.75419869027797,53704400
2024-04-05,168.0506134033203,168.85330584999502,167.4262903353845,168.06051777285862,42104800
2024-04-08,166.93080139160156,167.67403738632925,166.72270378093583,167.50557237539863,37425500
2024-04-09,168.13978576660156,168.5460917055098,166.83169838821917,167.17853275073267,42373800
2024-04-10,166.266845703125,167.56502882108228,165.60289002910008,167.27765088979615,49709300
2024-04-11,173.4613494873047,173.87757491447604,166.64340884278624,166.8217782077108,91070300
2024-04-12,174.95774841308594,176.7514221146486,172.63885584160187,172.68839280877705,101670900
2024-04-15,171.13255310058594,175.0370216134587,170.94426424521788,173.77847120218846,73531800
2024-04-16,167.85240173339844,172.19288913903023,166.7524119884344,170.20102235595408,73711200
2024-04-17,166.48486328125,169.11095775477588,166.48486328125,168.08034382587564,50901200
2024-04-18,165.5334930419922,167.11906901091456,165.0479219314042,166.51456987389489,43122900
2024-04-19,163.5119171142578,164.89928490796945,162.60021611822233,164.71101115974596,68149400
2024-04-22,164.3443145751953,165.75150603037284,163.28397258003716,164.0272084619306,48116400
2024-04-23,165.39474487304688,165.54340111554177,163.4326064657252,163.85873621547074,49537800
2024-04-24,167.49566650390625,167.77314006308927,164.71101142134987,165.03802194946388,48251800
2024-04-25,168.35780334472656,169.07131105182287,166.63349053238153,168.0010494911784,50558300
2024-04-26,167.77313232421875,169.79472746518425,167.65420428921547,168.34790327634968,44838400
2024-04-29,171.9352264404297,174.4424074952563,171.5388400360099,171.80639405446584,68169400
2024-04-30,168.79383850097656,173.41181476528868,168.46681287321124,171.76678225756265,65934800
2024-05-01,167.77313232421875,171.1523820898212,167.58484346320657,168.05060587060277,50383100
2024-05-02,171.46949768066406,171.85597979307556,169.34879824722077,170.95418315705703,94214900
2024-05-03,181.7261505126953,185.313497878847,181.01264278710423,184.9666483851495,163224100
2024-05-06,180.0712127685547,182.53874644704828,178.79283846563771,180.70544017490002,78569700
2024-05-07,180.75498962402344,183.23244296383282,179.6847430878599,181.79552305097843,77305800
2024-05-08,181.0919189453125,181.4189445721307,179.81354466582562,181.20092748758523,45057100
2024-05-09,182.90542602539062,182.99461071341904,180.46760537105857,180.9135439323752,48983000
2024-05-10,181.6451416015625,183.669478466616,180.73220418072017,183.48093424482693,50759500
2024-05-13,184.85037231445312,185.6640864017181,183.20310853414878,184.01682262141375,72044800
2024-05-14,185.9915313720703,186.8548647149755,184.8602810891409,186.07091921634225,52393600
2024-05-15,188.2639617919922,189.1868170758504,185.93199122253947,186.46785537715886,70400000
2024-05-16,188.38304138183594,189.6333810173086,188.2044300863017,189.00821119957226,52845200
2024-05-17,188.41282653808594,189.34561487480414,187.72811956148706,188.05558877384672,41282900
2024-05-20,189.5738525390625,190.4471038045087,187.55943303128691,187.87698445206195,44361300
2024-05-21,190.87379455566406,191.2508679069906,189.45476137627725,189.62345487533878,42309400
2024-05-22,189.43490600585938,191.3401840301744,188.8097513226368,190.79440205142186,34648500
2024-05-23,185.44577026367188,189.5341459487459,185.19768892080702,189.51429520164533,51005900
2024-05-24,188.52195739746094,189.11735863774422,186.59684388111853,187.37087155015982,36327000
2024-05-28,188.5319061279297,191.51880009814326,187.64873713728954,190.04022981736387,52280100
2024-05-29,188.82958984375,190.7745542503335,188.05557725890648,188.15481585355153,53068000
2024-05-30,189.8218994140625,190.70506832278696,189.16697622567534,189.29596821795033,49889100
2024-05-31,190.77455139160156,191.09210277636024,188.45251367186646,189.9707702687458,75158300
2024-06-03,192.54087829589844,193.49351725389894,191.04247253185534,191.41954585254337,50080500
2024-06-04,192.85841369628906,193.82097037667646,191.54853713018946,193.14618134943933,47471400
2024-06-05,194.36676025390625,195.38885414673365,193.3744349100596,193.90036613096368,54156800
2024-06-06,192.98741149902344,194.99191275531385,192.67979309240934,194.1881317208236,41181800
2024-06-07,195.37893676757812,195.42855606321456,192.65004206608782,193.1561225415401,53103900
2024-06-10,191.63787841796875,195.78580650726497,190.67532155851157,195.3888672580803,97010200
2024-06-11,205.5601806640625,205.57011360777915,192.14395345618084,192.16378906024917,172373300
2024-06-12,211.4347686767578,218.51003809526938,205.3121079690946,205.77850209290926,198134300
2024-06-13,212.59576416015625,215.08649505325084,209.97602614095345,213.09192677850285,97862700
2024-06-14,210.8592071533203,213.51863167298376,209.67833763090172,212.20877015870124,70122700
2024-06-17,215.00714111328125,217.26964179829142,211.08745883873982,211.7324642876032,93728300
2024-06-18,212.6453857421875,216.95208913019513,211.36529274424583,215.9200623200828,79943300
2024-06-20,208.07077026367188,212.59578653831548,207.24715355520107,212.28815296354617,86172500
2024-06-21,205.89759826660156,210.26382387597764,205.5205097773767,208.77533580800622,241805100
2024-06-24,206.54257202148438,211.0675726312926,205.0044648921964,206.12579724338954,80727000
2024-06-25,207.46546936035156,209.75773850908567,207.0089930344414,207.54484206411715,55549700
2024-06-26,211.61337280273438,213.21101716086312,209.02340313251779,209.87680350658064,66213200
2024-06-27,212.4568634033203,214.0842763709762,210.7202940415425,213.04233172557286,49772700
2024-06-28,209.00357055664062,214.41175609103416,208.686034302842,214.1140554431902,82542700
2024-07-01,215.08653259277344,215.84069445328046,210.29359904602236,210.46229254870087,60402900
2024-07-02,218.5795135498047,218.6886699462021,213.44919320249295,214.4911227279333,58046200
2024-07-03,219.8496856689453,219.8496856689453,217.34902153194005,218.31157833867707,37369800
2024-07-05,224.6029052734375,224.71206166235044,219.94889718329503,219.94889718329503,60412400
2024-07-08,226.07154846191406,226.1013170084402,221.53661474646515,225.3471401186269,59085900
2024-07-09,226.9249725341797,227.63944805659358,224.63270320880366,226.18072846013894,48076100
2024-07-10,231.19195556640625,231.29119415797783,227.49058625437067,227.54020555015646,62627700
2024-07-11,225.82347106933594,230.6064710416972,224.0372825383305,229.61414576243664,64710600
2024-07-12,228.77069091796875,230.8545803134063,226.92496506939614,227.1631286162611,53046500
2024-07-15,232.60105895996094,235.409341553401,231.30111515749465,234.66509753137677,62631300
2024-07-16,233.01783752441406,234.4567062015191,230.54694204130521,233.19644881294397,43234300
2024-07-17,227.12342834472656,229.6836295353235,224.9006141352506,227.68904591405493,57345900
2024-07-18,222.45950317382812,228.67146993188885,220.5641731481692,228.51269423226466,66034600
2024-07-19,222.5885009765625,225.0593965950336,221.56640705838353,223.09459660515446,49151500
2024-07-22,222.24119567871094,226.03187070395737,221.3778623137636,225.26777593230437,48201800
2024-07-23,223.2831268310547,225.19832267550643,220.97100689389265,222.64803919770813,39960300
2024-07-24,216.86277770996094,223.0747441599071,215.46361045876344,222.280880842846,61777600
2024-07-25,215.8208465576172,219.15506035064124,212.97286249707204,217.24978234747041,51391200
2024-07-26,216.28721618652344,217.8054725938896,214.35216985326556,217.0215271741731,41601300
2024-07-29,216.56509399414062,217.61695646267233,214.0941983741811,215.29491873308154,36311800
2024-07-30,217.12078857421875,218.63904514115285,214.46134877521007,217.50779485320817,41643800
2024-07-31,220.37562561035156,222.10227724921992,218.93675681546986,219.74053796301214,50036300
2024-08-01,216.68417358398438,222.7572001483694,215.35446119036925,222.64804374939,62501000
2024-08-02,218.1726531982422,223.86860618805187,216.0391597412521,217.46809553371503,105568600
2024-08-05,207.6639404296875,211.8614726265992,194.4957781490091,197.562059997048,119548600
2024-08-06,205.6395721435547,208.3783997216886,199.52685967053256,203.72439154098564,69660500
2024-08-07,208.209716796875,212.00039184379946,204.80603289763474,205.31211338628992,63516400
2024-08-08,211.6729278564453,212.55609685346144,207.22731432081122,211.4744658055274,47161100
2024-08-09,214.5804443359375,215.11629337558463,210.3432107490655,210.47221789303094,42201600
2024-08-12,216.1103973388672,218.07747160820446,214.1929998012183,214.65993379251097,38028100
2024-08-13,219.82598876953125,220.44193777769505,217.58072790378117,217.58072790378117,44155300
2024-08-14,220.27304077148438,221.5744891931242,218.2662191901357,219.13055181670978,41960600
2024-08-15,223.2534637451172,223.87935717471936,221.30624816369337,223.13425172393934,46414000
2024-08-16,224.57476806640625,225.34967646095544,222.1904217176943,222.45866390325608,44340200
2024-08-19,224.41583251953125,224.51518597934856,221.58442566604344,224.2469437652095,40687800
2024-08-20,225.03176879882812,225.68746521443902,223.97868888483964,224.2966078109087,30299000
2024-08-21,224.9224853515625,226.4921759358446,223.58130467937312,225.04171252806572,34765500
2024-08-22,223.064697265625,226.84983046212884,222.43880384726458,226.30341677619586,43695300
2024-08-23,225.35964965820312,226.73064869689995,222.8660352522939,224.18735755669383,38677300
2024-08-26,225.69740295410156,225.79675641202357,222.4288803537143,225.28014571740593,30602200
2024-08-27,226.54185485839844,227.356510742363,223.42234738221904,224.52510403050715,35934600
2024-08-28,225.01193237304688,228.35993491185639,224.20720569696516,226.43259292076607,38052200
2024-08-29,228.29037475585938,231.39995310375193,227.3863249726349,228.59836441740794,51906300
2024-08-30,227.50555419921875,228.8964117856607,225.99546942021698,228.68779072729976,52990800
2024-09-03,221.31619262695312,227.50553099413642,219.7266282681139,227.05847075546578,50190600
2024-09-04,219.4087371826172,220.33266071869627,216.06071952153204,220.21344869061124,43840200
2024-09-05,220.9287567138672,224.0085170705176,220.07436845302396,220.1836512012438,36615400
2024-09-06,219.37890625,223.77005891628232,218.3357556594125,222.48846914066658,48423000
2024-09-09,219.4683380126953,219.82598924771256,215.2957503769675,219.37892899374344,67180000
2024-09-10,218.67355346679688,220.03460793809228,215.31560663834654,217.49131703149231,51591000
2024-09-11,221.20692443847656,221.63411098197892,216.4680492147489,220.01475867053273,44587100
2024-09-12,221.31619262695312,222.09110108310472,218.38544755210194,221.04795042006705,37455600
2024-09-13,221.04795837402344,222.57790161811045,220.46181236980377,222.12091208096655,36766600
2024-09-16,214.90829467773438,215.80241517960704,212.52394807405793,215.126845002842,59357400
2024-09-17,215.37521362304688,215.48449636527135,213.10016491936787,214.34200737227792,45519300
2024-09-18,219.24977111816406,221.25659276615585,216.12031904206836,216.13026348358338,59894900
2024-09-19,227.3763885498047,228.32020097310811,223.16406850984052,223.52171975466862,66781300
2024-09-20,226.7107391357422,231.56882586153637,226.13452245924367,228.46919216926284,318679900
2024-09-23,224.99203491210938,227.95258288382507,224.336338501163,225.8563523524968,54146000
2024-09-24,225.8861846923828,227.8532741806864,224.2568878942957,227.15783023434298,43556100
2024-09-25,224.8927001953125,225.80669443859438,222.55804543582803,223.462095237407,42308700
2024-09-26,226.03521728515625,227.00881759745033,223.9389864593978,225.81665178414175,36636700
2024-09-27,226.3034210205078,228.02214184296878,225.8166284941723,226.9690618971705,34026000
2024-09-30,231.47943115234375,231.47943115234375,228.1512873446241,228.5387415800987,54541900
2024-10-01,224.73377990722656,228.15131803302592,222.27989769941507,228.02217670997004,63285000
2024-10-02,225.30003356933594,225.8861795938886,221.56457676904253,224.41584231153624,32880600
2024-10-03,224.197265625,225.3298253274289,221.8626109260752,223.67072564154154,34044200
2024-10-04,225.31988525390625,226.51205091107013,222.66731173997377,226.41269745663615,37245100
2024-10-07,220.2432403564453,224.21713611955545,219.885589131397,223.0348997045567,39505400
2024-10-08,224.29660034179688,224.50522136577493,221.79304193960246,222.83619253711748,31855700
2024-10-09,228.0419921875,228.25062837641602,223.3627386107029,223.76012210676075,33591100
2024-10-10,227.54525756835938,228.00226223679437,225.68746620848788,226.2934858996686,28183500
2024-10-11,226.0650177001953,227.91287999534921,225.8563814846346,227.80359724609562,31759200
2024-10-14,229.79052734375,230.21771386522883,227.1081507143634,227.20748901369805,39882100
2024-10-15,232.32388305664062,235.9401275315396,230.853530735341,232.08544385770335,64751400
2024-10-16,230.2674102783203,230.60518781150915,228.3400682278028,230.08859222870646,34082200
2024-10-17,230.6349639892578,232.3238817771462,229.01561181125544,231.90660939150177,32993800
2024-10-18,233.4663848876953,234.63867690560429,232.4828401919167,234.63867690560429,46431500
2024-10-21,234.9367218017578,235.30431748145634,232.9199708414818,232.9199708414818,36254500
2024-10-22,234.32077026367188,234.67842149785605,231.0820505913223,232.36362533760988,38846600
2024-10-23,229.25404357910156,233.60546433739609,226.27362172475395,232.55238437433343,52287000
2024-10-24,229.0653076171875,229.3136761173618,226.91940013747097,228.47914643577636,31109500
2024-10-25,229.89981079101562,231.69799621804017,228.07182235817814,228.2407111108546,38802300
2024-10-28,231.87681579589844,233.19813797949908,231.032372026897,231.7973512193415,36087100
2024-10-29,232.1450653076172,232.80076177889833,230.80388451731673,231.5787930163908,35417200
2024-10-30,228.59837341308594,231.9463759413976,228.05195968136482,231.0919876952183,47070900
2024-10-31,224.43569946289062,228.330115454563,223.89921505082026,227.84330777090054,64370100
2024-11-01,221.45529174804688,223.87937072005496,218.83252100898451,219.52794977327943,65276700
2024-11-04,220.56114196777344,221.33605042122997,218.2761640538016,219.54780947276666,44944500
2024-11-05,221.9917449951172,222.4884819564664,219.6968226591573,220.35251908634842,28111300
2024-11-06,221.26651000976562,224.59465366535846,219.7464961432124,221.15722727351368,54561100
2024-11-07,225.99546813964844,226.39286684724487,223.10447023283905,223.16407624917585,42137700
2024-11-08,225.72694396972656,227.41770491673495,225.17992905795916,225.93579455138124,38328800
2024-11-11,223.01174926757812,224.47376393957063,220.29658566640109,223.77757009002366,42005600
2024-11-12,223.01174926757812,224.36436096493557,222.14648085284745,223.33001798502116,40398300
2024-11-13,223.89691162109375,225.4185978724207,221.54973296285615,222.79294167641658,48566200
2024-11-14,226.98008728027344,227.62654977508777,223.77758025105393,223.79747584076947,44923900
2024-11-15,223.777587890625,225.68715481951833,223.05155818805096,225.16997570047775,47923700
2024-11-18,226.7811737060547,228.49183017609323,223.94665165924164,224.0262188410909,44633700
2024-11-19,227.03973388671875,228.90952454109907,225.42854034251505,225.7467938634959,36211800
2024-11-20,227.755859375,228.6807994670743,224.66275517557906,226.82096389964158,35169600
2024-11-21,227.2784423828125,228.9095315645878,224.48371169719937,227.63648708983084,42108300
2024-11-22,228.62110900878906,229.46649702017746,226.82094518602503,226.82094518602503,38168300
2024-11-25,231.6048126220703,231.98275293866183,228.49182822914253,230.20248468460477,90152800
2024-11-26,233.78292846679688,234.2901673751303,232.0623317186483,232.0623317186483,45986200
2024-11-27,233.6536102294922,234.40949083683986,232.53970008294309,233.19611792325418,33498400
2024-11-29,236.04058837890625,236.51797629056327,232.698842645531,233.5342752849028,28481400
2024-12-02,238.28831481933594,239.48179223890946,235.8715241828912,235.98092716494563,48137100
2024-12-03,241.3316650390625,241.44106801091166,237.60203896586935,238.5070985351772,38861000
2024-12-04,241.68971252441406,242.78374225546824,239.9392801306149,241.55047375645148,44383900
2024-12-05,241.7195587158203,243.21140922639395,240.81451427308068,242.6644095132275,40033900
2024-12-06,241.52064514160156,243.3009285590703,240.76477968960373,241.5902721155965,36870600
2024-12-09,245.40939331054688,245.89673657618508,240.43655859300793,240.51612576959502,44649200
2024-12-10,246.4238739013672,246.861485816723,244.0070681600661,245.54865007065558,36914800
2024-12-11,245.1508026123047,249.43738355757404,244.92204129682997,246.61281718111218,45205800
2024-12-12,246.61282348632812,247.38858448031883,244.3451969163318,245.54862958315107,32777500
2024-12-13,246.7819061279297,247.9355922748061,244.90217516923994,246.47359279661413,33155300
2024-12-16,249.67608642578125,250.01425073054844,246.3045049916291,246.6426692963963,51694800
2024-12-17,252.10284423828125,252.45094876599273,248.42294929569397,248.7213224371769,51356400
2024-12-18,246.70236206054688,252.89851058988313,246.39404870034858,250.79003328074214,56774100
2024-12-19,248.43287658691406,250.6308762664829,245.7475488049507,246.15532490458142,60882300
2024-12-20,253.10736083984375,253.6145845456153,244.35516822034685,246.69239156062656,147495300
2024-12-23,253.8831024169922,254.26102752773247,252.07298333460633,253.38581895601413,40858800
2024-12-24,256.7972106933594,256.80713572411884,253.90300191480816,254.10192745486222,23234700
2024-12-26,257.61273193359375,258.6868812844183,256.23029959445824,256.78725468311694,27237100
2024-12-27,254.20135498046875,257.29447387899233,251.68510189149424,256.4291751646687,42355300
2024-12-30,250.82977294921875,252.1227129740064,249.3876539575231,250.85960874260036,35557500
2024-12-31,249.05946350097656,251.90392569582917,248.07483671879714,251.0684930674946,39480700
2025-01-02,242.52517700195312,247.74665392379396,240.5062071395791,247.57756417344766,55740700
2025-01-03,242.03782653808594,242.85336358935695,240.5758118291158,242.03782653808594,40244100
2025-01-06,243.6688995361328,245.98624232017474,241.8786760145675,242.9826459215422,45045600
2025-01-07,240.89405822753906,244.21590806857427,240.0387300769128,241.65986382248775,40856000
2025-01-08,241.3813934326172,242.3859157551251,238.74579711055483,240.605632433071,37628900
2025-01-10,235.56317138671875,238.85518532841934,231.73408283180441,238.70599119102164,61710900
2025-01-13,233.12649536132812,233.39503269669683,228.47192915300568,232.2612269401141,49630700
2025-01-14,232.01258850097656,234.8371551382162,231.20699165927476,233.47460320476435,39435300
2025-01-15,236.57765197753906,237.66174156203553,233.15633900368562,233.36520475508792,39832000
2025-01-16,227.0198516845703,236.7168796666606,226.79110553013876,236.06047699847062,71759100
2025-01-17,228.7305145263672,231.0279618693864,227.2386640256131,230.85888730040747,68488300
2025-01-21,221.43040466308594,223.20073277609362,218.18812158355374,222.78301644137267,98070400
2025-01-22,222.61392211914062,222.90233985709415,218.59586314481808,218.59586314481808,64126500
2025-01-23,222.4448699951172,225.79655609657794,221.09225820038625,223.51900422998196,60234800
2025-01-24,221.5696258544922,224.4041477572621,220.2070739772995,223.55875977197638,54697900
2025-01-27,228.6111602783203,230.88871192185238,222.76310174211312,222.80289291870474,94863400
2025-01-28,236.96551513671875,238.88503723433337,229.55599442275542,229.5957855991,75707600
2025-01-29,238.05953979492188,238.5568232574634,232.73860067537262,232.84800364416722,45486100
2025-01-30,236.2991485595703,239.48175963713217,235.92122345328548,237.3732826437262,55658300
2025-01-31,234.71778869628906,245.84699474947953,232.1716998572169,245.84699474947953,100959800
2025-02-03,226.77120971679688,230.5704628324937,224.47376244068877,228.7404632470789,73063300
2025-02-04,231.53518676757812,231.8633956790269,225.4185909783935,226.01533721300711,45067300
2025-02-05,231.20697021484375,231.4058805611787,227.02979223826367,227.2883741709104,39620300
2025-02-06,231.95289611816406,232.52974674745317,229.1780459389265,230.03337408912944,29925300
2025-02-07,226.39329528808594,232.72868233994458,226.02529517161955,231.33629458433444,39707200
2025-02-10,226.66207885742188,229.58932279803912,226.21403472606798,228.57376015165607,33115600
2025-02-11,231.61053466796875,234.2092091135714,227.1400288616486,227.20971719471092,53718400
2025-02-12,235.84210205078125,235.93172304376256,229.67896101319025,230.19670873650108,45243300
2025-02-13,240.48187255859375,241.28835511000761,234.54774465400956,235.8819260401158,53614100
2025-02-14,243.53855895996094,244.484433375407,239.94422402720738,240.2030902821229,40896200
2025-02-18,243.4091339111328,244.1160443880909,240.79054182412452,243.09051524526637,48822500
2025-02-19,243.80735778808594,244.94241003871878,242.1047870084227,243.59827761149603,32204200
2025-02-20,244.76321411132812,245.70908851524857,243.2298884862767,243.87707690453925,32316900
2025-02-21,244.48443603515625,247.61080936192474,244.15586625078134,244.88269415360097,53197400
2025-02-24,246.0277099609375,247.7800669312537,243.3593319822528,243.86711335623195,51326400
2025-02-25,245.9679718017578,248.91513366913293,243.84722519384715,246.92381259977986,48013300
2025-02-26,239.31695556640625,243.91690216055417,238.0922974197643,243.26972892021308,44433600
2025-02-27,236.27024841308594,241.40786042901627,236.0312844149354,238.37109275336516,41153600
2025-02-28,240.79054260253906,241.03945773883657,229.20105446423008,235.9217631442628,56833400
2025-03-03,236.9970703125,242.97103338088397,235.08540395372597,240.7407483660274,47184000
2025-03-04,234.9061737060547,239.02822274747484,233.6615980851158,236.6784633674393,53798100
2025-03-05,234.7169952392578,235.5234777567522,228.23523611666363,234.3983766092207,47227600
2025-03-06,234.30877685546875,236.82779659290307,232.14819548977783,233.42263965762712,45170400
2025-03-07,238.03256225585938,240.32256924437755,233.74125275300776,234.08974000390756,46273600
2025-03-10,226.4928436279297,235.13518456664028,223.24699590534985,234.5178647329352,72071200
2025-03-11,219.8816680908203,224.85997074742775,216.5063794973434,222.83878108425105,76137400
2025-03-12,216.0384063720703,220.78771110845915,213.9773970817033,219.18469713036333,62547500
2025-03-13,208.77008056640625,215.899013195213,207.51555384047248,215.01287598245443,61368300
2025-03-14,212.5635528564453,213.02154815111564,208.67051688888432,210.3332680009786,60107600
2025-03-17,213.07135009765625,214.28605714072168,209.0588394397278,212.3843419118567,48073400
2025-03-18,211.76702880859375,214.21634506867483,210.57223927739028,213.23065092190424,42432400
2025-03-19,214.30596923828125,217.8106832228152,212.8224296395377,213.29039128502816,54385400
2025-03-20,213.17091369628906,216.5462020975973,211.29906714235267,213.0613904363763,48862900
2025-03-21,217.3228302001953,217.8903488075446,210.36315756009637,210.6419412957371,94127800
2025-03-24,219.7721405029297,220.5188858867363,217.63147647971348,220.04097309502072,44299500
2025-03-25,222.77902221679688,223.12750944589686,219.12495024533285,219.81195837594151,34493600
2025-03-26,220.5686798095703,224.0435405886843,219.51328206033222,222.54008343913912,34466100
2025-03-27,222.8786163330078,224.0136687326393,219.60288467242046,220.42928473771144,37094800
2025-03-28,216.9544219970703,222.8387793372666,216.73537546649092,220.7080664246457,39818600
2025-03-31,221.1660614013672,224.6409066608951,215.29165561007284,216.0682695484103,65299300
2025-04-01,222.22145080566406,222.70931468653842,217.95005911072687,218.85611373602535,36412700
2025-04-02,222.91842651367188,224.21278818927524,220.06088576879955,220.3595869543347,35905900
2025-04-03,202.30825805664062,206.58960121618028,200.37667426890133,204.64805110026137,103419000
2025-04-04,187.56253051757812,199.01262630823254,186.52703508606032,193.0486144227304,125910900
2025-04-07,180.6725616455078,193.30748067285785,173.86223225537526,176.43103817745248,160466300
2025-04-08,171.6717987060547,189.51403482217904,168.47573669018362,185.88983084847527,120859500
2025-04-09,197.98709106445312,199.7394480269994,171.14407803694525,171.20381523449285,184395900
2025-04-10,189.5936737060547,193.93475416517637,182.20587449762067,188.24954112448538,121880000
2025-04-11,197.29013061523438,198.67409816298056,185.25259829067514,185.29243322025624,87435900
2025-04-14,201.6411590576172,212.01593914767514,200.28706023476008,210.52244846919626,101352900
2025-04-15,201.2628173828125,202.62686743682656,198.93297540670014,200.98403365195668,51343900
2025-04-16,193.4269561767578,199.8290454554037,191.53519224238798,197.49920369317184,59732400
2025-04-17,196.12521362304688,197.96719174329118,193.5763250102755,196.34426016251078,52164700
2025-04-21,192.32177734375,192.958999427942,188.98630873883343,192.43130060162235,46742500
2025-04-22,198.87322998046875,200.7151927551101,195.11958571249494,195.26892870764283,52976400
2025-04-23,203.71212768554688,207.0973670311424,201.9199358938783,205.1060461943045,52929200
2025-04-24,207.46575927734375,207.92376976062596,202.05933042602183,204.00086522918792,47311000
2025-04-25,208.371826171875,208.8397878176709,205.30519003897632,205.47445049920006,38222300
2025-04-28,209.22808837890625,210.5821872117057,206.55972563953335,209.088696522261,38743100
2025-04-29,210.29347229003906,211.31900144522857,207.46578477039023,207.7844034400983,36827600
2025-04-30,211.57785034179688,212.65316547487808,205.7731479657814,208.39173986928208,52286500
2025-05-01,212.39430236816406,213.62891164873253,207.99346964638974,208.1726964341785,57365700
2025-05-02,204.45889282226562,206.0917754590827,201.2827333487594,205.19567188008233,101010600
2025-05-05,198.02691650390625,203.21431440062256,197.34987465543003,202.21865389928206,69018500
2025-05-06,197.6485595703125,199.77927242381972,196.16503515467957,197.3498735756035,51216500
2025-05-07,195.3983612060547,198.5745204381265,192.4113798882551,198.30568786560423,68536700
2025-05-08,196.63299560546875,199.18188402861682,193.83517686729027,196.86199326420865,50478900
2025-05-09,197.66848754882812,199.66975978270045,196.68277813613466,198.13644922219603,36453900
2025-05-12,210.15048217773438,210.62903686932515,206.12274573806786,210.32994399020487,63775800
2025-05-13,212.28399658203125,212.75257189298435,208.36592688565332,209.79158118866218,51909300
2025-05-14,211.68582153320312,213.29093762104833,209.94113079478424,211.78550901932945,49325800
2025-05-15,210.80850219726562,212.31393091132972,208.90429308394448,210.31001909194578,45029500
2025-05-16,210.61907958984375,211.9251181254035,209.13360964796243,211.71574852428404,54737900
2025-05-19,208.14659118652344,208.84446444770495,203.64029993754312,207.27923550566183,46140500
2025-05-20,206.232421875,207.83753801206538,204.40797196423648,207.03996203611737,42496600
2025-05-21,201.47689819335938,206.4118779017609,200.10109516487896,204.54755595275296,59211800
2025-05-22,200.74911499023438,202.13489740214874,199.0941474443519,200.1010930441042,46742400
2025-05-23,194.6775665283203,197.10018674879547,192.87306039619787,193.08241474951325,78432900
2025-05-27,199.60260009765625,200.1309909415137,196.83102019804124,197.6983910952664,56288500
2025-05-28,199.8119659423828,202.11495545301858,199.29353925378823,199.98144837254895,45339700
2025-05-29,199.34336853027344,203.19165828241367,197.90773491315443,202.96236033905296,51396800
2025-05-30,200.24066162109375,201.3472946799051,196.18300200128658,198.7651407343476,70819900
2025-06-02,201.08807373046875,201.51677709467234,199.51286535414474,199.67238359256916,35423300
2025-06-03,202.6533203125,203.1518034040851,200.35033086337637,200.73914706631285,46381600
2025-06-04,202.20468139648438,205.6143037964219,201.48686455307688,202.29440469878628,43604000
2025-06-05,200.0213165283203,204.12881205428334,199.54276184010462,202.8826044104843,55126100
2025-06-06,203.30133056640625,205.07592905349443,201.4370087789868,202.3841235560851,46607700
2025-06-09,200.8388214111328,205.3750202901374,199.41316716451473,203.76990423179717,72862600
2025-06-10,202.0551300048828,203.73004106569937,199.96151019448254,199.99141796230995,54672600
2025-06-11,198.1769256591797,203.8795731269679,197.80805305990708,202.88260699920767,60989900
2025-06-12,198.5956573486328,199.07419684911244,196.7612432530472,198.47602627663701,43904600
2025-06-13,195.85400390625,199.76210952406473,195.1062792678608,199.12405177447246,51447300
2025-06-16,197.81802368164062,198.08720880439395,195.96366601516638,196.701426450214,43020700
2025-06-17,195.0464630126953,197.7881200100286,194.61777485692886,196.60172782081946,38856200
2025-06-18,195.9835968017578,196.97059871241268,194.4781834746436,195.34553910938874,45394700
2025-06-20,200.3902130126953,201.0880863339216,196.26277341287403,197.63859168364695,96813500
2025-06-23,200.888671875,201.686247808318,198.3563846401482,201.01828233775666,55814300
2025-06-24,199.6923065185547,202.82277936444737,199.59260382672892,201.9753521214132,54064000
2025-06-25,200.948486328125,203.052085424857,200.01133575244882,200.83881944772682,39525700
2025-06-26,200.3902130126953,202.02523702778157,198.85489170599743,200.81890119127095,50799100
2025-06-27,200.469970703125,202.6034778198992,199.39324535272064,201.27751091280393,73188600
2025-06-30,204.5475311279297,206.76079706763053,198.65545787730727,201.39711462840114,91912800
2025-07-01,207.18951416015625,209.55231908550664,205.51460310500556,206.04299395149746,78788900
2025-07-02,211.7954864501953,212.69274987948137,207.5085290616707,208.2761972389462,67941800
2025-07-03,212.90211486816406,213.99876845669687,211.16738836812712,211.50635319299207,34955800
2025-07-07,209.31304931640625,215.57399579559095,208.16654427869605,212.03476276559877,50229000
2025-07-08,209.3728485107422,210.78853856973336,207.81758380403343,209.46258702266434,42848900
2025-07-09,210.4994354248047,210.6888614301138,206.59132988433592,208.8943192909964,48749400
2025-07-10,211.7655792236328,212.83232507172787,209.39279496736208,209.87133445003573,44443600
2025-07-11,210.51937866210938,211.48643705736623,209.2233196075129,209.931172276849,39765800
2025-07-14,207.987060546875,210.27012140888866,206.9103353456299,209.29308368901172,38840100
2025-07-15,208.4755859375,211.24715053377864,208.28615994072268,208.5852528191871,42296300
2025-07-16,209.52239990234375,211.75559423754484,208.00700716596054,209.6619745482938,47490500
2025-07-17,209.38282775878906,211.15742622671814,208.95412441878605,209.93116216460888,48068100
2025-07-18,210.539306640625,211.1474566075158,209.06380098140497,210.23024956462245,48974600
2025-07-21,211.83535766601562,215.12534891613055,210.98794558852114,211.45652088357517,51377400
2025-07-22,213.74952697753906,214.29786137817433,211.58611235366487,212.49335516085276,46404100
2025-07-23,213.5002899169922,214.4972560435483,211.76557859278188,214.3477172095632,46989300
2025-07-24,213.11148071289062,215.03563331063384,212.8821827557749,213.25105536667797,46022600
2025-07-25,213.23110961914062,214.58698409364732,212.75255494872997,214.0486138925591,40268800
2025-07-28,213.40061950683594,214.1981955143971,212.41361748607306,213.38067592321022,37858000
2025-07-29,210.62904357910156,214.1582970701604,210.18041185237743,213.53020352524888,51411700
2025-07-30,208.41578674316406,211.74565019362484,207.08981987426867,211.2571312800854,45512500
2025-07-31,206.9402618408203,209.2033639475293,206.5315020865265,207.85746883247032,80698400
2025-08-01,201.76600646972656,212.93202387361222,200.88867142379772,210.23023901853355,104434500
2025-08-04,202.7330780029297,207.24933356384108,201.06813110178,203.8895472057539,75109300
2025-08-05,202.3043670654297,204.71702329589334,201.54667827641916,202.78290655256814,44155100
2025-08-06,212.60302734375,214.72657006985978,204.96626313259566,205.00615029681612,108483100
2025-08-07,219.36245727539062,220.1799768073744,215.92292715514498,218.2159523061407,90224800
2025-08-08,228.6541748046875,230.29916273925562,218.58481138779996,220.16001960779298,113854000
2025-08-11,226.747802734375,229.12327986736793,224.3324083989562,227.48640043221798,61806100
2025-08-12,229.21310424804688,230.36092560837628,226.63802588155738,227.57622481823222,55626200
2025-08-13,232.88612365722656,234.55294488479396,229.99163136972763,230.6304284784954,69878500
2025-08-14,232.337158203125,234.67270293292236,230.41083714463488,233.6147219132583,51916300
2025-08-15,231.1494140625,233.834298979768,228.9036945156081,233.5548328767578,56038700
2025-08-18,230.4507598876953,232.67651332576617,229.672244959047,231.25921652669462,37476200
2025-08-19,230.1213836669922,232.42698672077375,228.9136940815642,230.84001516813981,39402600
2025-08-20,225.5800323486328,230.0315543310328,225.3404986724704,229.54248102593337,42263900
2025-08-21,224.47215270996094,226.08908123987146,223.35428822884654,225.83955683035407,30621200
2025-08-22,227.3267059326172,228.65417758009713,224.98118568943215,225.73973438952316,42477800
2025-08-25,226.72784423828125,228.86377239669042,225.79960559269966,226.04912998143794,30983100
2025-08-26,228.87376403808594,229.0534295301293,224.26255788237486,226.43840339540802,54575100
2025-08-27,230.05152893066406,230.46073738560713,227.82576024347395,228.17510050695543,31259500
2025-08-28,232.11758422851562,232.9659733126178,228.90370861616245,230.3809040856524,38074700
2025-08-29,231.69837951660156,232.9360260407387,230.92984008944924,232.0676707602769,39418400
2025-09-02,229.28298950195312,230.4108447009183,226.53822101083426,228.81388239599917,44075600
2025-09-03,238.01634216308594,238.395624134605,233.9141603097862,236.75874463665696,66427800
2025-09-04,239.32383728027344,239.44360411673358,236.28962732845326,237.99636566705198,47549400
2025-09-05,239.2340087890625,240.86091270031892,238.03629475202086,239.54341659874092,54870400
2025-09-08,237.42745971679688,239.69313028194867,235.89038089866295,238.84475646782593,48999500
2025-09-09,233.9041748046875,238.3257397896772,232.9160527142261,236.54912730927947,66313900
2025-09-10,226.35855102539062,231.97784546194652,225.52015268533836,231.7482872752143,83440800
2025-09-11,229.59239196777344,230.01159113632517,226.21881717306923,226.44839058875493,50208600
2025-09-12,233.6247100830078,234.06386022938602,228.58431421011397,228.78393068206054,55824200
2025-09-15,236.24969482421875,237.7368657054393,234.58287368836292,236.54912714503797,42699500
2025-09-16,237.6969451904297,240.76111223381088,235.87043992435724,236.72878926810645,63421100
2025-09-17,238.5353546142578,239.6432435766681,237.27774187166392,238.5153883976145,46508000
2025-09-18,237.42745971679688,240.74113579799257,236.199788714976,239.5134800259323,44249600
2025-09-19,245.032958984375,245.83144010441063,239.7530294205925,240.77107799962133,163741300
2025-09-22,255.5928192138672,256.15178189089505,247.64797087114997,247.82763635806887,105517400
2025-09-23,253.9459686279297,256.8504363399061,253.0975947938589,255.39322235208516,60275200
2025-09-24,251.8300018310547,255.2534845023776,250.56241362070242,254.73446948849343,42303700
2025-09-25,256.3813171386719,256.6807646844572,251.2311452680336,252.72829161839874,55202100
2025-09-26,254.97401428222656,257.10994249251326,253.2972024297037,253.61660096533106,46076300
2025-09-29,253.9459686279297,254.5148915782133,252.52867184357527,254.0757261912774,40127700
2025-09-30,254.14559936523438,255.4331385813304,252.6284867333586,254.37515755125318,37704300
2025-10-01,254.9640350341797,258.29769267334166,254.44502000530687,254.55481135314994,48713900
2025-10-02,256.6408386230469,257.68882891050583,253.66649683440303,256.09186667190835,42630200
2025-10-03,257.5291442871094,258.7468246365968,253.46689477740222,254.18552630266564,49155600
2025-10-06,256.20166015625,258.57713717661323,254.56478079871025,257.49917477533796,44664100
2025-10-07,255.99209594726562,256.9103287268919,254.94407514023973,256.32145476920215,31955800
2025-10-08,257.569091796875,258.0282082133661,255.62278908467795,256.03201279963565,36496900
2025-10-09,253.55670166015625,257.50917476461467,252.65841993311406,257.3195337882977,38322000
2025-10-10,244.80340576171875,255.8922708493858,243.53581752909898,254.45500785015722,61999100
2025-10-13,247.18885803222656,249.2149949644775,245.09284695690994,248.90558714178317,38142900
2025-10-14,247.29864501953125,248.37659224814226,244.23447809703134,246.13087266264282,35478000
2025-10-15,248.86566162109375,251.3409547309234,246.99922390992754,249.01538540478128,33893600
2025-10-16,246.97926330566406,248.56623493239263,244.66368465033412,247.77774448085987,39777000
2025-10-17,251.81002807617188,252.89796599708643,246.79958926324147,247.5481624372989,49147000
2025-10-20,261.7411193847656,263.87706298772724,255.14370850365398,255.4032084113237,90483000
2025-10-21,262.27008056640625,264.7853058703715,261.3318664386604,261.3817895915523,46695900
2025-10-22,257.9583435058594,262.349966966352,254.94406918261987,262.15033525743416,45015300
2025-10-23,259.0861511230469,260.12418111371363,257.51916110368444,259.4454820834593,32754900
2025-10-24,262.3200378417969,263.62754335723145,258.68694768993146,260.69313376057823,38253700
2025-10-27,268.2986145019531,268.60802232244004,264.1465248140549,264.37609822840903,44888200
2025-10-28,268.4882507324219,269.3765722048576,267.63986169210665,268.4782600095115,41534800
2025-10-29,269.1869201660156,270.8936584399069,266.6018207191691,268.76770579477784,51086700
2025-10-30,270.8836669921875,273.6184749716116,267.969239224885,271.4725408872279,69886500
2025-10-31,269.85565185546875,276.79244258078194,268.647962249571,276.4630533049319,86167100
2025-11-03,268.53814697265625,270.33474092754267,265.74348587775046,269.90556627002525,50194600
2025-11-04,269.5262756347656,270.9734988318123,267.11086611942017,267.8195068636227,49274800
2025-11-05,269.6260986328125,271.18312844251227,266.4221834255846,268.0989800730272,43683100
2025-11-06,269.25677490234375,272.8798740142925,267.38037702601645,267.38037702601645,51204000
2025-11-07,267.9592590332031,271.7719991063764,266.26248096015127,269.28671541495146,48227400
2025-11-10,269.1781311035156,273.4741297822401,267.20997142836535,268.7085692371889,41312400
2025-11-11,274.99267578125,275.65206242273547,269.5477586519058,269.55775905965567,46208300
2025-11-12,273.21435546875,275.4722525277038,271.4460210796085,274.74292397164845,48398000
2025-11-13,272.6948547363281,276.4413491841305,271.83564282199285,273.85374352181776,49602800
2025-11-14,272.15533447265625,275.70200347225597,269.3479639093673,270.7965900477885,47431300
2025-11-17,267.2099609375,270.2371271729127,265.48159771217263,268.5687054184609,45018300
2025-11-18,267.19000244140625,270.4569347049811,265.0719890725528,269.7376065335732,45677300
2025-11-19,268.3089294433594,271.9555110777923,265.2517925781922,265.2817633125939,40424500
2025-11-20,266.0010986328125,275.17250947675234,265.67142054546326,270.5768036466949,45823600
2025-11-21,271.2361755371094,273.0744516711978,265.4216397990326,265.70137680880595,59030800
2025-11-24,275.6620788574219,276.7410558404627,270.64675212306133,270.64675212306133,65585800
2025-11-25,276.7110900878906,280.1179060838009,274.9926967216935,275.012667049666,46914200
2025-11-26,277.29052734375,279.26868736786383,276.3714044558947,276.70108254872224,33431400
2025-11-28,278.5893249511719,278.73917862681736,275.73198274965245,277.0008150112318,20135600
2025-12-01,282.8353576660156,283.1550658399818,275.88187257202503,277.75011957449965,46587700
2025-12-02,285.9224548339844,287.1313151163589,282.36578537497866,282.7354345985028,53669500
2025-12-03,283.8843688964844,288.35019153510143,283.0351573834178,285.9324708384744,43538700
2025-12-04,280.4375915527344,284.46382276925783,278.32954829392816,283.83440686502166,43989100
2025-12-05,278.5193786621094,280.8771882481053,277.79005013345267,280.27774306596746,47265800
2025-12-08,277.6302185058594,279.4085531850005,275.8918244790692,277.86998437615557,38211800
2025-12-09,276.9208679199219,279.7682096639769,276.6611317163261,277.8999627322321,32193300
2025-12-10,278.5193786621094,279.48847306800184,276.1815698919154,277.490342786908,33038300
2025-12-11,277.77008056640625,279.3286197507982,273.5540244422053,278.83908758708685,33248000
2025-12-12,278.0198669433594,278.9589906850317,276.5612402656973,277.64021728323,39532900
2025-12-15,273.8537292480469,279.8880911943856,272.5849275039148,279.8880911943856,50409100
2025-12-16,274.353271484375,275.2424541197232,271.53593087885605,272.5649667835892,37648600
2025-12-17,271.58587646484375,275.90184538512057,271.38608172110213,274.75292651919426,50138700
2025-12-18,271.935546875,273.374203136776,266.7004552212896,273.35420232069225,51630700
2025-12-19,273.4141845703125,274.34330788170604,269.64768928264715,271.8955859651445,144632000
2025-12-22,270.7166748046875,273.62395794129594,270.25711338978425,272.6048920133635,36571800
2025-12-23,272.1053771972656,272.2452609569047,269.30800689497966,270.5868091030317,29642000
2025-12-24,273.55401611328125,275.17249671786806,271.9455359163183,272.085389177814,17910600
2025-12-26,273.1444091796875,275.1125687682936,272.6049054553,273.9037084592662,21521800
2025-12-29,273.50408935546875,274.10350406329195,272.0954038139857,272.4350823114352,23715200
2025-12-30,272.82470703125,273.82377221524894,272.02546707967076,272.5549704076282,22139600
