Date,Close,High,Low,Open,Volume
2011-01-03,30.77438735961914,31.031442056384833,30.666153446764095,31.01340419926237,9714599
2011-01-04,30.612043380737305,30.941254081373074,30.260283661924035,30.941254081373074,12524193
2011-01-05,30.46320343017578,30.566926140579447,30.332420560935464,30.503790283372116,12431712
2011-01-06,30.20166015625,30.57596665182155,30.084406159620794,30.53086861362458,10508889
2011-01-07,30.264787673950195,30.454195319848424,30.039299802120887,30.26929657383825,7742453
2011-01-10,30.161075592041016,30.260289485750768,29.98970572895914,30.093430781196915,6269180
2011-01-11,30.742815017700195,30.774381826165257,30.395564327640077,30.472231412568835,9711320
2011-01-12,30.97732925415039,31.112621094257698,30.79693938177165,30.95026908076334,6918517
2011-01-13,30.332443237304688,30.977335755973094,30.192642467310293,30.833023827780522,14240410
2011-01-14,30.539880752563477,30.589487679032448,30.115967427593485,30.341453046687594,9679443
2011-01-18,30.706735610961914,30.819478398353475,30.490267834341623,30.630070786340404,7984216
2011-01-19,30.56243896484375,30.796944711163693,30.327933218523807,30.79243580983908,7305758
2011-01-20,30.30988883972168,30.476749759183075,29.998718274374454,30.440671783534857,11582721
2011-01-21,30.512821197509766,30.65262191275264,30.22419745416117,30.612035045109206,12130000
2011-01-24,30.71126365661621,30.77891072524866,30.359506121191984,30.557933911781582,12675836
2011-01-25,30.431655883789062,30.71125966909255,30.066369433408354,30.652632668564703,11129497
2011-01-26,31.22987174987793,31.48241756256435,30.47674772562249,30.68419550758104,14982490
2011-01-27,31.293006896972656,31.441827686798085,31.035954446697357,31.30202695424576,13330551
2011-01-28,31.820646286010742,32.294168842448,31.41477077622463,31.44182869220232,23741449
2011-01-31,32.22651290893555,32.35278690985467,31.793579602558477,32.14984808257106,20863773
2011-02-01,32.33927917480469,32.47457106286256,32.25359423714444,32.29869002869188,15245635
2011-02-02,32.5196533203125,32.76317906880717,32.199462727056726,32.30769664379956,9492251
2011-02-03,32.483577728271484,32.528675761062225,32.0777022032758,32.528675761062225,13144408
2011-02-04,32.321224212646484,32.58278780767365,32.149854416009816,32.479065052359914,13540963
2011-02-07,32.600826263427734,32.71807796970175,32.33926268170265,32.33926268170265,12774745
2011-02-08,32.47005081176758,32.62338277887472,32.307701042900774,32.582793644127655,6220382
2011-02-09,31.865741729736328,32.35730210467694,31.734958804187336,32.34377314778659,11847834
2011-02-10,31.604162216186523,31.77102077159121,31.477890511009093,31.613182268472222,14924771
2011-02-11,32.28063201904297,32.66846731920705,31.455352242567457,31.509468061337113,15899432
2011-02-14,33.26826477050781,33.34492960685065,32.43847601334231,32.45200496936125,10643872
2011-02-15,33.146514892578125,33.3449426675189,32.95710717741851,33.22318201565681,9083890
2011-02-16,33.8004035949707,33.83647929519008,33.358450315165676,33.408057223849674,10405257
2011-02-17,34.360050201416016,34.57389226016776,33.800425779552384,33.90507232938423,11677695
2011-02-18,34.86051559448242,34.90601199807351,34.21899421932046,34.55567853432055,11202039
2011-02-22,34.855960845947266,35.82506618367529,34.482875827252464,35.31093846679767,15975647
2011-02-23,35.747737884521484,36.21636718948709,34.9742736771022,35.00612322113405,18591620
2011-02-24,35.16080856323242,36.05256830794421,34.810475028311615,35.902425364406724,17269860
2011-02-25,35.16080856323242,35.34735000309014,34.9333196687979,35.17445771475802,10528172
2011-02-28,35.42924118041992,35.64308088706295,35.0789077049135,35.160802600178236,10513218
2011-03-01,35.411041259765625,35.98886587543312,35.288196638507536,35.62488096920339,13527845
2011-03-02,35.60212326049805,35.89785777785294,35.224489317783124,35.28363713195604,11534841
2011-03-03,36.19361114501953,36.311906827532965,35.6703853205117,35.71588401021008,11486960
2011-03-04,36.38925552368164,36.81693731954379,36.05712007269138,36.2300123744805,12042241
2011-03-07,36.03435516357422,36.853319902449954,35.99340772349471,36.6804276753297,10345309
2011-03-08,35.63398742675781,35.902426057708766,35.10166139995626,35.87057651903007,11719803
2011-03-09,35.506591796875,35.88877485540355,35.37464696811044,35.57028859383712,8332496
2011-03-10,34.205345153808594,35.092555762192134,33.986954219720374,35.028856698849836,15892348
2011-03-11,34.71492385864258,35.001560554292816,33.445532452655016,33.55472564966039,9552724
2011-03-14,34.50563049316406,34.614825958665605,34.14164788491431,34.35093862460342,14889746
2011-03-15,34.114341735839844,34.37368005293243,32.36267028721807,32.97689321632022,16720613
2011-03-16,33.55018615722656,34.328201565917205,33.1634540707127,34.168958406351216,16059339
2011-03-17,34.906002044677734,35.16989158333328,33.91414748858869,34.150738737522566,13845298
2011-03-18,34.28268814086914,35.756821127300576,34.2781391839168,35.429237031095916,21501697
2011-03-21,35.28363800048828,35.474728316264404,34.88325699024027,35.10619683035653,16230659
2011-03-22,35.13349914550781,35.411035599988,35.03340388148184,35.37463711518263,11117035
2011-03-23,35.73406982421875,35.911513286931985,34.942407922460525,34.97425517288629,12369927
2011-03-24,36.2618522644043,36.42109537122496,35.870569071830346,35.97066434867383,12067297
2011-03-25,36.50752639770508,36.716817056374005,36.03434623037496,36.33008298117334,10062224
2011-03-28,36.20270538330078,36.6349360340698,36.20270538330078,36.411996134028705,6901332
2011-03-29,35.856929779052734,36.152666733473914,35.62488962951739,35.91607762528819,11423338
2011-03-30,36.71228790283203,36.76233555065008,36.08441782597937,36.17996188660554,10166643
2011-03-31,36.33464813232422,37.21730749057086,36.32099898378614,36.77142771580895,11034524
2011-04-01,36.25275421142578,36.73958147540607,36.11171147939579,36.61673912756061,10012770
2011-04-04,36.25275421142578,36.39834817787971,36.01161619664761,36.39834817787971,8212992
2011-04-05,36.543941497802734,36.67133507781829,36.21635507907702,36.40289649151249,8572161
2011-04-06,36.593990325927734,36.807830044341515,36.53484249158821,36.7714315521907,9523734
2011-04-07,36.58032989501953,36.74867087714149,36.3027911933648,36.54393141409358,8159471
2011-04-08,36.757774353027344,36.935215540434314,36.593982312593596,36.73957397255964,11362340
2011-04-11,36.452938079833984,37.19455464885977,36.39834149082197,36.72592557840438,8695075
2011-04-12,35.1062126159668,36.11626578510804,34.74222764593362,35.96157388041089,16974707
2011-04-13,35.33369064331055,35.50658288169238,34.97425701896466,35.379189319754786,9284988
2011-04-14,35.61578369140625,35.76592661412928,35.12440519758138,35.215402564144846,7215769
2011-04-15,35.99797821044922,36.28461499782391,35.66584272525889,35.84783523976516,9605327
2011-04-18,35.31094741821289,35.4974888364715,35.10165665779375,35.21995232632633,8883055
2011-04-19,35.556636810302734,35.66128332930087,35.25179972231501,35.25179972231501,7589367
2011-04-20,36.39378356933594,36.471131758562635,36.06619954195196,36.1617458319201,8690091
2011-04-21,36.73048782348633,36.807833773359405,36.41200155408961,36.5211970416047,7415161
2011-04-25,36.61674118041992,36.85333025079375,36.289154737532975,36.84877901611466,6881656
2011-04-26,36.94887924194336,37.08082408366571,36.58034757498787,36.666791447617655,7739567
2011-04-27,36.32100296020508,36.84422872621727,35.67038133263121,36.57579012981716,13406110
2011-04-28,35.23815155029297,36.120813304252046,35.01976286749588,35.9706680965872,17423733
2011-04-29,35.89331817626953,35.94336581436211,35.224498498074865,35.24724783843612,12122261
2011-05-02,35.247257232666016,35.934277476959046,35.04251539160164,35.884227548771534,11273532
2011-05-03,33.909603118896484,35.0425005096107,33.395477670419254,35.01975344960257,23246904
2011-05-04,33.50922775268555,33.973305649583125,32.945052301726065,33.973305649583125,20650739
2011-05-05,32.74486541748047,33.19529421584798,32.39908086557,33.140697613654,16738847
2011-05-06,33.18620681762695,33.868675945123954,32.98601390037225,33.13160792137333,15594571
2011-05-09,33.54107666015625,33.718520159648214,33.28628949691996,33.44098137791977,12537180
2011-05-10,33.941463470458984,34.027909611675874,33.46828531119467,33.618428249609934,9253636
2011-05-11,32.99509811401367,33.75491512010715,32.772158231125,33.700316250299615,13287787
2011-05-12,32.540130615234375,32.940511827571505,32.15339627867486,32.92231143968924,16397388
2011-05-13,32.499183654785156,32.75397316959154,32.126100715671555,32.61747935584861,10836181
2011-05-16,32.499183654785156,32.808569784386215,32.18069960722248,32.47188534738782,10735698
2011-05-17,32.54922866821289,32.690273706242664,32.162496606796005,32.162496606796005,10869763
2011-05-18,33.127044677734375,33.404581168433026,32.535570930026246,32.6766159308366,11562126
2011-05-19,33.37958526611328,33.58619773387431,33.08114299260672,33.37499469485929,8657427
2011-05-20,33.33824920654297,33.577002465387125,32.957160727707524,33.333656339638004,10245612
2011-05-23,32.750553131103516,32.92502695700566,32.52557384494457,32.84697118404122,9205231
2011-05-24,33.01685333251953,33.5402747926697,32.97553131121794,33.03062733962007,9788060
2011-05-25,33.04440689086914,33.260202768426744,32.72760007923849,32.75973866867107,9986927
2011-05-26,33.214290618896484,33.38417160232521,32.8561594766037,33.02604275761535,8057283
2011-05-27,33.352027893066406,33.678018097870854,33.17296120061451,33.51272771048512,5669692
2011-05-31,33.61832046508789,34.026956906197434,33.38415780354584,33.907579142248316,15173618
2011-06-01,33.214290618896484,33.76526019314205,33.08572936667838,33.59996978038497,9761037
2011-06-02,33.12704086303711,33.46221442699399,32.79645786797396,33.18672974656571,8088634
2011-06-03,33.23725128173828,33.51732666661832,32.498031477139975,32.51180548806988,9610181
2011-06-06,32.56230545043945,33.2877464749947,32.41537963897291,33.01226402486881,8360175
2011-06-07,32.53936004638672,32.91585585440503,32.47048768518209,32.74138196312011,14155799
2011-06-08,32.81023406982422,33.18673196937009,32.55311624291349,32.55311624291349,10532632
2011-06-09,33.29233932495117,33.5724146425261,32.782691852685765,33.03521915502096,9136100
2011-06-10,32.82402801513672,33.269393882408416,32.78270367978584,33.15919948411178,9634843
2011-06-13,32.484249114990234,33.104090935399654,32.25467926173325,32.85615420723588,9257440
2011-06-14,32.99849319458008,33.361214915829706,32.83779564640694,32.83779564640694,9883558
2011-06-15,32.40159606933594,32.97552284062128,32.176616848514705,32.66330673218402,10119943
2011-06-16,32.88369369506836,33.16836180164695,32.39241323365086,32.456692683991456,10929056
2011-06-17,33.026039123535156,33.49436229107793,32.74137092881015,33.163781501939816,12751002
2011-06-20,33.18214416503906,33.41630688408679,32.63117468322033,32.77810049106067,15493301
2011-06-21,33.85248947143555,34.045327859824596,33.439262384102676,33.51731585338521,13283852
2011-06-22,33.65047836303711,34.12339449414378,33.641294923260816,33.723938988498034,9448043
2011-06-23,33.51730728149414,33.53567185291828,32.59902586590576,33.039800853484905,11831961
2011-06-24,32.79646682739258,33.60455651627637,32.755144803314494,33.40712523859888,17719673
2011-06-27,32.957149505615234,33.14539724748107,32.722986895827475,32.745944329788436,10192616
2011-06-28,33.636695861816406,33.68720362249558,33.13623180110313,33.15459867727423,9009512
2011-06-29,33.985633850097656,34.21061077201376,33.75606176438462,33.834115216639375,10559786
2011-06-30,34.52281951904297,34.559550953023376,34.12795947573036,34.137140611039406,9932881
2011-07-01,34.83964920043945,34.89474523547508,34.23817419510852,34.55957156212096,10006735
2011-07-05,34.82586669921875,35.11971597705676,34.67894091150863,34.85341471001884,10316318
2011-07-06,34.90851593017578,34.96361425756339,34.69731065328548,34.853419900370724,8072499
2011-07-07,35.23908615112305,35.353871036413366,35.0141069488246,35.280408158407944,7971098
2011-07-08,34.85341262817383,34.87177720174954,34.48610047842085,34.59170194604088,10114040
2011-07-11,34.2978630065918,34.46774628818325,34.164713480830535,34.35755191344146,8613482
2011-07-12,34.132564544677734,34.53201762293476,33.97186473993747,34.091242525487054,9560202
2011-07-13,34.16011428833008,34.57793426134174,33.97186646125771,34.16929772558745,9746082
2011-07-14,34.7156867980957,36.79100637117272,34.66518132476086,36.78182293122552,81425360
2011-07-15,35.08757019042969,35.36764772126526,34.9636041591729,35.1748093750617,54703259
2011-07-18,34.63761901855469,35.09675866040916,34.532015246668955,35.05543664406199,29702490
2011-07-19,34.63302993774414,35.06921448325509,34.29785630829021,34.890150095259926,14289208
2011-07-20,34.48610305786133,34.858005804429745,34.43559530719063,34.79831691507552,11687271
2011-07-21,35.11608123779297,35.20409152455313,34.51390534754437,34.657502420545825,11245722
2011-07-22,34.861297607421875,35.1345931802627,34.777918629179766,35.06974389405216,10632328
2011-07-25,34.532440185546875,34.86132041373627,34.43053376655588,34.541705037623736,11094604
2011-07-26,34.097015380859375,34.60191614104325,34.03679964531358,34.53706682110465,12838105
2011-07-27,33.87466812133789,34.50463612356649,33.87003453791151,34.36567266183815,13279654
2011-07-28,33.70792007446289,34.05532764858657,33.60601134933263,33.860779685231456,10521876
2011-07-29,33.346595764160156,33.675475773738896,33.096461150012956,33.36049187406279,13237545
2011-08-01,33.346595764160156,34.02751673913866,33.09182988602873,34.02751673913866,11780539
2011-08-02,32.71662902832031,33.5504095572812,32.70273291796597,33.12425444658118,12745099
2011-08-03,32.6842041015625,33.00845286638815,32.13761524715791,32.72126116948401,15890774
2011-08-04,30.99812889099121,32.197847052778904,30.933279573860943,32.15152511856396,20754895
2011-08-05,31.382583618164062,32.07740082223723,30.22455417205867,31.090760624248368,24705091
2011-08-08,28.68206024169922,31.25288505851365,28.640371904795032,30.18749713248724,38423933
2011-08-09,29.904939651489258,29.965157684769377,27.97797881217825,29.136008285309646,29061549
2011-08-10,29.047990798950195,30.18749029309805,28.74227176168367,29.867875146678486,20229916
2011-08-11,30.349628448486328,30.76651886636839,28.9044092603422,29.20086358690348,20693241
2011-08-12,30.595125198364258,31.09076093469708,30.256980281483777,30.826730162717833,14384182
2011-08-15,31.25752067565918,31.61419533422689,30.933274146893986,31.062972758400065,12985550
2011-08-16,30.822107315063477,31.062977192796147,30.456170073399285,30.95643952912537,12622315
2011-08-17,30.95180320739746,31.317740416694505,30.74335916458247,31.169512099523352,9653339
2011-08-18,29.548267364501953,30.349622221112707,29.22401855558642,30.34035969133541,21652685
2011-08-19,29.455631256103516,30.080965710599617,29.182335582522892,29.2193926622957,18009054
2011-08-22,29.335186004638672,30.428366039560412,29.191588996139362,30.284769031061103,11662216
2011-08-23,30.43762969970703,30.442263282122877,29.409301234365223,29.423197345712392,15304403
2011-08-24,30.627544403076172,30.669235052469336,30.02073753428715,30.28013700515003,10054878
2011-08-25,30.006847381591797,30.979591534051,29.87714877938404,30.854524196939767,9999258
2011-08-26,30.345003128051758,30.58124177318904,29.41394698364422,29.77525301044528,10132930
2011-08-29,31.396480560302734,31.424272785610178,30.840626782352217,30.886948703164894,10541290
2011-08-30,31.424278259277344,31.651252002074454,30.673876455514872,30.961068242267515,14379591
2011-08-31,31.53080940246582,31.845793331161218,31.28993961204583,31.637347027517873,11838258
2011-09-01,31.484495162963867,31.901385553944746,31.327004319192543,31.804112751948047,11748007
2011-09-02,30.775775909423828,30.998118336408634,30.446895851561063,30.76187979748106,11444721
2011-09-06,30.433008193969727,30.493226241083928,29.55290540676505,29.74282208000912,14460659
2011-09-07,31.17877197265625,31.215829046034674,30.74335425789778,30.877684120687952,11554517
2011-09-08,30.516386032104492,31.266787846343952,30.284778702415107,31.035182834605404,13725794
2011-09-09,29.752073287963867,30.456155194892517,29.58531765683599,30.090218131996693,16024970
2011-09-12,29.756711959838867,29.765976807749674,29.159169833724462,29.376878692950587,15501828
2011-09-13,29.99757957458496,30.238451694855534,29.548265776273176,29.858616137940547,10263190
2011-09-14,30.55807876586914,30.97960050406953,29.793778408661574,30.12265859245393,13171693
2011-09-15,30.99812889099121,31.05371335768828,30.599765819825315,30.798947355408263,12154006
2011-09-16,31.169504165649414,31.266779263776467,30.68776457541577,31.215826082462335,19606815
2011-09-19,30.928647994995117,31.137094394526343,30.289417314728624,30.52102236491779,10983757
2011-09-20,31.03980255126953,31.600289808983195,30.896207868291636,31.076859617513822,10752488
2011-09-21,30.085580825805664,31.127807447745756,30.085580825805668,30.956420574007335,12438796
2011-09-22,29.12211036682129,29.330554361006993,28.640370766354064,29.17769481381741,20736399
2011-09-23,28.955360412597656,29.293505379645232,28.626480294524853,28.654272523498474,12031878
2011-09-26,29.705747604370117,29.74280466413005,28.62183266280389,29.1545276071092,13408996
2011-09-27,29.76597785949707,30.54880538173576,29.589957332724435,30.307935553196973,12306436
2011-09-28,29.288869857788086,30.354257880856572,29.200859593229183,29.543635803103196,12599228
2011-09-29,29.81693458557129,29.95589805382936,29.2147587838027,29.951266788136053,17746171
2011-09-30,29.330551147460938,29.941991587178222,29.17306035292694,29.17306035292694,13489278
2011-10-03,28.251270294189453,29.14063759656123,28.232742919407773,29.04799376880268,15364090
2011-10-04,28.84417724609375,28.881234308711868,27.167351536985862,27.820480237424107,16659746
2011-10-05,29.613117218017578,29.650174291672855,28.825656141305835,29.237915216489345,16448810
2011-10-06,29.807666778564453,29.844721533454255,29.14527305026505,29.274971646230522,12444699
2011-10-07,29.719650268554688,30.14580539083414,29.39077023934883,29.99757711909345,11888631
2011-10-10,31.012012481689453,31.08149303699709,30.31256407449194,30.354252407676523,10621047
2011-10-11,31.044437408447266,31.206561802286807,30.70166124447664,30.734087050424645,11552156
2011-10-12,31.42891502380371,31.73926780640729,31.123195825327706,31.36406570757708,11075058
2011-10-13,31.358739852905273,31.485035700768485,30.9143660068531,30.97049879519189,11066400
2011-10-14,32.2708740234375,32.2708740234375,31.72359282998989,31.807788496231613,9908089
2011-10-17,31.966833114624023,32.350397445142406,31.70956464180309,32.14458266688566,8503685
2011-10-18,32.373775482177734,32.743307080627446,31.756329005642726,31.854559605693023,13049828
2011-10-19,32.537506103515625,33.05671985845368,32.30362373517917,32.43927546199992,11622468
2011-10-20,32.8696174621582,33.03333442121213,32.275559183428754,32.50008569996895,11259233
2011-10-21,33.59931945800781,33.67883837475583,33.15494559865226,33.2157551458734,11797986
2011-10-24,33.7349739074707,33.870623284547115,33.374795692782115,33.59464543209266,9556922
2011-10-25,33.0613899230957,33.76770891155847,32.95380345447165,33.76770891155847,14405302
2011-10-26,33.62739181518555,33.898695286264825,32.81816518230101,33.739655078316304,11942152
2011-10-27,34.076446533203125,34.4740459294585,33.88934341337481,34.25419847626418,15944033
2011-10-28,33.55721664428711,34.13256302716125,33.44963017812555,34.03901151196253,19665321
2011-10-31,32.579593658447266,33.15961912715017,32.579593658447266,33.056709419519265,13541750
2011-11-01,31.770362854003906,32.21005747959806,31.45696170031723,31.76568375752827,15031682
2011-11-02,32.32233428955078,32.67783341684551,32.08845192959818,32.37846474513644,10156017
2011-11-03,32.977203369140625,33.10349924879679,32.25217242103738,32.64041591720407,12149546
2011-11-04,33.07543182373047,33.13624138040492,32.542183109606256,32.663802222955155,8212599
2011-11-07,33.48238754272461,33.61803694151261,32.94913878279416,33.131565127768305,7949978
2011-11-08,34.02498245239258,34.132568937182626,33.295274889768855,33.664806598758474,10131093
2011-11-09,32.846221923828125,33.54786421115678,32.69653761167289,33.12687883875959,12178668
2011-11-10,33.4168815612793,33.59463104334177,32.81346773709527,33.29994160533683,8220076
2011-11-11,33.74432373046875,34.04369236023661,33.66948391374604,33.809812373769915,8604431
2011-11-14,33.53852462768555,33.73498596788234,33.2765792950503,33.58997834236178,10844707
2011-11-15,33.67416000366211,33.91271674247292,33.407535700827204,33.47769875908944,8651130
2011-11-16,32.63105010986328,33.444955601366644,32.46733319205616,33.299950392250175,13159756
2011-11-17,32.537506103515625,33.159629598582306,32.266202649874124,32.5655713323145,11358929
2011-11-18,32.4018440246582,32.73863134408406,32.200706047994935,32.70121261145356,10538142
2011-11-21,32.20539474487305,32.369111696987524,31.746988215240364,31.948123911139092,10987693
2011-11-22,31.873281478881836,32.24281322235573,31.765697324771537,32.12587321201683,8898534
2011-11-23,31.30729866027832,31.695542213698488,31.307298660278317,31.471015652150424,11323511
2011-11-25,30.937759399414062,31.4195544008289,30.933082641607566,31.227772219968188,5497585
2011-11-28,31.466323852539062,31.93408378776461,31.195020468502893,31.845209025556706,13043663
2011-11-29,31.873281478881836,32.03699842964413,31.466330991932743,31.573915146043042,11096440
2011-11-30,33.360755920410156,33.38414438474081,32.747988454110875,32.75734430798693,15364877
2011-12-01,33.566585540771484,33.62739510684304,33.22044220110887,33.28592852583206,9337066
2011-12-02,33.93610763549805,34.20273195739868,33.603997007630134,33.87062132953077,14742038
2011-12-05,34.06239700317383,34.56758032545467,33.833193805578844,34.249502370818384,12112422
2011-12-06,33.931427001953125,34.286926057209406,33.931427001953125,34.10449977280336,11239032
2011-12-07,33.87062072753906,34.09047045025241,33.51512163798993,33.758357487567864,11222634
2011-12-08,33.22043228149414,33.83319983644895,33.117524896125815,33.70690398336612,9983123
2011-12-09,33.655452728271484,33.84723490041366,33.37011901921492,33.39350748862339,9268853
2011-12-12,32.967857360839844,33.3981988318799,32.62639304865424,33.28125877448697,9719584
2011-12-13,32.67314910888672,33.51511985274252,32.537499749276556,33.18300924846782,12212118
2011-12-14,32.05103302001953,32.719931088728785,31.882636972697313,32.472016116166365,12136428
2011-12-15,31.943450927734375,32.42992274304581,31.789089813686704,32.28024072806376,9276986
2011-12-16,31.99490737915039,32.32701810892555,31.798448400965682,32.322341350178334,22967493
2011-12-19,31.737638473510742,32.158623999746666,31.644086914587227,31.826513273740105,8296553
2011-12-20,32.64041519165039,32.7433225963835,32.33636973558629,32.38314433909784,8933559
2011-12-21,33.033329010009766,33.10816882921058,32.621697130448986,32.72460451515935,9004527
2011-12-22,33.55721664428711,33.63673554924197,33.02396809214455,33.08477763034726,9878836
2011-12-23,33.87997817993164,33.88465493738117,33.59464447968268,33.622709705818735,5381754
2011-12-27,34.11854553222656,34.22612970533143,33.767723098550654,33.767723098550654,5836945
2011-12-28,33.59465026855469,34.198062097334734,33.56190593860731,34.11854316267377,6935833
2011-12-29,34.085792541503906,34.104504252511596,33.636741906671766,33.636741906671766,5944119
2011-12-30,34.085792541503906,34.24015362407997,34.01095037891198,34.10918100990381,6077397
2012-01-03,34.69388198852539,35.002604141499994,34.57694199185798,34.57694199185798,10172677
2012-01-04,34.53016662597656,34.65646248351774,34.272898153473946,34.56758770749689,7411094
2012-01-05,34.254188537597656,34.36644944063472,33.973529257846764,34.268218809757876,10276177
2012-01-06,33.9875602722168,34.380480436524856,33.954818290610724,34.36177106713843,7268372
2012-01-09,34.11854553222656,34.165320140188676,33.9033748452968,34.03434749274274,10997793
2012-01-10,34.277584075927734,34.530175858547295,34.19338837553458,34.403879967237515,6925994
2012-01-11,33.68352508544922,34.16064103448902,33.65545751373641,34.09047795700663,9819280
2012-01-12,33.098819732666016,33.5385145549865,33.05671954914198,33.42157454227231,14941562
2012-01-13,32.902347564697266,33.15961831640593,32.7666982247493,32.92573602764522,12567089
2012-01-17,33.117530822753906,33.33270148722662,32.972525573981315,33.21108471035407,8332234
2012-01-18,33.44496154785156,33.552545699434226,32.97719917676622,33.15962783569964,9496186
2012-01-19,33.337379455566406,33.58061769958131,33.122208783282346,33.54787336958858,10689391
2012-01-20,33.30463409423828,33.30463409423828,32.93977910587691,33.22511516751837,10097118
2012-01-23,33.00526428222656,33.22979078129133,32.930424456591176,33.108171675784696,12179192
2012-01-24,33.02865219116211,33.178336521331154,32.75267200000287,32.808804794176005,10897310
2012-01-25,32.73396682739258,33.50109560681795,32.280239361864055,33.449641904313076,22200882
2012-01-26,32.52348327636719,32.97253646747917,32.44396431821131,32.96785736712142,13117516
2012-01-27,32.46266174316406,32.63105544531808,32.17732569437023,32.31297741204071,10192616
2012-01-30,32.14458465576172,32.303622506720444,31.924737250904837,32.23345943739147,15003872
2012-01-31,31.90603256225586,32.35508332697205,31.807801902851658,32.28024348345276,28422444
2012-02-01,32.42523956298828,32.57960064646525,32.06038460340309,32.228778299858014,13598813
2012-02-02,32.70121765136719,32.776057468881426,32.3691070371555,32.37378379427537,11579442
2012-02-03,32.9584846496582,33.05203617295286,32.77605601926272,33.02397095003638,13078950
2012-02-06,33.360755920410156,33.37946762816228,32.836863214135924,32.85557492188804,8888696
2012-02-07,33.64142608642578,33.7396567390904,33.337380611583825,33.43561126424844,10817029
2012-02-08,33.795780181884766,33.879978201064894,33.54786756323571,33.814491893133436,7713331
2012-02-09,33.46835708618164,33.912728740738544,33.32334947993757,33.791111949816454,31544638
2012-02-10,33.795780181884766,33.898689912313564,33.42157170482525,33.52915819270649,46148676
2012-02-13,34.057735443115234,34.10451239107771,33.66949426533062,34.00160497813625,41798121
2012-02-14,34.427268981933594,34.572274250920316,33.964185600348834,33.96886235909289,10558212
2012-02-15,34.357093811035156,34.61436462410504,34.19805597020739,34.61436462410504,11559633
2012-02-16,34.35236358642578,34.432603492086464,34.0502806070787,34.41844364767236,11008025
2012-02-17,34.62614059448242,34.701661374389076,34.43733864471577,34.527019275612,10545619
2012-02-21,34.847984313964844,34.98958519760698,34.74886534877591,34.8999045592355,12840204
2012-02-22,34.98957824707031,35.159501163241295,34.88573777715648,34.94237953652786,8688517
2012-02-23,35.31053924560547,35.400219863373344,35.02261838106058,35.102858312236286,9835284
2012-02-24,35.848628997802734,35.99022987279279,35.400225833343654,35.437986224137234,14767750
2012-02-27,36.0751838684082,36.26870494540226,35.730621259533024,35.82030187384456,10564640
2012-02-28,36.471675872802734,36.547196657719276,36.06103308103378,36.23095366612419,14028949
2012-02-29,36.13182830810547,36.68407191947267,35.90054681584009,36.49999150299805,15948493
2012-03-01,36.92006301879883,36.92950134135564,36.34893821669533,36.39613927724974,12182341
2012-03-02,36.651031494140625,36.90591351343994,36.533031171635486,36.77847250379028,9302697
2012-03-05,36.608543395996094,36.6840641565025,36.240382640955914,36.46222339872921,9240912
2012-03-06,36.084632873535156,36.20735237502288,35.83918914667258,36.01383125341474,11580884
2012-03-07,36.353668212890625,36.580230536745724,36.00910792636633,36.0846287009847,9301516
2012-03-08,36.448081970214844,36.65104382139861,36.410321570879624,36.56136316822048,8055840
2012-03-09,36.419742584228516,36.816225382063294,36.3819822052946,36.45278143958147,11161505
2012-03-12,36.49055099487305,36.72183248827562,36.33479027832968,36.42447090560707,9714993
2012-03-13,36.70294952392578,36.72654769745348,36.363106064643794,36.66518913956112,11394610
2012-03-14,36.58494186401367,36.86814352720745,36.476382249964594,36.71710437226214,10688735
2012-03-15,36.169593811035156,36.67463877997256,35.933593122595546,36.57551745157271,12184046
2012-03-16,36.42918395996094,36.57550632631898,36.24510357344793,36.297023803589695,19925449
2012-03-19,36.84927749633789,36.95311798528384,36.35367323023289,36.452794555842615,7828506
2012-03-20,36.6132698059082,36.81151005723623,36.39614818096237,36.58494774548149,9302172
2012-03-21,36.48112487792969,36.72656394194529,36.33480243806821,36.70768492238414,10526205
2012-03-22,35.8203125,36.34423649292119,35.74007254811347,36.27815639360618,12144036
2012-03-23,36.11296463012695,36.28760443321458,35.65984214072704,35.87696387484341,10680340
2012-03-26,36.51415252685547,36.55191291631297,36.31119072876433,36.38199234472592,7875862
2012-03-27,36.26870346069336,36.58022483598836,36.249824450952566,36.57078415014651,8212730
2012-03-28,35.862789154052734,36.245112228359865,35.6409483324688,36.16487228297003,9905203
2012-03-29,35.77781295776367,35.801413486181495,35.135888977345424,35.494611340634584,10084918
2012-03-30,35.8769416809082,36.14126198540275,35.79669939523968,35.94774091891821,9034829
2012-04-02,36.282859802246094,36.49054069903993,35.81557778445996,35.867498008658416,7962309
2012-04-03,36.01854705810547,36.22622799836498,35.72118313515951,36.18374608826231,8912308
2012-04-04,35.95718002319336,36.226221839684385,35.589016915904914,35.74477759461928,9762349
2012-04-05,35.57014465332031,36.03742677808602,35.51822441723523,35.90054508206934,8342204
2012-04-09,35.42381286621094,35.631493755417964,35.211412815682884,35.239732507494274,8865739
2012-04-10,34.78188705444336,35.51821317561927,34.6638867699559,35.37661236184583,12813050
2012-04-11,34.71580505371094,35.29636812161322,34.654444153377604,35.11228778255557,12058508
2012-04-12,35.178375244140625,35.2774965376894,34.68277350028242,34.68277350028242,11161898
2012-04-13,34.753578186035156,35.23502251994789,34.753578186035156,35.008460202583876,9080611
2012-04-16,34.847984313964844,35.173667999702296,34.74886534877591,34.83854598714738,16771248
2012-04-17,35.05093765258789,35.24918025889688,35.03205864157626,35.117017734043195,7822603
2012-04-18,34.59309387207031,34.84797349393303,34.5364521190341,34.607253719843634,9701744
2012-04-19,34.40428161621094,34.64028215736675,34.125799182571,34.545882413292865,9462342
2012-04-20,34.39958572387695,34.71110721578469,34.30046439029038,34.50814538489554,9299155
2012-04-23,34.13996887207031,34.324051614725924,33.6868466631159,33.861488720058766,10106956
2012-04-24,33.927574157714844,34.18717534126839,33.89925445804414,34.05029364360231,11502964
2012-04-25,33.52164077758789,34.088044052990135,33.290359361400554,34.088044052990135,13373972
2012-04-26,34.07388687133789,34.15412679050677,33.47444469643774,33.54524393042712,10519383
2012-04-27,33.97477340698242,34.22021236557463,33.76237094697393,34.15885380689815,7357573
2012-04-30,33.80958938598633,34.12583011434376,33.70102733805525,33.960628641018616,9670261
2012-05-01,34.98925018310547,35.13166117651789,34.33912300050419,34.623940263442954,15247300
2012-05-02,33.800437927246094,34.568208574718994,33.70137097550209,34.568208574718994,14678600
2012-05-03,33.596126556396484,34.02954555655806,33.31750224952589,33.849985885328564,12943300
2012-05-04,32.92123031616211,33.43514196528733,32.7912053309413,33.31130763376795,12443400
2012-05-07,33.032691955566406,33.082226649412604,32.277306769965506,32.34541579303193,12194300
2012-05-08,33.6270866394043,33.73853730602575,32.648797979492336,32.716906982643614,14149700
2012-05-09,33.10698318481445,33.391800495586644,32.61783887156867,33.23700817078305,10859400
2012-05-10,33.571372985839844,33.80665570883651,33.32370422674992,33.49088028484397,30869700
2012-05-11,33.12554931640625,33.7447184625073,33.082207665134604,33.44132454166294,31293500
2012-05-14,32.772621154785156,32.92122041837721,32.51256890058499,32.60544521178706,31388900
2012-05-15,32.52496337890625,32.890273369433665,32.450663722409814,32.81597371293723,8085600
2012-05-16,32.39494323730469,32.88408763648668,32.39494323730469,32.66118627169773,10259300
2012-05-17,32.10020446777344,32.65830733167085,32.08766258848282,32.48272341372112,8634200
2012-05-18,31.868181228637695,32.36357462686668,31.767848600449923,32.187993125567715,13088300
2012-05-21,32.46391296386719,32.53289210639856,31.85564495294758,31.868186832691368,9445000
2012-05-22,32.40121078491211,32.89033463543262,32.2068175858653,32.601878513407385,8906600
2012-05-23,32.66459274291992,32.68340437481946,31.962263910603657,32.16919903785862,8513800
2012-05-24,32.69593048095703,32.85270038344886,32.33849529464517,32.83388876062788,7334200
2012-05-25,32.6771240234375,32.884059083535305,32.58933324690393,32.74610317417652,5785400
2012-05-29,33.40453338623047,33.548761419296525,33.053367919557225,33.17878432852046,10987600
2012-05-30,32.63322448730469,33.08472019382101,32.55170346569133,33.04082481113358,9675800
2012-05-31,32.708473205566406,33.0094711390758,32.194268103473,32.72728482887358,12155900
2012-06-01,32.10020446777344,32.38239077151508,31.912081062651975,32.23189300426546,16184000
2012-06-04,32.16917419433594,32.307132434043915,31.74275999170963,32.23188357243873,9257700
2012-06-05,32.5266227722168,32.60814380151395,32.200541047147354,32.47018550456787,9662800
2012-06-06,33.59893798828125,33.59893798828125,32.85898360745151,32.85898360745151,15104200
2012-06-07,33.74315643310547,34.2322777889081,33.70553079338257,34.01280087082205,14205400
2012-06-08,33.84348678588867,34.03787993098093,33.5926539889788,33.71807038743374,8630900
2012-06-11,33.78705596923828,34.34515653706538,33.73688844344204,34.18211447034688,9279500
2012-06-12,34.30752182006836,34.332605576333066,33.82467027650679,34.0316076775126,7442100
2012-06-13,33.92500305175781,34.389042976126774,33.76196341959063,34.257356843362665,9045900
2012-06-14,34.288719177246094,34.42040534393911,33.730618610873435,33.881116403631374,9699500
2012-06-15,34.77783203125,34.77783203125,34.30752235844043,34.33887585820399,12542400
2012-06-18,34.533260345458984,34.639865081120995,34.20090904838871,34.50817659681876,8850100
2012-06-19,34.89072036743164,35.11646948255866,34.677513135602744,34.802929576464386,9477800
2012-06-20,34.138206481933594,34.83426509668644,33.856022625892955,34.70257897825169,11757400
2012-06-21,33.0847282409668,34.163306231327894,33.03456310231626,34.06924569931331,12560600
2012-06-22,33.492340087890625,33.67419384779308,33.07846741590721,33.35438173318943,12575700
2012-06-25,33.21013259887695,33.26656985441005,32.78999044600062,33.12234184407406,6980100
2012-06-26,33.636539459228516,33.793309313078105,33.23520901611247,33.45468585465464,7548900
2012-06-27,34.144493103027344,34.23855363090887,33.6992670515443,33.79332757942582,9130600
2012-06-28,34.19465255737305,34.244820077602434,33.64909393153314,33.90619649241117,8444900
2012-06-29,35.04121017456055,35.04121017456055,34.64614934034342,34.915793770922846,8550500
2012-07-02,34.947147369384766,35.179166161871784,34.60852379627251,35.09764753258542,6163100
2012-07-03,35.373565673828125,35.41119131687672,35.00358855626758,35.122732837742625,5784200
2012-07-05,34.66496658325195,35.310860329451565,34.60852931207178,35.260692803016155,19880900
2012-07-06,34.332611083984375,34.43294373301993,34.019071256733376,34.3451529641287,16980400
2012-07-09,34.069236755371094,34.332609046414184,33.89365283589013,34.282441528814225,13532900
2012-07-10,33.53622055053711,34.33261202053345,33.37945063263513,34.2448212492474,7696800
2012-07-11,34.088050842285156,34.26990451855099,33.47978280407416,33.54876194970045,11461300
2012-07-12,33.849769592285156,34.01908143672044,33.548771555106796,33.76824854301193,6494800
2012-07-13,34.476837158203125,34.52073254015424,33.93127855958293,34.01279957982881,5514900
2012-07-16,34.77783203125,34.87816466576463,34.23854322368937,34.432938749613385,6008900
2012-07-17,35.29203796386719,35.3422054784372,34.53954438226698,34.97222843089897,6910500
2012-07-18,35.59931182861328,35.67456071642058,35.12900209360942,35.24814636531422,6103700
2012-07-19,35.7642822265625,35.884830409407066,35.497811881814926,35.796004540900434,7473200
2012-07-20,35.523170471191406,35.573925661175885,35.21862965026026,35.573925661175885,7843500
2012-07-23,34.926780700683594,35.01560409847192,34.48266129148589,34.78085620142333,7692500
2012-07-24,34.66666030883789,34.977544677943264,34.15275272230016,34.92044356607724,6951600
2012-07-25,33.77841567993164,34.641273223859294,33.52463248331673,34.4255582328134,12716800
2012-07-26,34.51437759399414,34.59685506025884,33.82916454337513,34.279627333917915,10981800
2012-07-27,34.87603759765625,34.996583333538645,34.56515317739747,34.81259056277849,13707500
2012-07-30,34.806236267089844,34.996572472137316,34.61590006204238,34.85699145898296,5810000
2012-07-31,34.53976058959961,34.95850117177888,34.36211380329809,34.79988727822224,8958000
2012-08-01,35.03466033935547,35.16154960041448,34.43827016324505,34.666674705563295,7613900
2012-08-02,34.673011779785156,35.028305492569,34.3811602610967,34.65397645927395,8003900
2012-08-03,35.345516204833984,35.523165395034276,35.15518003414256,35.250349329616135,6640700
2012-08-06,35.459739685058594,35.77696763345992,35.40263855753607,35.48511850179242,5922800
2012-08-07,35.81502914428711,35.97364308875228,35.68179401179798,35.74523862148136,7858300
2012-08-08,36.27183151245117,36.386033733032534,35.54855239560687,35.54855239560687,10027100
2012-08-09,36.2210807800293,36.39872762494286,36.06881032706286,36.271835984180285,5093100
2012-08-10,36.34162139892578,36.36700020756204,35.897504349073195,36.037082956059834,4700600
2012-08-13,36.36067199707031,36.57638712062576,36.189368597165334,36.45583893906813,5692900
2012-08-14,36.38603210449219,36.64615883522795,36.29720869696139,36.58905772749296,4445100
2012-08-15,36.316246032714844,36.481203452980694,36.2083873031031,36.39238004051012,4052100
2012-08-16,36.51293182373047,36.59541175770146,36.30356266242793,36.34797437604534,5065300
2012-08-17,36.41141891479492,36.65251280269116,36.32259548774285,36.63347990268197,5182300
2012-08-20,36.18300247192383,36.39871747499004,36.081489671672436,36.379684581272926,7862600
2012-08-21,35.92921829223633,36.35430234686101,35.89115008813699,36.23375666426353,6032000
2012-08-22,35.9609489440918,36.02439354541491,35.65641050127934,35.84040323347532,4454500
2012-08-23,35.63104248046875,35.941926929692194,35.56759785993685,35.941926929692194,4637000
2012-08-24,35.75791549682617,35.81501659363397,35.389930112896835,35.5739228048615,3931300
2012-08-27,35.7706184387207,36.01805581179904,35.73889613298752,35.79599483115317,3412500
2012-08-28,35.82135772705078,35.929216422926025,35.70081205072499,35.80866832634453,4057800
2012-08-29,35.75157165527344,35.884809169040835,35.6310259640378,35.77060696881507,6401500
2012-08-30,35.599308013916016,35.745232527515476,35.510484607399505,35.6119974177407,4001000
2012-08-31,36.03074645996094,36.24646153474082,35.87213250557153,35.89116540561606,11848700
2012-09-04,35.66275405883789,36.16397463908321,35.5295189436607,36.138595830404775,5698700
2012-09-05,34.81259536743164,35.643733487112904,34.78721897023512,35.631044078386026,8608700
2012-09-06,35.39628219604492,35.643719518607135,35.06636495920988,35.06636495920988,6560600
2012-09-07,35.93556213378906,35.96094093676984,35.52951096712005,35.548543859227706,5837500
2012-09-10,35.64371109008789,35.96093884815542,35.62467819908567,35.954592937650865,4696400
2012-09-11,35.7642822265625,36.03709848633213,35.75159281677584,35.796004540900434,5112500
2012-09-12,35.87213134765625,36.02439938361118,35.75792911056165,35.99267707780864,4807300
2012-09-13,36.576377868652344,36.77940353120137,35.59296944162553,35.954609054307035,7735800
2012-09-14,36.93168258666992,37.36945876861184,36.72865686354753,36.72865686354753,8576300
2012-09-17,36.988765716552734,37.274271257040915,36.811118900362914,36.86187409630728,11627300
2012-09-18,36.68423843383789,37.045878088326134,36.5446573671031,37.02684518659215,5837400
2012-09-19,36.36067199707031,36.72231170122835,36.32894726281362,36.61445292932192,5166100
2012-09-20,36.538307189941406,36.646163507048435,36.01805366214559,36.23376871661629,6137000
2012-09-21,36.39238357543945,36.703265549283586,36.24645903788411,36.646164432826566,12777500
2012-09-24,36.7730598449707,36.83650688102038,36.19570512833192,36.22742743622828,7289900
2012-09-25,36.424102783203125,36.84918937407597,36.386034568716205,36.836499969247,7457600
2012-09-26,36.17033004760742,36.46218160304849,36.087852522614504,36.367012249278574,6459100
2012-09-27,36.41141891479492,36.45583062832095,36.176670940406325,36.354317794510465,4240200
2012-09-28,36.278175354003906,36.36699876043995,36.056116837913805,36.27182944196916,5013500
2012-10-01,36.424102783203125,36.70326242867103,36.322589964827834,36.46851448997628,4817600
2012-10-02,36.39872741699219,36.67788950912631,36.18935826814833,36.60809898609278,5187800
2012-10-03,36.01804733276367,36.41140915581848,35.903845122803205,36.36699745419566,6840200
2012-10-04,36.41776657104492,36.44948887933058,36.043437524657364,36.24011728818265,4432200
2012-10-05,36.53196716308594,36.81747034498765,36.42410841548964,36.551000063144215,4362700
2012-10-08,36.55734634399414,36.60175806102121,36.3352877588588,36.398732377395454,2463200
2012-10-09,36.67154312133789,36.94435929679783,36.557340888807836,36.61444200507286,4924800
2012-10-10,36.316246032714844,36.690574999738296,36.24645551712897,36.60809507947714,6493600
2012-10-11,36.34834289550781,36.63717887866256,36.34834289550781,36.63717887866256,5972900
2012-10-12,36.05309295654297,36.515230606267615,35.87979378638545,36.457463400052035,5854900
2012-10-15,36.45103073120117,36.515215400940534,35.8733589095941,36.05307794365488,4697500
2012-10-16,36.98377990722656,37.0993143014171,36.56015461135754,36.682108943274685,5490300
2012-10-17,37.304710388183594,37.40740736133491,36.81690037783709,36.8875050059703,4687000
2012-10-18,37.400978088378906,37.561442211403445,37.29186121150835,37.38814066471836,4853400
2012-10-19,36.874656677246094,37.452326062266174,36.797634582274405,37.35604905567362,5982800
2012-10-22,36.61150360107422,36.932431923422016,36.2199706560517,36.91959449670945,5891200
2012-10-23,35.98249053955078,36.15579215708846,35.751421716167215,36.11085993166236,6852800
2012-10-24,35.9118766784668,36.21996754766174,35.82201714767935,35.995318720693106,6605000
2012-10-25,36.68851852416992,36.926004750597755,36.36117277684985,36.399682600953206,9705100
2012-10-26,36.78480529785156,36.951686948631355,36.58582885595095,36.59224634508183,6012900
2012-10-31,37.131404876708984,37.17633464470072,36.906756036750345,36.97736065744841,6167800
2012-11-01,37.49726104736328,37.54861075015939,37.176332750353374,37.227682453149484,6731500
2012-11-02,37.003028869628906,37.74116238880599,36.94526168565085,37.61921053306933,11408200
2012-11-05,36.926002502441406,37.11214146923601,36.7655383824781,36.90033010409828,4805200
2012-11-06,37.36887741088867,37.49082923570589,36.887485149285624,36.932414897822895,7424500
2012-11-07,36.438201904296875,36.938849302146906,36.30983008604362,36.86182719059047,7946200
2012-11-08,35.854095458984375,36.57939380703792,35.84767552444656,36.41250978788129,6084800
2012-11-09,35.732147216796875,36.11084261833478,35.6936373970226,35.73856715241794,5695900
2012-11-12,35.7129020690918,35.976063186266344,35.58453025494815,35.83485639434817,3989300
2012-11-13,35.52677917480469,35.94398714788138,35.462594462865106,35.50110675912274,4463300
2012-11-14,35.154483795166016,35.75141058692337,35.08387918239001,35.539596748595336,6435000
2012-11-15,35.038944244384766,35.39196480763723,34.73727092471124,35.07745651343503,7598900
2012-11-16,35.32137680053711,35.391981436057804,34.62817277135685,35.026123277895316,8942400
2012-11-19,35.77067565917969,35.95039476202311,35.57811912777758,35.74500080206231,5675300
2012-11-20,35.70648956298828,35.74499939866327,35.40481612492598,35.70648956298828,4432200
2012-11-21,35.9760627746582,35.98248271196072,35.642297041098885,35.82843604705308,3325700
2012-11-23,36.37400817871094,36.39326553947654,36.001732666583216,36.14294188591873,2057300
2012-11-26,36.45744705200195,36.45744705200195,35.950379852429194,36.0915890595224,5478400
2012-11-27,36.05949783325195,36.59223744716909,36.033822985994014,36.374006142453005,7198000
2012-11-28,36.62434005737305,36.630757546314896,35.802761908959184,35.905458871449824,7168100
2012-11-29,36.572994232177734,36.8297378898885,36.502389603882825,36.78480811706246,4398400
2012-11-30,36.54732131958008,36.714205440510405,36.42536942235339,36.66927566529588,7627100
2012-12-03,36.69493103027344,36.84256016425501,36.50237459043343,36.79763040990861,7163100
2012-12-04,36.483123779296875,36.71419251245698,36.3098222294268,36.630750481374,5416200
2012-12-05,36.70137405395508,36.97737268913072,36.361190714617926,36.48314263192061,6072900
2012-12-06,36.810482025146484,36.9131790027209,36.534483438823536,36.70136755768764,6688700
2012-12-07,37.18916320800781,37.18916320800781,36.84256257303018,36.90032975360781,5342100
2012-12-10,37.15065383911133,37.279025625123865,36.96451487181755,36.96451487181755,5328400
2012-12-11,37.304710388183594,37.47159449986009,37.131408786899065,37.234105760050376,4806400
2012-12-12,37.356048583984375,37.709069167342705,37.28544397761507,37.458745525479316,5480200
2012-12-13,37.15065383911133,37.31111795950496,36.92600260146734,37.29186060008577,6066100
2012-12-14,37.02869415283203,37.16990334174843,36.93883465024444,36.96450949340884,3858000
2012-12-17,37.40740966796875,37.651315912426355,37.01587666853365,37.21485313749764,5484600
2012-12-18,38.062103271484375,38.08777812810064,37.34322442565282,37.36889928226908,7308900
2012-12-19,37.99791717529297,38.28675318033735,37.99791717529297,38.087776721642555,6877500
2012-12-20,38.04926300048828,38.19047225283876,37.56787049309956,38.062100427837315,7144500
2012-12-21,37.61920928955078,37.88878784021183,37.36246571402656,37.57427953110727,15284900
2012-12-24,37.51011657714844,37.67058080310072,37.43951437446085,37.58714116851817,2121500
2012-12-26,37.195579528808594,37.65771448002595,37.15064977589146,37.62562214915484,4761600
2012-12-27,37.16350173950195,37.34963831078222,36.71420158603778,37.22768642635875,5110800
2012-12-28,36.630760192871094,37.035130583107396,36.59224791097133,36.990200811802126,4861000
2012-12-31,37.22126388549805,37.240518799244086,36.483127844378416,36.57298737317798,6877700
2013-01-02,38.004329681396484,38.01716710754717,37.555029560076996,37.96581985143309,6263400
2013-01-03,37.9786491394043,38.17120805432818,37.78609267296872,37.95939422730723,4377500
2013-01-04,38.40227127075195,38.447201024842556,38.02999336715787,38.05566821192049,4827700
2013-01-07,37.9786491394043,38.32525224808132,37.895209554658145,38.273904999659706,5489500
2013-01-08,37.465179443359375,37.92731710699989,37.38815731558239,37.86313240860061,6137700
2013-01-09,37.38813781738281,37.65771634825965,37.336788126651214,37.60636910601607,4156300
2013-01-10,37.54861068725586,37.63205272991545,37.304704496360124,37.56786560152784,5433800
2013-01-11,37.400978088378906,37.45874527060727,37.24693145294053,37.43949035936055,3964700
2013-01-14,37.52934646606445,37.58069370755232,37.349624999636944,37.35604493512792,4219900
2013-01-15,37.88880157470703,37.920896369647906,37.40740903246296,37.48443360213415,6180400
2013-01-16,37.792518615722656,37.95940026022591,37.69623914295894,37.83102844603719,5598100
2013-01-17,37.95940399169922,38.07493839097743,37.64489558693327,37.94014907464916,5299700
2013-01-18,38.042842864990234,38.10061005979844,37.85028636512578,37.90805355993399,5309500
2013-01-22,38.498565673828125,38.498565673828125,37.97866085049487,38.062102909459504,4712600
2013-01-23,38.222557067871094,38.46004330582583,38.145534967437634,38.408696055033,4493400
2013-01-24,38.77455520629883,38.88367209616109,38.203303252074996,38.29958026825976,7088600
2013-01-25,39.191776275634766,39.217448686249746,38.7296386057145,38.813080673558844,5500100
2013-01-28,38.99278259277344,39.114734446998774,38.626924581609195,39.07622462381617,4889300
2013-01-29,39.57688903808594,39.641073736821944,39.11475137202089,39.15326366035608,7362200
2013-01-30,39.211021423339844,39.82720319733922,39.10190452358589,39.58329699361453,6792500
2013-01-31,37.22769546508789,38.16480583226126,37.10574355105501,37.997924136822085,16914000
2013-02-01,37.75400161743164,37.766839042094624,37.24051687335427,37.529352807050415,11468700
2013-02-04,37.24693298339844,37.53576890640838,37.22767807136054,37.52935141855852,7313100
2013-02-05,37.04796600341797,37.56786831421122,36.99019880794219,37.51010111873544,7783100
2013-02-06,36.96451950073242,37.035124114305255,36.61791636964132,36.906752312217236,6874600
2013-02-07,36.990196228027344,37.124985525240234,36.81689465368708,37.01586863095699,5705900
2013-02-08,37.14425277709961,37.14425277709961,36.958116163713164,37.11216042641156,17871800
2013-02-11,36.96451950073242,37.189168318020094,36.926007225559474,37.189168318020094,19329700
2013-02-12,37.38813781738281,37.39455530448025,36.97093014989664,37.124976773603414,21826800
2013-02-13,37.61920928955078,37.625626777119194,37.22767643869604,37.45232523091358,6789300
2013-02-14,37.5997314453125,37.65815654328076,37.40498194420974,37.52183214014625,5764400
2013-02-15,37.01549530029297,37.658169116137735,36.85969416156919,37.58676284044672,9695600
2013-02-19,38.04116439819336,38.04765745141152,37.34006570946013,37.417965013458435,8119800
2013-02-20,37.43743896484375,38.0476571917259,37.417964758070646,38.041164138552055,5925400
2013-02-21,37.72306823730469,37.755526069203455,37.06091806579967,37.36602713367055,7297900
2013-02-22,37.78150177001953,37.8658941329184,37.42446058658119,37.846417448326726,4386600
2013-02-25,36.93109893798828,38.00871572933205,36.89215051478146,37.95678367293136,8408400
2013-02-26,37.48938751220703,37.59974469371277,36.97005450081945,37.19726191943429,7763500
2013-02-27,37.677635192871094,37.768518133036366,37.26865948575296,37.36603547957255,6116300
2013-02-28,37.61920928955078,37.84641663511833,37.5542911362641,37.58675145109461,7527700
2013-03-01,37.833431243896484,37.833431243896484,37.424458040906316,37.606223908901946,6730000
2013-03-04,37.40499496459961,37.775019888409965,37.164803912176694,37.74256203965689,5845200
2013-03-05,37.430965423583984,37.658172860590625,37.2362158380961,37.6127313731893,7151000
2013-03-06,37.65168380737305,37.677651080191,37.28814941704808,37.60624231812936,6691100
2013-03-07,37.560787200927734,37.742553091953454,37.554294146891365,37.651670146440594,5329000
2013-03-08,37.90484619140625,37.969764352325434,37.54131439575731,37.63219734466955,4797900
2013-03-11,37.937320709228516,38.041187335979714,37.703622656320114,37.917846490580075,4726000
2013-03-12,38.125572204589844,38.24891302559831,37.943806262814164,38.01521501890467,4664700
2013-03-13,38.158023834228516,38.26189042350743,38.01520882170428,38.1450402010218,4485100
2013-03-14,38.638404846191406,38.66437211024512,38.21644547262969,38.30083784261695,5129700
2013-03-15,38.346282958984375,38.55401613839717,38.17750067935205,38.36575717068719,10303400
2013-03-18,38.39822006225586,38.72280348636158,38.008718467504,38.086617795904374,5002900
2013-03-19,38.502079010009766,38.61243616362192,38.11257749263711,38.4371608522604,6748900
2013-03-20,39.235626220703125,39.300544362901064,38.709802888956354,38.949993824153935,8178800
2013-03-21,39.56022644042969,39.61865155523581,38.95650107955812,39.060367675171776,8993500
2013-03-22,39.54075622558594,39.67059010232426,39.3914481340682,39.67059010232426,6440800
2013-03-25,39.08632278442383,39.72250579420425,38.98894927428733,39.59916502414834,5776900
2013-03-26,39.235626220703125,39.3524764002855,39.00192833791229,39.27457710602189,4516300
2013-03-27,39.19668197631836,39.41090567739756,38.96947216904591,39.07983178432091,4103200
2013-03-28,39.01491928100586,39.33301206666827,38.988954493984586,39.20967128009995,5293000
2013-04-01,39.26160430908203,39.4044217849441,38.962988201710985,39.07983841353002,4118900
2013-04-02,38.975975036621094,39.37196717850725,38.85263176046815,39.32652570088505,4769900
2013-04-03,38.48262405395508,39.1772326376541,38.38525047691019,39.04090814396571,5535500
2013-04-04,38.22294616699219,38.56700381716445,38.10609593176857,38.44366300281734,4965200
2013-04-05,38.00222396850586,38.099597499868,37.69062421067246,37.89835738256139,6736500
2013-04-08,38.502079010009766,38.52155321914732,37.98274365351289,38.04116875730006,4744100
2013-04-09,38.80720138549805,38.988969824365185,38.30085193205678,38.63192600322018,4618100
2013-04-10,39.112300872802734,39.33950826906574,38.87860042157513,38.93702553438203,5449400
2013-04-11,39.05387496948242,39.35898416089532,38.839651211109945,39.209676092605456,6837200
2013-04-12,38.534549713134766,38.85913318110069,38.352783763513955,38.709825083001405,5148200
2013-04-15,37.1583137512207,38.119080448101656,37.13234648137591,38.119080448101656,9785400
2013-04-16,37.28813552856445,37.6581603610853,36.92460375001738,37.6581603610853,9318800
2013-04-17,36.8791618347168,37.13233645641374,36.60001995018569,37.11285977110087,7038700
2013-04-18,37.21024703979492,37.372538767106086,36.65845615748704,36.976546556246795,6182100
2013-04-19,37.32060623168945,37.64518968222071,37.02848063093627,37.41797978102371,6411900
2013-04-22,37.255680084228516,37.51534777964298,36.95057091357271,37.37902335391899,5465400
2013-04-23,37.50886154174805,37.52184517651576,37.00251216768295,37.39850436078519,7522300
2013-04-24,37.82044219970703,38.008701093966394,37.580251269043565,37.580251269043565,7812100
2013-04-25,37.89187240600586,38.151540164412,37.46991539406498,37.89187240600586,6285700
2013-04-26,38.24242401123047,38.30084913438879,37.885382692540894,37.92433112372955,6303600
2013-04-29,38.88508605957031,38.982459578092126,38.313818674019565,38.48909397900813,5645200
2013-04-30,39.24213409423828,39.24213409423828,38.63191570897748,38.846141944579635,6207700
2013-05-01,38.95649337768555,39.41740362619868,38.88508711937316,39.04737879770715,7150200
2013-05-02,39.573219299316406,39.7484946845931,38.91756172598558,39.01493528911114,8343100
2013-05-03,40.196407318115234,40.2288676394176,39.761466748061665,39.86533333765467,6456400
2013-05-06,40.39115905761719,40.52099043641826,40.060082603099936,40.22237430297609,5802500
2013-05-07,40.793643951416016,40.89101996707507,40.41712599900096,40.49502780207818,5933700
2013-05-08,40.631351470947266,40.85855886800175,40.4625691869032,40.76767590917996,6497100
2013-05-09,40.62486267089844,40.8261028095642,40.46257095836153,40.611879036730485,11026300
2013-05-10,40.39764404296875,40.62485387716314,40.131485791076365,40.533968457660706,12466000
2013-05-13,40.24833679199219,40.46256299906095,40.08604511137931,40.319745527681775,12518500
2013-05-14,40.93646240234375,40.988394462565125,40.144478053874,40.26132828484086,6927600
2013-05-15,40.520992279052734,40.79364363495801,40.157460439678935,40.79364363495801,8092100
2013-05-16,40.527469635009766,40.813102037640334,40.40412887676852,40.4885187488617,5214000
2013-05-17,41.09876251220703,41.09876251220703,40.48854396439085,40.50152760119284,7076800
2013-05-20,41.56615447998047,41.845296436127974,41.05980510667807,41.092262955360894,6215900
2013-05-21,41.7479133605957,42.04652948022812,41.41683939776406,41.70896493930651,6543700
2013-05-22,41.15105056762695,41.957804982778605,41.03954658231748,41.67576858129638,9364600
2013-05-23,41.183841705322266,41.275667037669045,40.6000928050726,40.68535775536452,5274700
2013-05-24,41.013309478759766,41.07234041084488,40.783746132902564,41.01986986124301,4623700
2013-05-28,41.216644287109375,41.72168621727318,41.13793720120362,41.47900457619943,5906600
2013-05-29,41.177284240722656,41.328140511988224,40.79686462232533,40.987075682550405,6431700
2013-05-30,40.849334716796875,41.06578230058183,40.69847844721318,41.04610615734786,5658200
2013-05-31,40.2327995300293,41.09202715481855,40.2327995300293,40.744399374226475,8032400
2013-06-03,40.72471237182617,40.73127025180105,40.19343401996607,40.39020544794935,6813400
2013-06-04,40.4557991027832,40.718159370158325,40.219675362556174,40.593537117231314,5171300
2013-06-05,40.41642761230469,40.737818681940254,40.298365790973406,40.639432996813554,7571900
2013-06-06,40.60665512084961,40.61321300156818,39.98355136636238,40.34429485515406,6616200
2013-06-07,40.875572204589844,40.91492699403692,40.50826834257575,40.77718648199859,5081700
2013-06-10,40.79685974121094,40.954273874109624,40.6328852265775,40.90180333049424,4148100
2013-06-11,40.60665512084961,40.783747924886164,40.245911632057926,40.48203537077333,4698000
2013-06-12,39.93107986450195,40.842777887922814,39.87204893122743,40.842777887922814,5031600
2013-06-13,40.436119079589844,40.48203174666835,39.603128187939845,39.793336736385356,5346900
2013-06-14,40.029457092285156,40.47546796535122,39.924513504625644,40.449231442923214,3327800
2013-06-17,40.62632369995117,40.69847288468505,40.298374679926226,40.30493506147611,3664000
2013-06-18,40.73127365112305,40.816541110228485,40.501710302054,40.626330048398216,3437300
2013-06-19,40.47547149658203,41.03954426773341,40.47547149658203,40.764068264363324,5932600
2013-06-20,39.53752899169922,40.14751430644354,39.432585416154616,40.09504376969734,7998200
2013-06-21,39.59000015258789,39.87859434613333,39.05872191918959,39.85891820854335,8780900
2013-06-24,38.927555084228516,39.28830107654951,38.50778065904002,39.209591495286965,7389700
2013-06-25,39.24237823486328,39.366997953152314,38.94066325565714,39.229259974719334,6078400
2013-06-26,39.57033157348633,39.649038640932496,39.196467373498756,39.59656559460001,4009600
2013-06-27,39.57689666748047,40.07537818824142,39.55722052254542,39.760547359015604,3704500
2013-06-28,39.681846618652344,39.85893945752745,39.38013400518516,39.550666459998176,6160900
2013-07-01,40.160640716552734,40.4230009596851,39.83269166366364,39.83269166366364,5100100
2013-07-02,40.52793884277344,40.79029654686509,40.042573212022724,40.14751679406986,6708000
2013-07-03,40.56073760986328,40.67223908314488,40.0491379050604,40.31805601938661,3780700
2013-07-05,40.86901092529297,40.94115761353345,40.35085083323561,40.73783080676479,4281700
2013-07-08,41.34781265258789,41.45931411735234,40.869007388144624,41.000184993266934,5872800
2013-07-09,41.649539947509766,41.76760183571422,41.45932884961889,41.52492017753988,4831500
2013-07-10,41.66922378540039,41.89878972241292,41.52492784144937,41.72825474039747,4849600
2013-07-11,42.18737030029297,42.266079882555545,41.898776004822444,42.04963228441292,6187500
2013-07-12,42.52842712402344,42.53498750566728,42.141449676821466,42.14801005846531,16577100
2013-07-15,42.80392074584961,42.843273039121534,42.4169381802853,42.49564777093562,15601600
2013-07-16,42.6005859375,42.89574312891847,42.443171771207155,42.79079701531916,16526800
2013-07-17,43.00068283081055,43.05315588589253,42.71864641487734,42.790795614588575,4853300
2013-07-18,43.285701751708984,43.6038786419594,43.186269577006804,43.33210275892594,5061400
2013-07-19,43.749725341796875,43.749725341796875,43.272454801622324,43.477944317457236,6958100
2013-07-22,43.637046813964844,43.862421805616606,43.56413018552854,43.80276550453223,3984000
2013-07-23,43.82926940917969,43.90881112273881,43.696691457694925,43.72983720989905,4089800
2013-07-24,43.477962493896484,43.91546235773546,43.17304064516061,43.91546235773546,5025400
2013-07-25,43.55748748779297,43.70332070270074,43.285711543281636,43.35862815073552,4094800
2013-07-26,43.564125061035156,43.5707552239312,43.30560433874673,43.35863552725012,3118000
2013-07-29,43.2061767578125,43.471327671430195,43.02057263548003,43.444812074335125,4255200
2013-07-30,42.97418975830078,43.391799209957824,42.762069949268366,43.38516904355004,5285100
2013-07-31,42.99404525756836,43.51108661591497,42.99404525756836,43.03381611364682,5529900
2013-08-01,43.809383392333984,43.94196135734267,43.43154504239068,43.56412300739937,7272900
2013-08-02,44.5650749206543,44.5650749206543,43.61053359263313,43.723221094598586,7520800
2013-08-05,44.538543701171875,44.691002019223205,44.12755964967446,44.412595915304756,4002600
2013-08-06,44.472259521484375,44.72415513469555,44.16733777784195,44.49215000989506,6248000
2013-08-07,44.09441375732422,44.39271034542352,43.9353252780702,44.36619475599258,4168400
2013-08-08,44.472259521484375,44.60483749089353,43.99499400360869,44.4391188221314,4646200
2013-08-09,44.299922943115234,44.42586571284593,43.862423158998325,44.419240606298644,3668600
2013-08-12,43.81602096557617,44.09442715318321,43.78950536808982,43.96185422308456,4489200
2013-08-13,44.346309661865234,44.61146050083768,43.948585932072376,44.034757805372486,4963300
2013-08-14,44.51866149902344,44.74403644024012,44.22699505054824,44.51203133683119,6488600
2013-08-15,44.82359313964844,44.87661927693186,44.16071837894142,44.253520440853755,6475900
2013-08-16,44.66447830200195,45.01580600615556,44.39270240925108,44.65785319882728,6536000
2013-08-19,43.637046813964844,44.68439015211068,43.61053121659409,44.68439015211068,6449400
2013-08-20,43.73646926879883,44.014875392994604,43.45805808727109,43.630406903010744,5589600
2013-08-21,43.4315299987793,43.76296721050094,43.279071713492414,43.72982652372708,4414200
2013-08-22,43.849151611328125,44.034755672419074,43.38513640126939,43.471313327726875,4100800
2013-08-23,44.11431121826172,44.18059767365524,43.77624372122267,43.922076957487846,4396400
2013-08-26,43.955223083496094,44.37283741296799,43.88893661991844,44.140827204446715,3214400
2013-08-27,43.76298522949219,44.12093817241493,43.7099590973549,43.7165842030392,5352100
2013-08-28,44.2601432800293,44.63135656599694,43.86904961876515,43.86904961876515,6656000
2013-08-29,43.85578536987305,44.11430605578708,43.7364677411949,44.08779046526618,4382800
2013-08-30,43.94859313964844,44.107681646189796,43.829275495409306,43.93533281399273,4963300
2013-09-03,44.273414611816406,44.40598756718772,44.087810451362934,44.38610212961543,5541900
2013-09-04,44.8501091003418,45.1417705584295,44.220375038168044,44.326437428260384,6529100
2013-09-05,44.92301940917969,45.148399453124426,44.717529855818015,44.85010783970697,4285000
2013-09-06,45.20805740356445,45.58589582111136,44.71090132482731,44.995937678929934,5990100
2013-09-09,45.65217971801758,45.685320416664055,45.10862269835864,45.241195607609185,5166400
2013-09-10,45.512977600097656,45.71846713094294,45.28096741804759,45.672066105999406,4464700
2013-09-11,45.84440612792969,45.99023428020635,45.459937676659465,45.55936987024058,3782500
2013-09-12,45.5925178527832,45.8775541560454,45.55274699192456,45.864298888203265,3616300
2013-09-13,45.86431121826172,46.01676959742792,45.658816581472095,45.83116545374718,3996100
2013-09-16,45.9637336730957,46.27528562111078,45.83116074333031,46.24877002369109,4780300
2013-09-17,46.20237350463867,46.348206776022465,45.91071201920469,45.943852726215994,3737500
2013-09-18,46.772430419921875,47.02432600602672,46.0167537762711,46.12944124514333,5209400
2013-09-19,46.958038330078125,47.00444441116218,46.4409969061778,46.7989498282624,4741300
2013-09-20,47.064109802246094,47.12376610546137,46.580208983278055,46.964677572887375,10130600
2013-09-23,46.78570556640625,46.885137799931556,46.268664020874816,46.83873676526421,4680500
2013-09-24,46.6663703918457,47.09060970889899,46.6265944789565,46.81882870970433,5739700
2013-09-25,46.613319396972656,46.85858470241968,46.42108524794598,46.72600681136882,3970000
2013-09-26,46.553688049316406,46.69289111640863,46.328308042596525,46.62659960674669,3836600
2013-09-27,46.60670852661133,46.65310954335017,46.348187853733286,46.50728138883633,3423000
2013-09-30,46.076419830322266,46.348195815814414,45.93721675619227,46.19573747348117,4802100
2013-10-01,46.427734375,46.699510312362506,45.950463886885686,46.04326591987108,4141300
2013-10-02,46.63985824584961,46.77906130791044,46.23550432672112,46.414478247275916,5022400
2013-10-03,46.51394271850586,46.613374991050904,46.11621868566114,46.527203052090776,6550800
2013-10-04,47.044227600097656,47.05748287150069,46.421123640149254,46.52055587633964,4996700
2013-10-07,46.98455047607422,47.18341488175267,46.50065484349893,46.666373495787,4621600
2013-10-08,46.51394271850586,47.1503021825245,46.5006874422564,46.91166675135057,5142800
2013-10-09,46.248756408691406,46.659740461709006,46.14932926930389,46.56030826498989,5768400
2013-10-10,47.5877799987793,47.60786406282877,46.65718090692435,46.73082588033872,4454400
2013-10-11,48.009525299072266,48.10325426748661,47.37350656942553,47.41367466793291,4592100
2013-10-14,48.17692184448242,48.223786350730194,47.70158039315555,47.73505722955314,4223800
2013-10-15,48.13005065917969,48.37106954582126,47.84886366071365,48.13674704709956,6252200
2013-10-16,48.846412658691406,48.933445273338215,48.337594423581244,48.41793575791892,5534800
2013-10-17,49.14768981933594,49.18785793338829,48.56522662633852,48.65895563102578,4494300
2013-10-18,49.16109085083008,49.26820755336824,48.69244570000863,49.26151627110583,5223700
2013-10-21,48.90666580200195,49.26149772659716,48.80624041953137,49.22802089649126,3407000
2013-10-22,49.04726028442383,49.22802189024215,48.79284862931634,49.04726028442383,3597300
2013-10-23,48.46480178833008,48.819633754116126,48.1702219943125,48.819633754116126,4442600
2013-10-24,49.13429641723633,49.20124497575382,48.498277449548674,48.652258623354165,3707900
2013-10-25,49.582862854003906,49.60964330193813,48.87989525016108,49.22803085760969,4218700
2013-10-28,49.46906280517578,49.582875907974355,49.274908337422595,49.48245558659297,3480100
2013-10-29,49.770286560058594,49.93766041334022,49.54266057136101,49.676557610848455,3389900
2013-10-30,49.04056167602539,49.86404366220177,48.78615514028527,49.81048277851533,5278500
2013-10-31,49.0941162109375,49.86403721386245,49.06063938600089,49.3150509966879,5556600
2013-11-01,48.93344497680664,49.24810881624626,48.34429051877658,49.24810881624626,4921000
2013-11-04,49.0941162109375,49.21462562972442,48.76605967166701,49.120896649317515,3604300
2013-11-05,48.585296630859375,49.06063790510225,48.53843214207053,48.89326400116407,4592500
2013-11-06,49.47573471069336,49.5225992067616,48.94683247915351,49.00039336261635,5644300
2013-11-07,48.54513168334961,49.49581429361975,48.38444904747702,49.442253414995555,5836600
2013-11-08,49.33513641357422,49.35522046595336,48.451402353966735,48.53173856348329,4819600
2013-11-11,49.24810791015625,49.42887463103287,49.09412674125128,49.18115935376942,2786700
2013-11-12,48.752685546875,49.1878588526834,48.61209203721649,49.04056895460846,3125000
2013-11-13,49.10081481933594,49.114207594448374,48.5853053501436,48.69911839936375,3463600
2013-11-14,49.32845687866211,49.408798223471756,49.00709660727177,49.26150831191152,3833000
2013-11-15,49.07405090332031,49.2548125466208,48.705826119756715,49.24142487624044,5341200
2013-11-18,48.4112434387207,49.29497775932265,48.33759848634987,49.187861079050165,4718300
2013-11-19,48.37774658203125,48.66562985326022,48.04299882980433,48.28401762003534,7124200
2013-11-20,48.371070861816406,48.82632820365328,48.2639490835736,48.53174842133309,4139300
2013-11-21,49.10081481933594,49.27488514086782,48.47149230092345,48.51835679812275,3988900
2013-11-22,49.55607986450195,49.58955669966486,49.03387392618716,49.2012478863059,3633800
2013-11-25,48.7459831237793,49.48912380272299,48.70581501394898,49.382007140559764,5294800
2013-11-26,48.82632064819336,49.214629372464756,48.531740911456886,48.75267571400924,4089800
2013-11-27,48.6187858581543,49.14099175440843,48.45810319173187,48.833024305536696,3301300
2013-11-29,48.73927688598633,49.23470215062071,48.538426182781414,48.63215514885156,2434300
2013-12-02,48.585296630859375,49.20123137146877,48.371058238132356,49.13428283146274,5696100
2013-12-03,48.51837158203125,48.96693263588263,48.29743669597956,48.51837158203125,5411900
2013-12-04,47.80868911743164,48.618778279948025,47.614534756653,48.43131519834173,5399100
2013-12-05,47.427066802978516,47.768510996020154,46.945034251906165,47.67478201876891,5040400
2013-12-06,47.380210876464844,47.8555573427986,46.99859851216727,47.65470657933794,5560700
2013-12-09,47.15928649902344,47.52750612987818,46.99860382694548,47.23293144676392,4952900
2013-12-10,47.07223892211914,47.28647733220041,46.737491087126756,46.998593989793086,4712300
2013-12-11,46.26885223388672,47.08563787572362,46.22868412292664,47.072245100172076,5776900
2013-12-12,46.51657485961914,46.72411694286497,46.13496242160527,46.28224722103414,5714600
2013-12-13,46.48310852050781,46.971842858856206,46.38937948704635,46.556753490777425,4649000
2013-12-16,46.724117279052734,46.95843981147564,46.54335053414926,46.6638599948022,4167400
2013-12-17,46.23536682128906,46.76426898476757,46.2286755426025,46.744184933015255,4880900
2013-12-18,46.46299743652344,46.59689451850007,45.67968878048296,46.496469153094466,7959500
2013-12-19,46.24875259399414,46.44959818896303,46.00773379375503,46.13493957939388,6962200
2013-12-20,46.78436279296875,47.19275562325358,46.2286851831699,46.26885329505123,8311700
2013-12-23,46.57011413574219,47.366815565632535,46.49646920821385,46.918254721848164,4177400
2013-12-24,46.817840576171875,46.85131740865154,46.4027513495225,46.61698979698887,1625000
2013-12-26,46.99190902709961,47.15928296709316,46.817838699309085,46.86470319819338,2413200
2013-12-27,47.12580871582031,47.259705832006325,46.904873877050576,46.911570265214145,1965600
2013-12-30,46.804447174072266,47.29317617817928,46.77766673293879,47.17936313424716,3035400
2013-12-31,47.29988098144531,47.360133153831086,46.69733371834867,46.83123083999336,3281300
2014-01-02,46.717403411865234,47.48062800784054,46.550029507347034,47.04545483452397,4351800
2014-01-03,46.83792495727539,47.099027907315175,46.750892343211305,46.91826629107514,3095000
2014-01-06,47.03877258300781,47.40699217890363,46.878089926185126,47.092328360768185,4418300
2014-01-07,47.1124153137207,47.192751530516304,46.837919618743896,47.032073989078164,3659500
2014-01-08,46.65715026855469,47.186052408557416,46.543332133932914,47.186052408557416,6405300
2014-01-09,46.50318145751953,46.81784532650451,46.28224659957076,46.737503985110045,4078900
2014-01-10,46.108177185058594,46.717415701695636,46.054616295639555,46.61029903070511,4799400
2014-01-13,45.35164260864258,46.02783477517332,45.17757738387026,45.980970274988856,7244000
2014-01-14,45.739952087402344,45.780120200219926,45.298087522866346,45.411900581081184,4783800
2014-01-15,45.57926940917969,45.99435348260247,45.39850270610781,45.773423779071315,4573700
2014-01-16,45.41191482543945,45.57259243495707,44.91648410866571,45.5592047624344,5356700
2014-01-17,45.197654724121094,45.719860536539166,45.19095833713334,45.5390938427965,4852000
2014-01-21,45.69978713989258,45.70647842059397,45.33156238740195,45.57927768524545,4711800
2014-01-22,45.7734260559082,46.054613043732274,45.559187621206924,45.85376227651668,4100700
2014-01-23,45.425296783447266,45.92072233004723,45.257922804799456,45.5591990310746,4333500
2014-01-24,44.568336486816406,45.371729426843245,44.454523423418024,45.371729426843245,6016100
2014-01-27,44.09299087524414,44.58841630422237,43.94570099174722,44.374177866730655,5381000
2014-01-28,44.32731628417969,44.374180785843706,44.005961160725704,44.153245946064345,4338000
2014-01-29,44.06620788574219,44.32731080672734,43.74484769415055,44.300530365107456,5671600
2014-01-30,44.019344329833984,44.62189150953041,43.731460961081645,44.588414679828965,5527800
2014-01-31,43.48374938964844,43.83858644789819,43.08205293839773,43.55070305472981,10717600
2014-02-03,42.75401306152344,43.77834107857595,42.69375832205421,43.584186634294596,7768000
2014-02-04,42.65357971191406,42.90129501362107,42.47951191577775,42.86112178954689,6543700
2014-02-05,42.48619079589844,42.72051579174258,42.004155693386096,42.633480647347724,6528300
2014-02-06,43.04857635498047,43.115524904658116,42.486197300425,42.633487174423976,5546800
2014-02-07,43.49714279174805,43.51722684842248,42.95485283014816,43.3766333438539,5337100
2014-02-10,43.236045837402344,43.49045243698478,42.93476962194727,43.49045243698478,5854800
2014-02-11,43.898841857910156,43.98587447795466,43.24943007831871,43.28290691333084,5754200
2014-02-12,43.66450500488281,44.715612920387656,43.57746730555778,44.60849116978645,6962800
2014-02-13,43.78630447387695,44.05696725938071,43.461513261243034,43.60361006207828,5844700
2014-02-14,44.34116744995117,44.4223678464073,43.64421415837753,43.75248135365236,4596800
2014-02-18,44.23291015625,44.4765062092532,44.11787495832964,44.36823900237864,4877100
2014-02-19,43.98255157470703,44.659206214317905,43.97578358282066,44.15848322649612,6144900
2014-02-20,43.92841720581055,44.11787967563474,43.89458757189343,43.96901999396224,6111800
2014-02-21,43.76601791381836,44.00284598147326,43.73218312023993,43.975779179103455,6576200
2014-02-24,44.94340515136719,45.19376925563074,43.969025867473015,43.98255669035432,8054500
2014-02-25,45.011051177978516,45.23434838266918,44.75392434869041,44.862191537315105,5871500
2014-02-26,44.747161865234375,45.200524320310066,44.54416860527888,45.08548912762453,5159400
2014-02-27,44.82835388183594,44.82835388183594,44.20583307446807,44.65919028228184,4988900
2014-02-28,44.997520446777344,45.254647276557705,44.402066395592634,44.85542363328316,6263300
2014-03-03,44.86895751953125,45.47117960182371,44.64566546160442,44.90279230897134,6218300
2014-03-04,44.997520446777344,45.26141526647563,44.896021247863295,45.200518844605426,4906600
2014-03-05,44.86219787597656,45.3358539869741,44.82836308413484,45.051660320375575,4671500
2014-03-06,44.92310333251953,45.11256581498634,44.862206889926114,45.06520019436964,3996600
2014-03-07,45.00428771972656,45.33584694593087,44.868953735842624,45.092250937403406,4938700
2014-03-10,45.261417388916016,45.29525217762854,44.726859734534536,44.92985814188181,3711400
2014-03-11,45.017826080322266,45.59974940237447,44.848662443969054,45.33585454266062,4415600
2014-03-12,45.02458953857422,45.16668635931008,44.665963491603144,44.77422552348877,4135300
2014-03-13,44.875736236572266,45.22759438351933,44.72010339539655,45.186996756458406,4531900
2014-03-14,45.06517028808594,45.1396026657265,44.68624557461548,44.72007518833989,4648300
2014-03-17,45.53208541870117,45.53208541870117,45.099026918464695,45.1599233501552,4663900
2014-03-18,46.080169677734375,46.09370565849699,45.572678810881655,45.62004441862268,5658600
2014-03-19,45.67416000366211,46.289917823915474,45.356131693198236,46.269613860779074,4322600
2014-03-20,45.94483184814453,46.012496251315625,45.41027428690574,45.61327265888206,3968600
2014-03-21,45.6606330871582,46.33728736717709,45.65386509886852,46.323751390597735,9094200
2014-03-24,45.71478271484375,46.059878003245174,45.61328865572409,45.79598312460434,5339900
2014-03-25,46.27640151977539,46.330535119559634,45.79597743723471,45.971909055301396,5986600
2014-03-26,46.418495178222656,46.81772399629457,46.344062774217115,46.492927582228205,5732100
2014-03-27,46.885406494140625,47.10193579954683,46.42528107484421,46.42528107484421,6049900
2014-03-28,47.60264587402344,47.63648066602167,46.80419331003105,46.980124935985835,5763100
2014-03-31,47.60264587402344,48.03570436678563,47.453781049174346,47.88007671350846,5020800
2014-04-01,47.5755729675293,47.81916898375533,47.45377495941628,47.6838401580581,4957700
2014-04-02,47.96803283691406,48.04246523830854,47.534974408326406,47.575572022736594,5672800
2014-04-03,47.50115203857422,47.98834418870771,47.48762121772164,47.98834418870771,5161000
2014-04-04,47.51467514038086,48.04246477245022,47.39287713586766,47.92743475776098,5520200
2014-04-07,47.01396179199219,47.528215548183795,46.91246257400593,47.528215548183795,5528800
2014-04-08,47.413177490234375,47.521444681096646,47.00041785938359,47.37257987489292,5751200
2014-04-09,48.40787124633789,48.42140206700507,47.41318814718921,47.440254950988525,7536400
2014-04-10,47.169593811035156,47.92744885790584,47.169593811035156,47.859784427150366,7581100
2014-04-11,47.95450210571289,48.28606133640678,47.35228006604975,47.55527330092892,8390800
2014-04-14,48.387542724609375,48.46873792368927,47.76501694438005,48.46873792368927,6240700
2014-04-15,49.35517883300781,49.40930726728792,48.2386979218657,48.36049593330782,7615000
2014-04-16,49.9235725402832,49.98447413507876,49.524348828430156,49.65290968417263,7284800
2014-04-17,50.59345245361328,50.67465284850542,49.76793833663079,49.78146915454753,7229700
2014-04-21,50.47840881347656,50.715236781601874,50.20774606599227,50.56637717482491,6328900
2014-04-22,50.187477111816406,50.53934044155162,50.03184942411727,50.53934044155162,5086300
2014-04-23,50.085960388183594,50.437823595064785,50.038594782926175,50.18069676116221,5285700
2014-04-24,50.403987884521484,50.505487083204336,50.03859386674142,50.35662228013131,5250300
2014-04-25,50.34309387207031,50.41075828694255,50.17393025365776,50.370160670512,4658500
2014-04-28,50.51225662231445,50.63405463197668,50.12656378546139,50.45135503625142,5190800
2014-04-29,50.53254699707031,50.97913618299364,50.5257790080897,50.74230819330226,5293400
2014-04-30,50.282203674316406,50.769395831692066,50.18747243954505,50.769395831692066,6853600
2014-05-01,50.7693977355957,50.972396196269905,50.10627906732852,50.75586691403456,5895900
2014-05-02,51.77760696411133,52.00090421784082,50.661131020393526,50.66789384932,9359500
2014-05-05,52.02796936035156,52.305400211426985,51.57461203843603,51.696410067267855,5842700
2014-05-06,52.15652847290039,52.30539328425347,51.85879885019422,52.237723706391904,5020100
2014-05-07,52.85350036621094,52.927932798089955,52.33247334305784,52.521941000319025,7189300
2014-05-08,52.10915756225586,52.826409584904255,51.94675678687387,52.72491039090637,6709900
2014-05-09,52.53547668457031,52.542244677858086,52.041521586354826,52.17008248402482,5609600
2014-05-12,53.05649185180664,53.06325468111078,52.63696412401974,52.853493398449885,4979100
2014-05-13,53.21211242675781,53.33391045003101,52.94144957921023,53.08354641261821,5229000
2014-05-14,53.13768768310547,53.313619333770376,53.015889642255175,53.27978453701995,4463000
2014-05-15,52.85350036621094,53.239193348463196,52.454271398635704,53.09032848470517,7914100
2014-05-16,52.81964874267578,52.94144675946181,52.406889083704456,52.85348353274129,5868000
2014-05-19,53.07002258300781,53.164753817756505,52.73846326138737,52.78582887876172,3341700
2014-05-20,53.14443588256836,53.23916708323097,52.853474291257996,53.11736908774144,4353500
2014-05-21,53.608646392822266,53.69739446235455,53.27414846056221,53.41067674076875,4484300
2014-05-22,53.56085968017578,53.75882932744737,53.34241131218987,53.51990223874714,3508900
2014-05-23,53.5403938293457,53.772492997525845,53.45165094884527,53.60865798420921,3566300
2014-05-27,53.956817626953125,53.96364560562489,53.56087819553836,53.56087819553836,4175600
2014-05-28,54.318599700927734,54.98077273371476,54.27764226243602,54.482434663114155,6549900
2014-05-29,54.30495834350586,54.50292280257813,53.86123358634773,54.26399568971466,4065600
2014-05-30,54.5711784362793,54.68722797503376,54.07284040483496,54.21619663651149,5991400
2014-06-02,54.25717544555664,54.98761277213867,53.96363491945989,54.75550841725673,5071900
2014-06-03,54.489253997802734,54.52338866327898,54.12062148517792,54.250326964125186,4551700
2014-06-04,54.47562026977539,54.605320581010524,54.32543602792596,54.42100687124463,3585400
2014-06-05,54.646278381347656,54.65310114939287,54.27081781006554,54.482438200304614,4144600
2014-06-06,55.185550689697266,55.41765493290984,54.76231004747969,54.85788085109129,5409500
2014-06-09,55.192378997802734,55.38352060618288,54.885187871222975,55.0012373894226,3213400
2014-06-10,55.72486877441406,55.74535270486832,54.99443150148807,55.17875041803424,6663400
2014-06-11,55.94334411621094,56.045742984944276,55.608846006023334,55.636152718233745,4538300
2014-06-12,56.56454086303711,56.8239467284785,56.06620264907062,56.07985860464287,6279100
2014-06-13,56.7147102355957,56.72153300336959,56.01157974662881,56.52356857353321,4374900
2014-06-16,57.13114547729492,57.22671633717555,56.6055005397302,56.78981948965802,4753500
2014-06-17,57.172096252441406,57.19257497599265,56.414352231721544,56.782984880305854,4859500
2014-06-18,57.50657272338867,57.547535363397394,56.7829636512652,57.049197374337744,4511900
2014-06-19,57.868408203125,57.868408203125,57.438339314705146,57.52708220044279,4083800
2014-06-20,58.27116775512695,58.33943190483527,57.875228395309634,58.10050477674578,7426200
2014-06-23,58.776329040527344,59.001605423219466,58.346260207568506,58.428175104386874,5943500
2014-06-24,57.88888168334961,58.72171260457731,57.88205370622709,58.72171260457731,8087800
2014-06-25,58.44866943359375,58.5237615745151,57.786496122681044,57.786496122681044,4980600
2014-06-26,58.68074035644531,58.68756833184551,57.725026920967075,58.42815734883016,4587900
2014-06-27,58.708038330078125,58.74899575995758,58.298448406628246,58.53737542795581,4511900
2014-06-30,58.52373504638672,58.66026330896336,58.175581206131106,58.57834322648576,4045900
2014-07-01,58.783145904541016,58.9742875719413,58.4622987307392,58.87871673824116,3537900
2014-07-02,58.612483978271484,58.69440406924968,58.23702340489631,58.578349304975596,3513600
2014-07-03,58.981117248535156,58.98111724853515,58.39403627704044,58.52374178718136,2669800
2014-07-07,58.776329040527344,58.851421168091385,58.14829052655612,58.59883808371954,3925600
2014-07-08,58.73535919189453,59.151777190209636,58.523738808830025,58.694401752132286,4988900
2014-07-09,58.57152557373047,58.906023492006035,58.5100842044522,58.75583926512562,5722700
2014-07-10,58.48277282714844,58.66026373636678,56.50990973169113,57.96396125900161,8248600
2014-07-11,57.84107971191406,58.44181132131567,57.64311009776353,58.38036996123218,4875800
2014-07-14,58.598838806152344,58.63980146328734,57.970800284438376,58.11415656385868,4671900
2014-07-15,57.82745361328125,58.57154704425413,57.561219734661876,58.45549223934636,6041900
2014-07-16,59.179073333740234,59.226858741015334,58.1414399068827,58.175574572744395,6313600
2014-07-17,58.2978630065918,59.48199615697385,58.22901915533801,59.220382168780645,5087400
2014-07-18,58.35294723510742,58.66274722938458,58.18771566920646,58.44932968899142,4689200
2014-07-21,58.19460678100586,58.635213824168346,58.056919049686435,58.43556293703999,4718900
2014-07-22,59.220401763916016,59.28236492726151,58.42180337071951,58.469994607787825,4426100
2014-07-23,59.729827880859375,59.8055576798602,58.99318776985442,59.28922100618996,4104700
2014-07-24,59.37873458862305,59.957029308658086,59.37184862697031,59.6747679102933,5033400
2014-07-25,59.15153503417969,59.647219139611465,59.0551525972845,59.3167665709562,3047300
2014-07-28,58.64897537231445,59.28234722824508,58.573245557752166,59.20661741368279,4804400
2014-07-29,58.31855392456055,58.82112434831877,58.31166795917958,58.52509086636861,4054300
2014-07-30,58.26345443725586,59.13090190786468,57.90546316106446,58.69029483603652,5531800
2014-07-31,56.797054290771484,58.21525784439944,56.70755779307414,57.98118765698323,7106000
2014-08-01,55.55784606933594,56.40464086182039,54.95889865137287,56.390874189461044,9530200
2014-08-04,56.4390754699707,56.56299655306949,55.282480445199084,55.599166490351266,5609600
2014-08-05,54.896942138671875,56.17057221029495,54.6490999866051,56.06730902397628,6406400
2014-08-06,55.49587631225586,56.10859552416429,54.731697474491554,54.83496587870685,5412400
2014-08-07,54.79365539550781,55.75060437280683,54.50450806550627,55.647335968535074,4055500
2014-08-08,55.99158477783203,56.06042865973721,54.86252830674229,54.86252830674229,4104900
2014-08-11,55.626708984375,56.370230282537314,55.59917038037615,56.266967083106195,3583300
2014-08-12,55.365074157714844,55.59914957789968,55.13788469906624,55.433918015728146,4046400
2014-08-13,55.688621520996094,56.05349853483658,55.57158648871658,55.895158256446024,3837600
2014-08-14,55.192962646484375,55.90895033507141,55.04150300529965,55.846992437741164,4557800
2014-08-15,55.50277328491211,55.68865224741856,54.945125892492214,55.25493116660333,5433200
2014-08-18,54.62155532836914,55.72995892650528,54.32552722381827,55.72995892650528,8478100
2014-08-19,55.01398468017578,55.19986367535341,54.66287407545003,54.83498639605759,5417300
2014-08-20,55.420143127441406,55.48898697524658,54.91757305881069,55.206725623510685,4301800
2014-08-21,55.750606536865234,55.812564430363764,55.35130482615442,55.4683399043957,3122100
2014-08-22,55.24113845825195,55.702403214723674,54.9864157259292,55.54405765609339,3645600
2014-08-25,55.626708984375,55.75751078780497,55.289365024727836,55.30313695295309,3531700
2014-08-26,55.44770050048828,55.764386509631606,55.4408145376404,55.578507532344474,3335600
2014-08-27,55.78502655029297,56.08794581779656,55.49587920537563,55.68175814069406,3146400
2014-08-28,55.53028869628906,55.764358792266705,55.44767294053032,55.688628995933215,2987000
2014-08-29,55.91582489013672,55.922710850363075,55.53029515663986,55.674868806701184,3409200
2014-09-02,55.22738265991211,55.83321592237338,54.9175774413921,55.80567733056387,5578000
2014-09-03,55.69554901123047,56.019121020245024,55.62670513222661,55.75062621541407,5902700
2014-09-04,54.97267150878906,55.92961554516654,54.69729075856548,55.86077167072338,5772500
2014-09-05,55.3169059753418,55.413288467200616,54.71107241902183,54.9244900435018,3596500
2014-09-08,54.40814208984375,55.110363249473075,54.153419234985755,55.03463341358264,6122800
2014-09-09,54.35995101928711,54.903826545771295,54.001959727809975,54.711061600172,6466800
2014-09-10,54.3806037902832,54.39437571640336,53.4993896068237,54.22226340705733,6569200
2014-09-11,54.64909362792969,54.697284860088125,53.71280232960839,53.857381278534056,4310300
2014-09-12,54.00884246826172,54.53895134103412,53.77477224050842,54.53206537773225,3950800
2014-09-15,54.66285705566406,54.814316691032545,53.671488716851854,53.864253615520994,3919800
2014-09-16,55.59227752685547,55.957154792831524,54.60779487882054,54.73171595523232,6172500
2014-09-17,55.51655578613281,55.82635589612492,55.330676770627896,55.76439797510721,4242500
2014-09-18,55.05529022216797,55.67489562983713,54.834986660824626,55.65423773920548,4424100
2014-09-19,55.461448669433594,55.764367904265114,55.289336422815495,55.392604821276144,8054300
2014-09-22,54.85563659667969,55.303129660865636,54.66975760976141,55.303129660865636,5235600
2014-09-23,54.325531005859375,54.965783744405826,54.2911064435404,54.75925212784429,4344800
2014-09-24,54.194705963134766,54.442548022611525,53.416755233824766,54.28420244199342,6278900
2014-09-25,53.402976989746094,54.18092229798596,53.402976989746094,54.18092229798596,4911400
2014-09-26,53.78163146972656,54.0225875410059,53.09318255038651,53.42363509029862,5253100
2014-09-29,53.588890075683594,53.664619917586464,52.859135510930074,53.35481983885746,5887100
2014-09-30,52.68013381958008,53.45119886344642,52.26706532382881,53.23089531554902,8400600
2014-10-01,51.633697509765625,52.680138134884956,51.344550064299256,52.508025809852406,8719600
2014-10-02,51.42028045654297,51.723194580167686,50.51152758076606,51.33766464876275,7414200
2014-10-03,51.4753303527832,51.750711008268944,51.0209567358135,51.59925138512933,5562700
2014-10-06,51.606136322021484,52.143125700717235,51.16552938296605,51.81267312265017,6384900
2014-10-07,50.883270263671875,51.86774733296677,50.86949834171783,51.372068444055444,7293900
2014-10-08,51.31012725830078,51.37897114018495,50.022730384467145,50.724946383608085,11995700
2014-10-09,49.6693229675293,51.15022327386312,49.64151196074842,51.06679025352046,10351000
2014-10-10,48.91843032836914,49.989129970756096,48.605565857510605,49.64150042339952,10320600
2014-10-13,47.326290130615234,49.09920308496362,47.27762220228913,48.75157350994679,8606300
2014-10-14,46.02615737915039,47.70868869134864,45.82453687700926,47.465343725386354,13016100
2014-10-15,46.060890197753906,46.130415008869896,44.19064519583766,44.35055438316567,16072300
2014-10-16,46.5336799621582,46.83959558590852,45.11535112168578,45.16401903415473,12799200
2014-10-17,47.333229064941406,48.68202777751521,46.92997761386882,47.22893916491854,11005600
2014-10-20,47.85468292236328,47.94506469161507,46.811794320387996,47.40276346729284,6742800
2014-10-21,49.07833480834961,49.25214957444418,48.42479489482988,48.7168024288114,9000900
2014-10-22,48.27879333496094,49.67626029907606,48.237074182195116,49.36339582756514,9845000
2014-10-23,48.668121337890625,49.30775823098873,48.459541553252244,49.217376486661045,7660700
2014-10-24,48.716796875,48.84889777958194,48.04934888581591,48.661174883133384,5421600
2014-10-27,47.85468292236328,48.09106845936292,47.4583854657889,47.98677853828425,7491000
2014-10-28,48.821067810058594,48.862781635544536,47.75732282494263,48.028473299407366,5758400
2014-10-29,49.189579010009766,50.162942765081915,48.814138477150266,49.99608207416849,7751900
2014-10-30,49.60671615600586,49.996064705417545,48.146673682822694,48.230106651497465,7172900
2014-10-31,50.162933349609375,50.22550410780537,48.71679348804836,49.77358473801696,9434100
2014-11-03,49.05748748779297,50.4549599659727,48.994916705865855,50.23943131123698,9544400
2014-11-04,47.81296157836914,48.556888534815414,47.42361821556525,48.11192317606655,10962400
2014-11-05,48.584693908691406,48.84194163185419,47.95896509216308,48.633361823408165,7883400
2014-11-06,49.58585739135742,49.60671430664759,48.31353251462042,48.47344437251783,7761100
2014-11-07,50.16987991333008,50.27416449471106,49.641481715249355,49.669292705085596,7367200
2014-11-10,49.780548095703125,50.90686969291022,49.683212250755,50.62876500545598,7301800
2014-11-11,49.88482666015625,50.02387632002554,49.41205039043434,49.724914777342505,5921800
2014-11-12,49.5024528503418,49.97522931786962,49.42597391409415,49.61369686830445,5751500
2014-11-13,48.91147994995117,49.363399456561524,48.34832173806803,49.2104415954559,7521100
2014-11-14,49.64846420288086,49.68322398176641,49.00882167938446,49.06444369088971,5272700
2014-11-17,49.65538787841797,49.89872742525227,49.092229883686564,49.38423733988772,5100600
2014-11-18,49.82920837402344,50.16293500865363,49.41205405903936,49.73187254400732,5305700
2014-11-19,50.14901351928711,50.39235833400227,49.58585560907961,50.30892537143677,6372600
2014-11-20,50.899906158447266,50.927717152465235,50.14902523317631,50.14902523317631,5726300
2014-11-21,51.1988639831543,51.921933861722565,50.87904553185754,51.77593013206998,8938200
2014-11-24,50.98335266113281,51.30317122054728,50.517530322707806,51.143259288636976,6118600
2014-11-25,49.87092590332031,51.38659059871486,49.759681927245055,51.379636524108975,8907100
2014-11-26,49.24517822265625,49.884814995535244,49.05050662259771,49.884814995535244,7391200
2014-11-28,45.93576431274414,47.37495030560175,45.6437567905772,47.069034632242776,11779100
2014-12-01,47.117698669433594,47.2080857315162,45.469938284143765,45.83842469428191,14028700
2014-12-02,48.118858337402344,48.376105989226474,46.749197725966354,46.81177377290883,11685600
2014-12-03,49.22434616088867,49.516353708402335,48.16754936359264,48.431751215119625,11904000
2014-12-04,48.188411712646484,48.96710389808428,47.750400342066406,48.779386254808976,10649700
2014-12-05,47.17332458496094,48.230121291340765,46.90912806056873,48.230121291340765,9822100
2014-12-08,45.212703704833984,46.672746924475994,45.10841376677243,46.56846229082103,10164200
2014-12-09,45.16401672363281,46.06090132559557,44.05855498573043,44.739908377641015,12127800
2014-12-10,44.1767463684082,44.600854675927756,43.683113239282996,44.433991390991466,9843100
2014-12-11,44.22542953491211,45.504703667989794,44.00989827003775,44.00989827003775,8175100
2014-12-12,43.4189338684082,44.350581223061205,43.3215980130599,43.58579457694726,8678400
2014-12-15,42.890525817871094,44.14894553516234,42.758427565550924,43.99598770980027,9823200
2014-12-16,43.95427322387695,45.17793050443309,42.299556121676105,42.71671044556422,12951500
2014-12-17,46.5406494140625,47.04818562544668,44.50353988294702,44.593921663279524,15364100
2014-12-18,48.494319915771484,48.55689068567709,46.345971945187536,48.12583345902323,15948500
2014-12-19,49.3494873046875,49.363390151073396,47.71562437306432,48.41088338927662,17823400
2014-12-22,48.33441162109375,48.981002813968786,47.61829557719684,48.72376033474725,9510100
2014-12-23,49.398155212402344,49.62063788536342,48.52908144233478,48.89061379674454,8170900
2014-12-24,48.75849914550781,49.10612855556836,47.931144756558304,49.04355780787131,3849000
2014-12-26,48.584693908691406,49.217382104414106,48.33440026031813,49.050521440300216,3340100
2014-12-29,48.74461364746094,49.14091110376526,48.35527026706531,48.9809991842995,5241500
2014-12-30,48.619468688964844,48.80718631053507,48.16059514049507,48.39698599090839,4537900
2014-12-31,48.014583587646484,48.49431398251757,47.76428992983592,48.20925525385357,5923600
2015-01-02,47.91726303100586,48.30661179195307,47.43753778759904,47.62525543860053,5701800
2015-01-05,45.63679885864258,47.263707624279455,45.49079510989652,47.07598472988806,10938900
2015-01-06,43.752647399902344,46.304246558737006,43.71788498167947,45.39345900116613,18054700
2015-01-07,44.044654846191406,44.65648613679946,43.697025359947745,44.503528314147445,12350500
2015-01-08,45.1431770324707,45.53252046087869,44.42706095333184,45.08755502715345,10348300
2015-01-09,45.13619613647461,45.428203534274324,44.5035134412419,45.150104281743104,7984100
2015-01-12,43.8499755859375,44.68428408662293,43.53015715052795,44.60085641919684,8317100
2015-01-13,43.41196823120117,44.378380407298046,42.76537719034185,43.93341244788111,10240900
2015-01-14,43.537113189697266,43.6483545117339,42.30650457280323,42.98090657951411,10005400
2015-01-15,42.695858001708984,44.406194622063246,42.67500107898847,44.22542843667899,9994000
2015-01-16,43.85693359375,44.135035568190794,42.74451773937999,42.93223796453372,10031400
2015-01-20,43.933406829833984,43.995980233922005,42.939186438325386,43.6692103700864,6890500
2015-01-21,44.87202453613281,45.03888524079535,43.96123412815592,44.42010504428253,7979700
2015-01-22,45.400413513183594,45.59508517886773,44.4965747174729,45.26135853454846,8759500
2015-01-23,44.9484977722168,45.68547065352345,44.94154369661801,45.43517697602204,6392900
2015-01-26,45.7619514465332,45.88709829041055,44.42010123889497,45.11536030390119,5861100
2015-01-27,45.56727981567383,45.99138827022583,45.23355313010288,45.3934650491986,5939900
2015-01-28,43.50931167602539,45.50470171131963,43.45368968017745,45.372606101687616,8679300
2015-01-29,43.67616653442383,44.20456481570008,42.16050182833506,43.92646017795443,11360100
2015-01-30,43.78740692138672,44.364473104080396,42.515084463622415,43.265962725932,10524300
2015-02-02,45.7271842956543,45.734138371222265,44.08637520457744,44.82335073482076,10075800
2015-02-03,47.09684753417969,47.24980537704272,46.24168185549013,46.5336893894619,15631700
2015-02-04,45.796714782714844,46.34597005974407,45.358698193572096,46.318159061671075,12243300
2015-02-05,46.9786491394043,46.99255198508767,46.08871849232662,46.59625457804823,8707900
2015-02-06,46.92302322387695,47.54180324093973,46.70749465517554,47.44446741608073,7653100
2015-02-09,47.17332458496094,47.70172293815085,47.02732082376481,47.256757578961086,8070600
2015-02-10,47.270652770996094,47.354085751485535,46.23471845917421,47.18027102043601,7876600
2015-02-11,47.194190979003906,47.604396651324016,46.44331509992747,46.74227675792126,8365400
2015-02-12,47.8196907043457,48.38897101301761,47.52450871926179,47.960252022365495,8642800
2015-02-13,49.112876892089844,49.27452724981498,48.283552164005485,48.37492185570404,8419200
2015-02-17,48.82472610473633,49.17613480811048,48.15704635108267,48.59982474905972,7652700
2015-02-18,47.6018180847168,48.53656101847267,47.5174780783778,47.8126600574586,8932600
2015-02-19,47.38393020629883,47.68614179043562,45.97829592883827,46.42809846866011,9022600
2015-02-20,47.355804443359375,47.38391776497534,46.61784985869462,47.22227286826832,8781600
2015-02-23,47.03253936767578,47.46828808830588,46.744387020442154,46.86386469217143,6072800
2015-02-24,47.15201187133789,47.42611556183747,46.9200862287162,47.41908588719116,4867500
2015-02-25,47.461246490478516,47.67911811502792,47.0606408854945,47.4190791727128,6151800
2015-02-26,46.280521392822266,47.01145207976121,46.09778738056982,47.01145207976121,7837000
2015-02-27,45.82368469238281,46.45622131929826,45.77448769707107,46.3859406634344,6963500
2015-03-02,45.26143264770508,45.93613657432311,44.860827023710925,45.823683238851686,8059200
2015-03-03,45.52850341796875,45.872882390426504,45.170065096880656,45.23332144157639,5424700
2015-03-04,45.156002044677734,45.53552395044708,44.74836680936221,45.53552395044708,5487100
2015-03-05,44.509403228759766,45.036515994532664,44.509403228759766,44.987319017543264,5987600
2015-03-06,44.12989807128906,44.755405027429,44.04555806654748,44.27748905803407,6732800
2015-03-09,43.5535888671875,44.51644781591156,43.5535888671875,44.11584217005428,6492800
2015-03-10,42.780494689941406,43.377891092788786,42.65398734256364,42.86483470888368,8922400
2015-03-11,43.082706451416016,43.48331215835152,42.738327423857385,42.83672143173128,6341200
2015-03-12,43.12486267089844,43.51141158438286,43.09674934019981,43.27948330870612,5520900
2015-03-13,43.3216552734375,43.43410592726658,42.56964102326146,42.70317533686003,8255800
2015-03-16,43.85580062866211,43.89796795083441,42.752377681232915,43.01944632510829,6318000
2015-03-17,43.581703186035156,43.91905787715625,43.138930180880195,43.581703186035156,6488900
2015-03-18,44.7273063659668,45.198192815596904,43.230304303629836,43.25139065225051,9536300
2015-03-19,44.108821868896484,44.49537361023092,43.89095017581977,44.122878539584626,7907100
2015-03-20,44.86787414550781,45.064664889832954,44.277507274604964,44.38293098338758,10059900
2015-03-23,44.43914794921875,45.106825076559815,44.42509127820742,44.98031771849368,7428600
2015-03-24,43.961212158203125,44.71322629356877,43.947155493491145,44.59374866506894,6377400
2015-03-25,44.31262969970703,44.628898017137885,44.03853138494536,44.43211003341877,7662300
2015-03-26,44.44617462158203,45.078708688130355,44.22127058163553,44.9451743441007,6889900
2015-03-27,44.2282829284668,44.34073356386386,43.897958014035275,44.249366584780425,5199100
2015-03-30,44.98030090332031,45.08572455597641,44.55861165476563,44.61483563675665,6027400
2015-03-31,43.75740432739258,44.60781530592907,43.743350340572206,44.45319464055239,9169700
2015-04-01,44.29154968261719,44.62187469477924,44.024478339144984,44.07367533912205,8939300
2015-04-02,44.40400314331055,44.56565082211857,43.97528410423746,44.07367811037838,5908200
2015-04-06,45.95722579956055,46.301604797522785,44.55862078320422,44.57267477080498,10170000
2015-04-07,46.23835754394531,46.414061894532395,45.73232815632311,45.8658651786321,7177200
2015-04-08,45.549583435058594,46.54758798723082,45.54255912337575,46.435134655465504,8571600
2015-04-09,47.08875274658203,47.412048017513186,45.58472435647768,45.69717232102907,10984100
2015-04-10,46.758426666259766,47.36987955025049,46.66003268889155,47.3417662192782,6015900
2015-04-13,46.624900817871094,47.383944849160606,46.61787650500295,47.01848218339393,5737100
2015-04-14,48.044578552246094,48.17811552035254,46.906012892238934,46.96223954850155,8917600
2015-04-15,48.7755126953125,48.95824666098524,48.14297616957572,48.43113378321616,7773700
2015-04-16,48.50141525268555,49.00041480867826,47.93915936200864,48.487355906280364,8395000
2015-04-17,47.573699951171875,48.2062311676731,47.2152616629699,48.2062311676731,9616700
2015-04-20,48.22029113769531,48.6700937411388,47.826715200199764,47.85482317110374,7846100
2015-04-21,47.805625915527344,48.48735949069748,47.545586970573346,48.22029087202122,5563400
2015-04-22,47.707237243652344,47.889971246287836,47.18012425926079,47.756434241046065,4480200
2015-04-23,47.97430419921875,48.41004743717855,47.79859989692664,47.97430419921876,4627500
2015-04-24,47.447208404541016,47.700223120058936,47.10985366315989,47.68616376804588,6275700
2015-04-27,47.130924224853516,47.77049051183021,47.08875690468194,47.63695351519327,4427900
2015-04-28,47.608848571777344,47.62290792235921,47.09579487903373,47.22932653713446,4265700
2015-04-29,47.833744049072266,48.00944837527317,47.24338008683106,47.383941402963586,6038400
2015-04-30,47.73534393310547,48.51547147034847,47.552615317983005,48.50844179682228,7365700
2015-05-01,47.39799880981445,47.777520782306986,47.06767383215964,47.60884077537456,5974400
2015-05-04,47.102806091308594,47.524500698337825,46.87790480319219,47.376909730705464,6638100
2015-05-05,47.22932434082031,48.044595050378526,47.07470902610805,47.39800436753154,9142900
2015-05-06,47.25041198730469,47.91105663873623,46.94117064275966,47.76346564122267,7089600
2015-05-07,46.821693420410156,47.46125441562116,46.45622539851461,47.46125441562116,6298900
2015-05-08,47.2082405090332,47.34880719745612,46.638960166615355,47.18715684628749,5961200
2015-05-11,45.87990951538086,47.22931735711086,45.76043186901386,47.173096051924695,7261800
2015-05-12,45.96424865722656,46.13995296756606,45.71826369516527,45.88693833171158,4719700
2015-05-13,45.95722579956055,46.40702847177636,45.788551137997324,46.24538348504892,5424500
2015-05-14,45.97830581665039,46.463251462525875,45.91505483435553,46.06264582178059,4345300
2015-05-15,46.217262268066406,46.4281042185557,45.725286992784916,45.858823981543736,4728800
2015-05-18,46.414066314697266,46.54057367365053,45.80964286215076,46.21024860515747,5158600
2015-05-19,45.7674674987793,46.210240496383946,45.760437823939945,46.210240496383946,7946000
2015-05-20,46.044677734375,46.1655099519116,45.57556218628961,46.02335503985234,4837600
2015-05-21,46.61330032348633,46.73413252053177,46.1086434215365,46.29344369130199,6049900
2015-05-22,46.279239654541016,46.67017380911668,46.129975365392795,46.22948489149161,3804900
2015-05-26,45.37654113769531,46.07311052110573,45.13487398741568,45.895414166824565,6128800
2015-05-27,45.36231994628906,46.1939374882831,45.2770264651327,45.44761342744543,6754900
2015-05-28,45.390743255615234,45.45471403200168,44.85765435620497,45.15618283838815,5192500
2015-05-29,45.2628059387207,45.547121129585705,45.09221628191558,45.277021969407016,5701600
2015-06-01,45.21305465698242,45.82433046625408,44.95006484767862,45.81722109465,4140400
2015-06-02,45.540008544921875,45.717704848815416,45.070890411100144,45.27701877435995,5076800
2015-06-03,45.34811019897461,45.6963962550642,45.22016860379323,45.35521957172428,5380800
2015-06-04,44.77946853637695,45.305450788405054,44.72971378825097,45.07089036601362,5361700
2015-06-05,44.80790328979492,45.64663011067639,44.573342853300524,44.608881573894365,5809900
2015-06-08,45.08510208129883,45.11353413791587,44.62309065127745,44.72260013800694,6630600
2015-06-09,44.82211685180664,45.72481440461452,44.82211685180664,45.33388036532063,6316900
2015-06-10,45.50447082519531,45.66084445302925,45.12775820931398,45.42628672270898,4776300
2015-06-11,45.51156997680664,45.66083419998718,45.38362843938617,45.4689246052865,3890700
2015-06-12,45.14197540283203,45.383642525028726,44.87187892794169,45.31967173646399,4996900
2015-06-15,44.97138595581055,45.23437575585228,44.63731599938543,44.836337725828194,4710200
2015-06-16,45.08510208129883,45.1703955397198,44.55911987960419,45.09220873973801,5310200
2015-06-17,44.843448638916016,45.582663355398815,44.5733494419031,45.40496972616385,4741000
2015-06-18,44.729713439941406,45.13486079234408,44.63731060352822,44.886087053651345,5413300
2015-06-19,44.31746292114258,44.97849347527139,44.161091996972324,44.45962052519526,13125900
2015-06-22,44.4809455871582,44.75815142164842,44.203737041237225,44.409865429961506,4356600
2015-06-23,44.900299072265625,45.028240623156236,44.43118095614351,44.552015848175884,3643700
2015-06-24,44.658634185791016,45.17039767190382,44.658634185791016,44.87186919762387,3974800
2015-06-25,44.22506332397461,44.90030720647736,44.16109253694026,44.90030720647736,4706500
2015-06-26,44.196624755859375,44.26770219257853,43.869664208662584,44.17530206712971,6684200
2015-06-29,43.364994049072266,43.883869513752536,43.35788739170927,43.6564158066905,5256900
2015-06-30,43.649314880371094,43.791472449163635,43.25838359976417,43.734608337074576,5356200
2015-07-01,42.66843795776367,43.720399808997435,42.426770862788985,43.720399808997435,7394100
2015-07-02,43.01673126220703,43.19442760612985,42.77506412601476,42.77506412601476,6777200
2015-07-06,41.97897720336914,42.476524701665944,41.737310113583334,42.305937762658615,7553700
2015-07-07,42.39834213256836,42.57603844877958,41.39613501759433,41.86525318393471,7129800
2015-07-08,41.48141860961914,42.448086773384105,41.282399650525164,42.035830116483766,5629100
2015-07-09,41.70176315307617,42.47651906953531,41.69465649465588,42.39833498119148,5436600
2015-07-10,42.02873229980469,42.3201541418235,41.701769026388284,42.15667386083056,5056900
2015-07-13,41.88658142089844,42.07849379319151,41.68045301605429,42.014523002427154,4905900
2015-07-14,42.313045501708984,42.46231246643733,41.71598577708734,41.75863386864266,5481000
2015-07-15,41.524085998535156,42.327274341594645,41.31796027221504,42.01452970983577,5229800
2015-07-16,41.189998626708984,41.77994887181402,40.99808631716491,41.65911670178446,5322900
2015-07-17,40.656925201416016,41.14736614863647,40.26599377582599,40.941237733012805,7363800
2015-07-20,40.20912170410156,40.65691717446069,39.91769985767782,40.64270114397288,8086900
2015-07-21,40.15225601196289,40.62848078108505,39.92480225984287,40.344165624507745,8424500
2015-07-22,39.68313217163086,40.08117007964872,39.56940395627731,40.01009265648265,10373300
2015-07-23,38.92678451538086,39.84160748570388,38.39373704331059,39.69033551188635,12065300
2015-07-24,37.52214813232422,38.861968025266904,37.442911058333685,38.861968025266904,13241700
2015-07-27,36.48485565185547,37.47171077065489,36.40561860803737,36.9818842705534,14268100
2015-07-28,37.630184173583984,38.14882188648573,36.64332632488969,36.69374939770165,13384600
2015-07-29,38.10560607910156,38.49458370130487,37.457305462343456,37.493321552640786,11816700
2015-07-30,37.50772476196289,38.386531565565384,37.370862533472035,38.170432297687256,10081600
2015-07-31,36.261566162109375,37.061136294215856,36.19673607713175,37.04672930334833,12202300
2015-08-03,35.807762145996094,36.355216908132476,35.53403751278095,35.87259224288454,11241100
2015-08-04,35.922996520996094,36.2615538215335,35.7213042131959,35.7213042131959,7690600
2015-08-05,35.38275146484375,36.62892705866095,35.317921393588435,36.23274451114597,8047200
2015-08-06,36.21833419799805,36.27596214397929,34.813687362851496,35.2170719933134,11641100
2015-08-07,35.18104934692383,36.48485252941372,35.01537315487006,36.19671834888906,10286300
2015-08-10,36.16071319580078,36.16791531595829,34.97216277661455,35.217076079750115,10574000
2015-08-11,36.30478286743164,36.39122205462419,35.33953657558284,35.49800796079381,10713600
2015-08-12,37.1259651184082,37.37087845913398,36.1247026438639,36.16792086714628,13986500
2015-08-13,36.08868408203125,36.77300101727268,35.915805691817035,36.73698491496575,10045500
2015-08-14,35.85095977783203,36.22553312169929,35.79333184130572,36.009433855428135,7850100
2015-08-17,35.69968795776367,35.8797711244734,35.483585959431146,35.64206002544805,5807400
2015-08-18,35.66367721557617,35.86537227657939,35.38995271854242,35.74291426655762,7310200
2015-08-19,34.345481872558594,35.49801371478432,33.891671257496675,35.49801371478432,14528500
2015-08-20,33.85564422607422,34.64800926839482,33.85564422607422,34.17979456078784,10554700
2015-08-21,32.69590377807617,34.12936719011136,32.68870165947763,33.61072671977076,13905700
2015-08-24,30.923906326293945,32.3645728115707,29.605695173296148,30.239589196216833,21256700
2015-08-25,30.390836715698242,32.42937964891044,30.354820628974444,32.42937964891044,15891800
2015-08-26,31.269651412963867,31.38490456828039,30.434065349956075,30.923891947014294,18991000
2015-08-27,33.04166793823242,33.51708752195333,32.01879658301696,32.141251851802544,19431600
2015-08-28,33.72598648071289,34.575979530670025,32.818368227087674,32.818368227087674,14902000
2015-08-31,35.404361724853516,35.5268169940102,32.91921276920565,33.351411392861,17775100
2015-09-01,34.39590072631836,34.69843926714094,33.70438170627903,34.69843926714094,17192400
2015-09-02,34.71283721923828,35.05139452017309,33.855642162229685,34.79207426821039,11265800
2015-09-03,34.70563888549805,35.92300048126476,34.41030251029538,34.93614519063906,9703800
2015-09-04,33.99970626831055,34.287837718911085,33.75479302398184,34.00690838673873,10520200
2015-09-08,34.907325744628906,35.06579983502072,33.96369156455413,34.770463506105095,13561500
2015-09-09,34.46792984008789,35.800547418528986,34.28064448604564,35.33232991164523,16203100
2015-09-10,34.885719299316406,35.11622558589827,34.09335428267271,34.575975961499836,8874700
2015-09-11,34.11496353149414,34.40309501700472,33.81962717883106,34.38869077840314,9270700
2015-09-14,33.689971923828125,33.963699210347784,33.380228539889266,33.94208735361459,8768800
2015-09-15,34.05733108520508,34.424702321588626,33.93487583831145,33.963689807410425,6678200
2015-09-16,35.6348762512207,35.6852993440271,34.3166654733756,34.367088566182005,11354000
2015-09-17,36.110286712646484,36.6721454590218,35.33953077928741,35.5916461788528,14823600
2015-09-18,34.835296630859375,35.67088261651593,34.525553289397294,35.40436023474103,12763300
2015-09-21,35.11622619628906,35.29630940755208,34.67682272115101,35.188258381653576,7728200
2015-09-22,35.022586822509766,35.29631410949217,34.29505176114454,34.38149094466716,10223400
2015-09-23,34.47513961791992,35.28191185060345,34.43912351561175,35.094626469889455,6323000
2015-09-24,34.403099060058594,34.7416564118688,34.0933584323932,34.2230158300067,8185800
2015-09-25,33.992515563964844,34.96496682799334,33.798025311159144,34.96496682799334,8631400
2015-09-28,33.027259826660156,33.89165978977382,33.02005770726873,33.45225631489969,8003400
2015-09-29,33.545902252197266,33.632341429044025,32.93362039876723,33.33700505595337,7978000
2015-09-30,34.54717254638672,34.575986527977975,33.783621269186156,33.79802551212926,8814400
2015-10-01,34.69123840332031,35.58445256412809,34.24463269684263,35.07301402757926,10430300
2015-10-02,36.87384796142578,36.87384796142578,34.259040959788386,34.273447950578024,12573500
2015-10-05,38.16323471069336,38.27128573916714,37.10434452391683,37.414087874499735,12806600
2015-10-06,39.71915817260742,40.000087581677654,38.220867074948835,38.30730625900458,15414000
2015-10-07,39.812801361083984,40.612371352844335,38.782725051608296,40.2954231050967,13745300
2015-10-08,40.540340423583984,40.73483066362801,39.32297864092213,39.61831506146624,9496900
2015-10-09,40.41067123413086,40.83566771974244,39.769575446040044,40.763635534866594,9118800
2015-10-12,39.812801361083984,40.41067626395437,39.22933069870025,40.38906715537233,7484500
2015-10-13,39.64712905883789,40.26661587973416,39.15730239802932,39.45984093966573,6214700
2015-10-14,39.94966125488281,40.12254235682347,39.539071729107114,39.65432488111693,6410200
2015-10-15,40.321998596191406,40.35850174997152,39.27799224500982,39.68683480837862,7832400
2015-10-16,40.321998596191406,40.84765292266385,39.796344269718965,40.657832066987865,7317000
2015-10-19,39.19769287109375,39.99347406504839,39.04437791808731,39.781754609235435,7980700
2015-10-20,39.08817672729492,39.60652878585898,38.832649064120716,39.35100390769706,8553600
2015-10-21,38.67203140258789,39.29259336078764,38.6209264312073,38.993263049124735,6331400
2015-10-22,39.847450256347656,39.97886104711422,38.83264480227721,38.934857527336526,7372600
2015-10-23,39.869361877441406,40.01537730875942,39.1684911491302,39.64303781964785,5907200
2015-10-26,38.657440185546875,39.84015993828798,38.65013788191164,39.83286041966557,5565200
2015-10-27,37.7375373840332,38.058771839881196,37.04396906711546,37.97116092373414,7990200
2015-10-28,38.94216537475586,39.183088458549825,37.65723576282534,37.78134706371653,9326000
2015-10-29,39.146583557128906,39.82555288536346,37.33599961017426,38.102577075435455,9326300
2015-10-30,38.94947052001953,39.54813134201512,38.39461516732105,39.372915034852646,7544600
2015-11-02,40.11027526855469,40.33659927159694,38.599021907786316,38.69393233293462,8140600
2015-11-03,41.4171142578125,41.7237469087097,40.27089784198381,40.37310779727874,9126400
2015-11-04,41.13238525390625,41.46821875599588,40.49722140690851,41.417113778939296,8720200
2015-11-05,41.08859634399414,41.78947005523465,40.71625953475276,40.7965681839063,7232800
2015-11-06,40.71624755859375,41.205396044996256,40.15408996488386,40.71624755859375,6562200
2015-11-09,39.891265869140625,40.986377499303764,39.708747264113434,40.614040770453975,5615200
2015-11-10,39.898555755615234,40.263592852061805,39.42400641622988,39.774441694617146,5186800
2015-11-11,39.01516342163086,39.96426208960126,38.93485760073656,39.80364487778868,6977700
2015-11-12,37.941951751708984,38.7523344458227,37.817837706883985,38.29238698443162,7391100
2015-11-13,37.839752197265625,38.044172109475284,37.25569053093101,37.88355487273202,6390900
2015-11-16,39.694129943847656,39.74523491050148,37.664524739562204,37.89084872403755,8294200
2015-11-17,39.35099792480469,39.92775438853948,39.02246399925203,39.53351646288817,6222900
2015-11-18,39.77444076538086,40.20518464052498,39.01516295410784,39.74523712994452,4918700
2015-11-19,39.102783203125,39.7671507504712,38.825354170218446,39.562728038586705,6315700
2015-11-20,38.6428337097168,39.46051616258561,38.43111148999686,39.14658398438363,5729300
2015-11-23,38.89835739135742,39.256095019887034,38.306998997172364,38.540622547840215,5609900
2015-11-24,40.38770294189453,40.599425120018324,38.971360051882975,39.02976453739288,8209400
2015-11-25,39.70145034790039,40.21250303248057,39.65764487721761,40.14679621896293,5144100
2015-11-27,39.04437255859375,39.48971831953988,38.876455806681875,39.299900230208486,2786000
2015-11-30,39.460514068603516,39.78174853251496,38.949461518299955,39.06627329108257,8738300
2015-12-01,39.869361877441406,39.971571843860204,39.35100974202454,39.75984960769972,7704100
2015-12-02,38.36539840698242,39.84014861572715,38.095271734517965,39.57732145981058,10649300
2015-12-03,37.679134368896484,38.679335361519165,37.584223931855504,38.555224069629894,10673000
2015-12-04,37.372501373291016,37.59152588519949,36.62052575644316,37.11697648941428,9393900
2015-12-07,35.7663459777832,36.71544213803091,35.16038289073265,36.3065994726108,11541400
2015-12-08,35.262577056884766,35.883141687970465,34.22587321332345,34.78803058194912,8723000
2015-12-09,35.3867073059082,36.31390213457382,34.86105284303942,35.29909637208818,9891000
2015-12-10,35.93425750732422,36.46721140574703,35.05086549828275,35.21148273356527,11059900
2015-12-11,35.13846969604492,35.372093201754204,34.17477203874118,35.226077814432934,14658400
2015-12-14,36.160579681396484,36.60592545607755,34.60552340637855,34.73693700497338,14173900
2015-12-15,36.91254806518555,37.27758512078861,36.605915490272885,36.75923038522336,10759900
2015-12-16,36.029170989990234,37.116983085405074,35.86125421002929,36.722742235924834,11438900
2015-12-17,34.517906188964844,36.1094681172389,34.25507903970683,36.043761329924386,12951100
2015-12-18,33.532325744628906,34.736949917876984,33.40821161759082,34.35000849594742,16525400
2015-12-21,32.92635726928711,33.69293768582211,32.53211917465585,33.60532674478132,10873300
2015-12-22,33.787837982177734,33.992260681616,32.787636963006875,32.984757359779955,10361500
2015-12-23,35.79553985595703,35.82474349457998,34.510610391682576,34.52521221099405,9806900
2015-12-24,35.47429656982422,35.926941680208785,35.08735823231897,35.80283043422082,3262100
2015-12-28,34.45220184326172,34.89024805140654,34.26968328612108,34.758834467464304,8786600
2015-12-29,34.87565231323242,35.313695812738324,34.459510153198025,35.21148584852112,6285300
2015-12-30,34.02145767211914,34.85374462561048,33.97765500115422,34.26968301929821,6605100
2015-12-31,34.087162017822266,34.45950140438156,33.4958037221287,33.627217295618806,6681700
2016-01-04,34.22587585449219,34.87564138193794,33.641817109878694,33.88274012358911,8918000
2016-01-05,34.60551452636719,34.693122641278734,33.576110124868265,34.07255796604155,7012400
2016-01-06,33.108856201171875,33.817028902645006,32.88253503390542,33.65641172457612,10995600
2016-01-07,32.167076110839844,33.30599028777922,32.06486336482119,32.663526880023056,10844000
2016-01-08,31.604917526245117,32.55401357158023,31.29828486805264,32.25468321608964,9118800
2016-01-11,30.02066421508789,31.84585055962167,29.64102512122326,31.626828755280286,17258800
2016-01-12,29.38548469543457,30.692318099361096,28.567802422843194,30.568204044987866,16782900
2016-01-13,28.472902297973633,30.509810592308686,28.377991843843446,29.750532529292965,19016500
2016-01-14,30.11556625366211,30.539010703852963,28.224673618698336,28.626213945077986,18244800
2016-01-15,28.7357234954834,29.531504555165665,28.005649231004703,28.721121675992347,19118600
2016-01-19,26.574697494506836,29.122654461492456,25.990636005387632,29.013145021041293,20838200
2016-01-20,25.370080947875977,25.997945267295886,23.880728764835116,25.94684029106518,31382700
2016-01-21,26.947036743164062,27.260968850209462,25.28976808981169,25.45768480997358,19576200
2016-01-22,27.501903533935547,28.889046120051447,26.822936849272317,27.896144410201714,18558700
2016-01-25,24.968542098999023,27.363184958021595,24.961239796251096,26.86673420163704,19646800
2016-01-26,25.808128356933594,26.216971014523356,24.413686395081122,25.60370842064509,28696200
2016-01-27,26.435983657836914,27.54569667295201,24.953934060715177,25.494187358921813,22071800
2016-01-28,27.757423400878906,28.786827985007484,27.071154606463935,27.684414304656723,16876200
2016-01-29,28.531299591064453,28.670012679256203,27.392382895608485,27.808524945195646,18712600
2016-02-01,28.180875778198242,28.45830487973869,27.458103552228458,27.91805128649043,12782800
2016-02-02,26.713415145874023,27.874233237728536,26.60390290163769,27.458091165649755,15918800
2016-02-03,28.202770233154297,28.27577654719323,25.983343752217376,27.44349231309498,19847700
2016-02-04,25.786216735839844,28.472889620243215,25.56719506499415,28.107852573829838,49188200
2016-02-05,24.01944351196289,25.121854384457727,23.0630452588623,24.837125877621876,46173200
2016-02-08,25.136457443237305,25.187562419548446,23.128753192403735,23.325873580323417,21946200
2016-02-09,24.515893936157227,24.939335540590083,23.87342783510816,24.25306676822751,20405400
2016-02-10,23.61060333251953,25.099955595575675,23.40618341661427,24.30417448507129,16643400
2016-02-11,23.456098556518555,23.82398106360626,22.84541598045653,22.977853402337097,20843100
2016-02-12,24.206575393676758,24.53766610946231,23.470811854425417,23.757760041706362,14965400
2016-02-16,24.103559494018555,24.795177501705247,23.949050162955828,24.640668170642524,12851700
2016-02-17,24.949689865112305,25.30285529619697,24.302218504769073,24.500874586012202,18316600
2016-02-18,24.795175552368164,25.391140870102177,24.603875894627063,25.36906891217389,16898700
2016-02-19,24.18449592590332,24.4861582307883,23.610602469465864,24.390511192521565,14644000
2016-02-22,25.34699821472168,25.5309386911613,24.18449305640298,24.18449305640298,11544000
2016-02-23,24.22128677368164,25.46472650813878,24.21393038769801,24.957048867269197,9719600
2016-02-24,24.250709533691406,24.309571828016672,23.41194148651711,23.617953903238188,10965300
2016-02-25,24.324295043945312,24.53766391114017,23.522312872044246,24.331651429692904,10323200
2016-02-26,25.104202270507812,25.611879919935273,24.883474200052685,24.91290535790262,11003000
2016-02-29,24.89082908630371,25.450006955156073,24.706888591631206,25.43529137877717,10521700
2016-03-01,25.354358673095703,25.567730333663146,24.530305992105188,25.067411932812988,11581000
2016-03-02,26.847949981689453,26.86266274815023,25.089476878515647,25.22191423033139,16943700
2016-03-03,28.37097930908203,28.55491978041675,26.722871450971066,26.85530881486877,20248700
2016-03-04,30.254531860351562,30.666559579956782,28.54756428967298,28.635854941477948,24819100
2016-03-07,30.46055030822754,31.233099907388556,30.092669279416622,30.35018487690046,17548300
2016-03-08,28.41512680053711,30.350181588287082,28.37098287815713,30.31339405073403,14129300
2016-03-09,28.73150634765625,29.224468361025497,28.238547140996367,28.95223439252947,13347800
2016-03-10,28.716796875,28.797731163557227,28.223837563547743,28.599075038928568,10860100
2016-03-11,29.813079833984375,29.916086076164667,29.23182711687033,29.283330237960477,13656300
2016-03-14,29.437835693359375,29.768929146921668,28.98166404995645,29.209751275012525,9316700
2016-03-15,29.305400848388672,29.320113618003116,28.562279680945355,28.849226402483374,7838800
2016-03-16,30.80635643005371,30.879934319515122,29.562919568605608,29.60706630228245,10151400
2016-03-17,31.645112991333008,32.21164989996409,31.041788554963997,31.19630066219681,12435000
2016-03-18,31.652475357055664,32.66782750341635,31.233091324001872,32.07185939010945,20946200
2016-03-21,31.328744888305664,31.939425841665724,31.019723412676605,31.439107495758915,8409600
2016-03-22,30.843141555786133,31.47589732204916,30.835785170770894,31.085944361928156,8245300
2016-03-23,29.320114135742188,30.666559922684566,29.29068578928445,30.3796131960796,11232700
2016-03-24,29.459918975830078,29.504062911257265,28.34891648907866,28.643222489906726,9218300
2016-03-28,29.19503402709961,29.54084303732324,28.70943125857938,29.50405269492655,6647600
2016-03-29,29.15089988708496,29.231834184569156,28.37099368960514,28.70944365480243,8115800
2016-03-30,29.48934555053711,29.989661183390606,29.11410531750999,29.78364869887978,7777000
2016-03-31,29.62912940979004,29.82778544189446,29.209745388694714,29.40104223069786,9353100
2016-04-01,29.268606185913086,29.371612398271765,28.54020350897168,28.98165950671139,9090500
2016-04-04,28.76828384399414,29.680629666124354,28.679993218210054,29.275961257346527,8663000
2016-04-05,28.724145889282227,28.908086368378488,28.098746576329557,28.51077425992041,7838100
2016-04-06,29.982301712036133,30.151526636427782,28.819796396594384,28.989024127695345,9816800
2016-04-07,29.6585693359375,30.18831610498298,29.23918519070131,29.74685999632683,7117600
2016-04-08,30.335472106933594,30.821074997645255,30.11474403055734,30.622418886893698,8081300
2016-04-11,30.30603790283203,30.88729059735674,30.276609553859622,30.482622030213903,7177800
2016-04-12,31.98357582092285,32.24845059647896,30.43111751385402,30.5856268640253,10651800
2016-04-13,32.06449890136719,32.344086349802325,31.64511211529773,32.101286428086716,9397600
2016-04-14,32.535396575927734,32.59425607650725,31.9762158835212,32.24844984466801,8241200
2016-04-15,32.15280532836914,32.49861161752968,32.020367921725615,32.18959287316795,8164500
2016-04-18,33.10929489135742,33.10929489135742,30.93143972322513,30.968227267318028,9362700
2016-04-19,34.62495803833008,34.65438638294297,33.087215465620964,33.26379676013459,12874100
2016-04-20,34.63968276977539,35.06642334990145,33.91127701892823,34.38216433770587,8500400
2016-04-21,34.0142822265625,34.81626304387244,33.93334794487007,34.57346300550488,10010700
2016-04-22,35.036983489990234,35.1252769453673,34.03634678272313,34.09520908630784,9399900
2016-04-25,34.04370880126953,34.75003966269032,33.727330910000134,34.69853654613105,11597100
2016-04-26,35.37543869018555,35.44165457646147,34.095211561374065,34.2865084484929,10715400
2016-04-27,35.397499084472656,35.98610793714718,35.18412749828177,35.72123325176654,11556500
2016-04-28,35.07377243041992,36.30985278808936,34.94869424035907,35.412225076162414,12327600
2016-04-29,35.16206741333008,35.92726058347325,34.54402720770819,35.24300168415225,9024000
2016-05-02,34.47044372558594,35.08848383086489,33.93333787798894,34.992836805157935,8278800
2016-05-03,33.16815185546875,34.03634842147133,32.8959178983459,33.91862661534308,8770100
2016-05-04,31.939435958862305,33.58754446862079,31.77756738193952,33.23437615411471,9267000
2016-05-05,31.79226303100586,33.09456160333896,31.461169697919782,32.77082745915936,8384600
2016-05-06,31.46117401123047,32.06450128240773,31.100652293215777,31.439102054901408,8148100
2016-05-09,30.64447593688965,31.262515877343652,30.254520327210958,31.130078546767212,7049800
2016-05-10,31.54212188720703,31.556837466686844,30.59299086779235,30.62241922004218,7969500
2016-05-11,32.13808059692383,32.68990203188927,31.130087561598803,31.54211243674593,8913000
2016-05-12,32.174869537353516,32.88120033136722,31.674551189916542,32.41031313535808,8380800
2016-05-13,31.652475357055664,32.31465934291014,31.52003799854302,31.909990883769837,6203300
2016-05-16,32.43238830566406,32.74876336396651,32.21901666522201,32.21901666522201,7837900
2016-05-17,32.2116584777832,32.70462046221199,31.976214869512773,32.28523635956096,11746900
2016-05-18,32.07106018066406,32.648249560073445,31.85646311602216,32.10066035982056,8155000
2016-05-19,32.08586120605469,32.27825673052638,31.131276571629833,31.63446834065246,6284300
2016-05-20,32.24864959716797,32.552044293325686,31.84905575652288,32.204249340598174,6397700
2016-05-23,32.25605010986328,32.50024447817068,31.819457441359422,31.96745548239643,6753800
2016-05-24,32.15986251831055,32.544656434174044,32.03406597305477,32.500256159056725,5989300
2016-05-25,33.22544860839844,33.3438465265918,32.44845927099868,32.4854609139827,6456200
2016-05-26,33.099647521972656,33.87663399639073,33.07004733824672,33.610237988515074,7813700
2016-05-27,32.80364990234375,32.87764752924073,32.448453389318374,32.75924963250845,6068600
2016-05-31,32.404052734375,33.49923387643503,32.32265365914955,32.99604215943066,9511600
2016-06-01,32.60384750366211,32.61864759114748,31.974856488260162,32.09325436531506,7262100
2016-06-02,32.84064865112305,33.025645540829736,32.15245999558789,32.37445569867021,7016600
2016-06-03,32.692665100097656,33.092259236882064,32.337471252788106,32.848061879015,6086800
2016-06-06,33.68423843383789,33.76563752763597,32.90725195974257,33.15144641830789,7813100
2016-06-07,35.179012298583984,35.20121102398373,33.89143259165244,34.01723195551809,11227800
2016-06-08,35.14201736450195,35.8524048840657,35.10501572097605,35.48241103143928,9641000
2016-06-09,34.46121597290039,34.88300860155716,34.446415884880906,34.57221522163245,5425100
2016-06-10,32.93684387207031,34.1282242525866,32.751846988706376,33.96542891474966,9008300
2016-06-13,32.47066879272461,33.269854231018115,32.41146840768005,32.52986635493944,7394900
2016-06-14,32.7962532043457,33.003448847981964,32.07846426342161,32.441059462614,7324500
2016-06-15,32.3448600769043,32.93684964282368,32.12286434253814,32.492858174091374,6898000
2016-06-16,31.9378604888916,32.05625837635587,31.24227325289254,31.967460666464746,7010100
2016-06-17,32.67045593261719,33.10704875977851,32.196861464629364,32.263460466156644,9672800
2016-06-20,33.070045471191406,33.565838640708456,32.98124774785579,33.29944264787287,8374600
2016-06-21,33.15144729614258,33.3586457647957,32.744454639204136,32.98865192706458,6783300
2016-06-22,32.55204391479492,33.43262782198168,32.492843573390275,33.3882275659282,8649100
2016-06-23,33.76563262939453,33.77303126283521,32.75924911175373,33.00344353489478,7714800
2016-06-24,31.945249557495117,32.870233658504276,31.760252737293285,32.0562487787472,13630200
2016-06-27,30.17669677734375,31.56787441029644,29.984301222013105,31.456875128832884,11940900
2016-06-28,31.0424747467041,31.183071348950953,30.665079558461677,31.05727483475559,8996500
2016-06-29,32.49285888671875,32.722256083531256,31.22007917495602,31.449476371768526,10234900
2016-06-30,32.26345443725586,32.64824828275034,31.974859758842086,32.35225497125113,9342200
2016-07-01,32.19685363769531,32.870242123737896,32.18945500502591,32.44844949087761,9611800
2016-07-05,30.85748291015625,31.649269401590917,30.6132856517442,31.61227058684538,10189600
2016-07-06,31.00548553466797,31.101681902534636,30.46529203348912,30.74648814784554,7023900
2016-07-07,30.71687889099121,31.664064779926232,30.480083124464507,31.301469674591353,8827900
2016-07-08,31.30147933959961,31.397678531588475,30.798287474651946,31.338478160263303,10801900
2016-07-11,31.412477493286133,31.789869966992796,31.37547867395473,31.627074597368832,6345700
2016-07-12,32.411460876464844,32.77405609353487,31.90087037683146,31.9378691974723,10303100
2016-07-13,31.72325897216797,32.5964443279177,31.16086979154965,32.41144747835764,9203700
2016-07-14,31.834266662597656,32.20426045994608,31.58267076748758,32.19685900321506,6580800
2016-07-15,31.775066375732422,32.18206181204781,31.582670842697684,32.01926363752166,5898400
2016-07-18,31.60487174987793,31.77506857007764,31.234877926097116,31.619671841568625,5261500
2016-07-19,31.01287269592285,31.560464629414046,30.857476015017998,31.412466580673616,7262300
2016-07-20,31.1016788482666,31.32367739312184,30.54668813178602,30.87228449206503,6695900
2016-07-21,30.55082130432129,31.421786318659475,30.43171490476084,31.116575992303286,8733800
2016-07-22,30.34237289428711,30.736915019020564,30.238155184262297,30.602920009068768,7306100
2016-07-25,29.955289840698242,30.275385987952124,29.635190853723746,30.0967278052858,7482400
2016-07-26,30.364704132080078,30.41681298167474,29.739395097224822,29.813835499583103,5896000
2016-07-27,29.8287296295166,30.8485780957794,29.776620770346085,30.476370336150072,10159400
2016-07-28,29.970163345336914,30.34981679706403,29.530958137089918,29.962720440666722,11526700
2016-07-29,30.38703155517578,30.45402904408085,29.530952845802016,29.605396077762613,8138900
2016-08-01,29.48630142211914,30.089276221307458,29.34486064524677,30.08183331502368,9592300
2016-08-02,29.62029457092285,29.8138413589239,28.883321947972966,29.635183222264452,7145800
2016-08-03,30.007387161254883,30.02971871556048,29.404409637528065,29.642622349186176,8586700
2016-08-04,29.851064682006836,30.119054754677332,29.52352283747633,29.903173547279412,6914900
2016-08-05,30.2232608795166,30.253038173872238,29.717058234347082,29.992493947558113,8736100
2016-08-08,30.937904357910156,31.116562459692034,30.45403322278885,30.506142072451844,9679500
2016-08-09,30.6997013092041,31.213347062879887,30.550817617789022,31.071909117881685,7076600
2016-08-10,30.2232608795166,30.923013098278687,30.14882048334659,30.856015605838042,6375500
2016-08-11,30.811359405517578,31.04957215623704,30.014834987851888,30.36471120784859,8784800
2016-08-12,30.796463012695312,31.004901246972214,30.655025114919678,30.930458006259293,4948800
2016-08-15,31.39944076538086,31.444106710209255,30.945346931976363,31.01234442935931,5896200
2016-08-16,31.905649185180664,32.05453285499502,31.08679042106161,31.39944641164374,10973800
2016-08-17,32.15874481201172,32.19596501286886,31.56321307913951,31.779091379998665,8857700
2016-08-18,32.44906997680664,32.5235103868312,32.11408245225689,32.26296611202562,6991500
2016-08-19,32.24808120727539,32.36718758097913,32.02475711154588,32.21830390391947,6190100
2016-08-22,31.73442268371582,31.95774668923156,31.496210032536528,31.81630881500598,6179600
2016-08-23,32.173648834228516,32.25553501907449,31.607891287867556,31.712109035954928,6179700
2016-08-24,31.980085372924805,32.28529557782596,31.898199223365076,31.9800853729248,5511400
2016-08-25,31.846084594726562,32.032188413704105,31.57809464104388,31.935416472433403,4504900
2016-08-26,31.48877716064453,32.22574980376913,31.369670786371056,31.935428193960032,5654600
2016-08-29,31.52598762512207,31.61531950800366,31.2803320464954,31.39943838395177,4461000
2016-08-30,31.43665885925293,31.91308421328083,31.33988407180379,31.7046488308234,5425200
2016-08-31,30.55825424194336,31.36222430646258,30.349818820647105,31.31011545113852,8770600
2016-09-01,30.2232608795166,30.59546853980483,29.873387609854642,30.446587747464807,7536600
2016-09-02,30.461483001708984,30.751807452133924,30.387042582453336,30.63270107749291,5606700
2016-09-06,30.521028518676758,30.692243703746943,30.23070699443953,30.550805813398302,6654500
2016-09-07,30.87834358215332,30.893232227607577,30.53591325586174,30.684796870685528,6368800
2016-09-08,32.21829605102539,32.26296199517238,31.019786860413973,31.205890701447565,10714900
2016-09-09,31.451549530029297,32.32995989792718,31.429217977534712,31.883311809719807,12586100
2016-09-12,31.764211654663086,32.10664498201266,30.937912740527644,31.243123016844365,10222600
2016-09-13,30.528480529785156,31.28034182734496,30.27537912858482,31.20589856833311,11732300
2016-09-14,29.769180297851562,30.856026363271162,29.68729412968487,30.416821057420766,10031800
2016-09-15,29.798952102661133,30.14138539712676,29.605405318589103,29.784063451621773,7802700
2016-09-16,29.679841995239258,29.76172814578047,29.404409085007472,29.493738140270857,9604200
2016-09-19,29.240646362304688,29.955287557665674,29.240646362304684,29.865955633420302,5424200
2016-09-20,29.039653778076172,29.650077234571604,29.032210870919577,29.27786940289315,5877200
2016-09-21,29.821277618408203,29.87338646166822,29.285297699483483,29.389515386003517,6385800
2016-09-22,30.535930633544922,30.766700509836486,30.33493806510782,30.33493806510782,7920200
2016-09-23,29.731952667236328,30.67736064910709,29.47885129539912,30.044608639373887,8530000
2016-09-26,29.7915096282959,30.34982127161542,29.769178071273476,29.836175582060612,4985900
2016-09-27,29.352298736572266,29.478847988434637,29.032199895165967,29.434184882939363,7796400
2016-09-28,31.39944076538086,31.466438262763806,29.121528694079963,29.478847733549248,13568400
2016-09-29,32.50117111206055,32.87337875321549,31.243110307255673,31.243110307255673,16585900
2016-09-30,32.3597412109375,32.843609559934045,32.181080249647316,32.62028548811105,8814000
2016-10-03,32.329952239990234,32.61283081003359,31.86096987065599,32.51605603928112,5244200
2016-10-04,31.9130859375,32.411845709252134,31.7046505437811,32.32995956465707,6263800
2016-10-05,32.687286376953125,32.84361295943796,32.24063818707646,32.38207611793609,6424100
2016-10-06,33.141387939453125,33.17116524955631,32.40441513286241,32.806400300093706,8231600
2016-10-07,32.91804504394531,33.26791829935795,32.769161417949796,33.12648041650765,8281700
2016-10-10,33.044593811035156,33.52846487872051,33.02226226135455,33.22325472763682,9102100
2016-10-11,32.255523681640625,33.19348592446503,32.14386022524073,32.992493406777015,6899400
2016-10-12,32.3597412109375,32.41185006637221,31.68976615574887,32.13641429939486,5759100
2016-10-13,31.558612823486328,31.962920268657793,31.348968858277747,31.93297357889591,7443500
2016-10-14,31.199220657348633,32.00035521613479,31.176759928386282,31.708351458896267,6571300
2016-10-17,30.77244758605957,31.31152789381035,30.562806513554445,31.13183636199036,5645300
2016-10-18,30.435531616210938,31.16178956479525,30.22588764370815,31.139328832655877,6896900
2016-10-19,31.236656188964844,31.5211682505771,30.607730129584837,30.667626353449663,9634100
2016-10-20,31.064456939697266,31.49871393355986,30.764967190991676,30.98209711599593,6446100
2016-10-21,31.10188865661621,31.146810114149304,30.66762885949248,30.824859673149458,5553200
2016-10-24,31.62598991394043,31.8655805086097,31.176755406826665,31.348960968236128,9333800
2016-10-25,31.304048538208008,31.93297474449872,31.27409899120702,31.543639201923895,6268300
2016-10-26,31.29654884338379,31.663423526239754,30.79490695816616,30.88475271178894,8420200
2016-10-27,32.9437370300293,33.580148989287736,31.558603774633823,31.58855045580904,16604200
2016-10-28,33.67000961303711,34.32139657333824,33.16087872153969,33.46785444822377,18410500
2016-10-31,32.53194046020508,33.54271305422848,32.38219563171956,33.51276351730237,11284000
2016-11-01,32.599327087402344,32.996148474607715,31.850605764436622,32.92127748476922,8954800
2016-11-02,32.367210388183594,32.614289703643614,31.70833506976765,32.13510583634031,7498400
2016-11-03,32.64425277709961,32.95122844512486,32.26240610951525,32.53943223525863,6653900
2016-11-04,32.015316009521484,32.79398671269671,31.955419801047405,32.44957565957311,7323000
2016-11-07,32.883853912353516,32.94375301606029,32.32980148379816,32.56939218633234,5780400
2016-11-08,33.19082260131836,33.580155234307504,32.56938243900357,32.66671702532366,6343200
2016-11-09,34.2390251159668,34.5984110015298,32.487017138756464,32.546916214422865,10856700
2016-11-10,33.527740478515625,34.246515131025724,33.20579007586663,34.19410200990463,11182100
2016-11-11,32.8988151550293,33.45287021181513,32.509479709531604,33.17584411149486,8155500
2016-11-14,33.041072845458984,33.13840456120635,32.50947853446518,32.62927668826844,10020100
2016-11-15,33.902099609375,34.134204240993505,33.13091758299157,33.13091758299157,11199700
2016-11-16,33.22825241088867,34.17912881370232,33.078507578230315,33.81225411649661,6800600
2016-11-17,32.651756286621094,33.75237818360957,32.569396436350274,33.54273414942563,6757600
2016-11-18,33.51276779174805,33.66251263933303,32.69666137136254,32.72661091210861,8429400
2016-11-21,34.71072769165039,34.8155482401212,34.09677631676787,34.17164732106252,9890700
2016-11-22,34.49359130859375,34.957797731642636,33.902100774751254,34.6583109145107,7255500
2016-11-23,34.665802001953125,34.77811136009123,34.08928615205905,34.231545053186736,4870600
2016-11-25,34.25399398803711,34.471123815731076,33.819734332649176,34.2914294758115,3494400
2016-11-28,34.06682586669922,35.077598678527636,33.984466050477735,34.98026694676194,9429500
2016-11-29,33.115936279296875,33.35552681994506,32.816449531558916,33.295630612855284,9376700
2016-11-30,36.32796859741211,36.9269452439022,34.613395626215635,34.66580590427439,20897800
2016-12-01,36.10334777832031,37.54838034708991,35.968577694258705,37.540891533450065,11105900
2016-12-02,36.028480529785156,36.2980207473384,35.7364795794845,35.97607024927714,5805000
2016-12-05,36.597496032714844,37.51093402883932,36.41031571748881,36.560060540898625,8860700
2016-12-06,37.361202239990234,37.47350874603486,36.03596490441444,36.290530316719604,7168300
2016-12-07,37.361202239990234,37.46602278809017,36.87453214535969,37.03176296750959,9074300
2016-12-08,37.27134704589844,37.570836721581635,36.62744624248121,37.503451687360176,5904600
2016-12-09,38.012577056884766,38.05001254702486,37.30129131964359,37.41360064620871,6126100
2016-12-12,38.469295501708984,39.75709400498448,38.386935713911924,39.053297115332235,10748300
2016-12-13,39.41270446777344,39.80952600080742,38.656496910381954,39.128189460768915,7962200
2016-12-14,38.551673889160156,39.39772718473879,38.46931406162775,39.11321505199453,8596500
2016-12-15,38.73884582519531,39.03084670918057,37.87032913040654,38.274636508769355,7934900
2016-12-16,38.888580322265625,39.038325142052464,38.61155426215414,38.918529857451965,10313100
2016-12-19,38.91853713989258,39.000896948993756,38.60407553002851,38.93351191028783,4748000
2016-12-20,38.59658432006836,39.36776923873667,38.4543282943651,39.098229100650286,4659500
2016-12-21,38.54418182373047,39.05331266358962,38.51423227876327,38.81372201614364,4187200
2016-12-22,38.58909606933594,38.768787579947606,38.469300776879805,38.59658202555098,4594800
2016-12-23,38.46181869506836,38.67146263566161,38.349512195319484,38.4393579663477,2860000
2016-12-27,38.63401794433594,38.88858330062651,38.44683761930302,38.52171146300324,2995400
2016-12-28,38.012577056884766,38.738837561410946,37.90775654203456,38.53668248728062,4275500
2016-12-29,37.84037780761719,38.05001887216672,37.61576197329336,37.930223570117654,3634500
2016-12-30,37.5408935546875,38.06499914801815,37.38366273353202,37.74304869166414,4806300
2017-01-03,37.892784118652344,38.64150539234666,37.37616461187047,38.05001490065335,7032600
2017-01-04,38.24469757080078,38.25966948816749,37.675667601901566,37.96018258635117,4990000
2017-01-05,38.13237762451172,38.69391862288233,37.9751468304428,38.342018683270275,4727100
2017-01-06,37.99013137817383,38.24469681053751,37.65320612120043,38.19977249089241,3472500
2017-01-09,37.18151092529297,37.83289785421485,37.159050193444415,37.63823151385342,5765600
2017-01-10,37.18151092529297,37.46602590534056,36.964380996937024,37.3462305752383,5447900
2017-01-11,38.34952163696289,38.5516768136561,37.03177000877297,37.406130812394565,8689400
2017-01-12,37.54838943481445,38.581623187829855,37.50346511053917,38.55916245376534,6963300
2017-01-13,37.877811431884766,38.08745248607288,37.316270445756494,37.361194752859014,4413300
2017-01-17,37.54838943481445,37.967671703465484,37.43608005219936,37.855365176996635,4995100
2017-01-18,37.63822937011719,37.877820016675486,37.27884340027974,37.2863293584209,4970000
2017-01-19,37.33125305175781,37.772998834493755,37.27135396304648,37.58581846648947,4915300
2017-01-20,37.98263168334961,38.252171811718426,37.67565606073959,37.7280663239063,5888500
2017-01-23,37.39113235473633,37.86282746825849,37.12159514601098,37.63072288881072,5969500
2017-01-24,37.63822937011719,38.48428544735818,37.443560184697446,37.54089477740732,5919200
2017-01-25,37.95268630981445,38.356996546730166,37.675660194659066,37.74304523414502,5991200
2017-01-26,37.907752990722656,38.199753785062676,37.6906231696487,37.907752990722656,4164100
2017-01-27,37.00930404663086,37.780486279188224,36.837098444028044,37.683154540420894,5408100
2017-01-30,35.54929733276367,36.82212448462369,35.33216740706339,36.694840341364724,10483200
2017-01-31,36.50765609741211,36.53011968275404,35.46693375451392,35.79637301550313,7464500
2017-02-01,36.312992095947266,36.79966220463994,35.51934629202954,36.68735283920446,10040900
2017-02-02,36.45523452758789,36.94190445442184,35.39953774034101,36.500158828203936,8625100
2017-02-03,37.75801086425781,37.80293516508833,36.55256925868088,36.57502998102377,8414400
2017-02-06,37.50346755981445,38.16982937127894,36.94941228215333,37.810443322044605,8127500
2017-02-07,37.001808166503906,37.60827349510751,36.74724564651077,37.0991427428306,7591600
2017-02-08,37.1365852355957,37.55587030356044,36.32047868683215,36.724788982068226,8588600
2017-02-09,37.293819427490234,37.68315495528344,37.04673995833178,37.4660250319889,6357000
2017-02-10,37.74168395996094,38.04277553070277,37.500811851936284,37.65888363443583,5996000
2017-02-13,37.41048812866211,37.66641512014854,37.04917994152048,37.66641512014854,6163400
2017-02-14,37.74168395996094,37.77179369131953,37.13197769277066,37.6363027716279,6063400
2017-02-15,37.15455627441406,37.85459169270029,37.116920548237545,37.50833841760139,7461800
2017-02-16,36.386775970458984,37.37284809169339,36.33408537870206,37.32768349672094,9689100
2017-02-17,35.76201629638672,36.3115088846709,35.45339870550749,36.296454017869195,10694000
2017-02-21,36.228702545166016,36.52226522056204,35.995356455568825,36.228702545166016,9577200
2017-02-22,35.45339584350586,36.085685841023945,35.40070524966452,35.980304653341264,8007700
2017-02-23,35.60394287109375,36.02547050796452,35.40070648571439,35.972779912283436,7846400
2017-02-24,35.40822982788086,35.746957083977115,35.15982888293638,35.38564609652667,6749500
2017-02-27,35.649105072021484,35.85986744057201,35.355542381134136,35.55124988458506,6208300
2017-02-28,35.80717086791992,35.88244230942415,35.37811733421864,35.506079359060124,6710600
2017-03-01,36.92121505737305,37.05670598665254,36.02547202173393,36.13085321752415,9194500
2017-03-02,36.2889289855957,36.74809242161716,36.06311170253897,36.59754660910516,5955300
2017-03-03,35.995361328125,36.46205069907159,35.859870402459514,36.273869176916435,5290100
2017-03-06,36.37171936035156,36.48462940665432,35.63404823972631,35.96524663936772,6078500
2017-03-07,35.920074462890625,36.51472563559371,35.82974530357141,36.469563927355026,5652800
2017-03-08,34.557647705078125,35.874918096820366,34.48237625983291,35.686736612285756,9435500
2017-03-09,34.98670196533203,35.09961200689736,34.233976012020875,34.33183118994938,7235900
2017-03-10,34.37699508666992,35.28779573014149,34.23397818019476,35.28779573014149,8455400
2017-03-13,34.50496292114258,34.75336102935726,34.279145676014124,34.38452686564593,6333800
2017-03-14,33.82752227783203,34.02323274343923,33.262977496264206,33.985596998952694,10538300
2017-03-15,34.50496292114258,34.71572530040619,33.759762853654415,34.22645508119822,7573400
2017-03-16,34.50496292114258,34.72325416904964,34.256561941505836,34.58776324768816,6393700
2017-03-17,34.392051696777344,34.89637963617257,34.35441596910235,34.60281694031685,8359700
2017-03-20,34.52001190185547,34.61033821022314,33.91030285967518,34.173758660261434,5754200
2017-03-21,34.00816345214844,34.75336063986283,33.78234620955081,34.65550831997113,6504200
2017-03-22,33.60921096801758,34.11353591849305,33.59415610617068,33.89524472884488,7852200
2017-03-23,33.48125457763672,33.872672470758346,33.383399386500805,33.60921950011015,9149400
2017-03-24,33.19520950317383,33.782337630533036,33.09735720813171,33.60168215947913,8797100
2017-03-27,33.33823776245117,33.451144948177685,32.56292797097001,32.73605749097699,6231900
2017-03-28,34.15870666503906,34.241506984420596,33.2704897558183,33.428561526589334,7034800
2017-03-29,34.5877685546875,34.670568893937606,33.88020410758474,34.121079126958925,6040800
2017-03-30,37.63630676269531,37.94492436329252,36.59001789411996,37.13198163035791,40059800
2017-03-31,37.5384407043457,37.673931599218875,36.89862482299467,37.365314087879206,13410500
2017-04-03,37.22230529785156,37.583613472336765,36.73303219639457,37.56103260875086,7711800
2017-04-04,37.43306350708008,37.47822810063707,36.92120959912136,37.20724628213871,6175900
2017-04-05,36.96635818481445,37.944900983427985,36.845922192237715,37.64380956627587,7490900
2017-04-06,37.4932975769043,37.61373366857038,37.00402433933543,37.177151041641494,6823800
2017-04-07,37.290042877197266,37.636296112289166,37.1696068444948,37.52338607538369,5857400
2017-04-10,37.74922180175781,37.99009396703942,37.433075290186515,37.47823989796033,6737400
2017-04-11,37.74922180175781,37.816967277707185,37.312639207545715,37.74922180175781,7395200
2017-04-12,37.214778900146484,38.10299596485123,37.1093977011853,37.74168776637474,7623000
2017-04-13,36.5975456237793,37.47823673683876,36.53732902324925,37.335216926662774,8807100
2017-04-17,36.8459358215332,36.89862640831196,36.477098842660254,36.57495402014436,5286600
2017-04-18,36.650230407714844,37.086812895794644,36.45452289778314,36.590013816744325,6046600
2017-04-19,36.13085174560547,36.93626841938749,35.99536082184568,36.70292230148516,6165200
2017-04-20,36.09321594238281,36.64270563365599,36.048051344080946,36.14590653802393,6278800
2017-04-21,35.93513488769531,36.22869752239159,35.60393366174352,36.02546118958154,6056300
2017-04-24,36.06310272216797,36.27386508434757,35.912556947144616,36.130848177357386,5750700
2017-04-25,36.72550964355469,36.808309979698514,35.980309489682654,36.10827442865649,7023200
2017-04-26,36.386775970458984,37.282518901748475,36.31150451692679,36.33408537870206,6536900
2017-04-27,36.025474548339844,36.236236954701866,35.27274838684983,36.00289368235032,7302700
2017-04-28,36.06310272216797,36.371720268826024,35.935140679822304,36.24375822648036,6429000
2017-05-01,35.739437103271484,36.15343590970127,35.72438223576574,36.05558357804747,5795400
2017-05-02,35.15230941772461,35.84481605091872,34.828636965255384,35.799654322663045,10390500
2017-05-03,35.43833541870117,35.709314320525245,34.81357156689413,34.81357156689413,5757200
2017-05-04,34.565185546875,35.26522113896678,34.39205886634147,35.21253053495321,9999300
2017-05-05,35.20499801635742,35.26521460775384,34.54259828246461,34.58776287957845,7894400
2017-05-08,35.475990295410156,35.55126177466068,35.016826806282495,35.22758924532226,5861200
2017-05-09,34.82863235473633,35.53619376082469,34.670560583922196,35.51361289968604,6157400
2017-05-10,35.83729553222656,36.02547708585394,35.0243498422734,35.15984079059893,7950300
2017-05-11,35.89405822753906,36.18926696364735,35.58371324726595,35.58371324726595,8569900
2017-05-12,35.553436279296875,36.08329142616158,35.26579856564605,35.87892037665319,9151900
2017-05-15,35.90920639038086,36.582884924910935,35.77295705867768,36.40121818680842,7675600
2017-05-16,35.67454147338867,36.12113566892842,35.33391829246961,36.083286402997956,5288200
2017-05-17,35.12955856323242,35.87892986372246,35.069004910790916,35.674555872679726,7512800
2017-05-18,35.13711929321289,35.54586718928717,34.68295688923756,34.819206187928984,6543500
2017-05-19,35.93947219848633,36.09842873451996,35.28850403664132,35.49287796332479,7206200
2017-05-22,35.523162841796875,36.25739491287527,35.47774544268569,36.204409390992744,7967900
2017-05-23,35.39447784423828,35.825935870608774,35.32635319665284,35.47017350127436,7436700
2017-05-24,35.32634735107422,35.38690386668258,34.925170541396405,35.30364010146788,7765700
2017-05-25,34.10011291503906,35.55343778847102,33.82004619873743,35.174968160362944,12772200
2017-05-26,34.327178955078125,34.365028211169495,33.82003126337346,34.31204271763298,10758900
2017-05-30,33.90331268310547,34.130393900583876,33.706506843795005,34.0092837254291,9280900
2017-05-31,33.82761001586914,33.95629117454674,33.37344767493421,33.54754333520906,8770800
2017-06-01,33.956295013427734,34.30448637334171,33.600532644062454,33.91087761920214,7946800
2017-06-02,33.50212478637695,33.77462333650234,33.32046101128912,33.74434796565013,8000900
2017-06-05,33.320465087890625,33.706502822802385,33.305325956865495,33.35074334994088,5731300
2017-06-06,33.66865539550781,33.69136264759475,33.153936506581935,33.26747854200443,8584000
2017-06-07,32.97227478027344,33.63081111949031,32.73005445119381,33.4567154384327,13140900
2017-06-08,32.60137176513672,33.191783428948874,32.56352538187845,32.9722732510533,9179500
2017-06-09,33.92601013183594,34.01684201507226,32.60136671070782,32.624073959643525,10412900
2017-06-12,34.60725402832031,34.84947429148934,34.25149175351249,34.25149175351249,13550400
2017-06-13,35.144683837890625,35.31877949030556,34.52399398580481,34.607257751632304,8601000
2017-06-14,34.38017272949219,34.90246255942745,34.20607708201161,34.86461618171315,7069600
2017-06-15,34.35747528076172,34.70566667504375,33.98657663087262,34.33476802515465,9672500
2017-06-16,35.22038269042969,35.32635372436916,34.52399996025937,34.68295651116858,11639600
2017-06-19,35.091712951660156,35.36421161245739,34.98574189190453,35.22796228205877,6029900
2017-06-20,34.682960510253906,34.84948808992816,34.28935170488395,34.37261549472108,7739600
2017-06-21,34.02442169189453,34.98573493751025,33.804908604609494,34.682958066255416,10790300
2017-06-22,33.918453216552734,34.357476536807276,33.75192563602802,34.054702530164874,8881300
2017-06-23,33.93357849121094,34.29690888329088,33.66107997527766,33.903300236664286,8483100
2017-06-26,33.479408264160156,34.031973332216324,33.3507300330685,34.00926608849258,9047500
2017-06-27,33.282623291015625,33.78220313371988,33.27505228071264,33.698939345353445,8697100
2017-06-28,33.27505111694336,33.56268886101451,33.093387300946844,33.34317576981562,6983500
2017-06-29,33.36587905883789,33.80490226356276,33.29018341147588,33.35073992936549,8252400
2017-06-30,33.27505111694336,33.74435556450531,33.07824816836476,33.600535248722586,9126700
2017-07-03,34.561859130859375,34.690540353598244,33.44915708789141,33.4642962251251,5742900
2017-07-05,33.42643356323242,34.40288578353085,33.12365674085509,34.266636502210424,7725500
2017-07-06,32.78303146362305,33.539970517516494,32.7149068332729,33.41886038439328,7155500
2017-07-07,32.54837417602539,32.760316153638996,32.169904708862305,32.639206039646524,8494200
2017-07-10,32.73003387451172,32.91169756336627,32.3742717265575,32.41968909251728,5631900
2017-07-11,32.813316345214844,33.04796855945475,32.487832226669944,32.73762357287638,5782600
2017-07-12,32.73003387451172,33.30530607254082,32.495381814957966,33.169056862153774,7907900
2017-07-13,32.73762130737305,32.90414885998666,32.47269373502773,32.714914054741726,7014100
2017-07-14,32.88900375366211,33.13879214970599,32.75275448764055,32.79060086431466,5467300
2017-07-17,32.69220733642578,32.94199869149122,32.61651456140283,32.78304213144646,7014700
2017-07-18,32.60137176513672,32.889009475388725,32.39699783054929,32.889009475388725,6834800
2017-07-19,33.0479621887207,33.11608682569044,32.50296509296281,32.51053610123368,8823000
2017-07-20,32.922306060791016,33.379244742234995,32.823302244042466,33.34116433993621,7663000
2017-07-21,32.480594635009766,32.86898966791976,32.41966832899383,32.71667680800609,6480600
2017-07-24,32.450130462646484,32.7166757802778,32.39682139912022,32.54151701367349,6094100
2017-07-25,33.24216079711914,33.478243003974924,32.92230345491314,33.013690021917746,8641100
2017-07-26,33.280242919921875,33.79810504685033,33.188856340207145,33.4401701607044,7124500
2017-07-27,34.0113525390625,34.0113525390625,33.37164046068934,33.7676529763611,9803100
2017-07-28,34.468265533447266,34.986127485520576,33.98086673270203,34.06463894629125,10794900
2017-07-31,34.552059173583984,34.93284008593818,34.42259505784491,34.521598908492784,8368400
2017-08-01,34.07988357543945,34.521590723503934,33.98087974826515,34.521590723503934,6685100
2017-08-02,34.73482131958008,34.75005289856351,33.714328768703275,33.805715337477224,9562300
2017-08-03,34.20173263549805,34.993757426733694,34.02657380947754,34.75767227594411,9204100
2017-08-04,34.696746826171875,34.719592744060016,34.163653136142365,34.22457655221971,6105600
2017-08-07,34.39973831176758,34.635823468946775,34.14081013987233,34.47589621979013,6370200
2017-08-08,34.75006103515625,35.115610300970644,34.27027635278166,34.384511769341856,8032000
2017-08-09,34.76527786254883,35.03182318122511,34.55203870248172,34.87189599001934,7451100
2017-08-10,34.2474250793457,34.99375507688816,34.21696191900678,34.788133102290715,6441400
2017-08-11,34.1103401184082,34.559661517455304,34.01895064715599,34.23980417832567,4206900
2017-08-14,33.919960021972656,34.338818390848566,33.81334184499997,34.11796479276088,5063100
2017-08-15,33.88949203491211,34.041804939689925,33.54678872544377,33.84379729194065,8179300
2017-08-16,33.27262496948242,34.01134064471398,33.135543650261575,33.958031565586644,5795800
2017-08-17,32.74714660644531,33.4020900033945,32.716683447255406,33.127927380938864,6422500
2017-08-18,32.83092498779297,33.17362833001856,32.37398622978308,32.71668957200867,7310400
2017-08-21,32.36636734008789,32.701453391410176,32.19120852427441,32.67099313592771,5709600
2017-08-22,32.891841888427734,33.02130886097894,32.45775204275184,32.47298362217708,5850200
2017-08-23,33.27262496948242,33.47063261063561,32.6176844394713,32.709071017242884,5240900
2017-08-24,32.975616455078125,33.1736240964847,32.808074879803634,33.14316093547955,4370000
2017-08-25,33.1888542175293,33.59248091515412,33.02130974449553,33.12031356084519,5393800
2017-08-28,32.78522872924805,33.22693588445145,32.51868331154059,33.2040870592714,4593400
2017-08-29,32.63291931152344,32.739540395151415,32.31306477602194,32.53391837727439,4592900
2017-08-30,33.05937957763672,33.127920218431626,32.30543252889278,32.46536262749831,6846900
2017-08-31,33.24977493286133,33.622941345657615,33.143156787812835,33.34116149931338,7660100
2017-09-01,33.691497802734375,33.8057303381086,33.11270916504439,33.325945555178635,4808800
2017-09-05,33.80571746826172,34.04941693710379,33.59248115930661,33.881875367979134,5438800
2017-09-06,34.31596374511719,34.53681438193436,34.06464704460312,34.07987862388822,5939300
2017-09-07,34.35404586791992,34.4149692881394,33.86664688565571,34.19411862157581,5184700
2017-09-08,33.86664581298828,34.27027253768032,33.58486592487592,34.27027253768032,4147400
2017-09-11,34.21696090698242,34.49112353167019,33.88948920584168,34.011338938466594,4809400
2017-09-12,34.21696090698242,34.49112353167019,34.11034275407646,34.29311590045045,5189000
2017-09-13,34.696746826171875,34.87190564194372,34.27027129312289,34.300734453725006,6178600
2017-09-14,34.902374267578125,35.30600104081217,34.76529292853122,34.83383359805467,6573400
2017-09-15,35.420223236083984,35.420223236083984,34.864283703050745,34.90236410123746,11895000
2017-09-18,35.8619384765625,35.968556643520664,35.16130024278045,35.184149067933745,6988900
2017-09-19,36.21224594116211,36.387404723989704,35.86192837550692,35.87715995294319,6216100
2017-09-20,36.8062629699707,37.164194843863996,36.40263346220643,36.44832819095129,8843300
2017-09-21,37.08042907714844,37.14896972962521,36.47118044686969,36.69964832008339,5790700
2017-09-22,37.37744140625,37.811531247326414,37.03473813563002,37.08804721049016,7388200
2017-09-25,38.062843322753906,38.22277054010912,37.613521922713154,37.62875350128888,6800100
2017-09-26,37.826759338378906,38.10092195064878,37.484058978168214,37.8724540754661,5434200
2017-09-27,38.24562454223633,38.24562454223633,37.75822558228442,37.82676333747113,5369500
2017-09-28,38.07807159423828,38.71016897716327,37.93337596802565,38.42077481961169,5490600
2017-09-29,38.11615753173828,38.154235030745625,37.78107147329595,37.9105355509463,4175700
2017-10-02,38.31416702270508,38.32939860406804,37.54498814207466,37.73537855142101,4832100
2017-10-03,37.499290466308594,38.25323474309673,37.4916732242492,38.20754000612029,6742100
2017-10-04,37.552608489990234,37.76584483644684,37.24798264780022,37.59068599398215,5432400
2017-10-05,37.849613189697266,37.91815385187378,37.628759622114366,37.6668371221842,5295400
2017-10-06,37.209903717041016,37.651607975639855,37.088053965862656,37.43075729890405,3902900
2017-10-09,37.24797821044922,37.46883177447033,37.18705479234543,37.39267387043185,4765500
2017-10-10,37.461212158203125,37.8343786015328,37.400288743959045,37.59829347166082,5252800
2017-10-11,37.773460388183594,37.87246422584368,37.23275226080396,37.468837441338806,4534800
2017-10-12,37.93338394165039,37.97907577788709,37.3241323439764,37.38505866579457,4443100
2017-10-13,37.82236862182617,38.404249912941914,37.791742522118604,38.27409337018317,4629900
2017-10-16,38.06736373901367,38.38127389470929,38.01376953589479,38.05970575533097,4301600
2017-10-17,38.06736373901367,38.23580141138801,37.76110864633575,38.05205069231327,3579000
2017-10-18,38.05970764160156,38.4195569552328,37.94486416665437,38.090333736520215,6481700
2017-10-19,38.05970764160156,38.31236854368269,37.74579747034831,37.814704723582686,4015400
2017-10-20,38.473167419433594,38.58801386357906,37.94488020183053,38.205196277316034,5993200
2017-10-23,38.48081970214844,38.85598219463807,38.22816163224007,38.49613275497109,5589000
2017-10-24,39.039730072021484,39.292388104161475,38.603315433478315,38.64925458507911,7609400
2017-10-25,38.25112533569336,39.1469198380842,38.09034268061439,39.093325619724546,6989700
2017-10-26,39.39957046508789,39.6369183307807,38.120961609578174,38.58034137212489,7564600
2017-10-27,39.20816421508789,39.989112197170336,38.43487421790755,39.1698830525738,7835700
2017-10-30,39.34596633911133,39.65987644588138,38.96314899326177,39.34596633911133,6647600
2017-10-31,39.16222381591797,39.514415146589215,39.06269046745343,39.29238033873184,6171500
2017-11-01,39.889583587646484,40.0273981256388,39.37660952341519,39.66755165036183,6455500
2017-11-02,40.180511474609375,40.264731764719855,39.57565931896575,39.85894628036732,6177100
2017-11-03,40.54802322387695,40.78537109209705,39.805359363874025,40.0962985202744,8030100
2017-11-06,41.09162521362305,41.29834699481273,40.4255236435666,40.58630627760342,8438900
2017-11-07,40.9461669921875,41.39789184222608,40.525068248750316,41.29070338978748,8577500
2017-11-08,40.97679138183594,41.51273654223877,40.70116227530498,41.42085822628435,7513000
2017-11-09,40.98444747924805,41.07632579751468,40.44850522602383,40.7853836310028,6709400
2017-11-10,40.57100296020508,40.95382048874926,40.19584049713876,40.88491321678467,5504600
2017-11-13,40.249427795410156,40.548024949015506,40.20348864844569,40.318335055524116,6728300
2017-11-14,39.223480224609375,40.142242797618316,39.108636728399325,39.95848911475024,6945000
2017-11-15,38.65690612792969,39.17753515597269,38.24346259442631,38.84831484669993,7262700
2017-11-16,38.45018768310547,38.77941094148694,38.34299925863997,38.58800220617983,5694900
2017-11-17,38.38127899169922,38.679876140347794,38.281745635261224,38.46549929940326,4191800
2017-11-20,38.34300231933594,38.47315886781496,37.960184818163654,38.28175011722881,4429600
2017-11-21,38.28940200805664,38.848318083621194,38.02908601201245,38.48846872773688,6331500
2017-11-22,38.45018768310547,38.73347179357365,38.297060110726676,38.6798775813409,4818700
2017-11-24,38.6416015625,38.9478538273613,38.618630525152625,38.62628851115705,2288900
2017-11-27,37.638607025146484,38.473149082265,37.57735775928371,38.45018097264959,6369000
2017-11-28,38.38127899169922,38.404247104467444,37.493142609787775,37.79173975843635,6524700
2017-11-29,38.84066390991211,38.91722916371193,38.067373830861634,38.220498497129675,6897800
2017-11-30,38.95550537109375,39.64457504357612,38.77940969077052,38.986128548049436,11184300
2017-12-01,39.613956451416016,40.17286965469368,39.22348096321805,39.43785783004626,6683900
2017-12-04,39.26942443847656,40.08865375052698,39.238798333938995,39.71349127160697,6168500
2017-12-05,39.223480224609375,39.58332960486542,39.13160484350819,39.223480224609375,4531700
2017-12-06,38.57269287109375,39.23113945125944,38.526753718756915,39.10097997997129,4437300
2017-12-07,38.6951904296875,38.91722526245037,38.34299905951119,38.52674980887905,4037800
2017-12-08,39.483795166015625,39.59098359450036,38.84831965971376,38.94785010292636,5316200
2017-12-11,39.57566833496094,40.050364092697265,39.36129148996096,39.46082484828186,4040400
2017-12-12,39.78239822387695,39.85896348459998,39.20817191145148,39.721148935964585,6200200
2017-12-13,39.568023681640625,39.88193396755536,39.49146133704337,39.75177447694054,4906800
2017-12-14,40.050357818603516,40.3948911453333,39.69816358756385,39.73644766445827,6436200
2017-12-15,39.94316864013672,40.61692812453231,39.858951260169285,40.41020636497917,11363400
2017-12-18,40.073333740234375,40.318336692662335,39.89723805071837,39.89723805071837,5565300
2017-12-19,40.333641052246094,40.525049750132354,39.920197563852184,40.165200463493406,4795800
2017-12-20,41.53569412231445,41.7347579150429,40.16520692404705,40.502088155739614,8064600
2017-12-21,42.83727264404297,42.92914801298035,41.367252137718324,41.45913042732102,7824700
2017-12-22,42.49273681640625,43.03633689273752,42.46211071954285,42.91383542594927,3911900
2017-12-26,43.051658630371094,43.1588470703617,42.52337149584627,42.707122272782755,3194900
2017-12-27,42.561641693115234,42.92914607292177,42.21710542433874,42.92149100946682,4369600
2017-12-28,42.24772644042969,42.561636576317454,42.18647425749313,42.48507426831159,4240600
2017-12-29,42.02569580078125,42.49273351938177,42.01038275353769,42.44679437765111,3668500
2018-01-02,42.35493087768555,42.500400486244985,41.97211335137193,42.1788351660612,3985200
2018-01-03,43.13587188720703,43.17415304940903,42.362581896331,42.400863058533,4105800
2018-01-04,43.63353729248047,43.786661946674066,42.944464665947024,43.189467617455456,4897200
2018-01-05,43.549312591552734,43.57228070323403,43.013367593888795,43.39618503212514,3771900
2018-01-08,43.993385314941406,43.993385314941406,43.3272836991421,43.45744024401518,4522900
2018-01-09,44.35322952270508,44.65182666324827,43.95509902842571,44.00103817338055,5519700
2018-01-10,44.138858795166016,44.62120674094145,44.06995152853157,44.51401830854691,4627900
2018-01-11,45.31026840209961,45.539958261537635,44.05462777788435,44.536975606504704,7341800
2018-01-12,45.97636795043945,46.121840427850984,45.26432737145483,45.47104911251471,6742100
2018-01-16,45.04996109008789,46.106538150958905,45.01933499077787,45.93809752541938,5458600
2018-01-17,45.830909729003906,46.08356775012347,45.004022560251244,45.149495073642335,5798400
2018-01-18,45.75434494018555,45.98403776981686,45.28731005757716,45.64715651071262,4554800
2018-01-19,45.74668884277344,45.792627991795754,45.3791844125917,45.69309462924687,5037500
2018-01-22,46.451072692871094,46.45873067822049,45.77731601540727,45.8309102301904,5748800
2018-01-23,46.29793167114258,46.47402730328895,45.96105053080637,46.40512006282605,5478800
2018-01-24,46.31326675415039,46.948742344667046,46.2826406503345,46.35154792358725,4992000
2018-01-25,45.539974212646484,46.62717754510566,45.478724924986466,46.512331114827326,5473400
2018-01-26,46.236698150634766,46.33623152050485,45.63950377274585,45.70841104101501,5277700
2018-01-29,45.67778015136719,46.343881727703014,45.60121782605612,45.876843949575246,4167600
2018-01-30,44.75901412963867,45.417460590005575,44.468074979770016,45.12651851947165,6381000
2018-01-31,45.0269889831543,45.35621221987907,44.62120050494393,44.81260922765994,7073700
2018-02-01,45.44043731689453,45.915133132677035,44.521677628453425,45.172466227876846,7011000
2018-02-02,44.19245529174805,45.50934556997577,44.108234970330535,45.302623759405314,8433300
2018-02-05,42.82961654663086,44.766674888119866,42.423830972002165,43.74837903848087,11060300
2018-02-06,42.82961654663086,43.28899925288859,41.665851113042905,41.91851203958447,11013500
2018-02-07,42.59226989746094,43.61822077047601,42.59226989746094,42.92149313496569,7721700
2018-02-08,40.76239776611328,42.74539200175738,40.7547397825918,42.58460647512086,8618400
2018-02-09,40.042686462402344,41.258898777348136,38.62633604809063,40.981789229308845,9685600
2018-02-12,41.112648010253906,41.53601301875005,40.450657699768996,40.51223955952791,7035400
2018-02-13,41.04336166381836,41.520609235802084,40.496835981676995,40.7431574985966,5438300
2018-02-14,42.729122161865234,42.99853832126099,40.44295055640838,40.56611130641149,6612400
2018-02-15,41.98245620727539,42.88306852971404,41.38204505593275,42.829185891775836,6190800
2018-02-16,42.06713104248047,42.3827306184533,41.743832268634556,41.86699300715118,5070900
2018-02-20,42.21338653564453,42.56747331727942,41.82850883307169,42.02864394640068,4262900
2018-02-21,41.37435531616211,42.67524096574878,41.35895985484118,42.02095000972121,5287000
2018-02-22,42.26727294921875,42.72142879621951,41.71304806843569,41.76693071669137,5565900
2018-02-23,43.914554595947266,43.983832714568116,42.39043892267301,42.605969542211454,6513900
2018-02-26,43.56047058105469,44.291739006119556,43.506587922654774,44.07620543613523,5986300
2018-02-27,42.97545623779297,44.353316519891514,42.96775703747487,43.491191076492086,5378300
2018-02-28,41.80540466308594,43.552749264864396,41.79770546695195,43.121685309233044,5889900
2018-03-01,41.474422454833984,42.34424395691248,41.19731003646481,41.951669988478734,5135400
2018-03-02,41.61297607421875,41.72843761709753,40.62768721062778,41.21270293219487,4574400
2018-03-05,41.55909729003906,41.74383695034135,41.03566335854268,41.174219571961366,5266000
2018-03-06,41.61297607421875,41.866993817659015,41.181912012873724,41.7823202577177,4931900
2018-03-07,41.62067794799805,41.920882110899626,40.98178243604567,41.035665083931384,7245800
2018-03-08,41.235809326171875,41.85931245055574,40.73546698651244,41.666873540899765,4726000
2018-03-09,42.38273620605469,42.39043246855879,41.57449063307526,41.620677017251914,5310000
2018-03-12,42.136409759521484,42.65214444200532,42.020945280800554,42.34424112300529,5074400
2018-03-13,41.5359992980957,42.49819351610043,41.24349437001855,42.290359212645356,5528100
2018-03-14,41.5359992980957,42.12871128875266,41.466721196944015,41.82850716255658,4101600
2018-03-15,41.58989334106445,41.959375669704045,41.08955397236658,41.805426901725944,4934600
2018-03-16,42.28266143798828,42.48279653616336,41.28967633580545,41.651462288472906,13000800
2018-03-19,41.235809326171875,42.2672819993833,41.089556811931836,42.15181747903582,4822000
2018-03-20,42.10561752319336,42.69832948507778,41.49751010220218,41.643762559141095,5140600
2018-03-21,43.906856536865234,44.3302214949543,42.36734546280727,42.41352891574303,7720100
2018-03-22,43.491180419921875,44.091588696695666,43.14478990009705,43.421902315956906,11053200
2018-03-23,44.44567108154297,44.93831399006077,43.85295916461269,43.90684179920786,9442000
2018-03-26,45.47715759277344,45.492550119176165,44.80746817526804,44.93062894117979,8795700
2018-03-27,45.523338317871094,46.04677227573804,45.17694776687324,45.531037516995546,9089600
2018-03-28,45.20774459838867,45.985199374047184,44.976818513007196,45.538739730776435,13327600
2018-03-29,45.63880920410156,45.869735291640154,45.21544422088339,45.21544422088339,8469200
2018-04-02,44.715091705322266,45.64649504296093,43.54506313444084,45.62340332039622,7403800
2018-04-03,46.20842361450195,46.24691374018291,44.5380555206765,45.06148951698685,8257300
2018-04-04,45.84663391113281,45.98519012176089,44.992204924387636,45.2770136078414,8174200
2018-04-05,46.53942108154297,47.08594683179342,45.97749986751842,46.05447718638892,6822600
2018-04-06,45.61571502685547,46.68567776481947,45.06149299812307,46.346983425521536,8837500
2018-04-09,46.662574768066406,47.070547155154536,45.80814574487674,46.07756191542686,10832100
2018-04-10,47.986568450927734,48.494607074250204,47.247603714528665,47.293787175313085,11069900
2018-04-11,48.6716423034668,48.71012949308051,47.41693995464613,47.95576941839118,10014100
2018-04-12,48.679344177246094,49.17198727868566,48.371440770654104,48.71783136897396,10336200
2018-04-13,49.95712661743164,50.03410098285173,49.06421047119302,49.22585840040551,9672900
2018-04-16,50.596038818359375,50.79617104852217,49.556864046869066,50.0110229105107,8534900
2018-04-17,51.196434020996094,51.50433735989557,50.388188490480914,50.74227527474662,8312600
2018-04-18,51.12714767456055,51.80453612439831,51.096356756589095,51.57360717599596,11015600
2018-04-19,51.0424919128418,51.26572174138222,50.457481885738424,50.71919597058427,8366300
2018-04-20,50.642208099365234,50.88852959064822,50.29581464824481,50.68839154374092,7008400
2018-04-23,50.40359115600586,50.51904977919932,49.62613648081665,50.48056552905757,9209700
2018-04-24,50.272727966308594,51.28111162749466,49.918641154137184,50.8038611209498,8731600
2018-04-25,50.080291748046875,50.46516950417455,49.20277093389726,50.00331737137504,9869100
2018-04-26,51.55052947998047,51.673687312604144,50.11108450524273,50.61142678105404,10574600
2018-04-27,49.99562454223633,51.38888619042816,49.99562454223633,51.134865429552555,6398800
2018-04-30,50.418983459472656,50.919325691257704,49.84936605407661,49.94173295222461,6381300
2018-05-01,50.58063888549805,50.634521541643686,49.68772545897474,50.07260325223475,7433800
2018-05-02,50.38048553466797,50.80385332817635,50.14186325438176,50.17265417325213,6810000
2018-05-03,50.796173095703125,50.92703601795342,49.5106825849385,49.95714226609958,7088800
2018-05-04,51.465850830078125,51.642891298175996,50.49595730036169,50.80386066073797,6302200
2018-05-07,51.39657211303711,52.83601701117103,51.33499613638656,51.781449862752964,9121500
2018-05-08,52.14323043823242,52.14323043823242,50.380489824005586,51.419664337860794,8988400
2018-05-09,52.88220977783203,53.998358972295186,52.7282609999327,52.81293458960816,9271200
2018-05-10,53.37485122680664,53.659662916961494,52.84372384890874,53.46722401428722,6512300
2018-05-11,53.672420501708984,54.02023767597997,53.23184932902986,53.4250824029594,6382200
2018-05-14,53.78836441040039,54.26758463490909,53.60286228030293,53.71880332299124,8805200
2018-05-15,54.174827575683594,54.561293764913486,53.517836233393986,53.75744928068064,5962700
2018-05-16,53.98931884765625,54.25984396760336,53.4096196347673,54.10525986963511,4363400
2018-05-17,54.61540985107422,54.87820405400911,54.17483269261286,54.25985573403453,5592700
2018-05-18,53.7574462890625,54.746798734912296,53.74198434003037,54.491729648933784,5094700
2018-05-21,54.61540985107422,54.70815797116577,53.77291041253402,54.10527160254419,5440000
2018-05-22,54.205753326416016,55.426988074222336,54.05890016348217,54.70042964757685,6079500
2018-05-23,53.42509841918945,54.00479781476527,52.7758320297008,53.81156468290666,6407500
2018-05-24,52.90723419189453,53.19322137725352,52.10338947603527,52.55941688016711,6404900
2018-05-25,50.603885650634766,51.67826122504637,49.80776621461816,51.631887167649296,8315800
2018-05-29,50.789390563964844,50.874413605195414,49.73047098491555,50.086025101156096,6310100
2018-05-30,52.598052978515625,53.131372332660106,51.144936270338114,51.27633336505441,10273400
2018-05-31,52.08790969848633,52.822193059549505,51.7400925057734,52.234768729501255,8508800
2018-06-01,52.78354263305664,53.309136784726604,52.04925347720623,52.37388949515305,7116200
2018-06-04,52.48211669921875,53.64151542204241,52.25023459585128,53.2936922669912,5599200
2018-06-05,52.21930694580078,52.99223928494884,52.18838894459417,52.34297895062724,6333100
2018-06-06,52.466644287109375,52.88402845175384,52.026073096152274,52.335247206667326,6412200
2018-06-07,53.70334243774414,53.85792654941693,52.760364024324886,52.945866137733404,7693500
2018-06-08,53.66469192504883,54.391250202524446,53.27822575992447,54.089807065487896,6656100
2018-06-11,54.48400115966797,54.87046734501929,53.73425581656544,54.07434794671652,6237300
2018-06-12,53.66469192504883,54.35260122720973,53.43280986717193,54.15936814464755,8329000
2018-06-13,53.811553955078125,54.0511611037726,53.07726466219844,53.602858911952076,6741100
2018-06-14,52.65986633300781,54.12070765460877,52.435715297285384,54.0975206331555,5694600
2018-06-15,50.51887130737305,52.40482859280728,50.40293024692291,52.134297486087846,15982700
2018-06-18,51.477298736572266,52.373903187293465,50.5420512024964,50.681179275987404,7680100
2018-06-19,51.214500427246094,51.81738673161747,50.57296514561769,50.797116240295296,5211500
2018-06-20,52.14973449707031,52.2734005779315,51.624140385150206,51.91012741121119,6323400
2018-06-21,50.32563018798828,51.75555398132578,50.07829205020562,51.67826191895739,7439700
2018-06-22,52.38935089111328,52.87630201922189,51.979697711406715,52.14974376268239,10945200
2018-06-25,51.12175369262695,52.659887674775156,50.52659827844122,52.39709346246133,5274300
2018-06-26,52.049278259277344,52.28116039721546,51.14494853593262,51.3304566050862,4956700
2018-06-27,53.13136672973633,53.73425300380489,52.628959535677296,52.73717548715654,7625000
2018-06-28,52.87630844116211,53.71880192861626,52.51302926877133,53.564217807048635,3958100
2018-06-29,53.811553955078125,54.592211406310454,53.10818266477289,53.28595970532448,7132000
2018-07-02,53.01542282104492,53.58739696019961,52.713979700384776,53.2627668144126,4952800
2018-07-03,53.76517105102539,55.21828760721896,53.610586943645764,53.610586943645764,5338400
2018-07-05,53.27823257446289,54.5458412864435,53.05408146238009,54.1439190179889,5719800
2018-07-06,53.834754943847656,53.95842108921006,52.92269427089561,53.09274038065054,4429600
2018-07-09,54.8781852722168,54.878185272216804,54.0124990999306,54.221194092724986,5271400
2018-07-10,55.45016860961914,55.651132684363304,55.15645642115168,55.25693551002066,5246400
2018-07-11,54.1439094543457,55.46562296702454,53.66468931002137,54.81635677481075,5636400
2018-07-12,55.22600555419922,55.41923861197739,54.42216122320637,54.769978368405106,6386700
2018-07-13,55.651119232177734,56.091690356885614,55.14871211526406,55.1641740618179,6313300
2018-07-16,54.553550720214844,55.334207919511904,53.749700603717294,54.785426819182675,6216200
2018-07-17,54.321685791015625,54.63859089194218,53.409625362381355,54.2753117360531,5724000
2018-07-18,54.37577819824219,54.49171920574043,53.185461922135815,53.70333096936068,5667700
2018-07-19,53.86564254760742,54.445341650712955,53.71105258191008,54.20572867813313,5959200
2018-07-20,54.335205078125,54.436096768005456,54.086851292770476,54.133415777142794,5617200
2018-07-23,54.31190872192383,54.80861616355371,54.24205609229662,54.71548129779069,7936900
2018-07-24,54.98713684082031,55.530414869453864,54.6146090875157,54.87071969745442,4709100
2018-07-25,55.49936294555664,55.569209670086835,54.707731206887644,55.041457151381216,5148300
2018-07-26,55.72441482543945,55.83306919497275,54.800846763187344,55.274271910962035,7360100
2018-07-27,55.452781677246094,56.089188479130705,55.2509983428773,55.47606983541478,5587200
2018-07-30,56.08919906616211,56.60919478145417,55.98830737993406,56.112487228726515,4934100
2018-07-31,56.011592864990234,56.48501820379133,55.7865213169355,56.29875434103692,5422200
2018-08-01,55.73219680786133,55.91846660085322,55.03370580841778,55.50712524891242,5313200
2018-08-02,55.53815841674805,55.63129329345987,55.08802131569209,55.38293954344882,4669400
2018-08-03,55.32863235473633,55.47609448255317,54.800879704953644,55.29758738460527,4028500
2018-08-06,55.67011260986328,55.99607586466441,55.157879562700046,55.44504105167535,7177600
2018-08-07,56.57816696166992,57.24561904810555,56.182350975243466,56.30653086166074,5631400
2018-08-08,55.40623092651367,56.298754398336655,54.89400382311236,56.05816332864978,5784400
2018-08-09,55.68563461303711,56.37636884046274,55.50712753437542,56.0348801271388,5975600
2018-08-10,55.83307647705078,55.90292318605242,55.28979863730774,55.56919731575392,4855500
2018-08-13,55.15789031982422,56.283242409013084,55.11132582326334,55.809822877790815,4322200
2018-08-14,55.996063232421875,56.415161288859046,55.65457461135002,55.825318921885945,5223300
2018-08-15,52.63554000854492,55.390720316744115,52.55016782403921,55.320867656138354,7944500
2018-08-16,53.869544982910156,54.06357157180485,52.94597652498049,52.984778290026476,5453000
2018-08-17,54.14894104003906,54.41282029564647,53.79969552777079,54.226556417184845,4435200
2018-08-20,54.73101043701172,55.157871245280134,54.07908402571539,54.07908402571539,4659000
2018-08-21,55.0181770324707,55.538166850327116,54.94056758403594,55.13459416573353,3717600
2018-08-22,55.879642486572266,56.27545827879375,55.39845454463203,55.46054445737657,5019300
2018-08-23,55.918479919433594,55.96504441816137,55.2743100546581,55.53042664010712,3995500
2018-08-24,56.35307693481445,57.09037552539591,56.14352492530035,56.453968618626575,4934000
2018-08-27,56.531585693359375,56.79546494073743,56.35308454242347,56.35308454242347,3389300
2018-08-28,55.918479919433594,56.72562552975629,55.81758227722591,56.53159889009306,4072200
2018-08-29,57.074859619140625,57.2300785150214,56.25218881277412,56.47725443543485,4887000
2018-08-30,57.09038543701172,57.765600143130534,56.8575570675108,57.18352033754527,5141200
2018-08-31,56.98948287963867,57.07485504189288,56.63247471076691,56.71784687302112,4152300
2018-09-04,56.74112319946289,57.54051161614286,56.52381441681827,57.37753002915939,3447600
2018-09-05,56.65576171875,56.741133888188294,55.91070035737876,56.531581864577454,5080200
2018-09-06,54.74652862548828,56.24441373440737,54.72324638834353,56.01157952051983,5443700
2018-09-07,54.49817657470703,54.808620229058235,53.87728926600463,54.27310507333292,4370600
2018-09-10,55.21996307373047,55.60801621420472,54.731012327151454,54.76205728893592,5188600
2018-09-11,55.46831512451172,55.94174041488829,54.79310054941215,55.09578151588624,4172200
2018-09-12,55.85637283325195,56.29099047793702,55.63906401090942,55.99607220778949,6137200
2018-09-13,56.3065185546875,56.32980079799619,55.196686227607564,55.87189496844605,4038600
2018-09-14,57.043827056884766,57.377553084678716,56.197873824350474,56.197873824350474,4618500
2018-09-17,57.61813735961914,58.130370424752726,57.13695518219028,57.20680191586018,6010100
2018-09-18,58.239013671875,58.77452887881006,57.92080726740031,58.013942148977954,5989500
2018-09-19,58.61931610107422,58.87543263703569,57.936344593065606,58.20798065186324,3952800
2018-09-20,58.48736572265625,59.100490352346526,58.06050492944763,58.28557644575576,5220300
2018-09-21,59.201377868652344,59.49630200367241,58.487361611313574,58.80556206288447,15114300
2018-09-24,59.8067512512207,60.45868364043812,59.59720514971377,59.76018676671279,6377300
2018-09-25,60.62165832519531,61.009711441643255,60.256887448338944,60.497478485746065,6145100
2018-09-26,59.97748947143555,60.838967874285665,59.915399550944194,60.334497632429716,6148000
2018-09-27,60.16377258300781,60.528543581209966,60.0007909304282,60.31899743395693,4367000
2018-09-28,60.07061767578125,61.06403260834944,60.008527762190724,60.008527762190724,6190100
2018-10-01,62.003135681152344,62.27477171876556,60.33450584835468,60.35778809140417,6407200
2018-10-02,60.753597259521484,61.67716560635906,60.70703277857871,61.537466242309854,4534600
2018-10-03,60.978660583496094,61.242539756191185,60.450908159326,61.0252250581752,6825500
2018-10-04,60.753597259521484,61.219259832611876,60.21808204379605,60.854494863192,4457100
2018-10-05,60.838966369628906,60.978665726669064,60.21807902251252,60.53628541624533,6535600
2018-10-08,60.753597259521484,61.13388767006954,59.969728276733115,60.32674236803065,4034400
2018-10-09,61.62282943725586,62.057446986063525,60.6449340312186,60.99417942990762,4869600
2018-10-10,58.277835845947266,61.816885609732545,58.215751824368674,61.7547956669311,8332100
2018-10-11,56.492767333984375,58.02945419414743,55.825315571701026,57.556034890463664,9326500
2018-10-12,57.54102325439453,57.868357993751395,56.57459791038596,57.455291877972236,6296100
2018-10-15,57.10458755493164,57.82161436084612,56.90195510290983,57.54103994682238,6125000
2018-10-16,57.517642974853516,57.81380212728866,57.07340127313323,57.48646738836532,5726200
2018-10-17,56.488895416259766,57.728094266748606,56.2862569946085,57.728094266748606,7302700
2018-10-18,56.574607849121094,57.034440398543055,55.73289064949706,55.8186220409802,7800900
2018-10-19,56.496665954589844,57.59558316028004,56.31741375190422,56.636953130930394,5658000
2018-10-22,56.15375900268555,56.71490188814494,55.538054365025005,56.590205451199594,5385700
2018-10-23,53.9481201171875,55.015855740397605,53.16095288801848,54.976890715789125,7502000
2018-10-24,51.19695281982422,54.57162934004877,50.659184192554804,54.322230517253985,9260000
2018-10-25,53.01288604736328,53.535069857880764,51.85941870354196,52.903774432302804,8727300
2018-10-26,53.371402740478516,53.831229414271746,51.96073523003808,52.18675384713779,8193800
2018-10-29,52.4907112121582,54.33002989523257,51.610022855164615,53.916963622075066,6853100
2018-10-30,54.18193054199219,54.33001310212144,52.10880443086047,52.35820319489441,6506900
2018-10-31,54.478092193603516,55.97448468253111,54.36118522968898,54.85998272599818,6591400
2018-11-01,54.228702545166016,55.29643832762086,53.37918401456178,54.71190935609787,7826500
2018-11-02,52.872596740722656,54.750886225523296,52.514086313138215,54.31443978257472,5725200
2018-11-05,53.800045013427734,54.16635078305463,53.19213584091336,53.53506140331064,4955500
2018-11-06,54.166358947753906,54.22091475489178,53.19214385876553,54.0494519478479,6150200
2018-11-07,54.57941818237305,55.538048323084226,53.97150899632334,55.132771568293585,6585500
2018-11-08,52.14777374267578,54.79763329634893,51.960720216005505,54.368982343200805,9826900
2018-11-09,52.007503509521484,52.38159879243367,50.49551971356335,51.22813139962757,9190700
2018-11-12,50.76828384399414,53.05184369278027,50.76828384399414,52.67774257366439,6766600
2018-11-13,49.66157150268555,51.11120351047655,48.78867295565105,50.48770369886121,11213800
2018-11-14,49.97333526611328,51.44634788473307,49.50571027772924,50.518893292958936,9708500
2018-11-15,50.822845458984375,50.885196643667896,49.295277111055604,49.55247128827294,7782600
2018-11-16,51.532081604003906,51.78148041982278,50.955342011186616,51.119009426617424,7993600
2018-11-19,51.78147506713867,52.007493649694716,50.68255774638029,50.94754730549765,7793900
2018-11-20,49.872005462646484,51.095616043303366,49.27188878771987,51.095616043303366,7453900
2018-11-21,51.03328323364258,51.55546106762077,50.05127280913585,50.19935539786928,6392600
2018-11-23,49.723934173583984,49.825253368423446,48.640607543823585,49.006913343811284,5361000
2018-11-26,50.42536926269531,51.12680529700823,50.292877441251996,50.42536926269531,6355100
2018-11-27,50.87739562988281,51.12679439488672,49.99670754167991,50.44874466141687,6116400
2018-11-28,51.71133041381836,51.929553619917364,50.72932004023645,50.7449108098929,5602100
2018-11-29,52.11661148071289,52.61540912043492,51.602223070047536,51.797066083880736,4606000
2018-11-30,51.57883834838867,52.171162723551845,50.994309358015336,51.461931361086734,7175400
2018-12-03,53.86240005493164,53.979307045589806,52.65437106169156,53.075232660379015,7497100
2018-12-04,52.155574798583984,54.33781886012054,52.05425857533583,54.111800257979226,7532200
2018-12-06,51.913970947265625,51.913970947265625,50.1214129152361,50.59683032513602,8412000
2018-12-07,51.368404388427734,53.870187454667615,51.29046244211807,53.184336382410876,8095500
2018-12-10,50.815040588378906,51.27487305690954,49.334235905394564,50.72930921197718,8750900
2018-12-11,51.002098083496094,52.023073350609835,50.448744758396664,51.547656024823524,5569200
2018-12-12,50.869606018066406,52.26468256208408,50.83064098713137,51.4775211512429,5544900
2018-12-13,51.539878845214844,52.280285965544266,50.57345903088915,50.75271724414633,6417200
2018-12-14,50.30845642089844,51.66456180530433,50.121402891498306,51.53207001491417,6445900
2018-12-17,49.19395446777344,50.534472140580284,48.85882430630475,50.32404433972126,7018300
2018-12-18,48.250919342041016,49.583644719253286,47.907996739872225,49.12381513042313,6806200
2018-12-19,47.759910583496094,49.692752599549365,47.40140021175101,48.757508668574005,7699800
2018-12-20,46.762325286865234,48.10284622980398,46.50513107071456,46.97275610742436,8372900
2018-12-21,46.606441497802734,47.518308215171466,45.834864940789515,46.14661193348661,15043600
2018-12-24,44.43198776245117,46.51291214336136,44.43198776245117,45.85044726154807,3842800
2018-12-26,47.931373596191406,47.95475380266146,44.229356936322965,44.954173067574224,7263900
2018-12-27,48.50032043457031,48.50811581968644,46.3336671709446,47.253326392138604,6131000
2018-12-28,48.06385803222656,48.99910479760638,47.658587307860564,48.90558101298865,5053700
2018-12-31,48.593849182128906,48.89001141220024,48.079463715725346,48.42238934204013,5290800
2019-01-02,49.396602630615234,49.76290548184019,47.09745442942911,47.300089859485354,5735400
2019-01-03,48.46134948730469,49.65378765383335,48.056075704841454,49.52129584558267,4727300
2019-01-04,49.684967041015625,49.80966644721544,48.83545140719553,49.16278920663777,7700100
2019-01-07,49.46673583984375,50.09022979714685,48.85882373129765,49.80965840828082,6272200
2019-01-08,50.12920379638672,50.331842169154655,49.458943440884894,50.04347240583629,5774900
2019-01-09,51.789268493652344,52.02308247875308,50.3474314418955,50.713737243689565,8350300
2019-01-10,52.95053482055664,53.005090621925866,50.994309463797705,51.337235041625064,8811100
2019-01-11,51.742496490478516,52.48289736730171,51.27487457110938,52.436136959205385,6018300
2019-01-14,51.13459396362305,51.68794733294653,50.91637076965166,51.14238934801805,4972000
2019-01-15,51.46192932128906,52.04645828849341,51.251501509395396,51.469724705769906,4504100
2019-01-16,51.17356491088867,51.64897632826885,51.04106716079196,51.23591014760563,5402300
2019-01-17,52.264678955078125,52.350410341809294,50.66697008973585,50.705935117981745,5997400
2019-01-18,52.91936111450195,53.23890054930566,52.350416926103904,52.71672272527485,6073800
2019-01-22,51.24371337890625,52.4049760932209,51.111221554657234,52.21792846215541,6915500
2019-01-23,51.32943344116211,51.79705538857759,50.77608010967129,51.61000779883853,5938700
2019-01-24,51.532081604003906,52.007499025742504,51.00989781633022,51.41517460837139,5789900
2019-01-25,52.21012496948242,52.69333771635097,51.84381920367808,51.94514136213055,4504500
2019-01-28,50.93196105957031,51.337237845709474,50.5656552534534,51.337237845709474,5942800
2019-01-29,50.89299774169922,51.66457441383467,50.85402676036295,51.6022232221514,5308800
2019-01-30,51.19695281982422,51.51649227427834,50.744915595340856,51.282684222610264,8087400
2019-01-31,52.75568771362305,53.23889450349763,51.36061124884669,51.85940880711873,9927700
2019-02-01,53.52725601196289,54.127369687831084,53.075218936244774,53.262266505249336,7486400
2019-02-04,54.501468658447266,54.56381982774252,53.145363430016694,53.145363430016694,5593100
2019-02-05,53.97930908203125,54.524867130835844,53.86240208696262,54.28326370152764,4483900
2019-02-06,53.86240005493164,54.2053256418925,53.39477803843555,53.51168502909371,4071300
2019-02-07,52.59202194213867,53.644172888209056,52.41276377686216,53.28566250379213,6230300
2019-02-08,51.875648498535156,52.51763483367214,51.092738042361624,52.29842086164479,6554900
2019-02-11,52.25145721435547,52.509819172820166,51.34328392978416,51.34328392978416,5200400
2019-02-12,52.80732727050781,53.47280618112544,52.64291673111573,53.2457613486883,3958000
2019-02-13,53.06566619873047,53.88772451173899,52.95605922008031,53.01086270940539,5839800
2019-02-14,54.099124908447266,54.561045299582915,52.846469058719286,52.846469058719286,5442800
2019-02-15,54.944671630859375,55.05427864794835,54.39663654541447,54.75677474058318,5173500
2019-02-19,54.40446853637695,54.81158548773079,54.16176810550443,54.42795490412136,5189600
2019-02-20,55.31262969970703,55.39091955745841,54.37313348729067,54.380964265005794,5837100
2019-02-21,54.991641998291016,55.46138719037347,54.748941609894146,54.99164199829101,5984300
2019-02-22,54.780250549316406,55.59447821446113,54.701960691215305,55.469209662992725,5225500
2019-02-25,54.21657180786133,54.811585676353275,54.20091622035626,54.53756809650016,5160900
2019-02-26,53.95820236206055,54.435778352321684,53.8172782014403,54.09912652268079,4689900
2019-02-27,54.19306945800781,55.06992545494498,53.832931320246686,54.247872957816384,5355700
2019-02-28,53.12049102783203,54.16959449610374,52.97174205312641,54.138277350603936,8154300
2019-03-01,53.966033935546875,54.10695809824118,53.30838585192861,53.30838585192861,7372600
2019-03-04,54.7254524230957,54.850715013726386,53.809448449819385,54.490576852604086,6625800
2019-03-05,54.028648376464844,54.850700712585265,53.64501797980966,54.80372799998762,7635500
2019-03-06,53.464969635009766,53.73898717111042,53.190952098909115,53.71550080703526,7296300
2019-03-07,53.19879150390625,53.551104981120005,52.88563193278639,53.51978782938083,6964300
2019-03-08,51.22584533691406,52.22013925885638,50.818734417011974,52.22013925885638,8068800
2019-03-11,51.57033157348633,51.93829459657054,51.155383872065336,51.828687572990596,8703500
2019-03-12,51.38241195678711,52.000911944393785,51.006618276426636,51.80518432704229,11790200
2019-03-13,52.729042053222656,52.73687283382945,51.69560001913899,51.742572756508785,8324800
2019-03-14,52.47066879272461,53.1283168404667,52.43152684436035,52.67422723287505,7315500
2019-03-15,52.91693115234375,53.18312389540011,52.08704772478225,52.11053408999481,16733200
2019-03-18,52.932586669921875,53.472796900693595,52.689886292912625,53.14396990584382,7712200
2019-03-19,52.729042053222656,53.62939068266827,52.53331435000124,53.3475423121786,6456400
2019-03-20,52.87778091430664,53.363187620786206,52.196646564217616,52.76034313351423,7117300
2019-03-21,53.34751892089844,53.45712590879223,52.65855985797562,53.02652873439029,5580900
2019-03-22,51.72689437866211,53.04218420374676,51.19451502152945,52.815139451264734,5182100
2019-03-25,52.50980758666992,52.83862856681634,51.29629390876789,51.7034107183014,8070000
2019-03-26,53.676353454589844,54.49058126559923,53.16746629920154,53.21443902785047,7245200
2019-03-27,53.16745376586914,54.08345759739683,52.909091872935804,53.47278837637837,5015600
2019-03-28,52.752525329589844,52.932597434177445,52.267124476861305,52.76818688988535,5122100
2019-03-29,52.25145721435547,53.66069883040428,52.12619461133695,53.4571403807229,6810900
2019-04-01,52.99522018432617,53.33187197972009,52.69771033487389,52.83863448115818,5309000
2019-04-02,51.94612121582031,53.1048316234638,51.742562771274635,52.91692876397503,5833000
2019-04-03,51.288475036621094,52.423693016441106,51.02228232680873,52.30625523191017,5490800
2019-04-04,51.01445770263672,51.49202767465981,50.86570277682702,51.33544794348508,6397900
2019-04-05,51.76604461669922,51.82084811299238,51.092741106164375,51.28846873194466,8337800
2019-04-08,52.102699279785156,52.862117492763524,51.82085100508112,52.07138214113655,5705200
2019-04-09,51.437232971191406,51.891322631670086,51.24150528717145,51.83651911906989,4707300
2019-04-10,52.431541442871094,52.59595200729989,51.695603320359076,51.73475125275749,6629000
2019-04-11,51.9617919921875,52.92476893208156,51.4528987771113,52.17317528019449,9486900
2019-04-12,52.74468231201172,53.41015503956755,52.650730902081584,52.893431244651424,9913100
2019-04-15,51.93829345703125,52.63508948183702,51.8365172154071,52.50199012200892,7284800
2019-04-16,51.54681396484375,52.38453376360356,51.54681396484375,52.267096017871594,7790500
2019-04-17,51.49987030029297,52.45502241033199,51.49987030029297,52.05573623890981,7907100
2019-04-18,51.593807220458984,51.977431723287474,51.29629738415098,51.62512435970896,6033400
2019-04-22,52.423702239990234,52.68989499663717,51.930470625940615,52.22014377586432,9061600
2019-04-23,52.0244140625,52.783838403577036,52.0087584765478,52.4471865608254,8133500
2019-04-24,50.654319763183594,52.45501675754726,50.64649495686176,52.45501675754726,7624600
2019-04-25,50.082794189453125,50.61517365925157,50.05147704733155,50.59951210162373,7305000
2019-04-26,49.15113830566406,49.83227284142424,48.603103143421585,49.777469325199995,9216800
2019-04-29,49.04934310913086,49.41730900643511,48.822298351569486,49.14329153114827,6769300
2019-04-30,49.41731643676758,50.08279224141457,48.97105763187776,49.753968235062274,9358300
2019-05-01,49.06500244140625,50.521216533544816,49.06500244140625,49.8948886946053,12032000
2019-05-02,47.984596252441406,49.56607618306057,47.97676547317053,48.697044851162026,12614200
2019-05-03,48.54829025268555,49.22942469882262,48.16466568959282,48.46217258606991,6883800
2019-05-06,48.44650650024414,48.8144724341829,47.741885798545596,47.95327200905516,7402400
2019-05-07,47.75754165649414,48.02373135240284,47.209503695909575,47.882807220064905,6452200
2019-05-08,48.09419250488281,48.65005824600737,47.72622361226144,47.78885788614021,4809000
2019-05-09,48.18032455444336,48.40736937120201,47.4835345185547,47.62445868160715,7799800
2019-05-10,48.71928405761719,49.002536197721895,47.578411717612525,48.207859250377105,6411500
2019-05-13,48.14491271972656,48.711416996680704,47.853793800266274,48.38095816941917,6280300
2019-05-14,49.03401184082031,49.48249341851833,48.34161801852893,48.38096093001764,5259000
2019-05-15,48.8137092590332,49.03401517140886,48.231468345899465,48.78223612828155,6316300
2019-05-16,49.23070526123047,49.67131997577161,49.1756287970931,49.25430860259157,5312500
2019-05-17,48.86091232299805,49.23071407824362,48.64060642699272,48.75862915781999,4906100
2019-05-20,49.13629913330078,49.22284873824951,48.68781754533267,48.80583727817318,4794800
2019-05-21,50.05685043334961,50.324365948457206,49.32511690677417,49.33298668743605,5855300
2019-05-22,49.608375549316406,50.12767008839812,49.36446634246188,49.62411211128158,5156300
2019-05-23,46.81521224975586,48.758634626299944,46.59490632904232,48.65634844820734,8896800
2019-05-24,47.11419677734375,47.53120523315757,46.366726468636806,47.22434972782719,6070700
2019-05-28,47.24795150756836,47.712169641674954,47.03551239520338,47.23221494352917,5685800
2019-05-29,47.318763732910156,47.483993150321815,46.374590916862246,46.649976280657654,6828300
2019-05-30,46.38245391845703,47.45251608677445,46.107068594922346,47.26368035059518,5817900
2019-05-31,46.39031219482422,46.736510480785455,45.49334936563673,45.67431528718845,6939500
2019-06-03,46.75226593017578,47.36597999655722,46.437543615451794,46.47688352961191,6541500
2019-06-04,46.500484466552734,47.208614890487205,46.39033151203913,47.10632871782047,7260500
2019-06-05,44.9111213684082,46.657837726858574,44.83243855855944,46.58702469871584,11839200
2019-06-06,45.792354583740234,46.052000390937415,45.076357416427825,45.14717045501664,7370600
2019-06-07,46.39031219482422,46.66569746787899,45.752998080107666,45.87888754733675,5893000
2019-06-10,46.62636947631836,46.964698090424484,46.25657073642576,46.68144894969056,5268400
2019-06-11,46.20935821533203,47.106321276325076,46.15428174677579,46.964695213911185,5280300
2019-06-12,46.0677375793457,46.11494727285875,45.54057617494251,45.76874885664862,5677400
2019-06-13,46.46901321411133,46.90962502151185,46.311650567992785,46.697185899468245,5174200
2019-06-14,46.28016662597656,46.72864811169717,46.17788047968035,46.46900235748941,3590500
2019-06-17,46.42966079711914,46.50834360479307,45.85528980758944,45.91036627224008,4575000
2019-06-18,47.074851989746094,47.381707463286496,46.58702754322508,46.76012673401915,4980000
2019-06-19,46.933223724365234,47.43678170876522,46.72865141730128,47.01190353388685,4469100
2019-06-20,47.759376525878906,48.15278159940107,47.52333408205411,47.78297986982863,9437900
2019-06-21,47.468265533447266,47.98756019709944,47.421055836226884,47.759384496032105,9147100
2019-06-24,47.617740631103516,47.822309906477706,47.42103813494138,47.460378033885426,3701800
2019-06-25,47.027645111083984,47.90100489654337,47.01977532842719,47.44465354861435,5024000
2019-06-26,49.37233352661133,49.80507847914575,47.853789801135626,47.86165958290374,9509900
2019-06-27,48.20785903930664,49.45888731832994,47.901003556017585,49.23858143318756,6004700
2019-06-28,47.99542236328125,48.53832032260882,47.74364333854011,48.2078614781771,6108800
2019-07-01,48.97892761230469,49.41954233881412,48.554049447610836,48.78222509177334,6272200
2019-07-02,47.28729248046875,49.041881892266375,47.13779962089831,48.9631990703008,8132300
2019-07-03,47.60200500488281,47.80657428426934,47.200733225476114,47.617741565057464,4881900
2019-07-05,47.12992858886719,47.664959724208586,46.88601636493604,47.358101248381985,4584300
2019-07-08,47.12206268310547,47.641357298192226,47.011909734669295,47.05124964461897,7176000
2019-07-09,47.12206268310547,47.35023836283338,46.42180208109605,47.19287572159197,6057000
2019-07-10,48.16064453125,48.20785421681898,47.4053075708,47.58627352998433,5983900
2019-07-11,48.357357025146484,48.3652268084188,47.80658925235799,48.034764944168536,4194600
2019-07-12,48.59339904785156,48.75076169596555,48.215730493243726,48.34948979464561,4806300
2019-07-15,47.720035552978516,48.71141499547699,47.664959084030954,48.66420530718946,5051000
2019-07-16,47.01190948486328,47.86166594218595,46.870283408642834,47.720039865965504,6011300
2019-07-17,47.035499572753906,47.633476837456364,47.02763279360023,47.295148306453044,7055900
2019-07-18,47.46039581298828,47.55481220611163,47.04338732537072,47.25582646098052,5711600
2019-07-19,47.70949172973633,47.90719391058218,46.94240630271172,47.3931670337046,5136000
2019-07-22,47.796478271484375,48.19979241074013,47.424800221943755,47.812294807994,3320500
2019-07-23,47.66995620727539,47.81230204069921,47.32200140151514,47.717405823982105,4431900
2019-07-24,47.51179122924805,48.01790834744203,47.36153563580572,47.551331063476454,4405000
2019-07-25,46.68934631347656,47.923005953244726,46.578633578286684,47.91509919360079,5019300
2019-07-26,46.460018157958984,46.94241202065345,46.21486633783826,46.578640687593975,6704100
2019-07-29,46.017154693603516,46.50745823327105,45.45568127078926,46.41255902235085,6597500
2019-07-30,47.061038970947266,47.33782391160557,45.09192638802803,45.15518953492066,5927800
2019-07-31,46.72098159790039,47.24291524329425,46.167414879041225,47.037303282465686,8268500
2019-08-01,46.499549865722656,47.669946352260176,45.77991408627405,45.93016966643417,7924200
2019-08-02,44.656978607177734,46.90287595651233,44.53835606799913,46.61027449765752,7697700
2019-08-05,43.24142837524414,44.05596052946834,42.885563787628,43.92943123350442,7474600
2019-08-06,42.885555267333984,43.51820162146247,42.640403485304795,43.510294861840265,6166900
2019-08-07,42.16592025756836,42.48224494885962,41.359295009801876,42.134287185100064,9289600
2019-08-08,43.549827575683594,43.565644109038764,42.15009604905107,42.52968379948942,7444800
2019-08-09,42.71157455444336,43.86615749492714,42.687851259899766,43.462843387512166,5391700
2019-08-12,42.00775909423828,42.64831525461853,41.79424037411153,42.53760251455931,4726100
2019-08-13,42.600852966308594,43.36003141749957,41.46999657220325,41.78632117825741,6461800
2019-08-14,40.94807815551758,41.8021530962032,40.73455942034617,41.485828373720494,7851800
2019-08-15,40.26007080078125,41.129959164199065,40.00701225808895,40.64756839117022,6069800
2019-08-16,40.70292282104492,40.963888110967844,40.173079448529485,40.37078161413908,5273200
2019-08-19,42.656219482421875,42.94091109235748,41.48582298789441,41.5728124261187,9315400
2019-08-20,41.683536529541016,42.387355970141385,41.63608992607365,42.31618304824379,5297700
2019-08-21,41.62025833129883,42.4426969997748,41.43046293599178,42.17382496619097,6044600
2019-08-22,41.32766342163086,42.1896450688273,41.30394012477552,41.84169030926666,4316200
2019-08-23,39.872589111328125,41.27232143069068,39.6432567895353,40.8452868550336,7133400
2019-08-26,40.62385177612305,40.8927269190037,40.086101490361735,40.370793173023195,4989100
2019-08-27,40.3154296875,41.00343245489002,39.95165838673709,40.9085362496249,5342100
2019-08-28,41.082523345947266,41.311858653118186,40.52895650738513,40.655485811911056,4880300
2019-08-29,41.35138702392578,41.87332063739347,41.288120880865094,41.36720355969095,6401900
2019-08-30,41.26439666748047,41.86540992970643,40.821542725995876,41.406742469504245,5131500
2019-09-03,41.153690338134766,41.21695347293337,40.125639509914315,40.37078830521609,5142300
2019-09-04,42.150115966796875,42.29246181756271,41.59654910456268,41.74680473409146,5803100
2019-09-05,42.260826110839844,42.893475637922364,42.14220658703426,42.379448651341946,6014500
2019-09-06,42.41108322143555,42.53761252795921,41.65981414414652,41.97613891880399,4635000
2019-09-09,43.470760345458984,43.53402348025906,42.600868862562855,42.86183721244054,6176800
2019-09-10,44.538352966308594,45.463600864055714,43.802900514690414,43.92152304560803,8567700
2019-09-11,45.23426055908203,45.45568604107513,44.514624725908504,44.86257948571137,7940300
2019-09-12,44.562068939208984,45.05237250413944,43.9531488962556,44.27738034186663,5712300
2019-09-13,45.3449821472168,45.62967383200819,44.97330100132843,45.060290462425414,7885300
2019-09-16,49.44927215576172,49.93957577245082,47.85183805467885,48.595200240183445,17898000
2019-09-17,48.4133186340332,49.994936329841444,47.606693247167435,49.401829693913356,13487100
2019-09-18,47.45642852783203,47.74112014111266,46.871231782040326,47.4485217682168,7412500
2019-09-19,47.424800872802734,47.994181111484046,47.25082198550504,47.82811200089766,6270700
2019-09-20,48.09699249267578,48.41331722933792,47.55133548946467,47.64623170378481,18124800
2019-09-23,47.59086608886719,47.978360648525424,47.33780755534059,47.44852028667152,6729300
2019-09-24,46.894954681396484,47.49597097473259,46.143685823074215,47.44061460780634,9370200
2019-09-25,47.037296295166016,47.05311282954915,46.10414188342923,46.23067114179886,5788200
2019-09-26,45.61384963989258,46.760522948292596,45.305434705340694,46.70516657628051,6655400
2019-09-27,45.78782653808594,46.13578129224501,45.044464403401896,45.12354708618525,4329300
2019-09-30,45.060279846191406,45.795732186397224,44.830944596730276,45.526857104852134,5923700
2019-10-01,43.61310958862305,45.62967156686054,43.51821035393922,45.4715091924172,6329000
2019-10-02,41.968223571777344,43.5261179027096,41.91286719606164,43.32841569895459,6135600
2019-10-03,42.4348030090332,42.553425543879015,41.35930248431196,41.74680015033808,4238200
2019-10-04,42.308265686035156,42.695763278543126,41.67561932584482,42.33198898182486,5148300
2019-10-07,43.17816925048828,43.992704554056104,42.54552266764206,42.822307621616375,8158600
2019-10-08,42.62458801269531,43.79498446837096,42.4901489717126,42.62458801269531,6968700
2019-10-09,43.447025299072266,43.77125671859163,42.93300149659771,43.17024348363947,5632100
2019-10-10,44.19039535522461,44.293198324333915,43.49448278597412,43.49448278597412,5426500
2019-10-11,44.62534713745117,45.06820121410211,44.44346144972755,44.664886979704725,6810600
2019-10-14,44.38808822631836,44.64114674076619,44.00059067917893,44.150846246110454,4402900
2019-10-15,44.245758056640625,44.67279558180565,43.81872053147559,44.11922875474319,6226000
2019-10-16,43.51270294189453,44.41307650445409,43.47286404928839,44.16607050707575,5190700
2019-10-17,43.4489631652832,43.71190535715823,43.01072921833783,43.632224523478065,4364300
2019-10-18,42.98683547973633,43.72785067064173,42.98683547973633,43.55255583939118,5160400
2019-10-21,44.588375091552734,44.70789482724997,43.09041183068934,43.22586469426728,6734100
2019-10-22,45.050514221191406,45.93495174281234,44.56447176051589,44.572438324349044,6187300
2019-10-23,44.819435119628906,45.27360515234682,44.27761770524395,45.114246552907865,5252400
2019-10-24,44.74773406982422,45.33736010987453,44.40511406700676,45.07441790512539,4552100
2019-10-25,44.89911651611328,45.17799484747258,44.29355743688383,44.691952447814785,3046000
2019-10-28,44.365264892578125,45.37718849914361,43.71189737330158,45.002696248029324,7574600
2019-10-29,45.48874282836914,46.18991890420016,43.33740914447554,44.46088296257925,8699200
2019-10-30,43.855323791503906,45.783554196819956,43.783612567532735,45.76761803154717,7907800
2019-10-31,43.98281478881836,43.98281478881836,43.13024961216817,43.71987259290096,6346400
2019-11-01,45.53654861450195,45.80745732953052,44.19794120371521,44.34136364340755,6483600
2019-11-04,46.21382522583008,46.66799533402634,45.58436032516755,46.02259426682024,5667900
2019-11-05,46.62017822265625,47.27354877219916,46.50066155492623,46.707825602699046,7545200
2019-11-06,45.91901397705078,47.07436022147397,45.69591068381935,46.41302298436146,5464900
2019-11-07,47.440879821777344,47.512591047125184,46.45285883248636,46.45285883248636,9492200
2019-11-08,47.13810729980469,47.24965743956426,46.15008613140939,46.922973584762644,4769000
2019-11-11,46.938907623291016,47.201849831804246,46.45286514538221,46.73971008575548,3716200
2019-11-12,46.3970947265625,47.36917977977339,46.16602483038721,46.99468739904194,4939900
2019-11-13,45.863216400146484,46.22973893405365,45.592307779538686,46.08631654434885,4644200
2019-11-14,45.61623001098633,46.25366143817178,45.38516016878385,46.0225915959693,3971200
2019-11-15,46.41302490234375,46.44489723691005,45.85527120548592,45.86324080888406,4261900
2019-11-18,45.17799758911133,46.038529284397164,44.93099157311993,45.974787659326644,5793300
2019-11-19,45.552494049072266,45.83933900597153,44.85928742957464,45.28158830034895,6588000
2019-11-20,47.29747009277344,47.44885914722148,45.353299922421705,45.496722411694,10097500
2019-11-21,47.974727630615234,48.24563636608768,47.32932964280793,47.44884632522905,10527300
2019-11-22,47.72773361206055,48.91494929341254,47.52056646046685,48.197839945891346,6575300
2019-11-25,48.644020080566406,48.73166745101171,47.177926624558694,47.8073913400185,7721200
2019-11-26,47.89505386352539,48.89104149822018,47.863181529732024,48.444837943652225,8151100
2019-11-27,48.078311920166016,48.18986204126527,47.22574680660701,48.08627848331046,5998400
2019-11-29,47.75959396362305,48.046438864706936,47.35323238009605,47.496654830638,2707100
2019-12-02,48.102210998535156,48.843225934757726,47.82333571695143,47.99863048795412,7171500
2019-12-03,46.9229621887207,47.735688346101774,46.699861963385246,47.60023550629456,6110000
2019-12-04,48.30938720703125,48.64403760802709,47.154040892116356,47.297463360975485,8036700
2019-12-05,47.67991638183594,48.81932638856924,47.36119914824836,48.604192711824545,5047000
2019-12-06,49.3770751953125,49.50456146836854,47.91098153541168,48.0544039725388,8311100
2019-12-09,49.26552963256836,49.57627726184885,48.90697350666288,49.066332122566735,5256500
2019-12-10,49.20975112915039,49.40894863751558,48.867134211114006,49.273495790793376,4630200
2019-12-11,49.14601135253906,49.2734976410996,48.62809659553586,48.89900533866612,3959200
2019-12-12,49.87108612060547,50.15793100634671,48.89900134992962,48.99461833818512,5162700
2019-12-13,49.95873260498047,51.05033403200302,49.791407437822556,50.5563250929838,6965000
2019-12-16,50.05436325073242,50.651955938099825,49.82329334880043,50.237624643450125,5590000
2019-12-17,50.61209487915039,50.81925891603682,50.11808599156563,50.11808599156563,6211100
2019-12-18,50.35714340209961,50.96270264261856,50.31730449829804,50.57227713004429,5598400
2019-12-19,50.349159240722656,50.49258168455293,50.12605901232563,50.181834069424895,5197100
2019-12-20,50.771461486816406,51.01049484747161,50.381033036249,50.93878666298269,11008000
2019-12-23,51.4726448059082,51.65590922348171,50.56430448008245,50.73162968967912,7019800
2019-12-24,51.52841567993164,52.19772254284487,51.48061021794719,51.600129951934505,3188400
2019-12-26,51.79135513305664,52.38097808936727,51.67183540540595,51.86306332223153,4835200
2019-12-27,51.77543258666992,52.29334138061557,51.48061800875568,51.95072133348224,5414300
2019-12-30,51.4806022644043,51.99054737687461,51.41685760558919,51.847124934053255,3665200
2019-12-31,51.81526184082031,51.92681197411815,50.91489117090881,51.114088705944425,3639800
2020-01-02,52.15788269042969,52.33317749674915,51.67184021073533,52.01446021971617,4122800
2020-01-03,52.34911346435547,53.48852368820499,51.847137829145154,53.41681548847214,6333200
2020-01-06,52.970603942871094,53.33712662769799,52.49252506098553,52.811242289234066,8823800
2020-01-07,52.970603942871094,52.97856746628381,52.38097494295236,52.93873161214369,5974800
2020-01-08,51.74354553222656,53.09011652417341,51.40888910578424,52.94669407827681,6470100
2020-01-09,52.643917083740234,52.70766174516061,51.22563180177732,51.448732037723104,6005100
2020-01-10,52.12599182128906,52.74748694706461,52.05428365094155,52.47658130927497,7233100
2020-01-13,51.894927978515625,52.197712054312646,51.695730488238624,52.07819234434145,3675300
2020-01-14,51.90290069580078,52.05429274278682,51.52044489576545,51.96664535548178,6119400
2020-01-15,51.79135513305664,52.05429731808298,51.34515463412166,51.79135513305664,3933300
2020-01-16,51.84712600708008,52.277393344448946,51.60012304784116,52.10209856859214,4315200
2020-01-17,51.84712600708008,52.13397089865932,51.66386162895014,52.01445118066374,4765500
2020-01-21,51.01846694946289,51.67183456037226,50.94675572194782,51.44873431455332,6974000
2020-01-22,50.20574188232422,50.835206778504215,50.062322463479376,50.835206778504215,6755800
2020-01-23,50.30931854248047,50.48461330964992,49.09819741556317,49.40894501953627,6199900
2020-01-24,49.89499282836914,49.958737492291476,49.44082273621754,49.958737492291476,5689500
2020-01-27,48.63606262207031,49.265527455340106,48.47670401320911,48.89900174310554,7321100
2020-01-28,48.74761962890625,49.14601468763251,48.52451936866373,49.09023962257188,4824700
2020-01-29,48.19783020019531,49.1460092406499,48.022535421139956,49.0742980164466,4102500
2020-01-30,48.51654052734375,48.596221347624855,47.48071417978944,47.6082004527267,6931500
2020-01-31,47.35322952270508,48.134083351030256,47.10622353067373,47.807399575511425,7673000
2020-02-03,47.15403747558594,48.07831385264707,46.89906489153549,47.337298830402645,7015300
2020-02-04,45.01066970825195,47.66397890262099,44.962861212677545,46.95483626892052,13403000
2020-02-05,46.835323333740234,46.970779237731875,45.273615392918636,45.64013812687435,12891800
2020-02-06,46.54050827026367,47.06638959943846,46.15804939809228,47.06638959943846,5901700
2020-02-07,46.20586013793945,46.508638193397786,45.86324014509332,46.06243767398,5081800
2020-02-10,46.1102409362793,46.32537462195713,45.58435960668224,45.783557126067684,6756300
2020-02-11,46.779537200927734,47.01857357785106,46.38114222621805,46.89108730752446,6143000
2020-02-12,47.616180419921875,48.72372133728073,47.440888644980255,47.727733599719905,5906800
2020-02-13,47.19891357421875,47.70444513015062,47.02237806493511,47.41556995533241,5995600
2020-02-14,47.03842544555664,47.423591312032016,46.68535749987743,47.23903285899337,4204500
2020-02-18,46.78165054321289,46.99830692789391,46.30821690136023,46.86991829930809,3937800
2020-02-19,47.55196762084961,47.63221240206105,47.08656013392494,47.14272995026024,5267400
2020-02-20,47.24705505371094,47.78468140900642,47.00632678923496,47.54395314453044,5755000
2020-02-21,46.893985748291016,47.030400375009926,46.35635937381771,46.797695051271006,5216300
2020-02-24,45.2409782409668,45.690336823502584,44.92803121069344,45.05641981442163,10350200
2020-02-25,43.19478988647461,45.48973613321631,42.96208455140137,45.35332456087931,10447900
2020-02-26,41.06032943725586,43.53181457260629,41.01218561061047,43.34725609473686,11646700
2020-02-27,37.81850814819336,39.80853320166258,37.81850814819336,39.800507191436424,14676100
2020-02-28,38.8536376953125,38.869686653781656,36.2056207684182,36.4463490234039,16558800
2020-03-02,39.50361251831055,39.623978193926526,37.61790400716877,39.57583131147488,10672800
2020-03-03,38.612918853759766,41.317109325062894,38.075292388591436,39.74434468294577,11785400
2020-03-04,39.664093017578125,39.760383706772984,38.30798817607471,39.118440677097574,8924200
2020-03-05,38.275901794433594,39.03018469899006,37.53766479205713,38.50058115727451,9603800
2020-03-06,36.374141693115234,37.30496007187943,35.852561136132714,36.89571918907122,14504800
2020-03-09,27.33877182006836,29.047947449634055,25.67774306071068,27.24248114067784,29828600
2020-03-10,27.988744735717773,30.026913551875946,26.480176261319002,29.40101945613671,20337700
2020-03-11,26.127107620239258,27.2424842207821,25.284555662490977,26.95360908892407,18460700
2020-03-12,22.628520965576172,25.20431988817515,22.323596784578008,24.345720247308826,16581700
2020-03-13,25.18024253845215,25.469117711335414,22.139034864815564,24.554348371222602,17506900
2020-03-16,20.927364349365234,24.99568226252263,20.79095125325976,22.058789986852332,13774100
2020-03-17,21.063770294189453,21.545228207016287,19.571251223580024,21.152038011852916,18692900
2020-03-18,18.19108009338379,20.54219919553268,16.72263390586771,19.458918869870278,17039700
2020-03-19,20.5341739654541,20.85514550527589,16.851021911030646,18.560196317152307,15655100
2020-03-20,21.537208557128906,22.780973707731743,20.77489989675113,21.71374250151057,23790200
2020-03-23,19.699655532836914,21.641536159067755,18.736740468495423,21.46500211323358,16239400
2020-03-24,24.66668701171875,24.771003722267345,21.22426464336364,21.22426464336364,16724400
2020-03-25,24.82716941833496,26.127105895363126,23.663646018954736,25.059873179903313,14295900
2020-03-26,25.749969482421875,26.046867617643386,24.39386284576451,24.97161321573192,13576900
2020-03-27,23.471067428588867,24.28954604470383,23.10997347132841,24.169181902454714,10647200
2020-03-30,23.503164291381836,24.185228243592274,22.082863497448194,22.87726863714505,11089600
2020-03-31,24.714834213256836,25.613556153063083,23.840185715499103,24.096964505810313,13481100
2020-04-01,23.767969131469727,24.498180058887545,23.13404891397885,23.52723929562589,11101400
2020-04-02,27.170265197753906,28.422053343377353,24.642610877355157,25.075923571313655,14693200
2020-04-03,26.407957077026367,28.068986045237505,25.36479924622615,27.772087960853987,11505000
2020-04-06,26.31968879699707,27.122118352155677,25.509236293138247,26.865341139386988,13532900
2020-04-07,26.696836471557617,28.83932230007998,26.496229046668567,27.988748777607302,11704200
2020-04-08,28.63068962097168,28.799199109671225,27.17829087968831,27.322728458866816,8171100
2020-04-09,27.868385314941406,30.476282045933633,26.71288755764059,30.436161169969846,14176800
2020-04-13,27.52334213256836,28.871424471072075,27.098055308752045,28.83932654372036,10222000
2020-04-14,27.3468074798584,27.659754594088295,27.017808342202102,27.579509782089225,11082200
2020-04-15,25.838233947753906,26.480177020903948,24.658661446385313,25.81415897805539,11354700
2020-04-16,24.931488037109375,25.862306273442396,24.490152358516546,25.54935921154977,13220600
2020-04-17,28.293657302856445,28.38192502039889,25.557374894678293,25.661690035900037,13162600
2020-04-20,27.739992141723633,28.622663512779376,25.998721309051046,26.054891138425894,13226400
2020-04-21,26.632633209228516,27.386918875802955,26.167225704833598,26.440051849142872,13639500
2020-04-22,28.06899642944336,28.51033224486007,27.715928389315398,28.245531980020854,12048400
2020-04-23,29.031911849975586,29.85039065392666,28.38194257774261,29.376956925985162,9849600
2020-04-24,28.959688186645508,29.93062739540974,28.71093387603363,29.665827184395134,8683900
2020-04-27,29.810258865356445,30.018889200514412,27.828256906739714,28.783146964736133,8302500
2020-04-28,30.87748908996582,31.28672987958773,30.13925536433344,30.404055527301285,9445700
2020-04-29,33.87055587768555,34.14338208987294,31.80831185595564,32.15335686139929,12958100
2020-04-30,33.78228759765625,34.96988619294269,32.77122756883549,34.1674565297107,11760700
2020-05-01,31.40709686279297,33.14034483134638,31.062051859055487,32.530499627662856,9256700
2020-05-04,32.38606643676758,32.418164362639956,30.612697356179165,30.989837271586158,12515600
2020-05-05,32.83542251586914,34.9618624880969,32.626792136519846,34.584719541974444,10096700
2020-05-06,32.490379333496094,33.565635235193845,31.952749852134055,32.97183592069304,8213000
2020-05-07,34.039058685302734,34.785318381947484,33.62982097796159,33.70203975702482,9520700
2020-05-08,34.91435241699219,35.133172230055195,34.08768914089682,34.946768220489965,6974200
2020-05-11,34.25788879394531,35.07644592208466,34.1039036566302,34.225469893993775,7076800
2020-05-12,33.69868087768555,34.971093488654475,33.65815570188244,34.54155073990898,7375900
2020-05-13,32.32901382446289,33.374500364191334,32.0453561237476,33.24482783077334,7666400
2020-05-14,32.36142349243164,32.79096305707509,30.618946423646772,31.550969617022155,6718700
2020-05-15,33.12324523925781,33.67435405892395,32.191225243966414,32.312791456411816,7242300
2020-05-18,35.33579635620117,36.15435670148081,34.987300857381044,35.21423010019874,9047300
2020-05-19,34.582069396972656,35.56272104977929,34.53344413744668,35.416839087928274,6126300
2020-05-20,35.78153991699219,36.30833308221929,35.09265226635278,35.327684632746326,7203000
2020-05-21,35.43304443359375,36.36506453563196,35.35199719104509,35.97604704630694,6646000
2020-05-22,35.076446533203125,35.141284334235834,34.28220202037149,34.77657943251812,4674000
2020-05-26,35.392520904541016,36.56767969697781,35.25474522328602,36.31644096253958,7702600
2020-05-27,36.20297622680664,36.21108249757029,34.81710072332246,35.93552803269889,5768100
2020-05-28,34.857627868652344,36.24350666520508,34.671223805269236,36.24350666520508,5871500
2020-05-29,34.1849479675293,34.671219102428026,33.77161472039255,34.533443414473425,10172200
2020-06-01,35.165592193603516,35.41683400106963,33.747297950587516,34.249778473883644,6344300
2020-06-02,35.822059631347656,36.21918027370526,35.41683271943566,35.67617769572846,5858300
2020-06-03,36.56767654418945,36.65682696161459,35.67617855321018,36.559573366076286,8024200
2020-06-04,36.235389709472656,36.575781923019484,35.80585017230821,36.211077084089304,5577000
2020-06-05,39.37996292114258,39.53394807963963,38.1156534738445,38.40741743026997,11578800
2020-06-08,40.77394485473633,41.16296243237911,39.5582637652388,40.69289759378769,10242200
2020-06-09,39.412376403808594,39.866228636581454,38.80453594208511,39.10440303754382,8203600
2020-06-10,37.20793151855469,39.13681230816136,37.17551262657979,38.934198870771795,7882300
2020-06-11,34.13632583618164,35.86259393533762,33.87698077143784,34.103910021816446,8435200
2020-06-12,35.4411506652832,36.80271354103739,34.12821613924754,36.72166938314297,8928400
2020-06-15,35.1331901550293,35.58704564355154,33.10705454997253,33.28535547254155,7992100
2020-06-16,36.55957794189453,37.02153644306556,35.335790754020344,36.713563078406054,6932400
2020-06-17,35.676185607910156,36.55147432410885,35.58703517285618,36.46232698069155,5967200
2020-06-18,36.0246696472168,36.34074611366345,34.99539301825224,35.27905059284906,7293700
2020-06-19,35.416839599609375,37.19983897671977,35.15749457293549,37.19983897671977,13702800
2020-06-22,35.30337905883789,35.6437682712998,34.573969186938356,35.044034013637344,5009100
2020-06-23,35.50598907470703,36.08951382316885,35.327688214313326,35.757227823476526,4962200
2020-06-24,33.22051239013672,34.987299349319514,33.17188403484962,34.8495236467946,7137200
2020-06-25,34.08769607543945,34.13632133639607,32.83148991235844,32.95305924802326,5981000
2020-06-26,32.70180130004883,33.73107773601686,32.547816230088934,33.690555674620576,8399400
2020-06-29,33.47174072265625,33.51226279360388,32.353313633013784,32.742334170691386,5764800
2020-06-30,34.055274963378906,34.31461997710374,32.645083746068266,33.123251694805255,6313900
2020-07-01,33.01789093017578,34.71173958602087,32.96926258659791,34.32271902067002,5600000
2020-07-02,33.86076736450195,34.45239841759107,33.69867903669198,33.89318626671862,4775000
2020-07-06,33.73919677734375,34.74415788365631,33.52037385299272,34.54965067865736,5825100
2020-07-07,32.93684768676758,33.739198449145064,32.88011615819544,33.35018092823479,5995100
2020-07-08,33.26103973388672,33.69057945279143,32.66130229037914,32.88823155930386,4896800
2020-07-09,31.080904006958008,33.13945753431639,31.032278754454737,32.953053519236306,9189500
2020-07-10,32.16691970825195,32.272279599023925,30.975554372741236,31.08901744358637,9218300
2020-07-13,32.142608642578125,32.831493372925536,31.60770907421837,32.523523048950224,5887000
2020-07-14,33.47985076904297,33.504163396027344,31.826524118109347,31.964299793202386,4953500
2020-07-15,33.7310905456543,34.37945304912065,33.26913206870725,34.193049022601336,5777100
2020-07-16,33.706787109375,34.08770153662346,32.9530645274273,33.46365149072928,4655700
2020-07-17,32.71611404418945,34.11612721598168,32.56874390787711,33.85413655657641,6699300
2020-07-20,32.200340270996094,33.027248181303506,32.12665516032103,32.71613292254471,6407600
2020-07-21,34.10795211791992,34.45181691868761,32.74887397296876,32.830744908630784,7950900
2020-07-22,33.477535247802734,33.77227560735691,33.01086405290061,33.624905427579826,5158400
2020-07-23,33.125484466552734,33.67402971627888,32.93717882057985,33.18279474475422,5953500
2020-07-24,32.97812271118164,33.862344011881596,32.87987694105166,33.35473722250387,5202600
2020-07-27,32.56056213378906,33.141853786763946,32.29038247573923,32.68336851394093,5312400
2020-07-28,31.89739227294922,32.71611385976932,31.766396943985,32.39681294061748,6188300
2020-07-29,32.699745178222656,32.699745178222656,31.602657921461926,31.905587214012876,6305200
2020-07-30,30.81669044494629,31.49623109083124,29.392116151318643,31.209676564677228,13421000
2020-07-31,30.612014770507812,30.783945639205548,30.05528356628763,30.333649168397724,7719900
2020-08-03,30.055282592773438,30.61201377896066,30.03890777868835,30.513768017626575,8064700
2020-08-04,30.81669044494629,31.1687410961341,29.858787363697633,30.014343393431947,5808100
2020-08-05,31.127809524536133,31.676351742674346,30.874004590712758,31.5207956934657,7315000
2020-08-06,31.15236473083496,31.46347989796754,30.79212825317022,30.816688908436298,6588700
2020-08-07,31.357044219970703,31.430729306673573,30.57925788770172,31.004993597187646,4445300
2020-08-10,32.454132080078125,32.47869273498561,31.479854249579212,31.528975559394173,5612600
2020-08-11,32.511451721191406,33.690413467138235,32.40502010381979,33.21555318098149,7975900
2020-08-12,34.10795211791992,34.12432692968753,32.953554435299814,33.05180018272944,11822500
2020-08-13,33.264671325683594,34.24713822010551,33.256482357790055,33.69040708403896,8286400
2020-08-14,33.420223236083984,33.56759340821803,32.71612199659373,32.92899141108769,3349800
2020-08-17,33.32198715209961,33.551228320439584,32.67519600065276,33.36292262884936,6089300
2020-08-18,33.0190544128418,33.837776280278376,32.855309414719265,33.25648138078459,5711500
2020-08-19,32.46232604980469,33.01086824844443,32.355891323510285,32.838937391244784,4526200
2020-08-20,31.741838455200195,32.18394889172191,31.70908883993743,31.979268481092436,3943200
2020-08-21,31.24242401123047,31.774594434727806,31.070493181427025,31.635410103570848,5034200
2020-08-24,31.82371711730957,32.38863718700252,31.185115080101156,31.3897955405578,5357400
2020-08-25,31.80734634399414,32.29858138536351,31.47985943959093,32.265831757970275,4160600
2020-08-26,30.75119972229004,31.89740865874417,30.71845009243165,31.79097704646931,6753300
2020-08-27,31.23424530029297,31.340676910757438,30.702074755264434,30.923130068283523,6231600
2020-08-28,31.422548294067383,31.488044423886645,31.013187332374077,31.38161282253331,5058100
2020-08-31,31.021366119384766,31.479851416509497,30.759375413363657,31.39797736889317,6165700
2020-09-01,30.423702239990234,30.783938710925824,29.981591714403937,30.63656853573039,6267700
2020-09-02,29.785106658935547,30.431894652823114,29.785106658935547,30.292713414637344,7441600
2020-09-03,29.465801239013672,30.18627423014459,29.342991710228873,29.498547739937038,8733400
2020-09-04,29.359359741210938,30.038897106854336,29.20380062425587,29.768720578376342,8285300
2020-09-08,27.885665893554688,28.90087918608597,27.623675164954626,28.90087918608597,9338600
2020-09-09,28.21315574645996,28.532456785737516,28.01666424067816,28.532456785737516,6440000
2020-09-10,26.952322006225586,28.26227885001456,26.903200693687616,28.18859375803158,8582800
2020-09-11,27.107881546020508,27.37805813837738,26.723081268689132,26.91957589118364,6769100
2020-09-14,27.443552017211914,27.730103365640144,27.026002197301683,27.214310938469332,5436000
2020-09-15,27.67280387878418,28.016668754061975,27.517247818049388,27.615493586767325,8333400
2020-09-16,28.720754623413086,29.0891768371288,27.54998251016874,27.93477953032126,9240700
2020-09-17,29.547672271728516,29.564047083831227,27.967538820341403,28.1640334423979,13147700
2020-09-18,29.36754608154297,29.842406159827974,28.982749011844327,29.31023581322242,12409800
2020-09-21,28.131275177001953,28.720755738922403,27.910219966281787,28.499700528202233,11316000
2020-09-22,28.08216667175293,28.49971668082405,27.844736519393027,28.114916304459857,7963000
2020-09-23,26.952322006225586,28.319589130092872,26.91957550559228,28.131283477953264,7714500
2020-09-24,27.509056091308594,28.0494124498572,26.575713574104306,26.862268128641155,7084000
2020-09-25,27.590932846069336,27.828362982700455,27.001451989102875,27.09151191149238,5240900
2020-09-28,27.599111557006836,28.442397147861232,27.525426468935592,28.114907173505525,8958400
2020-09-29,26.575708389282227,27.656420895536442,26.338278322090197,27.607299587273094,6662600
2020-09-30,26.886823654174805,27.255249083565182,26.64939358599259,26.79676375774874,8111700
2020-10-01,26.5511474609375,26.804952335988002,25.945293533736564,26.38740248100736,7929600
2020-10-02,27.075132369995117,27.25525218333246,25.74880379652085,25.855236954011772,7069100
2020-10-05,28.06578826904297,28.090352052022745,27.206130820986246,27.476310571528444,5652500
2020-10-06,27.263431549072266,28.72075827551018,27.116061395576576,28.557013313495478,6645600
2020-10-07,28.10672950744629,28.27047141909026,27.2798184870311,27.402628043940847,6633200
2020-10-08,29.089183807373047,29.16286889240734,28.082156394021546,28.245901374450607,6758800
2020-10-09,28.761701583862305,29.449428113454122,28.524271480308602,29.42486433238483,6382000
2020-10-12,29.13831329345703,29.342993773708017,28.434211941685444,28.712577519753832,7214600
2020-10-13,28.557018280029297,29.473985854341784,28.409648100903514,29.08918559516047,8121000
2020-10-14,28.270465850830078,29.089187740498378,27.869293873871257,27.869293873871257,9817400
2020-10-15,28.98276138305664,29.040071675839936,27.566369509478935,27.730114541649794,8633700
2020-10-16,27.988204956054688,28.982752390028736,27.971628796637553,28.850146276270806,8312900
2020-10-19,27.101404190063477,28.34458783950144,27.08482802868143,28.278283193973248,21684100
2020-10-20,27.00194549560547,27.39147415204494,26.579261360824017,27.275444204953228,19243000
2020-10-21,25.394092559814453,26.861049359772807,25.344365666145027,26.66213862351621,19210200
2020-10-22,26.446659088134766,26.496385989696535,25.253202385124396,25.37752201021337,15029400
2020-10-23,26.968799591064453,27.50751063944502,26.454949624588313,26.74502614207695,15335200
2020-10-26,25.128877639770508,26.463228192036066,24.929968505776326,26.322334024524864,11522800
2020-10-27,25.07915496826172,25.435534486052017,24.830517323371268,24.996275753298235,13017800
2020-10-28,23.860837936401367,24.706201581169136,23.661927169737517,24.333247450451214,15274500
2020-10-29,24.16749382019043,24.19235806617468,22.816568070846216,23.305553843006454,15560100
2020-10-30,23.719947814941406,24.010022772943532,22.89944510839551,23.97687202665327,15681700
2020-11-02,25.054292678833008,25.319504922718806,23.628776077551997,24.382973988898367,13762900
2020-11-03,24.291805267333984,25.47697379611278,24.150911073406654,25.460397636641428,12131300
2020-11-04,25.178617477416992,25.37752829450014,24.20893396249452,24.523874772217763,15178400
2020-11-05,24.963125228881836,25.61786771302446,24.89682217250297,24.94654906958973,10316600
2020-11-06,24.19234848022461,25.402379517776687,23.85254515703317,24.971408909557024,10484500
2020-11-09,27.664981842041016,28.866726704056102,27.242297618351902,27.48264722307084,17614500
2020-11-10,29.446874618530273,29.455164279707173,27.83902496236569,28.46890326389612,20650600
2020-11-11,29.239675521850586,30.002163061871524,29.05734408789841,29.80325230660283,17225000
2020-11-12,28.187118530273438,29.18166617539864,27.847315094026808,28.67610427136784,10944500
2020-11-13,29.305980682373047,29.47173912111718,28.3860243508434,28.468901989425838,11997500
2020-11-16,31.56028938293457,31.601728204223434,30.16792348888867,30.623756846225017,18701200
2020-11-17,32.198455810546875,32.43051891231416,30.864107992887927,31.096167933075648,14466800
2020-11-18,32.471954345703125,33.87260666380802,32.0326971728967,32.28961974797401,23319600
2020-11-19,32.712303161621094,32.82833311690317,31.80892301632316,32.08242174497674,12504100
2020-11-20,32.86148452758789,33.09354443173701,32.43880037465449,32.579696146158646,12037800
2020-11-23,35.397586822509766,35.505330306337214,33.37534226415912,33.44993342041197,14643900
2020-11-24,36.80652618408203,37.5938765123002,36.28438813208349,36.533027407421656,15439200
2020-11-25,36.160057067871094,36.831373988030215,35.936283707291906,36.46670804574104,15644800
2020-11-27,35.455589294433594,36.392121667425485,35.14065177842973,35.969440705641944,4694000
2020-11-30,32.78689956665039,34.84229625760043,32.77032340443551,34.751128946208425,20248600
2020-12-01,32.54654312133789,33.9389088391604,32.505104305293685,33.8974700231162,12424900
2020-12-02,33.12670135498047,33.955490455387654,32.181882286369,32.471957206879715,12460200
2020-12-03,34.146121978759766,34.93347249649143,32.84492294736784,33.1930129580982,16215400
2020-12-04,36.69049072265625,36.75679220100824,34.90030654504316,35.04948882330918,12730500
2020-12-07,35.48873519897461,36.0025833557733,35.24009919804482,35.927992239336525,10586100
2020-12-08,35.37272262573242,36.00260101447171,34.56050960480921,34.80914572769104,10575500
2020-12-09,35.38928985595703,36.05232040347525,34.577077040049836,35.8699858173156,10773100
2020-12-10,36.46671676635742,36.64905136189455,35.18209442167658,35.31470053800017,14997800
2020-12-11,36.035743713378906,36.31753208711763,35.778817996812165,36.060606370550886,14242300
2020-12-14,35.0743408203125,36.673903414244215,35.02461235548093,36.533010839588876,17094500
2020-12-15,35.47216796875,35.621350239157444,34.568787847540065,35.356138016561786,9853600
2020-12-16,35.0743408203125,35.58818897725886,34.916872090713305,35.51359786080066,9311000
2020-12-17,34.784278869628906,35.44730950455959,34.49420079326086,35.44730950455959,9294200
2020-12-18,33.96377182006836,34.97489538139148,33.75657457629421,34.800850455400166,20819300
2020-12-21,33.35047912597656,33.914052878846874,32.26476412516627,32.66258256567586,10998100
2020-12-22,32.347633361816406,33.3836196023212,32.22331690990329,33.31731812695003,9189600
2020-12-23,33.217872619628906,33.740007538758064,32.59628072026381,32.66258221217455,6137600
2020-12-24,32.728878021240234,33.159845506148066,32.289617714517235,33.159845506148066,3530300
2020-12-28,32.571407318115234,33.54109209959198,32.40564888452494,32.78689423025636,6178200
2020-12-29,32.38079071044922,33.10183636060844,32.13215460641979,32.62114031436216,7003100
2020-12-30,33.15985107421875,33.18471689752348,32.165306666257294,32.31448895976743,6268900
2020-12-31,33.143280029296875,33.39191614595468,32.82833926202112,33.076975378678924,7612500
2021-01-04,32.795188903808594,33.690282771361254,32.47196161660789,33.565963124785625,8597600
2021-01-05,34.67653274536133,35.530184424799984,33.15156082112635,33.35047157714796,12393600
2021-01-06,36.06061553955078,36.425284799217515,34.74284062752733,35.24840252909818,11035300
2021-01-07,37.04688262939453,37.28723228703628,36.13521249538178,36.508168315587895,9648200
2021-01-08,37.04688262939453,37.69333727669826,36.62419831263417,37.29551878900517,9448700
2021-01-11,37.5938835144043,37.88395850755421,35.894866065425596,36.54960721590401,10839600
2021-01-12,39.30118179321289,39.508379090296245,37.892242702309936,38.140878826493996,13013700
2021-01-13,38.97794723510742,39.34261643327038,38.62156769776412,39.24315947290998,11839900
2021-01-14,39.67414093017578,40.02223406286416,38.76247401020453,39.30118513143113,12857900
2021-01-15,37.39496994018555,39.18515458728007,36.90598415798204,39.18515458728007,30004600
2021-01-19,38.124298095703125,38.248617723690465,37.17947904005363,37.41982863465344,14498800
2021-01-20,37.5938835144043,38.53041631762878,37.54415501775847,38.43095932433712,21178000
2021-01-21,35.79540252685547,37.8756650799104,35.38929761070289,37.63531546577454,16897000
2021-01-22,35.38100051879883,35.62135008246233,34.60194001354847,34.858865736248674,9535400
2021-01-25,35.28984069824219,35.331279520107465,34.179263199723664,34.91688497829577,10739700
2021-01-26,34.54393768310547,36.218092419715866,34.485922686029184,35.6959542844491,7616300
2021-01-27,33.69028091430664,34.88373617701201,33.32561165729517,33.96377969548547,8841600
2021-01-28,34.07152557373047,34.5107828516375,33.4665098183706,34.07152557373047,10283300
2021-01-29,33.176429748535156,34.361598524747684,33.13499092199496,33.65712898882491,11660400
2021-02-01,33.73999786376953,33.96377126276324,32.90292240375218,33.50793796625561,9229400
2021-02-02,33.95549774169922,35.057785837752974,33.897482745147975,34.43619387906381,8834000
2021-02-03,35.811973571777344,36.16006661174473,33.98863705593397,34.18754781614095,11133600
2021-02-04,36.47501754760742,36.48330721151185,35.2981381996137,36.14350370778038,11372300
2021-02-05,36.81480026245117,37.2291946994166,36.541301578074886,37.20433204490384,9543400
2021-02-08,38.77074432373047,39.14369996675478,37.37837869749224,37.502698299026605,12181600
2021-02-09,38.85363006591797,39.317749892788385,38.008264887802156,38.30662944026411,8990300
2021-02-10,39.1602897644043,39.78188166542659,38.46410670879614,39.11056127415375,10853200
2021-02-11,38.84245300292969,38.90936660014721,37.81368037532969,38.89263820084283,8939100
2021-02-12,39.44465637207031,39.49484156204007,38.432612303962394,38.566436286599675,8805400
2021-02-16,40.858184814453125,41.17601806636135,39.99669286363009,40.14724528871207,11066700
2021-02-17,41.28474426269531,41.38511146596516,40.3647014624381,41.142554466665146,9055700
2021-02-18,39.88795852661133,41.09237788737983,39.837776513656834,40.983644874951274,8382200
2021-02-19,40.4985237121582,40.623985103781365,39.73739913982982,39.85449792763211,8502500
2021-02-22,42.55607223510742,43.22519221556501,40.82472288977902,41.12582448802313,12331000
2021-02-23,43.57646942138672,43.91103093331513,41.53565313234549,43.492830638712135,10796500
2021-02-24,45.72602081298828,45.91002997219232,43.04117556216757,43.492832667151006,12286600
2021-02-25,44.35433578491211,46.42860949743051,43.50957233541773,45.9769554660439,12864500
2021-02-26,43.50119400024414,44.21213642785099,42.53933522023266,43.994670484116156,13234100
2021-03-01,44.003047943115234,45.13218778137242,43.635029537875425,44.72235316359383,7182500
2021-03-02,43.72704315185547,44.571809946530784,43.693589536806066,43.91941499851009,7741100
2021-03-03,44.881263732910156,45.80130327378258,43.952858397864624,44.04486299007499,8007500
2021-03-04,46.52061080932617,47.666482183029395,44.897994433617846,45.132185632627184,15181000
2021-03-05,48.795623779296875,49.75748599485457,47.76685115751606,48.5112473739628,18699600
2021-03-08,49.163639068603516,50.13386389000809,48.251962049218676,49.15527646429323,11283400
2021-03-09,48.427608489990234,49.84948732373869,48.05122748492086,49.0381807023846,10193200
2021-03-10,49.69894027709961,49.99168250841665,47.992684854618,48.39415690641462,12002400
2021-03-11,50.041866302490234,51.137549415936356,49.682213667974224,49.77421508487837,9328100
2021-03-12,49.50655746459961,50.57715255574078,49.33091407916004,50.38478077302855,6758400
2021-03-15,48.64506530761719,48.98798947209107,47.649749608440665,48.41923673238577,9825200
2021-03-16,47.32355880737305,48.00940720829591,46.813353808746456,47.741759207478005,9399900
2021-03-17,47.53266143798828,47.78358105275876,46.43697518506412,47.10609522132406,9461700
2021-03-18,44.64707565307617,47.32355885453864,44.42124705392051,47.181369059241,12297200
2021-03-19,43.99468231201172,45.26601195447028,43.78558210484319,44.57180092579107,26925500
2021-03-22,43.693580627441406,44.33760645680023,43.52629982383747,44.21214824705925,11003000
2021-03-23,43.25028610229492,44.145234734085015,42.26333286881531,42.75680948555512,11853800
2021-03-24,44.504886627197266,45.1238246345409,44.06159521597746,44.12850562209748,9671100
2021-03-25,44.805992126464844,44.9983639341415,43.133190469503326,43.54302827932992,9275200
2021-03-26,46.035499572753906,46.1024099758532,45.19073300048807,45.71766638383894,8723100
2021-03-29,45.031829833984375,45.60058276754582,44.42962009477423,45.583854364721475,7901000
2021-03-30,44.68889617919922,45.29946839644665,44.36270036908499,44.4965243729938,7910200
2021-03-31,44.304141998291016,44.90634827691986,44.03649405431927,44.58851833758789,9293100
2021-04-01,45.182373046875,45.19910144628501,43.93613441106467,44.429611026504205,10165000
2021-04-05,43.668487548828125,45.09036962986991,43.451024732017515,45.09036962986991,10460000
2021-04-06,43.97795867919922,44.88126994741853,43.83576887410873,44.01141228867692,6253600
2021-04-07,43.81068420410156,44.463075947181565,43.60994656512958,44.15360847810727,12408400
2021-04-08,42.8571662902832,43.34227695813688,42.68988553941075,43.17499620726443,10040800
2021-04-09,42.84881591796875,43.48448236191931,42.58953050127627,42.965911528534356,6665300
2021-04-12,42.53936004638672,43.69359444663177,42.50590323696119,43.283756507711445,8564000
2021-04-13,42.480796813964844,42.932454005505846,42.14623522231614,42.22151142090631,6980000
2021-04-14,44.06996154785156,44.79763261613206,42.974278428859385,42.974278428859385,8342200
2021-04-15,43.40919494628906,44.17031940902551,43.30046196857949,44.07831482716474,6763700
2021-04-16,42.731719970703125,43.74376424332139,42.68990056591865,43.69358223382644,7665500
2021-04-19,42.56443405151367,43.267010815650195,42.30515185860451,42.898995630860846,6587700
2021-04-20,40.690895080566406,42.355330676567846,40.498520113009945,42.2382350897877,11928600
2021-04-21,41.853492736816406,41.92876892913719,40.02177312054908,40.17232550519065,7718900
2021-04-22,41.36838912963867,41.88696000219864,41.14256049622378,41.853503199333545,6582700
2021-04-23,41.585845947265625,41.82003713422026,41.11746038274073,41.3432889661394,5670100
2021-04-26,42.02913284301758,42.58951974942914,41.48547114193641,41.518927933827776,6642400
2021-04-27,42.90736389160156,43.23355971963306,42.03750622310684,42.18805863460078,8309600
2021-04-28,44.362693786621094,44.621975961001084,43.216822533145,43.241916723702914,8897100
2021-04-29,44.43796920776367,45.5838372507873,44.20377484676501,45.165636909036955,9446900
2021-04-30,42.773536682128906,44.337605295017966,42.63135007669165,43.643394285583646,9448200
2021-05-03,44.11178207397461,44.2706970862804,43.12482881928046,43.42593044407838,9325100
2021-05-04,43.96958541870117,44.354328982609466,43.191732496973444,43.26700868909598,12834300
2021-05-05,46.37005615234375,46.56242794081226,44.513248668135844,45.458379212705196,12715300
2021-05-06,46.5875244140625,46.60425281265487,44.90635704761141,46.42024361875464,9648200
2021-05-07,47.75848388671875,47.95922148041653,45.85149110436099,46.060591302097265,9645500
2021-05-10,47.674842834472656,49.63202072056511,47.64138603866562,48.686886978018094,8801700
2021-05-11,46.604248046875,47.440648747267645,46.12749990290043,46.662795840653246,9741400
2021-05-12,46.57915115356445,48.26868085319921,46.386779386510064,46.930441086466374,7925100
2021-05-13,45.719398498535156,46.72245933451623,45.154647636863906,46.03127401637069,7581500
2021-05-14,47.64121627807617,47.750795346588156,46.385280474049075,46.393711364557554,6419900
2021-05-17,49.141597747802734,49.166887206203164,47.2619109224777,47.2619109224777,11441900
2021-05-18,48.29026794433594,49.4281940570598,48.01210637008061,49.11631855916657,10322000
2021-05-19,46.848899841308594,47.649661093764685,46.20828698081121,47.152344484474774,9406200
2021-05-20,46.68873596191406,46.91632181172506,46.048126441124055,46.907894135262346,8798800
2021-05-21,46.90789031982422,47.56535835550504,46.84045605183496,47.253482904661944,6032300
2021-05-24,47.287208557128906,47.42207391113021,46.579164644761114,47.304067128309526,6372800
2021-05-25,46.25885009765625,47.52321368723348,46.16612958661639,47.20290734421658,8090600
2021-05-26,46.71403503417969,46.83204504516463,46.08185301625846,46.419018045327384,6716000
2021-05-27,46.80674362182617,47.47264261564863,46.46115100225707,46.975326093298634,7484100
2021-05-28,46.983760833740234,47.160770996335536,46.629737293106174,47.03433332851406,5745400
2021-06-01,49.1163215637207,49.29333173156037,48.08797126693943,48.113260730519066,9943600
2021-06-02,49.72321701049805,50.07723734452531,48.669580470497564,49.44505542052502,6103300
2021-06-03,50.127811431884766,50.57455228142882,49.36076418423417,49.495629528366905,8280800
2021-06-04,50.448116302490234,50.68413307420199,49.647355103596375,50.42283005444537,6504800
2021-06-07,50.414398193359375,51.02129060417906,50.22895714856941,50.414398193359375,5405100
2021-06-08,50.97071838378906,51.09715282963846,49.41976538708932,50.09409207794936,7345200
2021-06-09,50.30481719970703,51.316308800083966,50.22052757277694,51.10558151731557,7026300
2021-06-10,50.71784591674805,51.65347565975114,49.96765722996351,51.42588978587659,9396000
2021-06-11,50.549259185791016,51.35845114095772,50.40596296837689,50.99599997481041,8117000
2021-06-14,50.835853576660156,51.476463135808324,50.44811291185232,51.12244282519986,7744300
2021-06-15,51.56074523925781,51.889482470967785,50.970711474390114,51.16458017076705,7835700
2021-06-16,51.527034759521484,52.07492375138239,51.04657682438424,51.49331762343812,9745800
2021-06-17,49.74006652832031,51.89791506656745,49.35232909880937,51.33316749081584,13667200
2021-06-18,48.49256134033203,49.90864893948266,48.45041652681605,48.78758146583026,18583800
2021-06-21,50.953853607177734,51.02128466032736,49.06573588734465,49.082594454492785,8234300
2021-06-22,51.240447998046875,51.51860634550467,50.27110118941044,50.70098665654053,6745100
2021-06-23,51.21516418457031,52.555390009418986,51.206736506936366,51.50175345577832,8184000
2021-06-24,51.746192932128906,51.84734113122801,50.844280386173914,51.39217262756038,6424400
2021-06-25,51.67876434326172,52.049643234661616,51.43431990292288,52.007498417641266,8099200
2021-06-28,50.22896194458008,51.560756877167975,50.04352088208364,51.518612058085225,7647300
2021-06-29,49.773780822753906,50.74312755661474,49.596770686622335,50.65883471885471,6437000
2021-06-30,51.33317565917969,51.37532047945138,50.41440442930459,50.979152094921375,9309600
2021-07-01,53.00212478637695,53.58373090428465,52.55538077958931,52.841970000466226,11637200
2021-07-02,52.89255142211914,53.24657173683047,51.91477689496543,52.64810698646987,7635000
2021-07-06,50.8105583190918,53.01055153260659,50.751554940720695,52.91783101932544,11699400
2021-07-07,49.74006652832031,51.23201607972703,49.41976337286858,50.57454798486559,8239600
2021-07-08,49.90864944458008,50.271100632283414,48.88030247952142,49.099457441288386,10551500
2021-07-09,50.68412399291992,50.96228231790532,50.018225046539555,50.363817641486854,6973700
2021-07-12,50.40596008300781,50.94542135557211,49.504047665043856,49.655771549882914,6063100
2021-07-13,50.119384765625,50.56612886828525,49.56306477223402,50.14467423039984,6510400
2021-07-14,48.61056900024414,51.08872395215158,48.33241065355766,50.48182833691821,8489600
2021-07-15,48.113250732421875,49.074166547233965,47.86880633309097,48.04581646414733,8723300
2021-07-16,46.781455993652344,48.80443916063617,46.62130441898134,48.635856694147,8805300
2021-07-19,45.264225006103516,45.76996924353524,44.522464004486004,45.036639134626206,13342100
2021-07-20,45.913265228271484,46.57073337640829,44.910201220741975,45.09564227398812,9358200
2021-07-21,48.06268310546875,48.399844857154044,46.87418125873296,46.975329462694205,9378000
2021-07-22,47.76765060424805,48.22282222754659,47.35462700252509,48.06267067806418,6765500
2021-07-23,47.00323486328125,47.80162619144423,46.49362392871378,47.56380818731638,10623800
2021-07-26,48.3027458190918,48.71043522154267,47.19858661578394,47.31749561982869,8756300
2021-07-27,47.84409713745117,48.09040725658283,47.00323551964288,47.69970531862345,7363600
2021-07-28,48.175357818603516,48.54058028189907,47.402445841867674,47.971511441869254,6167200
2021-07-29,48.48111343383789,49.126620855944026,48.29425457268964,48.76989059739077,6306400
2021-07-30,47.614784240722656,48.328241697873246,47.32600376425627,48.20932942165795,8660100
2021-08-02,47.0372200012207,49.05867995521438,46.99475295412517,48.013975044529914,8469500
2021-08-03,48.10740661621094,48.21782353555689,46.29828181781784,46.79090865795502,9888200
2021-08-04,46.65500259399414,47.9884877465091,46.63801512988235,46.99474539617511,7629600
2021-08-05,47.5213508605957,48.09041641248568,46.756931062505316,47.105166028295834,6573100
2021-08-06,47.988494873046875,48.55756042517754,47.648752020412346,48.064936852888245,5038900
2021-08-09,47.0966682434082,47.70820076820911,46.90980937303782,47.283523873751015,5410600
2021-08-10,47.97150802612305,48.22631354887662,47.359972179492075,47.43641416032095,6781800
2021-08-11,48.574546813964844,48.71893865714032,47.52134982621811,47.88657225068632,6071800
2021-08-12,48.4471435546875,48.90579540346568,48.01397128416552,48.53207764222668,4729200
2021-08-13,47.538352966308594,48.608537773162695,47.43642813515756,48.370719647201554,7399800
2021-08-16,46.55308151245117,47.207084307137556,46.37471475751669,46.901316430138465,7464600
2021-08-17,46.306766510009766,47.08817039924837,46.07744061033476,46.213337079768756,6497900
2021-08-18,45.465911865234375,46.76542549644002,45.40645735322153,46.187864602577044,6647700
2021-08-19,44.54011154174805,44.99876336554851,43.66527817563157,44.73546252447175,11306400
2021-08-20,44.820404052734375,45.007262940709964,43.81816622818368,44.05598427467778,7068200
2021-08-23,46.53609848022461,46.82487892044609,45.88209562325161,45.99251253157895,8022200
2021-08-24,47.06269836425781,47.30051641386434,46.408695487811954,46.867347360648466,6245500
2021-08-25,47.58080291748047,47.89506293379305,46.75692864873982,47.09667148369187,6125200
2021-08-26,46.824886322021484,47.64026537387634,46.68049445907291,47.35148488800753,5209000
2021-08-27,48.19233322143555,48.51508531375526,47.156120609179034,47.38544651058142,6549100
2021-08-30,47.73368453979492,48.53207595093448,47.71669707487353,48.39617947159098,4838600
2021-08-31,47.164615631103516,47.84410126534297,46.96926464526934,47.35147450452213,10500500
2021-09-01,46.41719055175781,47.495867121481076,46.22183630933799,47.190102448190174,9319800
2021-09-02,48.07343673706055,48.396192175232606,46.89283515535963,46.93530220879657,6696600
2021-09-03,47.76765441894531,48.370694779768115,47.51284571209417,47.852588494544165,7954200
2021-09-07,47.54683303833008,47.97151000713263,46.98625956911184,47.470391054344496,6632600
2021-09-08,46.952274322509766,48.0819163666501,46.87583235531209,47.83560300123233,5228900
2021-09-09,47.207088470458984,48.022467387682035,46.57007308387327,46.84186605628095,6285800
2021-09-10,47.33449172973633,48.19234096995003,47.10516579146221,48.08192405744146,5055200
2021-09-13,48.91429901123047,49.33048391404389,48.047957506621145,48.047957506621145,8456500
2021-09-14,48.36220932006836,49.50883901534516,48.08192422124156,49.44938450225984,7880700
2021-09-15,50.383670806884766,50.502579829094806,49.313486366966515,49.33896594600356,10766000
2021-09-16,50.307220458984375,50.672442817875044,49.90802317367893,50.349687496989205,8773100
2021-09-17,50.0439338684082,50.88479571610796,49.92502483217411,50.171338258675156,13741300
2021-09-20,48.472625732421875,49.27101721420048,47.818622855208666,48.82935604727814,10001800
2021-09-21,50.39216613769531,50.816843068274125,49.02470590282708,49.6617212986953,13923100
2021-09-22,52.88076400756836,53.41585778697174,51.13958943652438,51.13958943652438,15753000
2021-09-23,54.11233139038086,54.46056956891098,52.872275584009145,52.872275584009145,11886800
2021-09-24,55.22498321533203,55.79405520668592,53.967943174853595,54.180281632507224,11128300
2021-09-27,56.660400390625,56.864243521200635,55.88749167716192,56.651905036834606,13508700
2021-09-28,57.5861930847168,58.29964720163325,57.0510960169739,57.37385462419801,14995200
2021-09-29,57.79002380371094,58.16374148772636,56.575447810714984,57.441785692686715,10563700
2021-09-30,57.560707092285156,58.51198572932134,57.51824328816598,57.94292020969107,15845900
2021-10-01,59.53970718383789,59.73506143235733,58.01936292293688,58.07881743682435,13482300
2021-10-04,60.72030258178711,61.67158118994271,59.989857780535644,60.176716657142585,12423500
2021-10-05,60.924156188964844,61.8839237330672,60.057811609283256,61.23841297488073,11270100
2021-10-06,60.99209213256836,61.2469008555172,59.27640036888523,59.794506686840855,10613500
2021-10-07,60.7372932434082,61.26388846249881,59.97287351240771,61.16197015173565,11521300
2021-10-08,63.63359832763672,63.78648230252122,61.31486560195451,61.31486560195451,12310500
2021-10-11,62.82671356201172,64.14320831415716,62.63985465369336,63.81196078761333,9585200
2021-10-12,62.351078033447266,63.370300205184684,62.01982402357324,62.971102802569625,7635600
2021-10-13,62.19817352294922,62.648329941500535,60.69481386395416,61.53567220200387,8517500
2021-10-14,62.724796295166016,63.37030719785956,61.8669468765917,63.098514156734474,8152600
2021-10-15,62.97110366821289,63.642094091185584,62.96260831398227,63.38728530472019,6945100
2021-10-18,63.27687072753906,64.33856318941052,62.96260742600476,63.50619344807842,9917700
2021-10-19,63.97333526611328,64.42349179473737,63.174940529274494,63.56564254430778,6589400
2021-10-20,64.56787872314453,64.63582858835463,63.310838617036744,63.46372257373156,5506000
2021-10-21,63.353302001953125,64.25362150986743,62.94561577351204,64.25362150986743,5836300
2021-10-22,64.31307983398438,64.61884776346893,63.69304862140285,63.80346877819548,7170200
2021-10-25,64.99256134033203,66.23262380859022,64.72076833579541,65.02653627590615,7471200
2021-10-26,65.42572784423828,65.93533887236873,64.9500917486573,65.13695063765148,5898200
2021-10-27,63.5971794128418,65.50261973261408,63.4433770259589,64.56271263556091,9025600
2021-10-28,64.21241760253906,64.37475993072931,63.33232830908056,63.54594246842434,5195900
2021-10-29,63.648468017578125,64.34058227157544,63.20415346992585,63.59720270949917,8079300
2021-11-01,63.73390579223633,64.43456636492164,63.58864975501476,64.04151064693235,11944600
2021-11-02,62.40094757080078,64.29784175258573,62.21296612662609,63.691178513012254,10891900
2021-11-03,62.153160095214844,62.96489763080875,61.734478261731454,62.07626214414019,9311800
2021-11-04,62.64019012451172,63.896241945745395,62.2642337802739,63.22976706565838,8573500
2021-11-05,64.46871948242188,64.7763242445291,63.161402502957955,63.70825396470779,6987600
2021-11-08,64.8788833618164,65.92132135182227,64.47728775724177,64.65672284288421,6957700
2021-11-09,64.72508239746094,64.9301501401368,63.844993211199885,64.77634770338341,6049800
2021-11-10,62.37531661987305,64.05859675525515,62.315504933188734,63.65700120795263,7484700
2021-11-11,61.64048385620117,62.93926122812654,61.51231409306598,62.63165640419606,7784500
2021-11-12,61.82848358154297,61.98228603896917,61.09365034261633,61.17054831183599,5329600
2021-11-15,62.13608169555664,62.70856602260045,61.29871140366768,61.71739980910524,6181400
2021-11-16,62.06771469116211,63.067427151920036,62.00790300168903,62.37531952816227,7451100
2021-11-17,61.4952278137207,63.16996156625617,61.29016010416135,61.62339757681466,7628600
2021-11-18,62.13608169555664,62.554763582008036,61.18763439840111,61.62340906657731,6548800
2021-11-19,59.478721618652344,60.922755290048364,59.307832914374586,60.59805762533994,8817100
2021-11-22,61.4268798828125,62.23007111313718,59.47872002277786,59.50435267583315,7445600
2021-11-23,63.04178237915039,63.84497335675219,62.2385914015486,62.29840959850394,9107200
2021-11-24,63.9389533996582,64.50289105229903,62.5461857437297,62.57182490342586,7215800
2021-11-26,61.0765495300293,61.19617291075773,59.24800674106886,60.26481199624593,10258700
2021-11-29,61.649024963378906,63.8278846740525,61.47812978751264,62.78545343669807,9191600
2021-11-30,59.923030853271484,61.72593455534394,59.820500247381325,60.40153091703954,15723700
2021-12-01,59.128379821777344,61.674662742725026,59.0856609134939,61.52940672038845,10070500
2021-12-02,60.88857650756836,61.221814045635185,58.30811403655435,59.11985168283437,8410900
2021-12-03,60.760379791259766,62.324036173192034,59.96573527904692,61.66610126060523,6995700
2021-12-06,62.21295928955078,62.81108259337271,61.20470062440688,61.94807993040601,6200100
2021-12-07,63.71680450439453,64.90449821143373,63.31520900997419,63.36648081965564,8136600
2021-12-08,63.323753356933594,64.40037005976389,62.87943245526478,63.75952787076697,6313200
2021-12-09,61.990821838378906,63.19560211653396,61.913917363313054,63.19560211653396,6511600
2021-12-10,62.79399108886719,62.930707224732465,61.170522829879886,62.708546763443465,6065000
2021-12-13,60.683494567871094,62.48639820950305,60.256266340356134,62.26424422486476,5719100
2021-12-14,60.39299011230469,61.29871198268973,59.83759204275327,60.2904529779458,6669300
2021-12-15,60.41859817504883,60.85437266997584,58.67550671432438,60.333153857353075,6805600
2021-12-16,61.26451873779297,62.4265799152354,60.939827666060566,61.290157904679624,7068200
2021-12-17,58.62425231933594,60.75184686447006,58.53026159671295,60.580958197329046,22913100
2021-12-20,58.615718841552734,58.649897886306505,56.445398392085046,57.29131508202183,11485000
2021-12-21,60.39299011230469,60.529699772463644,59.2138424026155,59.32491940893129,6324800
2021-12-22,60.73476028442383,61.196167506048205,59.6923224710115,60.23917402575489,3775100
2021-12-23,60.8287467956543,61.64047768256964,60.700577045356006,60.91419112285839,3902700
2021-12-27,62.554752349853516,62.588931388179866,60.20499724654301,60.82875328777519,3967800
2021-12-28,62.47785568237305,63.161416905944094,62.28132783771798,62.72564882607503,3383700
2021-12-29,62.306976318359375,63.041809546670805,61.89684078380547,62.59749496440628,3947300
2021-12-30,61.76011276245117,62.973439388317914,61.69175468012431,62.443680547748635,3340200
2021-12-31,61.84577941894531,62.26562286131604,61.41736587532199,61.528751043318174,3453900
2022-01-03,63.20814895629883,63.37094824008591,61.708701135950854,61.71727123959063,5769900
2022-01-04,65.94998931884766,66.30128506458607,63.64512210480507,63.88503267010402,9189300
2022-01-05,64.81897735595703,67.06386037972801,64.70758563903414,66.815386250606,9034500
2022-01-06,67.25238037109375,67.50943120430084,65.89002795148915,66.67830758561536,8679000
2022-01-07,69.09457397460938,69.34305475167125,67.15814185696979,67.57799206842374,10838800
2022-01-10,69.4287109375,69.54010266359194,67.86928560587117,69.10311893624058,9125400
2022-01-11,71.62216186523438,71.776390978261,69.08595486874061,69.92564815901241,8510600
2022-01-12,72.31620025634766,72.436155513629,71.20232253922516,71.97346814822755,7740100
2022-01-13,71.64788818359375,72.71035201249964,71.27945224993906,71.92207260837824,6814000
2022-01-14,74.3211898803711,74.43258160067131,71.86209998743342,72.16198820156329,7946600
2022-01-18,74.98092651367188,76.35184829497065,73.53288690935624,75.40076987921042,10782900
2022-01-19,74.78390502929688,75.77782809201581,73.44725618764402,75.30657034036886,7370100
2022-01-20,73.37010955810547,75.80350216476994,73.17304296615525,73.72998194427448,7707700
2022-01-21,70.87673950195312,72.92455576948412,70.38834831130916,72.75319296251405,10625600
2022-01-24,71.1337890625,71.50222500856118,67.50084367750374,69.14595028160704,9505400
2022-01-25,74.63822174072266,74.76674713472508,69.67719121398468,71.21948286786755,8514800
2022-01-26,74.59537506103516,76.42042120818556,73.99559862685179,76.01771137220265,9416400
2022-01-27,76.82313537597656,76.89167658869601,75.23799971311884,76.21478226790813,9624600
2022-01-28,76.44612884521484,76.87454247332111,75.14374775501079,75.38366487789177,11561400
2022-01-31,75.93203735351562,76.62606537167396,74.47542702752195,76.06912632164914,7539800
2022-02-01,78.43396759033203,78.73385582172075,74.73247411572784,74.88670328288106,9424900
2022-02-02,79.0080337524414,79.35076593302323,76.24048561237619,77.50001608012498,8803400
2022-02-03,77.8598861694336,79.64208168918043,76.66032684130245,79.49642264127651,13258500
2022-02-04,78.71672058105469,81.3386098332295,78.61389895931474,78.82810576846819,12035300
2022-02-07,79.63352966308594,80.73883764106688,76.84027089401177,77.47432125216903,8420600
2022-02-08,78.25404357910156,79.81346909730294,77.11446163274219,78.7852723532887,7481500
2022-02-09,79.64208221435547,80.57602722163543,78.18547865156623,78.42538921136,6973200
2022-02-10,78.7509994506836,80.82451992592904,78.21976417693686,79.03374748852728,7149900
2022-02-11,80.53353881835938,80.67993711873787,78.66487288543044,79.08682822545688,9580800
2022-02-14,78.83711242675781,79.84464136296216,77.68318517498659,79.65519012983887,7274400
2022-02-15,77.2267837524414,77.43345483923117,75.54756885360817,76.36564655920274,8379300
2022-02-16,77.68316650390625,79.13849010860814,77.19231868604138,77.30426412872852,6854400
2022-02-17,78.50125122070312,79.09543127667901,77.64011423005893,77.64011423005893,6842800
2022-02-18,77.18373107910156,78.05348156064761,76.38287315588622,77.16651122449687,6574800
2022-02-22,75.63367462158203,79.95658006149598,74.41946813209164,79.85324781214689,9267500
2022-02-23,75.97811126708984,77.05453238768814,75.22030659341864,75.78004689012037,7355000
2022-02-24,75.54756164550781,77.7176242746401,73.446384992096,77.50233999687102,11509300
2022-02-25,78.59597778320312,78.81126205151139,75.6250575085308,76.10729216715589,10563000
2022-02-28,81.68746948242188,81.86830749310944,77.37317057901733,78.07930276977802,15096000
2022-03-01,83.495849609375,84.78755521577614,81.63579695253368,82.5399869350418,14453500
2022-03-02,84.42588806152344,86.0878830452227,83.69392278858913,84.71006490147192,16168000
2022-03-03,83.88337707519531,84.55506303415399,82.35054735377929,83.70253248320917,8704900
2022-03-04,86.3462142944336,86.40649362875284,83.90920128985154,84.0555930203476,10977300
2022-03-07,87.20736694335938,89.36021008136026,85.3559271006433,87.3968181906964,13788800
2022-03-08,85.08035278320312,89.93716576849182,82.54860746769657,87.41403366404586,17231400
2022-03-09,82.85001373291016,85.01147006213998,79.87909285919305,82.11804838706233,12656200
2022-03-10,85.87259674072266,85.96732235181693,83.04806796979695,83.77142001456598,9481000
2022-03-11,84.74449920654297,87.0265071051407,84.52921494667872,85.10617518632591,7666500
2022-03-14,83.1427993774414,84.00393657836797,81.12773491089642,83.85753826104431,10532200
2022-03-15,81.8510971069336,82.5141698894702,79.50018955621054,79.9652044531653,8863600
2022-03-16,81.65302276611328,82.46249377429065,81.03300297856934,81.9802525117815,9314200
2022-03-17,85.10618591308594,85.3128569890172,83.10834799253689,83.22890666765971,8868300
2022-03-18,85.76925659179688,86.24288463994131,84.79617400282862,85.34730123887584,16146900
2022-03-21,88.49046325683594,89.53243851276659,86.86291442394077,87.12125164998193,8107400
2022-03-22,87.63793182373047,88.5851880199127,86.38928548506202,88.4129566342634,6377500
2022-03-23,89.87687683105469,90.43661066106243,88.86073484295491,88.88656790342243,7681500
2022-03-24,90.0232925415039,91.15138028220743,89.34299329811628,90.39358183676663,6192500
2022-03-25,92.572265625,92.58948548131211,89.40327989708545,89.70467665722204,7833800
2022-03-28,89.127685546875,90.53994979709387,88.70573022783451,90.47105725563091,6091100
2022-03-29,86.7078857421875,86.92316998997725,84.2536400614212,86.10508590640387,10977600
2022-03-30,87.32112121582031,88.7548836607808,86.88926601041112,87.52840986933222,6069200
2022-03-31,86.37105560302734,88.48714382946608,85.8528305873269,86.37105560302734,9777900
2022-04-01,86.87198638916016,87.80479512508805,85.74916032670026,86.50059068446221,6934100
2022-04-04,86.84610748291016,88.02075448041067,86.04285632417215,87.58889916043516,4946500
2022-04-05,84.68681335449219,87.80480864651747,84.55725546739768,87.10519869204226,5708100
2022-04-06,84.246337890625,86.51789453593148,83.62446516608455,86.15513764314599,5680000
2022-04-07,86.33650207519531,86.54379075319811,83.70218896471123,85.27414183454127,6285300
2022-04-08,89.00535583496094,89.22991578557486,86.8288020228921,86.96699884442728,6175200
2022-04-11,84.6263656616211,88.09847929929177,84.46225854249322,88.01210955907295,7002200
2022-04-12,86.37105560302734,87.99482907611237,85.86146953797201,86.4142437666643,7412100
2022-04-13,86.56971740722656,87.86528332323685,85.43825202632371,87.30387010838125,7365100
2022-04-14,87.55435180664062,88.42669482704436,86.23286896414855,86.53517296623374,6337800
2022-04-18,89.36811828613281,89.920892428226,87.8393471512911,88.71169652130183,4867000
2022-04-19,87.71842956542969,89.46312833222025,87.25202514033481,88.81534550674198,5331700
2022-04-20,88.67716979980469,89.36814094742614,87.56298228379943,88.18485499874089,6059200
2022-04-21,85.22232055664062,89.61861079465011,84.91138422355753,89.06583655574433,6290600
2022-04-22,82.92485809326172,85.89601813159675,82.71756280090256,84.5313603663054,6483900
2022-04-25,79.16770935058594,80.68783511983041,76.69749673857828,80.32507828327809,11913400
2022-04-26,78.8740463256836,81.43926768630469,78.85677501428577,79.90186397794837,5970100
2022-04-27,80.37690734863281,81.1283379524328,76.67158803680087,79.2195382929295,6765800
2022-04-28,84.25495910644531,85.04093220869869,78.77039234232622,80.35962303601521,9520600
2022-04-29,82.50164031982422,85.34324921559286,81.98341523561118,84.42771801383019,8777700
2022-05-02,82.84710693359375,82.95939351234541,79.96231711869338,81.42198333617338,6980500
2022-05-03,85.44689178466797,85.96511683804957,83.03713836737502,83.50354289229519,5748000
2022-05-04,89.7049789428711,89.99000500807333,85.60235379869053,87.23476622362897,7989800
2022-05-05,88.84126281738281,92.06289930164961,86.82881576498721,90.33547829659,10593000
2022-05-06,93.01300811767578,93.03027943239113,88.78946328887635,89.97274273977496,9213100
2022-05-09,83.95265197753906,91.1214512521705,83.33078599713811,90.83642522599442,9750900
2022-05-10,84.64362335205078,87.68388120976707,82.89029220837804,85.40368616908292,7845900
2022-05-11,85.5418701171875,88.86715350147918,85.33458148732889,86.12055444490228,6651600
2022-05-12,86.02555847167969,86.07738557897859,82.45843672815779,85.03229014815936,7244400
2022-05-13,88.88443756103516,89.66177162430107,86.97563183974528,87.08791840546067,6549900
2022-05-16,91.53060913085938,92.91007200595857,89.04930488460244,89.43104603608091,7990600
2022-05-17,92.84931945800781,93.95983831127658,91.7127806276736,92.90137926966379,6577500
2022-05-18,90.64566040039062,93.78632691551927,89.15340694010428,93.45664562838596,8957000
2022-05-19,90.7584457397461,92.58038051132671,88.34655044393048,88.34655044393048,6784100
2022-05-20,91.11415100097656,93.30915569840022,88.65888031668659,91.20958627561131,6717700
2022-05-23,94.58451080322266,94.94022532351485,91.7648477177714,91.99910035776286,8646900
2022-05-24,94.98359680175781,95.4173910741789,92.2246649643927,93.65618076804205,6859100
2022-05-25,96.47584533691406,96.76215115065027,95.04432950658385,95.3913596356485,6707000
2022-05-26,98.16764068603516,99.42564137089003,97.32607877693327,97.71649095659858,6159000
2022-05-27,99.4256591796875,99.4256591796875,97.05714584301764,97.30006960891441,6788700
2022-05-31,97.48223876953125,102.36675936002806,96.57994598724883,100.83980845386512,17278500
2022-06-01,100.42338562011719,101.76815066702028,99.06127171275823,99.2174379335652,7246600
2022-06-02,99.73797607421875,100.59688686089697,98.13293862624826,99.1306667541786,5042700
2022-06-03,102.47956085205078,102.73983344286142,99.8767952288926,100.1630944168668,5387100
2022-06-06,101.8375473022461,103.07819926278552,101.1781847332365,102.54029856802379,5608400
2022-06-07,106.4617919921875,106.4617919921875,101.62064621200682,101.66402828791695,8559000
2022-06-08,105.7243423461914,107.65039000654767,105.4120099353674,106.47046903658483,7010900
2022-06-09,102.86129760742188,105.65493383110108,102.74851347746805,104.64853454296393,6643000
2022-06-10,101.3603744506836,103.7982962197549,100.03296499465294,101.50786291931466,7298800
2022-06-13,96.96170043945312,98.92244584190509,94.02057571659968,97.56033205173159,9516900
2022-06-14,96.72745513916016,100.77909909838323,95.4694542650872,98.92245332837525,7737700
2022-06-15,94.8534927368164,97.22200664495496,93.34388333734984,96.7274812538684,7681400
2022-06-16,88.85844421386719,92.14660659371191,87.73925385614874,91.10550267076222,11848400
2022-06-17,81.32774353027344,88.78900325080932,80.52088596652214,88.05155435514253,24455100
2022-06-21,86.13419342041016,86.84561579336646,83.27115506937041,83.30585278779947,10454900
2022-06-22,80.73780059814453,82.46430684047631,79.34966003130658,80.55560776929484,11284200
2022-06-23,76.25235748291016,81.72683914061342,75.70577907678337,81.33642693897647,13554900
2022-06-24,78.8724594116211,79.86150959275967,76.66010649007892,78.08295084256508,12282400
2022-06-27,80.63862609863281,82.00256467895993,79.5194896523848,80.07031613331664,8986100
2022-06-28,83.25284576416016,84.87033826211707,81.7927313112798,83.04301059423801,8903000
2022-06-29,79.96537780761719,85.20255741660398,79.80799980025931,84.71293991395198,7990100
2022-06-30,78.52274322509766,80.1839539588642,76.79159190200686,77.42984230426939,12748900
2022-07-01,79.54571533203125,80.70855701432328,77.21127354995774,80.37631748660253,6005000
2022-07-05,74.00251007080078,78.12056013218557,72.62108164148054,78.12056013218557,13483600
2022-07-06,72.86588287353516,74.92054182500202,70.3303582169409,73.18938392921105,12130900
2022-07-07,75.49761199951172,76.2495285431944,74.91181856936387,75.3577241174872,8072400
2022-07-08,75.59375,76.81780004010594,74.02871549686587,76.5292726727633,5615500
2022-07-11,74.79813385009766,75.71616652505155,73.60905723922079,74.83310080582596,4685700
2022-07-12,72.96206665039062,73.47791938087968,71.35331961203045,72.18392168740624,5573100
2022-07-13,72.66480255126953,74.48339142444833,72.00906194829493,72.00906194829493,5535300
2022-07-14,71.35332489013672,71.49321275704095,68.4593250198078,69.797034849047,8890200
2022-07-15,72.47244262695312,73.39048203444463,71.5369197404167,73.32927985198104,5899000
2022-07-18,74.37848663330078,75.5325900776366,74.01127341704388,74.08995910458187,7057600
2022-07-19,77.35990142822266,77.56099146140856,74.2123414514729,74.67573704343837,6674800
2022-07-20,79.30963897705078,79.755544452855,76.25826125243542,76.72165020920488,7720500
2022-07-21,77.75334167480469,77.86700096668716,75.95224313131035,76.37191334021306,8016700
2022-07-22,77.05388641357422,78.85499172066041,76.53804036545142,77.9981544381975,6243500
2022-07-25,80.48121643066406,80.55990208528235,76.75660868971399,78.21672253672959,5815100
2022-07-26,79.6418685913086,82.34352299687343,78.66263368591811,81.69652755287792,7127000
2022-07-27,81.54788970947266,81.88888092336266,79.81673843868953,80.47247897137295,6237800
2022-07-28,82.23860168457031,83.2877905112918,80.96209428201601,82.37849619634817,4656100
2022-07-29,85.18507385253906,85.61348916693967,83.41020373662691,84.09217287766329,7394800
2022-08-01,83.14791870117188,83.98726598939137,81.90638458758924,83.33152529510684,5598900
2022-08-02,82.80693054199219,83.80365582115026,82.1249613163092,83.14791515483368,4653000
2022-08-03,79.84295654296875,83.6549948743634,79.06481174633669,83.36646747681574,6783300
2022-08-04,78.58395385742188,81.31183725044355,78.05936269313963,81.08451196672377,7810500
2022-08-05,81.18067169189453,81.67903419970763,76.94021783832176,77.13256945020352,5848000
2022-08-08,81.86265563964844,82.78944024101568,81.18068647013001,81.32931940799152,4788100
2022-08-09,83.50639343261719,85.05393853516563,82.93808349713603,83.32278683879207,7477700
2022-08-10,83.91731262207031,84.2058334140649,81.4517282533695,83.40145988567474,5625500
2022-08-11,87.74683380126953,88.58618094756582,85.2637593234221,85.78835712657816,6481600
2022-08-12,89.83646392822266,90.02007049929017,86.86377181692804,87.2135014777636,6683800
2022-08-15,88.50151062011719,89.10750705189561,85.67354290640074,86.41127186636098,6585900
2022-08-16,87.91307830810547,89.62567478910603,86.88552443982623,88.88793916791967,6924400
2022-08-17,89.01969146728516,90.18776913045085,87.6232662329997,87.91309122320523,5346500
2022-08-18,92.11114501953125,92.3131460981001,89.77499621387527,90.15264516034487,5966500
2022-08-19,92.33946990966797,92.82251147846044,90.92548280887726,91.85642834087548,7067100
2022-08-22,92.42729187011719,92.8312872188778,90.05601278375075,91.04843570349739,6701700
2022-08-23,95.2464828491211,97.2049889115143,93.74467184815843,94.17502040614778,8253000
2022-08-24,97.06448364257812,97.27526911102677,94.71076618252462,94.94789815939531,6286100
2022-08-25,98.43456268310547,98.48725570010892,97.17866107374554,97.88125920242435,5241000
2022-08-26,98.4697036743164,100.34037967532612,97.91640013699723,98.90883006239223,6508800
2022-08-29,99.61141967773438,101.41184039388631,98.26769411812057,98.44334197799749,6479700
2022-08-30,97.04691314697266,97.93395015686419,95.64171031481592,97.6353407859796,7746900
2022-08-31,96.12474060058594,98.24133249940779,94.01693980410309,94.7195378360856,6775700
2022-09-01,94.43851470947266,95.67685427141974,92.87522592671637,94.6580778913325,6717300
2022-09-02,96.83614349365234,98.36430129838786,95.72954322789532,96.2916244135575,6096400
2022-09-06,95.40458679199219,98.08326016237298,94.92155183539869,97.48604806834723,7270900
2022-09-07,93.76225280761719,94.42094228118968,92.00574754475718,92.93669318990152,6890900
2022-09-08,95.13232421875,95.89640641587172,93.62172862933372,94.27163369668638,7147200
2022-09-09,98.33795166015625,98.733162677938,96.49362240961464,96.65170815683456,6085000
2022-09-12,100.46331787109375,101.35913930654162,99.08446150917196,99.19863193894889,6208600
2022-09-13,98.65412139892578,100.46331970671763,98.20621067301781,99.15472513945731,6977400
2022-09-14,103.37911224365234,103.97632427679522,99.6465387116432,99.84853975690523,9457900
2022-09-15,101.49088287353516,102.94878561496918,100.67410757032447,101.12201833673976,9997500
2022-09-16,99.35671997070312,101.56113600031443,97.66169208667365,101.49965858278118,14608000
2022-09-19,99.12836456298828,99.66409913741138,96.11595814473007,96.43212958866944,6600600
2022-09-20,98.4257583618164,99.10200984514147,97.09081749710133,98.84732251414135,5655400
2022-09-21,97.5650863647461,100.90244920706166,97.53873985660476,100.27010620952515,5818000
2022-09-22,96.66049194335938,99.98907054673089,96.54632150227813,99.41820494025166,4971600
2022-09-23,88.34342193603516,92.45364419145817,87.47395377638854,92.29555846238284,10157300
2022-09-26,87.1226577758789,90.21411077016934,87.05240265824087,87.9043020765893,8719000
2022-09-27,86.73622131347656,90.09114569359801,86.52543588292531,89.02846094157508,8779000
2022-09-28,91.76080322265625,92.15279329492195,87.71620001255543,88.0458286457686,9207500
2022-09-29,92.34878540039062,92.73185794463728,88.99015812645284,90.50465405360205,5929800
2022-09-30,91.17280578613281,92.58931084862907,89.97902788657862,91.25298865229374,7172000
2022-10-03,97.97024536132812,98.7453079615636,94.90561064743225,95.26196462761102,7701900
2022-10-04,103.00372314453125,103.20862208659219,99.52928387890205,100.19744501471972,7582900
2022-10-05,103.27991485595703,104.46478913792029,101.34670321499883,103.56499672560577,10073000
2022-10-06,104.81220245361328,105.44472745844516,102.16628349743425,102.26428099928428,6388900
2022-10-07,105.57838439941406,108.11739569816173,104.5182330794385,105.24875574779551,9373500
2022-10-10,104.05496978759766,107.29777814907433,102.85227423413828,105.66746324953394,5883200
2022-10-11,102.96809387207031,105.2220231649912,100.85670209649452,101.65849687183261,7602400
2022-10-12,103.60952758789062,104.5360384240326,101.55158657350795,102.23756917726446,6221600
2022-10-13,109.34680938720703,109.94370524507323,101.94358521527694,102.00594665751521,7999100
2022-10-14,105.08838653564453,109.56061571069888,104.26877714313365,107.8768433326571,7646000
2022-10-17,105.44475555419922,108.18867274334498,105.14185225043981,106.70980590093565,6667000
2022-10-18,105.02603149414062,106.9414282974189,103.07499861116334,106.53162357621076,6826200
2022-10-19,107.8946762084961,108.33120630995619,105.20420984334609,105.49820241646489,5500400
2022-10-20,108.51829528808594,111.28003393416346,108.49156992518249,109.1330058224163,6456100
2022-10-21,110.90584564208984,111.1463874741897,108.30447306792834,109.28444144346732,5886200
2022-10-24,111.48490905761719,112.60742163756912,110.64747828244346,110.94147080524526,5734900
2022-10-25,110.4158706665039,111.7967331057333,109.47153152306981,110.76331395615362,7000800
2022-10-26,112.75889587402344,114.19320914996055,110.98604320394878,111.11076609750853,8139100
2022-10-27,112.82124328613281,115.32461836288174,112.46488929305393,113.76557559043782,8948500
2022-10-28,113.29341125488281,114.91482228923451,110.47822893788262,114.4782854121919,7293200
2022-10-31,112.33126068115234,115.8057071701975,111.86800522741208,111.87691594677845,7121000
2022-11-01,113.83683776855469,115.20880290054109,113.04395377183064,114.69208999572038,5875600
2022-11-02,112.7054214477539,115.63642242385629,112.06398567467677,113.21322363529222,7680400
2022-11-03,119.21778869628906,121.26680561228626,114.29120067509169,115.47607489854167,13209100
2022-11-04,117.88146209716797,123.3782000433047,115.50279621704003,122.05078154009514,10663700
2022-11-07,120.21556854248047,121.53406954001682,118.13981272687727,118.26453561051213,6882400
2022-11-08,119.77013397216797,120.51847131297647,117.80127949885281,119.64541108203322,5039800
2022-11-09,111.59183502197266,118.10418436762069,111.26220637156473,118.00618684444233,7069500
2022-11-10,115.33353424072266,115.60970535291511,111.86799867405882,114.12193475959437,7543900
2022-11-11,119.3425064086914,120.13539049752039,116.31350077964925,116.88366446606813,8662000
2022-11-14,118.96688842773438,121.33674132640475,118.29617379840607,118.38560787393948,6163400
2022-11-15,119.91482543945312,120.585540045582,117.9652882009192,119.46768236870055,8300600
2022-11-16,115.57756805419922,119.38722283675328,115.4434169197559,118.56448106592723,7365600
2022-11-17,117.3214111328125,117.48237610211844,113.60117719063904,114.10197528944609,5735800
2022-11-18,114.99624633789062,115.54176140478532,113.1271916636388,114.83528138981825,5727200
2022-11-21,112.22396850585938,113.67271454384394,108.93299515834262,111.82154246229463,6573200
2022-11-22,116.23931884765625,116.74906854209576,113.09143436092529,114.46863595601458,5604200
2022-11-23,113.34185028076172,115.5596834345818,112.5012257498836,114.10199231497782,7482600
2022-11-25,113.40442657470703,114.26294047568366,113.12720004644659,113.4759711055039,2547800
2022-11-28,110.74839782714844,111.83942806403078,108.42325511173445,109.72891212252183,5648600
2022-11-29,111.11507415771484,113.42233447791348,110.8199580375553,112.51910339327205,4909700
2022-11-30,110.4532699584961,113.28815504850084,109.49638417512794,113.26132755914134,8484500
2022-12-01,110.05085754394531,112.11666330465184,109.89883052749406,111.49065887118897,5285100
2022-12-02,109.26387786865234,110.77522358721765,108.51267398371716,109.21022288503612,4879700
2022-12-05,106.75093841552734,111.50854038189796,106.16070629131909,111.12399707084577,5478700
2022-12-06,103.38844299316406,107.08184307397589,102.43155689449613,105.91927494053756,6498400
2022-12-07,102.73561096191406,105.1680708670937,102.02912394365502,103.9965579600742,6099100
2022-12-08,100.6966323852539,105.42740756045022,100.05274518080834,105.33798029824672,7720400
2022-12-09,98.3893814086914,101.90392704366968,98.13004437082685,100.52673206621742,6385700
2022-12-12,99.96331787109375,100.4283505509113,98.43408917269373,99.17634841206919,5636500
2022-12-13,101.4209976196289,103.37053491653218,101.38522535415426,102.35104923052172,6285200
2022-12-14,100.93807983398438,103.42419423014572,100.19582069473856,102.61933533354554,5927000
2022-12-15,100.65191650390625,100.98279803773333,98.79179953410916,99.83811277104662,6400900
2022-12-16,98.76496887207031,99.46251100766,97.48613934920184,98.77390682149735,17422600
2022-12-19,98.76496887207031,100.83971255712314,98.04953719190223,100.30314220842816,4991400
2022-12-20,100.74134063720703,101.77870906940086,98.37148086986068,98.77390692609251,5538700
2022-12-21,103.98759460449219,104.33636566445527,101.54619718475062,102.78925441341126,5433000
2022-12-22,100.96492004394531,104.43474827395005,98.22839945082134,103.7819231254357,5295400
2022-12-23,105.32926940917969,105.3742585691458,102.2697250488727,102.2697250488727,5001500
2022-12-27,106.60707092285156,107.13798829256235,105.33825722436984,106.11214213292696,3849400
2022-12-28,103.76350402832031,106.42710548030571,103.25058089171215,106.37311573921957,3856400
2022-12-29,104.73535919189453,105.28427777053084,103.14260006179616,103.24158582944727,2921600
2022-12-30,106.18414306640625,106.3731140225881,104.393412406505,104.44740214671987,4220500
2023-01-03,101.79280090332031,106.16614834415991,100.71295804539449,104.88833395234285,5424400
2023-01-04,101.99076843261719,102.86363920265987,99.3991578586743,100.08305766800103,4837600
2023-01-05,105.07730102539062,106.00416834212935,102.16173846103092,102.16173846103092,5177700
2023-01-06,106.39112091064453,108.15485679544652,105.77021140300738,106.63408162012895,4442300
2023-01-09,105.60822296142578,108.57778206376857,105.15829018018775,108.27182420250341,5403200
2023-01-10,106.25613403320312,106.74206229174449,104.9963207924029,106.39111524925848,4042700
2023-01-11,106.40009307861328,107.57892153305906,105.20327720067577,107.25496940905872,4569900
2023-01-12,108.12784576416016,108.97371469687195,106.04915171398704,106.53507992576404,5072500
2023-01-13,109.30665588378906,109.64860227877324,106.64305501039385,108.50577619297283,4360200
2023-01-17,108.19984436035156,110.26953811159801,107.58793544075584,108.9377339223261,5228500
2023-01-18,106.67906188964844,111.32236447888583,106.50808524111042,109.0637000643672,5138700
2023-01-19,107.6599349975586,108.21785421969047,104.61839131274319,105.77921892408536,5049100
2023-01-20,109.6036376953125,109.70262346494432,107.30897756720037,108.1278585949854,5101400
2023-01-23,108.1008529663086,110.83644523718509,107.95687803912023,110.19754147965912,3963200
2023-01-24,106.91302490234375,108.88373267412692,105.86018384567714,108.88373267412692,4216900
2023-01-25,108.31681060791016,108.32580431962708,104.96030933715383,106.3640972930181,3984700
2023-01-26,112.1682357788086,112.24022666640289,108.70375498212276,110.04455265277922,5807400
2023-01-27,111.23239135742188,113.73401671673773,111.15139988049161,112.20424788800543,4857500
2023-01-30,108.46080017089844,110.3235216968918,108.2808297962384,109.86458831645004,5246300
2023-01-31,109.6666259765625,109.86459064671557,107.17399435552996,108.18184632512039,5200100
2023-02-01,105.91416931152344,108.85673341639026,103.66450550401079,108.6227664580888,7282300
2023-02-02,100.15504455566406,103.83549158371532,98.7692507004862,102.12574556159043,11531300
2023-02-03,97.28446197509766,101.13588530455144,96.96951041599355,100.16402889466242,13504200
2023-02-06,96.72654724121094,98.94021569768583,96.0426543578778,97.69840369491095,11516300
2023-02-07,100.80294036865234,100.91992728922456,96.65456631504465,97.5544319050236,7370600
2023-02-08,99.69609832763672,101.68480023402594,98.84122199402256,100.99190682844117,6713200
2023-02-09,98.9222183227539,100.55097274063624,98.85022743240694,99.53412715984476,5768300
2023-02-10,103.53852844238281,103.8174914326042,100.63196654771328,100.76694775389404,10779200
2023-02-13,101.51386260986328,103.13179432529735,101.34213161830056,102.9962121454349,6018200
2023-02-14,102.63468170166016,103.44816109062158,99.92306534913014,100.32980504361085,7308100
2023-02-15,100.91732025146484,101.38733070413696,99.40785551584861,101.07097685176181,7203700
2023-02-16,97.94355773925781,100.97152716643001,97.6995084692258,100.2213118489171,6531900
2023-02-17,94.11114501953125,96.41601423450108,93.25246257411494,95.93696322928758,11294500
2023-02-21,95.186767578125,95.91890866020239,93.55980195394622,94.01173799888423,7200600
2023-02-22,94.07499694824219,95.34041909426001,93.06265785222875,95.34041909426001,7929500
2023-02-23,95.29523468017578,96.1719917104271,94.0659680866683,95.81044149539605,6095800
2023-02-24,95.13253784179688,95.40370222824822,93.42422013674506,94.15635432576818,5617900
2023-02-27,95.68389892578125,95.97313771549696,93.49653014755647,95.06022498395812,7429300
2023-02-28,93.41515350341797,96.99448517067519,93.37899780221397,96.40697399009616,8771800
2023-03-01,96.03640747070312,97.32894480708987,93.3067168525979,93.75865288775415,6064700
2023-03-02,97.91645812988281,98.48589502311249,95.61158170757909,95.8737054223663,5458600
2023-03-03,98.19664764404297,98.59435350692983,95.64772903262269,96.05446864985103,7075100
2023-03-06,99.02821350097656,99.06436920827254,96.80468922224443,97.2385508138001,6200900
2023-03-07,97.30180358886719,98.44971777531019,96.41600616386799,98.15143841725993,4973200
2023-03-08,96.92219543457031,98.09722487079007,95.59350252081752,96.71430184496441,4576800
2023-03-09,95.63868713378906,98.74800879359664,95.23194752187042,97.54585746628783,5191600
2023-03-10,94.2015380859375,97.01258047234964,93.64113498037766,95.56638669541636,5313100
2023-03-13,91.00182342529297,93.62305332190776,89.99852506177491,92.19493406082859,8789700
2023-03-14,91.61646270751953,94.38230870716303,90.04372742301594,91.33626460575051,7090800
2023-03-15,86.08477783203125,89.22121515732796,84.59338747121907,88.05521930782015,10661200
2023-03-16,87.13326263427734,87.22364845555019,82.7314034887288,83.16526508523305,10111500
2023-03-17,85.31646728515625,87.63037712062761,84.5120218534183,87.08805536493843,17056000
2023-03-20,86.91634368896484,87.576166454459,85.60572501778331,85.72322590720091,7932900
2023-03-21,90.12508392333984,90.46855282986265,88.57946349999224,88.66080867680158,6770200
2023-03-22,88.91390228271484,91.37242863866359,88.8415908585995,90.38721134508076,5635500
2023-03-23,87.15132904052734,90.17026484510494,86.31976852755214,89.04042494291184,5866400
2023-03-24,86.25648498535156,86.68130582897548,84.29508486086974,85.47011404740975,8385900
2023-03-27,88.10945129394531,89.03139775934676,86.41016741058293,87.05191574457743,6049700
2023-03-28,89.06438446044922,89.75558350304144,87.70017965830124,87.86388451210718,3792000
2023-03-29,90.71961975097656,91.21983095616298,89.73739062372204,90.61957750993928,7596300
2023-03-30,90.264892578125,91.72913975338041,89.91929649490328,91.50177226577807,5461100
2023-03-31,90.2284927368164,90.85602908242004,89.9829389582387,90.7741731970918,7708800
2023-04-03,98.60472106933594,99.25954048213822,95.50343243871411,95.61256438171155,12394300
2023-04-04,96.6766357421875,98.92302016229151,95.5943645356276,98.52285819664606,5425500
2023-04-05,97.9953842163086,98.11361280838061,96.33105259170765,97.23143281146513,5806800
2023-04-06,96.64027404785156,97.98628562157293,96.30376768506886,97.22233423195345,5087800
2023-04-10,96.35833740234375,98.23185019774026,96.04912095321038,97.34966324542862,4374700
2023-04-11,97.08590698242188,97.49516564152647,95.93997302274296,96.49475018916743,4812200
2023-04-12,97.79529571533203,99.21406651687364,97.68616376980088,98.65929627011293,8108200
2023-04-13,99.1686019897461,99.95074668456284,97.42242138961309,98.16818645458895,7160100
2023-04-14,98.67748260498047,100.05987377830594,98.33188654632524,99.56876614605547,5052100
2023-04-17,96.04910278320312,97.9408015665155,95.96724689593196,97.13137402784213,6278800
2023-04-18,95.44886016845703,96.13096257158189,94.67581216598974,95.48523979593489,7745300
2023-04-19,95.73079681396484,96.23100106019625,94.1301279608751,94.44844101551404,4717500
2023-04-20,94.3847885131836,94.49392740305036,92.87507203290387,94.08466177007871,5351600
2023-04-21,93.00238800048828,94.76675477592886,92.42941755916681,94.6758091794553,5279000
2023-04-24,94.26654052734375,94.53937728782527,92.55673296469745,92.72043779646776,5215800
2023-04-25,92.84776306152344,93.13880004147077,91.38352315370857,92.40212482871021,5355800
2023-04-26,91.37444305419922,92.88415949809873,90.62867800484301,92.15658773263436,4295000
2023-04-27,92.0656509399414,92.70227716298574,90.77419826951437,91.35625851307074,4196700
2023-04-28,93.57536315917969,94.33932152986823,91.2380256512707,91.46539314012841,6638200
2023-05-01,93.24794006347656,93.68448863258324,91.97468092051155,92.38394650505607,3644900
2023-05-02,89.71011352539062,92.21115583805627,88.65513201253822,91.7473242299609,8100100
2023-05-03,87.39094543457031,88.74606036549851,87.03625278518739,88.06395804919232,9085100
2023-05-04,88.5459976196289,89.60097918605904,87.13631637814407,87.4910091144935,6840000
2023-05-05,91.28349304199219,92.40213709264522,89.98295085472992,91.96559544219188,5566700
2023-05-08,91.76551818847656,93.44803618707215,91.49267443142648,92.84778269704395,5058900
2023-05-09,92.33848571777344,93.32981160150821,90.90152148784134,90.95609440481824,4896100
2023-05-10,91.37444305419922,93.00239502728145,90.53773240149806,92.75683426567485,5285900
2023-05-11,90.84693908691406,91.0561201969832,89.62825286778437,89.92837263273015,5671700
2023-05-12,90.42860412597656,91.81099549967458,89.77378460312282,91.52906201460917,5004400
2023-05-15,91.68098449707031,91.82724627452585,90.0080722628402,90.80339290890319,5838100
2023-05-16,89.65155029296875,91.92780367736536,89.0573456975861,91.29703886872409,4822200
2023-05-17,92.06493377685547,92.75055289075026,90.09949092212807,90.99536963305438,5013700
2023-05-18,92.09234619140625,92.19290420713563,90.73025167081396,91.59869965268317,5503400
2023-05-19,93.79269409179688,94.69770937609523,93.08879486500445,93.54587427770763,6068200
2023-05-22,94.8257064819336,95.91355083850378,93.62815357124353,93.91154757502949,5561900
2023-05-23,95.4290542602539,96.50776212315387,95.06338927758826,95.49304510913443,5415700
2023-05-24,95.05425262451172,96.6083200813516,94.58802959766798,96.43462764548288,5141900
2023-05-25,92.96080780029297,93.6098596917813,91.8729566292677,93.1893474934006,4951900
2023-05-26,93.10706329345703,94.02122200419196,92.22032822812776,93.85667315728057,5709500
2023-05-30,92.51287078857422,92.86939217424799,91.4433066315529,92.05579137366134,6721800
2023-05-31,90.7759780883789,92.32090182765299,90.71198724680517,90.89481623002195,22757300
2023-06-01,90.98623657226562,92.31177119649757,89.93495241497244,91.02280376615606,5857800
2023-06-02,93.56414794921875,94.09436170535614,91.85467552696868,92.6591327271759,4958500
2023-06-05,93.30818939208984,95.30105587546723,92.30261609669279,95.30105587546723,5153900
2023-06-06,93.18936920166016,93.9206922052779,91.73585278817363,92.37576826262867,3622400
2023-06-07,95.8129653930664,96.42545698609027,93.53671231886149,93.53671231886149,4827700
2023-06-08,95.56616973876953,96.50775226518014,93.7835557457929,95.84955675851054,5231300
2023-06-09,94.97195434570312,96.39803979940018,94.73427111192764,95.84040239004881,4085100
2023-06-12,93.99382019042969,95.20965323197937,92.72313984532948,93.43618268940251,6049600
2023-06-13,94.53317260742188,96.41633765800745,94.35948018934617,94.93539776975899,4904300
2023-06-14,93.856689453125,95.94097055956703,93.28077187618034,95.46561101622078,4915300
2023-06-15,95.20964813232422,96.27006879955032,94.00295869749246,94.05780599810522,4614600
2023-06-16,95.91353607177734,96.42546972347269,95.27362772525554,95.8586887776406,9928200
2023-06-20,93.27162170410156,95.75813476817498,92.34831935873352,95.19135379859178,8590000
2023-06-21,94.79825592041016,95.46559485088176,93.06135994213889,93.06135994213889,6477500
2023-06-22,92.72311401367188,94.04864129304501,92.42143997922899,93.82924516548526,4967700
2023-06-23,91.83641052246094,92.25692281737012,91.07765689329716,91.44332188110327,7149000
2023-06-26,93.16988372802734,93.68489329775696,91.96514260514272,92.11229020117506,4361000
2023-06-27,92.69166564941406,93.45497799700499,92.26862684646066,92.8939900804751,3816900
2023-06-28,94.2734603881836,94.46658632671668,91.92834667557084,92.71924738559176,5463000
2023-06-29,94.7792739868164,95.00918684396773,93.62970970105982,94.27346991091366,4260300
2023-06-30,95.28508758544922,96.01161307512369,94.30106081161343,95.41383822752988,7000000
2023-07-03,95.85527801513672,96.5542080966533,95.30348150730859,95.5977697038377,2234000
2023-07-05,95.66213989257812,96.56340139278629,94.85284914966051,96.56340139278629,4154900
2023-07-06,92.27782440185547,95.30347855618328,91.36737141834625,94.54017317457412,6004500
2023-07-07,94.93561553955078,96.2047319246693,92.07549917152905,92.47094954764604,7393100
2023-07-10,95.96562957763672,96.06679180073853,94.49418862758853,94.58615237139456,6405900
2023-07-11,98.80734252929688,98.96368157366253,96.42544190259737,96.56339100731297,5648500
2023-07-12,100.527099609375,100.76621095537499,99.73619878646909,99.91093481043644,6229200
2023-07-13,101.66746520996094,102.78024256345512,100.77540222816904,101.06049191730045,6054900
2023-07-14,98.4854736328125,101.37318573530499,97.89689724687854,101.2260381306295,4738200
2023-07-17,97.88770294189453,99.00967883762675,97.61180469933016,98.11761580523691,4081400
2023-07-18,100.0120849609375,100.70182347790949,97.85090567770189,97.89688403567021,4396800
2023-07-19,100.6834487915039,101.79622625883812,100.03049005543036,100.03049005543036,5408200
2023-07-20,102.71586608886719,102.79863134617938,101.34558046471021,101.62147868851743,6702300
2023-07-21,103.81945037841797,104.10454007924054,102.86301203997466,103.15730021977386,4957000
2023-07-24,105.5024185180664,106.40367303595849,104.288478849611,104.288478849611,3999600
2023-07-25,106.8450927734375,107.1577708606223,104.7482888445564,105.18052609621543,3664700
2023-07-26,107.44287109375,107.72796077281659,105.90705499188724,106.0541955623663,4006300
2023-07-27,106.47724914550781,108.41771436449476,106.0634087786234,107.91190323485016,4568500
2023-07-28,106.61519622802734,106.95546980111376,105.4564334000422,106.44046020179594,3138800
2023-07-31,108.26136016845703,108.74877427089768,107.37849569710323,107.80153448443632,4126100
2023-08-01,107.94869232177734,108.36253971342298,106.85431178989653,107.8383386304459,3308200
2023-08-02,106.30252075195312,108.09584550883505,105.6771644251209,107.31414308391018,4577800
2023-08-03,105.75071716308594,107.86591828248095,103.92981124033633,105.67715038030826,7285300
2023-08-04,104.57355499267578,107.31411912453503,104.45400284212919,106.56000529223277,6928700
2023-08-07,105.28170776367188,105.39206145418858,104.15053332118637,105.29089922695881,3635100
2023-08-08,106.30252075195312,106.48645527430195,102.357221722859,103.59874992907905,4281300
2023-08-09,107.08421325683594,109.29137104486126,106.95546261974724,107.35091300977209,4818800
2023-08-10,106.5232162475586,108.14179755190538,105.90705153454988,106.9462550214026,3589300
2023-08-11,108.34414672851562,108.56486815204408,106.19216547199689,106.66118972651424,3771600
2023-08-14,108.23377227783203,108.31653753349546,106.9554574313315,107.75554963494393,4252400
2023-08-15,106.69126892089844,107.92896182190191,106.19249494608619,107.60568435126072,4214900
2023-08-16,105.88768768310547,107.98438608437363,105.81379367625013,106.91294412573221,3767200
2023-08-17,107.8181381225586,108.8803346205071,107.34707259368375,107.6056945948163,4044700
2023-08-18,108.33537292480469,109.01887487645672,106.82058100659187,106.99607046564552,4267600
2023-08-21,108.26148986816406,110.01643396465869,107.64264334870725,109.12048841267915,3271600
2023-08-22,107.28240966796875,108.75101609286102,107.21775417216068,108.61246658843785,3194300
2023-08-23,106.9683609008789,107.45789636323974,105.16723853050974,106.22944197451324,3136700
2023-08-24,106.03547668457031,107.49484457549588,105.98005265545234,106.39570116269527,3538500
2023-08-25,107.62416076660156,108.18759026924143,105.99853480359809,106.85753330377683,3710300
2023-08-28,108.54781341552734,109.3606334338465,107.53179543954907,107.58721947065672,2821600
2023-08-29,108.67713928222656,109.08354227372888,107.67959121350772,108.86186727409842,3213700
2023-08-30,109.63773345947266,109.8594155063543,109.00041695372121,109.24056193412787,2847500
2023-08-31,109.94254302978516,110.4320785602914,109.08354446120511,110.07185403607279,4395700
2023-09-01,112.81510925292969,113.14762528691433,110.81078158196549,110.83849007697731,6398300
2023-09-05,113.45243072509766,115.4475198451412,113.20304018076641,113.39700668917888,5785700
2023-09-06,113.67410278320312,114.0158573159839,112.61189922443366,113.11991176682113,4664000
2023-09-07,112.41792297363281,114.23752240796738,112.32555898673125,113.60019891858184,3503900
2023-09-08,113.35081481933594,114.54232927042972,113.10142430447515,113.38776182327534,4368400
2023-09-11,111.24488830566406,114.44073025092736,110.672220297572,114.01585026308642,4294500
2023-09-12,113.68334197998047,114.01585800119223,111.94686785878103,111.99305337997421,4486600
2023-09-13,112.97212219238281,114.2560007307621,112.19625618944325,114.05280276350722,3879700
2023-09-14,114.99491882324219,115.35514330640473,114.0158478738179,114.07126485679044,4686200
2023-09-15,114.13592529296875,116.37116629727404,113.78493930741595,114.57928231670144,12441000
2023-09-18,114.9764633178711,116.1310309212735,114.59776176143282,115.62301835700788,4945300
2023-09-19,113.75723266601562,116.4081151975876,112.8520486243358,116.23261867849477,4190700
2023-09-20,111.91917419433594,114.35762064170684,111.81757167178532,113.26770843819091,3444600
2023-09-21,109.97946166992188,112.83355567975596,109.68389272508685,112.7134761713758,4470700
2023-09-22,110.0626220703125,111.92840018609324,109.95178104531631,110.7645940878578,3641100
2023-09-25,111.82678985595703,112.01151783777983,109.813223847637,110.18268685820341,3291300
2023-09-26,110.9677963256836,112.16854940212033,110.22887027142697,110.65375733312325,5204500
2023-09-27,114.26321411132812,115.03369652059115,112.13743621749654,112.99146132829159,5364100
2023-09-28,113.91976165771484,115.39573951012201,113.41848415624881,114.049721704507,3964600
2023-09-29,111.20915222167969,113.81764502865559,111.06062241231183,113.69696987026254,5308900
2023-10-02,108.7027587890625,111.68256887223392,107.6445087439097,111.61758885480491,4769500
2023-10-03,109.16690826416016,109.23188828424983,107.74662562342071,108.387148023084,4162600
2023-10-04,105.20311737060547,107.33818032358634,103.66215242505763,107.05041266264554,7287600
2023-10-05,105.28666687011719,106.36348684113061,104.14487395433727,104.44192651835964,4070100
2023-10-06,107.05970001220703,108.22934045075041,105.04531217464638,106.17782015894039,4209700
2023-10-09,113.08429718017578,113.13071451705856,110.23444691993726,110.42938698672073,6532800
2023-10-10,111.75682830810547,113.4741633267182,111.571173148041,112.55515824450539,5705500
2023-10-11,111.43193817138672,111.57118309499442,109.56607319254185,110.93066069577357,7300700
2023-10-12,112.42520904541016,113.00075142871403,111.82181909364324,112.3973614769471,3859500
2023-10-13,115.90630340576172,116.93670599181874,114.57884826855347,115.16366848673795,5589100
2023-10-16,116.32402038574219,117.07594011948927,115.27505521054968,116.57466265775483,3769500
2023-10-17,116.46326446533203,117.36370691330606,115.98055677360192,116.22190707832159,4213800
2023-10-18,117.51223754882812,118.11562751585446,116.45398742672279,117.15948986889009,4781900
2023-10-19,117.3172836303711,118.21772603268296,115.91557087765158,116.67676836827668,4491300
2023-10-20,115.16366577148438,117.5865034618683,114.97801058725143,117.14092818679269,5289400
2023-10-23,112.63871765136719,114.3282124371197,111.98891741245578,114.23537776102542,5969400
2023-10-24,111.34838104248047,113.24209346472556,111.30197079253199,112.85221337016378,4664400
2023-10-25,111.77539825439453,112.25810592071765,110.25299619378222,110.95849855129178,5010600
2023-10-26,109.82599639892578,110.61504862773289,108.84201118672651,110.21588361258374,6066500
2023-10-27,109.35257720947266,109.8538476337908,108.0901021000021,109.25974253313308,5312500
2023-10-30,109.6681900024414,110.00237499940263,108.15507971452175,109.33400500548017,5830500
2023-10-31,110.2808609008789,110.45723119462566,108.13650606693284,109.44539843845129,4505000
2023-11-01,108.3036117553711,111.1813098478771,108.13651924252665,110.91211193268119,8350900
2023-11-02,113.26995849609375,114.41175847169505,108.95341505934384,109.41756012413774,9068700
2023-11-03,111.16273498535156,113.14927515253572,110.79141754389008,112.78724259474083,5935600
2023-11-06,109.97453308105469,111.91465605760843,109.71461297723808,111.61760349863349,4610800
2023-11-07,106.98542785644531,108.14579041454125,106.13140271343654,108.07152551107328,5491000
2023-11-08,106.2427978515625,107.32890263821785,105.79722257493223,106.9390154183022,5884300
2023-11-09,105.96430206298828,107.74661711524328,105.87147448194612,107.35673702549197,4306200
2023-11-10,107.31962585449219,107.87659853346453,106.38205081080876,106.97615594601818,4602300
2023-11-13,107.62749481201172,108.14063151699145,107.28229310884343,107.28229310884343,3225700
2023-11-14,107.79544067382812,108.98031038742381,107.60884225412676,108.22460636213845,5421700
2023-11-15,107.31961059570312,108.84968186182522,107.17966357738686,107.29162261564008,4733300
2023-11-16,104.48339080810547,106.13475299811567,102.60812475233365,105.90151031394488,6733200
2023-11-17,106.90910339355469,107.78609808253405,104.70729920756598,105.23909219347873,5799100
2023-11-20,107.65548706054688,108.76572445642576,106.90910766335071,107.28229736194879,4046400
2023-11-21,107.45022583007812,107.8793914660427,106.88111317590744,107.45955752942547,3720200
2023-11-22,107.15167999267578,107.41291064131457,103.70902306168414,104.51137128907413,4559000
2023-11-24,107.74877166748047,108.75638161507125,107.16100275705287,107.18899073593028,2159200
2023-11-27,107.10502624511719,107.41290112917632,105.76154632194756,107.27296123551339,5289500
2023-11-28,107.27296447753906,108.20593509282536,106.80647916989591,107.53419511093908,3469100
2023-11-29,106.33065032958984,107.8140700261658,105.72421807354301,107.62747877107452,6065300
2023-11-30,107.82342529296875,108.8776796388795,106.02279152754487,107.45023558321218,10242700
2023-12-01,107.50621032714844,109.1948849132548,107.15167692728001,107.3196119277437,4675800
2023-12-04,106.85313415527344,108.14996287125088,106.24670177086634,106.43330018345402,4824800
2023-12-05,105.55630493164062,107.19833536450697,105.46300928479629,107.03973205307143,5821400
2023-12-06,103.11192321777344,104.8006051001152,102.38420717828998,104.8006051001152,7489500
2023-12-07,103.41979217529297,104.40874587628984,103.23320089782237,103.85828950714993,5816800
2023-12-08,104.55802154541016,104.66998058705198,103.61571918609488,104.25013951939607,5713900
2023-12-11,104.6419906616211,105.08048088440049,104.0635463008892,104.60467098176731,7250100
2023-12-12,103.61571502685547,104.00756809787185,102.34687441118562,103.3451526922493,6888800
2023-12-13,104.35275268554688,104.7352740206917,103.43844554934752,104.02621442261854,8570100
2023-12-14,107.24497985839844,108.55114027101867,105.19244715142494,105.37903844551285,11490400
2023-12-15,106.86245727539062,107.98201918902028,106.00412600040782,106.68519057716553,30860400
2023-12-18,107.19832611083984,109.40946193398551,106.96508345486238,108.06598907579603,7000500
2023-12-19,108.68175506591797,108.82170209479636,106.59190268680572,107.24497933090281,6379200
2023-12-20,108.86834716796875,110.9675311254884,108.57912142691414,109.03628216929037,7767200
2023-12-21,108.99894714355469,109.0455913985764,107.55283999587861,108.69106516481072,4149300
2023-12-22,109.77333068847656,110.67830624474294,109.42812898363186,110.0905372945491,4299400
2023-12-26,111.04216003417969,111.42468140492954,110.44505940696119,110.74360972057043,2893600
2023-12-27,110.54769134521484,111.62060902621228,110.16517707654693,110.56635474446766,3441400
2023-12-28,108.69108581542969,110.27713314751003,108.63510985156849,109.77333523675624,3711400
2023-12-29,108.28990173339844,109.67070141039356,108.0473273743315,109.35348769192126,3643600
2024-01-02,109.7080078125,110.83690848562081,109.01761157176551,109.31616187462372,4688400
2024-01-03,111.89116668701172,112.12440934189851,109.54008385767328,110.04388172838792,4881900
2024-01-04,108.67241668701172,113.1133515390622,108.47648660065595,112.52558263399686,5891500
2024-01-05,108.71906280517578,109.87594435534871,108.22458952639221,109.62404542544039,3984600
2024-01-08,106.82514190673828,107.33827862335983,104.94054428187624,107.25430756154843,6769600
2024-01-09,105.20176696777344,106.82513382056538,104.7259499681962,106.82513382056538,5935600
2024-01-10,103.72766876220703,105.17377599994607,103.40113048471774,105.17377599994607,4445200
2024-01-11,103.55973815917969,104.7166197275573,103.50376220009717,104.12885080318821,4212600
2024-01-12,104.21282196044922,105.77088840351233,103.60639671371361,105.42568668992323,5549800
2024-01-16,101.35792541503906,104.25013285145258,101.07803138783743,104.02622190049173,6677500
2024-01-17,100.35965728759766,101.26463999982685,99.43601829340562,99.75322491278412,4864100
2024-01-18,99.7625503540039,100.14506461325689,98.68030100001775,100.14506461325689,6150900
2024-01-19,100.63954162597656,100.68618588538071,98.82024467719499,98.9415354112476,5702200
2024-01-22,100.81681823730469,101.12470029700377,99.8278715076068,100.29435688848346,5740200
2024-01-23,100.75149536132812,102.08564363397988,100.43428876685195,100.59289206409004,3969500
2024-01-24,102.31889343261719,102.64543174914024,101.15268007503379,101.61916541806714,5332000
2024-01-25,104.53936767578125,104.56735565733706,101.93637862107008,102.44018364307883,5958700
2024-01-26,104.70730590820312,104.91255348526799,103.03728748325486,104.53003919555448,4156000
2024-01-29,104.11952209472656,104.58600741514917,103.08392411394827,104.53003145445881,4705700
2024-01-30,106.40531158447266,106.66654224258001,103.33583711570813,103.7556710850947,6206500
2024-01-31,104.37142181396484,106.45194223059127,104.2967824589108,106.33065861712896,5501400
2024-02-01,103.91426849365234,105.63093819198983,103.37315092602532,104.80991946400188,5255200
2024-02-02,103.21453857421875,104.44605952515309,102.33755101937227,104.17550430540327,4610200
2024-02-05,102.59879302978516,103.42913641581382,101.96437264425745,102.86002369711977,4520400
2024-02-06,104.04488372802734,104.91254671701346,102.81336275507942,103.44778308162843,4777100
2024-02-07,104.7912826538086,105.39771511293299,103.97959547454957,104.23150158307935,6100700
2024-02-08,106.2653579711914,107.56218659930313,105.04316158505648,105.52831030691189,7715500
2024-02-09,103.70903015136719,106.63855768508502,103.57840770011694,106.34933191746194,5974000
2024-02-12,103.65304565429688,104.62333605806116,103.12125262817624,103.8116489685079,5802000
2024-02-13,102.41217803955078,104.42739792089345,101.54451511030612,103.6530306265997,6321100
2024-02-14,102.73872375488281,103.59705498787221,102.17893570745426,102.81335599227268,7248400
2024-02-15,104.29850006103516,104.95623548219699,102.26890418640137,102.45683371300363,9421900
2024-02-16,103.89445495605469,105.0501981840138,103.73472024361146,104.74951812638852,6967800
2024-02-20,102.92665100097656,104.89046624532074,102.75751800448167,103.87567543513008,6458300
2024-02-21,106.05561065673828,106.80730730754661,103.0769901858664,103.35888091040636,6925500
2024-02-22,105.4448471069336,106.09319144079615,104.58978387422913,105.29450348276546,5104900
2024-02-23,104.7777099609375,105.48242954631333,103.45283369941733,104.3830615448555,5206200
2024-02-26,105.63277435302734,105.72673553808809,103.93205324645754,104.48642925646115,5751200
2024-02-27,104.87167358398438,106.48783168447007,104.35487634181331,106.20594097623523,5060000
2024-02-28,105.27571868896484,106.47843905946067,104.43945195733012,105.14417159649054,4578900
2024-02-29,105.74552917480469,106.32809997624231,105.09718482875142,105.71734153693781,6624000
2024-03-01,107.3428955078125,108.55501417088847,106.76972295002979,106.92946485293736,5094300
2024-03-04,104.89986419677734,107.48383614337595,104.84348892104256,107.15496842029187,5877200
2024-03-05,104.50521087646484,105.9898217623424,104.15754665571289,104.49581260866671,6247000
2024-03-06,105.22875213623047,106.08381554930112,104.74954786286348,105.52004117730579,4888700
2024-03-07,105.9334487915039,106.58179312073696,104.94684564786503,104.98443155363869,5097300
2024-03-08,106.17774963378906,106.37507025515599,105.10657644992389,105.4354441522021,5227600
2024-03-11,108.29192352294922,108.39528298224353,105.84889674707671,106.52542878290156,5899300
2024-03-12,108.07579803466797,108.74293891843354,107.4556484953081,108.1321804791761,5653000
2024-03-13,110.45307159423828,111.44907315263485,109.15638274553979,109.74835188734721,7685400
2024-03-14,112.54842376708984,112.7457444065188,111.57121167031393,111.97525121831956,7800800
2024-03-15,112.79273223876953,113.5068501727827,111.93766893808835,111.93766893808835,17549000
2024-03-18,112.99944305419922,113.76053794336003,111.96585572068706,113.60080321801642,4827900
2024-03-19,114.65318298339844,114.78473724347803,113.03703198044902,113.09340725706969,4457800
2024-03-20,114.54983520507812,114.97266413392305,113.72295954862888,113.90149082332208,3597000
2024-03-21,116.05323028564453,116.12839493098672,114.3337126737163,114.70016630658249,4925600
2024-03-22,115.60221099853516,116.5606337433485,115.30153089931076,116.0908206402617,4976100
2024-03-25,118.60901641845703,119.00365769542266,115.71496604981797,116.25055268820815,7054400
2024-03-26,118.38349151611328,119.23855471668134,117.64118602943347,118.86270283916546,5203400
2024-03-27,119.18217468261719,119.3513076724766,117.75394612174316,118.06402446461516,3847800
2024-03-28,119.59561157226562,120.8735036707381,119.06002496987485,120.27214352660734,4657800
2024-04-01,120.91107940673828,121.1553913682506,119.09760791965348,120.27214054213528,3036000
2024-04-02,122.78094482421875,122.94067954599096,120.86411382539521,121.7003805085303,4969700
2024-04-03,123.68299865722656,124.03065575579633,122.64001302395961,123.00646666064489,3707300
2024-04-04,123.79574584960938,124.43468475261211,123.13801040900147,124.15280837632108,3908400
2024-04-05,125.4588851928711,125.75955809966229,123.26955458421591,123.9930707205663,3595500
2024-04-08,124.42530059814453,125.92870826421928,124.1997851469659,125.67500517383807,4481900
2024-04-09,124.26556396484375,125.15820598025543,123.10042232455991,124.77295580029572,3756000
2024-04-10,124.8011474609375,125.60921215568344,123.8051317356127,124.48166368533381,4402400
2024-04-11,124.89511108398438,125.14881416904835,122.7621556244923,124.53804854482453,4328800
2024-04-12,123.27894592285156,127.01865392194571,122.51785104826165,126.1729961363029,4955300
2024-04-15,122.38630676269531,124.60382506333742,122.17958786146583,124.15280852318097,4219300
2024-04-16,121.70977783203125,122.90310709400649,120.74196401456118,122.15140328321364,3878600
2024-04-17,120.58222198486328,122.28294297207047,119.84931475653705,121.32452031289125,3869700
2024-04-18,120.09361267089844,121.41848894737502,119.56742433522011,120.95806698487807,3588200
2024-04-19,121.56884765625,122.63061555910697,120.09362757575902,120.40370595581557,3984800
2024-04-22,121.5218505859375,122.52724310169066,119.27614468152763,120.84531861713512,4194900
2024-04-23,122.00105285644531,122.3299277358312,120.01844832427508,120.86411327210743,3773600
2024-04-24,121.47486877441406,121.86011894089026,120.54463371482562,121.5594316877701,3846600
2024-04-25,122.2547607421875,122.75276146198333,120.55403967976505,121.86951057402622,3666400
2024-04-26,122.37692260742188,122.87492335112921,121.08023385113437,121.64401531149193,4823100
2024-04-29,122.35811614990234,122.56483504610547,121.0238487619457,121.91649072051904,3609400
2024-04-30,118.03585815429688,122.01048054973221,117.85732686363896,121.97288746877292,6296800
2024-05-01,116.83312225341797,118.1392093112593,115.9686678404291,117.52845082666396,5423500
2024-05-02,114.86930084228516,117.6411952139126,114.31492483547122,117.19017866070445,7685900
2024-05-03,114.85050201416016,115.27333089406727,113.58200103688228,115.11359617666044,5020700
2024-05-06,116.0908203125,117.65999435187268,115.59281240285962,115.6491948498406,4848600
2024-05-07,116.0814208984375,117.3968990041494,115.63979544013333,116.19417862250845,5902000
2024-05-08,115.6303939819336,116.48545723613697,115.29212798782883,115.41428397773146,4200200
2024-05-09,115.94047546386719,116.72976519431795,115.24515408780692,115.56462355264202,5430500
2024-05-10,115.27855682373047,117.23595630102264,114.95704779669762,116.34708646589051,4515900
2024-05-13,114.97596740722656,115.89320428604516,114.6733744670953,115.24074254242808,6421200
2024-05-14,114.45587158203125,115.52440115528792,113.87905275358392,114.91921537042246,6144700
2024-05-15,114.13436889648438,115.27855577419375,112.20534360938618,114.10600193849528,6138600
2024-05-16,113.31170654296875,114.78684618134028,113.09421449184201,113.80341735096441,5002900
2024-05-17,115.08943176269531,115.3541996588906,113.5291841293913,114.32349503236124,4450300
2024-05-20,114.31402587890625,115.46766349839403,113.93578297203402,115.12724560364737,2814700
2024-05-21,113.86014556884766,115.10834217072862,113.74667052708257,114.12491345191577,2756700
2024-05-22,111.76091003417969,113.20768262402014,111.00442414495315,113.01855754452146,4468100
2024-05-23,111.25027465820312,112.93344805828579,110.82474867256579,112.36608729181957,3757200
2024-05-24,110.8720474243164,112.13915307483256,110.50326251323278,111.95003519738927,2851100
2024-05-28,112.48902130126953,112.74433835397667,111.3259327281319,111.42049166031141,3830700
2024-05-29,108.9808349609375,111.25974351933748,107.61916321768162,111.2030023871123,14290900
2024-05-30,107.40167999267578,110.04936627094273,106.7870360874834,109.4063554064065,9914300
2024-05-31,110.1439208984375,110.20065481118988,107.58132855190617,107.66643663541835,13830200
2024-06-03,107.6759033203125,110.09664665016766,106.81540043123744,109.935895741566,7129500
2024-06-04,106.16292572021484,106.85321960526801,105.24569617837591,106.66410174835734,7683600
2024-06-05,106.12511444091797,106.33314121054785,105.24570264492098,105.96435631684436,5119100
2024-06-06,106.09673309326172,106.28585816338754,105.4726383978059,105.6901232104709,5355200
2024-06-07,105.90762329101562,106.65465114245515,105.10386152141602,105.87925633193558,4375700
2024-06-10,107.13690185546875,107.79882155823073,105.87924720583732,106.26694097048828,5307300
2024-06-11,107.4489517211914,107.46786783628274,106.52226408447098,107.03289097617541,4181900
2024-06-12,106.08728790283203,108.71606519537929,105.49155291817486,108.27163027488398,8650100
2024-06-13,104.85800170898438,106.06837338294743,104.10151580556536,105.90762247314576,5939300
2024-06-14,103.4395980834961,105.13222973450934,103.18428823434616,105.13222973450934,5690400
2024-06-17,103.58143615722656,103.92185408607475,102.57909848583138,102.97625033135958,5754200
2024-06-18,103.45850372314453,105.15112798837806,103.0802608023033,104.08259841030646,5690200
2024-06-20,105.27406311035156,105.76577386683225,103.31666371281965,103.63816551236783,5442400
2024-06-21,105.28352355957031,106.15348453792802,104.70671187918492,105.74687461562115,27096700
2024-06-24,108.90518188476562,109.68057666925876,105.82251886180106,106.14402067309584,8802700
2024-06-25,108.73497009277344,108.80116206481115,107.477322624057,108.47020220462261,4956400
2024-06-26,107.43004608154297,108.93355262965851,106.62628431098146,108.93355262965851,5366500
2024-06-27,107.77044677734375,108.11086466101625,106.95722707905756,107.79881373191927,3846500
2024-06-28,108.15814971923828,109.28342044239378,107.45840499408172,109.1226695431955,7191800
2024-07-01,108.13924407958984,109.17940674875119,107.4678662911822,108.78225491015242,3925100
2024-07-02,107.91230010986328,109.32124764551315,107.16527229850962,109.10375561359645,3836700
2024-07-03,108.52693176269531,109.36852567965245,107.51513610823139,107.84610316951745,2326200
2024-07-05,106.42770385742188,108.47966224243812,106.04000286099127,108.29999522317672,4188300
2024-07-08,106.12511444091797,106.51280823572081,105.26461154602035,105.8792554403209,4199600
2024-07-09,105.14168548583984,106.51280806646797,104.64051664208452,104.87691758456415,3460400
2024-07-10,106.40879821777344,106.50335715823611,104.47031468794204,104.76344956769175,3867700
2024-07-11,107.78937530517578,108.15816021058339,105.86980074257087,106.40879462081158,5839100
2024-07-12,106.98561096191406,108.36619161330864,106.71138500032151,108.1770737432924,4505900
2024-07-15,108.33782958984375,108.93355740048062,106.87214078009977,107.80829375816653,5118100
2024-07-16,108.9240951538086,109.14157997002931,106.9950626932894,107.53405652678859,4633700
2024-07-17,109.76569366455078,111.0138904241464,109.24560867539235,109.45364267105572,6484000
2024-07-18,110.266845703125,111.95947715606906,109.07538304628491,109.9737108709246,5957100
2024-07-19,108.1297836303711,110.93822782505332,108.01631580150075,110.78693498176492,7559100
2024-07-22,106.2102279663086,107.48679176687969,106.00219395751913,107.4205997835726,5172800
2024-07-23,104.80126953125,105.95490730664464,104.08260863250862,105.76578222045778,5714300
2024-07-24,105.05657958984375,106.30477630363733,104.49867681684091,105.64285653661966,4808000
2024-07-25,104.99037170410156,105.94543340698024,104.44191985774482,104.96200474901126,5492100
2024-07-26,104.82963562011719,105.47264647904451,103.95022381620753,105.10386158202282,5198800
2024-07-29,103.18428039550781,105.23623873390883,102.48452844921995,105.18895566221398,4629500
2024-07-30,103.93130493164062,104.2717156224829,103.0140681989144,103.23155300735208,9794200
2024-07-31,105.15113067626953,106.28585946779937,105.05657174723801,105.53883166399778,7554600
2024-08-01,102.49398803710938,106.55062891718342,102.04955312832227,106.33313688427639,9704600
2024-08-02,100.0165023803711,102.20085188132425,98.3238780687007,101.8604339646662,7445100
2024-08-05,98.88178253173828,99.58152727738955,96.70689104995598,98.34278868999348,8475000
2024-08-06,100.04488372802734,100.65952041916142,98.44681101655627,98.88178789362264,8424900
2024-08-07,101.1134033203125,102.5412669187363,100.65005953013184,101.41599621391387,7735400
2024-08-08,102.38052368164062,102.73039969654063,101.10395995174986,101.406552889312,5392900
2024-08-09,102.70201873779297,103.16536253213543,101.2646970694886,102.38050972736289,5776200
2024-08-12,104.79739379882812,104.98788692539995,103.13061709081586,103.29253079847459,5906900
2024-08-13,103.18775939941406,104.178301838717,102.73059043762478,103.8068493322996,5866800
2024-08-14,104.13069152832031,104.6164326769808,103.08300470977139,103.34968783450346,6388000
2024-08-15,105.94033813476562,106.07367969936509,104.46404718396701,104.46404718396701,6307000
2024-08-16,105.8927001953125,106.0831860454839,104.63547469110085,105.07359795975059,3819100
2024-08-19,106.42607879638672,107.38804916501006,105.835568232071,105.93081116826028,4335600
2024-08-20,104.62596130371094,106.49275048182508,103.67351740059738,106.26416597971752,6783300
2024-08-21,104.40689849853516,105.90223506734722,103.7211377570165,105.54030175011795,4011900
2024-08-22,104.7402572631836,105.26409705032964,104.2068910023599,104.38785040281348,3644500
2024-08-23,106.10224914550781,106.18796560631806,105.02598291597855,105.55935642733263,4024200
2024-08-26,108.1595230102539,109.55961665479369,107.5690124644159,107.64520245104113,6253900
2024-08-27,107.08326721191406,108.25477639793696,106.7308603554359,108.25477639793696,3521700
2024-08-28,106.81658172607422,106.86419955974465,105.37838944433814,106.7118123188012,4506400
2024-08-29,108.9310073852539,109.6643859635367,106.74038359054892,107.6071109950895,5270200
2024-08-30,108.37859344482422,108.61670442244272,107.06422346433544,107.74045776878353,5559500
2024-09-03,104.62596130371094,106.58800068539269,104.01639778704389,106.57847421172187,6369900
2024-09-04,103.39730072021484,105.90223266457146,103.2830121102681,105.08313038262737,6251500
2024-09-05,102.34008026123047,104.18782350180156,102.18769303652536,104.02590980474947,5582400
2024-09-06,100.97809600830078,103.45445588621008,100.69236720693667,102.60678142232746,5229900
2024-09-09,100.57807922363281,101.59719395498072,100.52093491218716,101.00668335918719,6477000
2024-09-10,99.05416107177734,100.71141134737711,98.33030170622862,100.53045195591739,5611500
2024-09-11,97.6921615600586,99.09225512712193,96.48256111544207,98.86367064675535,6803100
2024-09-12,98.00647735595703,98.74938242463779,97.29214444121473,97.83503716575608,6775900
2024-09-13,98.57794189453125,99.40657068874039,98.14934505379178,98.40650170492142,5441600
2024-09-16,100.53046417236328,100.66380574714564,99.48276998968636,99.96851845014831,9325300
2024-09-17,103.14014434814453,103.34015668263868,100.29233930000906,100.49235163450321,8661300
2024-09-18,103.45446014404297,104.70215934112844,102.39724682237333,102.40676602954487,7424100
2024-09-19,105.29266357421875,106.05461424398378,104.16877961473863,105.24503847823432,7990700
2024-09-20,104.64500427246094,106.42606955084199,104.51166272006566,105.87365766230566,33515100
2024-09-23,104.47357177734375,105.66412663024786,102.37819087629043,104.86406999047982,8197600
2024-09-24,103.73066711425781,106.16892113716341,103.60684475847046,106.04509878137605,7787400
2024-09-25,100.701904296875,103.64495268064819,100.66380566602919,103.34017090045253,6561400
2024-09-26,97.44453430175781,99.26370566145125,97.31119273541665,98.10172292627519,9524000
2024-09-27,99.73992156982422,99.85421018171813,97.7207379830492,97.74931013602269,5489500
2024-09-30,100.2732925415039,100.55902861788171,98.93035042229694,99.43514452620347,6584000
2024-10-01,104.16879272460938,104.46404801047701,99.14940926543738,99.56848690982011,8067600
2024-10-02,105.11170196533203,106.33082890862077,103.42587231205793,105.9879485474996,7559900
2024-10-03,107.07373809814453,107.15946182504233,104.75929920388491,105.43553347944949,7397400
2024-10-04,109.0929183959961,109.17863485371362,106.72133526707026,108.16904670777929,7585100
2024-10-07,109.26436614990234,110.55969044446596,108.99768301865166,109.47390497204798,4899800
2024-10-08,105.5307846069336,107.54996097803131,104.92122110623578,107.37852078929942,5579800
2024-10-09,105.69269561767578,106.21653537731807,104.34022708927142,104.68310745796124,4217200
2024-10-10,106.54037475585938,107.46424649735289,105.49268792388835,106.33083593615112,3946400
2024-10-11,105.23551940917969,106.38797560069949,105.0259805986179,105.48315684589541,6820300
2024-10-14,104.26402282714844,105.17836799332505,103.72113015765078,104.48308082951324,5174000
2024-10-15,100.20661163330078,102.03530199093187,100.12089517899129,100.9590431095965,6395700
2024-10-16,100.15899658203125,100.95904591072883,100.04470070654456,100.61616555083852,4602900
2024-10-17,101.1019058227539,101.18762227256096,99.94944975374341,100.31137576387731,5093400
2024-10-18,100.64473724365234,101.09238700405295,99.7208655707523,100.89237467279156,4326600
2024-10-21,99.9970703125,101.75908985015867,99.7113415387704,101.57813047343407,4387000
2024-10-22,100.00659942626953,100.77807658225565,99.77801494793468,100.74950443078498,4710800
2024-10-23,99.53990936279297,100.06374912332258,98.73033353901452,99.61609934863205,4541300
2024-10-24,99.40656280517578,100.16851349123738,98.53030897967906,100.00659978793837,3504600
2024-10-25,99.5875244140625,100.41615316108391,99.2922691524367,100.06374632846267,3823100
2024-10-28,98.34935760498047,98.43507406668135,96.67305433265149,96.95879040479478,4438900
2024-10-29,97.45404815673828,98.82556953759422,97.30166092918175,98.06361160010327,3809400
2024-10-30,98.08267211914062,98.51126895046983,97.50168078191749,97.96837623972017,6413100
2024-10-31,104.33070373535156,105.38791702599188,100.95905152014326,101.88292324859202,11969400
2024-11-01,102.71154022216797,104.77834887765202,101.60670914633565,104.30212695763106,7428000
2024-11-04,103.68304443359375,104.83550069058973,103.54970286776415,103.81638599942335,5441700
2024-11-05,104.01639556884766,104.78787278861505,103.41635853864749,103.99734988848247,6003100
2024-11-06,108.2261962890625,109.40723194114823,106.09272401632502,106.67371536885602,7733600
2024-11-07,107.05469512939453,108.56907743276616,106.54037455469184,108.49288744384631,5442000
2024-11-08,107.02591705322266,107.41915138759404,106.03804567105901,106.55596031475964,5314000
2024-11-11,107.46710968017578,108.13847645182847,106.41209429993728,106.95878076181131,3820200
2024-11-12,106.11477661132812,108.21520702645908,105.95173143940585,107.86033754873199,5175700
2024-11-13,107.24652099609375,107.86034417769581,105.02141013344891,105.90378004233318,5961600
2024-11-14,108.30152130126953,108.39742979445704,106.79573527444374,107.98501668813665,4389900
2024-11-15,107.72607421875,109.40449863466014,107.30406802405497,108.07135068398236,4124000
2024-11-18,109.10717010498047,109.77853688302753,108.13847748178479,108.75230062667042,5089000
2024-11-19,108.46456909179688,109.47162658796752,107.6589289487397,108.0137984311906,5100000
2024-11-20,108.79065704345703,109.32775042420496,108.03296755713134,108.28233547705653,4092700
2024-11-21,107.3232421875,110.66090455734157,106.93960090017309,109.59630346075014,12535500
2024-11-22,107.17938232421875,108.11930316960401,106.5847379267424,107.58220240766269,7516200
2024-11-25,101.76045989990234,107.38078379904482,101.22336649816,107.32324016810065,23447400
2024-11-26,102.41264343261719,102.95932985488798,100.60953900697896,102.2591913176483,12073700
2024-11-27,102.9977035522461,104.53226142037339,102.72915683999246,102.9689317355545,6237600
2024-11-29,103.9088363647461,104.08147456751824,102.96892295203544,103.34297117181701,3918700
2024-12-02,101.798828125,104.29248555211818,101.22336984448796,103.90884425932714,5939700
2024-12-03,101.71251678466797,103.26625347308274,101.38641911154988,102.65243030675974,5862600
2024-12-04,99.27639770507812,101.77005510264759,98.6242097102662,101.60700993328184,7291000
2024-12-05,100.16836547851562,101.53987821170998,99.7559523540628,100.78218864272226,7074700
2024-12-06,98.99826049804688,100.31222224856444,98.2117991297414,100.17794889183051,5365600
2024-12-09,98.94070434570312,100.75340174960454,98.67215034886556,99.95734743729805,6526500
2024-12-10,98.17342376708984,99.88061967782474,97.92405585239366,99.39147689212989,5860800
2024-12-11,98.01038360595703,98.51870518760451,97.53083383951997,98.17342877038193,8195500
2024-12-12,96.7827377319336,98.42279706112086,96.74437287239516,98.19260790389023,5908600
2024-12-13,96.88822174072266,98.07751030906314,96.46622296495963,96.91700087035585,6887800
2024-12-16,95.4975357055664,97.3390049659405,95.36326236266507,96.99372856495182,7441800
2024-12-17,94.24112701416016,95.2002265965467,92.79288459589871,94.73026253268594,8737800
2024-12-18,91.9296875,94.48089573473558,91.83377901149949,93.99175293082976,8466500
2024-12-19,91.28709411621094,93.02306193457282,91.21036439717813,93.02306193457282,9951200
2024-12-20,91.22955322265625,92.43801340560945,90.37595519551594,90.8842767939985,29542200
2024-12-23,92.4380111694336,92.91756094015199,90.71163638525663,91.52686953200815,7892300
2024-12-24,93.13815307617188,93.21488279237323,91.92968565672025,92.5531017954964,2677400
2024-12-26,92.92716217041016,93.1765301220083,92.30374595008952,93.15734403177413,4325600
2024-12-27,92.95592498779297,93.97257546863132,92.52433312485648,93.03265470660128,5889700
2024-12-30,93.11897277832031,93.60811560283184,92.20783112315962,93.27243222026469,5238800
2024-12-31,95.11390686035156,95.23859449313899,93.12857095423352,93.32039526723366,5556400
2025-01-02,95.98668670654297,97.13760326342087,95.44958597163081,95.90995698479138,5080600
2025-01-03,96.95537567138672,97.25270152508465,96.18810037689204,96.50460500307888,5758200
2025-01-06,95.9003677368164,97.97202640202993,95.56468433755013,97.39656810080928,5935500
2025-01-07,97.51164245605469,98.29810373761096,95.8236326383499,96.38949781969055,5074700
2025-01-08,97.46369934082031,98.25974640969278,96.62928009434562,96.86905498291719,5119900
2025-01-10,97.75143432617188,100.16836953581354,97.05129568114721,99.2668135255274,7013200
2025-01-13,99.96694946289062,100.80136138951232,97.84733301501191,97.84733301501191,7342100
2025-01-14,100.59036254882812,100.65749922755688,98.93112435281066,99.15171316119834,4808100
2025-01-15,101.16581726074219,101.5398654758476,100.16835291467827,100.7246250567912,4566900
2025-01-16,101.29049682617188,101.82759019425812,100.79176099807893,100.8876768001072,5273500
2025-01-17,101.52068328857422,101.80841607310097,100.86849531868245,101.47273270271887,8559300
2025-01-21,100.01490783691406,101.40560668514067,99.78472597551256,100.70546073846805,7144700
2025-01-22,98.84480285644531,100.695865385042,98.71052949726,100.0149055442167,4839100
2025-01-23,99.73675537109375,101.16581890053023,99.39147896426935,99.85184994581805,5734200
2025-01-24,97.66510009765625,100.4656687741467,97.56919161480212,100.23548695182716,5962100
2025-01-27,98.48993682861328,99.46821516684129,97.25269750970651,98.26934070867762,6831000
2025-01-28,97.23351287841797,99.10376145160208,96.61968973202345,98.68175529444994,4742100
2025-01-29,97.40614318847656,97.7322408245357,96.24563366786467,97.0129161972462,4130600
2025-01-30,97.31024169921875,98.08711001100447,96.81151314140115,97.82815634619224,4046900
2025-01-31,94.7878189086914,97.19515372977624,94.52885790890967,97.18556800189508,6264900
2025-02-03,94.4521255493164,94.89331045790854,93.07101987556797,94.71107920446985,5948600
2025-02-04,96.46624755859375,96.67725065894354,93.5409906080168,93.7040357974326,5310900
2025-02-05,96.11136627197266,96.75396122262995,95.33449796796457,96.41827783925294,6961100
2025-02-06,95.85240936279297,96.96496101249087,94.56721218766495,94.8453519294266,8543400
2025-02-07,94.3370361328125,96.34155076092937,94.25071336480529,95.96750250671283,12121700
2025-02-10,95.4112319946289,95.53591230912411,93.81912313683993,95.53591230912411,10338500
2025-02-11,97.55001831054688,98.41320940404096,95.14267629351039,95.45918091401641,8063700
2025-02-12,94.37539672851562,97.55001388216016,94.30826005303322,96.86905408302472,7585800
2025-02-13,92.9367446899414,94.00134573953346,92.46678797532151,93.8191144896947,9329100
2025-02-14,93.07211303710938,95.1992516211945,93.05277125582545,93.70058814772986,7960800
2025-02-18,94.22270202636719,94.39674118132211,92.13423954363647,93.05277502012011,11777700
2025-02-19,96.27249145507812,96.9686480442138,94.90919094862758,95.09289360979028,7515100
2025-02-20,98.62201690673828,98.70903279259116,95.91474290370518,96.44653123967788,6309200
2025-02-21,94.69647216796875,98.20625290422868,94.5514383210578,97.70347726189566,8562200
2025-02-24,95.54732513427734,96.05977166172761,94.64812414451796,94.8124923935628,6277700
2025-02-25,93.86495971679688,96.45620524565571,93.6715787807755,95.99209837593285,5822000
2025-02-26,92.94641876220703,94.17436375659585,92.07623035092948,94.07767697497931,6292400
2025-02-27,94.14535522460938,95.71170021246657,93.12045471985316,93.98097958710832,6306300
2025-02-28,95.86640167236328,95.90507785770056,92.90773619624997,93.91329488483504,9002600
2025-03-03,89.56233215332031,96.45620977940095,88.52776807134565,96.44653888796321,12640200
2025-03-04,87.63822937011719,89.0595478279927,85.54009611169526,88.04431825044503,14000500
2025-03-05,85.93650817871094,86.43929117594585,83.93506183306144,85.88816848299099,12081100
2025-03-06,85.66578674316406,86.67134541332909,85.00830635793031,85.85916766630808,8679000
2025-03-07,87.6285629272461,88.05399361016995,86.42963062968518,86.42963062968518,8603700
2025-03-10,89.82339477539062,90.91596945484955,87.64790893120224,88.4214105830986,12086700
2025-03-11,92.2502670288086,92.95608715469244,89.82338977880701,89.82338977880701,14544100
2025-03-12,94.51276397705078,94.5514401620953,91.86350800368942,92.02787625758262,10147300
2025-03-13,93.00443267822266,96.07911941065731,92.95608560115768,93.7876051649231,11354700
2025-03-14,95.67301940917969,96.34017068765392,93.03343434315445,93.72959091604444,7625800
2025-03-17,96.06945037841797,97.19103029608607,95.74070647681856,95.96309270820008,8031100
2025-03-18,97.20069885253906,97.5874533370673,95.46031473725434,97.13301737100124,7861500
2025-03-19,97.97420501708984,99.26016050622636,96.94930455591849,97.1716907755931,8784600
2025-03-20,98.92176055908203,99.23116270887928,97.50044189770026,97.8001805323404,11577800
2025-03-21,98.54466247558594,99.55022115922188,97.98386885604758,99.01844021108975,55090400
2025-03-24,98.80572509765625,99.5212160826221,98.20625529165736,98.65102035672955,6768300
2025-03-25,99.15380859375,99.92731020880944,98.06122658959498,99.18281389001457,6556500
2025-03-26,99.78227233886719,101.39697174104845,99.21181519732423,100.21737389552716,7168400
2025-03-27,99.41485595703125,100.40107283748323,98.84439883662023,99.49220832558024,4712000
2025-03-28,98.97976684570312,99.84029170373496,98.24493406043352,99.04744832745637,3745400
2025-03-31,101.54199981689453,101.96743048965067,98.63168871965867,98.83473316527548,7905800
2025-04-01,101.8997573852539,102.2091595244966,100.57512555773391,101.4356578647543,6809500
2025-04-02,102.58622741699219,102.68291418753951,100.78782545324654,100.94253018750446,6527500
2025-04-03,92.09556579589844,98.08057132995934,91.9698737160513,97.0073310754279,13870900
2025-04-04,83.43228912353516,89.58166221565234,82.71679816205912,89.04987390708567,15158400
2025-04-07,82.83282470703125,86.45863420032438,79.01364165812046,81.22780354056553,12870200
2025-04-08,79.9225082397461,85.35638298159593,78.57853482441838,84.2638084498265,11509800
2025-04-09,88.47942352294922,89.40762987847143,77.2345748334208,78.4238436063661,17841900
2025-04-10,80.53164672851562,85.7141376742804,78.12411129670289,85.56910381957952,15621900
2025-04-11,83.52898406982422,84.09944861818258,79.72913530023659,80.54132048946762,9233400
2025-04-14,83.58699035644531,85.68513101743177,82.75547080454723,85.66578923619052,6537200
2025-04-15,82.88117218017578,84.80526636165638,82.63945154613502,83.7320261563771,5739600
2025-04-16,83.4999771118164,85.43374220032214,83.16156969667358,83.51931151694097,6093300
2025-04-17,86.03321838378906,87.48354230722177,84.78593892442946,84.90196011719755,7804400
2025-04-21,84.65056610107422,84.95029731649632,83.4709682669603,84.37016928995467,6213500
2025-04-22,86.7873764038086,87.47386210260534,84.91162196865275,85.94618596215322,5556800
2025-04-23,86.95174407958984,88.63411757493179,86.12989542464699,87.7735927345327,7699600
2025-04-24,88.75982666015625,89.15624469485505,87.15479798471078,87.74459696768976,6520300
2025-04-25,88.68246459960938,88.96286141145877,87.60922442818614,87.64790061362,4736600
2025-04-28,89.8523941040039,90.24881210671127,88.58578034608388,88.58578034608388,4667600
2025-04-29,88.837158203125,89.542985648133,87.39650539617155,87.98630428979078,4828800
2025-04-30,86.1685791015625,87.74459506809995,85.1533494310748,87.72526066205496,8415300
2025-05-01,87.64791107177734,88.35373125416152,85.3273913059579,85.50143047281259,8027600
2025-05-02,88.38273620605469,89.37862403841552,86.72936057704841,88.72114361849842,6895400
2025-05-05,84.70858001708984,86.83571865684814,84.65056942517612,86.83571865684814,9275000
2025-05-06,84.72791290283203,86.6036673595097,84.67957320268019,85.58843775885404,8902400
2025-05-07,84.80526733398438,85.39506627794441,84.00275304935306,85.27903771665233,9200900
2025-05-08,85.87850189208984,89.20457999598693,85.75280982485296,86.40061931840354,15884200
2025-05-09,85.65612030029297,88.05399223468629,85.37573085644958,87.87995308318412,7569300
2025-05-12,89.21424865722656,91.09967403493611,89.04020950507996,90.29715975688633,8799600
2025-05-13,91.05132293701172,91.93118954977234,89.23358649897382,89.65901715804296,8293600
2025-05-14,89.50431823730469,90.71292143667237,89.31094467609726,89.92974892403524,7605200
2025-05-15,89.88140106201172,89.99742962376205,87.7252571040995,87.89929625836076,6696200
2025-05-16,89.36894989013672,90.51954242723552,88.47941975935636,90.47119535147935,6696200
2025-05-19,88.1598129272461,89.61272662718181,87.76001373814157,89.46645844971654,7190100
2025-05-20,87.4577407836914,88.17932111135748,86.99943725142062,87.9160443159622,5313200
2025-05-21,84.98095703125,87.33097155466693,84.87369418583373,87.33097155466693,8639100
2025-05-22,83.986328125,84.41537944972043,82.74794012797739,84.2301059341351,6587200
2025-05-23,83.06973266601562,83.58654045622303,82.66018027270205,82.9234644855114,6789600
2025-05-27,83.4207763671875,83.65480100082787,82.45541080434162,83.51828601124524,7227100
2025-05-28,82.47491455078125,84.45438927573011,82.18237818848462,84.36662539123762,6793000
2025-05-29,83.46952819824219,83.47928139458581,82.24088584176212,82.68944359946028,6999800
2025-05-30,83.22575378417969,83.90833620559422,82.43591595661663,82.83570774901557,20170600
2025-06-02,84.56165313720703,85.38074305834824,83.72305682393838,84.88344165173056,8634400
2025-06-03,85.72203826904297,86.39486000964999,83.25500042178776,84.50314913956284,5642900
2025-06-04,83.81082153320312,86.65815246432521,83.66456077537097,85.76104432573383,7268000
2025-06-05,83.22575378417969,84.67866763966893,83.10874518128699,84.67866763966893,5110200
2025-06-06,85.04920959472656,85.60502274349464,84.57140713619127,84.59090608899501,6042100
2025-06-09,85.84880065917969,86.59963309479348,84.85418295646035,85.61477602774939,6212600
2025-06-10,88.91065216064453,89.40796102644632,86.86291983726719,87.10669767194328,9687600
2025-06-11,91.02664947509766,91.48495303234594,88.87165413186422,89.53473019435987,8738500
2025-06-12,92.33329010009766,92.40154759257288,89.83700014777091,90.3928132835002,7862300
2025-06-13,94.54679107666016,95.80468555067729,93.08412412168799,94.12749291865445,16849700
2025-06-16,92.63558197021484,94.50779405192007,91.67022377800895,93.72770940429764,10330400
2025-06-17,93.12313842773438,94.3420276741707,92.46981557712681,93.54243662608884,9468100
2025-06-18,91.46544647216797,93.75695662836482,90.98763656014339,93.14263172419297,9116000
2025-06-20,92.33329010009766,92.8110925474242,91.35817881358953,92.00174839414036,16026400
2025-06-23,89.4274673461914,93.91297838581198,88.8814073321796,93.8544740813135,9749700
2025-06-24,87.16520690917969,89.36896074254786,86.82391940920242,87.99405010612719,11016200
2025-06-25,86.78490447998047,87.77951471861438,86.58988519852556,87.08718659808817,8380800
2025-06-26,88.62786865234375,88.64737504517089,86.98968131179048,87.05793880766731,6545000
2025-06-27,87.92578887939453,88.68637454410914,87.5650024402146,88.63762344018416,7555700
2025-06-30,87.5064926147461,87.9452971967269,86.88242193058215,87.28222116486404,6518900
2025-07-01,89.70049285888672,90.03203459328942,86.97993124337096,87.62350831864772,11895200
2025-07-02,92.08950805664062,92.1285133990538,89.6224778051971,90.80236151503928,9436000
2025-07-03,91.34843444824219,92.41130228231845,91.2216726469653,91.6117112476663,4331500
2025-07-07,90.24655151367188,91.38742992040272,88.96915068403769,91.02663607028323,6287100
2025-07-08,93.40591430664062,94.50778742085613,90.21729612168846,90.24655571049827,12934700
2025-07-09,92.1772689819336,93.40591128944374,92.05050719255499,92.8500981521549,5351500
2025-07-10,92.99636840820312,93.16213554559083,90.88037120930841,91.75797287710934,4065100
2025-07-11,93.23039245605469,93.79595879837521,92.30403969220914,92.3430375976371,4903400
2025-07-14,91.82623291015625,93.27915416016235,91.47519223333013,92.5965717598853,5504200
2025-07-15,90.24655151367188,92.20651982077094,90.16854082615815,91.92373665816517,4152400
2025-07-16,89.2324447631836,90.68535864114575,88.83264552509142,90.1100464959998,3773700
2025-07-17,90.50007629394531,90.65609767105038,88.51084837290817,88.83263688355582,4899400
2025-07-18,89.35919952392578,91.41668497560408,88.65711819299173,91.04614535739283,7968000
2025-07-21,88.73512268066406,89.85650209255215,88.63761304474083,89.45670291390603,4436500
2025-07-22,90.66585540771484,90.97789073804356,88.88139987512763,88.9789095209474,5545500
2025-07-23,92.6745834350586,92.90860807558774,90.83162358193461,91.2119164126104,6921500
2025-07-24,93.24014282226562,93.4059099535843,91.95299623645195,92.05050587608008,5047900
2025-07-25,92.58682250976562,93.62044563092486,92.38205001280723,93.31815604440678,4501800
2025-07-28,94.60529327392578,94.89782963422928,93.30840092333558,93.30840092333558,4632400
2025-07-29,95.55115509033203,95.62916578053782,94.24450950717497,94.88807910260056,5157700
2025-07-30,94.26400756835938,95.02459319189951,93.48392299220666,94.966088894553,6607600
2025-07-31,92.96710968017578,94.53703950057601,92.73308504643241,92.88910642860064,5648100
2025-08-01,90.45133209228516,93.11338194648312,90.08078501315202,92.57707516067305,6349200
2025-08-04,90.5390853881836,91.53370310965175,89.80775189160778,89.95402007882475,9384500
2025-08-05,90.88037109375,91.1826606586414,89.67123515271113,90.83161999196739,7716200
2025-08-06,90.7926254272461,93.31816044843156,90.27581756203114,92.2357861709207,7078500
2025-08-07,90.29530334472656,92.7720868970235,88.91064710793725,89.7492434067271,10307300
2025-08-08,91.57270812988281,92.5673184083048,89.41770555420199,91.23141321442061,8765300
2025-08-11,91.20215606689453,93.12312646278328,90.55858649601035,92.25527802598714,6491400
2025-08-12,92.23577880859375,94.37127504071393,91.2021631606678,92.04075951485612,7524800
2025-08-13,93.4936752319336,93.4936752319336,91.9139995779666,92.05051457424747,7263300
2025-08-14,93.26940155029297,93.39616334680163,91.94324952716724,93.22064300728472,10057700
2025-08-15,92.95736694335938,94.02998794233118,92.37230162023923,93.07437554427787,6564700
2025-08-18,92.4166259765625,93.00651783368332,91.76773968311224,92.86887665038452,4849500
2025-08-19,92.18067169189453,92.9671916759357,91.62027329667342,91.96437625849656,5412100
2025-08-20,93.29163360595703,93.59640943945993,92.36746494839096,92.41662572838648,6133300
2025-08-21,93.18348693847656,93.76355264524227,92.22982480254245,93.16382712678643,5342100
2025-08-22,95.14979553222656,95.75935469022191,93.57674810936315,93.62590888856086,6338400
2025-08-25,96.52621459960938,96.56554172269323,94.57956326180893,95.15962895119338,6850800
2025-08-26,95.4152603149414,96.34925519659625,94.75654031853891,95.94615777341139,7052100
2025-08-27,96.25093078613281,96.96863014415541,95.13996020320766,95.46440333809103,5759500
2025-08-28,96.79167175292969,96.99814104236228,95.19896438386196,96.41807530234591,4241000
2025-08-29,97.30290985107422,97.64701280707473,96.408234664591,96.6343637504667,4594300
2025-09-02,97.32257080078125,97.97145709758482,96.14278708044272,97.43071851691518,5192300
2025-09-03,93.05567932128906,96.62453145975273,92.75089598376861,95.98547881764583,9793500
2025-09-04,94.15680694580078,94.55007067943727,92.39696505184277,92.95736343448817,5612700
2025-09-05,91.38431549072266,93.27198005640528,90.5781281504924,92.54443946821324,8510300
2025-09-08,89.86042022705078,91.65959671293176,88.98541237343512,91.46296109921484,9750600
2025-09-09,90.31267547607422,92.08235858503588,89.90957807313437,90.7550925028736,5838300
2025-09-10,92.73123931884766,92.74107297545801,90.14554269561074,90.31267735357552,4353800
2025-09-11,92.54443359375,92.5739345623844,91.11886097924675,91.266335818891,4721000
2025-09-12,90.87307739257812,93.46860771887683,90.86324373579178,93.16383186644157,5170400
2025-09-15,90.7747573852539,91.48263060988575,90.14553840799935,91.13852015283058,4932100
2025-09-16,92.9475326538086,93.49809739740272,91.08936914329635,91.51212635737957,7860400
2025-09-17,92.23966217041016,93.59641425808245,91.5711160328146,92.43629029875143,7072700
2025-09-18,91.90538787841797,92.80988922125069,91.34498949200184,92.02336174868545,4416600
2025-09-19,90.37165832519531,92.24948906704073,89.83092726144048,92.21016194407791,15284100
2025-09-22,90.46015167236328,91.26633898942544,89.54581663586382,89.95874020050688,5798800
2025-09-23,91.89555358886719,93.92085169057255,91.04020553091422,91.04020553091422,8241900
2025-09-24,94.0191650390625,95.02198792714562,92.41662415038915,92.89836828241556,7935600
2025-09-25,95.1792984008789,95.4349209763693,93.59641716564799,93.59641716564799,8076300
2025-09-26,96.8211669921875,97.97145724639708,95.22845221651748,95.42508033657859,6812900
2025-09-29,94.23545837402344,95.74951882766358,93.06550836507365,95.56271687207528,8700500
2025-09-30,92.99668884277344,93.46860685267359,91.97421357294066,93.01635615616385,7318300
2025-10-01,93.85203552246094,94.32395352516245,92.24949454617278,92.68207792269347,4794600
2025-10-02,91.80706787109375,94.52057944635779,91.56127896937119,93.39978265457347,5428600
2025-10-03,92.57393646240234,93.11466755102018,91.90539034305796,92.08235865408683,4321600
2025-10-06,93.3113021850586,93.81270614358658,92.7508962886767,93.18348715568784,3454100
2025-10-07,93.62591552734375,93.675068809145,91.06970484544411,92.85904782224446,4071900
2025-10-08,92.17083740234375,93.60624367671709,91.71858672692875,93.58658386512597,5289400
2025-10-09,90.40116119384766,93.41944881198741,90.27335365658791,92.72140918378572,6940000
2025-10-10,86.16375732421875,89.46716078400647,86.16375732421875,89.38850653475389,7892400
2025-10-13,87.28455352783203,87.48118914962272,86.10476980061593,86.8716299733946,5887300
2025-10-14,86.68482971191406,87.39270296251149,85.2887505237259,85.43622536774738,6003900
2025-10-15,86.26206970214844,87.4910141944324,85.13143926907081,87.43202725908498,6036100
2025-10-16,85.44606018066406,86.94045345146407,84.15812119305325,86.14409978420531,7816600
2025-10-17,85.02330017089844,86.01628193306654,84.6791897078353,85.46571719357674,5774600
2025-10-20,85.59352111816406,85.7803230758607,84.74800673190167,85.23958451457135,4636400
2025-10-21,84.95448303222656,86.20308740315404,84.78734087161611,85.78033017503549,5895500
2025-10-22,85.93763732910156,86.2817402998671,85.06262191646609,85.79998863991315,8307800
2025-10-23,88.56265258789062,89.45732022625096,87.6483176382934,88.19888233882284,7866300
2025-10-24,86.54718780517578,89.07389744202185,86.44887374360584,88.96574972403029,7886600
2025-10-27,87.19607543945312,87.88428138179299,86.8224714985696,87.20590159514212,5716000
2025-10-28,85.32807159423828,86.87162551692208,85.2297575388274,86.81263858385188,5234800
2025-10-29,86.59635162353516,86.9207947888888,85.27891914946991,85.38706687125446,5476300
2025-10-30,86.65533447265625,87.74663779488164,85.81965370811949,86.44887269559766,6114200
2025-10-31,87.36320495605469,88.10057163697961,86.05560624166955,86.42921016056917,5635800
2025-11-03,87.07809448242188,87.33371704832814,85.9179705305485,87.20590201493388,5310100
2025-11-04,86.42921447753906,86.58651547686807,85.5443729160567,85.89830954064965,5740400
2025-11-05,86.22274017333984,87.21572939565547,86.08509899411372,86.13425977278663,6384600
2025-11-06,84.21710968017578,86.87162671735906,84.12862177846608,85.53453454282597,13101800
2025-11-07,85.36740112304688,85.90813219349047,84.14828279876441,84.64969424664055,7567400
2025-11-10,86.74382781982422,87.05843733330155,84.94465114858707,85.85898621914345,6071400
2025-11-11,89.16238403320312,89.85058995492604,87.30422054366932,87.61883003658292,6561600
2025-11-12,87.56967163085938,88.73962923039804,87.44186409932543,87.82529419480946,6941500
2025-11-13,87.91377258300781,89.13289093639608,87.14691240964288,88.03175395617242,8207700
2025-11-14,89.8309326171875,90.2733496503532,87.17640791554679,88.71996195467628,7628400
2025-11-17,88.03490447998047,90.01946045988812,87.4196894008362,89.83092521924321,8610800
2025-11-18,88.98748779296875,89.65231220953258,87.4196867985955,87.71737321491247,6876800
2025-11-19,87.30062103271484,87.81660225733987,86.3678772980493,87.32046326153568,5092900
2025-11-20,86.7945556640625,89.89045810022525,86.76478853609633,87.80667586731259,4911200
2025-11-21,86.69532775878906,87.80667422462871,85.87173523822575,86.72509488619833,7046600
2025-11-24,86.88385772705078,87.44945587426898,85.65343514845827,86.42741076354841,7143900
2025-11-25,85.95111846923828,86.30833913569164,85.03821700470198,85.9908104955642,6926400
2025-11-26,86.41748809814453,86.96324403083304,85.73282142043034,85.78243077855086,5066000
2025-11-28,88.00513458251953,88.69972612544011,86.20910632928768,86.41748379216386,3304700
2025-12-01,89.5630111694336,90.47590507959264,88.09443645138984,88.44173222476773,8525400
2025-12-02,88.60050201416016,89.70193118097373,87.89598555465889,89.38440252921993,5135000
2025-12-03,91.10103607177734,91.13080319896946,89.27524827951504,89.32485763467524,5647600
2025-12-04,92.40092468261719,92.48030116441092,90.93234999747457,90.93234999747457,7312400
2025-12-05,92.9665298461914,94.3358707844391,91.36896163299554,91.55748930832092,9873600
2025-12-08,92.16277313232422,93.5122717479375,91.5475656493546,91.81547736444138,7974900
2025-12-09,92.70853424072266,92.90698681338226,91.4681867353991,91.91470880912343,6177200
2025-12-10,96.0525131225586,96.65780330627102,92.83752696204265,93.00621997507093,10640100
2025-12-11,95.96320343017578,96.95548141940785,95.16938558107829,95.4174550783863,8225500
2025-12-12,94.80223846435547,96.90587049283177,94.50455204421482,96.68756812745931,5731300
2025-12-15,93.63134765625,94.86177019042361,92.58945278402302,94.8022359361752,8942100
2025-12-16,90.0690689086914,92.68868974059075,90.05915157963769,92.60930568527982,9060400
2025-12-17,94.22671508789062,94.38548319686237,91.1010379694507,91.22011405117951,9661000
2025-12-18,91.5177993774414,93.76034211128791,91.44834022321572,93.52219752115414,7336900
2025-12-19,91.23004150390625,92.6787664716589,90.89266304813901,91.73609783183662,14612600
2025-12-22,92.5894546508789,93.80003498153829,91.85517107525014,92.39100208572954,4850700
2025-12-23,92.0139389038086,93.05582622339305,91.72617738588144,92.62914639618798,5671100
2025-12-24,91.09111785888672,92.44061646201689,90.98196667992178,92.03377887306034,3079200
2025-12-26,90.8331298828125,91.76587363413937,90.04922934698168,91.2002754716387,4575600
2025-12-29,91.91470336914062,92.01393722007765,90.99188457697784,91.28957098882903,5256400
2025-12-30,93.37335968017578,93.58173715482968,92.39100656524155,92.62915116906309,4553600
