Date,Close,High,Low,Open,Volume
2011-01-03,49.77949905395508,50.01772747190885,49.43298123618756,49.627898025034064,7802300
2011-01-04,49.595394134521484,50.07185908791031,49.38965053335074,49.96356972085968,8513900
2011-01-05,49.5087890625,49.84989142794899,48.999839135255215,49.2272407122212,6659500
2011-01-06,49.10269546508789,49.71993045630381,48.875289838731476,49.6820302070473,6220800
2011-01-07,49.37342071533203,49.43297884964967,48.87529776187378,49.25971994913055,6346300
2011-01-10,48.951087951660156,49.36257513714841,48.79407147398037,49.24345890367983,6848700
2011-01-11,49.719932556152344,49.806559930618356,49.16766703701353,49.20015591690363,7838900
2011-01-12,50.055625915527344,50.27220057648968,49.92026726877814,50.00689878549031,7845400
2011-01-13,49.909423828125,50.136825287785776,49.69284923905043,49.817380970283736,5721900
2011-01-14,50.26137161254883,50.28844086228234,49.71452154578986,49.87695356746255,5557900
2011-01-18,50.54290008544922,50.75947467020542,50.315498630322686,50.320914130916165,7733200
2011-01-19,50.33717346191406,50.73783389367619,50.126014306605775,50.69451813596731,6069900
2011-01-20,50.196388244628906,50.277604239717455,49.58456879248706,49.88777076794608,6513500
2011-01-21,50.77573013305664,50.86236164162262,50.407554483286596,50.55374412128727,7427500
2011-01-24,50.948978424072266,51.18179539140485,50.71075008669292,50.83527769083777,7282800
2011-01-25,50.93815231323242,51.13306903906194,50.542903360628976,50.77572033143552,7423200
2011-01-26,51.241355895996094,51.42003025546839,50.667436702218815,51.10058178270123,8832600
2011-01-27,51.300926208496094,51.41462697405159,51.057282300994025,51.19805231692864,6301100
2011-01-28,50.553741455078125,51.355062212963276,50.315508949903766,51.16014545978743,12444700
2011-01-31,51.39838790893555,51.53916206475736,50.553751235641215,50.81363753627719,11167900
2011-02-01,52.096839904785156,52.24302543492661,51.528331900285224,51.77739133030073,9948200
2011-02-02,52.237632751464844,52.43796098922383,51.63663977654824,51.63663977654824,6607800
2011-02-03,52.68701171875,52.75740087665859,51.84779037427417,52.286351179253025,10500300
2011-02-04,52.578712463378906,52.69782873206636,52.25926391273362,52.481254073618075,10529700
2011-02-07,52.87649154663086,53.18510902476688,52.65991693564729,52.67074380732876,10256500
2011-02-08,52.91982650756836,53.05518518278883,52.57872413310757,52.99021566240713,5710500
2011-02-09,52.107666015625,52.724901144182496,51.81529082881067,52.65451613156394,8242700
2011-02-10,52.35671615600586,52.50832129069439,51.83693951524068,51.912740017176176,7286200
2011-02-11,52.221351623535156,52.616600593934265,51.91814965006761,52.026434888929714,7324900
2011-02-14,52.886871337890625,53.00143140396588,52.09588831101174,52.09588831101174,6994000
2011-02-15,52.554107666015625,52.83231721756418,52.18316714646472,52.6850322560887,7626700
2011-02-16,52.72869110107422,52.92506972689957,52.41229614732844,52.76142017839732,6786600
2011-02-17,53.00688552856445,53.099620669566335,52.592303429302206,52.67412610554747,6616600
2011-02-18,53.85243225097656,53.90152586553453,52.930524422224146,53.1378196709443,8860500
2011-02-22,54.725242614746094,55.70715653035999,54.13064219387581,54.13064219387581,15723400
2011-02-23,55.78898239135742,56.69998197222387,54.834345426562976,54.83980166026156,17174700
2011-02-24,55.65804672241211,56.416300685940286,55.3962058427732,56.23628248000995,16467900
2011-02-25,55.69625473022461,55.98537272689049,55.287124547345556,55.4835073680785,8516400
2011-02-28,56.5963249206543,56.69997253424028,55.739879495559364,55.794429337804445,10219700
2011-03-01,56.13261032104492,57.27271671820294,56.09987710642256,56.77085182075205,12266900
2011-03-02,56.44357681274414,56.716330152585854,55.74532892865109,56.21446500612968,8335000
2011-03-03,56.836341857910156,57.04363289634234,56.361749551898214,56.64541119195729,7537800
2011-03-04,56.5963249206543,57.15819620336238,55.91444148787533,56.80361598594008,9850500
2011-03-07,56.1926383972168,57.15272705708234,56.1926383972168,56.798151081661615,8222500
2011-03-08,56.607234954833984,56.754524111473145,55.341659431382986,56.41085634912564,8913900
2011-03-09,55.71805953979492,56.55814044067054,55.587139084117986,56.28538706357662,7102000
2011-03-10,54.048797607421875,55.358014344729966,53.617846872622515,55.358014344729966,12553000
2011-03-11,54.51248550415039,54.95980083829432,53.24145387548908,53.51420722952528,6872700
2011-03-14,54.98707962036133,55.09617930075693,54.021530385127534,54.0924489230821,7353600
2011-03-15,55.22164535522461,55.64168368514741,53.44874857113903,53.5578482469438,12650100
2011-03-16,54.28337860107422,55.6798745683914,53.80332999089423,55.4507627291071,14795200
2011-03-17,55.772621154785156,55.95263942051636,54.768890512927115,55.03073147954785,9981500
2011-03-18,56.07810592651367,56.716347943091314,55.83808158035989,56.38904466499152,11366300
2011-03-21,57.38184356689453,57.38729563662053,56.2962823799404,56.65631875234978,8785300
2011-03-22,57.40367889404297,57.79098819899367,57.343672816751955,57.47459327543856,8008500
2011-03-23,57.54005813598633,57.78007829390209,56.97818264536855,57.13092804280689,6811800
2011-03-24,57.48550033569336,57.780074482779085,57.24002396073171,57.7528016421646,6996800
2011-03-25,58.24921798706055,58.3746863877811,57.48550760126356,57.67098208556089,8982900
2011-03-28,57.845542907714844,58.42377879726895,57.84554290771485,58.04192569320241,6023500
2011-03-29,58.57107162475586,58.631077710840025,57.56188062891509,57.84554651983785,6963200
2011-03-30,58.920196533203125,59.318414206421494,58.6692638795028,58.70199295897636,7907300
2011-03-31,58.63652038574219,59.81481698341329,58.560149772399015,59.629342521089676,8418500
2011-04-01,59.08928680419922,59.340219391982195,58.64742769982983,59.072922268761225,6494000
2011-04-04,59.04021453857422,59.225684889759485,58.83291924973491,59.198407879579335,4764600
2011-04-05,59.640235900878906,59.89662466157563,59.040179490118334,59.051087790582365,6541400
2011-04-06,59.27475357055664,59.973001404684894,59.154741443712346,59.91299534126274,6893000
2011-04-07,59.427494049072266,59.51477294634556,58.647419395854655,59.47113141676625,7011700
2011-04-08,59.82026672363281,59.97300793374111,59.53660090895812,59.65115681653934,6732900
2011-04-11,58.79473114013672,59.951207229516534,58.680175194218336,59.863924130595535,6599000
2011-04-12,56.83089828491211,58.205573582290775,56.44904519171986,58.08010934962186,12803700
2011-04-13,56.62903594970703,57.35456068985993,56.37264719477443,57.179998753165265,7241100
2011-04-14,57.212738037109375,57.43639776945891,56.25810136484651,56.36174896392416,7084900
2011-04-15,57.954647064208984,58.0964800117256,56.923639442022285,57.561881463016526,8869500
2011-04-18,57.00543212890625,57.272729162077766,56.208993098110355,57.25090840154965,7194800
2011-04-19,57.49643325805664,57.741909720356155,56.88000774206692,57.000019936751215,4993300
2011-04-20,58.81108856201172,59.100206508889016,58.37468560589218,58.75653871273262,6667800
2011-04-21,58.98564147949219,59.0511037856629,58.63651750368719,59.0511037856629,4915500
2011-04-25,58.59832000732422,58.794702723092236,58.19464627463895,58.57104717350851,3995200
2011-04-26,59.3238525390625,59.36749407311623,58.45649889964482,58.83289568567242,5300000
2011-04-27,59.443870544433594,59.55297022845133,58.669251967003675,59.52024115562324,5982600
2011-04-28,59.356590270996094,59.514787733613446,58.95837265982685,59.50387942945097,5941200
2011-04-29,59.70026779174805,59.787546718882645,58.794724471641935,59.17658174328021,6755500
2011-05-02,59.012939453125,59.77664998231624,58.702000671612055,59.722100122064205,6550800
2011-05-03,57.91645050048828,58.827445771805124,57.38185621751213,58.68561701372602,7955600
2011-05-04,57.1036491394043,57.834626217202505,56.56905067086563,57.834626217202505,8892900
2011-05-05,55.97990417480469,56.79816429968082,55.15618781710124,56.38357800441544,11988500
2011-05-06,56.121734619140625,56.97818007576343,55.64169016307164,56.37266723221439,9536300
2011-05-09,56.78180694580078,57.20184955781501,56.18720646729923,56.32358318202568,7117900
2011-05-10,56.9290771484375,57.25092409018367,56.32356440397658,56.90725638192978,6430500
2011-05-11,55.78352355957031,56.438130019919335,55.2325605556133,56.33448240164096,10161700
2011-05-12,56.05625534057617,56.3617376827526,54.77431575536035,55.439830263404026,10425800
2011-05-13,55.854434967041016,56.45449155071996,55.243465917868456,56.43267078161885,8968000
2011-05-16,55.450767517089844,56.34539834363648,55.31984704932089,55.6580586045479,6759400
2011-05-17,55.19789505004883,55.626679923951215,54.75811332631496,55.14291918903009,8768800
2011-05-18,56.544715881347656,56.87455005446748,55.06595423574311,55.47824800066015,8193700
2011-05-19,57.099937438964844,57.46275375918703,56.58869301959852,57.00098677089172,7452400
2011-05-20,56.38528060913086,57.066938284000635,55.9454990287883,56.92401283534709,8760900
2011-05-23,55.72560501098633,56.02245690907176,55.35728620402432,55.59366803801453,7487000
2011-05-24,56.220375061035156,56.836068583564476,55.98949156286253,55.98949156286253,6800500
2011-05-25,56.75912094116211,57.09445361348295,55.967515394166014,56.071964513303,7949500
2011-05-26,56.81956100463867,57.0614412814773,56.126906517189376,56.61616129965458,6614300
2011-05-27,56.73711013793945,57.29233349760601,56.36329701371868,56.97349202816831,5796300
2011-05-31,57.67164993286133,57.836564911186166,57.011977437355625,57.506730760467704,8188400
2011-06-01,56.34130096435547,57.69362364636528,56.115915947721135,57.57268769752643,8196100
2011-06-02,55.588191986083984,56.39628419091471,55.17039982319719,56.26435136887054,8129200
2011-06-03,55.52223205566406,55.90154369596834,54.73612503800426,54.82408306233488,7692200
2011-06-06,54.796573638916016,55.69262364147115,54.58767970416728,55.46723863214591,6982200
2011-06-07,54.68114471435547,55.47275003175011,54.63166728498391,55.09893687565473,6835400
2011-06-08,54.94502639770508,55.434281439738726,54.697651760836834,54.70315018660969,6936200
2011-06-09,55.648681640625,56.00050541918562,55.148429715254906,55.252878841226746,5734900
2011-06-10,54.79108428955078,55.522219473350546,54.41177692927367,55.489237318735626,9113900
2011-06-13,54.38429260253906,55.252859080124836,53.911528782793326,54.994487667697655,7999300
2011-06-14,55.30233383178711,55.68164542162985,54.912029587400156,54.983492327109694,7353400
2011-06-15,54.09845733642578,54.92304511190498,53.71364719142664,54.53273654072962,9665600
2011-06-16,54.659156799316406,54.78559539443273,53.76860079138144,53.90603204108362,7786300
2011-06-17,54.51624298095703,55.43428298939666,54.274366763100026,55.09895450113875,12029500
2011-06-20,54.92303466796875,55.082451250132195,54.230379893938895,54.35681431345742,6427200
2011-06-21,55.84656524658203,56.060961872438426,55.14841628559525,55.26935646641247,8499500
2011-06-22,55.56070327758789,56.32482066036691,55.52222269694682,55.670646595399894,6592500
2011-06-23,54.620670318603516,54.72511939919963,53.32331912599205,54.367797349747846,13058800
2011-06-24,53.81808090209961,54.8295729371226,53.76860346882723,54.7196296095137,8032400
2011-06-27,54.36780548095703,54.77460082264586,53.84006996345202,53.84006996345202,7130200
2011-06-28,55.16490173339844,55.302332980464236,54.58769301216337,54.714127410785366,6113800
2011-06-29,55.67615509033203,55.912537041046974,54.923034419549396,55.35181930827196,7637700
2011-06-30,56.5337028503418,56.58867869184997,55.676133406882926,55.95649426111674,7697700
2011-07-01,57.220882415771484,57.27585827984541,56.0774574198446,56.462263303944574,6579700
2011-07-05,57.7870979309082,58.138921622299215,57.231874464091135,57.231874464091135,7392200
2011-07-06,57.76511764526367,57.85307148511426,57.48475665472948,57.62218793717783,6196300
2011-07-07,58.5952033996582,58.776613710918674,58.16092420953066,58.314846584877664,7878100
2011-07-08,58.21037673950195,58.27084682172924,57.75960243185132,57.9684964105928,6334900
2011-07-11,57.39680099487305,57.52323542203724,57.03398040756061,57.407793651729584,6975400
2011-07-12,57.38580322265625,58.243373042070985,57.16591234242768,57.16591234242768,9158300
2011-07-13,57.77059555053711,58.60617986036136,57.56719999419902,57.57819264829755,6871100
2011-07-14,57.539710998535156,58.52921761176212,57.48473934092669,58.105927040632785,7279600
2011-07-15,58.37530517578125,58.435775267608754,57.79809218799848,58.094944222223674,10160500
2011-07-18,58.397308349609375,58.54573230442684,57.78161463147215,58.03998613992322,6951000
2011-07-19,59.08445358276367,59.26036544101465,58.540222732553524,58.540222732553524,6987600
2011-07-20,58.87553787231445,59.1778882548075,58.754597719317225,59.10092710182168,5044900
2011-07-21,60.15640640258789,60.332318233318645,59.238366667026455,59.30433098225744,8319200
2011-07-22,59.903541564941406,60.28285320544488,59.8210819656055,60.134425087826365,5413700
2011-07-25,59.42525863647461,59.92001186684935,59.07343504911213,59.122912469183596,6284400
2011-07-26,59.1339225769043,59.62867595332342,59.007483971903596,59.32083127202673,4864800
2011-07-27,58.067481994628906,58.820607166344,57.97952812744673,58.804116078376786,7412700
2011-07-28,57.73761749267578,58.1883918359504,57.40778332341345,57.80358600415585,6655300
2011-07-29,57.182376861572266,57.847547618641286,56.66013993343495,57.017461923560994,9697600
2011-08-01,57.93000030517578,58.34229392219305,57.12740256733693,58.3148101974991,9309400
2011-08-02,56.86904525756836,58.10592641372293,56.85805260379272,57.567198303276236,10396300
2011-08-03,56.48974609375,57.02847428244982,55.45076610718828,56.91303252772843,12027400
2011-08-04,53.2353630065918,55.51122819497529,53.05395695764737,55.401280686754404,20541200
2011-08-05,53.65867233276367,54.60969449545849,51.575213506869666,53.88955588964183,17596200
2011-08-08,49.61268997192383,52.65816751060784,49.33782742360292,51.8280814403392,23079600
2011-08-09,51.34432601928711,51.514739460974376,47.99100369320934,50.35481914546166,21012700
2011-08-10,49.78859329223633,51.59169062879043,49.33232053373531,50.9650044616727,18069500
2011-08-11,51.71261978149414,52.300825240878275,49.904024405950686,50.613170011126186,30717300
2011-08-12,52.69663619995117,53.350810259335304,52.179893383693546,52.57569603494886,13364100
2011-08-15,54.47774887084961,54.549215807952464,53.20788541144493,53.32332716283907,11857000
2011-08-16,53.95002746582031,54.57671381965209,53.40580072571802,53.867567852090836,9842900
2011-08-17,54.127342224121094,54.90866222370105,53.811488738729985,54.53185841374081,8594800
2011-08-18,51.666988372802734,52.852824131232474,50.841337321036725,52.719834350870244,15083800
2011-08-19,51.69471740722656,52.84176476714542,51.024221532846035,51.02975978133396,13452700
2011-08-22,51.70025634765625,53.50117625798757,51.5063077444074,53.50117625798757,10071000
2011-08-23,53.93339538574219,53.961099308798474,51.78891388621836,52.043812807755494,12301000
2011-08-24,54.07748794555664,54.17169315977313,53.23521308924746,53.65635263123803,7642500
2011-08-25,53.17422103881836,54.59278999815807,52.80295560456445,54.33235290614568,9812400
2011-08-26,53.66740036010742,53.944464899114344,51.733491061586506,52.46494127545801,9216600
2011-08-29,54.714717864990234,54.72580281685852,53.517800951111546,54.45981893173524,9724900
2011-08-30,54.52629089355469,54.84768670725866,53.60643478419541,54.288015269969804,9202500
2011-08-31,54.77011489868164,55.257751182866365,54.348979852101166,54.77565737309354,11242000
2011-09-01,54.59279251098633,55.67888917659987,54.58171179008663,54.86431879122429,10121400
2011-09-02,53.42359161376953,53.783772167220455,52.6810563789409,53.36817531846653,8976700
2011-09-06,52.980289459228516,53.085575352748045,51.39547971942405,51.85540793802304,10276800
2011-09-07,55.01948928833008,55.10260951463916,54.22708435583477,54.45427513156458,10572800
2011-09-08,54.5318717956543,55.73433148005824,54.30467673106855,54.79785151826963,9603600
2011-09-09,52.74754333496094,53.96662550102787,52.52034840503203,53.75605799312,13346600
2011-09-12,53.14655685424805,53.15763758292122,51.62270088752242,52.05492117620251,13616300
2011-09-13,53.1575927734375,53.66184794260891,52.43722341442855,53.61752083760985,11453800
2011-09-14,53.922306060791016,54.858785674143384,52.72538929901623,53.36817691256734,11325600
2011-09-15,55.002864837646484,55.13585466011417,54.337907269967594,54.70363456634152,9241200
2011-09-16,55.2078742980957,55.501566238222864,54.46534341962941,55.41290356324055,13862000
2011-09-19,54.698081970214844,55.04718177497705,53.52886925202358,53.85580761353343,8522500
2011-09-20,54.188289642333984,55.26883978492261,54.160581493992794,55.01394088532914,8660500
2011-09-21,52.23776626586914,54.182761255943696,52.16573098018897,53.86690773000603,9267200
2011-09-22,49.96583938598633,50.708374867472166,49.09031405246989,50.37589812356006,16685800
2011-09-23,49.877159118652344,50.33708303689764,49.073669425005846,49.943651901802866,12228200
2011-09-26,50.69727325439453,50.785935945060906,49.18450308701008,50.231806811405406,11899200
2011-09-27,51.833229064941406,52.83620123880634,51.5617070287482,52.17679057947999,11079800
2011-09-28,50.835811614990234,52.82513764101634,50.724987466078545,52.08260231476308,10338300
2011-09-29,52.30423355102539,52.35410735710487,51.15718674322013,52.193409447222095,10104100
2011-09-30,51.306819915771484,52.531449151820254,51.268031041394615,51.51184923900364,11918800
2011-10-03,49.805118560791016,51.40655121144211,49.78849536536137,50.94108482873501,11384300
2011-10-04,50.691741943359375,50.891224569315256,48.03192004678964,49.16234414144826,15398100
2011-10-05,52.45383834838867,52.498165442835734,50.44234794102959,51.05743129545058,13057500
2011-10-06,52.426151275634766,52.53697539777374,51.37884767904515,51.744570664239184,10169500
2011-10-07,52.30979537963867,53.04678820286382,51.89974097064015,53.01353757728493,10534600
2011-10-10,54.415462493896484,54.437628159744186,53.24625004335843,53.268415709206124,7490300
2011-10-11,54.0830078125,54.659302674373244,53.833651369386565,53.866897767756306,7613500
2011-10-12,54.18272399902344,54.72022971671834,53.57872551801324,54.3655875534766,8868800
2011-10-13,54.188289642333984,54.36006832457375,53.33493025099764,53.53995955678081,6507900
2011-10-14,55.67335891723633,55.72322851373026,54.775668131314596,54.842165154309946,7365100
2011-10-17,54.64266586303711,55.55143716523237,54.526299270061166,55.36303531784344,6576400
2011-10-18,57.0475959777832,57.712553513925016,54.28803509718829,54.87541066059403,12165700
2011-10-19,56.65415954589844,57.673759316103435,56.36047179131313,56.90352018430323,8651800
2011-10-20,57.29140090942383,57.44101811720152,56.36600643046198,56.89796979970357,8710100
2011-10-21,58.47725296020508,58.649031656884915,57.74580259581094,57.90650056882476,10884100
2011-10-24,58.88727569580078,59.21975641428204,58.333146801889285,58.46059830766283,7911500
2011-10-25,57.90647888183594,59.24193176379846,57.812277969108834,59.08123385096882,8452200
2011-10-26,59.164371490478516,59.20316036449754,57.884334420180316,58.782025225910985,9959400
2011-10-27,60.38344192504883,60.959736631676876,59.635368569558146,59.75727340663124,14393600
2011-10-28,60.754703521728516,60.94864782715225,59.43587801717831,60.31694110224706,10341300
2011-10-31,58.21126937866211,59.84594869357607,58.2112693786621,59.69079320672362,11457800
2011-11-01,56.565513610839844,57.45211954581041,55.85068638673747,56.22749443755878,15213300
2011-11-02,57.92866897583008,58.144779032706545,57.15288722484436,57.60727301464493,8393400
2011-11-03,58.80971145629883,58.931620517303415,58.01730678743788,58.64901353294449,9276200
2011-11-04,58.97594451904297,59.0701454262243,57.895394753919625,58.599136662649215,8402700
2011-11-07,59.690799713134766,60.13964302440698,58.48279785539053,59.097881622222296,7821800
2011-11-08,60.322505950927734,60.400083701872475,59.014760681187326,59.995567519657456,7761400
2011-11-09,57.78458786010742,59.009212790701696,57.562935351602455,58.62686654689233,12062000
2011-11-10,58.46061325073242,58.74322024261126,57.352355179628496,58.36086985522631,10025200
2011-11-11,59.319515228271484,59.57995232497423,59.07569709861804,59.12002843631304,6352600
2011-11-14,58.83188247680664,59.14773587829537,58.394120003222376,58.848505672516154,5531200
2011-11-15,57.22493362426758,59.47470156218888,56.84258726422138,58.86516014924644,24328000
2011-11-16,56.43742370605469,57.761089362368246,56.264282749922224,57.25284759969505,12581000
2011-11-17,55.89564895629883,57.040591226422585,55.15283007041028,56.26984941360847,11794300
2011-11-18,54.66695022583008,56.68875769944908,54.46588631083625,56.14141609505642,13668700
2011-11-21,53.42705535888672,54.14194729932984,52.75125467718538,54.13077471589612,15021100
2011-11-22,53.85149002075195,54.315053971914146,53.05840747899068,53.43819414507336,8939500
2011-11-23,52.360286712646484,53.38236053193919,52.360286712646484,53.29299693062591,11665200
2011-11-25,51.54487609863281,52.75125519469254,51.54487609863281,52.51668207338816,5257300
2011-11-28,53.48847198486328,53.81240863286341,53.05842139162169,53.63368569967211,8403100
2011-11-29,54.39326477050781,54.76188325461919,53.477309111983594,53.59459564935778,8845100
2011-11-30,57.42596435546875,57.42596435546875,55.9124036543388,56.13022208572451,13373200
2011-12-01,56.8730583190918,57.526513812552906,56.38715322182762,57.42598187039797,7007200
2011-12-02,56.79487609863281,57.63264099294518,56.688757848470274,57.54886365129542,6638100
2011-12-05,57.42596435546875,58.08500593945621,56.99032749269733,57.85043289967016,6121800
2011-12-06,58.286075592041016,58.49272572552524,57.437138418730044,57.582352141207906,7445000
2011-12-07,58.375431060791016,59.056813565963154,58.068253287225254,58.20788071005263,10323300
2011-12-08,57.10763168334961,58.531833493336926,56.94007702531865,58.085023912649,7720100
2011-12-09,58.22466278076172,58.3642902694446,57.36455693914404,57.381311556011134,6624100
2011-12-12,57.56559371948242,58.213467006799924,56.68873367446875,58.09617622185148,7595800
2011-12-13,57.87277603149414,59.14059116210858,57.58234860437709,58.20788099570622,8990000
2011-12-14,56.14699172973633,58.096189815613755,55.57731358611735,57.38688421648022,15512100
2011-12-15,55.666664123535156,56.744588079793594,55.4711865689994,56.537942205466265,9667000
2011-12-16,56.331295013427734,56.331295013427734,55.62198522850425,56.029699230203335,14709700
2011-12-19,55.69461441040039,56.59381579524177,55.571741536284,56.49887012382196,5977400
2011-12-20,57.90068817138672,58.00122006802815,56.84510538719674,56.93446896691801,7278600
2011-12-21,58.88368225097656,58.93953237294076,57.83368547033976,57.90629020278409,8156600
2011-12-22,59.37517166137695,59.525971683903876,58.677034456211324,58.92836640672575,7483800
2011-12-23,60.03978729248047,60.101223694783265,59.25787293133705,59.55388236365573,3779400
2011-12-27,60.307918548583984,60.59275561306174,59.905790620975836,59.905790620975836,4136200
2011-12-28,59.1796989440918,60.40842308249398,59.135017136638986,60.24086843509178,5307900
2011-12-29,60.02305603027344,60.07331987293066,59.38076883162556,59.41427806006371,4468500
2011-12-30,59.42543411254883,60.039793942533315,59.30256129433375,59.64325255898796,5009400
2012-01-03,61.64272689819336,61.98900024000667,60.726771185829904,60.73235321572968,11518700
2012-01-04,61.53660583496094,61.6427240534408,60.989264392543745,61.3411282702017,8019100
2012-01-05,60.93339920043945,61.17914479884782,60.30228485854283,61.09536750292767,7184900
2012-01-06,60.4921989440918,61.21826343497425,60.36932609845705,61.10656317226551,8214900
2012-01-09,61.151248931884766,61.25178088625849,60.335824973561216,60.45311154348182,7118800
2012-01-10,60.91109848022461,61.80471787800463,60.821739097102466,61.50312197041784,7641800
2012-01-11,60.190616607666016,60.68210810032766,59.8331705735991,60.60391704669382,7802500
2012-01-12,58.62677001953125,59.224375290560396,58.375438071602865,58.375438071602865,11897200
2012-01-13,59.252296447753906,59.285809929795704,57.81134455269143,58.43129070682518,8266900
2012-01-17,59.604156494140625,60.30787991666494,59.21878343352882,59.91133427572448,6925300
2012-01-18,59.66560363769531,59.727040057283894,58.75522992620552,59.20203947574213,6581400
2012-01-19,59.721458435058594,60.03980887913685,59.101512160628516,59.87784051129465,5666100
2012-01-20,59.6990966796875,59.87223330918165,59.34165084138896,59.73260589543721,7284600
2012-01-23,59.766136169433594,60.0398047841814,59.51480419740293,59.75496358698332,6506700
2012-01-24,59.604156494140625,59.810802358221004,59.3025607416302,59.45335648733996,5041400
2012-01-25,60.168277740478516,60.31907354947141,58.69380757795284,59.408703880819985,8020700
2012-01-26,59.53157424926758,60.63742583859904,59.397533052743185,60.33582995059955,7000400
2012-01-27,58.06268310546875,58.45922458497965,57.593536879937645,58.302842509802616,10581500
2012-01-30,57.755496978759766,57.80576081240322,57.0126779669143,57.749910687991154,7615700
2012-01-31,57.593528747558594,58.520652745663455,57.191401033261016,58.42570710786857,8320100
2012-02-01,57.40919494628906,58.31956394375885,57.34775855726642,58.31956394375885,7824500
2012-02-02,57.911865234375,58.062660960470495,57.459469533907836,57.54324683111216,5897200
2012-02-03,58.92277526855469,58.97862538815502,58.35309723088566,58.593256580149,6818600
2012-02-06,59.57623291015625,59.62650100249583,58.291663065522094,58.431290500444796,6443600
2012-02-07,59.66560363769531,59.79405850695022,58.8892753477215,59.213207796989295,6034700
2012-02-08,59.62651824951172,60.039814383323616,59.252313377250566,59.91135523115772,5383700
2012-02-09,59.40869140625,59.98954213349854,59.241136754913995,59.8610829993287,4751400
2012-02-10,58.799922943115234,58.93396412909343,58.40896770855694,58.74965909628308,6136800
2012-02-13,59.414276123046875,59.498053452503065,58.89486179372891,59.29140753574872,4695500
2012-02-14,59.47572708129883,59.49806799201938,58.961898918005176,59.34168587806853,5974800
2012-02-15,59.09299850463867,59.79085747520523,58.86225235423939,59.79085747520523,6553800
2012-02-16,59.948455810546875,59.97659705945003,58.98045953705376,59.3856651824977,5733900
2012-02-17,60.02725601196289,60.353671343231774,59.67832424448329,60.22985670658572,5666500
2012-02-21,61.01212692260742,61.06277601221604,60.46621939015239,60.505614557765064,7149000
2012-02-22,60.49998474121094,61.09654135628668,60.3311458569908,60.87142856899475,7150000
2012-02-23,60.97833251953125,61.06275192933553,60.39865915595776,60.52247371783744,5504800
2012-02-24,61.38920593261719,61.569298771214356,61.062786320862344,61.23162523556367,5833300
2012-02-27,61.6987190246582,62.03076764194324,60.938952732354316,60.94458183942711,7723400
2012-02-28,61.68748474121094,62.13208987897912,61.44548458505236,61.72687991575992,9132500
2012-02-29,61.41170120239258,62.424721531035395,61.2991405255984,62.13207235887212,10572800
2012-03-01,61.771915435791016,61.98577438028004,61.40047147068858,61.43986665240374,5980100
2012-03-02,61.68748474121094,61.83381151542943,61.344182094247564,61.62557742495512,5377100
2012-03-05,61.524253845214844,61.59741506037031,60.86016092062894,61.42295138913393,5941500
2012-03-06,61.25973892211914,61.36104137370891,60.781367903848185,60.86015822244574,7480800
2012-03-07,61.603057861328125,61.878824049946736,60.88831569669375,61.34417470351759,6867900
2012-03-08,61.9238395690918,62.2277469619052,61.65932734050878,61.79440015537087,5505400
2012-03-09,61.664955139160156,62.137701393642466,61.55239875624811,61.845047928069896,5704200
2012-03-12,61.906959533691406,61.906959533691406,61.434217540071,61.70998370301624,5324700
2012-03-13,62.57665252685547,62.644184612369344,61.586140433077475,62.03074526895652,7331000
2012-03-14,62.29528045654297,63.1901152709717,62.210861024639144,62.49788537561186,8819400
2012-03-15,61.9238395690918,62.43035189044746,61.60304914785834,62.193980905065104,8899400
2012-03-16,62.064537048339844,62.37407354779918,61.963234584312325,62.148956483987924,11092500
2012-03-19,62.30093002319336,62.50353502276085,62.075817173676036,62.19962752340962,5695000
2012-03-20,61.38920593261719,61.86757713260167,61.304786475266525,61.86757713260167,6158300
2012-03-21,60.73074722290039,61.35544095710481,60.41558150738693,61.316045779384666,7549900
2012-03-22,59.28999328613281,60.21296959567119,59.10990045241196,60.13417924927781,8282100
2012-03-23,59.8584098815918,60.16231732755438,59.00859485457153,59.4757120933891,6600300
2012-03-26,60.69132614135742,60.764491655180514,60.12291082146723,60.34802788274839,5311100
2012-03-27,60.24109649658203,60.781374869056876,60.22421346834076,60.713838462340966,4327700
2012-03-28,59.593894958496094,60.19608071528638,59.20556807917524,59.97659272969235,6816400
2012-03-29,60.13418197631836,60.22985535931307,59.047995816063995,59.13804438388399,5793900
2012-03-30,60.33677673339844,60.35928887153774,59.88654685186619,60.24110336661985,6121000
2012-04-02,60.9502067565918,61.22597287169309,59.993460426265365,60.134158037158926,5188400
2012-04-03,60.2973747253418,60.91081861223669,59.785237595457865,60.741979742219534,4690300
2012-04-04,59.43067932128906,59.802123133414796,59.109888889794576,59.79649402584443,5430600
2012-04-05,58.95229721069336,59.59950706030066,58.715926261923805,59.18866815946292,5982700
2012-04-09,58.24319076538086,58.5752394109336,57.88300516957005,58.13626348439861,4983400
2012-04-10,57.095088958740234,58.18127468992982,57.066952012725174,58.10811347779023,8907500
2012-04-11,56.81371307373047,57.657899029023646,56.718039695964336,57.579108683363096,8570100
2012-04-12,57.7366943359375,57.8886502254487,56.56609297392713,56.77995188856075,6451900
2012-04-13,56.71803665161133,57.607246840625365,56.68427058921259,57.567851669909636,6847100
2012-04-16,57.12886047363281,57.53969510260818,56.93750948556517,57.19076776738259,6065100
2012-04-17,58.31632995605469,58.58083777907621,57.595954795887316,57.66349117476992,5500900
2012-04-18,58.18690490722656,58.51332440223408,57.88299754571099,58.20378793390791,4836200
2012-04-19,57.691654205322266,58.32760591187396,57.505932313530394,58.119371885281495,6768400
2012-04-20,57.697296142578125,58.44017963647391,57.641017935749275,58.0293448622466,5814700
2012-04-23,57.652259826660156,57.809840478655985,56.779932839718015,56.94877170614254,5590600
2012-04-24,57.98432159423828,58.06311194392819,57.483438245315824,57.837994818920436,4104400
2012-04-25,58.4458122253418,58.46832436816417,57.75358208200063,58.282602410193725,5308500
2012-04-26,59.77962112426758,60.04975822089528,58.524596136023156,58.530225244547154,8535300
2012-04-27,59.768348693847656,60.10602642495754,59.470070419284546,60.09476821058683,5433500
2012-04-30,59.970970153808594,59.999111403745445,59.54887716726714,59.74585732932134,4727100
2012-05-01,60.93332290649414,61.22597635831862,59.87527835807237,60.07225416579044,6179900
2012-05-02,60.23546600341797,60.58439765612945,59.98783681157429,60.505607330315684,4834400
2012-05-03,59.650184631347656,60.252370503959774,59.323769291113315,60.241116579297454,4882800
2012-05-04,58.372650146484375,59.36878776304992,58.10813783929547,59.24497312617409,6241300
2012-05-07,58.14188766479492,58.42891203430669,57.73667780048442,58.01244824876576,6126900
2012-05-08,57.87737274169922,58.085606771667685,57.15137677792564,57.82672365788975,8167200
2012-05-09,57.280818939208984,57.68602880415048,57.05007705674288,57.18514558047306,6115600
2012-05-10,58.17002868652344,58.66528280004033,57.770447931228404,57.87175039691947,21105400
2012-05-11,57.79294967651367,58.50206251510575,57.669135096957866,57.93927209439766,4944700
2012-05-14,57.37086868286133,57.573473619565156,56.993795760036896,57.25830799927529,7021400
2012-05-15,56.78556823730469,57.77608082296688,56.67863665714052,57.42714913078727,8421000
2012-05-16,56.842350006103516,57.796347676561524,56.79124507687647,57.2228122538875,6423800
2012-05-17,56.86507034301758,57.58624951946652,56.723106415791676,56.89914029918532,6527500
2012-05-18,55.911075592041016,57.211465755401115,55.78614663616605,57.05814661198804,11137700
2012-05-21,56.60951614379883,56.6379063193438,55.848587521459095,56.10980053139851,6169400
2012-05-22,56.399436950683594,57.171721172513,56.06440411377018,56.745829329551015,6089700
2012-05-23,56.21772384643555,56.21772384643555,54.911653781691314,55.837261502603376,8013000
2012-05-24,56.81964111328125,56.8537154020042,55.96218210813584,56.365359143462776,6322300
2012-05-25,56.13821029663086,56.9218495394273,55.88835242252411,56.80828014159413,5561500
2012-05-29,56.92185974121094,57.26825209879732,56.5016476950422,56.67768159295162,5223200
2012-05-30,55.439735412597656,56.2801635271778,55.365915751257816,56.2801635271778,7284800
2012-05-31,55.82587432861328,56.30855498258376,54.900271398239276,55.68391044977344,9371100
2012-06-01,54.74696731567383,55.24667874644614,54.52549961820065,54.883251463630835,9243000
2012-06-04,54.84349060058594,55.16148832536142,54.360814244796266,54.78670591150375,6794500
2012-06-05,54.79241943359375,55.008207467450625,54.38924222875208,54.73563470504087,5891600
2012-06-06,56.67198944091797,56.67198944091796,55.4113493418063,55.58738318779951,7145800
2012-06-07,57.007041931152344,57.92129009194032,56.88779273614467,57.342079097275075,7971600
2012-06-08,57.2625732421875,57.35343224410432,56.609542578591956,56.72311199859231,5769900
2012-06-11,56.734458923339844,58.10866852876552,56.54138575340033,57.915595358826,7037100
2012-06-12,57.20578384399414,57.29664283846478,56.53571392315677,56.8991412362487,5933400
2012-06-13,56.85938262939453,57.580561705092116,56.62088430474895,57.17170495861705,5189900
2012-06-14,57.875831604003906,58.01779547920941,56.72876539859667,56.88208447756541,6540000
2012-06-15,59.24437713623047,59.34091155065302,58.28469976402113,58.48912813126565,11091100
2012-06-18,58.75033950805664,59.03994707541135,58.48912645349148,58.56862589042895,6630300
2012-06-19,59.091060638427734,59.42609774226899,58.92638197144068,59.051310914147756,6115500
2012-06-20,58.84688949584961,59.36932007565608,58.256318999143346,59.07971243164534,7609200
2012-06-21,56.796913146972656,58.915016364449215,56.7117382759756,58.75033772653116,8492000
2012-06-22,57.035430908203125,57.421572977903246,56.54707463380604,57.154680091617,11708600
2012-06-25,56.26313018798828,56.535698431923706,55.74637954641978,56.41076951495575,7091000
2012-06-26,57.32502365112305,57.51809681660408,56.121172498008626,56.20067193897299,7616000
2012-06-27,58.244956970214844,58.43235038453736,57.49538764531981,57.6146368183264,5740300
2012-06-28,58.75033950805664,58.858233457783655,57.59759334006899,57.836091650881386,7010200
2012-06-29,59.90876388549805,59.91444365438697,59.25572909988817,59.806549707468726,10651500
2012-07-02,60.11319351196289,60.24379787240844,59.448803506928506,59.959870075481504,5695600
2012-07-03,60.970672607421875,60.99906279509819,60.317637637329824,60.35738736599305,4079900
2012-07-05,60.20972442626953,60.788939524501544,60.03937035744384,60.3460085478089,5045600
2012-07-06,59.66457748413086,59.82357633167386,59.278435569072,59.619148004148954,4609000
2012-07-09,59.31818771362305,59.647544958408446,58.801441437916296,59.607795244892536,5233300
2012-07-10,58.98884582519531,59.84630910556601,58.65381305725678,59.551026061491285,6424200
2012-07-11,59.5396614074707,59.982588101733256,59.068340199003785,59.23301885012095,5931000
2012-07-12,59.64189147949219,60.23814177744438,59.21031987652103,59.2330346274559,7871500
2012-07-13,60.19835662841797,60.300570781288855,59.55100177103341,59.81789018960271,6771800
2012-07-16,60.63564682006836,60.902539762092644,59.90879202704684,60.02804123536478,5185100
2012-07-17,61.0047492980957,61.044499031145726,59.95421692543425,60.754891357555,6668200
2012-07-18,61.2602653503418,61.3170543806903,60.56748510347437,60.641304777574774,5519300
2012-07-19,61.805419921875,61.88492371547214,60.82871163677234,61.28299365329541,6829400
2012-07-20,62.0041389465332,62.038208887702915,61.04446183458182,61.419248517022005,9368100
2012-07-23,61.30002975463867,61.48742320192554,60.20974769616275,60.902532441359675,5953200
2012-07-24,60.363075256347656,61.41928742564399,59.403397536448196,61.41928742564399,6654900
2012-07-25,60.22675704956055,60.62993396215968,59.783830422547254,60.48797007748137,5476400
2012-07-26,61.48173522949219,61.6861636297355,60.90820408718283,61.09559317707652,6808200
2012-07-27,62.04391860961914,62.180202772488116,60.834383125421226,62.11205852485591,8338800
2012-07-30,62.36189651489258,62.424360972171606,61.75997101645191,61.82243547373093,5789900
2012-07-31,62.22563934326172,62.929779319242904,62.19724482042221,62.20860436251638,10012500
2012-08-01,62.748050689697266,63.16258722946666,61.975766642309395,62.30512396624729,8363800
2012-08-02,62.038246154785156,62.42438827211078,61.59531932393435,62.15749535290685,6662200
2012-08-03,63.1001091003418,63.53167619097961,62.975180188485716,63.11146430487692,5967600
2012-08-06,63.20801544189453,63.65662195669997,62.86162312454343,62.89001764198995,5201900
2012-08-07,63.57141876220703,63.8212765578438,63.32156529896373,63.37267021222028,5453300
2012-08-08,63.679317474365234,63.963245233509866,63.23639086328262,63.31589028925162,5443400
2012-08-09,63.957576751708984,64.32668377021126,63.44651016097689,63.74747294559743,4846700
2012-08-10,64.48001861572266,64.53112355087522,63.1909837076449,63.577125769802706,5107600
2012-08-13,64.32670593261719,64.50273984863391,64.00302829185311,64.34942068507031,4336100
2012-08-14,64.34944152832031,64.66176406021935,64.14501302242229,64.56522524792491,6286100
2012-08-15,64.43524169921875,64.68137453807326,64.10897299348855,64.18338362213676,4539900
2012-08-16,64.86459350585938,65.01914012205788,64.16626237745598,64.52115318435558,5394600
2012-08-17,64.48677062988281,65.00765384955487,64.40090951077174,64.85882820090087,5642600
2012-08-20,64.40663146972656,64.61842165149746,64.18912041577553,64.50394306880281,3908100
2012-08-21,64.09756469726562,64.93899179584443,63.983081700565265,64.57265494056283,4647100
2012-08-22,64.19485473632812,64.30933333521743,63.69686366029454,64.05175430417718,4445400
2012-08-23,63.702571868896484,64.20628368324753,63.507953062323445,64.15476963764368,4191500
2012-08-24,64.11470031738281,64.22345364477918,63.39919836337646,63.404919234712814,3453300
2012-08-27,63.954437255859375,64.33222006795269,63.79988636726097,64.21201624741946,3388800
2012-08-28,64.30933380126953,64.572638074286,63.9773397481745,64.017407694784,3340900
2012-08-29,63.994529724121094,64.36086656532238,63.880046731820926,64.2979020113272,3296300
2012-08-30,63.49652862548828,63.93155519418774,63.49080338499674,63.8170722197516,3523200
2012-08-31,64.20059967041016,64.65279333169174,63.920119593058345,63.920119593058345,5557000
2012-09-04,63.66252899169922,64.26354826236715,63.46791010852162,64.12617305294008,4632400
2012-09-05,63.40492630004883,63.9544357049867,63.30189383250771,63.88002069854832,4441200
2012-09-06,64.69857025146484,64.9332570693258,63.86286420568958,63.86286420568958,5531500
2012-09-07,65.25379180908203,65.25379180908203,64.53256446630499,64.66421877480266,5057300
2012-09-10,65.23090362548828,65.5628976922493,65.02483864384895,65.36827882422155,5212400
2012-09-11,65.35684967041016,65.68311858149123,65.25381715285403,65.2938851115103,4758800
2012-09-12,65.5285415649414,65.67736284680961,65.27095820710255,65.38544115516802,4420700
2012-09-13,66.71916198730469,66.95384885518929,65.32250436444434,65.67166986192937,7737700
2012-09-14,67.11407470703125,67.66930485110102,66.67332748121528,66.93090640490195,8978300
2012-09-17,67.0511245727539,67.82959111551335,66.90802416955663,67.06829592240514,7409700
2012-09-18,66.9538345336914,67.34306790498714,66.73631907006569,66.9652806473712,5100100
2012-09-19,66.74201965332031,67.07401359940776,66.30127238267661,67.02249518918448,5978000
2012-09-20,67.4575424194336,67.6407107967548,66.11239923906743,66.47873599370982,7286200
2012-09-21,67.42890167236328,67.84675234178856,67.24000812022891,67.84675234178856,10280700
2012-09-24,67.41748809814453,67.82389288098736,67.23431968380581,67.28583812034954,6808800
2012-09-25,66.93093872070312,67.82960931927963,66.70197714072438,67.64644092871241,7565400
2012-09-26,66.5703125,66.97099190129623,66.4844513805571,66.86795943138036,5586700
2012-09-27,67.08546447753906,67.19994741557463,66.69623122237327,66.84505685828073,5482200
2012-09-28,66.71916198730469,66.9080556565172,66.48447948649986,66.90233041491325,5626800
2012-10-01,67.11407470703125,67.6864761970699,66.89656371296421,66.92518116722006,4914900
2012-10-02,67.52051544189453,67.5892052296747,66.92521704903712,67.34307228231134,6012400
2012-10-03,66.47874450683594,67.3945865107227,66.42723044118566,67.34307244507242,7362500
2012-10-04,67.05685424804688,67.24002260157444,66.66762095091605,66.76492818342925,5425700
2012-10-05,67.25721740722656,67.68651879493225,67.03970627627098,67.21142421110552,4507900
2012-10-08,67.3259048461914,67.46900530375399,66.94239230094335,67.07977188450059,3434900
2012-10-09,67.17705535888672,67.76090309747566,67.17133011982939,67.26863734841459,5983500
2012-10-10,64.36656188964844,65.85480962924092,64.11470814071937,65.620122863493,15959000
2012-10-11,64.71574401855469,65.37973218128882,64.71574401855469,64.89319154043241,7279900
2012-10-12,64.1490478515625,64.84737851007024,63.88574363668015,64.72717469678119,5915800
2012-10-15,64.57836151123047,64.70429058765228,63.59382985965469,64.20057864904356,5775100
2012-10-16,65.30530548095703,65.48847821068836,64.86455810950616,64.95614447437184,4793300
2012-10-17,65.92921447753906,66.03224693711984,65.45984535435498,65.45984535435498,5218200
2012-10-18,65.62583923339844,65.84335025241323,65.4655674965373,65.56859995124479,6166900
2012-10-19,64.89888763427734,65.82045449998103,64.7443411337969,65.76894045551333,7160000
2012-10-22,64.5325698852539,65.08207502258212,63.95444728164281,65.0305609630257,4811900
2012-10-23,62.60929870605469,63.86858511321027,62.44902692281709,63.86858511321027,8011000
2012-10-24,62.79819107055664,63.24466370555658,62.40895773313235,62.63219405063232,5087900
2012-10-25,63.513702392578125,63.51942763328715,62.76385744162255,63.3248087528922,4888600
2012-10-26,63.6396369934082,63.93156315572589,63.29619676148829,63.3477108310905,4777600
2012-10-31,63.10157012939453,64.07465576214825,62.534893597834696,64.06893052164551,5958500
2012-11-01,63.79990768432617,63.93156202722929,62.901236982577,62.97564764860434,6480500
2012-11-02,62.031185150146484,63.65680417936615,61.573261959535174,63.36487803617446,8375300
2012-11-05,62.500526428222656,62.58638316676724,61.67054156331473,61.67054156331473,4058300
2012-11-06,63.170249938964844,63.35914354201621,62.53488372293988,62.76384526902533,5379400
2012-11-07,61.538883209228516,62.56348236369107,61.121028214976384,62.529135305908675,7627300
2012-11-08,60.60017013549805,61.63049058518608,60.60017013549804,61.37863680437084,6208900
2012-11-09,60.583030700683594,61.069575935442074,60.14800828823942,60.25104083162484,5835100
2012-11-12,60.63450622558594,60.972221098802585,60.382648105168116,60.93215315847047,4001800
2012-11-13,60.26246643066406,60.93217555108125,60.21667323429035,60.31398486835439,4834200
2012-11-14,59.17707061767578,60.62618840954141,59.015416885623935,60.61463919740409,8609400
2012-11-15,58.66899108886719,59.73706372278846,58.11474806377397,58.882602972812236,9774300
2012-11-16,59.11935043334961,59.17130868489445,58.3110771952409,58.63438472859047,8242400
2012-11-19,60.24512481689453,60.24512481689454,59.546547462430446,59.852535417183134,6850900
2012-11-20,59.789031982421875,60.112343771571055,59.41953657030804,60.04883633467029,5283800
2012-11-21,60.10080337524414,60.11235258622841,59.702443690954965,60.014201911795745,3656400
2012-11-23,60.891761779785156,60.89176177978515,60.30864991134281,60.54536030323672,2776400
2012-11-26,60.614620208740234,60.61462020874024,60.187391992907045,60.47606053963561,4354100
2012-11-27,59.685115814208984,60.71277968996198,59.58119494608714,60.62040362730562,6612400
2012-11-28,60.95527267456055,60.97836669493292,59.32718167854744,59.45419658822848,7024200
2012-11-29,61.07649230957031,61.59609658027863,60.83978198440722,61.13422513859735,5756200
2012-11-30,61.018798828125,61.411388485293266,60.776313742274496,61.25550490119399,6676400
2012-12-03,60.424102783203125,61.23814580081784,60.26244469580856,61.197732380152324,5736400
2012-12-04,60.01996994018555,60.67235933783771,60.00842513519978,60.27399969720154,6665100
2012-12-05,60.71855545043945,61.088050925434054,60.043071948158705,60.26245850995753,6430800
2012-12-06,61.45753860473633,61.48640722448138,60.7878297930341,60.9032954625484,7392300
2012-12-07,61.7692985534668,61.775073158115156,61.278562871942334,61.61919407047149,4947300
2012-12-10,61.75198745727539,62.173445558687035,61.469093457681296,61.83281431430228,5512100
2012-12-11,62.20230484008789,62.48520322196505,61.86167802746802,61.94250487808063,5922700
2012-12-12,62.39860916137695,63.03367923633944,62.312007695533545,62.450567398042885,5968200
2012-12-13,62.30044174194336,62.66416248934551,62.040637432600086,62.66416248934551,4909800
2012-12-14,62.24848175048828,62.577563699120056,62.0060012419664,62.12724149622734,5889300
2012-12-17,62.74502182006836,62.837393503318516,62.31779342497594,62.335112840289455,6097100
2012-12-18,63.5648193359375,63.73802224283579,62.5371599136643,62.664174791425324,7102700
2012-12-19,63.45511245727539,64.14791510273055,63.44356325050312,63.77841977119022,7623200
2012-12-20,63.72647476196289,63.89390306857781,63.305021097667584,63.507088224708696,5873900
2012-12-21,63.33964538574219,63.680276525801254,62.67570691659548,63.25881855347028,15611700
2012-12-24,62.71613693237305,63.1549144270786,62.629539878255585,63.102956194608126,2284400
2012-12-26,62.61799240112305,63.08563412523416,62.47365810062127,62.987487858028935,4094300
2012-12-27,62.652645111083984,62.848942093738174,61.930973448612,62.61800628080029,5525700
2012-12-28,61.45753860473633,62.22539808073196,61.37094155496708,62.16766524597481,5277100
2012-12-31,62.43321990966797,62.485182527699884,61.05338489653612,61.05338489653612,6554000
2013-01-02,63.732261657714844,63.74958107126799,62.77965426968723,63.66297959876841,6144100
2013-01-03,63.46090316772461,64.03824036045441,63.22419720916666,63.58791805488248,6817000
2013-01-04,63.79573059082031,63.86501260793439,63.44932931471232,63.50128752399948,4414500
2013-01-07,63.362754821777344,63.559047346588876,63.039447413978074,63.518633920613965,4861000
2013-01-08,63.07986831665039,63.328123506987914,62.98749224362546,63.20688321469289,6325400
2013-01-09,63.24154281616211,63.55330555794285,63.04524579886237,63.34546373008902,4558600
2013-01-10,63.7784423828125,63.94587070251507,63.559051423675776,63.61678866854335,5276400
2013-01-11,64.50588989257812,64.70795703977136,63.96896609875985,64.19989746427585,5456300
2013-01-14,65.15250396728516,65.21023680795852,64.28649814298433,64.303817554713,6373900
2013-01-15,65.49313354492188,65.51045295620882,64.74836802645018,64.81187547099118,5637600
2013-01-16,65.7990951538086,66.0069368153181,65.33722381606935,65.418050639464,6148500
2013-01-17,66.24366760253906,66.89028683767798,66.1570661435431,66.237897402077,6966000
2013-01-18,66.5323486328125,66.5323486328125,65.85109044862207,66.52657843127182,8538000
2013-01-22,66.91915130615234,66.93647071593011,66.12242321851147,66.4572798233248,5398000
2013-01-23,66.3995361328125,66.91336576096208,66.35334811113492,66.59582861784394,5031800
2013-01-24,66.68245697021484,67.18474199803238,66.55544206170461,66.67668236399147,4895800
2013-01-25,67.08657836914062,67.19049923744343,66.48037697465188,66.69398891163372,4745400
2013-01-28,66.99421691894531,67.3059795713569,66.63049602683202,67.29443035937845,4520500
2013-01-29,67.66967010498047,67.77936554589448,67.11542710647545,67.13274651193939,4370100
2013-01-30,67.23091888427734,67.83712473958835,67.12122780544914,67.5888695537137,5168200
2013-01-31,66.48037719726562,67.49071726286319,66.48037719726562,67.09812780404167,7777900
2013-02-01,67.25975036621094,67.36944578919767,66.42261360423208,66.87870588935033,6415900
2013-02-04,66.5092544555664,66.90761859763377,65.98387980889363,66.40533356653727,6397600
2013-02-05,66.86141204833984,67.1904940383795,66.688213551059,66.8209986251677,5067800
2013-02-06,66.91915130615234,66.92492150625634,66.30717093069592,66.64202753550924,4459800
2013-02-07,66.40532684326172,66.97111927174369,66.00696714626066,66.96534466606728,5423900
2013-02-08,66.76324462890625,66.84407144962857,66.33601651869807,66.35333592246266,4457200
2013-02-11,66.76324462890625,66.87871025715773,66.39952393565581,66.78633863550282,3766300
2013-02-12,67.25975036621094,67.456042802365,66.6881880556511,66.80942827881645,4530600
2013-02-13,67.21905517578125,67.3994216885108,66.85832215032215,67.16087285932264,4111000
2013-02-14,67.32377624511719,67.64378560198912,66.95140414204381,67.00377132727087,5226400
2013-02-15,66.88739776611328,67.31795214897872,66.34629389667788,67.20158753923953,6353200
2013-02-19,67.44596099853516,67.64378617692621,67.02122614565033,67.02122614565033,5023300
2013-02-20,66.90485382080078,67.55068763205585,66.81757814162636,67.45177726720338,5447000
2013-02-21,66.90485382080078,67.08522474150135,66.3812041847797,66.78848920791852,4795100
2013-02-22,67.46923065185547,67.6263277601642,66.80594260105845,67.2074080567081,5207200
2013-02-25,66.06121063232422,68.27216973021407,66.03793681794312,67.78343294528963,7522800
2013-02-26,66.88739776611328,67.00958193804705,66.18338166743285,66.6023013649345,6113100
2013-02-27,67.87071228027344,68.04525923895565,66.7419566368841,66.7419566368841,4540600
2013-02-28,68.1615982055664,68.59215250694295,67.69613097665564,67.82413468655733,5953600
2013-03-01,68.01615905761719,68.21397979923502,67.46341601557626,67.91724868680826,5570300
2013-03-04,68.35942077636719,68.5456067852576,67.53904020060854,67.94632070786112,5046700
2013-03-05,68.6154556274414,68.80164171074665,68.46417804756017,68.63872944273287,6356000
2013-03-06,68.92965698242188,69.11002353225797,68.6736494105045,68.83074658019093,5362200
2013-03-07,68.98200225830078,69.17400788856243,68.77836194091387,69.01691519772854,4378700
2013-03-08,68.98780822753906,69.30199798632272,68.65034466006492,69.20890275156084,4992000
2013-03-11,69.08091735839844,69.1216454220432,68.71436034656949,69.02273060545504,4528400
2013-03-12,68.8016357421875,69.41256113326763,68.749272991594,69.16818831341999,4625000
2013-03-13,68.86563110351562,69.06345183907648,68.69107973999971,68.87726578953809,5393300
2013-03-14,69.81983184814453,69.97110939340928,69.00526625544444,69.0809072475895,7476700
2013-03-15,69.6336441040039,69.77328252135713,69.18563548044239,69.58127692310566,10215600
2013-03-18,69.31364440917969,69.76165753404673,69.06345647217009,69.1100040974337,4828700
2013-03-19,69.50564575195312,69.70928605115306,69.03436328251536,69.46491769211315,5244200
2013-03-20,70.02346801757812,70.3318382131908,69.73837163056217,69.80819305635234,5945300
2013-03-21,70.0176773071289,70.39586908436931,69.70930698444927,69.81985651108045,6168500
2013-03-22,70.50639343261719,70.63439716742069,70.0991128573564,70.20384278228423,5190700
2013-03-25,69.92455291748047,70.72747928399377,69.56381556723692,70.692570792979,6345300
2013-03-26,70.39002227783203,70.47729350797016,70.00601110912457,70.25037943156117,4256400
2013-03-27,69.93041229248047,70.2329630779176,69.64531132346062,70.11077885077796,4329600
2013-03-28,69.13326263427734,70.24456363700568,69.098354142556,70.0758318619777,8280100
2013-04-01,69.5929183959961,69.73837638036377,69.09836213695105,69.23218099671509,4322200
2013-04-02,69.23800659179688,69.7907452049446,69.04018584655269,69.72674333112424,4813900
2013-04-03,68.52816772460938,69.38346141837557,68.2779798035691,69.34273335862602,7175000
2013-04-04,68.69691467285156,69.0518326027916,68.17326490416735,68.61545853539253,5409700
2013-04-05,68.37689971923828,68.44672116242631,67.59142734923418,67.86488911960458,5029900
2013-04-08,68.54562377929688,68.58053671644896,67.87070099437446,68.33616391248717,4117400
2013-04-09,69.02854919433594,69.16237250958065,68.44089762230422,68.65035750067145,4849700
2013-04-10,69.61038970947266,69.7209392251824,68.95292105699568,69.17401564938868,5452000
2013-04-11,70.37257385253906,70.48894290806379,69.54055397139595,69.79656145452478,6092300
2013-04-12,69.784912109375,70.34347014148554,69.52890468002343,70.08746271213397,6391700
2013-04-15,67.82415771484375,69.17982737323824,67.78342965141252,69.12746018366896,9766800
2013-04-16,68.0801773071289,68.36527380175768,67.61470983754879,68.27217853223094,6511400
2013-04-17,66.80013275146484,67.72524797094562,66.39867167646847,67.72524797094562,8291200
2013-04-18,67.25396728515625,67.56234201307697,66.67795477497586,66.84086704540857,6451600
2013-04-19,67.43431854248047,68.04523937809392,67.39359048677291,67.70196068556234,7573200
2013-04-22,67.82415771484375,68.13252797211246,67.42851176764357,67.71942777473117,5435700
2013-04-23,68.35362243652344,68.70853585768316,67.43432684984559,68.06852157242321,6745200
2013-04-24,68.81907653808594,69.05181018628437,68.64452963120596,68.67943812477692,4559000
2013-04-25,68.9529037475586,69.81983208637058,68.83071957409048,69.2787282101402,5602800
2013-04-26,69.84313201904297,70.05841151321026,69.05183993765081,69.23802604862385,6012200
2013-04-29,70.58783721923828,70.75074942088936,69.84309318939069,70.0758268084742,5158500
2013-04-30,70.98931121826172,70.98931121826172,69.88964928460918,70.43075312807511,6907400
2013-05-01,69.9769287109375,70.73331204357228,69.8489294069918,70.5471259917119,6082100
2013-05-02,71.00675964355469,71.1754914130629,70.18637460274145,70.40165398570532,5066100
2013-05-03,71.85043334960938,72.0948061663727,71.25114709224228,71.38497040711329,6384300
2013-05-06,71.71077728271484,72.01914746058314,71.39658754327594,71.75150533565925,4668700
2013-05-07,71.5886001586914,71.9842460428981,71.29768419792252,71.76896663388004,4412600
2013-05-08,71.77481079101562,71.91444925710736,71.47807516642222,71.55371618311813,4479800
2013-05-09,71.9377212524414,72.11808778486733,71.54207524268085,71.83299129576871,9237500
2013-05-10,71.69916534423828,71.97844224187553,71.0475118513743,71.78643660035851,10581700
2013-05-13,71.47805786132812,71.6235158563406,71.08241193733315,71.50715123594091,16870100
2013-05-14,72.72899627685547,72.72899627685547,71.51296958983876,71.51878471344244,6965800
2013-05-15,72.14833068847656,72.570628755831,71.9078536599127,72.570628755831,7950400
2013-05-16,72.001708984375,72.3594890891528,71.84921144590635,71.989975994972,5549800
2013-05-17,72.38880920410156,72.38880920410156,71.71430553957128,71.98997260484381,6850200
2013-05-20,73.18648529052734,73.2216753088191,72.24804751254462,72.39467855519268,5298200
2013-05-21,73.86685943603516,74.01935250669017,73.1688942036715,73.22167923393873,6699300
2013-05-22,73.27446746826172,74.47684385150777,73.08091341098952,73.84926314520885,9350100
2013-05-23,73.55014038085938,73.80234598233191,72.85217510530926,72.85217510530926,8096100
2013-05-24,73.5794677734375,73.64398580102869,72.92256345589092,73.02227150768638,5593200
2013-05-28,74.15426635742188,74.72319563618025,73.81994769024148,74.13080484878157,6598500
2013-05-29,73.6029281616211,74.33022146616358,73.20409148568086,73.94311330650467,6422400
2013-05-30,73.38004302978516,73.88445419983847,73.02812940470307,73.45042754473138,4353400
2013-05-31,71.9958267211914,73.49146482997239,71.9958267211914,73.10435681129557,7905000
2013-06-03,72.78177642822266,72.79937591080179,71.76122570500704,71.76122570500704,7256900
2013-06-04,72.1190185546875,72.52372170404561,71.63806886660853,72.03690552073436,7675500
2013-06-05,71.30374145507812,72.20112269764972,71.15124392159056,71.75536308620677,7745600
2013-06-06,70.72895050048828,71.25682317075432,69.59696310039625,71.12778713193102,10141500
2013-06-07,71.37997436523438,71.53833836301624,70.46499828853318,71.098445330014,6089800
2013-06-10,71.9606704711914,72.1307630614868,71.43866418279282,72.10730155163652,5585600
2013-06-11,71.23336029052734,72.00171001373234,71.12192373855173,71.47970384844446,4548000
2013-06-12,70.36531066894531,71.98411875252225,70.15416159392116,71.7436416768685,5489200
2013-06-13,71.3565444946289,71.45625254609372,70.27147102046163,70.32426053141803,4656700
2013-06-14,70.5471420288086,71.36827694308437,70.44156747590421,71.04568678842504,4415300
2013-06-17,71.0984878540039,71.42694008314932,70.54715349094467,70.64686156410295,4046900
2013-06-18,71.27442169189453,71.39172922152407,70.8873180311788,70.98702607524538,4544800
2013-06-19,70.67615509033203,71.77881880362636,70.62337006847045,71.43863822148506,4634300
2013-06-20,69.18051147460938,70.18347156067244,68.95763394149729,70.11308706214172,7624100
2013-06-21,69.75531005859375,70.11309011074056,68.77581590427486,69.93713109417457,10692100
2013-06-24,68.51774597167969,69.22743960386977,68.04852489634922,69.03975206870234,6785700
2013-06-25,68.88725280761719,69.13359632709512,68.57639575486442,69.06321182512661,5983100
2013-06-26,69.29784393310547,69.52658804219415,68.62334012240738,69.409280502389,4820700
2013-06-27,69.62628936767578,70.11310554247494,69.49725332377001,69.5148483343345,4459400
2013-06-28,69.40925598144531,70.12481605957542,69.29195295790613,69.67319449664373,6504400
2013-07-01,69.84330749511719,70.3887752167007,69.20986024266703,69.41514283147268,5053000
2013-07-02,69.88434600830078,70.57644461141237,69.55588947600845,69.84915152012651,4912000
2013-07-03,69.84330749511719,69.97234354374498,69.56764038665324,69.93714904650342,3034800
2013-07-05,70.68204498291016,70.88732759392373,69.8550435680515,70.20109523361036,4386200
2013-07-08,71.11019134521484,71.73777204777942,70.95769827811183,71.13951934456318,4964400
2013-07-09,72.30084228515625,72.57650939846268,71.5852864594389,71.78470255640319,6252900
2013-07-10,72.08380126953125,73.04570028188137,71.97236027639042,72.40638678810375,5549600
2013-07-11,72.59407806396484,72.79349856337987,71.85506099948843,72.69965256957909,7235100
2013-07-12,72.7641830444336,72.81697254370123,72.165930393286,72.44745947329992,5615000
2013-07-15,73.12784576416016,73.39764638991116,72.76419910780444,72.79352711107468,4062000
2013-07-16,72.79940032958984,73.45630470518665,72.46508164563062,73.14544753104525,4002900
2013-07-17,72.93426513671875,73.31550666634844,72.89907512546239,73.11022414264734,3634600
2013-07-18,73.59117889404297,73.69675341010496,73.10436282137802,73.12782432214999,4324100
2013-07-19,74.43578338623047,74.43578338623047,73.41522812468585,73.77887471527552,5929900
2013-07-22,74.50617218017578,74.84635730734765,74.28329458383459,74.31848460567143,4056100
2013-07-23,74.64108276367188,74.86982687990542,74.31262611678315,74.52964171608238,3763300
2013-07-24,74.11907958984375,74.85809700778445,73.84341244473434,74.63521937814248,4527800
2013-07-25,74.93431091308594,74.97536741596691,73.77885786437733,73.98414037878219,4466400
2013-07-26,74.81702423095703,74.8522187252313,73.95483295584067,74.50616712628502,4829900
2013-07-29,74.00174713134766,74.70557876009845,73.83752109375298,74.70557876009845,4028900
2013-07-30,73.77300262451172,74.46510126066615,73.42695554384645,74.01934167937418,4589500
2013-07-31,73.8375244140625,74.43578154914415,73.58531885217987,73.91377094213897,5394300
2013-08-01,74.16011047363281,74.28914649480214,73.690889392076,74.1894339944652,5757100
2013-08-02,73.28620147705078,73.37418100739026,72.31844006779082,73.23928293905121,7472700
2013-08-05,72.72313690185547,73.16889656272357,72.58823883694025,73.15130155206721,3733700
2013-08-06,72.22459411621094,72.82285134327313,72.14834757641175,72.71141030640717,4677700
2013-08-07,72.33604431152344,72.68209150691516,72.02518714282908,72.16008522838588,3898500
2013-08-08,72.18354034423828,72.8521776412168,71.50317453100793,72.65862356187434,5639200
2013-08-09,71.84918975830078,72.21283624801376,71.3682402589116,72.21283624801376,5739400
2013-08-12,71.43863677978516,71.59699631699786,70.91663069162186,71.55593980921502,6014800
2013-08-13,71.84918975830078,72.27735424578256,71.20401425543574,71.51487125841834,4461000
2013-08-14,71.58526611328125,72.11900070185227,71.28613757802903,72.00169767519286,6884900
2013-08-15,71.11219787597656,71.55572509765625,70.96435546875,71.36648699687794,4247800
2013-08-16,70.89337158203125,71.07669918870405,70.40253834298105,70.89928654012807,5652500
2013-08-19,70.17191314697266,70.96434618032632,70.08911725891397,70.78102306313379,4308900
2013-08-20,69.95310974121094,70.55039429381688,69.95310974121094,70.13051791214693,4490700
2013-08-21,69.60417938232422,70.07727672611976,69.32032458547941,70.00631077101323,5648600
2013-08-22,69.95310974121094,70.48534327760277,69.44453152996896,69.74613128588965,4028600
2013-08-23,70.6864013671875,70.80467798389029,69.85257265044291,70.18965311241057,4675900
2013-08-26,70.2783432006836,70.9170232888622,70.08910515734817,70.81057660749909,3783400
2013-08-27,70.26060485839844,70.76918296043984,69.82299271656898,69.92352444302598,5185600
2013-08-28,72.03472137451172,72.35997642239435,70.64500387425143,70.64500387425143,7615400
2013-08-29,71.18314361572266,71.88687020600722,70.99981601486975,71.64441107322759,5488800
2013-08-30,71.2186050415039,71.48471942201982,71.0057117323753,71.2718261128912,4696100
2013-09-03,71.28959655761719,71.83957038487604,70.96434152092972,71.7567745022536,4154300
2013-09-04,71.4729232788086,71.71538244514038,70.92886438245243,71.17132354878422,3671200
2013-09-05,71.77452850341797,71.95193667270233,71.50249903441511,71.6030307815221,3337300
2013-09-06,71.67989349365234,72.59060302619014,70.37888245390751,71.86913154510233,5690200
2013-09-09,72.27716827392578,72.42501062287039,71.67988392088826,71.67988392088826,4482000
2013-09-10,72.74435424804688,72.74435424804688,71.67988747810386,72.63199261349993,6000800
2013-09-11,73.28251647949219,73.32982712821139,72.61427048555272,72.76802783799423,4995800
2013-09-12,73.26475524902344,73.69645690000573,73.11691289772396,73.35937651951454,4529700
2013-09-13,73.4126205444336,73.82066700532243,73.21746749689615,73.3180037561618,3094000
2013-09-16,73.37712097167969,74.03354140899805,73.31798493022026,73.90935436839604,4277800
2013-09-17,73.53087615966797,74.03354380783745,73.37712334924971,73.38894875320845,5458200
2013-09-18,74.40611267089844,74.76684843829014,73.22337363336275,73.54271371491235,6296900
2013-09-19,74.181396484375,74.58352795173768,74.06903482808804,74.42977060815419,4440800
2013-09-20,73.87387084960938,74.64856789962761,73.76742416779416,74.31148749251126,10264700
2013-09-23,74.22868347167969,74.28782401981248,73.66688435874109,73.69645463280747,5450600
2013-09-24,73.61957550048828,74.4179232898413,73.57226937734764,74.12223858920756,6097900
2013-09-25,73.3712158203125,73.93893001542331,73.3712158203125,73.78517267764599,4498900
2013-09-26,73.02822875976562,73.59003257237087,72.75028433303771,73.38896456741779,5022600
2013-09-27,72.52555084228516,72.8922015349089,72.44867443606333,72.87446117284163,4518800
2013-09-30,71.85139465332031,72.15890480985831,71.2600251500008,71.91053070129402,6421800
2013-10-01,71.74494171142578,71.99331579835031,71.46108238937569,71.71537143411963,4702300
2013-10-02,71.45518493652344,71.66216337993016,70.82241968851334,71.57937200256747,5899800
2013-10-03,69.92943572998047,71.35463823483032,69.74019769114052,71.33098291600149,10203700
2013-10-04,69.85847473144531,70.1009383828058,69.49773898933745,70.07728306229811,6538500
2013-10-07,69.7047119140625,70.07727300707074,69.31440594937638,69.4445079376051,5677400
2013-10-08,69.03057098388672,69.83482943766637,69.01874106603883,69.71655732993776,6744200
2013-10-09,68.67572784423828,69.07194877723666,68.19672006671209,68.92410642498383,8861700
2013-10-10,68.82356262207031,68.82356262207031,67.67630916286764,68.14940193093584,11133000
2013-10-11,69.58645629882812,69.61011162307025,68.55747450915044,68.93595067344089,6535800
2013-10-14,70.12459564208984,70.22512737318367,68.78809932309656,69.38538377500369,4789800
2013-10-15,69.87028503417969,70.41434371775958,69.64556180833466,70.11274410568798,6414700
2013-10-16,70.46757507324219,70.79874047092827,69.9826478669302,70.62132785828777,5614200
2013-10-17,70.68048095703125,70.73370655839027,70.17781778224018,70.43210684879914,5254800
2013-10-18,70.75739288330078,70.87566503091269,70.44987808064066,70.73373755141975,6231100
2013-10-21,70.85787963867188,71.07668793570127,70.556279988559,70.74551801157699,4360700
2013-10-22,71.34283447265625,71.43154082283503,70.79286051569875,71.04714964658862,6444900
2013-10-23,71.0412368774414,71.3428366726326,70.86973913161866,71.1358581903612,4961900
2013-10-24,71.29548645019531,71.55569040453005,70.9110999872063,71.36053743877899,4188100
2013-10-25,71.3132553100586,71.68582103208337,71.12401722539859,71.3132553100586,4273300
2013-10-28,71.50247955322266,71.64440695233972,71.0175522919739,71.29549664442987,5497700
2013-10-29,71.85139465332031,72.15299436331482,71.65033118785148,71.7508629205859,4241700
2013-10-30,71.14175415039062,72.12342519489769,70.9111204014851,71.8750510825058,4999100
2013-10-31,70.94068145751953,71.7508592599782,70.86380505025495,71.05304310119094,7752500
2013-11-01,69.78752899169922,70.63318771510463,69.19024442184984,70.39663896856894,9344200
2013-11-04,69.84073638916016,70.13642113637233,69.37946890539573,70.13050617812657,6670300
2013-11-05,70.04769897460938,70.31381789401523,69.23161088103646,69.54503592034077,6623300
2013-11-06,71.63848876953125,71.79816103416617,70.26651194172565,70.55037123897081,8373200
2013-11-07,70.91111755371094,72.07611165651308,70.62134325576635,71.91052892156826,10131200
2013-11-08,71.66808319091797,71.67990859771682,70.71597777499564,70.7691988732784,11331000
2013-11-11,71.60301971435547,71.8513938200393,71.38421137641998,71.66215576164336,3427600
2013-11-12,70.96432495117188,71.70353666941324,70.74551665832793,71.57343468511631,6914200
2013-11-13,71.017578125,71.05306337153021,70.48534905676215,70.71598285614316,6212000
2013-11-14,71.29784393310547,71.5184896224607,71.15472474119571,71.30977318640959,5470900
2013-11-15,71.59600830078125,71.72123815669327,71.04141633906978,71.42903515956522,6008000
2013-11-18,71.89415740966797,72.09094908242653,71.60195448778978,71.98360858361966,4788700
2013-11-19,72.7886734008789,72.97950048379573,71.72123284186162,71.88821052038081,5891800
2013-11-20,72.75289154052734,73.20014292294861,72.5143565599674,72.84830735262186,4571300
2013-11-21,73.62354278564453,73.70702934914834,72.96757497968184,72.96757497968184,4884300
2013-11-22,73.96345520019531,74.05887101742314,73.00335515030397,73.67125222186908,3887400
2013-11-25,73.79052734375,74.00520841163849,73.4804349955095,73.80841667446117,3925300
2013-11-26,73.21803283691406,73.76666011182407,73.14051090122342,73.59372691295083,4597500
2013-11-27,73.00335693359375,73.19418402303427,72.53821618743727,73.122626708042,3906700
2013-11-29,73.01528930664062,73.52813798449618,72.75290034131632,73.24785968965921,3721000
2013-12-02,72.9556655883789,73.38502777452582,72.7827323380987,73.27172715017096,5384000
2013-12-03,73.06298828125,73.2895985739407,72.67537403261372,72.9377584325046,5410200
2013-12-04,72.6157455444336,73.24786403937254,72.2698745374034,72.81253728011299,4391800
2013-12-05,72.21619415283203,72.75289676017852,71.98362378126133,72.3175700481984,4706800
2013-12-06,72.92584228515625,72.96758557296836,72.54418806810921,72.7827230911829,4179100
2013-12-09,73.55199432373047,73.87401593434305,72.84832303162712,72.91391572946407,7706500
2013-12-10,73.74280548095703,73.90977859194783,73.17031974373711,73.82032741115246,5602700
2013-12-11,72.81253051757812,73.87997112295989,72.6336326787662,73.83822783893609,7309900
2013-12-12,72.15061950683594,72.81255217155098,71.90015972820811,72.6217250235948,7221200
2013-12-13,71.50059509277344,72.24004950515852,71.19049822489545,71.82261666341131,5268100
2013-12-16,71.69142150878906,71.97765986909523,71.44692188258735,71.83454068894214,7304500
2013-12-17,70.8088607788086,71.69740375862371,70.51665772051498,71.63180650374667,6824000
2013-12-18,72.51437377929688,72.61574969146285,71.08913273284948,71.1606946089135,8206400
2013-12-19,73.48042297363281,73.58776349001545,72.19233677704116,72.49646899840471,6540600
2013-12-20,73.21803283691406,73.82033264397633,72.99142710588856,73.24188679012882,9455200
2013-12-23,73.22997283935547,73.70107369806144,73.1285923858899,73.5937377173515,4062400
2013-12-24,73.6533432006836,73.67719714861266,73.17030871705181,73.21205198850885,1587800
2013-12-26,74.42857360839844,74.53591409574217,73.67719474666751,73.70700876835036,3415200
2013-12-27,74.67906188964844,74.92952159108923,74.35704032364886,74.54190278666324,3455300
2013-12-30,74.08271789550781,74.66712379633908,73.88592620352996,74.41666412455425,4688500
2013-12-31,74.48823547363281,74.64327935706295,73.90382494864647,74.35107636940815,3475600
2014-01-02,74.029052734375,74.47033951663421,73.77262841164128,74.21987981992034,4540300
2014-01-03,74.15425872802734,74.47628018435829,73.86205584252664,74.30334248282823,3506000
2014-01-06,73.95748138427734,74.42262661094944,73.6593138170054,74.29739222898033,4252300
2014-01-07,74.58365631103516,74.73274013707861,73.73686127103086,74.1960374533867,4563300
2014-01-08,73.52216339111328,74.21987444558425,73.20014185450907,74.20794974408467,8282500
2014-01-09,73.52216339111328,73.5996853250513,72.76481518011553,73.5996853250513,5643500
2014-01-10,72.16253662109375,73.25382677283693,71.78088238939652,73.05107495273161,8127500
2014-01-13,71.11298370361328,72.09693784718363,70.969864507176,72.04326530497138,6504200
2014-01-14,71.30379486083984,71.41113537156913,70.84461878974449,71.2024189756167,6904600
2014-01-15,71.07125854492188,71.60199672720546,70.99373657492573,71.37539089590094,5829300
2014-01-16,70.8625259399414,71.13683963642806,70.48087170572717,71.02949909870048,5041100
2014-01-17,71.1368408203125,71.78684413482465,70.80885457466492,70.98179236330843,7199700
2014-01-21,71.77490234375,72.09095925994669,71.26801835269815,72.00150807336664,5602300
2014-01-22,71.8166275024414,72.01341915332509,71.54231393591044,71.86433539653596,4977500
2014-01-23,70.60012817382812,71.4707770717827,70.52260623108913,71.46481244551762,6205800
2014-01-24,69.34781646728516,70.45103560597362,69.32992714039081,70.29002711424823,7094900
2014-01-27,69.43130493164062,69.9202995954383,69.10331876398764,69.32992904333928,6179500
2014-01-28,69.67581176757812,69.78911692640847,69.21663560491537,69.60425444593967,4303700
2014-01-29,69.17487335205078,69.70561124051918,69.00193562270955,69.25835990419125,5522100
2014-01-30,69.44322967529297,69.74736189005708,68.68588600090447,69.35974311432656,5538700
2014-01-31,66.56889343261719,67.92257681721847,66.25880114587258,67.92257681721847,15523500
2014-02-03,66.27670288085938,67.06386527115211,65.91890262157669,66.99826802615463,11275300
2014-02-04,66.09182739257812,66.81339239587072,65.88907107075782,66.70605188424263,9717200
2014-02-05,65.31063842773438,66.19321665161384,65.16155460644696,66.19321665161384,10562900
2014-02-06,66.35423278808594,66.4019407082929,65.54322089295609,65.66248614379579,7983300
2014-02-07,66.8193588256836,66.86110210635078,65.82944024175282,66.73587226434924,7071800
2014-02-10,66.60469818115234,67.06983903656588,66.24093324557452,67.06983903656588,9251300
2014-02-11,67.73175811767578,67.90469588442824,66.75972875798703,66.80743666943809,6874700
2014-02-12,67.40084838867188,67.91825239995516,67.26848858251722,67.91825239995516,6422100
2014-02-13,67.68964385986328,67.82801670308444,66.88947188788119,67.22037145226165,5061600
2014-02-14,68.27323150634766,68.48380188124779,67.1361423017071,67.73176154939736,6776400
2014-02-18,67.8099594116211,68.6522453438116,67.74377950758611,68.50183730556647,6106600
2014-02-19,68.34541320800781,69.2177826036347,67.66557051217927,67.71370218712886,7989900
2014-02-20,68.94705963134766,69.38625322342219,68.04461119483764,68.29128263739364,8406900
2014-02-21,67.79193115234375,69.03129228375981,67.74379946430477,69.01926165679527,9221100
2014-02-24,68.67633819580078,69.18772480897941,68.01454348521132,68.20706566629354,7337900
2014-02-25,69.169677734375,69.45244569667491,68.73048406291302,68.80869921253951,5976100
2014-02-26,69.49452209472656,69.70509240243241,68.82671012593913,69.07939449518615,6113800
2014-02-27,69.60282135009766,69.68103187317408,68.92297411763717,69.58477312093301,4922600
2014-02-28,69.3862533569336,70.23455250203843,69.07340199455767,69.71113534551314,6944600
2014-03-03,69.09144592285156,69.90365313872549,68.74250270361229,69.06136706417206,6046200
2014-03-04,69.38024139404297,69.9517902820682,69.3441449224049,69.7231716448762,5611500
2014-03-05,68.84477233886719,69.34412816292915,68.59208791828982,69.23583418409751,6703700
2014-03-06,69.09747314453125,69.27796468208041,68.79665697534297,69.01324498436577,5179600
2014-03-07,69.23583984375,69.75925695914826,68.97112018716895,69.22982223607595,5055600
2014-03-10,69.69305419921875,69.75322107605666,68.65825093289502,69.45841806783326,6203000
2014-03-11,68.89291381835938,69.92772207663188,68.7304705319545,69.72918232217704,6274300
2014-03-12,69.57878875732422,70.00594721529762,68.66430492863076,68.67032253792362,6812900
2014-03-13,68.85680389404297,69.63892759507745,68.65826875524203,69.5486818464828,5405100
2014-03-14,68.646240234375,69.12754788041897,68.39355578574236,68.80266590785277,6280000
2014-03-17,69.22981262207031,69.36217243197991,68.66427692157991,68.74249204021146,5894500
2014-03-18,69.9337158203125,70.12623791366845,69.30801786938349,69.56070684636029,6329600
2014-03-19,69.30803680419922,70.23455106599928,68.98315941235234,69.71714693810976,5569600
2014-03-20,69.49452209472656,69.83745219301565,68.77857845843825,69.09744272297687,5280600
2014-03-21,69.56671905517578,70.99258880478865,69.53664020380326,69.96379845003837,14893600
2014-03-24,69.6990737915039,70.20444711279957,69.57874921457504,69.78931951924474,5386900
2014-03-25,70.44510650634766,70.50527339364615,69.9156718647799,69.92770707827522,5573000
2014-03-26,70.8181381225586,71.16106835305591,70.60756773367255,70.87228741689512,5971600
2014-03-27,70.79408264160156,70.98660482391814,70.28871363430464,70.84221433470343,5224600
2014-03-28,71.2934341430664,71.32351759688454,70.81212642252002,71.07082851904785,5875100
2014-03-31,71.54006958007812,71.96722778662648,71.28738062951136,71.46787208133215,5482700
2014-04-01,71.59423065185547,71.96122665517717,71.49796729815631,71.6844763984261,5391400
2014-04-02,71.80480194091797,71.91911352741057,71.30544611476432,71.30544611476432,4505600
2014-04-03,71.61827850341797,72.06950253285727,71.52803277951246,72.06348492724005,4446400
2014-04-04,71.47392272949219,72.04547160767137,71.34757590075449,72.04547160767137,5301300
2014-04-07,70.59552764892578,71.48594541921481,70.59552764892578,71.18512928723864,5241300
2014-04-08,70.87228393554688,71.17911309138455,70.49927027206442,70.78805578412987,4706100
2014-04-09,71.65441131591797,71.74465708561608,70.74594519044709,70.8903402580003,5376500
2014-04-10,70.20447540283203,71.02870872611852,70.12024724702304,70.51130457466893,8769200
2014-04-11,70.4090347290039,70.83018013728707,70.09017031093092,70.09017031093092,7028800
2014-04-14,71.41373443603516,71.4919495532656,70.59551434405957,70.89633041934209,6817700
2014-04-15,72.37635040283203,72.38236341954452,71.19714733453517,71.41975288530236,7681900
2014-04-16,73.296875,73.47134894349357,72.73735669503469,72.73735669503469,7277000
2014-04-17,74.40986633300781,74.51214269941197,73.23066784070053,73.23066784070053,8604900
2014-04-21,74.74678039550781,74.84304374708385,74.0308412260403,74.0308412260403,6351100
2014-04-22,74.60240936279297,74.8129797615247,74.36777311990755,74.52419881186131,5849200
2014-04-23,75.01753997802734,75.17997869459313,74.71672379986872,74.71672379986872,5596300
2014-04-24,74.78289031982422,75.15589937621301,74.68662695682725,75.10776769471452,5185300
2014-04-25,74.59636688232422,75.02352514592567,74.34970009465077,74.7407618991022,5776300
2014-04-28,75.64321899414062,75.84175413290231,74.75280131298642,74.75881892024873,7687800
2014-04-29,75.78760528564453,76.56972435358514,75.66126308059465,75.75752184107063,6666800
2014-04-30,75.51687622070312,75.79363108846005,75.39053400199133,75.66127126216492,6123500
2014-05-01,75.16793060302734,75.66126883698453,74.7708511368696,75.60110653334868,6379600
2014-05-02,75.03557586669922,75.68533980622063,74.3497154605677,74.5422375993048,5406100
2014-05-05,75.42062377929688,75.7154223143646,74.80695627680805,75.09574179387751,4224400
2014-05-06,75.18596649169922,75.61914235090534,74.91522928465099,75.20401472081801,5600000
2014-05-07,75.94405364990234,76.2749486887391,75.58908817613569,75.77559273602715,5436000
2014-05-08,75.25818634033203,75.88388451753443,75.12583108273286,75.62518243071122,5009800
2014-05-09,75.22206115722656,75.84775909560264,74.98742500409662,75.43864908166785,4826100
2014-05-12,75.3484115600586,75.54695127744927,74.9814155697628,75.54695127744927,4914700
2014-05-13,75.71540832519531,75.79963646250982,75.18597366349134,75.54695205056629,4415200
2014-05-14,76.05831909179688,76.2749069868447,75.66124434426791,75.88986286011259,4961400
2014-05-15,75.1239242553711,76.14936337905341,74.96616795116704,75.94912888225073,5939500
2014-05-16,74.74164581298828,75.45156291421011,74.56568262367112,75.21492388046951,6435100
2014-05-19,74.60208892822266,74.8872704957995,74.54141308239723,74.60208892822266,4042300
2014-05-20,74.32904815673828,74.69310787491719,74.17128724812824,74.60209178805484,4044400
2014-05-21,75.33629608154297,75.45764779597415,74.59603858740773,74.63244317588286,4758700
2014-05-22,75.01470184326172,75.48798461834649,74.97222828220846,75.29988345144977,3262700
2014-05-23,74.85692596435547,75.45762463618166,74.83265470306443,75.29986375242487,3808100
2014-05-27,74.53535461425781,75.23313851277364,74.48074773409958,75.09358451063304,4283300
2014-05-28,74.34120178222656,74.82054898332433,74.34120178222656,74.571776549166,4702900
2014-05-29,74.21984100341797,74.57176745690039,73.81330766712165,74.56569848238622,6255000
2014-05-30,74.50501251220703,74.55961938760893,74.03173440830834,74.17128839829357,5174700
2014-06-02,74.15308380126953,74.65670212869348,74.03173210685743,74.58995730798571,3689800
2014-06-03,74.3593978881836,74.5232231620334,73.85577948862101,74.26231281533106,3563800
2014-06-04,74.23804473876953,74.43827923818307,74.0256769193633,74.21984244414489,3285500
2014-06-05,74.9479751586914,75.10573612191195,74.30480261295918,74.34727618429484,4220600
2014-06-06,75.35449981689453,75.66394808339342,74.96009979354376,75.05718024109109,4295400
2014-06-09,75.46372985839844,75.62755516422041,75.16641023671595,75.24529303112116,3657700
2014-06-10,76.05226135253906,76.07046827213956,75.33021093690553,75.83382923930509,5869400
2014-06-11,75.95519256591797,76.13115578152328,75.61540408296753,75.92485232453845,4570900
2014-06-12,76.51948547363281,76.59229927412,76.10081422205546,76.28891538266296,6815800
2014-06-13,77.21726989746094,77.21726989746094,76.39206533650383,76.41633660350502,5573600
2014-06-16,77.9939193725586,78.15774925085715,77.14444826016002,77.15051723361154,7065300
2014-06-17,78.16991424560547,78.29733032728258,77.40538535063907,77.60561988038988,6720700
2014-06-18,79.0497055053711,79.18319515743093,77.88471248074651,78.24877685155363,7697700
2014-06-19,80.08728790283203,80.09335224795745,78.82520972608158,79.05577520189581,7419900
2014-06-20,80.29963684082031,80.33604142219959,79.41376116545649,80.06299780331459,11348300
2014-06-23,80.68798828125,81.04598835891758,80.34819975743383,80.40888024749081,11006900
2014-06-24,79.95379638671875,80.97923546019607,79.91739179972652,80.54236189920523,8581100
2014-06-25,79.62612915039062,80.31177966985123,79.49263950485775,79.69287397315708,6714200
2014-06-26,79.43804168701172,79.6200738842702,78.59463478963823,79.61400953916036,6111400
2014-06-27,79.09825897216797,79.45624978920235,78.45508651890812,79.32276011869074,8674700
2014-06-30,79.2135238647461,79.26206639102212,78.49753317535013,78.97081123336602,5698900
2014-07-01,79.20748138427734,79.74144012457437,79.15894809747202,79.4501941110232,4000500
2014-07-02,79.01935577392578,79.4380269725061,78.87373744992597,79.20138793746597,5136800
2014-07-03,79.60186767578125,79.84457108782891,79.31668607442732,79.75355962294647,3514000
2014-07-07,79.1650161743164,79.26816561609034,78.89197244508608,79.14681387627067,3660000
2014-07-08,78.81914520263672,79.11040045596957,78.5885797002606,78.69779347635298,4687600
2014-07-09,79.72322082519531,79.9052530167976,78.87374960910714,79.04364385232476,5200800
2014-07-10,79.0315170288086,79.40164580903573,78.81914456562102,79.17107104997986,4404800
2014-07-11,77.95146179199219,78.81307097670044,77.68448247251091,78.3519307712141,5242700
2014-07-14,78.43077850341797,78.57640606394644,77.8968292985583,78.15167058557886,4135800
2014-07-15,78.43077850341797,78.57640606394644,78.03638325747787,78.315500433856,4845000
2014-07-16,79.41983032226562,79.45017056143378,78.6917108749355,78.813062573067,4491800
2014-07-17,78.92833709716797,79.78994604995259,78.8069854187619,79.26812550012083,4953600
2014-07-18,79.11648559570312,79.32278451046062,78.62500495702675,79.26817760806229,4339400
2014-07-21,79.66252136230469,79.69286159676686,78.88585950447953,78.94653997340386,3714000
2014-07-22,80.44526672363281,80.82145975335577,79.8202967026553,79.8202967026553,4391700
2014-07-23,81.23407745361328,81.26440843731254,80.38459696356699,80.51808662259509,4589500
2014-07-24,81.82266235351562,81.97435434211425,81.1188093043674,81.32510818681092,5337900
2014-07-25,81.04598236083984,81.67701682143337,80.73652484641171,81.65881452747197,3702000
2014-07-28,80.84573364257812,81.18552208145572,80.63336123900935,81.03989449684794,4625000
2014-07-29,80.3481674194336,81.13696717998899,80.3481674194336,80.63941328569403,4189100
2014-07-30,80.41493225097656,81.11878509002135,79.78996218519032,80.6819115525826,4601800
2014-07-31,78.4186782836914,80.07515187990354,78.33373115718162,79.92952426651145,7973700
2014-08-01,77.60560607910156,78.24878312428852,76.6711830690464,77.52065895357575,7377800
2014-08-04,77.76942443847656,77.88471179683786,76.47094177319418,77.47817849951325,7360000
2014-08-05,75.82173919677734,77.55102730976736,75.59116899146971,77.55102730976736,8066700
2014-08-06,76.28892517089844,77.04131602205139,75.72463087521587,75.78530673543811,5134900
2014-08-07,76.24037170410156,76.89568201083291,75.74282231475458,76.56802685746725,4650700
2014-08-08,77.58130645751953,77.64198229225313,76.39811147777105,76.49519188749093,4730700
2014-08-11,77.49032592773438,78.07282254099414,77.38717649845611,77.76337425315936,3466500
2014-08-12,77.11412048339844,77.22940785125536,76.61050670802955,77.14446072628851,4944100
2014-08-13,77.42357635498047,77.81191203600828,76.9806384190416,77.44784762437416,3518200
2014-08-14,77.03524780273438,77.48425472790811,76.77433743487569,77.47212140745323,4524000
2014-08-15,77.16374206542969,77.58597181211852,76.90673468423532,77.35955787995168,5754300
2014-08-18,77.28614807128906,77.46360225585116,76.87615467391839,77.2677863952069,4630000
2014-08-19,78.10000610351562,78.14284067775887,77.43913048213689,77.54315663835354,3887800
2014-08-20,78.01432800292969,78.08164013596196,77.5798617515692,77.86746728932198,3230300
2014-08-21,78.28356170654297,78.43653828063641,77.82461797841158,78.1305804638325,2668100
2014-08-22,77.78179168701172,78.02044207752415,77.39016003752374,77.72671600609941,3236900
2014-08-25,78.2284927368164,78.36924221498285,77.9470077863358,78.06327503471901,2645700
2014-08-26,78.4793701171875,78.76085968563953,78.28967488805452,78.36310288972325,2832400
2014-08-27,78.71803283691406,78.82818419396973,78.44266845012683,78.57729269917564,2767000
2014-08-28,78.78533935546875,78.87712436545533,78.4793768725349,78.49773387453222,2409000
2014-08-29,79.21369171142578,79.26264683333319,78.63236481178174,78.93832732077699,3519000
2014-09-02,78.044921875,79.17086640099676,77.75119579516068,79.06071503601656,4744500
2014-09-03,78.24070739746094,78.86487332460638,78.12444018838926,78.60174079819703,3846300
2014-09-04,77.59211730957031,78.60791538358244,77.2249584542867,78.45493408342053,5191200
2014-09-05,77.95923614501953,77.98371370218015,77.20045054750686,77.80625491422813,5035500
2014-09-08,77.23104095458984,77.56148096033532,76.91284206125152,77.5186464041433,4200800
2014-09-09,76.60077667236328,76.97405132014752,76.03780675619011,76.17854690092463,6721600
2014-09-10,76.050048828125,76.33153380703268,75.27290602425136,76.16019553018609,10941800
2014-09-11,75.7746810913086,75.92154179809066,74.90574862897306,75.43812044178964,6569600
2014-09-12,75.0587387084961,75.67066383867349,74.78336959874532,75.59723114234964,4915600
2014-09-15,76.02555847167969,76.35599852225985,74.69156182390807,74.86902062895764,5437600
2014-09-16,76.46617889404297,76.90676582225666,75.64008073795186,75.91544523377584,6587200
2014-09-17,76.31929016113281,76.79047037801953,76.1540677893159,76.5701769946753,4583500
2014-09-18,75.96439361572266,76.51512722699024,75.78693474827985,76.39885994555077,4683200
2014-09-19,76.36825561523438,76.9189844794826,76.27646591498697,76.45392475716713,10090000
2014-09-22,75.56661224365234,76.44166512598159,75.55437579860487,76.24584932490315,5850500
2014-09-23,75.30347442626953,75.86644886541917,75.18109131741147,75.59107986756399,5620700
2014-09-24,74.8996353149414,75.30962402319378,73.95114951537906,75.30962402319378,8005900
2014-09-25,73.84711456298828,75.02813008571368,73.84711456298828,74.7772385765119,6466300
2014-09-26,74.33051300048828,74.67930998164107,73.443219158176,73.7675432534726,5500500
2014-09-29,73.767578125,73.88384072793335,72.904761429288,73.8716042792208,6791500
2014-09-30,73.014892578125,73.74308483968392,72.61102449604392,73.74308483968392,8385700
2014-10-01,71.99296569824219,73.03323616483453,71.82774336017548,72.69668026969772,8027900
2014-10-02,71.66253662109375,72.14595792793875,71.06284807110632,71.83387487291381,8171200
2014-10-03,72.02970123291016,72.30507032247539,71.22808086509727,72.30507032247539,6298300
2014-10-06,72.26225280761719,72.84970517450512,71.76659483346351,72.15211074102243,5409500
2014-10-07,70.99553680419922,72.4702783025801,70.98330035832903,71.8828308598487,7303800
2014-10-08,72.17654418945312,72.36012353733281,70.4631571732487,70.87926631564146,9517400
2014-10-09,70.07154083251953,71.64418807027955,69.90631844976039,71.60746939154544,11489200
2014-10-10,69.69214630126953,70.8180908650607,69.07410066934405,70.18780411722977,9253100
2014-10-13,68.553955078125,70.12048154018167,68.44380839447307,69.48408366643399,7799100
2014-10-14,67.17713928222656,69.17813704964512,66.76103001167914,68.90276794301653,11541500
2014-10-15,66.86503601074219,67.00578080086233,65.2617956589468,66.43669042101443,15278400
2014-10-16,67.96039581298828,68.11949763613681,65.59836470291673,66.06342905671063,11908400
2014-10-17,68.41321563720703,68.98842195220365,67.75845608572592,68.4009745230015,10895500
2014-10-20,68.2235336303711,68.70695505885081,67.9053346067307,68.24801119659242,8823800
2014-10-21,70.42644500732422,70.47540012709602,69.09245300817136,69.25767070162973,8899700
2014-10-22,69.75944519042969,71.13015578871311,69.70437418516283,70.49375327235586,7211600
2014-10-23,71.09954833984375,71.79102172529099,70.34075818018823,70.98328112679962,7195500
2014-10-24,70.92823028564453,71.14240310583054,70.08377078231491,71.09956854179335,5507900
2014-10-27,70.38362884521484,70.59780638305507,69.42902710318704,69.99199712188967,6714600
2014-10-28,71.67479705810547,71.76046621269104,70.46930833468888,71.08734942582494,7272600
2014-10-29,71.68090057373047,72.77624698248366,71.04449795625622,72.20715649455306,6873700
2014-10-30,71.71761322021484,71.74821133983238,70.72017708015873,71.0934517301283,5174400
2014-10-31,73.40040588378906,73.53503013810652,71.22195425899385,72.4213267641405,10669500
2014-11-03,71.46060943603516,73.41265191718085,71.26479359898671,73.32698278026078,10343300
2014-11-04,70.59777069091797,70.99551810326133,70.24897371777855,70.97716110498286,9585800
2014-11-05,71.62584686279297,71.77882816350922,70.28572917456066,71.76046648578348,6603300
2014-11-06,72.53148651123047,72.5437276285266,71.20361007031936,71.5340502080397,6383800
2014-11-07,72.69671630859375,73.2658069366707,72.42746772411296,72.66611818085954,7366600
2014-11-10,72.15818786621094,73.22905651212925,71.78491327900149,73.17398550841808,6114600
2014-11-11,72.47639465332031,72.6171347814366,71.77880056377629,72.17654805780523,3957000
2014-11-12,71.99296569824219,72.64160460080332,71.82774336017548,72.12146936750715,4923900
2014-11-13,71.25868225097656,71.88284852191462,70.76302437064572,71.65031397569054,11019900
2014-11-14,71.83919525146484,71.8577224881298,71.28335459195779,71.45628175004629,4891700
2014-11-17,71.4871826171875,71.73422349949989,71.19073261603005,71.6168780202211,5713700
2014-11-18,71.31425476074219,72.03066812978997,71.17838204111773,71.62305468282946,5672800
2014-11-19,71.9318618774414,72.0615572924011,71.0672210657967,71.62306192413354,4270300
2014-11-20,72.45064544677734,72.54946369615871,71.74040930498106,71.74040930498106,5272800
2014-11-21,73.23499298095703,73.43880206687209,72.71003403910466,73.36468838692669,7361600
2014-11-24,72.62358093261719,73.23500831841233,72.35184013973337,72.95708549434708,5807600
2014-11-25,71.73422241210938,72.76561301482278,71.41306785639765,72.75326309125518,6671400
2014-11-26,71.0919189453125,71.85774143819795,71.03633250874691,71.68481423450571,6715100
2014-11-28,67.23808288574219,68.97971389919701,66.96633750245174,68.9179501579678,11935600
2014-12-01,69.00444030761719,69.47381284861267,67.12075868943337,67.55307674348536,13400100
2014-12-02,70.41874694824219,70.75225149956556,68.48566072629538,68.72034702007974,8548700
2014-12-03,70.22727966308594,70.91281588608288,69.88142524856964,70.8634067663197,8049800
2014-12-04,69.34410858154297,69.83819033332233,68.55975886589948,69.83819033332233,8100700
2014-12-05,68.47330474853516,69.35029550307495,68.37448649972949,69.0414955434274,7663400
2014-12-08,65.95967102050781,67.89893432413744,65.71880743713372,67.86805244445839,13809000
2014-12-09,66.08934783935547,66.7934111483461,65.54585706616133,65.57056162057124,11053000
2014-12-10,64.76152038574219,65.61998379681334,63.65601609328868,65.60145655529443,15073400
2014-12-11,64.79241943359375,66.24995112499461,64.41568304982674,64.82947392645144,10293600
2014-12-12,63.2298698425293,64.44654227968864,63.22369723671439,64.08216063627003,12013600
2014-12-15,62.2911376953125,64.17481961994527,62.01939218174865,63.69308765174185,13144200
2014-12-16,62.80991744995117,64.52067207050271,61.8526402872391,62.06879934256672,12722200
2014-12-17,65.4779281616211,65.82995985612772,63.00135637742201,63.10634721166325,13354000
2014-12-18,67.3368911743164,67.3368911743164,65.15058778007011,66.70694158501702,13533000
2014-12-19,69.74553680419922,69.76406404195603,67.00956984686016,67.64569680670785,15723300
2014-12-22,69.18970489501953,69.7826001380607,68.59680965197838,69.39351396004034,9433500
2014-12-23,70.37548828125,70.68428815034177,69.36880240429916,69.64054779691179,8092000
2014-12-24,70.07905578613281,70.49284655508505,69.21441505309969,70.19640126553324,4536500
2014-12-26,69.94318389892578,70.62254280015306,69.67761577158359,70.36315199072477,4380400
2014-12-29,69.98641204833984,70.64106635566212,69.65290757708715,70.06052572370024,6043000
2014-12-30,69.85671997070312,70.19022445780737,69.26382467537766,69.74555180833504,5659500
2014-12-31,69.28235626220703,69.98024244578379,68.88091538892827,68.95502907245941,6411800
2015-01-02,69.52940368652344,69.78879453535308,68.4609536969437,68.94268090531695,5898800
2015-01-05,66.75017547607422,68.67708348892106,66.35491205231529,68.52886088298938,11758100
2015-01-06,66.71931457519531,67.33073713974197,65.76203758414357,66.62050104415664,11591600
2015-01-07,66.66373443603516,67.7692388178583,66.3981662916652,67.4727887938517,10353800
2015-01-08,68.18920135498047,68.2077285964806,67.07134242803933,67.43572878788919,8650800
2015-01-09,66.83049011230469,68.07186733277948,66.49698557343474,68.02245820585496,9584500
2015-01-12,65.39146423339844,66.37345035216302,65.19383248857781,66.37345035216302,8912300
2015-01-13,64.35389709472656,66.49079654321574,63.73012469105323,66.03376929992064,13277700
2015-01-14,64.16860961914062,64.48358678472371,62.89017843167013,63.73628700302599,14116900
2015-01-15,63.408966064453125,64.81092015470045,63.32250247522958,64.48359303665244,9664600
2015-01-16,64.92208099365234,64.93443091418924,63.28544087568006,63.28544087568006,12604600
2015-01-20,65.75585174560547,65.82378810085365,64.11303400874965,64.57623386076219,10406800
2015-01-21,66.79961395263672,66.86754561329369,65.68175482064557,65.95350031092842,8271000
2015-01-22,67.26897430419922,67.39249710093024,66.07700640924398,67.1701607787273,7471100
2015-01-23,65.99053192138672,67.16397238123439,65.91642296748635,66.83664526974214,7984400
2015-01-26,67.24425506591797,67.53452768498035,65.66320130819663,66.219041992368,7670500
2015-01-27,66.86137390136719,67.20105105685437,66.47228290563261,66.7687329637202,6388700
2015-01-28,64.05125427246094,66.80574793687435,63.872149822131526,66.79957533341927,10526500
2015-01-29,63.61277389526367,64.61945978586151,62.78519249659651,64.37859626165766,13994400
2015-01-30,63.322509765625,63.78570963775655,61.06826944553554,62.74814173570536,20584700
2015-02-02,65.50263977050781,65.54587157231492,63.59425846113414,64.21803564027653,11537600
2015-02-03,67.64572143554688,68.00393053563727,66.49698515726645,66.51551240176877,14266700
2015-02-04,66.91693878173828,67.49130679618094,66.32404352681564,67.00340237858663,10176000
2015-02-05,67.50982666015625,68.00390834122862,67.0528041679072,67.6704039132916,7533300
2015-02-06,67.69512176513672,68.22008070944288,67.38632183179038,67.72600364323657,7655500
2015-02-09,68.20156860351562,68.86240041906055,67.71984135449034,67.83718215110285,6403000
2015-02-10,68.04714965820312,68.31889509201521,66.75636355950849,68.25713133930317,7033700
2015-02-11,67.92363739013672,68.04715548230706,66.87989207721856,67.30603750545865,8662000
2015-02-12,69.13977813720703,69.25827648261593,68.4911633783565,68.77804985200486,6618000
2015-02-13,70.33721923828125,70.37463776530952,69.28945765764165,69.4453745311999,7494400
2015-02-17,70.10023498535156,70.4307780322047,69.5514044850316,70.04410243045253,7097300
2015-02-18,68.87784576416016,69.63248292888947,68.834189225976,69.38301495717756,6920300
2015-02-19,67.57435607910156,68.34146900933176,66.88208494344639,67.48080502543384,9721100
2015-02-20,67.73029327392578,67.89868617278341,67.04425993783097,67.62427093506322,7610600
2015-02-23,67.2687759399414,67.66792275340644,66.95070418732836,67.22511940591258,6724000
2015-02-24,67.33114624023438,67.50577238802799,66.94447065711587,67.28748970328597,5708400
2015-02-25,67.71781921386719,67.8425508122831,67.2064120472332,67.43093273094622,4806500
2015-02-26,66.76984405517578,67.30619851015419,66.48295756315103,67.28748924561864,5903100
2015-02-27,66.53285217285156,67.18770498147362,66.46424836401665,67.0567306131847,6396500
2015-03-02,66.04638671875,66.32079717285437,65.44142850517942,66.30832591693358,7343700
2015-03-03,65.58488464355469,66.24597075216872,65.36659718516538,66.03392130184349,6901200
2015-03-04,65.58488464355469,65.88424241574722,65.13584322705988,65.88424241574722,5784900
2015-03-05,65.31670379638672,65.67842735467161,65.06723582783437,65.49132994691165,5156900
2015-03-06,64.58078002929688,65.18573358703667,64.34378330284862,64.99863616733157,7213300
2015-03-09,64.83026885986328,65.87803100191921,64.54962024036226,64.61198607156162,7506200
2015-03-10,64.18162536621094,65.20443969602897,63.81989707053725,64.73045105887742,10679000
2015-03-11,64.57453155517578,64.79281422188963,63.89473152660376,64.56205554096056,8440700
2015-03-12,63.87601089477539,65.17947817236913,63.80117385562465,64.9986140640808,5900600
2015-03-13,63.377098083496094,63.51430094747235,62.77837780705194,63.51430094747235,8345200
2015-03-16,64.31880950927734,64.4061225541142,62.99039982008448,63.26481496568837,6780200
2015-03-17,64.34378814697266,64.5807848912632,63.676463974218926,63.801200354952485,7097500
2015-03-18,66.54533386230469,66.65759422543337,63.84485665506457,63.99453555316735,11059700
2015-03-19,65.32917022705078,65.73455505122247,65.26680442907175,65.54745289908004,7841900
2015-03-20,66.75114440917969,66.89459005496474,65.55370372430302,65.66596408589811,14064900
2015-03-23,66.05884552001953,67.16273940998896,66.05884552001953,67.05047909504638,6807700
2015-03-24,64.98616790771484,66.22726997012921,64.96122538867523,66.05887703826893,6677800
2015-03-25,65.9029541015625,66.23349716800641,65.06724180211609,65.2730532519342,9169400
2015-03-26,65.6409912109375,66.43304668348327,64.96119605620655,66.28336784579832,7276900
2015-03-27,65.03605651855469,65.47885994324223,64.65561890217975,65.47885994324223,5830300
2015-03-30,66.67005920410156,66.86339461373268,65.46638069359328,65.46638069359328,7172400
2015-03-31,65.47261047363281,66.15240570478514,65.41023992256508,65.87175725780033,7254100
2015-04-01,65.35411071777344,66.24595533514533,65.17324659165412,65.9653021360478,7347200
2015-04-02,65.65970611572266,65.90917403878095,64.91130710475268,65.14206100806257,5123900
2015-04-06,66.68251037597656,67.26875919402715,65.62227780880829,66.12744682798558,6724000
2015-04-07,67.69287872314453,68.03589303224977,66.4954381288679,66.71372082706324,8536000
2015-04-08,66.52037048339844,67.92985545174162,66.43305266549812,67.89243692850212,7894800
2015-04-09,66.70123291015625,66.88209704444985,66.22101105980812,66.6076865977674,5760500
2015-04-10,66.67630004882812,67.14405071128877,66.61392948726873,67.02555235417289,5012200
2015-04-13,66.42058563232422,67.29372104298173,66.38316710670631,66.95070203080033,4307200
2015-04-14,67.87996673583984,68.03588360698046,66.89457572646718,67.16898618409506,7262700
2015-04-15,68.85911560058594,69.03374170032443,68.21673422197028,68.34770379677414,6704000
2015-04-16,68.70321655273438,69.18967645890207,67.97975994279894,68.54106166460996,5904200
2015-04-17,68.04835510253906,68.41008336153412,67.51823872750423,68.20427196332608,6548700
2015-04-20,68.78429412841797,69.66990090059815,68.32278147728553,68.3352527345785,7148800
2015-04-21,68.43504333496094,69.06494414357167,68.17309934397403,68.63461676349019,5674900
2015-04-22,68.2916030883789,68.87785216263117,68.11073891104137,68.63462217612357,5643100
2015-04-23,68.58470916748047,69.00880321719026,68.35395050162788,68.60341842937568,6940000
2015-04-24,68.52235412597656,68.62837646548725,67.99847091969049,68.39761776342954,4995000
2015-04-27,68.41636657714844,69.06498176271548,68.31658218763498,68.81551365161916,4858700
2015-04-28,69.30194091796875,69.37677797984985,68.38514884427846,68.6346168196958,5321600
2015-04-29,69.68238830566406,69.84453846800501,69.0275353729117,69.11484846285114,5665800
2015-04-30,69.26448822021484,69.97546855544938,68.87781754278782,69.87568426257282,6666800
2015-05-01,68.00469207763672,69.10234800505236,67.56812205420101,68.77803830099104,10362700
2015-05-04,67.5556640625,68.2354641183361,67.34985264354182,68.21675009626271,7660100
2015-05-05,67.3561019897461,68.55978066933555,67.3561019897461,68.12944849510839,6463300
2015-05-06,67.32490539550781,68.31030119733899,66.9195253230151,68.12943704954425,5820400
2015-05-07,67.0879135131836,67.48082232949626,66.53908782017781,67.16275532695025,5798300
2015-05-08,67.76148223876953,67.85503332564376,66.98189777849424,67.53696153355378,7078900
2015-05-11,66.9569320678711,67.7864108471725,66.91951354670715,67.76146358032832,6003600
2015-05-12,67.0816879272461,67.35610320366484,66.79480139199303,67.00685085782742,5026500
2015-05-13,67.16898345947266,67.64921006770095,66.91952028233105,67.34361434495892,5517600
2015-05-14,67.6367416381836,68.16686284456596,67.36856441030045,67.36856441030045,9751700
2015-05-15,68.04615783691406,68.23512437622851,67.35958870160108,67.52965474248911,5641600
2015-05-18,67.17692565917969,67.71862463941287,67.132834105236,67.71232447295836,6390600
2015-05-19,66.15021514892578,66.96276362380786,66.13761962156545,66.7989977400287,7927600
2015-05-20,66.29507446289062,66.70449868673039,65.98643365656987,66.40215323979119,6521200
2015-05-21,66.4462661743164,66.93757347884146,66.32659183450863,66.74861171858842,6549300
2015-05-22,66.06834411621094,66.48406867832306,66.04944841895491,66.19431863499773,4717200
2015-05-26,65.06053924560547,65.78490480610284,64.83378124743898,65.64632993993219,8010200
2015-05-27,64.94715118408203,65.36917108626386,64.7077976885803,65.00383827290365,5857500
2015-05-28,65.0290298461914,65.14240882197407,64.48733082918744,64.85266361844486,5099900
2015-05-29,64.87787628173828,65.236908997092,64.67001397137018,64.96605941844828,6673400
2015-06-01,64.64480590820312,65.35027567442236,64.55662278812818,65.17390943427246,5412400
2015-06-02,64.61331939697266,64.94715620527292,64.31727398414186,64.65741096022703,5040000
2015-06-03,64.35505676269531,65.11721357153937,64.3235655392273,64.49993176862999,5175700
2015-06-04,63.86375427246094,64.48104092745804,63.60550507585765,64.17869536456524,6896400
2015-06-05,63.98971939086914,64.94084269493567,63.61179109696252,63.731470232186894,6080900
2015-06-08,63.25276184082031,63.86374827098552,62.956716473163425,63.800761019607705,8213900
2015-06-09,63.25276184082031,63.77556515793273,63.12678733806469,63.42912806692589,7157000
2015-06-10,64.14091491699219,64.61332663576594,63.94564813874375,64.5755304304421,7588400
2015-06-11,63.69369125366211,64.37396039298046,63.58031226283906,64.16610291448815,5582900
2015-06-12,62.90633010864258,63.422833263473656,62.75515493726327,63.315749649008495,6475500
2015-06-15,62.540985107421875,63.0259921387719,62.44020167951528,62.64176372971012,6178100
2015-06-16,63.013404846191406,63.27165400411182,62.238647761192205,62.48430139178779,8763700
2015-06-17,62.8370475769043,63.72517895113941,62.685872393767525,63.51102131679181,8231100
2015-06-18,63.14565658569336,63.55508075659935,63.08266936069641,63.15195674987822,7168000
2015-06-19,62.65435028076172,63.09526566683193,62.64805011649864,62.81182074801784,10512000
2015-06-22,63.17085266113281,63.2212443635562,62.59136250011559,62.8811075806242,6416100
2015-06-23,63.04490280151367,63.25906523386364,62.698470498457986,62.9630198511084,5697900
2015-06-24,62.52840042114258,63.416536580718144,62.52840042114258,62.97562098735268,7451900
2015-06-25,61.9426155090332,62.774064656867736,61.91112428125219,62.641785161079525,6062800
2015-06-26,62.10636520385742,62.16305708365979,61.60875783945163,61.879607295884696,10015500
2015-06-29,60.90333557128906,61.70328416756669,60.84664365191883,61.413538817512524,8764600
2015-06-30,60.76471710205078,61.51427821729706,60.60724660258682,61.38199876880326,9925400
2015-07-01,60.52537155151367,60.85921311705947,60.18523943033444,60.65765102772916,7295300
2015-07-02,60.38680648803711,60.890709350012244,60.29232319966062,60.695447411488594,6419100
2015-07-06,59.69392776489258,60.19153522776188,59.511266174854605,59.876594160549864,8341600
2015-07-07,60.00886154174805,60.14114100285172,58.89397241373567,59.46716739312249,11774900
2015-07-08,58.93177032470703,59.895489211105435,58.742808569784955,59.58054814728273,7719100
2015-07-09,59.070335388183594,59.971066873910445,59.057739862187155,59.77580498444566,7909000
2015-07-10,59.46715545654297,59.80728747059178,59.25299310092278,59.5427382127237,5631900
2015-07-13,59.58684158325195,59.769507956309596,59.303396580076935,59.40417521019432,5038800
2015-07-14,60.18522644042969,60.33639677339519,59.45456102079634,59.460861186308556,5218600
2015-07-15,59.36008834838867,60.27971564685428,59.139630572321416,59.86399595564447,6490400
2015-07-16,59.51127624511719,59.668746805369736,59.145943391982435,59.38529691354307,6422700
2015-07-17,58.673526763916016,59.45457933133726,58.516056216941266,59.353800680195675,8214200
2015-07-20,58.5412483215332,58.88768061925747,58.320785725431186,58.76800627906372,6018100
2015-07-21,59.14592361450195,59.297093956221744,58.57902882602957,58.57902882602957,7043100
2015-07-22,58.9002799987793,59.416783159090386,58.76170515968765,58.9002799987793,9327500
2015-07-23,58.5412483215332,59.253013418125455,58.39007314609992,58.9380723444019,7360700
2015-07-24,57.06732177734375,58.440465055328566,56.90985123998595,58.440465055328566,11158400
2015-07-27,56.147674560546875,56.74606046865368,55.895720828748004,56.601190316661295,10342700
2015-07-28,58.20111083984375,58.38377723756601,56.33036011055723,56.3429556389156,11536900
2015-07-29,58.73651123046875,58.83099451528777,57.59642606234582,57.93656300432261,9821500
2015-07-30,58.59794998168945,59.08925740998955,58.421583705440256,58.86249939606326,6435700
2015-07-31,55.73197937011719,57.79169205702283,55.43593396615752,57.64681703603114,19063400
2015-08-03,53.91792297363281,55.007621448002205,53.74155670162401,54.976125411306136,14142200
2015-08-04,53.672271728515625,54.73677438350439,53.338434868947026,54.006108588084224,8537200
2015-08-05,52.92898941040039,54.169857853382695,52.82821077843215,53.81712543306566,11254600
2015-08-06,53.6596565246582,53.90531015411731,52.210925802436705,52.63294564734143,9805000
2015-08-07,52.75260925292969,53.70373226980915,52.55104723666558,53.357295301722004,7422000
2015-08-10,54.100563049316406,54.23283768886171,52.834498919928336,53.03606096194281,8342000
2015-08-11,54.03128433227539,54.15726363229672,52.6581411985659,53.149448454601774,9797400
2015-08-12,54.667484283447266,54.86904642312897,53.489602676345136,53.53999441267069,11316300
2015-08-13,54.07536697387695,54.38400779822991,53.82341322097697,54.18874592240103,9562400
2015-08-14,54.16355895996094,54.43440844781751,53.72264342420323,54.031284299233626,7748900
2015-08-17,53.085655212402344,53.90206241088156,53.00911521273089,53.870169527809104,12602500
2015-08-18,53.21958923339844,53.430065687711696,52.82413992214218,52.989974132174815,9093400
2015-08-19,51.60591506958008,52.8815525120178,51.45283507284467,52.85603917922857,13129000
2015-08-20,50.540748596191406,51.848278778593006,50.540748596191406,51.44645477985907,11857200
2015-08-21,48.32113265991211,50.763973904455966,48.28923978729781,50.304748655526474,18383600
2015-08-24,45.9995002746582,48.07878636037166,44.37943970391773,44.9981248081729,24191900
2015-08-25,44.66006851196289,47.84916238893219,44.54526093774515,47.791761034908866,21128000
2015-08-26,46.6181640625,46.6245436117014,45.2532325036163,45.74435560254853,17400400
2015-08-27,49.52023696899414,49.82639204586336,47.555754463355434,47.83639621163807,21539600
2015-08-28,51.299766540527344,51.790884877919105,49.48198392448199,49.571278167644124,23735400
2015-08-31,51.65692901611328,51.71433522270485,49.69882603428857,51.031869489395774,16880400
2015-09-01,49.87104034423828,50.63642075541803,49.44369816292911,50.23459676947416,17954200
2015-09-02,49.788116455078125,50.866031405036225,49.25873073560924,50.866031405036225,14255900
2015-09-03,49.91568374633789,50.65555077336925,49.55212734810489,50.19632061430239,12282600
2015-09-04,48.90156173706055,49.51386714488663,48.76124083536004,49.30339065850669,11210000
2015-09-08,49.00999069213867,49.469220973329975,48.62730041320288,49.450087189308825,9316500
2015-09-09,47.78537368774414,49.87741815110097,47.67694568149986,49.3862999152961,11297400
2015-09-10,48.25736999511719,48.34666423273747,47.39631077122442,48.30201711392733,11475200
2015-09-11,48.34028625488281,48.63368231177396,47.89381018608843,48.43596004577955,11032100
2015-09-14,48.3275146484375,48.474215072007006,47.81088312392337,48.16805999359537,10235500
2015-09-15,49.22047424316406,49.55214273488755,48.60816879633353,48.74848970697261,11678100
2015-09-16,50.40043258666992,50.52161969937829,49.60315919500032,49.63505207713535,12593500
2015-09-17,50.6491813659668,51.32526757824227,50.13254495012731,50.4642133734033,12324300
2015-09-18,49.584007263183594,50.19631241992615,49.09288917479186,49.69244010305115,18635900
2015-09-21,49.80725860595703,50.21546703984107,49.647803935251055,49.94120481157998,8523500
2015-09-22,49.2714958190918,49.552137611352485,48.78675223232441,49.00998780972695,9692300
2015-09-23,48.5507698059082,49.45009180198703,48.32115464389417,49.36717710810416,9043000
2015-09-24,49.0418815612793,49.309764258910626,47.900185455274496,48.123421036633935,10302600
2015-09-25,49.558502197265625,49.85190302912318,49.06100447865698,49.66693505519978,10862600
2015-09-28,48.3275146484375,49.06738658266652,48.31476041716488,48.89517769655177,10567000
2015-09-29,48.63368225097656,48.89519028802265,48.01499725227839,48.49974089035703,8797800
2015-09-30,50.31114196777344,50.40043620475693,49.11204445244439,49.20771823954698,14108800
2015-10-01,49.96670913696289,51.59314858988285,49.62866604166007,50.84690196068568,11111900
2015-10-02,52.01410675048828,52.01410675048828,49.309752488182234,49.58401467014635,13051900
2015-10-05,53.59589767456055,53.69795098916897,52.52436220202147,52.562634628084574,14196800
2015-10-06,55.48383712768555,55.892040631181224,53.62140803471533,53.691568468082046,18897100
2015-10-07,56.20457458496094,57.09114201498267,55.03098587646633,56.287489247896005,17670500
2015-10-08,57.346275329589844,57.49297088935928,56.00047763168789,56.057878972596804,11299100
2015-10-09,57.129425048828125,57.6588157774112,56.555387202543514,57.531249108141914,10011100
2015-10-12,56.60002899169922,57.39092766819791,56.04512984767351,57.31438767384211,7917500
2015-10-13,56.37040328979492,56.72758499688143,55.67518338641438,56.00047221863208,8012500
2015-10-14,57.25062561035156,57.38456699490516,55.94309492381994,56.27476347562391,9734500
2015-10-15,57.86290740966797,57.958581178257596,56.408681698849705,57.18044166411133,8960400
2015-10-16,58.22648620605469,58.462480943747764,57.41645350246754,58.392320477573385,7821200
2015-10-19,57.42279052734375,57.74807927814172,56.90615917373449,57.63327176998763,8900400
2015-10-20,57.397308349609375,57.716217726829825,57.01461807017901,57.084778522461185,8221100
2015-10-21,56.97633361816406,57.80549483352752,56.85514653355724,57.04649404965544,7423400
2015-10-22,58.43695831298828,58.558140572062456,57.23785589351988,57.23785589351988,8971700
2015-10-23,58.19457244873047,58.634668875805914,57.461080025661424,57.88204267176318,8134800
2015-10-26,56.619144439697266,57.96494182443419,56.49796223725404,57.958567143263224,8606600
2015-10-27,55.936702728271484,56.102536966687964,55.32439730893092,55.95584137845758,9328800
2015-10-28,57.26974105834961,57.48022239503055,56.077018349994724,56.26198635500187,8236500
2015-10-29,57.333518981933594,57.99685097254969,56.85515498673479,56.96996254022931,6686000
2015-10-30,57.9649543762207,58.66655875045994,57.027365093334424,58.130788579783605,11559300
2015-11-02,60.5672607421875,60.77136252336589,57.70983580569008,57.792750481547756,14277300
2015-11-03,62.59553146362305,62.91444083723685,60.86066369257664,60.86066369257664,17669200
2015-11-04,61.72172164916992,62.570021800631444,61.28162999675991,62.51899512997861,11931300
2015-11-05,60.30577850341797,61.58141629415196,60.165457567849714,61.26250684646846,11184800
2015-11-06,59.974090576171875,59.999603907684275,58.52624429257875,59.7699887902431,9634200
2015-11-09,58.883419036865234,60.24197104330999,58.74309815179043,59.623291025015966,7659100
2015-11-10,59.463836669921875,59.63604556948891,58.577264242867805,58.7430984593855,6823100
2015-11-11,58.80052185058594,59.77000436991062,58.590040460372315,59.565902530780605,6085300
2015-11-12,57.31438064575195,58.13716723604478,56.925310904617284,57.882038818980604,8951300
2015-11-13,56.56175231933594,57.384538878026504,56.24922257517537,57.129410470761506,7676600
2015-11-16,59.04091262817383,59.05382756028941,56.67798738817322,56.67798738817322,10101100
2015-11-17,58.76973342895508,59.718778590324554,58.55668146913717,58.92467806991295,7575800
2015-11-18,59.53156280517578,59.88019200739624,58.769744531939,59.03444639728503,6886900
2015-11-19,58.640625,59.634862744870546,58.38238059830856,59.41535327947203,6096700
2015-11-20,57.46559524536133,58.95049135631102,57.33647063206112,58.51793498435613,8561400
2015-11-23,58.11122131347656,58.38883316000349,56.884564202645876,57.23319337681471,6889600
2015-11-24,58.9763298034668,59.58966077469148,57.97563968031307,58.22742657698799,8549000
2015-11-25,58.66645431518555,58.95697621028933,58.20807280760267,58.56315457655145,5419300
2015-11-27,58.343631744384766,58.64706354896736,58.13703725743433,58.26615696467794,2547800
2015-11-30,58.95696258544922,59.37015159329315,58.388828931064175,58.51794864891484,12179400
2015-12-01,59.705894470214844,59.81564676656808,58.73102395850421,58.73102395850421,6975500
2015-12-02,58.26616668701172,59.84145299136288,58.12413202998309,59.78334566548666,11830700
2015-12-03,57.362300872802734,59.02151413413393,57.04595416068923,58.62769264685758,10996800
2015-12-04,57.917518615722656,57.988535921070955,55.83865915138228,56.74896919688301,13170200
2015-12-07,56.34869384765625,56.77479770666954,54.81214780656117,56.477818468084806,15378900
2015-12-08,55.806373596191406,56.81352079777833,54.39249008196391,55.39963728355084,13397500
2015-12-09,56.5553092956543,58.19515564144312,55.716021116712035,55.9548931333206,14675800
2015-12-10,57.652828216552734,58.40173134892139,56.56174851766989,56.81353538270426,14534800
2015-12-11,55.806373596191406,56.75541842488659,55.58040678890238,56.716678584025836,13186900
2015-12-14,57.67219161987305,57.84004623434753,55.14140822219071,55.71599922509307,12430700
2015-12-15,59.886653900146484,60.299843001715196,58.45985951416661,58.47922698367723,19158500
2015-12-16,60.32566452026367,60.57099399617725,58.62771088047549,59.77044077292031,16917900
2015-12-17,58.45338439941406,60.68718884453436,58.36299961858731,60.36438464855279,14082500
2015-12-18,57.98209762573242,58.924685441684026,57.65284083820544,58.14349975022281,20167200
2015-12-21,57.614097595214844,58.556685355807815,56.949121669465136,58.363005773155415,12852300
2015-12-22,58.27906799316406,58.61478711888107,57.00722358501664,57.53662227501543,9661700
2015-12-23,60.56452560424805,60.590350532674634,59.11836409156924,59.52509563168475,11172800
2015-12-24,59.42826461791992,60.65491683203465,59.402439686750924,60.65491683203465,4998700
2015-12-28,58.33716583251953,58.56958521237821,57.90460945773826,58.30488344758346,6800000
2015-12-29,58.91177749633789,59.770438010757786,58.7955677656224,59.32496655541472,6471200
2015-12-30,58.16288375854492,58.7374800166992,58.033763992471826,58.169341224529575,5600200
2015-12-31,58.078922271728516,58.65997072879748,57.47204889150088,57.70446827432847,6988700
2016-01-04,57.362300872802734,58.17576877240971,56.53592297346902,57.80131474752387,11397300
2016-01-05,57.85298538208008,57.878810316412306,56.71025543449125,57.49144615263405,7883400
2016-01-06,55.5675163269043,56.671506130347275,54.980015227977944,56.452001632568575,14511400
2016-01-07,53.598419189453125,55.36093268295086,53.37245718403093,54.58620439990267,15368800
2016-01-08,53.023826599121094,54.12781659025628,52.43632540031213,53.83729472307414,11891600
2016-01-11,52.14579391479492,53.5661355030708,51.50018544528818,53.48866071351337,14366400
2016-01-12,53.03675079345703,53.19815295355544,51.448554129161074,53.0690282701149,13477500
2016-01-13,52.5073356628418,54.39251112748996,51.65513271816512,53.6888002914349,15550100
2016-01-14,55.18017578125,55.632099896128636,52.26202173042286,52.907630423451444,16433400
2016-01-15,54.01805877685547,54.108443567392726,52.21035804050857,52.70747438846351,17870300
2016-01-19,52.62355422973633,54.71532455018538,52.15871528616935,54.34087040946728,13155600
2016-01-20,50.99016189575195,51.84881746400484,48.63368986721578,51.63577040079737,26151100
2016-01-21,52.32657241821289,52.71393654436678,50.37037446877183,50.87395325093421,16107800
2016-01-22,53.934139251708984,54.99939435210419,52.75913187915732,54.52809793989942,15724600
2016-01-25,52.22327423095703,54.41834424469681,52.16517182684148,53.12712716903838,12370300
2016-01-26,54.30857849121094,54.553907901456746,52.52024052711064,52.92051949439686,12191400
2016-01-27,53.772743225097656,55.586901893851426,53.17232700394527,54.19884235832677,12380600
2016-01-28,55.470680236816406,55.967801532078504,54.03742860200115,55.36092797574364,13017400
2016-01-29,55.825775146484375,55.98071982775294,53.553230168399885,54.263403552552916,20248900
2016-02-01,55.06395721435547,55.58044113082676,54.38606622483375,54.973572405832925,10958300
2016-02-02,52.449241638183594,53.61133909625377,52.26847201706218,53.39828707467378,13326200
2016-02-03,54.631404876708984,54.637857416673235,51.55184890632146,53.191695442594366,13964100
2016-02-04,54.74113082885742,55.64498347493875,54.121347423841826,54.61200620764543,12825000
2016-02-05,53.50804138183594,54.418351912735204,53.107767184365,54.19238987777533,15090100
2016-02-08,55.51585388183594,55.97423516348531,52.358829828549275,52.78493365198684,17712800
2016-02-09,53.53385543823242,55.38675359953983,53.04964906503799,54.928372157321334,12605600
2016-02-10,53.6113395690918,54.166563367777506,52.617101718552334,53.43702248604246,12110300
2016-02-11,53.57904815673828,54.01160959617189,52.06186916343499,52.68165273376137,12741400
2016-02-12,55.154335021972656,55.25117728326937,53.714625882219934,54.1019949274068,9835100
2016-02-16,55.44854736328125,55.82775099405376,54.467851414228086,55.723146019955074,10631500
2016-02-17,57.736839294433594,57.965672345157486,55.585845529403684,55.84083107129824,12710500
2016-02-18,56.70384216308594,58.351409168380194,56.62538469118523,58.02451051757694,9517800
2016-02-19,56.55345153808594,56.57960402175941,55.44199841638295,56.44230722353089,9783300
2016-02-22,58.07027053833008,58.73714152701019,56.55346114416008,56.55346114416008,10299900
2016-02-23,55.5139274597168,57.847983466572465,55.37662564630422,57.789139119670324,10655800
2016-02-24,55.749298095703125,55.89313431145598,54.19980156145892,54.48093462277278,9775200
2016-02-25,55.768917083740234,56.03697140888794,54.74898980511712,56.01081891578704,9452600
2016-02-26,55.14778518676758,56.94572723782925,55.10201958862723,56.860735409304645,9369900
2016-02-29,54.55282974243164,55.70350900740959,54.3109230280509,55.533525358675305,11549600
2016-03-01,56.311561584472656,56.57308151105688,54.507084566004735,54.99743255782101,11614700
2016-03-02,56.97190856933594,56.99806106552685,55.18050497892695,55.83430241946381,9637600
2016-03-03,57.22688293457031,57.253035427910696,56.259265621366666,56.880371126946926,8526100
2016-03-04,57.4883918762207,57.939513570857805,56.68421907118202,57.1549538850508,9328600
2016-03-07,59.27980422973633,59.33864858474141,57.239959700347605,57.4949402665212,12784300
2016-03-08,58.017967224121094,59.54785540021369,57.749912942391376,59.0901943271944,10508400
2016-03-09,60.68544387817383,61.87535434684093,58.495224689834615,58.645595222712025,19323100
2016-03-10,61.417694091796875,61.42422847062905,60.1624000135317,60.66582651583438,12090900
2016-03-11,61.83615493774414,62.8560772137874,61.05159512010643,62.078056766351445,14098800
2016-03-14,61.62692642211914,61.99959063236172,60.86197989534596,61.175804750955066,6898900
2016-03-15,61.63344955444336,61.718446368615254,60.31278162579191,60.90120000512214,7006300
2016-03-16,62.37224578857422,62.85605425716772,61.2738664354997,61.927663550708914,9969200
2016-03-17,63.346412658691406,63.90213930168987,62.30033809750424,62.927982834216536,10679400
2016-03-18,63.86946487426758,64.01330108971267,62.67301452369565,63.9740698567235,14436300
2016-03-21,63.05221176147461,63.77138777735787,62.70569999851761,63.4314103958351,8040100
2016-03-22,62.43765640258789,63.35951320029653,62.319972662201224,62.60110576489833,7567100
2016-03-23,61.18886947631836,61.98650275311687,60.82928405663249,61.92766340716098,10302800
2016-03-24,62.01266098022461,62.07150531970714,60.31278932478369,60.502391103886076,8159100
2016-03-28,61.90152359008789,62.16304348669176,61.456941262284445,62.045359782623876,5054000
2016-03-29,62.319950103759766,62.3657157091174,60.76391453352311,61.31964116660214,6616600
2016-03-30,62.27418899536133,63.21565864564915,62.21534963625696,62.993364983519086,6182900
2016-03-31,62.37224578857422,62.89528048789591,62.0780340938844,62.23494899294943,5943900
2016-04-01,61.62692642211914,61.96689877662522,61.01235544842627,61.25426221187656,7555900
2016-04-04,61.084259033203125,61.770747936015155,60.82927858086167,61.74459545525249,6552000
2016-04-05,60.58738327026367,61.031965550695695,60.43047334425137,60.80313753607846,6662000
2016-04-06,62.00613021850586,62.11074017518326,60.685461937955964,60.901216232545146,6836400
2016-04-07,61.973419189453125,62.1303290752249,61.50922391082491,61.698825642333674,6817700
2016-04-08,62.980289459228516,63.33334056814272,62.60762523116527,62.92798448277966,7108500
2016-04-11,62.26763916015625,63.61446468084959,62.2087998109416,63.333331706867995,6644200
2016-04-12,63.75176239013672,64.03289536811526,62.39186310186486,62.561851759917964,8783400
2016-04-13,63.81060791015625,64.01328844099744,63.43794369290239,63.94137034748556,6406800
2016-04-14,64.05906677246094,64.24866361511744,63.653710618330976,63.843312449065415,6162200
2016-04-15,63.568721771240234,63.94138608018771,63.392193684430374,63.8825417218917,6551600
2016-04-18,64.52978515625,64.56901638227704,62.45070974759106,63.568707409936074,7770200
2016-04-19,65.70662689208984,65.72624001247272,64.17674364529745,64.7259309683273,10584800
2016-04-20,66.4846420288086,67.04036867764545,65.27511316077441,65.43202808765874,10150500
2016-04-21,66.29502868652344,67.21034564828533,66.10542692395249,66.45193859800155,8278600
2016-04-22,66.69384765625,67.01420685822796,66.3604097181477,66.51731963510558,5754000
2016-04-25,66.3669662475586,66.53694995651935,65.92238387781964,66.34081375662363,6612100
2016-04-26,66.87691497802734,67.32803663405963,66.49771141174155,66.72000504952439,5650700
2016-04-27,67.89683532714844,67.95567966643914,66.93575268603834,67.27573000886413,8383600
2016-04-28,66.94883728027344,68.16490052586006,66.72000924762584,67.42610646435598,7598000
2016-04-29,66.80500030517578,67.0992070596763,65.77853886674745,66.12505059611645,8826900
2016-05-02,67.5438003540039,67.89685150966453,66.55656998022015,66.57618310196611,6844500
2016-05-03,66.24273681640625,66.9161471822145,66.06621375460372,66.85730782430603,7033600
2016-05-04,65.76544952392578,66.88344698212875,65.63469209591695,66.0727349666303,7444100
2016-05-05,66.30809020996094,67.07957086561072,65.94196548798315,66.58922311807252,6474300
2016-05-06,66.59576416015625,67.1449512569397,65.92888841340452,65.92888841340452,5966800
2016-05-09,65.60855102539062,66.55656000162854,64.77823073813936,66.4388763007189,9342100
2016-05-10,66.21003723144531,66.2231159681722,65.64777625410336,65.79814680992659,6698100
2016-05-11,66.12506103515625,66.51733843244402,65.47780308022755,66.19043977002458,6850700
2016-05-12,66.76577758789062,66.96191377187209,66.08582784298498,66.78539070748106,6532400
2016-05-13,65.863525390625,66.71346370532625,65.6150842621796,66.44540447183185,5665200
2016-05-16,66.87691497802734,67.0795905101802,66.2950358795887,66.60232135612799,6779400
2016-05-17,66.56639862060547,67.5112122220141,66.29550564583742,66.77782519374831,7028000
2016-05-18,66.11051177978516,66.90996871241916,65.7008756065059,66.6655097163157,5927500
2016-05-19,65.97174072265625,66.12370589101722,65.09299723442537,65.58192513902632,6241100
2016-05-20,65.93211364746094,66.33514630802544,65.73389904558088,66.26907645433434,4707100
2016-05-23,65.66120147705078,66.1567327959158,65.45638347831091,65.5290618083422,4231200
2016-05-24,66.19639587402344,66.57299957226891,65.81979217577796,66.03121872495426,4383300
2016-05-25,67.24029541015625,67.37904861782384,66.61262441137859,66.61262441137859,5428200
2016-05-26,67.06192779541016,67.63674613406131,66.71175301837702,67.29317481412949,4147200
2016-05-27,67.405517578125,67.46498399842068,66.6457064003672,66.98266429907748,5008900
2016-05-31,66.73155975341797,67.57726584277393,66.4474548914494,67.49137555085073,8141800
2016-06-01,66.81743621826172,66.98261331218279,65.99815924383857,66.2294061671671,4815200
2016-06-02,66.4210433959961,66.44747234833254,65.88587097340292,66.33515308150807,6714100
2016-06-03,66.50691986083984,66.82405711718393,66.07084983235949,66.50031136443098,4957800
2016-06-06,66.84387969970703,67.41869792629068,66.67870256985258,66.95619893821463,5948200
2016-06-07,68.26443481445312,68.51550235038269,67.13462334155777,67.28658354671231,9807000
2016-06-08,68.11244201660156,68.76654711064229,67.83494563532706,68.41637238558549,6318100
2016-06-09,67.92744445800781,68.1388709925174,67.41209259519111,67.41870109212128,4247500
2016-06-10,67.37905883789062,68.0331588782568,66.9033478846039,67.70280460967504,8108400
2016-06-13,67.45833587646484,68.11904436700966,66.98262495674365,67.0619117902991,6360100
2016-06-14,66.91658020019531,67.42532875147549,66.41444014772345,67.23372261249533,6924000
2016-06-15,66.48710632324219,67.15442343793063,66.23603886343777,66.48710632324219,5627000
2016-06-16,66.7778091430664,66.90334537347358,65.25817754830527,66.05103078762643,8043000
2016-06-17,67.1081771850586,67.22049644544055,66.33514927658479,67.02228687549716,8762200
2016-06-20,67.79529571533203,68.31725600541077,67.78868721928391,67.97368478218667,6627000
2016-06-21,68.2115478515625,68.35029603923869,67.57065976505389,67.84816118121233,4938700
2016-06-22,67.58386993408203,68.41636401688089,67.51780009530876,68.38332657709147,4866400
2016-06-23,69.00440979003906,69.01101324684905,68.09923716720556,68.3503046277665,5593600
2016-06-24,67.32621002197266,68.05959700036311,66.84389050686279,67.03549661336909,11481400
2016-06-27,66.3087158203125,66.99585337253622,65.75371797240594,66.89674607389505,8248700
2016-06-28,67.14779663085938,67.39226056721468,66.49369668972072,66.87690879293542,7171100
2016-06-29,68.33048248291016,69.16297673375591,67.59049207398647,67.73584373230605,8887500
2016-06-30,69.26207733154297,69.37439657334444,68.2379770800902,68.42297466442348,7649700
2016-07-01,68.81280517578125,69.29511965530448,68.5683411667363,69.2290498001268,6117800
2016-07-05,68.42957305908203,68.62778760778049,67.95386217485003,68.38332366982644,7766600
2016-07-06,69.09691619873047,69.11012815461136,67.69621195741387,68.22478092718055,6166900
2016-07-07,68.0860366821289,69.37441669004966,67.48478931789417,69.3017383264431,7707400
2016-07-08,69.222412109375,69.35455680480815,68.05296053941868,68.63438207691041,9043600
2016-07-11,69.63206481933594,70.03509738680748,69.24224924403377,69.2488526993129,7206100
2016-07-12,70.5504379272461,70.89400909755473,70.15401391910937,70.23330073705863,8377200
2016-07-13,70.46455383300781,70.82794043865752,69.94259357755678,70.55044411271298,5959900
2016-07-14,70.4975814819336,71.07900807710648,70.31919243892682,70.82793566889823,4750900
2016-07-15,70.71562957763672,71.05259232229531,70.29277654311863,70.9138441429196,6164300
2016-07-18,70.0945816040039,70.53065175340163,70.04833219792906,70.47779384908544,4931500
2016-07-19,70.0615234375,70.21348355553451,69.80384754969771,70.02188254423976,4630800
2016-07-20,69.76422882080078,70.1210121216898,69.37441310958206,69.98887239875637,6802000
2016-07-21,69.63206481933594,69.93599010875938,69.28849863501549,69.63867331542063,5701000
2016-07-22,69.81045532226562,70.03509376948686,69.50652500773467,69.82366727294705,5255400
2016-07-25,68.09921264648438,69.44705834898608,67.90760661104589,69.28188125369132,7784000
2016-07-26,67.8415756225586,68.15871804505284,67.44515137504665,67.76889725575383,6101100
2016-07-27,67.56405639648438,68.26440583255767,67.26013107439961,67.84155277219574,5412200
2016-07-28,67.25352478027344,67.53762966208461,66.71835246090139,67.45173432335636,8226200
2016-07-29,67.70940399169922,67.82833171401131,65.97173754676106,66.42101949318393,10157600
2016-08-01,65.48281860351562,67.4583355698395,65.15907285604584,66.94959225238696,11550600
2016-08-02,65.79995727539062,66.11709957421263,64.68997183152815,65.75370788189635,9752700
2016-08-03,66.473876953125,66.49369739991585,65.60174200869007,65.839597451791,6611700
2016-08-04,66.32852172851562,66.7844121778213,66.07084583303124,66.25584339483486,6088100
2016-08-05,66.4078140258789,66.7778091799496,65.8858536959258,66.7249512891378,6710500
2016-08-08,66.86369323730469,67.18083551179802,66.54655600361679,66.72494506746555,5447500
2016-08-09,66.94297790527344,67.39225983916675,66.57958625256366,67.29315256653634,4957300
2016-08-10,66.163330078125,67.26671175133494,66.03119043181167,67.16100104244515,5081300
2016-08-11,66.9958267211914,67.29975195286285,66.32850988599728,66.50029546591752,4836600
2016-08-12,67.49798583984375,67.61030508014274,66.90334715472257,67.22048442624984,5199000
2016-08-15,67.90100860595703,68.09261467099708,67.66976164497962,67.7952978698555,4886300
2016-08-16,67.80193328857422,68.00675138665301,67.61032714745214,67.90103556776867,5384300
2016-08-17,68.24925231933594,68.30266716074131,67.44804498001437,67.76852893452693,5311600
2016-08-18,69.13723754882812,69.17061799586256,68.14240548032059,68.52297721515795,6944400
2016-08-19,68.31600189208984,68.85681302295889,68.1824699146145,68.81675444849998,5057200
2016-08-22,68.06230163574219,68.36942931564919,67.59492944064247,67.93544266802779,5494900
2016-08-23,67.8886947631836,68.21585168006224,67.76851394356635,68.12237827523978,4929700
2016-08-24,68.23588562011719,68.29597858098231,67.62163031971183,67.70175256955903,5178300
2016-08-25,68.0289077758789,68.2959768413145,67.78854612637875,68.2959768413145,4490100
2016-08-26,67.64834594726562,68.42284584137171,67.34121825978478,68.1758060281304,4776200
2016-08-29,68.13573455810547,68.25591537777301,67.43467892772507,67.59491832264229,4026900
2016-08-30,67.90206146240234,68.52299499020016,67.68173415428288,68.1357501218546,3712800
2016-08-31,67.1542739868164,67.6550266670034,66.71360918317042,67.56822627566238,6249100
2016-09-01,66.90723419189453,67.15427401470045,66.41315964020241,67.00070761805468,6045000
2016-09-02,67.38794708251953,67.74181143984705,66.94060931359299,67.36123966578855,4676600
2016-09-06,68.38945770263672,68.5096385404831,67.41465983740245,67.57489925655786,5429000
2016-09-07,68.68992614746094,68.80343398226228,68.26261751621084,68.6031308327735,5284300
2016-09-08,69.51781463623047,69.67137591103278,68.41615792090434,68.99702766442776,5788800
2016-09-09,67.6149673461914,69.04378643881175,67.58826501750991,69.00372275794949,7808700
2016-09-12,68.26929473876953,68.46959788559579,67.14760832316789,67.56823881879826,8149100
2016-09-13,66.38643646240234,67.86866485958954,66.21284081477108,67.86866485958954,9300400
2016-09-14,65.71208953857422,66.73362396907159,65.54517201479574,66.17946166150513,8201400
2016-09-15,66.43319702148438,67.02742320039408,65.71878998088955,65.76552669966041,6701600
2016-09-16,65.32486724853516,65.97250832933116,65.11789106169464,65.65202940092783,12725600
2016-09-19,65.45838165283203,65.99919284044081,65.42499610800131,65.65200660622851,6182000
2016-09-20,65.23137664794922,65.75216368400326,65.21802548524396,65.54518245767636,5771900
2016-09-21,66.51998138427734,66.56004506086049,65.59859832557643,65.66536432798905,6361600
2016-09-22,66.75366973876953,67.2677735583875,66.66019122310138,67.11420716898921,5416700
2016-09-23,66.24626159667969,67.13426450073254,66.01257796243452,66.32637878903736,7396800
2016-09-26,65.95246887207031,66.95397428339494,65.87235169927311,66.42651415549358,5781800
2016-09-27,66.08598327636719,66.539999110593,65.29145429299248,65.59190377558856,6476100
2016-09-28,68.2025146484375,68.28930994406214,65.93243485979728,66.44653869282247,10190900
2016-09-29,67.6149673461914,68.28263762946895,67.08751230505176,68.10236889430881,8148400
2016-09-30,68.71662902832031,69.17064505573225,67.58826963633739,67.98887081489607,9431500
2016-10-03,68.4028091430664,68.65652707617272,68.04227172198145,68.46958023741185,4334700
2016-10-04,67.6149673461914,68.71662433238335,67.27445916934226,68.57641418416547,6505400
2016-10-05,68.25592803955078,68.68323656787665,67.93544409634664,68.09568352098898,5912800
2016-10-06,68.22252655029297,68.56971273821338,67.66168105421441,68.31599995065301,4362900
2016-10-07,68.28263854980469,69.08384595688867,68.22922879780181,68.43620495835314,5844500
2016-10-10,69.42435455322266,69.71812599815927,68.91024561022405,68.91024561022405,5982700
2016-10-11,68.7967529296875,69.50448186502038,68.55639119808001,69.29082755847156,5337300
2016-10-12,68.2025146484375,68.65653060616555,67.8352939863341,68.59643763694882,4935100
2016-10-13,67.29449462890625,67.91542825300637,66.50664341869233,67.76186183245667,7883000
2016-10-14,67.48812103271484,68.07566911414831,67.17431514931812,67.75519019479209,5114700
2016-10-17,67.67505645751953,67.76185175558,67.18098190239436,67.39463617709063,4540800
2016-10-18,67.96215057373047,68.26927825583603,67.5148127602671,68.09568257676092,4720900
2016-10-19,68.28263854980469,69.23740727151704,68.2626092560636,68.41617566461206,5905700
2016-10-20,68.01555633544922,68.24923985652583,67.22770539730617,67.86198996793105,4820900
2016-10-21,67.63499450683594,67.80858509431768,67.18765159345902,67.47474998834892,5622400
2016-10-24,67.20769500732422,67.8219504622845,66.80708875120911,67.80859420365658,6077300
2016-10-25,67.28113555908203,67.88203986277594,67.1142179799404,67.26778439407562,4730700
2016-10-26,67.56156158447266,67.78856704911027,66.68023696226018,66.98068656990887,6353700
2016-10-27,66.71361541748047,68.08901970478937,66.71361541748047,67.77521384752025,9897800
2016-10-28,69.3175277709961,70.12540819275837,67.40131224726447,67.51482006543334,17435400
2016-10-31,69.93844604492188,70.41249122545968,69.29080520446695,69.3175126209095,12340800
2016-11-01,71.0935287475586,71.26711934075183,70.40582412774367,70.44588780564334,12755600
2016-11-02,70.36576080322266,70.80642557299397,69.60461719536245,70.53935647864039,8405200
2016-11-03,70.36576080322266,70.89989899192985,70.07198429004177,70.45923422215851,5703200
2016-11-04,69.95845031738281,70.4324953284072,69.6913813423772,70.27225598097064,7085400
2016-11-07,71.34056854248047,71.42736893916357,70.6261615452026,70.77304982212479,7333800
2016-11-08,71.63433074951172,72.23523490115429,71.05345588727074,71.15360742819767,8050000
2016-11-09,71.8680191040039,72.28197645711197,70.56606426636299,70.79974781492426,9161800
2016-11-10,71.96817016601562,72.44221538816093,71.60094952509779,71.8012526190383,8739500
2016-11-11,71.20035552978516,71.87470391310325,70.73298838922001,71.76120119238311,7939500
2016-11-14,71.16696166992188,71.26044018103998,70.49929149340434,70.87319025611922,7656000
2016-11-15,72.74934387207031,72.81610987281961,71.70777999740707,71.76786786990564,12156500
2016-11-16,73.0662841796875,73.50461548449543,72.65492766308935,72.96513001012956,7723700
2016-11-17,72.91120147705078,74.24642034263543,72.55378931402298,73.50463151231996,6638100
2016-11-18,73.63951110839844,73.95645855418759,72.93144195336416,73.21466961537786,6815500
2016-11-21,74.30034637451172,74.85331661578672,74.22616700050654,74.42173033698253,8476800
2016-11-22,74.59706115722656,74.8533138931602,73.71365368390985,74.71170013291419,6440500
2016-11-23,74.85332489013672,75.17027222411917,74.20594540036856,74.44871335214597,4472700
2016-11-25,74.85332489013672,75.0016836545468,74.25989497741128,74.54312253951332,3238600
2016-11-28,74.51615142822266,75.23771033580341,74.4352270586651,74.81960881046204,6406700
2016-11-29,73.7339096069336,73.99016757856278,73.10001995245004,73.57206598716289,7461900
2016-11-30,75.23096466064453,76.18855168440462,75.05563624558731,75.56140197461441,17301900
2016-12-01,76.39759826660156,77.49005407050299,75.88508756471899,76.06042112100525,11792300
2016-12-02,76.20201873779297,76.7482439513994,75.71648292795886,76.33688750945184,6167400
2016-12-05,76.37062072753906,77.20007873960066,76.22226196563254,76.46502991331326,6909800
2016-12-06,76.04020690917969,76.53248276154997,75.66930991499716,75.7906939181009,6033600
2016-12-07,77.173095703125,77.20007048830804,76.08064005532552,76.22899880137517,6434100
2016-12-08,77.6653823852539,77.82048613579782,77.01125790042444,77.36866999604044,5519700
2016-12-09,78.09698486328125,78.21836886643337,77.5305296118487,77.54401443668073,5771600
2016-12-12,79.00062561035156,80.24143534078938,78.60949879078983,79.41872208064787,10044700
2016-12-13,79.18269348144531,79.7828684939488,78.24534126439309,79.50638586157507,8644200
2016-12-14,78.1981430053711,79.49290234109569,78.0632741705767,78.7039088532244,7878400
2016-12-15,78.93318176269531,79.1624597809582,77.79352122096998,77.97559463871312,7458300
2016-12-16,79.62776947021484,79.96494667310878,79.18269309283524,79.46592070848635,13752300
2016-12-19,79.33779907226562,79.87727952492187,79.18269529086592,79.82333508109743,5772500
2016-12-20,79.54011535644531,79.99867664610633,79.3512969098055,79.47268093191921,4319100
2016-12-21,79.51311492919922,80.24815861841383,79.47939515752809,79.80308232794586,5024600
2016-12-22,80.09307861328125,80.24143742074797,79.4187241392807,79.53336830999721,4992500
2016-12-23,79.8570556640625,80.04587409380339,79.60754780115474,79.85031582365485,2682900
2016-12-27,79.72218322753906,80.18074445545514,79.64800382707351,79.9110016487546,2986900
2016-12-28,79.51311492919922,80.1537494316324,79.40521577578342,79.7828525229091,4086700
2016-12-29,79.45242309570312,79.8570346450676,79.22314510419875,79.58055205855263,3214500
2016-12-30,79.37149810791016,79.73565004296837,79.10850034563171,79.1961696963345,5020500
2017-01-03,79.47264862060547,80.24815704964803,78.62296081126837,79.83005555570746,7404800
2017-01-04,79.45242309570312,80.01213839719674,79.30406432712265,79.85029480643394,6679900
2017-01-05,79.10851287841797,79.89751143516554,78.71064625267768,79.57381905997221,5928600
2017-01-06,78.79154968261719,79.29057554197642,78.48134733877792,79.20290619497062,4762500
2017-01-09,78.11720275878906,78.46786988993071,77.62492698130299,78.42066529284418,6891800
2017-01-10,77.5237808227539,78.4881078157757,77.47657622078427,77.92839243176734,6184400
2017-01-11,78.17787170410156,78.52853357541352,77.45631301657293,77.65187632467686,6158200
2017-01-12,78.3330078125,78.89271804178078,77.82724202387048,78.56228583378588,4940000
2017-01-13,78.48136901855469,78.81854624346758,77.96211835595194,78.13070696840839,4953000
2017-01-17,78.41393280029297,78.74436503253644,78.29929378123732,78.49485718458192,4669700
2017-01-18,78.18464660644531,78.25208101386042,77.82049463250519,78.00931303123366,4855300
2017-01-19,77.9418716430664,78.19812442625907,77.74630827763711,78.15091983080477,3427800
2017-01-20,77.95536804199219,78.73087663526273,77.78003445644644,78.440904035863,6730900
2017-01-23,77.8137435913086,78.19812534306165,77.54400083772933,77.63167019096878,5104100
2017-01-24,78.47462463378906,78.97364545718442,77.96211384102537,78.12395745903437,5024400
2017-01-25,79.06131744384766,79.18944644085242,78.45439738555713,78.83203939122477,5276800
2017-01-26,78.59599304199219,79.45242071001614,78.56227327017639,79.23662754717361,6937300
2017-01-27,76.73477172851562,77.34843142868617,76.10087707885215,76.55943818064632,11698900
2017-01-30,75.40631103515625,76.74153505045822,74.66452220217334,76.30320364849507,8252900
2017-01-31,75.08934783935547,75.66254794677202,74.6914812848255,75.45349976692847,7951000
2017-02-01,74.85332489013672,75.37932040401617,74.74542573605127,74.98819368782868,5889300
2017-02-02,75.66929626464844,75.68952607069704,74.65776480289765,74.96796716711141,6289000
2017-02-03,76.5864486694336,77.0652397989962,75.62212142399987,75.80420003991009,6623500
2017-02-06,76.18855285644531,76.53921483686919,75.83114074737263,76.39085606421924,5637300
2017-02-07,75.11634063720703,76.2694861118671,74.92752221725091,76.18856687183795,6038400
2017-02-08,75.24443817138672,75.38605192715252,74.39475049187799,74.94097571339093,5188800
2017-02-09,75.7030029296875,75.95251068763699,75.2444418739658,75.2444418739658,4607800
2017-02-10,76.23577117919922,76.50550883813142,75.777209956132,76.03346279008402,6194300
2017-02-13,76.81570434570312,76.86964878206996,76.23575920920881,76.44480740553283,4858500
2017-02-14,76.60466003417969,76.97910722627587,76.1008626073107,76.7135920152123,5811200
2017-02-15,76.63871765136719,77.09485872479648,76.39362583999782,76.39362583999782,7048100
2017-02-16,75.35195922851562,76.92462675086101,75.18175693582329,76.92462675086101,9478200
2017-02-17,75.11367797851562,75.27707072713827,74.39201671662217,75.17494831143843,8111000
2017-02-21,76.06000518798828,76.4616801256049,75.29749700874737,75.38600552963119,6619100
2017-02-22,75.1477279663086,76.1008620162907,75.10007152351763,75.69918702621862,5732000
2017-02-23,75.58343505859375,76.13489404233223,75.39961886012223,75.80129379471204,8659700
2017-02-24,74.9707260131836,75.58345026076778,74.52819890557933,75.5017564646435,6189400
2017-02-27,76.08043670654297,76.43445524515978,75.14092177415935,75.33154754065784,7275800
2017-02-28,76.59102630615234,76.76803813242509,75.90340763783858,76.01914913626388,7030200
2017-03-01,77.53054809570312,77.87776223431904,76.84973891089805,76.87697190158968,7353800
2017-03-02,77.17655181884766,77.79608565437721,77.14250927214415,77.38760106475196,5892500
2017-03-03,77.3058853149414,77.53735794548368,77.07440749023725,77.1765299071902,4905600
2017-03-06,77.04717254638672,77.27184081915577,76.7067679612803,77.10163852660256,4731900
2017-03-07,76.12127685546875,77.53055172624116,76.03958307373024,77.29907908576591,6660300
2017-03-08,74.62350463867188,76.19617239315743,74.48053531500615,76.03277962241981,9071600
2017-03-09,74.91624450683594,75.0047478323653,73.87460726863786,74.41925150861859,7247400
2017-03-10,75.30431365966797,75.8489631525333,74.5077680615365,75.84215360547779,6560300
2017-03-13,74.44647979736328,75.44046053685167,74.4192468079601,75.23622090757034,6369300
2017-03-14,73.0916748046875,73.91545329847897,72.92828205401001,73.8473734185435,9935700
2017-03-15,74.12650299072266,74.19458806528495,73.2142211662015,73.58185875335779,9472100
2017-03-16,73.43209075927734,74.12651395271298,73.14615210281342,74.078857509969,8894700
2017-03-17,73.30952453613281,73.81332181879395,73.30952453613281,73.52738324167503,14353400
2017-03-20,73.2959213256836,73.42527154228962,72.86019865691158,73.03040095774868,5301900
2017-03-21,73.55462646484375,73.6839818747532,73.1189089931258,73.56824036338907,7406300
2017-03-22,73.79290008544922,74.10607165728273,73.20059428127809,73.2891027911224,8106800
2017-03-23,73.43890380859375,74.11290358644568,73.35720481963841,73.72484247869299,5451200
2017-03-24,73.52057647705078,73.81332461064841,73.32314120609782,73.47972959139204,6339900
2017-03-27,72.35639953613281,73.0848651581829,72.0432279335298,72.84658298165472,6479400
2017-03-28,72.96232604980469,73.3503871143994,72.24747945405778,72.3564062330544,6331500
2017-03-29,73.5750503540039,73.58185990039867,72.76488574037297,72.81254217681233,4919900
2017-03-30,73.37761688232422,73.99034621900459,72.9827462882233,73.62951816356008,6797700
2017-03-31,73.0984878540039,73.62270866820711,72.88062911127292,73.3231509491412,6159000
2017-04-03,73.39122009277344,73.50695638849918,72.42446726226622,72.9963495841269,5800900
2017-04-04,73.97672271728516,74.01756960304088,72.85338661154927,73.44568723165328,4687400
2017-04-05,73.96311950683594,75.3451615093709,73.90865351802604,74.65073833161377,6398800
2017-04-06,74.40565490722656,74.65074669015108,74.03801723283978,74.28991856366864,3934500
2017-04-07,74.11289978027344,74.60308330050549,73.98354435294479,74.4669183259062,4889400
2017-04-10,74.50094604492188,75.02516680887949,74.18777445689814,74.28989686898801,4812100
2017-04-11,74.18778228759766,74.57584333917065,73.56824339791045,74.56903379253612,3956500
2017-04-12,74.18778228759766,74.45329747056012,73.83375858087291,74.45329747056012,5053300
2017-04-13,72.23385620117188,74.03119210150706,72.11811988197623,73.96311221928386,6894800
2017-04-17,72.28150939941406,72.49256377725992,71.92749091121875,72.28150939941406,5278800
2017-04-18,71.94793701171875,72.62874640615433,71.70284521418886,72.03644036309652,4252700
2017-04-19,70.96074676513672,72.26108966482711,70.68842204030332,72.0908873610765,6667900
2017-04-20,71.40327453613281,71.95473357816415,71.04925600032924,71.07648899449298,4988100
2017-04-21,71.41007232666016,71.77770989610107,71.00158786977968,71.34880199550084,5432600
2017-04-24,72.11812591552734,72.44491664936558,71.7368743878515,72.02281303360839,4538200
2017-04-25,72.66276550292969,72.82615825049636,72.28831837917086,72.3700173500351,4619000
2017-04-26,72.22023010253906,73.17336387514125,72.14534068649567,72.4380888053486,6687400
2017-04-27,71.80493927001953,72.1521533782566,71.2602898921638,72.13853428702143,5781800
2017-04-28,72.642333984375,73.25506325615798,72.15896011279109,72.8806213414073,6848400
2017-05-01,72.11131286621094,72.66277187814474,72.00238608966352,72.34279070688788,4955500
2017-05-02,71.73004913330078,72.52659455526496,71.54622776259437,72.24065597212316,5112200
2017-05-03,72.65595245361328,73.0235900135335,71.57346321704348,71.73005160510937,5663000
2017-05-04,71.3556137084961,72.39044664645462,70.89947277115913,72.32917111481231,8039900
2017-05-05,72.02281951904297,72.09089941309226,71.2807346496657,71.43051353307192,5060000
2017-05-08,72.62875366210938,72.65598666390711,72.04325710886783,72.11814656527064,5175100
2017-05-09,71.53942108154297,72.67637102569759,71.36240926215038,72.51297829696045,5024000
2017-05-10,72.50617980957031,72.73084809219884,71.85260360078348,72.04322934574273,5582800
2017-05-11,72.30875396728516,72.901059918662,71.91388333303392,72.901059918662,4632100
2017-05-12,72.13851928710938,72.36318749832125,71.81173388367424,72.206599146645,4488200
2017-05-15,72.74446868896484,73.32996507048667,72.62873236089162,72.94871354546314,6647500
2017-05-16,73.01678466796875,73.2959189253983,72.805735483974,73.23464339813934,5001400
2017-05-17,72.00582885742188,73.08557224449764,71.95081406313135,73.01679981638452,6384300
2017-05-18,72.32904815673828,72.67979427933682,71.41435986005911,71.90265605377408,5618100
2017-05-19,73.25748443603516,73.25748443603516,72.3290438115204,72.5697498627652,8383500
2017-05-22,72.9823989868164,73.6494971536398,72.72793529120425,73.6494971536398,4491100
2017-05-23,73.08555603027344,73.28499970045432,72.88611760709131,72.94801120456188,3457100
2017-05-24,73.05119323730469,73.14747569210398,72.71420464550718,72.96866317019091,3457200
2017-05-25,72.28780364990234,73.38817825617951,72.01958750359103,72.9686596176926,5293800
2017-05-26,72.01957702636719,72.41158558679378,71.93704697527767,72.24653073161397,3752500
2017-05-30,71.5656509399414,72.01267941777013,71.35245492234529,71.76509457611108,4288000
2017-05-31,71.16679382324219,71.44876234065633,70.88482005882834,71.21493504558117,8037900
2017-06-01,71.71009063720703,71.71696945296175,71.13239604178801,71.3112085224173,4769400
2017-06-02,70.91230773925781,71.48312865788351,70.6784752708457,71.40059862544429,5864000
2017-06-05,70.96733856201172,71.23555464951374,70.58220359900972,70.69912247450969,4523300
2017-06-06,71.6413345336914,71.83389944267893,70.67163117143278,70.91233730766717,4683900
2017-06-07,71.36622619628906,71.82013360849118,70.5271942852172,71.50377628195604,7197100
2017-06-08,71.52439880371094,72.03332094142388,71.13926910457667,71.36621753613872,6493600
2017-06-09,73.17496490478516,73.23685850226883,71.53127957628969,71.53127957628969,6595600
2017-06-12,74.3028335571289,74.57104958351609,73.17494943411675,73.17494943411675,8690600
2017-06-13,74.36473846435547,74.61232333364073,73.69764032727969,74.5091620969388,6099700
2017-06-14,73.31249237060547,74.2684428500371,72.72104031537471,74.21342808096722,6202300
2017-06-15,73.1268310546875,73.45006719942549,72.81047372602883,73.24374469303974,5441400
2017-06-16,74.51602935791016,74.52290817182329,73.044278000359,73.5463264760646,11633900
2017-06-19,73.90396881103516,74.53668346358691,73.68389392114761,74.48854224539274,4577800
2017-06-20,73.22999572753906,73.31252053634762,72.4734833334636,73.07181443232341,5171200
2017-06-21,71.86138153076172,73.51882431183219,71.4693730478485,72.8242109484252,6989400
2017-06-22,71.83390045166016,72.30843916047353,71.55193190153939,71.85453690391317,4197400
2017-06-23,72.21214294433594,72.50099025683345,71.68946310719808,71.69634192330497,5773300
2017-06-26,71.62068176269531,72.34280520095683,71.54503053594415,72.23276514495564,3602500
2017-06-27,71.57254028320312,72.13648245061086,71.54503026930536,72.02644764201841,4170300
2017-06-28,71.71697235107422,72.1433697461137,71.55191749528443,71.82013360356756,4162300
2017-06-29,71.60692596435547,72.31529173833648,71.5587847539004,71.78573317633233,4288600
2017-06-30,71.75135040283203,72.01956647081283,71.44874550685432,71.88889522082273,5497000
2017-07-03,73.10619354248047,73.56009567154652,71.68945663139817,71.68945663139817,4419100
2017-07-05,71.95076751708984,73.10616140174821,71.71005630391376,72.89296019142073,4482700
2017-07-06,71.40059661865234,72.3015271477172,71.32494540279215,71.98516990275547,5084800
2017-07-07,71.17364501953125,71.35933628089535,70.70598532938936,71.24241742311133,6457000
2017-07-10,70.86416625976562,71.23554353381793,70.56156138898271,71.1392611198412,4629000
2017-07-11,70.91918182373047,71.18051903852763,70.52717337803588,70.93981301871476,4322400
2017-07-12,71.44873046875,72.04018250622197,71.15988326356528,71.5243816768218,3978100
2017-07-13,71.61381530761719,71.66883534511395,71.15303429933077,71.38686683519225,4439100
2017-07-14,71.82699584960938,71.96454065653703,71.33870496391876,71.78572820993264,3644300
2017-07-17,71.6688232421875,72.1915030161412,71.57941963160278,71.74447446922022,5572400
2017-07-18,71.33184051513672,71.93704513329901,71.1874168646775,71.93704513329901,4339400
2017-07-19,71.84074401855469,71.8545016466395,71.18739835346537,71.2217819296819,4932000
2017-07-20,71.95767211914062,72.46659952085403,71.40060875042597,72.21213581999733,5367800
2017-07-21,71.00859832763672,71.78573654632233,70.93982591618644,71.64819172342177,5304100
2017-07-24,70.97420501708984,71.22866869508752,70.78164017838817,70.96045263446757,4080400
2017-07-25,71.79263305664062,72.31531295708776,71.74449183205996,71.83389546428121,7093800
2017-07-26,72.29467010498047,72.95489475585255,71.66195022343717,71.95767634021313,5881400
2017-07-27,72.97551727294922,73.11994090623627,71.94391539490017,72.12960142426967,5888400
2017-07-28,74.35787200927734,75.05248022571816,73.14745755998602,73.38816363731695,7812600
2017-07-31,75.09375,75.65081340146196,74.37850531638266,74.54356016737154,7561200
2017-08-01,76.18724060058594,76.31791185783118,75.25192109472255,75.33445113829829,8162900
2017-08-02,75.9671630859375,76.47608521943522,75.54764456128441,75.91902187394446,6212300
2017-08-03,75.25877380371094,75.9602605662715,74.99743662687405,75.80896340936401,5605400
2017-08-04,75.72647094726562,75.78836455392131,75.25881112464653,75.25881112464653,4643500
2017-08-07,75.49950408935547,75.8502502070278,75.36195926716954,75.52013528798349,4762800
2017-08-08,75.8915023803711,76.13908722455065,75.4926151039709,75.65079635047371,4107300
2017-08-09,76.26290893554688,76.62053395759631,75.8296379153331,76.15974766968647,3966800
2017-08-10,75.72647094726562,76.64115939028525,75.67145091001643,76.49673572775576,4950700
2017-08-11,75.12126159667969,75.98780351785041,75.0524839309049,75.78835983050182,3383000
2017-08-14,74.76364135742188,75.52702732226177,74.49542523431593,75.14189755513517,4286100
2017-08-15,74.66734313964844,74.8942968103248,73.95209854681889,74.7911355739266,5310700
2017-08-16,74.21583557128906,74.96605310271573,74.11164310835622,74.76460550818162,4186600
2017-08-17,73.57675170898438,74.2366672314496,73.56980907906902,74.05605815901814,5870300
2017-08-18,73.96577453613281,74.56316413912612,73.28502035639617,73.52119702505414,5467400
2017-08-21,73.47952270507812,73.96577722246977,73.14609618430802,73.96577722246977,3560400
2017-08-22,73.88240814208984,74.27140746462813,73.50035145051241,73.62538770414518,5630900
2017-08-23,74.05606842041016,74.36865640087362,73.70874608668709,73.77820949348805,4185800
2017-08-24,74.63263702392578,74.7924023558359,73.86158089244549,73.97966923337368,5059700
2017-08-25,75.18138885498047,75.51481530163623,74.68818651561756,74.89658201956577,4384200
2017-08-28,74.85490417480469,75.43145516960118,74.51452450230289,75.3967261191558,3681600
2017-08-29,74.92438507080078,75.05636927257862,74.35477657325501,74.62568760869026,3230600
2017-08-30,74.83404541015625,74.91045142032284,74.39641603542388,74.72984768761444,3126000
2017-08-31,74.75763702392578,75.18137055904208,74.67427778268902,75.02160000493409,5508200
2017-09-01,75.5495376586914,75.82739651993958,74.68123202961395,74.79932032323642,3660300
2017-09-05,76.02188873291016,76.59149695815049,75.50784803473692,75.9663159061266,5198500
2017-09-06,77.65434265136719,77.95998805858225,76.27200098643226,76.41092782622862,8577300
2017-09-07,77.66126251220703,78.40453196586934,77.35561721546904,77.925225532297,5937800
2017-09-08,76.95275115966797,77.62655747293624,76.77908995726767,77.51541175953479,4033100
2017-09-11,78.1613998413086,78.19613418754331,77.46675531435176,77.68209872151604,5973400
2017-09-12,78.14057159423828,78.46010748254943,77.7029473928004,78.36980559010863,5110100
2017-09-13,79.31452941894531,79.41177924973202,77.99470347291637,78.14057821909644,5889400
2017-09-14,79.5020523071289,80.1202854212909,79.31450064428769,79.37007347020968,5819100
2017-09-15,79.62712097167969,79.82162594168702,78.93247626366627,79.7660530931135,8387600
2017-09-18,80.01612854003906,80.03696703408704,79.41178571405374,79.48124912745328,4954600
2017-09-19,80.8149642944336,80.87053714404412,80.0161271050866,80.05780409243516,6188000
2017-09-20,80.83578491210938,81.37760679117436,80.71769131561494,80.92608679204784,5378200
2017-09-21,80.9052505493164,80.93997959654081,80.46067846699285,80.7315894140426,4334500
2017-09-22,81.47486877441406,81.84997750821262,80.76632828844419,80.86358341177083,5307100
2017-09-25,81.96111297607422,82.1972948904696,81.28730688169009,81.4331869080706,5980300
2017-09-26,81.63465118408203,81.98892150133503,81.44709942772398,81.8222082401591,4874700
2017-09-27,81.58602905273438,81.69022683192804,81.11367038014635,81.59297698460574,3926800
2017-09-28,81.70411682128906,82.05838182546965,81.2873257344809,81.39152350618293,4949000
2017-09-29,81.6207504272461,81.63464098905976,81.08587635206703,81.39151640943292,4874800
2017-10-02,81.57211303710938,81.82218550926052,80.25228727847107,80.87052052914544,4285600
2017-10-03,81.8430404663086,82.14173790705026,81.28037994061424,81.32900485888759,3892200
2017-10-04,81.67630767822266,81.87775523422467,81.36371445006064,81.84302088674532,3443400
2017-10-05,82.3709487915039,82.4473601129948,81.5026431379412,81.58599708886427,5470900
2017-10-06,81.29427337646484,82.07227739605591,81.13450805351341,81.93334526770815,3533300
2017-10-09,81.76663208007812,82.02365254294195,81.28038287976149,81.5096116172143,2951900
2017-10-10,82.52378845214844,83.23232367969082,82.16951818851814,82.2459295257662,5683100
2017-10-11,82.89192962646484,83.02390847792724,82.37094625039931,82.80857037839624,3926100
2017-10-12,82.75995635986328,83.11422658610216,82.18340007592343,82.30843631461258,3929700
2017-10-13,82.77386474609375,83.35736374846816,82.7113439674288,83.21148899787457,4640100
2017-10-16,83.44764709472656,83.9755784316566,82.96139803421026,83.24619954116487,5500700
2017-10-17,83.51019287109375,83.87140580998798,83.23928184199337,83.51714080252985,4844300
2017-10-18,82.0722427368164,83.37122446506342,81.96109708107518,82.9405482983576,5505100
2017-10-19,82.10700225830078,82.4821110360963,81.93334108152797,82.00975242328549,4576600
2017-10-20,82.41261291503906,82.50986270909499,82.01666581074957,82.39177443055799,4924300
2017-10-23,82.61408233642578,82.8711027458464,82.28065059716977,82.46820760666306,3872400
2017-10-24,82.82246398925781,83.30176507842693,82.71131832818179,82.99612510990148,4472400
2017-10-25,82.27371215820312,82.96835679229882,82.07226457834922,82.66271145738696,4553100
2017-10-26,82.27371215820312,82.66271145738696,82.06531664808723,82.50988878993104,4092900
2017-10-27,78.86994171142578,80.85662551990038,78.19613565963805,80.66906852624953,14534100
2017-10-30,79.46038055419922,79.95357749227382,78.38367950506894,78.61291345225926,7517800
2017-10-31,80.50236511230469,80.84273949440127,79.06445095152523,79.50207515707797,7154800
2017-11-01,80.50930786132812,81.2525773497491,80.12725122253893,80.78716675320048,5030300
2017-11-02,80.1133804321289,80.90527502456192,79.682698778463,80.72466590531893,4329600
2017-11-03,79.8771743774414,80.40510571312879,79.69657061237034,80.2175540187189,4101800
2017-11-06,81.30121612548828,81.38457539718343,79.87719237407731,80.14116075125273,5950300
2017-11-07,81.44014739990234,81.96807888341168,80.91222121611177,81.53739723900686,5219500
2017-11-08,81.044189453125,81.37762121457176,80.50931540839775,81.12060078804575,5092800
2017-11-09,81.44014739990234,81.62075651526162,80.31482631891619,80.50932599712522,5103300
2017-11-10,81.39846801757812,81.48876992274246,80.64825045250659,81.07198415316448,5156900
2017-11-13,81.43319702148438,81.80830047964982,81.05114033297741,81.42624909086109,4279200
2017-11-14,81.21784210205078,81.45402401242966,80.75243151065277,81.14837870478082,6996500
2017-11-15,80.89134979248047,81.43317695348827,80.62738679074612,80.72463659663335,5372600
2017-11-16,80.33045959472656,81.20689386862789,80.19723987330786,80.80724005370209,5888700
2017-11-17,80.4286117553711,80.62493215718247,79.86068411451251,80.4005652194938,4337500
2017-11-20,80.43562316894531,80.65297713112292,80.23930277093591,80.47067732611576,4634200
2017-11-21,80.75113677978516,81.23493014967518,80.57584994713858,80.7301032157603,4596000
2017-11-22,81.26998901367188,81.8799837628903,80.8563093102438,80.9755030716624,3951000
2017-11-24,81.690673828125,81.92906134363551,81.55044115782817,81.71872036218437,1744200
2017-11-27,81.0456314086914,81.354137999356,80.80023087035845,81.22793124402325,4490300
2017-11-28,81.64859008789062,81.90100351027182,81.15077621300792,81.2769829241985,4004700
2017-11-29,82.16043090820312,82.2095109993042,81.21388323735194,81.47330428345953,3661000
2017-11-30,83.42951965332031,83.54170579427512,82.19550419879518,82.21653776289179,7896600
2017-12-01,83.79411315917969,84.4602009372649,83.09997349856923,84.0044541341559,6831800
2017-12-04,84.72662353515625,85.7503031358965,83.69594166338891,84.0044427882193,7366400
2017-12-05,84.4111328125,85.11929316547355,84.24285893878896,84.51630598956815,4380700
2017-12-06,83.86421966552734,84.75467428391303,83.80111363388572,84.13065368417396,4852500
2017-12-07,83.87823486328125,84.2077748923816,83.40846753850471,83.78708765602457,4908500
2017-12-08,84.08158874511719,84.30595568265555,83.50664813334201,84.10963528097571,4122200
2017-12-11,84.43216705322266,84.91596046200688,84.22182604673432,84.34101981867738,5929700
2017-12-12,83.91331481933594,84.6565292964014,83.82917521182053,84.00446204881368,4300200
2017-12-13,84.0886001586914,84.2568740213955,83.21216598933513,83.7380264909489,4399800
2017-12-14,83.8081283569336,84.33398878452181,83.78709479572268,84.00444872734057,3736900
2017-12-15,83.9483871459961,84.4672347649153,83.79413384999376,84.44620119715691,11226900
2017-12-18,83.92732238769531,85.04214927961041,83.8712346740525,84.0815756362031,4654100
2017-12-19,84.02548217773438,84.66352873004446,83.79410765539068,84.36203520465169,4599300
2017-12-20,84.7616958618164,85.04916881975672,83.89227471590866,84.3339955849433,6286700
2017-12-21,87.51719665527344,87.88880382967004,84.88789455417044,85.11226145282475,10109000
2017-12-22,87.62938690185547,88.09915428218085,87.34191395759933,87.53823433449179,4735100
2017-12-26,88.3305435180664,88.44272430988933,87.6784762832736,87.80468301740541,3348500
2017-12-27,88.02906036376953,88.48480190545723,87.73457438307267,88.31652802315207,3452300
2017-12-28,88.0500717163086,88.26742564900546,87.84673837471229,88.12719834068405,2191800
2017-12-29,87.77661895751953,88.33052588288116,87.77661895751953,87.89581269669988,3829000
2018-01-02,89.4523696899414,89.5645504711134,88.02202862202685,88.14122237368746,5626000
2018-01-03,90.10445404052734,90.40595300429464,88.97561157878015,89.36825243504005,5805500
2018-01-04,89.82398223876953,89.99226144454946,89.19996156132495,89.71179610158292,4598300
2018-01-05,89.6767578125,89.81699050879507,89.11583772598044,89.72583791887068,4189200
2018-01-08,90.11846160888672,90.18858061834693,89.48742796905039,89.64869420174776,4826100
2018-01-09,89.63465881347656,90.40592504161975,89.5996046617702,90.04833310918171,4422300
2018-01-10,90.20962524414062,90.27973356353968,89.60663806427631,89.96421937959373,5292200
2018-01-11,92.95109558105469,93.47695601580067,90.27971558567246,90.39190171276285,11641300
2018-01-12,93.67329406738281,93.84858091204583,92.62858062167362,92.68467369580499,7232900
2018-01-16,92.5584487915039,93.86960148316956,92.27098653703143,93.72235584662542,6254200
2018-01-17,92.80384063720703,93.11234710641186,91.82223887033429,92.68464690113369,5632700
2018-01-18,92.26397705078125,92.90202370579746,91.87133624728189,92.7968558829528,5890000
2018-01-19,92.06063079833984,92.55143170553164,91.29638290723709,92.43223796368916,6048900
2018-01-22,92.94409942626953,92.94409942626953,92.04663159283896,92.06065753673458,5248800
2018-01-23,91.86433410644531,92.94409638049314,91.660995371934,92.81789498554967,5747300
2018-01-24,92.12372589111328,93.02119340943794,91.89936436086049,92.11671827095614,6868200
2018-01-25,91.60489654541016,92.46029716407632,91.38754257976964,92.38317052801104,4597200
2018-01-26,91.9835433959961,92.37618428915842,91.40859730339275,91.6469955873801,6310500
2018-01-29,90.08340454101562,92.25696550917463,89.97122910096705,91.19121858877043,6350700
2018-01-30,87.80467987060547,89.75386318464373,87.77663333632248,89.4734085404727,8084000
2018-01-31,87.88880157470703,88.21834161881621,86.97731341264135,87.9378816653619,9626800
2018-02-01,88.04306030273438,88.08512742610878,86.98432645340336,88.06409386442158,7844500
2018-02-02,83.14204406738281,86.90720146138369,82.48296392570602,86.90720146138369,13182600
2018-02-05,78.96321868896484,82.94573596220823,75.73793650938772,82.02722927050124,15414700
2018-02-06,82.16043090820312,82.47594501537728,77.65906706952148,77.96756820673014,18416300
2018-02-07,80.83528137207031,83.62584492433348,80.79321424142542,82.31470275882161,11535700
2018-02-08,78.73883819580078,81.2559542518209,78.67573216174502,80.75112737669077,9927500
2018-02-09,79.58020782470703,80.36549462062986,76.77561900269093,79.46802170414864,10922400
2018-02-12,79.91676330566406,81.22790519688712,79.16653598657355,80.491703817964,8358200
2018-02-13,79.43296813964844,79.65733503309231,78.43032741440553,79.46802229058513,7065900
2018-02-14,79.67137908935547,79.96586507006559,78.10782334465036,78.8790844336915,7031900
2018-02-15,79.68553924560547,80.03252000120158,78.488802754619,79.91922247803139,5405000
2018-02-16,79.40937042236328,79.97587424813307,78.75081202100279,79.55807646104715,5950400
2018-02-20,78.58793640136719,79.84840158996509,78.30468452242175,79.50849825471454,6810900
2018-02-21,77.22833251953125,79.35271361933935,77.22833251953125,78.70123804535086,6892300
2018-02-22,77.81607055664062,78.91366949656705,77.1150263847788,77.57530998547632,8176700
2018-02-23,79.72804260253906,79.83426276804852,78.07102746988697,78.21973354056738,6460200
2018-02-26,81.15137481689453,81.19386612201,79.9121522355641,80.14583550466315,7405800
2018-02-27,80.45030212402344,82.17813358727406,80.45030212402344,81.34254358157185,6059700
2018-02-28,79.25357818603516,81.7603485928205,79.2252524557088,81.44877096181128,7441000
2018-03-01,79.33856201171875,80.65567886784473,78.58086622051346,78.97741567308263,7516700
2018-03-02,79.05530548095703,79.43769474618816,77.77359721602772,78.95616812359127,6607300
2018-03-05,80.12457275390625,80.25203583259196,78.61625875569518,78.88535047879857,7814900
2018-03-06,80.47866821289062,81.80286279780306,80.03254455907947,80.62029151095551,7957900
2018-03-07,80.61315155029297,81.49123266377909,79.75631877877044,79.98291913650715,6660000
2018-03-08,80.26619720458984,81.25757612012268,79.73510193583087,81.15135598585479,6095100
2018-03-09,83.00665283203125,83.12703313270329,80.89643186708226,80.94600054398137,8833300
2018-03-12,82.70216369628906,83.8068402306265,82.53929208804601,83.20493328313702,6877000
2018-03-13,82.46846008300781,83.68643924432821,82.14272234958625,83.01372083439362,6793100
2018-03-14,81.52665710449219,83.16951147880553,81.33546519739792,82.83669633701774,5051000
2018-03-15,81.84532928466797,82.29144740058389,81.25758251106222,81.68954046249961,4519700
2018-03-16,81.71784973144531,82.27727066081411,81.12302029414212,81.71784973144531,14909400
2018-03-19,80.64859008789062,81.59748315359337,80.1741462563296,81.48418023123693,4803500
2018-03-20,81.08052825927734,81.9302783594782,81.03804237504112,81.11593676452712,4587200
2018-03-21,82.87918090820312,83.63687654717585,81.29297801403762,81.42044108426573,6829600
2018-03-22,80.51404571533203,81.95862558675329,80.35826229806631,81.82408511717921,6297200
2018-03-23,80.00418853759766,81.97985805654092,79.80590844512935,80.98848460709989,6227200
2018-03-26,81.68245697021484,81.8524059553871,80.19539119415073,80.89643548524452,6868700
2018-03-27,81.19383239746094,82.75170940588049,80.71230589261826,81.96568811999641,5530800
2018-03-28,79.38104248046875,81.6187265871126,79.3527167497109,81.38504336029587,6985300
2018-03-29,80.75482177734375,81.03099093686228,79.50851646606694,79.51559925037243,6627800
2018-04-02,79.48017120361328,81.00264530034565,78.27635749135801,80.64858180820232,6228600
2018-04-03,81.3142318725586,81.42045201243545,79.3739598317114,79.67845468464868,6717300
2018-04-04,81.06639862060547,81.28591630858126,79.61473580007682,80.05377657860981,5727200
2018-04-05,83.05621337890625,83.48108848253516,81.2221617080057,81.34962477935238,7204900
2018-04-06,81.26466369628906,82.85794959654197,80.29452766987265,82.41182608681946,7094500
2018-04-09,82.12857818603516,82.97124570742248,81.34963410375515,81.64705157270782,6933800
2018-04-10,84.160888671875,84.85485547439802,83.27572996602318,83.27572996602318,7612800
2018-04-11,84.44416046142578,84.53621504362428,83.38196976379778,84.04761099647067,6246800
2018-04-12,84.42996978759766,85.44966881510234,84.01925490297167,84.76986766257278,6702000
2018-04-13,84.91858673095703,85.53465915273705,84.42290000256861,84.63533485648644,5508100
2018-04-16,85.47093200683594,86.18614183363925,84.8123736401435,85.40012038298762,4598000
2018-04-17,86.00910949707031,86.39149874638858,85.37179408153986,85.64088581397525,6488300
2018-04-18,87.68029022216797,88.43798594185016,86.67475111802536,86.71723701176698,9132500
2018-04-19,87.60237121582031,88.51585549281566,87.24830779384905,87.7864857079675,7159400
2018-04-20,86.61100769042969,87.42535478379945,86.0091008484016,87.36870332976433,7561200
2018-04-23,87.51033020019531,87.5315731443851,86.24986508752147,86.3914883171734,6113100
2018-04-24,86.77389526367188,88.54421300921135,86.21447420777169,88.06268636632137,7980500
2018-04-25,86.90135192871094,87.02881501306362,85.76834973589852,86.63226019364382,5331100
2018-04-26,87.96354675292969,88.02019821595613,86.60394405578036,86.86594761776112,6268400
2018-04-27,89.66304016113281,89.96753497866524,88.28927209097536,88.86993599852786,8836600
2018-04-30,88.59378051757812,90.5694557437648,88.55129462107334,89.94630044792959,7631600
2018-05-01,88.416748046875,88.45923394304415,87.1562827031019,87.82900127115761,7093700
2018-05-02,88.86284637451172,89.5568131386855,87.87146759822618,87.94936199224301,5909100
2018-05-03,89.2311019897461,89.3089964069734,87.68738461595764,88.22555734987927,6727700
2018-05-04,88.89119720458984,89.8188420102209,88.31053317775051,88.66459674052038,5403100
2018-05-07,88.473388671875,90.92350202888454,88.11932517362365,89.64179389404029,6999700
2018-05-08,89.62763977050781,89.75510285457018,87.54574453168252,88.46631185019753,8937000
2018-05-09,91.15010070800781,92.35391434665046,90.70397727753615,90.93766046468038,11442700
2018-05-10,91.2209243774414,91.90072023947911,90.91642415192585,91.83699140338065,5446000
2018-05-11,91.94320678710938,92.59468232836689,91.00848476883921,91.62455179918001,8092300
2018-05-14,92.33267211914062,92.82128144103642,91.91487981395656,92.23353477884001,6212400
2018-05-15,91.8724136352539,92.24772013298877,91.52542746718343,92.22647718444998,5201700
2018-05-16,91.74492645263672,91.85822935854128,90.85269038024786,91.55372914956774,5405100
2018-05-17,92.47349548339844,92.55206910009072,91.7020484011591,91.97347561387765,5241600
2018-05-18,91.33064270019531,92.25208736888796,91.28778632947224,92.08780098132212,6385800
2018-05-21,92.40922546386719,92.43780364109304,91.6234999802537,91.99492908914105,5081200
2018-05-22,91.59491729736328,93.13781181022975,91.50206547439949,92.20921728492786,5444200
2018-05-23,91.93067932128906,91.99496389529757,90.39493414547589,90.78065248891212,6017200
2018-05-24,90.43775939941406,91.00205852570234,89.89488845708637,91.00205852570234,5906200
2018-05-25,87.2805404663086,89.11629591176796,86.58766683422445,88.95914864061193,8936600
2018-05-29,86.7091064453125,87.45198106876663,85.75908361871039,86.50195824216453,7385700
2018-05-30,89.40202331542969,89.76631333985296,87.38768684073516,87.60912412288205,7125300
2018-05-31,88.7877426147461,89.15917726455771,88.18772608850655,88.63059529954783,7460700
2018-06-01,88.4662857055664,89.68060215707129,88.1662802274275,89.6377403389866,5749900
2018-06-04,87.3305435180664,89.58059537910938,87.26625351933865,88.95200627906229,5760500
2018-06-05,87.66626739501953,88.36628014778185,86.82339100415939,87.15196919724852,5672600
2018-06-06,88.13056182861328,88.35199911176605,87.18768358815171,87.94484726815061,6213400
2018-06-07,90.6877670288086,91.41635800625323,88.86630048457882,88.95915776811195,8607200
2018-06-08,90.3163070678711,90.9877469480087,89.77343625971972,90.80203243312457,5108800
2018-06-11,91.1163558959961,91.56636961673321,89.90204474890635,90.5520566959723,6085100
2018-06-12,90.77346801757812,91.70206247572405,90.2377417031916,91.17347525508596,4543000
2018-06-13,90.76634216308594,91.30206858777946,90.06632390362238,90.5806221432787,6317900
2018-06-14,90.3663558959961,91.40209171182401,90.2734931396126,90.98779520561594,5056800
2018-06-15,88.60202026367188,90.80207171992024,88.45915659461512,90.78778262816869,13223800
2018-06-18,89.98060607910156,90.70205248283683,88.64485964045357,88.82343510526097,7696800
2018-06-19,89.67345428466797,89.92345884050607,88.48771060599212,88.80200516172607,5947800
2018-06-20,89.49488830566406,90.3306202450244,88.7877309300277,90.08776020781863,7980700
2018-06-21,87.5662612915039,88.99486499339403,87.25911672730054,88.93058044266049,7290800
2018-06-22,89.35917663574219,90.40920141861811,89.1591729532309,89.58061395540109,8535200
2018-06-25,87.58058166503906,89.03061406847361,87.09485601490258,88.88061128015548,5801900
2018-06-26,88.68773651123047,89.00917022256613,87.55199352844066,87.8805717854947,4592800
2018-06-27,90.00204467773438,91.01635212728769,89.33059910845958,89.39488911706887,6339500
2018-06-28,89.75917053222656,90.61633054795479,89.28772870879271,90.3877541804479,3814800
2018-06-29,90.30918884277344,91.23778348656047,89.81631879110438,89.81631879110438,5669700
2018-07-02,88.75201416015625,89.49488881594263,88.2591440881222,89.4877442707808,5073500
2018-07-03,89.09487915039062,90.49491023245714,88.96630458929825,89.616316490044,3919600
2018-07-05,88.55915832519531,90.18062135687653,88.44486739712879,90.08061951966401,5926900
2018-07-06,88.6734390258789,88.94487179087511,87.99485438854283,88.23056987801984,4020000
2018-07-09,89.99488067626953,90.20202884859597,89.06629162238463,89.28772343259661,4602200
2018-07-10,91.13777160644531,91.7949280090338,90.53776066052296,90.95205704681642,5092100
2018-07-11,88.2305679321289,90.48776454282172,87.83770515853762,90.1663308690024,6631800
2018-07-12,88.7591781616211,89.25204289200151,88.2805916253118,88.88775275426217,3745200
2018-07-13,88.60202026367188,89.20203132463503,88.30915382937434,88.71630574922554,3352800
2018-07-16,87.8448486328125,88.48771597261623,87.05911219582408,87.86627681751384,4317800
2018-07-17,87.08055114746094,87.83056490625901,87.0019774989643,87.40198483698993,4135200
2018-07-18,86.80912780761719,86.90912965926742,85.48052555033024,86.60197955785824,6061300
2018-07-19,86.90910339355469,87.24482612964339,86.43766701392309,86.5019515635449,4471400
2018-07-20,87.33768463134766,87.39483008716198,86.43766822587973,86.60909914363211,5394700
2018-07-23,86.666259765625,87.909143673787,86.54482973803785,87.39484538083953,5359400
2018-07-24,88.4662857055664,88.68772299154675,87.04482650703046,87.0519710516597,4423500
2018-07-25,89.21630096435547,89.45202187963555,88.05198547659114,88.30199548050729,4278800
2018-07-26,88.53770446777344,89.55915624289004,88.43056355929525,89.07343080892501,5544100
2018-07-27,89.98060607910156,90.7449088504896,87.20197228267372,87.70912594876384,7580900
2018-07-30,91.30921173095703,91.7235081342858,90.15918525429427,90.54490892811509,5729300
2018-07-31,90.19489288330078,91.82350569134945,90.09489105952024,91.43063749100402,5894400
2018-08-01,89.56632232666016,89.94490149350207,89.10916950824448,89.50917686193533,4661000
2018-08-02,88.40201568603516,89.15202950468272,88.07343742505265,88.88774125655097,4639600
2018-08-03,88.60913848876953,88.75199666569944,88.09484033231767,88.68056757723448,5299400
2018-08-06,88.7877426147461,89.24489546821817,88.24487155761354,88.87345536871469,4455900
2018-08-07,89.41629791259766,89.78773244396548,89.1091479262071,89.67344699188698,4542000
2018-08-08,88.48773193359375,89.13774938513274,88.0877245478417,88.94488478865092,5957200
2018-08-09,87.52342224121094,88.83774074083222,87.3305631011617,88.54487430814842,5218300
2018-08-10,88.10200500488281,88.2305795813246,86.78769195653706,87.26627298285698,6128000
2018-08-13,87.45913696289062,88.34486990015522,87.33056238734483,88.08057620328562,4360000
2018-08-14,87.55912017822266,88.32342292312636,87.14482380629977,87.80198018609369,3622200
2018-08-15,84.24478149414062,86.95198678820375,83.88048594013954,86.93055314998684,9476700
2018-08-16,84.85053253173828,85.31927574559592,84.5043780256599,84.87937369713386,5455200
2018-08-17,84.95149993896484,85.51399624231993,84.43947843007531,85.20390142099089,6112900
2018-08-20,84.91545104980469,85.32650651633759,84.61256923276788,85.09573863165141,5403600
2018-08-21,85.05245971679688,85.76639690252658,84.94428608212519,85.36976207604363,4875800
2018-08-22,85.7591781616211,86.14859991940111,85.3986030712995,85.4851430736748,3636900
2018-08-23,85.16783142089844,85.68706040802769,84.87937026116674,85.37696562415545,3962500
2018-08-24,85.8240966796875,86.2063054491859,85.61496243748384,85.7447697084399,4415400
2018-08-27,86.7904281616211,86.88418121177028,85.93947067914908,86.07649098201969,3901900
2018-08-28,86.43704986572266,87.50434891336927,86.35772291599964,86.97069938954596,4685700
2018-08-29,86.6966781616211,87.13658022498036,86.45148423194145,86.53802423687651,4101700
2018-08-30,86.4010238647461,86.84813907378735,86.21352873038681,86.5957375452724,3353000
2018-08-31,85.42744445800781,86.10532734652921,85.16061692696582,86.10532734652921,5287000
2018-09-04,85.72311401367188,86.2711841260126,85.34811288213496,85.76638125887283,4590900
2018-09-05,85.7591781616211,85.77360424631993,84.56207172276183,85.13898856611281,4619400
2018-09-06,83.09814453125,85.46351643686432,83.03323814867636,85.01640130760711,8191100
2018-09-07,82.64381408691406,83.18467675175242,81.77122298120759,82.58612074886581,6637800
2018-09-10,82.55728149414062,83.45150624684416,82.48516206893997,83.24237201802953,5870900
2018-09-11,82.94670104980469,83.46593012085472,82.03805567740703,82.45631864958409,5605300
2018-09-12,83.50196838378906,84.72792131843164,83.4803347617095,83.95629095327553,5067800
2018-09-13,83.86975860595703,84.0284070059033,82.98995460600521,83.66062441728499,6297700
2018-09-14,84.64859771728516,84.81446466301922,83.90581398617158,83.96350731529114,4947800
2018-09-17,84.74234771728516,85.58609199316737,84.57648077749212,84.81446162513228,5560200
2018-09-18,85.18949127197266,85.74478013824996,85.08132311796861,85.4563188897109,4966300
2018-09-19,86.1846694946289,86.56687825381033,85.1822710689471,85.33371196398465,4855300
2018-09-20,86.11976623535156,87.48995288553068,85.89621140626963,86.67505503924808,5846700
2018-09-21,87.35291290283203,87.4466659405829,86.11253930602037,86.47311436952046,13703600
2018-09-24,88.42744445800781,88.68705898470542,87.67023450481655,87.9154284475597,6534100
2018-09-25,88.96829223632812,89.59568931914339,88.65819746482056,89.06203977117877,5396400
2018-09-26,87.94427490234375,89.00436669976433,87.79283400298938,88.6942718576749,4231400
2018-09-27,88.31925964355469,88.7014683422803,87.77118398967735,88.09570485794666,4533400
2018-09-28,88.18223571777344,88.85290554887665,87.80724007654763,87.97310152291988,5202900
2018-10-01,89.7038803100586,90.05724239655623,88.7808088585073,88.7808088585073,5348200
2018-10-02,89.95626068115234,90.69183685399783,89.65337896383411,90.19424153130461,5445400
2018-10-03,90.36732482910156,90.74953353376101,89.98511612444211,90.23751758016637,4479500
2018-10-04,90.10773468017578,90.56927046734194,89.55966437162883,89.99235348435452,4824300
2018-10-05,90.38175964355469,90.79281505456431,89.95627814685932,90.09329845117573,4318000
2018-10-08,90.02838134765625,90.47549641769201,89.30002366351823,89.45867757552897,6267700
2018-10-09,91.45625305175781,91.9033680826728,90.19424041001588,90.51154820627416,6797900
2018-10-10,88.41301727294922,92.0187684301,88.31205668070416,91.7519463657122,6504400
2018-10-11,85.40581512451172,88.29041581367609,84.76399191132778,88.29041581367609,8589900
2018-10-12,84.92984771728516,86.30724709561788,83.78322166058787,86.19907347658598,7450700
2018-10-15,84.33129119873047,85.71589801680786,84.30965757687589,84.8793612921746,6047300
2018-10-16,84.74234771728516,84.86494191081913,83.89859793946445,84.43946050122564,4846100
2018-10-17,84.58370208740234,84.87216324892809,83.66783831220356,84.5260087547094,6978700
2018-10-18,84.71353912353516,85.19670857537682,83.6895068668717,84.67747940243731,7391600
2018-10-19,85.19668579101562,86.00437601091235,84.64140254742003,84.64140254742003,7944400
2018-10-22,84.52600860595703,85.4490799196637,83.99957207639261,85.1678318007043,5644900
2018-10-23,81.77843475341797,83.45150301724718,80.80488307222217,83.45150301724718,8095300
2018-10-24,79.47795867919922,82.34092570212398,79.37699809669287,82.00919728789756,8035200
2018-10-25,80.46593475341797,81.77842780138104,79.63661098366383,80.30728084070721,5734000
2018-10-26,80.42986297607422,81.10774577341101,79.08131592427206,79.7808268405324,8035500
2018-10-29,78.55487823486328,80.81928904015415,77.55248006636553,80.79765541811928,8598300
2018-10-30,79.93949127197266,80.15583851299817,77.99238811049857,79.0524796880336,7523800
2018-10-31,80.51642608642578,81.12940269529115,80.08373703910551,80.55969334057589,7429800
2018-11-01,80.1702651977539,80.76160813270863,79.39863471553325,80.60295421080431,10572000
2018-11-02,82.73756408691406,84.45389956603655,81.57651183570376,82.82409858885711,9890400
2018-11-05,85.77360534667969,86.3000419042167,84.08611104131796,84.10053712620187,8758700
2018-11-06,85.74475860595703,86.12696732596594,84.98754870643575,85.64379801961277,5273200
2018-11-07,87.1654281616211,87.34571571473792,85.831295867005,86.53802549607633,4848800
2018-11-08,86.07650756835938,87.88659651583801,85.78804632343974,87.00679219470639,9532400
2018-11-09,86.1846694946289,86.80485916112929,84.64140837155304,85.25438499487834,6565700
2018-11-12,84.65583038330078,87.52601090005142,84.49717644241316,87.18706939032604,10550800
2018-11-13,83.18467712402344,85.00918630793296,82.96112231551044,84.59092336006019,6846200
2018-11-14,83.4515151977539,84.94429612732293,82.88901883326996,84.28804670079815,6783500
2018-11-15,85.16275024414062,85.25741953575573,82.08247594676189,82.76698381538365,7218100
2018-11-16,86.69926452636719,86.85218546159592,85.39578925289115,85.56327726140488,6706900
2018-11-19,86.9614028930664,87.00509855048,85.85454438946128,86.02931035198634,5328300
2018-11-20,84.54378509521484,87.01965935968678,83.77189700759202,86.83032632765695,7983500
2018-11-21,85.6142578125,86.79394083676506,84.96616189180499,84.96616189180499,5624400
2018-11-23,82.72330474853516,83.90298769482938,81.63829111284086,83.52432156385116,5577800
2018-11-26,83.72822570800781,84.06319619022845,83.0291505951784,83.45150685543047,6953000
2018-11-27,83.89569091796875,84.22338335141282,83.17477645352751,83.4150831269112,6339200
2018-11-28,86.02931213378906,86.13125941034933,83.30585314221804,83.72820931980192,6841700
2018-11-29,86.54633331298828,87.18715112437035,85.73803306869317,85.89095398576117,6656900
2018-11-30,86.61188507080078,86.80849611619142,85.70891541335524,85.96378919668737,6712500
2018-12-03,87.8716812133789,89.15331168488338,87.42747983784119,87.9444999270039,8237600
2018-12-04,85.37394714355469,88.177508830875,85.25015479491525,87.82069330303335,8288100
2018-12-06,84.40543365478516,84.57291608519103,82.30821983905346,83.99035545733001,10715700
2018-12-07,84.09959411621094,87.16530734491333,83.881138027163,85.6288089623881,9114400
2018-12-10,83.69908905029297,84.44184864700115,81.3178782187109,83.96124080341596,7674300
2018-12-11,84.08502960205078,84.92245846949409,82.97816545643747,84.66030672741253,5929400
2018-12-12,84.19427490234375,85.72348995704483,84.15786277134873,85.27928862631917,7891400
2018-12-13,84.42729949951172,84.70401281025643,83.24033290015852,83.85202226563533,7030500
2018-12-14,82.89079284667969,84.33262200462296,82.51212671530317,83.75006684546706,6195400
2018-12-17,81.88585662841797,83.72091855956872,81.45622250794716,82.60677659351047,7132400
2018-12-18,79.9124526977539,82.46114588061099,79.33717556979524,82.01694462428479,9658600
2018-12-19,78.52159881591797,81.55089988250268,77.99001178305097,80.0362521270655,10472400
2018-12-20,76.44623565673828,78.69636502110588,75.8709585160803,77.77883389942387,11612800
2018-12-21,75.8855209350586,77.87350412971762,74.93886676841511,75.45588673638333,19912800
2018-12-24,73.54074096679688,75.84185014280455,73.4824893281438,75.22288273088486,5619500
2018-12-26,78.2011947631836,78.2011947631836,72.98001563618743,74.16697655808386,10779400
2018-12-27,79.60659790039062,79.6138814353272,76.37339729650776,76.80303696641647,10655100
2018-12-28,79.11872100830078,80.36393903488882,78.73277692210635,79.84691907454247,6445400
2018-12-31,79.2206802368164,80.27656536977312,78.54345571088153,79.48283202464353,6309600
2019-01-02,80.60423278808594,81.32514720231434,77.9899992610573,78.16476521329552,6384800
2019-01-03,79.06045532226562,81.04115473822186,78.69635632832396,80.87366675649642,6496200
2019-01-04,80.69891357421875,80.82270591839193,79.71584724604303,80.30568593180634,7952500
2019-01-07,81.74752044677734,82.23541184151199,80.04353399994788,80.87367939137151,5712700
2019-01-08,81.39069366455078,82.86165683784306,81.31787497063864,82.57766004258855,5674900
2019-01-09,82.48300170898438,83.01458880108308,81.88587945036292,82.06065100584551,7097000
2019-01-10,82.61407470703125,82.74515059120131,81.34701153052794,81.92957225033057,6078300
2019-01-11,81.95142364501953,82.32280627151746,81.31788922990086,82.28639414032133,4491700
2019-01-14,81.35429382324219,81.80577309625977,80.88824747681137,81.07757498549779,6121700
2019-01-15,81.64557647705078,82.33736247946449,81.20137517252465,81.5436291831311,4226100
2019-01-16,81.12126922607422,81.79121014284495,80.99019334620947,81.14311428009992,5624100
2019-01-17,81.529052734375,81.76935942342918,80.22557756261745,80.64793376355323,4442700
2019-01-18,83.28401184082031,83.48790640312129,82.33006863046909,83.007293029946,9382000
2019-01-22,81.80577087402344,82.61407119946878,81.52177406299784,82.37377005178517,7242000
2019-01-23,81.11399841308594,82.04609123579482,80.407645258333,81.83491308756993,6082300
2019-01-24,82.65776824951172,82.88350788367543,80.76445429234116,80.85183450907002,8470700
2019-01-25,82.44658660888672,83.58257382349146,82.27909860779762,83.05827032268607,6261800
2019-01-28,81.68196105957031,81.97324134479773,80.88094444197692,81.49263359652544,6886600
2019-01-29,81.43437194824219,82.54123030436158,81.39067629665091,82.30820720014123,5359900
2019-01-30,82.29367065429688,82.75971700413403,81.54362748364366,81.94413311406365,7941700
2019-01-31,83.4879150390625,84.04134716234768,82.5631003213363,82.86894775213459,11225600
2019-02-01,86.19680786132812,86.83762016521696,84.9078941615145,84.94430628743187,10934300
2019-02-04,87.19444274902344,87.20172628594072,84.6967229346382,85.5632804893364,7987900
2019-02-05,87.0051040649414,87.28181731945358,86.42982694797047,87.10705134585169,6887400
2019-02-06,86.56819915771484,87.08521920790379,86.4298452789702,86.6555849409046,4990400
2019-02-07,86.0948715209961,86.2987661183499,84.84236978786723,85.93466703572923,7281900
2019-02-08,85.62151336669922,85.84725294565344,84.41270214429177,85.7380221457465,5671000
2019-02-11,85.16275024414062,85.46131407814273,84.7549611593666,85.14818872927424,4859600
2019-02-12,86.4516830444336,86.56091387528035,85.64338267416282,86.16768621765856,5400700
2019-02-13,87.07064819335938,87.66777042409392,86.43711383467208,86.77208985584745,5935900
2019-02-14,86.9088363647461,87.91649274397766,86.54107725137779,87.06329451897373,5406500
2019-02-15,87.78409576416016,88.15921161618498,87.22510036272922,87.98268881999151,6209800
2019-02-19,87.75468444824219,88.15922174805124,87.12949503072207,87.45312487056931,4277800
2019-02-20,88.4681396484375,88.79176949402311,87.52667712843491,87.75468600424699,5940600
2019-02-21,87.62964630126953,88.49755808494986,87.07800759837674,88.31367851731893,5139400
2019-02-22,87.81352233886719,88.60052663222825,87.41634181536364,88.46813312439373,4517600
2019-02-25,87.98268127441406,88.5710924151151,87.79880174077785,87.82822313954661,5196600
2019-02-26,88.2180404663086,88.97562319219398,88.02680419393558,88.12241952434327,5445600
2019-02-27,88.32103729248047,89.21101374679411,88.1812870221839,88.47549545943812,5289800
2019-02-28,87.95326232910156,88.37986420581156,87.1515446220736,88.26217860745369,6406500
2019-03-01,89.75528717041016,89.7626439238205,88.38722283713766,88.54903774281314,7743600
2019-03-04,89.82147979736328,90.35104815931426,88.6667165096228,90.22601141877965,7499500
2019-03-05,90.68205261230469,90.72618191496188,89.43166812527694,89.63761796464902,7345200
2019-03-06,90.85855865478516,91.71911356702988,89.95387444803299,90.59377166462396,7599900
2019-03-07,89.68909454345703,90.83650118376367,89.51256612836467,90.77765837873288,7201100
2019-03-08,89.45370483398438,89.68171362759938,87.67374693649694,88.33571428584703,7014100
2019-03-11,90.92476654052734,91.35136285349553,90.28486365373683,90.3731278623986,6088600
2019-03-12,91.13069915771484,91.91034659460323,90.7482265803883,91.08656425321833,6184300
2019-03-13,91.69705963134766,91.88829594914958,91.13071304329752,91.64557357788856,4707000
2019-03-14,91.64556884765625,92.27811496411042,91.5573102528869,91.7632544560936,5146400
2019-03-15,92.16777801513672,92.24868546094265,91.46168126119626,91.63820404679184,10449700
2019-03-18,92.5870132446289,92.77089276334671,92.06479608485725,92.094217481239,5586900
2019-03-19,92.14570617675781,93.35195540537435,91.74852573149758,93.08716844186753,5096800
2019-03-20,91.7117691040039,92.92536968379778,91.70441235053086,91.96919935997356,6708500
2019-03-21,92.57231140136719,92.64586209134897,91.57936305771821,91.84415003089899,5050400
2019-03-22,90.53492736816406,91.86621904990795,90.24807573548934,91.82944089738731,5786800
2019-03-25,90.38782501220703,90.72616268784861,89.96122313839706,90.4172464115965,3837500
2019-03-26,91.29987335205078,91.87358226933952,90.74823469476279,91.03508634762785,4079800
2019-03-27,90.31425476074219,91.55728196085144,89.74790276537297,91.18952296546357,3727800
2019-03-28,90.48344421386719,90.58642192190501,89.99800513211534,90.17452792442889,4057700
2019-03-29,90.60112762451172,91.54994672902441,90.09361829588538,91.41019648222974,5318600
2019-04-01,91.89566040039062,92.13837718042336,90.79973406679915,91.10865602498892,5506300
2019-04-02,91.88829803466797,92.26341392498884,91.28517327550455,92.08688549921484,4362700
2019-04-03,91.12334442138672,92.19720026192866,90.86591418761951,92.10158492126033,3595400
2019-04-04,91.79267883300781,91.81474348241522,90.87328103064019,91.21161874852442,3715400
2019-04-05,92.98421478271484,93.14602969376223,92.0868816298585,92.12365978657249,5551400
2019-04-08,93.1754379272461,93.66087698021661,92.844457009837,93.24163186610468,5483100
2019-04-09,92.33695983886719,92.88859851478013,92.02804352713005,92.88859851478013,4143400
2019-04-10,92.30018615722656,93.09454723582591,92.0353991310268,92.7782741551739,3970000
2019-04-11,92.66793823242188,92.86653129272143,91.75589721808376,92.1898502708977,3248300
2019-04-12,88.08564758300781,89.7332065250179,87.52665226620599,89.42429027555808,42693700
2019-04-15,88.36515808105469,89.01241209141115,87.76939012139069,88.2768938749139,13369100
2019-04-16,89.12274169921875,89.23307055493727,88.30631602308392,88.57845978564843,11942900
2019-04-17,88.46075439453125,90.13038352919108,88.29894513542837,89.88030447138217,11898100
2019-04-18,88.1592025756836,88.86529929960757,87.6002072315762,88.64464161832473,9546500
2019-04-22,89.65966796875,89.74057541811035,88.59316323243566,88.83588558051669,7946200
2019-04-23,89.74790954589844,89.93914580918413,89.25511380162123,89.53461425062895,9079200
2019-04-24,86.99710083007812,89.31398452292574,86.8573505618707,89.2551417140427,22115000
2019-04-25,86.71760559082031,87.30601684283995,86.34984645397337,86.8279344541862,10636400
2019-04-26,86.12918090820312,87.15890752020503,85.0626817527903,87.08535682182459,11626700
2019-04-29,86.58521270751953,86.87206438742399,85.83498092041624,86.06299540278171,9404000
2019-04-30,88.30632019042969,89.67438459815999,88.00476062289718,89.07125985153601,21431500
2019-05-01,86.65141296386719,88.36517202551958,86.61464041417463,88.11509848599582,10097000
2019-05-02,85.59960174560547,87.14419437635497,85.52605105165507,86.26156921427551,9495600
2019-05-03,86.25422668457031,87.19569480167969,86.13654667715613,86.56314862859581,7364900
2019-05-06,87.08536529541016,88.14450780057412,86.40133307195302,86.42339772245823,11035000
2019-05-07,86.98973846435547,86.98973846435547,85.6878736682668,86.27629049602002,9165200
2019-05-08,86.42337799072266,87.14418820815627,86.3498273019783,87.06328076707011,6229000
2019-05-09,89.137451171875,89.96858470576198,88.15921063316836,89.08596512307773,16496300
2019-05-10,89.72584533691406,89.93178949303883,88.13712926712488,89.12272076045265,8787900
2019-05-13,88.58580780029297,89.92445060911163,88.26953477126426,89.66702037886922,7701200
2019-05-14,89.46842956542969,89.91709609712939,88.63729605520412,88.75497604415119,6858500
2019-05-15,89.83619689941406,90.09362715971174,88.90209120874563,89.14480796184985,6945000
2019-05-16,89.72480773925781,90.2818739984003,89.52426071257474,89.86592733816961,8543300
2019-05-17,89.51681518554688,89.95504350922185,89.04145251812417,89.17514862250994,6870900
2019-05-20,89.75448608398438,90.02930739626142,89.53166304709454,89.65793000134238,4569700
2019-05-21,90.12586975097656,90.57152718930924,89.79906147410759,89.89561756346914,4859400
2019-05-22,89.55392456054688,90.20012312181485,89.38308850408475,89.79903494586591,5763300
2019-05-23,87.54852294921875,88.2912778563977,86.79833890627236,88.2467087085632,11000200
2019-05-24,88.17242431640625,88.3358312840717,87.18455904226111,87.86789778584118,4890800
2019-05-28,87.87531280517578,88.62549669061785,87.77132759334448,88.29868278670862,8145100
2019-05-29,86.73148345947266,87.16971177839633,86.02586860144645,86.93203044726194,7451300
2019-05-30,85.69904327392578,86.70919021389402,85.30538415273227,86.560641526686,5807900
2019-05-31,84.5625991821289,85.56531662959148,84.46604313660502,84.8374203887591,6899800
2019-06-03,86.1521224975586,86.23382597399926,85.02313776265812,85.19396818302016,6100800
2019-06-04,87.12512969970703,87.40737444930832,86.37494585634232,86.60519800294419,5235600
2019-06-05,87.38510131835938,87.66734609574956,86.36009609149693,87.54850827723712,5105700
2019-06-06,89.63565063476562,89.99217543669478,87.72677100107177,87.80104534866591,7370100
2019-06-07,90.22982788085938,90.70519035349744,89.52420763754796,89.68018541762287,5343100
2019-06-10,90.83147430419922,91.1805699251137,90.40067521171886,90.76462343347771,5708800
2019-06-11,89.99959564208984,91.73021564546617,89.98474303981723,91.63365956377105,5625100
2019-06-12,89.27169036865234,89.5613642520823,88.803751274828,89.41280991008699,4000100
2019-06-13,89.80648803710938,90.53438458756854,89.47224496793278,90.05159282104873,3993300
2019-06-14,89.73223114013672,89.99219992761964,89.40542278842933,89.87335640571075,3366800
2019-06-17,90.16300964355469,90.49724705510368,89.4128256678826,89.66536526039695,4219100
2019-06-18,91.30682373046875,92.00501487185507,90.51207653056285,90.5789217248992,4884300
2019-06-19,91.27713775634766,91.71536603908956,90.77949339580522,90.99489296979436,3847100
2019-06-20,92.30957794189453,92.6215336394526,91.80450438389903,92.33185968218152,7771700
2019-06-21,92.79235076904297,93.73564680435118,92.27242471285247,92.69579469197016,14287900
2019-06-24,92.77750396728516,93.12659396011061,92.41355003843094,92.5026826536794,5542600
2019-06-25,91.83419799804688,92.92604840103809,91.72278365078405,92.7255014426112,4713300
2019-06-26,92.04959106445312,92.75520576939006,92.01245106239594,92.52495362358786,5054800
2019-06-27,91.4405517578125,92.2501518395002,91.2771447810539,92.04218138426923,3551700
2019-06-28,92.42838287353516,92.45809373710891,91.44794704267274,91.66334655350654,7048300
2019-07-01,92.72551727294922,93.46827215914755,92.36899810096526,93.11175298716358,5526900
2019-07-02,91.30682373046875,92.63635515213711,90.90573556414691,92.51008822943429,5747700
2019-07-03,91.61880493164062,91.63366320127233,90.86119751673957,91.30684927060898,2725800
2019-07-05,91.75992584228516,91.9084745309964,91.09144540954613,91.46282279809346,3458900
2019-07-08,91.80448150634766,92.16842972946999,91.67078543117249,91.84905064258521,3505200
2019-07-09,91.61880493164062,92.20558191316367,91.41083449095287,92.0273223449698,3955600
2019-07-10,93.17117309570312,93.30486919953289,92.18330775444821,92.18330775444821,4743500
2019-07-11,93.16373443603516,93.34942313532831,92.5472465943572,93.34942313532831,3548000
2019-07-12,93.57223510742188,93.77277637341663,92.94088910931485,93.12657777540083,3974400
2019-07-15,93.3791275024414,93.88420095600618,93.04488446693543,93.63166139583929,3739200
2019-07-16,92.66607666015625,93.42368395016162,92.29469931536039,93.21571354375891,4697600
2019-07-17,92.20556640625,93.05230629623003,92.14614467125561,92.59180201694494,3874200
2019-07-18,92.60665893554688,92.88148022263437,91.62622292949612,92.19071810472802,5770700
2019-07-19,92.8740463256836,93.1488675986769,92.54723245150437,92.60665418622214,4880900
2019-07-22,93.0746078491211,93.4014217944122,92.45069649913236,93.11917699324155,3275800
2019-07-23,93.4533920288086,93.75049502913248,92.68092649467384,93.02259296167738,4295300
2019-07-24,93.98818969726562,94.28529273995171,93.33456753677163,93.49054535915874,4796900
2019-07-25,93.31228637695312,94.32986252453834,93.08946333010653,94.32986252453834,4586800
2019-07-26,91.89362335205078,93.03003727192292,91.58166770086419,93.02260813734154,6971700
2019-07-29,92.27243041992188,92.57695693830591,91.64108431251007,91.71536432521924,4377500
2019-07-30,92.35411834716797,92.65865049972106,91.64107450229258,92.17585880264132,3871700
2019-07-31,91.4405517578125,92.6141058029243,90.9726182335428,91.88620354284599,7199500
2019-08-01,89.6801986694336,91.91589184773841,89.36081392967576,90.6160711549421,7928400
2019-08-02,89.67277526855469,91.01715942986837,87.51878555698504,90.45266428474419,9026200
2019-08-05,88.19469451904297,89.53908442559877,87.23654024313714,88.52893754557878,8620300
2019-08-06,88.67005920410156,88.78147354893652,87.38509667174282,88.17984402030433,6788000
2019-08-07,88.46209716796875,88.98202893755963,86.86517318534663,87.31083060693011,6853700
2019-08-08,91.52967834472656,91.60395269287176,88.69977864620735,88.75177125658595,8868100
2019-08-09,90.92803192138672,92.01988227198147,90.5343728244825,91.44053449413988,5051700
2019-08-12,90.2818374633789,91.46281473479604,89.8064749012875,91.36625866232298,3936500
2019-08-13,90.9057388305664,91.13599095280001,89.35338437189652,89.88073947987009,5806400
2019-08-14,87.45195007324219,89.56880015638924,87.40738659783999,89.14543013975982,7175600
2019-08-15,86.86517333984375,87.52622467179361,85.75847025228731,87.08057291618701,6272600
2019-08-16,86.9026870727539,87.53301781662532,86.56501377337405,87.34542026696475,6239100
2019-08-19,88.02827453613281,88.41097514986086,87.76563910515199,87.89320406805368,6443700
2019-08-20,87.142822265625,87.9382398655749,86.79014363855147,87.89321255518526,5150900
2019-08-21,88.45600128173828,88.7111369456908,88.0432900761134,88.38846890673584,4578400
2019-08-22,88.34345245361328,89.10134253387221,88.13333836079414,89.04131566094753,4362100
2019-08-23,86.42993927001953,88.59106088011865,85.8071140602436,87.40544877268115,7653400
2019-08-26,86.85018157958984,87.21037148349465,86.43747030274656,86.9852520779261,3966400
2019-08-27,86.9177017211914,87.81816770724728,86.32489275244576,87.24786952939957,4237100
2019-08-28,87.66809844970703,87.94573919139263,86.95522424329928,87.35293590372812,4153500
2019-08-29,88.18585205078125,88.4259766810582,87.48048916966805,87.93822764066827,4467300
2019-08-30,88.3359375,89.28143077898194,87.96824789568264,88.53104055995377,4881100
2019-09-03,87.24786376953125,87.29289107337765,85.95719746806363,86.87266867927347,5672500
2019-09-04,87.98323822021484,88.95124212516271,87.92320563889513,88.15583046025354,4595600
2019-09-05,88.27590942382812,89.3489677209268,87.99076318702035,88.55355588007859,5394300
2019-09-06,88.74114990234375,88.87622037228735,88.08830834344585,88.17085172646821,4578200
2019-09-09,89.5890884399414,89.76918049080467,88.98127419013848,89.10133364903963,5048000
2019-09-10,91.43505096435547,92.51561475809848,89.9792977700331,90.21942242141786,8728800
2019-09-11,91.00733184814453,92.28299875363233,90.32447967331493,91.70519503452226,5509500
2019-09-12,91.11235809326172,91.68265613174073,89.71663214844466,90.07682188985817,5818300
2019-09-13,91.17241668701172,91.78773647186551,90.97731361619759,91.73520938261056,4885400
2019-09-16,93.13842010498047,94.00136412914078,92.2754703557981,93.69370716901055,10683900
2019-09-17,92.9658432006836,93.51363057618609,91.96782284156183,93.13843546899952,7246500
2019-09-18,93.1834487915039,93.2059595799364,92.31299347196385,92.71070505935387,4801500
2019-09-19,92.7932357788086,93.77624490645186,92.61313804586467,93.62616346233193,4034500
2019-09-20,93.28848266601562,93.663677658354,92.80072803097147,93.04835809991991,10420700
2019-09-23,93.72373962402344,93.79877750101964,92.71071397201703,92.71071397201703,4705500
2019-09-24,92.85328674316406,93.58867169775894,92.46308633717017,93.55114989573003,6232100
2019-09-25,92.68069458007812,93.16094384683807,92.23046160811853,92.65818379023356,3762500
2019-09-26,90.1668930053711,92.67319363169074,90.08434962186733,92.49310157905668,7834400
2019-09-27,88.99627685546875,90.23442183437535,88.88371718010944,89.67913468763177,6850700
2019-09-30,88.99627685546875,89.61159659240703,88.853706610035,88.95125527533419,6108300
2019-10-01,87.05278015136719,89.64162439175894,86.95522574852534,89.49904840300464,7116600
2019-10-02,84.26131439208984,86.37741448055573,83.75855434315108,86.33989268137168,9702400
2019-10-03,84.90664672851562,84.93666302155756,82.85807909732732,84.08871848693452,5315300
2019-10-04,85.43190002441406,85.54445966898278,84.45639646320163,85.24430252513999,4757300
2019-10-07,84.98918914794922,86.10726885733888,84.96667835967638,85.51445995772357,4694000
2019-10-08,83.8260726928711,84.60647904020017,83.75103483207484,84.12622986107795,5323900
2019-10-09,84.89913940429688,85.92717595011446,84.26881443899376,84.48642254009432,4601700
2019-10-10,85.9872055053711,86.1372869720687,85.01920723902876,85.1917937694528,3555500
2019-10-11,87.1578140258789,87.81815527382626,86.56500514106399,86.81263525592762,5134200
2019-10-14,87.1803207397461,87.33790197138053,86.63253345595034,86.73008783150169,2571300
2019-10-15,87.27787017822266,88.26088509637223,86.89517535152206,86.93269142128493,3742700
2019-10-16,86.3774185180664,87.54052564686548,86.35490772751287,87.21785762387769,3608900
2019-10-17,86.55751037597656,87.09028674298244,86.2348423537028,86.75261343538054,3722400
2019-10-18,86.09976959228516,86.73010033471489,86.09976959228516,86.39992681606013,5679900
2019-10-21,87.50298309326172,87.60803724094505,86.70757148222452,86.70757148222452,3926300
2019-10-22,88.39598083496094,88.96627334871773,87.41296563554509,87.51801982097523,4095000
2019-10-23,88.53106689453125,88.56107747419911,87.63059492882796,88.0958390640259,4148500
2019-10-24,88.23088073730469,89.15385747360229,88.02827217810179,88.89872755463315,3873900
2019-10-25,89.0488052368164,89.18387570420906,88.31342603380757,88.37345289985309,3369100
2019-10-28,88.90624237060547,89.67914343845673,88.27591156209985,89.35647539095321,5076300
2019-10-29,88.64358520507812,89.34895376890721,88.31341743638951,88.52352575965202,4548400
2019-10-30,87.31541442871094,88.68112452479328,86.68508360935255,88.68112452479328,4690900
2019-10-31,87.15030670166016,87.31539344145504,86.53498704198425,86.94019838738383,7177700
2019-11-01,87.20284271240234,87.51050543626523,85.5594863752346,86.66256086319527,7684700
2019-11-04,91.22496795654297,91.45008738446246,87.81068907490494,87.96827610946352,10348800
2019-11-05,91.5025863647461,91.88528125955492,90.58710936927756,90.96980998910949,6971200
2019-11-06,89.97179412841797,91.65266672293308,89.89675624674757,91.50259095959228,6104700
2019-11-07,91.46504974365234,91.54759311347775,90.28693750389783,90.89475165895563,5440700
2019-11-08,90.74469757080078,90.94730042913504,90.16689956923572,90.77471386926207,4249800
2019-11-11,90.65463256835938,91.08986023118369,90.05432388086405,90.19689411694458,3870800
2019-11-12,90.76720428466797,91.58513263716884,90.40702016936486,91.01483444207841,4503600
2019-11-13,91.75770568847656,91.85526007099422,90.3244634936322,90.39199585843139,5076400
2019-11-14,91.5176010131836,92.25298603191675,91.09738427392105,91.43505762153936,4882800
2019-11-15,91.41905212402344,91.98739006699346,91.01742756935383,91.85856818746406,5589600
2019-11-18,89.83533477783203,90.9341197455161,89.52464042694574,90.7977183346404,4885300
2019-11-19,88.24395751953125,90.02475480767066,87.9635810982417,89.7974172615236,8723000
2019-11-20,88.91838073730469,89.47914511639485,87.99388902062974,88.21364709652717,5903100
2019-11-21,90.00202178955078,90.13842316907798,88.81230089423234,89.1229951737132,5810900
2019-11-22,89.89593505859375,90.70676389873235,89.87320245825703,90.22178248676727,4786800
2019-11-25,89.70648956298828,90.3430312834854,89.40338051473057,89.74438108473775,7390000
2019-11-26,89.25939178466797,89.84288301059667,88.81229614954542,89.6761695799216,10053100
2019-11-27,89.47156524658203,89.88076933967679,89.13056472638657,89.41094113321236,4106100
2019-11-29,88.75926971435547,89.28214271219082,88.56982364632066,88.8729385114634,3271000
2019-12-02,88.50920104980469,89.47158448539356,88.44857692339919,89.40338667926356,5195200
2019-12-03,87.81961059570312,88.4334139484843,87.67562974744695,88.05452184796562,6135800
2019-12-04,88.61527252197266,88.8880752543855,88.2288010208155,88.38793498448403,5706700
2019-12-05,88.15303039550781,89.22150302658342,88.04694107842042,89.13057262989946,5517500
2019-12-06,89.42610168457031,90.3960643904551,88.64558500034845,88.72893593096107,6735300
2019-12-09,88.88807678222656,89.33516662382284,88.23638199708695,88.29700033088326,4736100
2019-12-10,89.33517456054688,89.48672908065285,88.69863863838053,89.44126388090793,4886800
2019-12-11,88.07725524902344,89.16088682647735,88.00147220805805,88.72894430613816,7039600
2019-12-12,90.0323257446289,90.09294985927995,88.35004414238205,88.35004414238205,6462000
2019-12-13,89.38823699951172,90.58553760336167,89.34277179072404,90.21422490824611,4863400
2019-12-16,90.44911193847656,90.53246865318931,89.88077385530825,90.07021988303102,5619300
2019-12-17,89.87318420410156,90.8507262900734,89.66858506119272,90.62338877001174,6755500
2019-12-18,89.83533477783203,90.6613169237647,89.81259639148972,89.93384465957284,7496700
2019-12-19,89.51702117919922,89.97926987830841,89.31242204453709,89.8504479868014,6220300
2019-12-20,90.69161987304688,90.88864539815606,89.48673990120562,90.47944120666855,12171100
2019-12-23,91.18416595458984,91.23721061255124,90.28998044793056,90.41122290265626,5875000
2019-12-24,91.19172668457031,91.525153505231,91.00228067854643,91.25993025308422,1640100
2019-12-26,91.3887710571289,92.01015385418829,91.19174555129999,91.44181571853272,3648600
2019-12-27,91.16144561767578,91.91165039016288,91.11597463228254,91.60853554042585,4138300
2019-12-30,90.82044219970703,91.94953912575653,90.79013013560325,91.26753791844406,4580200
2019-12-31,91.32056427001953,91.41149466265882,90.36575467726952,90.55520070384661,4215700
2020-01-02,92.0177230834961,92.16927759024603,91.51758280464044,91.54789486227719,5205000
2020-01-03,91.69945526123047,92.99526537423928,91.4948503172937,92.28294647249975,6360900
2020-01-06,91.3887710571289,92.19959989940682,91.18417187212408,91.87375247037357,9953000
2020-01-07,90.22177124023438,90.72949097068118,89.24422907756868,90.19145918308577,7856900
2020-01-08,89.19119262695312,90.24451213866048,89.15330688810786,89.83531378309968,7295900
2020-01-09,89.04723358154297,89.35792213425304,88.03937908779096,89.10785193088265,7345300
2020-01-10,88.23638153076172,89.18361164585,88.20606947330684,89.0547839563083,6393800
2020-01-13,88.40310668945312,88.59255273761522,87.96359047017273,88.25912584279085,6846700
2020-01-14,88.13031005859375,88.56982052706509,87.68321434743112,88.28186459511008,7189100
2020-01-15,88.00148010253906,88.21366454226887,87.6377469115862,88.13030781487657,5808800
2020-01-16,88.577392578125,88.87292794661246,88.2439656879609,88.32732241050192,7022000
2020-01-17,87.58468627929688,88.88049637601537,87.53921530264154,88.66831775640306,7885900
2020-01-21,85.86450958251953,87.25883525267173,85.75842027713587,87.22094373727748,8470300
2020-01-22,85.5538330078125,86.03123494834256,85.22040612662268,85.70538752757096,5589900
2020-01-23,85.70540618896484,86.00094161384742,84.76575524270834,85.17495947287703,8007800
2020-01-24,84.75816345214844,85.61446331684006,84.37169188296403,85.47048246565798,6920000
2020-01-27,83.65180206298828,83.98522897973123,83.34111352992458,83.54571273155824,7609800
2020-01-28,84.20496368408203,84.58385569993321,83.93973464783953,84.09887438215837,5771900
2020-01-29,83.63664245605469,84.750580349952,83.49266161105861,84.45504498075391,4772800
2020-01-30,84.41715240478516,84.55355377809575,82.64393455174748,83.21227264363593,8382700
2020-01-31,81.1889877319336,83.35625071298594,80.6282291186659,83.21226988442285,13699600
2020-02-03,80.53726959228516,81.27232087864094,79.87042186126318,81.04498340277118,8785500
2020-02-04,80.96923828125,82.09833508792266,80.77979223670734,81.59820053667593,9909000
2020-02-05,83.56843566894531,83.84881788754649,81.92404544052178,82.04528789894776,6914100
2020-02-06,82.96977233886719,83.8639577310529,82.68181648700286,83.8336456758935,6274000
2020-02-07,82.5530014038086,82.93189345243054,82.19684195307454,82.54542194403467,4830100
2020-02-10,83.19709777832031,83.20467723636767,82.08315448409276,82.24986787253941,6011800
2020-02-11,84.2731704711914,84.39441870429961,83.4017175853865,83.94732307150554,6072700
2020-02-12,84.9021224975586,85.32647969971451,84.57627513692222,85.25828191283944,5725700
2020-02-13,84.61416625976562,85.12188016449045,84.2883189006343,84.39440820068326,5991900
2020-02-14,84.391845703125,85.0741557496161,84.0085251894106,84.97448867268596,5148700
2020-02-18,84.51451873779297,84.53751703645159,83.43355775778322,83.5638853495206,4975800
2020-02-19,84.89783477783203,85.17382604500854,84.24619100494597,84.72917279800112,5887500
2020-02-20,84.18484497070312,85.15081425273245,84.10051399415258,84.92848766446343,4466600
2020-02-21,83.571533203125,83.70952881073697,82.52890102316937,83.5561971083868,6443900
2020-02-24,80.27497863769531,81.99992089262842,80.05265204517869,81.04161963988781,9539800
2020-02-25,77.20841979980469,80.43597793331354,76.66410535367444,80.34398475025365,12871900
2020-02-26,75.16148376464844,77.89839187966899,75.13081742300315,77.3234111340848,11990400
2020-02-27,72.1639175415039,75.28414627773257,72.12558899967719,73.55920397234557,15783700
2020-02-28,71.55826568603516,71.63493446261931,69.08201861613708,69.48066934894504,20835100
2020-03-02,74.04986572265625,74.1188664675021,70.69197959802482,72.07959820506296,15050800
2020-03-03,72.36325073242188,75.49881577633599,71.58127940806844,74.20319048555653,16525500
2020-03-04,75.53715515136719,75.91280769493724,73.34456089059749,73.88121323041993,14753000
2020-03-05,74.50984954833984,74.66317542702409,72.78490709260902,73.37521815945145,12814400
2020-03-06,73.07622528076172,73.6435380249207,71.61960610342807,72.00292663172603,16861900
2020-03-09,61.844947814941406,67.47209759332038,61.331299584681744,63.040912134168494,30595500
2020-03-10,65.149169921875,66.16113604352508,62.128601806931115,66.11513359549006,22642900
2020-03-11,63.654212951660156,65.04183154410364,62.672913227788015,63.040903548743934,18412800
2020-03-12,58.464046478271484,59.89766145837716,55.85746581125179,59.2076892118484,25768200
2020-03-13,63.953189849853516,64.01452253268833,56.81576411938797,61.315948827028905,23497500
2020-03-16,53.43488311767578,60.173659187841906,53.42722091784823,55.63514521273584,17535300
2020-03-17,54.19385528564453,55.94946391393607,50.207318493561104,53.971528689152755,22684200
2020-03-18,42.20359420776367,50.77464531867087,41.835606811193166,50.759309220413584,24947300
2020-03-19,43.99753952026367,44.84084662410371,39.55868611701331,42.36459288898165,29871000
2020-03-20,45.53081130981445,46.496780666680145,43.20788987342898,45.63814058846541,26960400
2020-03-23,41.56727600097656,45.538476619248925,40.608974749936,44.664503421717136,23764000
2020-03-24,51.01996994018555,51.863274019980416,46.243793089362526,47.13309669013858,29198800
2020-03-25,53.105224609375,56.07212767066897,51.08896069089276,52.353919632483546,22560100
2020-03-26,58.5560417175293,59.10802421336891,52.04726079360256,53.89486854500976,24129100
2020-03-27,52.729576110839844,56.378789536032215,52.51491752977106,55.29016053260756,20411500
2020-03-30,55.15982437133789,55.911135216989,51.38028354411925,52.13926243843209,18486800
2020-03-31,55.55080795288086,57.52874320054652,54.28584909221065,56.17178531126156,18514200
2020-04-01,52.56090545654297,55.420478980139166,51.83259884104334,53.289217921049286,14362000
2020-04-02,58.356712341308594,60.334641585081336,53.34287973005765,55.006489219772156,23220600
2020-04-03,57.582401275634766,60.55696600708389,55.98778672209235,59.797993116784895,14905400
2020-04-06,61.63026428222656,62.05958133404357,57.88905862594917,59.03135198110864,17334900
2020-04-07,62.03657531738281,65.69345539658089,61.98291069258771,64.59715876233352,16394800
2020-04-08,65.91580963134766,66.16113456903761,62.496584904344964,63.086901874072865,12284800
2020-04-09,64.635498046875,68.92869214066818,62.49656904736911,68.03171776416117,17023800
2020-04-13,65.09548950195312,66.97375759458878,63.93785996517829,66.83576198193346,13854700
2020-04-14,64.8655014038086,66.75910578264282,64.65084284003919,65.51714514353918,14797600
2020-04-15,63.2402229309082,63.92253304446513,60.80997203884555,61.68394242809842,13982300
2020-04-16,61.3236198425293,63.010233768942776,60.41898311217324,62.33558585877442,12291900
2020-04-17,66.82810974121094,67.08110273242085,62.34326004261639,62.35092809207948,16130100
2020-04-20,64.06820678710938,66.6977864165737,62.93357520324077,63.370566315500824,15749000
2020-04-21,62.58858108520508,64.23686067660411,60.756309261210326,61.54594868548326,19620600
2020-04-22,64.73516082763672,65.35613809800032,63.60819774512056,65.12614348356624,10320700
2020-04-23,66.54444122314453,68.06238712960648,65.46347460426426,66.1611207226633,14226500
2020-04-24,66.70543670654297,68.07005678463707,65.75479763161783,67.83239994040919,9175500
2020-04-27,68.7753677368164,69.47301389824919,65.83146891905164,66.50611093587098,12037100
2020-04-28,68.92869567871094,69.73366522586066,68.10072198820833,68.6527044485434,10645200
2020-04-29,72.53958129882812,72.93823208798376,70.75330617365312,70.89896985094425,12342800
2020-04-30,70.53099060058594,73.3982270590179,69.44236149725191,71.84961440417734,12222000
2020-05-01,68.56837463378906,70.5693081619634,66.72843501777733,70.15532130968525,13250100
2020-05-04,70.10165405273438,70.2396496650038,67.22675033796025,68.04705596394888,11192400
2020-05-05,71.21328735351562,73.06089510936135,71.0522934333435,72.4475799238424,13608700
2020-05-06,69.03601837158203,71.65026091220933,68.82135399712921,71.182609475055,11145900
2020-05-07,71.02163696289062,72.1102660119758,70.46199218863198,71.28229800012686,9749600
2020-05-08,73.19123077392578,73.26022566919276,72.11793200515788,72.8309085012887,8585900
2020-05-11,71.58126831054688,72.52423341286956,71.43560465693348,72.225243907352,7101000
2020-05-12,69.84098815917969,72.08724633752978,69.76432523531574,71.3972683247419,8749100
2020-05-13,68.00105285644531,68.99768847400578,66.94309040548623,68.92102554550263,12215100
2020-05-14,69.03601837158203,69.71066028712963,65.94645049774083,66.92008775831047,10678200
2020-05-15,68.35372161865234,70.57697607529526,68.10072865805265,69.49601519210776,10113000
2020-05-18,71.9942626953125,72.65547297536258,71.14635313969882,71.87757713180383,12304300
2020-05-19,69.71504974365234,72.05651270215678,69.64503600939535,71.97872428010825,7749300
2020-05-20,72.3443374633789,72.70994958078478,70.15067069381988,70.78854525986537,9160000
2020-05-21,71.59754180908203,72.63214481601256,71.00633924299673,72.16540251207026,8830900
2020-05-22,70.22843170166016,71.25525391773924,69.59833800436984,71.1385683610515,8563100
2020-05-26,72.57769012451172,73.38669664094931,71.58975900416284,71.94759040736115,9430000
2020-05-27,73.04443359375,73.65897212916562,71.65199907956148,73.65119150761281,7822600
2020-05-28,70.68740844726562,73.04443227067397,70.62517534572096,72.81884172873097,9633300
2020-05-29,71.33306121826172,71.48086335823454,69.4349990035409,70.15844252491364,17010000
2020-06-01,72.18096160888672,73.00552936756173,70.09620034979585,70.74185537416862,7344000
2020-06-02,73.65895080566406,74.07123460548176,72.56989556367712,72.95106282116679,7880300
2020-06-03,75.595947265625,76.02379251738512,74.48355554592526,74.65469364662931,8440200
2020-06-04,74.89582061767578,75.3703376188059,74.02458095779758,75.2847685900857,6371700
2020-06-05,78.419677734375,79.38427284912304,77.05058532902974,77.0739212546508,12760100
2020-06-08,80.30997467041016,80.58223706069457,78.46636510271644,79.83545767525376,11090700
2020-06-09,78.97977447509766,80.06882998684908,77.65735374039062,78.33411941532448,10745400
2020-06-10,75.90711212158203,78.95646378117415,75.89155087415315,78.56751568372994,10486300
2020-06-11,69.52057647705078,73.27003543537226,69.32610245237669,71.79981228362621,14944800
2020-06-12,71.86980438232422,72.84995491431286,70.01841420845673,72.82661898603038,9532400
2020-06-15,70.96745300292969,71.62866340022346,68.61820381529135,69.30275014244985,12289500
2020-06-16,73.14554595947266,74.35128690312389,71.16968978468013,73.89232526465125,8726700
2020-06-17,71.2085952758789,73.1222185819011,71.17747872599948,72.9899776960698,6019900
2020-06-18,71.51976776123047,72.52325442036003,70.088435882554,70.78854354414162,7064100
2020-06-19,70.50071716308594,73.44116922939949,70.43848998933727,73.44116922939949,14838800
2020-06-22,71.24748229980469,71.32527663734146,69.69169050706434,70.25955712275943,5939200
2020-06-23,71.13079833984375,72.41432174294087,70.92854375731584,71.95536604071813,6317700
2020-06-24,68.1748275756836,70.11178759631954,67.56806944402973,70.00288259499077,8974500
2020-06-25,69.3960952758789,69.62946642907359,67.80141217863181,67.91809182035418,7398000
2020-06-26,67.25688171386719,69.10049721324596,67.03907180201652,69.06160004261191,13766000
2020-06-29,68.19812774658203,68.89823519857181,67.36577942445929,67.60693117367897,7022200
2020-06-30,69.41165924072266,70.00285589822248,67.17909569515365,67.36578906410753,8263600
2020-07-01,68.15924835205078,70.60961595725264,68.10479587048798,69.45055260120117,6379400
2020-07-02,68.69599151611328,70.29068063563366,68.57931186799617,69.52056528368432,5832800
2020-07-06,68.89826202392578,70.20512779817327,68.31483990925952,69.621705683507,6747500
2020-07-07,67.14020538330078,68.51708469906801,67.01574510290632,68.31483006669173,5898000
2020-07-08,67.17131805419922,68.29927080909904,66.81348660829579,67.20243460621805,6736400
2020-07-09,64.36310577392578,67.14797454927196,64.32421453944596,66.87571216841404,8833600
2020-07-10,66.3000717163086,66.4478679050445,64.17641324838087,64.17641324838087,6218100
2020-07-13,66.43232727050781,67.62250733858342,65.97336549128924,66.93018029329923,7074000
2020-07-14,68.72710418701172,68.92157816939425,66.15227055942698,66.42453294778754,7440500
2020-07-15,69.14718627929688,70.1584536187139,68.61821667535013,70.15067299567568,5935200
2020-07-16,68.73487091064453,69.60611631211712,67.94919451890917,68.79710399679409,4795700
2020-07-17,67.82476043701172,69.31831947132565,67.6069504863671,68.77379459471413,5964000
2020-07-20,66.33118438720703,68.0581143286574,65.96557827962862,67.54470609288502,14974800
2020-07-21,71.09191131591797,71.35639902847653,67.17909558635081,67.26466461674842,15115000
2020-07-22,70.81965637207031,70.98301382869646,69.15495931706958,69.97174660020033,10317500
2020-07-23,70.79631805419922,71.08413578170237,70.02619672550686,70.399589424407,6586300
2020-07-24,70.11175537109375,72.14206414606083,69.99507573392587,71.16191958460237,6620500
2020-07-27,70.81965637207031,70.85854761324275,69.07717089984891,69.8239503879438,7599700
2020-07-28,69.31829071044922,70.92075405520683,69.05380306949368,70.37622940452422,6787300
2020-07-29,70.06510925292969,70.07288987655714,68.90604559726896,69.60615335181726,6386900
2020-07-30,67.10907745361328,68.8437879419126,66.66567702290781,68.78933546568122,10112800
2020-07-31,65.29660034179688,65.42106063129647,63.40631258694166,64.75985013520952,19119800
2020-08-03,65.9733657836914,66.23007291888992,65.18769500244925,65.32771653665968,11220100
2020-08-04,67.28022003173828,67.45913871418414,65.56107066943328,65.71665342261994,9077900
2020-08-05,67.83253479003906,68.7893495655096,67.2180021186984,68.5637589934901,7324200
2020-08-06,68.0425796508789,68.3770752448712,66.97685975028095,67.23356691343531,7035600
2020-08-07,67.52137756347656,67.76252343285037,66.69680373858024,67.58360473517337,7185000
2020-08-10,69.80059051513672,69.82392643881127,68.14366871575791,68.40815636544168,8150200
2020-08-11,69.71504974365234,72.35211701476784,69.3649929421197,71.52754312340015,9074300
2020-08-12,70.57071685791016,71.30194090162287,69.58278574333558,70.63294995415693,9057400
2020-08-13,69.87062072753906,71.00634821184478,69.82394886519965,69.90951790273901,7314600
2020-08-14,70.28289794921875,70.46959131559635,69.11605402332732,69.23273960289148,6343000
2020-08-17,70.609619140625,71.2397189526883,69.7928318803587,70.28290423651849,10473800
2020-08-18,69.14976501464844,70.52282189868023,68.90514263642469,70.207176430382,7981500
2020-08-19,68.1712646484375,69.36282334708251,68.02133170702685,68.88935818841892,9120300
2020-08-20,66.92449188232422,68.56584395949491,66.86136758738553,67.40585000130638,7872300
2020-08-21,67.13754272460938,67.14542949723828,65.8986391124751,66.81400443371024,9003600
2020-08-24,68.8104476928711,68.92092270451766,66.98760398026613,67.54787183088418,8738700
2020-08-25,67.96609497070312,69.47329913223774,67.67412789679886,69.44962677710348,6835800
2020-08-26,66.9007797241211,67.73723483377726,66.80609032781868,67.63465264763809,7486500
2020-08-27,67.00337982177734,67.57153436172614,66.26161397678248,67.20065745966443,7438200
2020-08-28,67.5715560913086,67.6504719881897,66.537822862893,67.11387639976161,7307900
2020-08-31,66.23005676269531,67.78460569865786,66.18271205047276,67.72936819425273,9437500
2020-09-01,65.5593032836914,65.99331045635228,65.06215980424733,65.70134341775608,8990600
2020-09-02,65.64612579345703,66.25373842728138,65.25945718785879,65.54353754197953,10821900
2020-09-03,64.92801666259766,66.67195029786492,64.47822387902588,65.53563517225173,16179900
2020-09-04,64.65184020996094,66.00121879114864,63.839057148231234,65.07006791974909,10516600
2020-09-08,62.31606674194336,63.58653532416917,61.58219362314482,63.523405029545664,14942500
2020-09-09,63.15252685546875,63.973202686399084,62.876339321126025,63.105182141134776,9269800
2020-09-10,61.66899871826172,63.83116022113627,61.59008885707176,63.62598976569319,11845900
2020-09-11,61.30601501464844,62.09512575075487,60.81676419090508,61.74002230724469,13732400
2020-09-14,60.99037551879883,61.53486390684077,60.69840235034605,61.14030849995536,8182800
2020-09-15,60.24860763549805,61.929417471922115,59.94085490891513,61.203430969311405,11732000
2020-09-16,61.992523193359375,62.71850947854312,59.940836957124006,60.248589591537524,13019000
2020-09-17,62.17402648925781,62.22137119993116,60.264380233240196,61.17974542206372,10515100
2020-09-18,61.71635055541992,62.45811658119521,61.1560826497265,61.45594256503874,14517800
2020-09-21,60.20913314819336,60.48532061722566,58.93077197954136,60.16178242461976,16199100
2020-09-22,59.60152053833008,61.179741682288764,59.45948039455636,60.090771260314185,9155000
2020-09-23,56.77651596069336,59.9013998235248,56.69760608991094,59.64887860432149,16649200
2020-09-24,56.65814208984375,57.62874473244493,55.63229592698733,56.224128862380816,15203500
2020-09-25,56.68181610107422,57.194739197497654,55.84535476736783,56.03474564694444,11070500
2020-09-28,58.33894348144531,58.99390668598362,57.72343821277009,58.110100698398114,12863800
2020-09-29,56.73704147338867,58.50464716184266,56.11364350736558,58.39417218259146,10553000
2020-09-30,56.81596755981445,57.51827556607168,56.508214883833716,57.0132452249527,10466500
2020-10-01,55.56916427612305,56.72126497305019,55.26141163888258,56.42929791847815,14930700
2020-10-02,56.176795959472656,56.55556574627768,54.306601323256565,54.38551119380451,9854800
2020-10-05,57.368343353271484,57.392021730559904,55.798014804258145,56.437192521002764,12049800
2020-10-06,57.052703857421875,58.646704762060175,57.013245915741514,58.26792899141331,15294500
2020-10-07,58.2205924987793,58.33106752655995,56.468765600489654,56.95012365886428,15410300
2020-10-08,59.35689926147461,59.61730719984385,58.38629059138743,58.701936029977176,11590900
2020-10-09,58.39419937133789,60.04343805836696,58.37841980428414,59.8619459452795,12260900
2020-10-12,58.79663848876953,59.14384309428662,57.76289940343529,58.10221723686194,9056900
2020-10-13,57.92070770263672,58.97811280612574,57.43145706076925,58.97811280612574,10440300
2020-10-14,57.56562423706055,58.73351074396849,57.53406510645277,57.826032217852024,7057500
2020-10-15,58.00751876831055,58.17323126293543,56.334602219031645,56.673919999578544,10052100
2020-10-16,57.51826858520508,58.41785414741982,57.02901786768437,58.015406073659804,9305600
2020-10-19,56.247798919677734,57.87336472263988,56.17678186013972,57.69187266797447,8357100
2020-10-20,56.56345748901367,57.04481551698513,56.05842710236117,56.744955606296806,7753200
2020-10-21,55.92427444458008,56.48454228875431,55.813799434204114,56.12943888074312,9800600
2020-10-22,57.92070770263672,57.991724752676326,55.687523704722864,55.93214601543915,9810100
2020-10-23,57.26576232910156,58.678271181637406,56.68182210629774,58.33895334532503,8727200
2020-10-26,55.97950744628906,56.72916010216542,55.42712641841108,56.60290553779414,9710900
2020-10-27,54.8510856628418,55.71121342380269,54.835300077621596,55.569173259004764,14251700
2020-10-28,52.77571487426758,53.72265120856796,52.34170765559483,53.41489855554027,15961900
2020-10-29,54.29081726074219,54.559112002471416,51.41845486354942,52.183887166949305,12292200
2020-10-30,54.84318923950195,55.324547209426015,53.72265358052046,55.15883469820507,17191600
2020-11-02,56.93433380126953,57.66820693627104,54.76427954427367,55.790119762591694,11475500
2020-11-03,56.61078643798828,57.84180293044846,56.06630427867333,57.73132794041729,8608000
2020-11-04,56.634464263916016,58.07064529356663,55.15093852551477,55.85324646735053,10925700
2020-11-05,56.926448822021484,57.581412187109876,56.62658890543946,56.73706392841375,10627700
2020-11-06,56.14521408081055,57.8181245116202,55.89269895802218,57.210512066935365,8366900
2020-11-09,62.65538787841797,66.49835295611929,61.75580220377157,63.12885307237345,24015200
2020-11-10,65.55142974853516,65.61456005342743,62.90001714743195,64.02844576052313,15039700
2020-11-11,65.07006072998047,66.67195431859568,64.5492508535905,66.36420165972065,11640600
2020-11-12,63.657562255859375,64.8964658827771,63.057842425301054,63.90219068032858,8920700
2020-11-13,65.51985931396484,65.77237449273927,63.941637941515495,64.03633339121969,10890300
2020-11-16,70.19927978515625,70.37288508421375,67.50052291917942,68.05289794305669,18980200
2020-11-17,69.69482421875,70.08717617904149,67.9252298242669,69.18236277007718,14329000
2020-11-18,67.48484802246094,70.38346381188107,67.4608273403177,69.95908213662024,10583700
2020-11-19,68.64588928222656,68.83005189309569,66.50795722531716,66.90031534399559,8820200
2020-11-20,68.69393157958984,69.11030427383416,67.9652717283833,68.63788129172958,8294600
2020-11-23,72.88969421386719,73.33009358546904,69.47061529723497,70.02310910730989,13379300
2020-11-24,76.56502532958984,76.7251672556321,74.46713188790807,74.7794129200065,17257400
2020-11-25,73.77850341796875,75.81233744737217,73.77850341796875,75.81233744737217,10556600
2020-11-27,73.1139144897461,74.13883754087679,72.49736131677703,73.1299323487456,4627700
2020-11-30,69.80693817138672,72.7455861912521,69.58273700820686,72.07298270171253,14288400
2020-12-01,70.02312469482422,71.8327578213925,69.71885258518051,71.48844717486433,9913600
2020-12-02,71.96087646484375,73.11391180044278,69.74287346978728,69.87099190097776,10509600
2020-12-03,71.90481567382812,72.95375921261127,71.32028610770627,72.52937766208136,8249800
2020-12-04,74.69132995605469,74.82745119849447,72.80162598316632,73.04184497137283,10791100
2020-12-07,72.67350006103516,73.97066524918807,71.96886108572097,73.52226307145831,9398400
2020-12-08,73.2980728149414,74.03473538979974,72.21709962872197,72.33720300906226,7627300
2020-12-09,72.41728973388672,74.48314756858124,71.56051755538687,73.82655586271242,11129400
2020-12-10,74.74739074707031,75.71626354673884,72.6895356367445,73.30609494227579,11992100
2020-12-11,74.0267333984375,74.69133400737098,72.88970982516867,74.09079261330355,9584500
2020-12-14,71.61656188964844,75.02763246121116,71.45641385944332,74.78741957943753,12198400
2020-12-15,71.56050872802734,72.44931040559266,71.08007076575883,71.60054115220142,11775300
2020-12-16,71.01603698730469,71.54451033695554,70.34342732253874,71.42440081370903,9892900
2020-12-17,70.79181671142578,71.7046390674972,70.10319548014068,71.69663013903413,11748900
2020-12-18,69.81495666503906,71.03205147861014,69.07028492302422,70.44752781010753,27427600
2020-12-21,68.93415069580078,69.53469216659994,66.8843044303606,67.5408961940734,11430500
2020-12-22,67.54888916015625,68.70193046647613,67.5008478087337,68.41367013989615,8585800
2020-12-23,68.6138687133789,69.39057001473144,68.06136858993764,68.06136858993764,7223100
2020-12-24,68.32560729980469,68.8060392609389,67.90922845353757,68.8060392609389,3335600
2020-12-28,67.98127746582031,69.3665226655235,67.75707635435543,68.54978917246972,8051900
2020-12-29,67.74907684326172,68.63787859369658,67.30067455800555,68.26954727237575,7670800
2020-12-30,68.32560729980469,69.3265097642609,67.69303620918551,67.7490865028341,7901800
2020-12-31,67.62094116210938,68.22148240194701,67.22858926260811,67.98126957142479,8350700
2021-01-04,67.82914733886719,68.82204072466018,67.1725556646943,68.18146690857753,9234900
2021-01-05,69.66279602050781,71.44039937916436,68.3175831633371,68.45370440203938,13414800
2021-01-06,71.90481567382812,72.68951956865116,70.31938391908963,71.26423582950461,13916800
2021-01-07,72.24111938476562,72.72155122707548,71.51245963852821,72.37724062009933,9286600
2021-01-08,72.92974853515625,74.0107218252438,72.42528985316521,73.73047039581711,11152100
2021-01-11,73.34611511230469,73.74647600932494,70.91992905380559,71.36032848413686,10635000
2021-01-12,74.73938751220703,75.2038077319386,73.43421286953796,74.19490242441358,10923900
2021-01-13,74.66731262207031,74.88350483391748,73.61836895191837,74.62727408590239,9723300
2021-01-14,76.46092987060547,77.12553049073833,75.09970513139005,75.21981463403215,13950200
2021-01-15,73.73847961425781,75.51608327661229,73.43420748005309,75.44402123523098,10244600
2021-01-19,75.67622375488281,76.09259642891745,74.6993421204281,74.86749297584726,9574800
2021-01-20,76.37285614013672,76.51698633313562,75.50808109116682,76.06858400337171,8735400
2021-01-21,73.67440795898438,75.79632176157797,73.04183706030798,75.15574193508942,10393100
2021-01-22,73.4502182006836,73.69043109096388,71.92884545948344,72.38525667094119,7810600
2021-01-25,72.7856216430664,72.8897132904051,71.52848850941434,72.56142048939954,7689400
2021-01-26,71.55249786376953,74.39506259119023,71.48042972777004,73.82654475848825,7827800
2021-01-27,70.6236572265625,72.345210243048,69.4626131109679,70.08717511019933,10178500
2021-01-28,71.28026580810547,72.18508552781735,70.66371259018982,71.00001434541655,8155500
2021-01-29,68.22148895263672,69.93503296612113,67.99728784567942,69.52666928231548,14699800
2021-02-01,69.19037628173828,69.90301822191326,67.71704493743958,68.85406847018812,8073600
2021-02-02,69.71084594726562,70.7597957796902,69.28646432204289,70.47153540991188,9233100
2021-02-03,71.23220825195312,71.57651885898899,69.57471442483218,69.70283284094893,9256500
2021-02-04,71.26423645019531,71.78470681461354,70.4234761608257,71.6726062572339,7917600
2021-02-05,71.4724349975586,72.44130771593572,70.97598524466973,72.01692610720275,8017300
2021-02-08,73.25005340576172,73.69845578408301,72.07299105364412,72.29719224280475,9886600
2021-02-09,72.83365631103516,73.08187812135981,71.9128249924767,72.94575687757033,7605500
2021-02-10,74.08277893066406,74.13882921281964,72.54539452666327,73.16995655897469,8778800
2021-02-11,73.68241119384766,74.0187189646153,72.1290151857274,73.9626686876577,8572400
2021-02-12,74.10681915283203,74.25094934865338,73.14594914434849,73.29007934016984,7858300
2021-02-16,75.62532043457031,76.21811265420487,75.20306215134724,75.56036191087364,14006000
2021-02-17,77.89091491699219,78.54054972545048,76.49420441557055,77.48489471054994,14342300
2021-02-18,77.14384460449219,77.7772351794582,76.57541875397835,77.75287495663292,9030600
2021-02-19,77.7934799194336,78.26445868606119,76.85963213487304,77.24940809314258,8913900
2021-02-22,79.89665222167969,80.91170269323815,78.32941404577836,78.75979445445893,13178700
2021-02-23,80.90357208251953,81.33395864150633,78.6055027640516,81.17966900346623,14874000
2021-02-24,83.89189910888672,84.48469137891158,81.04975745928914,81.4720219737834,16116000
2021-02-25,83.11233520507812,85.23176118306527,82.49518275520356,85.18304074070404,13219200
2021-02-26,81.20404052734375,82.06480137441307,79.26326445437036,81.44765512707643,14454100
2021-03-01,82.86872863769531,84.28979939496335,82.34090111734896,83.20166199351644,10439900
2021-03-02,83.18543243408203,83.89190371789694,82.59264013148925,82.7388076721712,10643500
2021-03-03,84.11924743652344,85.87325736933695,83.96496400020456,83.97308613749783,14958200
2021-03-04,84.85822296142578,87.35930891454768,83.74572536786383,84.87446104368233,22994200
2021-03-05,88.51242065429688,88.61798369630087,86.19810630745734,86.85585717567021,23638200
2021-03-08,89.1214370727539,89.67362481222703,87.74908676537724,89.21076201556403,18033600
2021-03-09,88.91842651367188,89.88475660168349,87.60291879518877,88.56924888320037,19010700
2021-03-10,90.43694305419922,90.9566484230503,89.08083085558226,89.48685106220822,17389900
2021-03-11,90.29077911376953,91.39515461523203,90.04716450197927,90.66431697523818,10989500
2021-03-12,90.59123229980469,91.51695793434529,89.90912128293354,90.65619702390015,10930300
2021-03-15,89.52745819091797,90.87544829029456,88.4230827008239,90.56686895915314,10488000
2021-03-16,87.40801239013672,88.41494056976038,86.95327183070192,88.13072772011363,11698400
2021-03-17,87.72472381591797,88.15510423859646,86.5635057908719,87.05885093273344,9168600
2021-03-18,84.54964447021484,87.3186988748004,84.21670494900482,86.89644061378232,13246600
2021-03-19,83.94873046875,85.17491315117852,83.42902513223254,84.403477284735,18491000
2021-03-22,83.26661682128906,84.8582151368704,83.07984481798884,83.68887507016733,12508500
2021-03-23,82.80374908447266,84.69580444070857,81.76433850802353,82.38148466568038,14781700
2021-03-24,85.0206298828125,85.88139694478639,83.56708297632835,83.63204150173769,11026800
2021-03-25,85.32109069824219,85.47538036782623,82.884969323557,83.51835988971483,11138200
2021-03-26,87.27812194824219,87.32684239922834,85.55659373399081,86.51480184077768,9820200
2021-03-29,86.82335662841797,87.31870175976019,85.83266636573353,86.40109835344872,7542300
2021-03-30,86.01945495605469,86.75029268373038,85.743357949876,86.1250179962943,6284600
2021-03-31,85.0937271118164,86.25494530701934,84.93943742999232,85.71087964373523,8954400
2021-04-01,85.87328338623047,85.96260833739244,84.62274026534031,85.47538527356731,8515800
2021-04-05,84.8663330078125,85.93822594993625,84.59023608577832,85.85702315947059,8692700
2021-04-06,84.11115264892578,85.32921334349088,84.00558342368882,84.65521827227437,8125100
2021-04-07,84.60648345947266,84.91505655269275,83.85128570927192,84.02181343410744,7699300
2021-04-08,83.65640258789062,84.14363180344577,82.88496665555637,84.06242280393535,8283000
2021-04-09,83.5751953125,84.19234774257596,82.90932244162579,83.73760710745499,7163700
2021-04-12,82.64946746826172,84.33851291659639,82.43021929538597,84.18422326452095,7845900
2021-04-13,83.02301025390625,83.31534529879207,82.2515743381878,82.4708225241638,6829900
2021-04-14,84.67144012451172,85.53220706318976,83.3153342980779,83.35593879159724,10194800
2021-04-15,83.98120880126953,84.6714418374306,83.5833107773092,84.46031581391141,7860500
2021-04-16,83.60765838623047,84.74451590717752,83.17727807078177,84.28977537694873,7459700
2021-04-19,83.85128784179688,84.31415059108664,82.99864300055862,83.85940378458402,7068700
2021-04-20,82.28404998779297,83.63203374450089,81.61817714994,83.50211051035642,9783800
2021-04-21,83.42090606689453,83.63203209263125,81.31771838454743,81.47200803021171,8264400
2021-04-22,81.97547912597656,83.53460146378364,81.91052059990793,83.53460146378364,9899400
2021-04-23,82.46271514892578,82.96617629324794,81.78872004788708,82.09729320716123,6756000
2021-04-26,82.43834686279297,83.37219465453855,82.22722079851304,82.23533674264728,5639700
2021-04-27,83.39654541015625,83.7213628045901,82.4302215608206,82.67382996011361,6898900
2021-04-28,85.4428939819336,85.96259935509295,83.9406204440393,84.0786658285461,8718400
2021-04-29,86.80713653564453,87.4161669516635,85.87328865867325,86.41735434342618,9740300
2021-04-30,83.6969985961914,85.58093195968998,83.61579580029623,85.2479986379069,13730000
2021-05-03,85.69461822509766,85.84890787606408,83.81880697545861,84.43595938394803,7938100
2021-05-04,86.16561126708984,86.49042868097045,85.14243858174781,86.0438039624625,8704300
2021-05-05,88.47993469238281,88.95091968287824,86.74216846781596,86.96141668318312,12872400
2021-05-06,88.52864074707031,88.61796568575707,87.22937735986734,88.4717981674857,9654900
2021-05-07,89.3406753540039,89.86850281332981,87.45674201569344,87.77343725221377,10273000
2021-05-10,88.97528076171875,91.84990498580429,88.934676257005,90.49379878550023,13586500
2021-05-11,86.64469146728516,88.98337133263331,86.24679348284066,88.56110693677861,12754800
2021-05-12,87.18878173828125,89.44625310458909,86.66095422855149,86.8883245538808,11661900
2021-05-13,86.62847137451172,87.59480144702822,85.62154299863316,86.13312622770718,9706300
2021-05-14,88.89405822753906,89.17827111135317,87.53795232807158,87.53795232807158,9124100
2021-05-17,89.9822006225586,90.03904320645866,88.48804916268422,88.58549005201178,12692900
2021-05-18,87.27787780761719,89.64517906630662,87.10526267876394,89.54654543336915,12759900
2021-05-19,84.82837677001953,85.72433868815848,83.81734436607938,85.3380068876627,14762700
2021-05-20,85.12429809570312,85.54350990429133,83.817352118217,84.72152940890227,9706300
2021-05-21,85.58460998535156,86.47234413918648,85.2229365667289,85.56816686384323,10352800
2021-05-24,86.80113220214844,86.99840574951877,85.48596476765783,86.26684366810797,6785600
2021-05-25,85.37910461425781,86.8175702840767,85.16538795880233,86.66139200456546,7884000
2021-05-26,85.58460998535156,86.23397531823615,85.20649971643397,85.91339716095754,9232400
2021-05-27,84.67219543457031,86.23395931369771,84.3105220830722,85.58459410133166,11703400
2021-05-28,85.31333923339844,85.58459424748524,84.62287249492404,85.17360408233998,7278200
2021-06-01,87.66421508789062,88.30535882702111,86.55454274930226,86.55454274930226,10260600
2021-06-02,88.83963775634766,89.234184812572,87.30253224380881,88.12451259402398,9141800
2021-06-03,88.4368667602539,88.84785695344303,87.59022796567834,88.4122083520566,8809300
2021-06-04,89.14376831054688,89.32460499471715,88.12451441120193,88.97115318598776,6699300
2021-06-07,88.56839752197266,89.34927647655803,88.4204407833844,89.07802768182408,6748600
2021-06-08,89.37393951416016,89.57943463223894,87.37652671558581,88.4861990989686,10559500
2021-06-09,88.59305572509766,90.03152157474379,88.48620051961792,89.64518974315897,10146900
2021-06-10,89.11090087890625,90.62334185063024,88.15740057578316,89.64518313815275,13526200
2021-06-11,88.69990539550781,89.57120258738946,88.6588038682176,89.46434112491995,7731700
2021-06-14,88.74922943115234,89.56298831375561,87.81217222786056,88.92184457163103,9051900
2021-06-15,90.66444396972656,90.81240069802769,89.094458337686,89.11090145817114,10540200
2021-06-16,90.14659881591797,90.83706568841652,89.51367659807329,90.44251229395829,9283300
2021-06-17,88.00946044921875,90.40142694718706,79.16494765253233,89.79315680271657,14337800
2021-06-18,84.68863677978516,87.35185143088728,84.59000314865595,86.51343421022622,22284500
2021-06-21,87.17102813720703,87.4916000069876,85.42842734743557,85.56816251709108,13591500
2021-06-22,87.45872497558594,87.91903204101524,85.7407824986,86.57920610630443,10230100
2021-06-23,87.35185241699219,88.8807364288799,87.31897872038638,88.24781429420977,7792800
2021-06-24,88.06698608398438,88.59305307729232,87.42584232784115,88.06698608398438,8724600
2021-06-25,88.19850158691406,88.8232021909288,87.7710682565746,88.43687039008029,8102300
2021-06-28,85.47773742675781,87.95190011105505,85.20648866917237,87.91079858382653,11348400
2021-06-29,85.2886962890625,86.28329191648103,85.16539796292345,85.97093532076697,7225500
2021-06-30,86.09424591064453,86.20932269244292,85.25582846165423,85.3544621196447,7927500
2021-07-01,87.30253601074219,88.03409805230217,86.91620422607761,87.91079974020734,10873200
2021-07-02,87.18746185302734,87.45871689346565,86.34082303397403,86.88332684363779,7107700
2021-07-06,85.47773742675781,87.1052613283333,84.98455045607852,87.1052613283333,10162800
2021-07-07,84.6064453125,86.22574775154406,83.94064317569601,85.45308414601938,8245000
2021-07-08,84.33519744873047,84.7379661349394,83.2008666243975,83.43102015937404,8695500
2021-07-09,85.54349517822266,85.67501504502661,84.13790952562054,85.04208666065429,8567900
2021-07-12,85.71613311767578,86.32439698553323,84.86127256952295,85.12430610193813,9898600
2021-07-13,85.42842864990234,85.96271719808692,84.8448232813729,85.4859670307091,6738000
2021-07-14,83.81732940673828,86.57096206591363,83.61183433857278,85.8805016470592,9216600
2021-07-15,83.2666244506836,84.04750339180427,82.89672947498434,83.06112933236622,9665700
2021-07-16,81.0636978149414,83.58717703439233,80.82532278018529,83.53785395295914,12199100
2021-07-19,78.87723541259766,79.69099422151321,77.69358167511137,78.762158662699,17385500
2021-07-20,79.34577178955078,80.58696402427786,78.1292442361286,78.81970480354987,12114600
2021-07-21,82.05006408691406,82.58435247619485,80.30746378884464,80.53762351483259,11478100
2021-07-22,81.22810363769531,81.71307533926677,80.46366160768928,81.70485377925021,7694300
2021-07-23,81.26097869873047,81.4746953477635,80.50475827441349,81.21166188403532,7570800
2021-07-26,82.97891235351562,83.23373052192433,81.73772656228405,81.75416340965931,10227500
2021-07-27,82.6994400024414,82.78985833879777,81.32673438133965,82.23913303278144,8332100
2021-07-28,83.16796875,83.68581409222986,82.42818521023439,82.9378152645645,8546100
2021-07-29,84.310546875,84.5653588450957,83.79270137316271,84.1543685597986,8681300
2021-07-30,83.68582916259766,85.52706992008144,82.83096872616873,84.71330474418819,12295300
2021-08-02,83.53787231445312,85.46953142218838,83.4803339328108,83.9077672860509,8911800
2021-08-03,84.33519744873047,84.59001566635176,82.74877484411256,83.50499539366785,8437300
2021-08-04,82.44464874267578,83.75981632168035,82.28024887579166,82.55972551388783,10389800
2021-08-05,83.20906829833984,84.19544214712866,82.74875506718801,82.97069325945328,7986100
2021-08-06,83.80088806152344,84.31873965782692,83.51319621425034,83.85842643097806,6475600
2021-08-09,82.40353393554688,83.33236951678481,82.14050046211234,82.94604400206273,9243100
2021-08-10,83.9077377319336,84.10501121790713,82.67476746997959,82.8062810368916,9762600
2021-08-11,84.54068756103516,84.63932747212674,83.5132120042136,83.87488540700298,7079800
2021-08-12,84.36808776855469,84.86949643319856,83.66118395516214,84.5489245028478,7377600
2021-08-13,83.80912017822266,84.28587031159779,83.54608670312132,84.03105839637196,6572600
2021-08-16,82.95426177978516,83.18441529204473,82.12406607787922,82.88028655279295,9476600
2021-08-17,82.79810333251953,83.5789823443807,81.89391971304167,82.36244837440115,10937500
2021-08-18,80.5571517944336,82.82308310914198,80.43219748762222,82.21495096344886,12893600
2021-08-19,78.5494613647461,79.39918229091825,77.35818177377854,78.9826510542969,17423400
2021-08-20,78.55778503417969,79.04095638455686,77.6497437343147,77.90799103846126,9707600
2021-08-23,80.5821304321289,80.80705448829306,80.02397378208849,80.04896463768875,10277800
2021-08-24,81.50685119628906,82.14831303199107,81.13197552507079,81.22361293017107,8924900
2021-08-25,82.06498718261719,82.23992954178776,80.57380457167298,80.99033581420167,9342300
2021-08-26,80.9903564453125,82.24828289780102,80.9736916321393,81.73178173741985,8124800
2021-08-27,82.17327880859375,82.85638975712061,81.68177501835119,81.75674758740024,10281200
2021-08-30,81.96503448486328,82.73145060551983,81.61514969357621,82.54817580367506,8127200
2021-08-31,80.61544799804688,81.98167622111629,80.50715217096878,81.75674580734238,15676900
2021-09-01,79.73241424560547,80.86537979858936,79.53248101736206,80.69043742940603,10557300
2021-09-02,81.3985366821289,81.96501944032501,80.4321874803606,80.50716005511944,12340100
2021-09-03,81.21526336669922,81.99834417003278,81.12362598095751,81.14029079059927,9097000
2021-09-07,80.8570556640625,81.62347810295363,80.59047588055009,80.82373239665303,9237800
2021-09-08,80.29889678955078,82.03166837800951,80.26557352564626,81.22359670667238,10775900
2021-09-09,79.97400665283203,81.32357030317326,79.43251471163421,79.88236926174795,10219400
2021-09-10,80.03231048583984,81.39020001109235,79.88235898841988,81.30689503602841,11006000
2021-09-13,81.6151351928711,82.23159967119575,80.85704525734326,80.98200590510487,11500900
2021-09-14,80.14060974121094,82.25658924818654,79.95734133054648,81.95668624053566,15294100
2021-09-15,81.8400650024414,82.08165391015328,80.79873679114694,80.79873679114694,11623400
2021-09-16,81.07364654541016,82.13163317998368,80.73209420729285,81.9067090895906,10616700
2021-09-17,80.60712432861328,81.95668142803365,80.2822304820297,80.89869491455212,16006100
2021-09-20,78.95767211914062,79.34921255760683,77.73306908164442,78.84104386373748,15796100
2021-09-21,79.01598358154297,79.88236941800156,78.33287252761102,79.61578964953453,10958400
2021-09-22,81.3402328491211,82.2899237174282,80.17394392228823,80.17394392228823,13292800
2021-09-23,83.35623931884766,83.53118169711217,81.43186680217497,81.84006568479217,10094900
2021-09-24,83.80609130859375,84.11432674035134,83.01468442792913,83.01468442792913,8225300
2021-09-27,85.78045654296875,86.45523521200981,85.46388868874152,85.46388868874152,12697500
2021-09-28,86.1053466796875,87.37993137911582,85.70547385449287,86.56353362983106,15560800
2021-09-29,86.0803451538086,86.83842868421213,85.25560874574131,85.98037537095621,10268100
2021-09-30,84.51419067382812,86.1803157249101,84.51419067382812,86.1553248660659,15319800
2021-10-01,86.9134292602539,87.08837165700176,84.87242192000153,85.15566653075786,10854900
2021-10-04,87.2383041381836,88.18799485927033,86.73013551566636,87.47156061623825,13305400
2021-10-05,88.18800354003906,89.77914973240028,87.82145397800774,88.33795505580069,13017300
2021-10-06,87.41324615478516,87.76313087049849,86.28861307955671,86.78844929568464,10630100
2021-10-07,88.03804779052734,88.55454884348177,87.65483979217898,87.97973366807787,8830900
2021-10-08,90.01239013671875,90.32895154402527,88.80444590667793,88.97938823880217,10586700
2021-10-11,89.24598693847656,91.32864327252284,89.0710445691082,91.27032914940006,9794800
2021-10-12,89.26265716552734,89.62087433095321,88.44625303649985,89.129364101293,9085000
2021-10-13,89.79582214355469,90.25400277911297,88.70451212610547,88.9460946970604,9220700
2021-10-14,90.6455307006836,90.93710766707923,90.06238947941756,90.7038448228102,7648600
2021-10-15,91.31198120117188,91.66186592604832,91.16202969683017,91.44526789627422,9968100
2021-10-18,91.27031707763672,91.97842522216553,90.77048089472841,91.82014132786918,10677400
2021-10-19,93.05309295654297,93.05309295654297,91.47027904878298,91.77018210316695,10362800
2021-10-20,94.26935577392578,94.2776818227965,92.28666295154424,92.54491029331159,10811400
2021-10-21,93.08641815185547,93.97779492757546,92.36165771855636,93.89448993424682,9372600
2021-10-22,93.9694595336914,94.03609970826999,92.84481999040753,93.48628172235968,8673800
2021-10-25,94.84416961669922,95.26070088981231,94.38598902973251,94.57758985613735,9579800
2021-10-26,95.05242919921875,95.46896044580232,94.56092537901611,94.95246576772665,7463000
2021-10-27,93.3613052368164,94.61923127172982,93.01142054549327,94.3193282918066,9096100
2021-10-28,94.23604583740234,94.36100014575838,92.95312864025207,92.95312864025207,7538200
2021-10-29,95.3773193359375,96.04377184673255,94.2610186894823,95.66056387754216,15294200
2021-11-01,95.41064453125,95.87715748480655,95.01077810127649,95.82717577000042,11213800
2021-11-02,94.82750701904297,95.12741003104186,94.31100597487543,95.11907762633007,9189700
2021-11-03,94.14439392089844,94.36098559248629,93.27800816725981,93.52792310119095,10416000
2021-11-04,94.5609130859375,95.18570987458821,94.06107692616924,95.15238661650211,9673000
2021-11-05,95.58558654785156,95.84384023687393,94.91080797732695,95.19404616790094,8102100
2021-11-08,95.92713928222656,96.62690866679999,95.5439313303275,95.8771512149271,7695900
2021-11-09,96.63526153564453,96.73523133565271,95.35234436980731,96.02712304151369,10945900
2021-11-10,95.09410095214844,96.8102079445227,94.68590204105975,96.4353323014891,10305100
2021-11-11,95.1024169921875,95.52727428630946,94.61090681766198,94.6358976754618,7317500
2021-11-12,95.16073608398438,95.22737625634474,94.62757021476226,94.8025189400261,8682800
2021-11-15,97.31836700439453,97.42666284800643,95.19405495593038,95.76053774513663,11050400
2021-11-16,97.70156860351562,98.3680211432315,97.3516838802579,97.5599495044488,10566300
2021-11-17,97.26337432861328,98.19876166687666,96.6229339250545,96.79989822834476,11108000
2021-11-18,96.44596862792969,97.22967140336542,95.56957577059319,96.78304626571666,8368600
2021-11-19,94.3055419921875,95.35047691118736,93.62295798923851,94.81115524788282,13532600
2021-11-22,95.99091339111328,97.06955660078853,94.2549659481478,94.39822184304077,9947100
2021-11-23,98.00495147705078,98.45999889249948,96.96001016148833,97.06956409009956,10366800
2021-11-24,98.75493621826172,99.43751370413445,98.32516211308753,98.4347096018015,8500900
2021-11-26,96.49652099609375,96.76618178287474,94.91225824818768,95.51899662574998,11861800
2021-11-29,96.78304290771484,98.73808542398142,96.6650667029659,98.03865047495486,12003800
2021-11-30,95.11450958251953,97.63415318617695,94.75215229402937,95.60326534321062,24451200
2021-12-01,94.46564483642578,97.80269989582193,94.45721612757998,96.86731251979182,12302700
2021-12-02,97.02743530273438,97.49934017657641,94.3223981293669,95.43474992429579,11392400
2021-12-03,96.4122543334961,98.59482034746986,95.72124172824005,98.375718946516,10445100
2021-12-06,97.92066955566406,98.97403306822163,96.95158026748761,97.71842556143478,9833900
2021-12-07,99.37010192871094,99.99369777695854,98.79707190253963,98.79707190253963,11419600
2021-12-08,99.81671905517578,100.49930295020104,99.15099900512082,99.76615966636663,8827900
2021-12-09,99.55549621582031,99.94313323418913,99.08359139854016,99.31111509852282,8334700
2021-12-10,99.7240219116211,100.44873648289615,98.48527188926147,100.22121280550529,9090700
2021-12-13,97.65101623535156,99.31111828700975,97.42349252806402,98.98246936024933,8533000
2021-12-14,97.9375228881836,98.52740385892925,97.30550480700454,97.53302848737202,12245300
2021-12-15,97.38134002685547,98.02178679055386,96.0246074187521,98.02178679055386,11069500
2021-12-16,98.29145812988281,99.5976314911677,97.68471970216909,97.91224982717215,11344700
2021-12-17,95.72968292236328,98.13977935954846,95.67069481778411,97.68472551170008,22727900
2021-12-20,95.77179718017578,95.82235656368479,93.31114193470236,94.26338008970018,13464400
2021-12-21,97.30551147460938,97.81112468835438,96.3111360349152,96.42911223714833,11368200
2021-12-22,97.8616714477539,98.32515391756687,96.41224880325342,97.2633618053172,8345200
2021-12-23,98.09764862060547,99.3701072228798,98.08921991160689,98.1819164229277,7416600
2021-12-27,100.10324096679688,100.12852066213756,97.25494837551544,97.81112096067238,7745500
2021-12-28,99.909423828125,100.56672165395938,99.47122742064239,99.9936980554132,6516000
2021-12-29,99.39537811279297,99.98526553521842,98.83920552337423,99.50493203240289,6957400
2021-12-30,98.95718383789062,100.01897607758286,98.88133832044508,99.54706484370811,6016000
2021-12-31,98.8897705078125,99.51335994007465,98.70437749111325,98.91505020477676,5706600
2022-01-03,100.49932098388672,100.86167833688816,98.83921884174576,98.94876634689633,10717700
2022-01-04,102.32795715332031,102.79143972412675,100.83639707592566,101.08077178138207,16413100
2022-01-05,102.99366760253906,104.35882254404534,102.8672627003795,103.01051858919082,15487100
2022-01-06,103.87006378173828,104.76331392056217,102.50490245042425,104.17343296647473,13318500
2022-01-07,105.36162567138672,105.79139976315469,103.60882733131609,104.1144469353821,14164600
2022-01-10,105.42903900146484,105.91780117370422,104.37567557640762,105.46274740257309,12626100
2022-01-11,107.83916473388672,107.86444443437553,105.1931155956937,106.06108626832606,14609000
2022-01-12,107.29981231689453,108.22676440589291,106.5750977739263,107.85598485613757,12469200
2022-01-13,106.85320281982422,107.94870350131211,106.55825587765526,107.1397146240534,9691300
2022-01-14,108.67340850830078,108.87564606584142,106.81948493712639,106.81948493712639,13281000
2022-01-18,109.02734375,109.5498079501378,107.75487879593581,109.2885758500689,12905500
2022-01-19,108.63128662109375,109.67621510399736,108.31948224545472,109.50767949628155,12064300
2022-01-20,108.2436294555664,110.27451734646328,107.76329596220556,108.09195128534557,11370400
2022-01-21,106.9458999633789,108.20150111343588,106.37286992229548,107.66218590742793,13055700
2022-01-24,107.1734390258789,107.63692163627496,103.51615683179341,104.87288982307426,19513700
2022-01-25,111.73236846923828,111.85877980247383,105.5638721596635,107.12285526048193,19984500
2022-01-26,111.816650390625,113.51888949956671,110.88968531683449,111.99360826752199,17266500
2022-01-27,114.07505798339844,115.44864820447431,112.57506927627844,113.29978393262961,20654100
2022-01-28,110.06385040283203,111.28574954110708,107.92342134102432,109.54980847947529,24817800
2022-01-31,110.67057037353516,111.11719541262956,108.98518898572549,109.70990349682123,16401800
2022-02-01,113.58629608154297,114.38686269037025,109.97958020656063,110.24924745552185,16169700
2022-02-02,114.1087646484375,114.437413547063,111.90934113965413,113.2155144551703,10906700
2022-02-03,113.089111328125,114.0582135363705,112.23799818489285,113.63686810455302,9447700
2022-02-04,114.50482177734375,115.44863129071294,113.7716720903714,113.7716720903714,13034700
2022-02-07,116.75479888916016,117.49635796035717,113.61998846098304,114.0497560883281,18422500
2022-02-08,114.97674560546875,116.6536922255288,113.7716909619268,116.44301950574699,11021600
2022-02-09,116.1143798828125,116.57786247516516,114.69024298404655,115.21270725627497,10140800
2022-02-10,114.63965606689453,116.95705587388272,114.09191216498311,115.92054974239352,11012700
2022-02-11,116.97391510009766,117.50481445151974,114.84190827337106,115.33067051050787,12821200
2022-02-14,115.17056274414062,116.33348029058493,113.80540761288344,116.24078377806484,15945000
2022-02-15,114.32752227783203,114.82141602857035,112.55632113521818,113.32271336640912,11746800
2022-02-16,114.3615951538086,115.9454568958287,113.9017572000436,114.91508984593861,11348800
2022-02-17,113.77404022216797,114.60003346665329,112.78625261115235,114.25089962239781,10073900
2022-02-18,113.61223602294922,114.02949445876034,112.44563273453437,113.10132084982527,10691800
2022-02-22,112.7436752319336,116.66075693969528,111.14279192844931,116.66075693969528,19428700
2022-02-23,115.426025390625,115.87733967449678,112.87992105862966,113.19498608872475,16134200
2022-02-24,114.8299560546875,117.70814695142333,112.1646367600898,117.45268283803517,22108900
2022-02-25,119.53895568847656,119.64113613082863,115.32383053324034,115.77515780499756,28028000
2022-02-28,122.62152862548828,122.62152862548828,118.0657930243162,118.5937556636628,24394300
2022-03-01,127.49230194091797,127.69667578911775,123.21757648519316,123.48155125155,31159900
2022-03-02,131.25613403320312,132.62711143519235,127.77334494764968,127.90107051569868,31329500
2022-03-03,133.02731323242188,133.79369249909305,129.2209360215057,129.6552158734936,22492900
2022-03-04,135.09654235839844,136.2035447164473,132.065068173255,132.6611423680681,29034400
2022-03-07,137.9832763671875,138.03437958558794,132.60156044559565,136.16098471424937,34824700
2022-03-08,145.21282958984375,148.167668618434,139.7374443944178,139.91626016642192,57231000
2022-03-09,141.5852508544922,144.5656343587753,137.27646992439347,138.6048673502091,43430000
2022-03-10,145.45980834960938,148.81485902230747,143.30540405665496,143.68860676466977,34913600
2022-03-11,145.5278778076172,147.2990788791204,141.25316526304144,141.2616759676729,28423600
2022-03-14,141.96847534179688,143.3564870159705,139.90775408544144,141.53419545913096,25156200
2022-03-15,134.7814483642578,136.4078892408407,132.2097996844009,135.48822654088974,28534400
2022-03-16,134.29611206054688,136.67189821901465,133.01880460055608,135.21576199751004,22299700
2022-03-17,136.62083435058594,137.08918310827164,134.4749537657462,136.20357582220308,15750700
2022-03-18,137.71929931640625,137.71929931640625,135.20726368028417,137.00401019170033,23214700
2022-03-21,140.19729614257812,140.99774440023808,138.56234380485503,138.81780794994063,13180600
2022-03-22,139.7289276123047,140.72522594312096,138.4431093549492,139.38831746266376,11063900
2022-03-23,141.23614501953125,142.50494178269298,140.452731331308,141.35535986353383,10755000
2022-03-24,141.61087036132812,142.54755501588426,140.50386759371835,141.72156154267566,9024800
2022-03-25,144.17393493652344,144.49752362024077,140.640056496701,140.69114671130012,10254700
2022-03-28,141.6533966064453,141.89182628289737,140.61451887614294,141.2701939896647,9992000
2022-03-29,139.9247589111328,140.060995143882,136.67187685140027,139.2350020760836,15102600
2022-03-30,140.91256713867188,141.65341436299735,139.36277404746363,140.70820624377754,9906000
2022-03-31,138.65597534179688,141.49159928445286,138.5623056141977,139.2009593041623,10395900
2022-04-01,139.83961486816406,141.31277242792746,138.23020806762275,138.61339768804825,8795300
2022-04-04,139.96734619140625,140.8870091144769,138.8007428784889,140.50381947822495,8718600
2022-04-05,139.10728454589844,142.8199917156977,138.8858892856899,140.52935181824566,9538200
2022-04-06,140.34202575683594,142.21540742632718,139.93329100921537,140.35906016107444,9269000
2022-04-07,142.2920379638672,142.80295308617374,139.158370641265,140.58896156929518,8018400
2022-04-08,144.70187377929688,145.69818486408062,142.2239076003665,142.24945270577723,10801200
2022-04-11,140.980712890625,143.7226679177912,140.4272180594325,143.54385210796747,10206100
2022-04-12,143.91848754882812,147.043631640589,143.18616407000653,143.8844317329627,9528400
2022-04-13,146.18359375,146.53272760808292,143.30538983590768,145.55345066419997,7330700
2022-04-14,146.1154327392578,147.26501447610562,145.23834945602542,145.34905357698688,9421100
2022-04-18,148.07400512695312,148.6274998644213,146.35389399896002,147.3161365051327,7639000
2022-04-19,146.31983947753906,147.90370136332518,145.63860618377564,147.38426243859305,6970200
2022-04-20,146.9158935546875,147.8100113178336,146.00475438178273,146.1409906270647,7495000
2022-04-21,140.14617919921875,146.83927095878178,139.50752545496061,146.24319672949625,14594800
2022-04-22,137.0550994873047,140.9040565981544,136.97846415162923,139.97588288356627,12160100
2022-04-25,134.10877990722656,134.8496141165207,128.8888456448266,132.6100640899678,15449800
2022-04-26,133.29129028320312,136.56119426679604,133.17207543984642,135.24132028443358,9810600
2022-04-27,133.04437255859375,134.4749509226103,131.57972538013166,133.75966174060204,10396600
2022-04-28,137.77035522460938,138.8007221305454,131.92880284097268,134.07468267403794,9366400
2022-04-29,133.41049194335938,138.3238711321062,133.08690326046283,137.33608367422147,14713200
2022-05-02,136.0332489013672,136.24613348493742,132.1161673662977,133.10395495249003,11559000
2022-05-03,138.36648559570312,139.16692081366622,135.6160070831491,135.87999491366637,8827200
2022-05-04,142.70928955078125,142.96475361972904,139.2009561837879,140.47826353508458,9183200
2022-05-05,141.57675170898438,144.33574045189914,138.5026979560233,144.13136658423923,9807600
2022-05-06,145.3490447998047,145.58747443559943,140.8614352378092,143.28832409418385,10418100
2022-05-09,135.60748291015625,142.84555892105942,134.9517947392395,142.84555892105942,14110700
2022-05-10,136.91030883789062,139.8140571776241,134.4323295921905,138.12801520341566,11636000
2022-05-11,138.93698120117188,142.59859820140363,138.38347355371045,139.29462569978398,9105500
2022-05-12,140.2568817138672,140.37609655834257,135.27537736901238,138.98808494567345,8936400
2022-05-13,142.94775390625,143.7311677126112,140.4016622839374,141.78115040019895,9229900
2022-05-16,147.3246612548828,148.99368231924896,143.7907819159916,143.90999677820022,13296300
2022-05-17,148.19322204589844,149.5727100525558,146.98403911518915,148.88296604922712,12827600
2022-05-18,144.28683471679688,149.4982006351734,142.33793708484967,149.48960681499446,13107500
2022-05-19,143.25660705566406,145.64335757276942,139.79667687797757,141.3420582092819,10958700
2022-05-20,144.08078002929688,146.84527811550933,140.87840326268326,144.9908340657997,9615000
2022-05-23,147.42910766601562,148.4937064434357,145.18830835168686,145.46303549081534,10216400
2022-05-24,148.21897888183594,149.02601202887163,145.78929872013754,146.54482134295168,9782700
2022-05-25,150.59710693359375,151.09506369745813,148.50225885814123,148.64820966991186,10174500
2022-05-26,151.61021423339844,152.76065953648822,150.2537137460378,151.52436773187088,11213900
2022-05-27,153.06114196777344,153.1212463040108,150.83751733301756,151.55011004653807,10512300
2022-05-31,149.95326232910156,155.36209085587734,148.93159311733586,154.50354706116178,20547600
2022-06-01,151.37841796875,152.93237983107795,150.19362357632932,151.73041089809487,8824100
2022-06-02,151.10369873046875,151.54155132316836,149.47247085930906,150.02193833067906,7441900
2022-06-03,152.47735595703125,153.0354040838223,151.10368089061836,151.10368089061836,8435300
2022-06-06,151.81625366210938,152.82074801805305,150.68296991673623,152.73488842510008,6734200
2022-06-07,154.7095489501953,155.10448475719699,151.89352708395765,152.36572866830684,9668300
2022-06-08,155.50799560546875,156.59833646912,154.75247309809768,155.3534509560816,8715200
2022-06-09,152.40867614746094,155.08732820893374,152.29706127812065,154.56361604559842,9764600
2022-06-10,150.58853149414062,153.3101260409509,149.08608030095374,151.42131977496243,9529700
2022-06-13,143.66012573242188,147.6695234302611,140.85268403167058,147.33469189533392,14614900
2022-06-14,143.8489990234375,147.91848776218188,142.3808835377149,145.41154173948738,10269300
2022-06-15,141.0243682861328,144.10654979406277,139.03255392842294,143.1879018456531,11565300
2022-06-16,133.48635864257812,137.83058727261133,132.00108184503378,137.31546895975916,18125900
2022-06-17,127.39067840576172,133.47774818373875,125.16704096458224,132.97121070383935,35575100
2022-06-21,132.7222900390625,133.95001455129656,130.01788216368692,130.54159443387888,13772000
2022-06-22,126.95281982421875,129.46835902543566,125.63066863303229,127.12453899998364,13735800
2022-06-23,122.28235626220703,128.12045524780459,120.32487794061483,127.74269397515775,15713700
2022-06-24,124.29134368896484,126.28315775714226,122.42830590309036,124.66051109845584,11108300
2022-06-27,126.69529724121094,127.76847684201944,125.00396514230977,125.22718178315664,9242400
2022-06-28,128.7300567626953,130.6617802720987,127.15892006967327,129.53709001378908,9183300
2022-06-29,126.18873596191406,130.59306886746515,125.42463267404352,130.18097160330714,9082900
2022-06-30,124.2999267578125,126.99575282110632,123.12372635609431,124.1024654211033,10685000
2022-07-01,125.78520965576172,126.17156473003234,122.31669950930632,125.86248853081673,7684600
2022-07-05,122.47985076904297,124.09390406139471,119.68958366697423,123.32980067130325,11513100
2022-07-06,120.86578369140625,122.994968446055,117.44878335848537,121.62130635610056,12421200
2022-07-07,123.21815490722656,124.74636114184804,122.84039370759736,123.71611166125298,12741800
2022-07-08,122.57427978515625,124.8751704641008,121.13191965031785,124.38580739894347,7915500
2022-07-11,121.49249267578125,122.6429509855454,120.13599229885656,121.83591795494029,7056800
2022-07-12,119.26888275146484,119.86986068874316,117.84369714282161,118.90829598909785,8653900
2022-07-13,118.47044372558594,120.82284495718282,117.74067637835628,118.14419294442399,9414600
2022-07-14,116.71043395996094,116.89931462406899,113.79137748759666,115.31100352143422,10150200
2022-07-15,118.17853546142578,119.30323871648311,117.13111109588405,119.30323871648311,7051900
2022-07-18,119.83551788330078,122.03338741467812,119.40624608106816,120.67688694758273,7943900
2022-07-19,124.15400695800781,124.49741920334132,119.69816298800022,119.92997345878592,9152100
2022-07-20,125.7938232421875,126.42913717905319,123.04648609541691,124.05956134627671,7856600
2022-07-21,124.83223724365234,124.89234158527901,121.48392236214461,122.87475883594998,6724200
2022-07-22,123.79341125488281,125.60493888427895,123.1323289748717,124.96961186579613,5889500
2022-07-25,127.47653198242188,127.58814682670116,123.78479240588139,125.08978216091441,6210900
2022-07-26,126.48065948486328,129.3653536336345,125.80240265081024,128.35227839334033,6112800
2022-07-27,128.14620971679688,128.9532427760486,125.91400427453536,127.35635119719646,6223000
2022-07-28,129.11639404296875,130.0436228650415,127.0902302688849,129.37395978804528,6574300
2022-07-29,140.61224365234375,141.3677660721725,133.8469171483619,134.3963844263283,17143700
2022-08-01,137.8048553466797,138.9638946724469,136.63723529936286,138.38007809861938,8017800
2022-08-02,136.6286163330078,138.62902432252227,135.9074429145652,138.13106750493057,5928300
2022-08-03,133.3833465576172,137.33265272305175,132.51622215753136,136.77459147123116,8751400
2022-08-04,129.7602996826172,133.45204036599367,129.4082936069183,133.34901930982338,10640000
2022-08-05,131.9066162109375,133.08281655493388,127.94014963165999,128.4724423828992,7170200
2022-08-08,131.7091827392578,133.05708943965988,131.48595300901073,131.86371430604152,5966900
2022-08-09,133.42626953125,135.47818829599103,132.73085128257947,133.88129661001804,5842200
2022-08-10,133.7782440185547,134.33629200987284,131.29704092085868,133.93277554833517,6145800
2022-08-11,137.04071044921875,138.3628747867068,135.32362343454233,135.7443144692584,7888600
2022-08-12,137.2382354736328,137.28974600700622,134.91157594700144,135.8645601154265,7244700
2022-08-15,134.62820434570312,135.4695733089017,131.73491693836667,133.228774246447,8975200
2022-08-16,134.28482055664062,135.58121680141036,133.77828292792302,135.14336423934992,7218400
2022-08-17,135.39234924316406,136.80036049502687,133.51213630005554,134.4737142259572,6741100
2022-08-18,137.76612854003906,138.3205885816121,136.0940765085114,136.14605507188227,6477500
2022-08-19,136.61387634277344,138.3898853419439,136.55322587802718,137.28096535813745,6834200
2022-08-22,135.92945861816406,136.65719810835793,133.78092777218995,135.74753366014244,9147000
2022-08-23,140.3391571044922,140.6423697625428,137.49754806454612,137.83542190711995,10354800
2022-08-24,141.3787841796875,141.5174024949942,139.19559198140277,140.05327793557146,9468100
2022-08-25,142.61764526367188,142.86022069657474,140.8762973590398,142.01120668141465,8050700
2022-08-26,141.56935119628906,143.92580918195975,140.74632660423782,142.23642691167302,7765800
2022-08-29,142.62631225585938,144.53226768558363,141.7686263637673,141.98521250849439,8462600
2022-08-30,139.15225219726562,140.832962676636,137.5408508656327,140.6250484527919,8814300
2022-08-31,136.93441772460938,139.83667726050962,135.27969645823796,136.5445653202238,13582700
2022-09-01,134.751220703125,135.91213240560114,132.74996697882324,135.56558666629175,8244400
2022-09-02,136.75250244140625,137.86142248842862,135.773528798578,137.09037631168073,7526600
2022-09-06,136.12005615234375,138.60647408562056,134.89852034150715,138.5198343398901,8550000
2022-09-07,134.37872314453125,134.99383368065455,132.22152014357965,133.46905859138923,9442100
2022-09-08,135.10641479492188,135.47894978376476,132.87991642489087,134.79453026308232,9232500
2022-09-09,138.58912658691406,139.1782344840379,136.47524395489552,137.23763132234288,8261100
2022-09-12,140.781005859375,142.53968444425325,139.6980750450721,141.04957058622287,8920800
2022-09-13,138.10398864746094,140.91960845044156,137.52353938209382,139.83667775698748,10308300
2022-09-14,141.4480743408203,141.70798034227235,138.9183499133818,139.4294900106375,11160800
2022-09-15,139.15225219726562,140.08790586266875,138.25125971541533,139.20423075322665,9665000
2022-09-16,135.53961181640625,139.60277015917376,134.81188551544273,139.0656407302773,43741600
2022-09-19,135.92945861816406,135.97277849081607,132.37745378997522,132.4900695956275,6813800
2022-09-20,135.392333984375,135.88615675515166,133.7116233334342,135.184406519937,8955200
2022-09-21,134.29205322265625,137.558175617007,134.2400746689021,137.15099265344273,6877000
2022-09-22,134.1881103515625,137.1250179245654,134.0581639533908,136.53590996036144,6981100
2022-09-23,125.42068481445312,130.10759805861994,124.45904198385168,129.7350763050101,13919700
2022-09-26,122.11993408203125,125.66328013331812,122.05928361798716,124.38109389551782,9444000
2022-09-27,122.17191314697266,124.55436067906216,121.68676231008254,123.27216121657386,10121000
2022-09-28,126.29568481445312,126.86747528766027,122.50109213509022,123.09021319761568,8279800
2022-09-29,125.42068481445312,125.97514471195697,123.25482377430271,125.1954268058828,8197600
2022-09-30,124.46773529052734,125.7412629939249,123.44545494051863,124.77961989583635,9402700
2022-10-03,131.45045471191406,131.97892541555296,128.47889925428646,129.05934851576382,9597400
2022-10-04,136.5618896484375,136.7784757764243,133.09651160064863,133.78957663471186,9520200
2022-10-05,137.3415985107422,138.38120931215929,134.1101370863865,135.01112958911636,10633100
2022-10-06,139.84530639648438,140.2958091695898,136.1893321033543,136.31061978618663,9498300
2022-10-07,138.64111328125,142.01985164107697,137.80075803443205,140.7896440018741,9972500
2022-10-10,136.13739013671875,139.88866384714638,135.530951559606,139.48148082693433,5904500
2022-10-11,136.1633758544922,138.5544821328461,133.51236355864197,134.0668235602618,7533300
2022-10-12,136.57049560546875,137.5841167067693,134.73385017945714,135.270979339284,4942000
2022-10-13,143.1894073486328,143.80451771481785,135.45295787914677,135.45295787914677,10227500
2022-10-14,138.7364044189453,143.3453633952014,138.55446626172778,142.11514260126262,7327900
2022-10-17,139.75003051757812,142.86887603517866,139.56810557368283,141.46538894257438,5890400
2022-10-18,140.97158813476562,141.48272825351063,137.7141373418067,140.65970356378463,5631200
2022-10-19,145.54588317871094,146.59416589193694,141.7253005726213,141.7253005726213,9766800
2022-10-20,146.37759399414062,148.85534015613032,145.49391877317888,146.67214799467123,8871500
2022-10-21,150.04222106933594,150.6053397628819,146.28228873611593,146.5421815366022,7971300
2022-10-24,149.99024963378906,151.32441454401226,148.67340209817465,149.0805851307701,7007700
2022-10-25,151.54966735839844,151.61031783082868,149.15856081901137,149.92960704949047,7280600
2022-10-26,153.4209747314453,154.6251932962765,151.75759454818447,151.8875541805557,6865300
2022-10-27,154.12266540527344,157.15487084330363,153.7588023390338,155.84669554186829,9177400
2022-10-28,155.92469787597656,158.41977456168607,152.93581164085265,157.2155560928356,10773900
2022-10-31,156.7217254638672,159.26878058288963,154.26131008850805,154.26131008850805,13281000
2022-11-01,157.8653106689453,159.84057525684622,157.58807405761993,159.29477394040518,9185600
2022-11-02,154.6425018310547,158.454412554829,154.4432462864211,156.74771273757543,8087500
2022-11-03,156.92098999023438,157.8393130830283,153.6981872597023,154.18333808462222,6607800
2022-11-04,158.90493774414062,160.62029648887497,156.46185264944268,160.13514558889926,7491900
2022-11-07,160.80221557617188,161.46930459404632,157.77000959230307,158.10788344458797,7578000
2022-11-08,160.56829833984375,161.35667506583408,159.2861120863815,160.55098096650715,6308200
2022-11-09,154.148681640625,159.24279189767194,153.53358440417523,159.06952562906787,8021700
2022-11-10,157.06825256347656,157.96058629587307,154.2439611756799,157.87394656250035,6981500
2022-11-11,161.53860473632812,162.09306469939443,159.3120929784823,159.45071127409093,8428300
2022-11-14,161.61656188964844,164.3282110641842,161.29600544981693,161.40863445997672,9722400
2022-11-15,162.9160919189453,163.25396575771794,160.50765517705477,162.11038462995313,7747300
2022-11-16,160.26507568359375,162.71683223351963,159.13015327108485,161.60789909876448,7941100
2022-11-17,160.71905517578125,160.8412810983033,157.38402596317826,158.46659461362333,6550500
2022-11-18,159.75868225097656,160.12535994923496,156.84269867061397,157.9864000485823,7661500
2022-11-21,158.23089599609375,158.63248978268356,153.49898725312173,156.91258772564566,8432900
2022-11-22,162.29052734375,162.87546659015646,159.83727011035293,160.42220935675942,9018000
2022-11-23,160.8500213623047,161.6444832041925,159.40076161116065,159.95078492769005,5831200
2022-11-25,160.37857055664062,161.7754496858005,160.03808310063155,161.41749757722962,2796400
2022-11-28,155.71652221679688,158.4316964569788,155.36730906219188,157.3927693378312,9365500
2022-11-29,158.0475311279297,158.76343530941065,156.84272327208416,157.3752819148654,6985400
2022-11-30,160.03807067871094,160.0642609947075,156.81652859487764,159.63647695234658,10936700
2022-12-01,159.32217407226562,161.12064675427237,158.40547308068813,160.8674559466354,5217400
2022-12-02,158.0475311279297,160.31745626933773,157.08717510926644,158.48405416884464,6852300
2022-12-05,154.14503479003906,159.72379946972708,152.46006202006555,159.47934759969598,8162200
2022-12-06,150.1726531982422,155.45458470893604,149.39564271073235,153.22831451432322,8765000
2022-12-07,150.617919921875,152.41639279247335,149.15993450423824,149.34326672880323,6936300
2022-12-08,151.50839233398438,154.00530435030635,150.1900977101817,153.8743527829706,8076600
2022-12-09,146.6717529296875,151.2028645712971,146.61063330491916,150.42585403209418,10754300
2022-12-12,148.1995849609375,148.8718342310221,146.41857666445455,147.48368071873338,9364900
2022-12-13,151.4997100830078,152.31164999802792,150.58300888409926,151.53463939205608,7838800
2022-12-14,150.4520263671875,152.71321242404866,149.5265996919702,152.3378090194937,7045500
2022-12-15,149.32579040527344,149.61389720012693,146.7241169085101,148.94166133376098,7272900
2022-12-16,147.30032348632812,148.54877288297152,145.8859932167601,147.1344426134035,23876000
2022-12-19,148.31307983398438,149.1337453221482,146.89001038869492,148.51387671248403,7131600
2022-12-20,150.74887084960938,151.2901551771672,148.06862620787393,148.2519584316348,6199100
2022-12-21,152.52114868164062,153.62119527671953,151.17666356964273,152.94894605990754,5479400
2022-12-22,150.23377990722656,152.96641856174415,146.95985691409913,152.92276359084377,5755000
2022-12-23,154.8783721923828,155.03552741700042,151.6393786344381,151.99733073119785,6079100
2022-12-27,156.8252716064453,157.34909126144677,154.87836925655995,155.71649935483865,5168000
2022-12-28,154.51173400878906,156.53720786590222,153.59503270831337,156.1530653535787,4494400
2022-12-29,155.6815948486328,156.44986639692368,154.22359606459503,154.22359606459503,4142100
2022-12-30,156.70303344726562,157.104627152567,155.1402736260985,155.42838040857552,5005100
2023-01-03,151.9012908935547,156.2752469193673,149.73612704298947,155.4371168285637,7565400
2023-01-04,150.28616333007812,152.16320721895565,149.159939661077,149.24723628286955,7684500
2023-01-05,152.99258422851562,153.8219752554775,149.5004002652029,149.72738742703336,6088200
2023-01-06,154.14503479003906,156.6157571322221,153.39421452590702,154.5466419031632,7191200
2023-01-09,152.9402313232422,155.69033492536693,152.24180500044372,155.62921529522654,8385600
2023-01-10,153.6910400390625,154.27599268889168,151.66557987650324,154.00533718931118,8307000
2023-01-11,152.95765686035156,155.52441423725986,152.17192078733362,155.30615273679658,6962600
2023-01-12,154.5989990234375,155.72522258748148,153.56879773792852,153.64738200833335,6891400
2023-01-13,155.01808166503906,155.39349845955573,153.37675054056476,154.6077488839205,5726300
2023-01-17,157.57611083984375,158.30074077251058,155.55936296087515,155.78636349498015,10697700
2023-01-18,154.7299346923828,159.2261294645458,154.47675722070053,157.86417987260108,8899200
2023-01-19,156.27523803710938,157.10462909421037,153.79579053024693,154.18865857607108,5907200
2023-01-20,157.9340057373047,158.33561273254136,154.98311950909394,156.10934291388722,10477900
2023-01-23,157.72450256347656,159.37455906483208,157.17447928914956,158.20468055522034,8381300
2023-01-24,157.8729248046875,158.8943871233137,156.01333238477454,158.09991199050685,5989000
2023-01-25,156.34512329101562,157.17451456017105,153.9617107701206,156.52845554251527,6727500
2023-01-26,163.94932556152344,163.96679021403727,160.18649890320097,161.50480707465033,14307800
2023-01-27,156.66810607910156,160.8412650010761,155.3323467303571,160.8412650010761,19654700
2023-01-30,152.0846405029297,155.69905112225996,151.6219270974851,155.40221862096107,11476000
2023-01-31,151.92750549316406,152.46006421517697,149.65758001404694,150.8187330742268,14481300
2023-02-01,149.6051788330078,151.6131875085978,148.01622855145254,151.30761604779835,11526400
2023-02-02,147.5535430908203,149.66631343403654,145.64158297827456,149.40441021425536,10463400
2023-02-03,147.9376678466797,149.77107009520725,147.0995510005615,148.2956199663223,8404900
2023-02-06,148.10353088378906,148.52258925630403,146.1217126269961,148.03368560143232,7659500
2023-02-07,151.9886016845703,152.25051819497838,148.07735864645835,148.47896573863434,10256500
2023-02-08,148.41783142089844,151.97113530870854,147.95511807102216,150.58298193745398,9784700
2023-02-09,147.05589294433594,148.99405642757134,146.67175051391064,148.6186396627005,10123400
2023-02-10,150.1377410888672,150.8012513388314,149.0988140831409,149.11627873545288,11602400
2023-02-13,149.2996063232422,150.0766168066682,148.2170377027897,149.57026179998138,9442900
2023-02-14,150.44332885742188,151.48224265408714,148.40039060761606,148.8369137113273,8077300
2023-02-15,148.85794067382812,149.3071389810407,147.52799167659708,149.20143814672323,8885700
2023-02-16,146.70887756347656,148.54967124397928,146.55913584493848,148.13571105600494,6727500
2023-02-17,143.43243408203125,145.18514597898044,142.55167001260372,145.08826139376768,9612100
2023-02-21,141.80299377441406,144.22509459975345,141.53876190558972,142.84228876856105,7259700
2023-02-22,141.2305145263672,142.38431323036627,139.96221220034332,141.1688545946947,6205900
2023-02-23,142.6221160888672,143.4236145993903,141.41547364162201,142.90396703562413,6445500
2023-02-24,143.0448760986328,143.21222339914726,140.17357702536668,141.60042376069578,5330200
2023-02-27,143.40599060058594,143.8904000141776,142.61329499405292,143.5733244594426,6386800
2023-02-28,141.6004180908203,144.72713267061647,141.16883893516365,144.72713267061647,10854200
2023-03-01,142.7278289794922,144.08419981709426,141.44190744514214,141.73256121878416,7470400
2023-03-02,143.1770477294922,143.99616554713847,142.32270525188346,142.6662028039552,5582000
2023-03-03,145.29086303710938,145.83693252055218,141.29218618914038,141.68852737678097,6007500
2023-03-06,146.3565673828125,146.91145306072593,144.27796359056097,144.7447674836206,7703600
2023-03-07,144.47169494628906,146.73526451842469,144.07535389698697,145.94256898043056,7393000
2023-03-08,143.55577087402344,145.58151791060675,142.13773988477755,143.76714569417697,5435800
2023-03-09,141.37144470214844,145.75765971594183,141.0896071709591,144.26034995365745,6214700
2023-03-10,140.63160705566406,145.03542770664393,139.75084292546808,141.75018126404328,7385800
2023-03-13,139.78607177734375,141.75897469736822,135.46151695846558,137.78673357091813,10106100
2023-03-14,141.5916290283203,144.46292853774798,139.05503761015626,139.38971882263323,10035200
2023-03-15,135.4615020751953,139.11666719656066,133.88492703350985,137.03806367748908,14063100
2023-03-16,135.89306640625,136.93237487465524,132.03532937380177,132.2555203653106,12849600
2023-03-17,134.17559814453125,136.85312850218378,132.64307723029225,135.30297510373438,33161800
2023-03-20,136.14849853515625,137.2054126302182,133.25077749586873,133.64713204098487,8469200
2023-03-21,140.31451416015625,140.5435214070313,137.81314756374297,138.42087688907694,9753500
2023-03-22,137.46084594726562,140.97508575760367,137.33752608364028,140.80773844484617,6315000
2023-03-23,136.0956573486328,139.83008811580754,134.88019872529804,138.2975673535772,7859400
2023-03-24,137.45205688476562,137.97170452968564,133.72642813646505,133.96423823000612,6600100
2023-03-27,138.8524627685547,139.58349862523875,137.12617256189841,138.6322717312183,7006800
2023-03-28,140.4730682373047,141.0896004066546,137.9981098784824,138.5265737032928,5605400
2023-03-29,141.67971801757812,142.0848754293623,140.3321499783171,141.46832978890018,7569700
2023-03-30,143.02728271484375,143.57335216025967,142.3138659388923,142.9039762775113,6322400
2023-03-31,143.70545959472656,144.19868529173192,142.8158793403348,143.30030223539086,7041400
2023-04-03,149.6858367919922,150.6987234399277,148.77865096120493,149.5537275697967,12868200
2023-04-04,148.88433837890625,150.7339481264904,147.7217369050985,150.7339481264904,7521400
2023-04-05,149.62420654296875,150.1174322785601,147.7393719451627,149.07812367336973,6478100
2023-04-06,147.66009521484375,149.21024862392593,147.20210756160907,149.15740492850605,5803200
2023-04-10,148.22377014160156,149.44803158463293,147.3606251701027,148.39993369608047,5923500
2023-04-11,149.04290771484375,150.02935924355128,148.0300343372883,148.91079847060405,5469600
2023-04-12,149.57135009765625,150.71633255507413,149.2630773194947,150.12622228319796,6157900
2023-04-13,151.57066345214844,151.9053580504902,149.5713389815047,149.95006102540412,6856600
2023-04-14,151.8789520263672,152.2664903512552,150.80441883077506,151.93179571805328,4930700
2023-04-17,150.54019165039062,151.9670251281973,149.92365949574534,151.83491589484223,7006000
2023-04-18,150.18789672851562,151.8349212799239,149.84439927021674,150.45212864399016,8045600
2023-04-19,150.32882690429688,150.38168404528304,148.93723129774904,149.2543069466904,5506800
2023-04-20,149.59776306152344,149.78271596592649,147.98596341191126,148.6377201370915,5851100
2023-04-21,148.95477294921875,150.24949683986918,148.70816015475097,149.58012117479802,7179000
2023-04-24,151.03341674804688,151.8261124630704,148.47920635822135,148.93720743094207,7177600
2023-04-25,148.84031677246094,150.0821838283454,148.34707763152684,150.01173453331864,5807200
2023-04-26,146.18922424316406,148.80509474341736,145.52865115601713,148.15333789864448,5927400
2023-04-27,147.04354858398438,147.43108689816626,145.38772138619666,146.58554753637014,6417200
2023-04-28,148.4792022705078,148.79627785990937,144.48934227685066,144.88568340375446,10036300
2023-05-01,147.2989959716797,148.61132590663664,146.5239192470275,147.7129561824013,6099800
2023-05-02,140.9574737548828,145.6607640327322,139.55706212984686,145.60792033962034,10701700
2023-05-03,138.13023376464844,140.54353220798384,138.05096822205036,139.2928353742671,7538100
2023-05-04,137.5929412841797,139.3368500906924,136.88832745709254,138.376820638974,7500400
2023-05-05,141.1072235107422,141.9087086342578,139.84772384911412,140.30572494783283,5802000
2023-05-08,140.55230712890625,142.9479860521839,140.49946344432362,142.3050321574441,5028200
2023-05-09,140.14715576171875,141.2921515873611,139.0814389057052,139.25758900825215,5019800
2023-05-10,138.35923767089844,141.3098029613725,137.29352057104686,141.3098029613725,6161200
2023-05-11,137.5929412841797,137.68102305233717,135.54075972850669,136.85310281346412,6666100
2023-05-12,137.94525146484375,139.09905013852736,137.01164378810407,138.27994608080397,4898900
2023-05-15,138.4561004638672,139.3016398315616,137.6017582942044,138.4825223091646,5096700
2023-05-16,135.2060546875,138.2975444230665,135.04752364433756,137.8219244147994,7007700
2023-05-17,137.143798828125,137.76913388102145,135.60246148562365,136.3334839413995,6169600
2023-05-18,136.9747772216797,137.17934643624085,134.76909658791212,135.96087443614965,7477700
2023-05-19,138.059814453125,139.13598083205574,136.95698106786887,137.75742552948998,8100900
2023-05-22,135.57843017578125,137.7040688544749,135.26713866891558,136.7790969072716,11661000
2023-05-23,139.50062561035156,140.23880630256545,136.82355688827045,137.09037621741737,10436200
2023-05-24,139.8741912841797,141.03039952854755,139.0025804210886,140.47896920126607,7064000
2023-05-25,137.4639434814453,138.41559609961632,136.5211934375359,137.57066580460568,7037700
2023-05-26,137.03704833984375,138.4156038993351,136.48563154444645,138.1132013483448,7736200
2023-05-30,136.18321228027344,136.30772617269494,134.4844899417365,134.89360120069438,7814800
2023-05-31,133.95974731445312,135.56064999534297,133.72851109371237,134.77798344668633,13346400
2023-06-01,135.3294219970703,136.7346581261766,133.17710242848915,134.5645469792276,9887700
2023-06-02,138.97589111328125,139.4116965174591,136.61901618588223,137.4817244206652,9464300
2023-06-05,138.30885314941406,140.92365850142315,138.06872793455364,140.92365850142315,6443800
2023-06-06,138.55787658691406,138.88695967453108,136.25436282857595,136.3699877164681,6176400
2023-06-07,142.15103149414062,142.48900362356414,139.18936478739704,139.23383694721556,9900000
2023-06-08,141.6262664794922,142.7380023937877,139.7140725643069,142.44450248389427,7142200
2023-06-09,141.28829956054688,142.64906328348545,141.0748413716758,141.66184121282458,6669500
2023-06-12,139.92755126953125,141.70632899330946,138.94921809305444,139.68741247694203,7159600
2023-06-13,140.9770050048828,142.8180462200722,140.76356039164017,140.98590757776475,7660800
2023-06-14,139.71409606933594,142.9870542085708,138.87806834977602,142.28442939277159,7721100
2023-06-15,140.7724609375,142.11543316626404,139.91865527252298,139.91865527252298,7705400
2023-06-16,139.8653106689453,141.62631067787427,139.8653106689453,141.03042167036776,22908100
2023-06-20,136.68128967285156,139.2516368107202,135.4005809624619,138.87808150281646,10438700
2023-06-21,137.74853515625,138.70907664323158,135.63178556988345,135.782980030196,7328200
2023-06-22,135.7563018798828,136.60121850073077,135.16041303000065,136.38777388047188,7088600
2023-06-23,134.60902404785156,134.92030204015046,133.52396843481304,134.30662148856325,15172700
2023-06-26,136.9747772216797,137.82859652207216,134.7779855911984,134.84913833048088,7371800
2023-06-27,136.5478515625,137.59733732797508,135.91639315965057,136.52117098609764,6581700
2023-06-28,137.7841033935547,137.87304769687023,135.35607590818768,136.4678118446555,5773800
2023-06-29,138.95811462402344,138.98479520304005,137.3572120280446,138.23769827758562,5633500
2023-06-30,139.94532775878906,140.45227229849243,139.27828618428768,140.04316106588908,6346600
2023-07-03,139.82081604003906,140.6123715112011,139.36721907691532,139.79412189132964,3272600
2023-07-05,139.0203857421875,140.25663584997665,137.9620107116561,140.25663584997665,6318700
2023-07-06,135.96978759765625,138.59348229712782,134.85805140542266,138.0331629135226,9203000
2023-07-07,137.1615447998047,138.73576680986395,135.15153095372077,135.31161442711849,6602200
2023-07-10,138.07763671875,138.5579007882715,136.89474776761543,136.90363677169967,5167900
2023-07-11,140.63015747070312,140.88808783118654,138.44226854844615,138.7446574936367,5060500
2023-07-12,141.98207092285156,142.60464055910242,140.8169734097963,141.60852914110103,6464000
2023-07-13,140.08766174316406,142.83588416989605,139.25164745153972,142.15993981917896,8143900
2023-07-14,136.59234619140625,139.65184611830907,136.34331839000694,139.6429435440465,7065700
2023-07-17,136.4678192138672,137.09038865770862,135.75630546190726,136.38777747915816,4351700
2023-07-18,136.74356079101562,138.8069498158931,135.51619960997647,135.7830190281588,6798300
2023-07-19,137.57955932617188,138.5489898870831,136.32551782756389,136.8146843948574,5653100
2023-07-20,139.10040283203125,139.80302758348816,138.48673595993077,138.88695820556015,5866600
2023-07-21,141.13711547851562,141.261629371765,139.68740734418625,140.10542117959415,8760100
2023-07-24,143.9208984375,145.89532903752564,142.31109335116605,142.72021815990743,9722100
2023-07-25,144.5790557861328,145.423972517428,142.8892223235424,144.00095843603543,6767600
2023-07-26,143.49403381347656,144.16107563697284,142.79142239730078,143.08492242815922,6056400
2023-07-27,141.9998321533203,144.4990127403132,141.60849887389134,144.16104062244315,6470100
2023-07-28,141.29722595214844,141.4128508647576,139.19826737131586,140.88811461229923,6542300
2023-07-31,145.55740356445312,145.8420009808221,142.8536534684544,143.30725053319696,13056300
2023-08-01,144.34779357910156,145.53957122014634,142.79136330175356,145.53957122014634,7531400
2023-08-02,142.0620880126953,143.38728238551892,140.5768101487778,143.34281022543797,7067100
2023-08-03,142.00872802734375,143.81418645942807,141.279436165757,142.2221862549047,6680700
2023-08-04,141.6885528564453,144.98819186486472,141.4484140376874,142.8892333792364,10185400
2023-08-07,142.20440673828125,143.5296012345037,141.48400381928082,143.20051807605972,13927400
2023-08-08,141.99093627929688,142.11545018580915,138.9403387842472,140.4700888191111,6451300
2023-08-09,142.17770385742188,143.5829398862733,141.68853726968925,143.06709271839136,10531500
2023-08-10,143.0404052734375,144.50789139521066,141.9642388320732,142.59571086429457,8647100
2023-08-11,145.99314880371094,146.01094037748302,142.46227460014242,142.74688549651813,6682600
2023-08-14,145.8864288330078,146.08209543464247,144.62349849490803,145.65519265425536,6060100
2023-08-15,141.6262664794922,145.33501586106263,141.50175259993088,145.32611328831143,7876500
2023-08-16,141.083740234375,143.9297814894964,140.94143477887013,142.76468441091507,7920500
2023-08-17,143.44532775878906,145.59139502508907,142.7449385221838,142.93349747742775,8270500
2023-08-18,144.47796630859375,144.85511166697336,142.01762925586155,142.21517636685178,5999200
2023-08-21,143.9930419921875,145.52851884189826,143.17591680490622,144.7473050721002,6802300
2023-08-22,142.80780029296875,144.79224578318107,142.74495186915127,144.10981904564522,6080800
2023-08-23,142.99636840820312,143.14004151723705,140.70662790062886,141.99965847909064,4975600
2023-08-24,141.82008361816406,143.57105693701953,141.47886338628663,141.6315109370153,5989600
2023-08-25,142.87960815429688,143.58898544691087,141.55964080358325,142.83472230405152,5291800
2023-08-28,143.85836791992188,145.28608322222578,142.96940612908506,143.2477641652226,4386100
2023-08-29,143.6339111328125,144.52285939099136,142.86168528849655,144.4869479639771,5374800
2023-08-30,143.83145141601562,144.79224997704227,143.6069673075241,144.19960864228318,5534900
2023-08-31,144.65756225585938,144.78327280617953,143.60696459074245,144.57673756525028,7003700
2023-09-01,147.53094482421875,147.88113945213715,146.04036719711115,146.04036719711115,6663000
2023-09-05,149.47047424316406,150.45819589757343,148.33906579895609,148.41090234314547,9755800
2023-09-06,149.62310791015625,150.35043401328917,148.680272194406,149.30882477109998,7195500
2023-09-07,149.63209533691406,150.76349007324035,149.30883774061803,150.0810634594686,7925900
2023-09-08,150.1439208984375,151.2932781602772,149.69495278986201,150.33247983124437,7434400
2023-09-11,147.04603576660156,151.38306951004353,146.24687304998926,150.9251269538117,7155100
2023-09-12,149.78475952148438,150.1259797170489,148.2492960442866,148.42888057300746,7521100
2023-09-13,149.2370147705078,150.6288188173006,148.6802986323591,150.32352375453652,5759500
2023-09-14,150.16188049316406,151.3022634068717,150.06310695415914,150.5839116415105,8822800
2023-09-15,149.5063934326172,151.18552992335177,148.94967731299835,149.24599793514338,17439700
2023-09-18,150.15292358398438,151.17657051611033,149.41660917067912,150.73657675439705,7027600
2023-09-19,150.13494873046875,151.7153254095965,149.44353393335035,151.47287876879017,6615100
2023-09-20,149.67698669433594,151.31122344621835,149.59617572504143,150.0182068332492,5939100
2023-09-21,148.33009338378906,150.736555990432,148.20438285510502,150.0631037936061,7150000
2023-09-22,149.30882263183594,150.3324692996191,149.00352762773286,149.26392308383998,5963000
2023-09-25,151.49085998535156,151.55370841023532,149.04847181815546,149.35376691369936,5510000
2023-09-26,150.67373657226562,151.22147834581423,149.93742211869227,150.3504789075251,5659200
2023-09-27,153.58302307128906,153.75363316534632,151.58062890199932,152.08347105200744,9124400
2023-09-28,153.178955078125,154.17566495138718,152.13734564812793,153.1430436535897,7151800
2023-09-29,151.41001892089844,153.098143598403,150.69168082116295,153.08916916765364,7396100
2023-10-02,149.5423126220703,151.36513600473413,148.36601820427964,151.15860078070003,6839600
2023-10-03,149.8925018310547,150.2786215695557,148.6174339134988,148.9855910893805,6168600
2023-10-04,146.3995361328125,148.14153483996378,145.00774575470626,147.8901137586658,9664700
2023-10-05,147.1717529296875,147.93500425924117,144.91793776695945,144.94487475963354,8073000
2023-10-06,145.67222595214844,147.59380940056252,142.76292063294406,147.5399354059732,10190400
2023-10-09,149.70396423339844,151.02393189508214,148.11461289968128,149.39866913242443,8183500
2023-10-10,149.5423126220703,150.31453842555888,148.77008681858175,149.74884784610444,6512900
2023-10-11,144.65756225585938,148.23134535903688,144.10083236036527,148.22237092737913,12570700
2023-10-12,144.77427673339844,146.59708646378527,144.47795608787553,146.59708646378527,7397000
2023-10-13,147.31544494628906,148.01583424861514,145.7350818002701,146.73179176149142,8042800
2023-10-16,148.5186767578125,148.88683397431427,147.12688628322184,148.46480276543122,5446000
2023-10-17,150.48513793945312,151.03287961853778,147.8452030829278,148.00683873813358,7538300
2023-10-18,151.67942810058594,152.37981745676257,150.47619650935155,151.27535942608762,6893500
2023-10-19,151.84104919433594,152.80183400793908,150.41331991960598,151.481866417093,6580200
2023-10-20,149.802734375,151.84105388183514,149.14724462575117,151.22147556070826,7458300
2023-10-23,144.28041076660156,147.64767218704787,143.89430470040617,146.6330133959869,16232400
2023-10-24,140.6616973876953,144.63956179750429,140.50007545166466,144.46895173074827,17689900
2023-10-25,139.9613037109375,141.3441330586333,139.33275114444774,140.92210197082912,10502400
2023-10-26,138.95562744140625,139.34173343209054,137.9499432783038,139.189085921721,10830400
2023-10-27,129.61712646484375,135.81288222287196,129.2669318124582,135.33697702094858,24524300
2023-10-30,131.17950439453125,131.49378756480425,129.59016708590255,130.7933983810038,13857100
2023-10-31,130.85626220703125,131.565639605857,129.50935766393687,131.18850797796117,14261300
2023-11-01,129.2848663330078,131.107675949798,129.14120693620356,131.08073895655838,10819600
2023-11-02,133.57701110839844,133.79252077235572,129.15019132663988,129.78771848436966,11099100
2023-11-03,132.54437255859375,133.39740926963424,131.23337958372284,133.1639507733619,13160000
2023-11-06,131.9966278076172,134.08882089935045,131.71826976433167,133.55005367262902,10634200
2023-11-07,129.67098999023438,130.7485108566413,128.62040611788103,130.34444224441634,15054600
2023-11-08,127.86614227294922,129.88649924236927,127.73145728889024,129.19509805563646,12654100
2023-11-09,127.45308685302734,129.22202254673,127.30941374965363,128.44979674287288,10359500
2023-11-10,128.36000061035156,128.79999436162382,127.2645171491607,128.66529568604827,11988200
2023-11-13,129.3028106689453,129.5721942647894,128.2701895365317,128.53955943095693,8747700
2023-11-14,130.2456817626953,130.64975041544827,129.17713521999084,129.73385142149837,11224400
2023-11-15,130.70359802246094,131.67337081414342,129.670976818178,130.0750453893574,10052100
2023-11-16,128.63485717773438,130.21363539981388,127.70028892016798,129.76904330051354,14031300
2023-11-17,131.07562255859375,131.7379833505451,129.20647227500032,129.70551691758484,11075600
2023-11-20,131.00302124023438,132.19164592640476,130.90321232066813,131.22985843515372,8062400
2023-11-21,130.6945343017578,130.93045388531934,129.478690053565,130.5039987789307,6783300
2023-11-22,130.9576873779297,131.01212610461215,127.68215682040956,128.60765670915376,7216100
2023-11-24,131.474853515625,132.41850414956696,130.8397120379982,130.9304524683931,3861000
2023-11-27,130.98487854003906,131.40226509648645,129.61478678167254,131.24800361070223,9850800
2023-11-28,132.02833557128906,132.9447668358092,130.71268241420734,131.3659747402837,9746500
2023-11-29,130.57656860351562,132.91753015946762,129.80531658861253,132.82678974181647,16417100
2023-11-30,130.2952880859375,132.48198808557422,128.87074388042646,131.54741996598855,16276000
2023-12-01,131.3931884765625,132.9356787962629,129.38795521446553,130.19549516004687,11906500
2023-12-04,131.44761657714844,132.20071774456792,129.9777159476312,130.65822754945125,11842800
2023-12-05,129.62387084960938,131.62911811008246,129.4151844688512,131.34782830726525,9597600
2023-12-06,129.32444763183594,130.6854710873131,128.2537824924829,128.75281335012065,18079700
2023-12-07,129.224609375,130.66729058770343,127.92710728742283,130.21361620546637,14786700
2023-12-08,130.93951416015625,131.26616030951712,129.85976678185096,130.2136322899048,10821700
2023-12-11,130.97581481933594,131.9285200560494,130.49492102621838,131.42040690445688,9849600
2023-12-12,129.2971954345703,130.28620223824197,128.61668387965153,129.9051174288926,9863900
2023-12-13,131.2117462158203,131.27525344967356,128.5259869453839,128.99781232634862,10641300
2023-12-14,136.038818359375,136.038818359375,132.33684691051766,132.33684691051766,14960500
2023-12-15,135.5125732421875,135.93902836265335,133.67065595381223,133.67065595381223,30850900
2023-12-18,135.81195068359375,138.02588379059165,135.48531843342306,136.8554100256849,11561700
2023-12-19,137.5903778076172,137.76277630275487,135.6395833358945,136.06603839911577,8738100
2023-12-20,136.32919311523438,138.87884169971932,136.15679458260982,138.0531507513847,9370000
2023-12-21,136.74658203125,136.82824012330514,135.39462695646316,136.8100892656103,7264700
2023-12-22,137.05502319335938,138.27086712224488,136.78281581576232,137.68109600831988,6396100
2023-12-26,138.28903198242188,138.8334329477253,137.82627524011363,137.98053671757887,5165600
2023-12-27,137.83538818359375,138.79717589632008,137.3181926144597,138.16203437329767,5337200
2023-12-28,135.89366149902344,137.93519671736104,135.55793295959833,137.1730130469461,8148000
2023-12-29,135.3401641845703,136.31102030052674,134.8955582428435,136.1295532909601,7658600
2024-01-02,135.63050842285156,137.4452062058254,135.4127535497237,136.0932652183389,8879700
2024-01-03,138.21644592285156,138.9967664534461,134.9046144585069,135.54883820558547,10255300
2024-01-04,136.70118713378906,140.04930675416364,136.63766606584707,139.4232338046568,8220300
2024-01-05,136.46527099609375,137.94425415490335,135.94808931503582,137.8988839402379,7455400
2024-01-08,135.64866638183594,135.8301334006285,132.99920914133537,134.66872786630074,10038200
2024-01-09,132.20071411132812,136.0569464156619,132.10090519200244,136.0569464156619,11784700
2024-01-10,131.1119384765625,132.4911129170816,130.75807289883596,132.4911129170816,8490400
2024-01-11,131.81964111328125,132.6271810438998,131.22078754359697,132.07369768616945,8612500
2024-01-12,133.62525939941406,134.7412945279831,132.62717019822634,134.13337250363918,9386900
2024-01-16,130.37696838378906,132.99920620584638,130.27715944889917,132.93568513589565,9380400
2024-01-17,129.85977172851562,130.67639405554746,128.8798332431048,129.22463025974352,8167000
2024-01-18,128.6802520751953,129.92331587379215,126.6840730401591,129.75091733485283,11187800
2024-01-19,129.06130981445312,129.07037831904665,127.9452607224183,128.5985530243257,11192500
2024-01-22,129.28814697265625,129.442394620943,127.86360258458352,128.76188296053644,9184600
2024-01-23,128.92518615722656,130.05030364024765,128.75278767204134,128.83445958531692,6767200
2024-01-24,131.49301147460938,131.54745019776902,129.04317201709895,129.47869564742274,8100000
2024-01-25,134.80482482910156,134.9137022603149,131.7742691582318,132.67254950087585,9773600
2024-01-26,135.322021484375,135.43089892766668,133.36214443484766,134.3148635987884,9151900
2024-01-29,135.267578125,135.39460641950046,133.48009965200004,135.276646629948,10494800
2024-01-30,136.2112274169922,136.38362594215846,134.02452684975114,134.45096814220585,9902900
2024-01-31,133.7704620361328,136.44715277445928,133.6888039455185,136.43807042324818,10428000
2024-02-01,134.1878204345703,135.21312906213694,132.94475694454326,134.46002785769048,8641100
2024-02-02,138.13482666015625,139.16920404060664,135.6940554597392,136.88268051985654,12839100
2024-02-05,138.21644592285156,139.2871108732949,136.81912100188165,137.572222175773,8277800
2024-02-06,138.23460388183594,139.31433739167105,137.7446277459022,138.3707006723482,6198200
2024-02-07,138.03500366210938,139.53212392920673,137.1639425564032,138.84254369409734,6252000
2024-02-08,139.7861785888672,140.00394732352513,137.5994642720419,137.87167172910273,9237000
2024-02-09,137.04595947265625,140.9294251537937,136.99152075874608,140.1128029100085,9194500
2024-02-12,137.9896240234375,138.47051783858421,137.36355105974386,137.57223743262654,6713000
2024-02-13,136.64675903320312,138.8879120739616,135.73941007241172,138.47959396556834,6987100
2024-02-14,137.01873779296875,138.0984850840307,136.1749100515772,137.2637258464557,5995100
2024-02-15,141.67840576171875,142.2562635999837,137.28477152158365,137.50491650518794,8950300
2024-02-16,141.83432006835938,142.87998412580845,141.33899741181452,142.51307586241984,7570200
2024-02-20,141.25645446777344,142.7332270515995,141.10052369757065,142.6048126528372,6977900
2024-02-21,142.57728576660156,142.69653269812937,141.34817461250435,141.77928306143855,6628900
2024-02-22,142.568115234375,143.6688260796207,141.10052410091376,142.0086063494055,8874900
2024-02-23,141.86183166503906,142.10031153112763,140.56850632283715,142.05444625023247,6561600
2024-02-26,141.669189453125,142.67816955126494,141.10049921387377,141.75173855312264,6900800
2024-02-27,139.5687255859375,141.1463962786438,137.49573218945665,140.5226591694685,15093800
2024-02-28,139.73382568359375,141.12804924373668,139.2201680551518,139.75217459778688,6715900
2024-02-29,139.4311065673828,140.55933365185953,138.94496539938612,140.25663960452076,9334400
2024-03-01,140.16493225097656,141.5775047057476,139.6512746296491,140.38507722988282,7459100
2024-03-04,136.56011962890625,139.9631076750611,135.45024149767198,139.88055857333197,12503200
2024-03-05,137.21136474609375,138.15613071744193,136.02811891658138,136.51426008645495,6985500
2024-03-06,136.0556640625,139.79804491362827,135.88138436169837,138.3487885548981,14692100
2024-03-07,137.00958251953125,138.2753915779082,136.16571447931983,136.21157976331256,8739300
2024-03-08,137.47738647460938,137.57828449922292,136.11067941322938,137.00958018043775,7528400
2024-03-11,139.4219512939453,139.49533294784487,137.21137620712398,138.04607677459717,7577100
2024-03-12,139.32106018066406,139.94479727169244,138.31207988464175,139.26602743653922,6432900
2024-03-13,141.15553283691406,142.06361493096367,140.47676313060367,140.55932622723904,8065600
2024-03-14,142.81578063964844,142.84329701195088,140.1190641850458,141.0454953729626,9047200
2024-03-15,142.6781768798828,144.04486981487887,141.6416803618377,142.3479664668138,20387200
2024-03-18,142.5497589111328,143.70548832974427,142.11865049391125,143.1184491652899,7242700
2024-03-19,143.65965270996094,143.86144877653808,142.18288003880315,142.44889030661872,7736700
2024-03-20,141.76095581054688,143.4853758736524,141.4674291638186,142.87082020270108,8449100
2024-03-21,142.0452880859375,142.80660701102693,141.6325285231135,142.1278371992784,7899100
2024-03-22,141.86183166503906,142.43052195900643,141.40320684832508,142.24707483154458,5974700
2024-03-25,143.52206420898438,144.2925506114993,142.42136734880302,142.61398195137178,6058700
2024-03-26,142.4213409423828,143.879764361619,141.85263670643894,143.56790287501204,6677900
2024-03-27,143.4119873046875,143.49453641350235,142.03611283996503,142.05444775562245,7416900
2024-03-28,144.6869659423828,145.09972548883354,143.4303243948572,144.14577800767017,8331600
2024-04-01,145.9160919189453,146.38388425287212,143.95317801366352,145.17312186077666,6285700
2024-04-02,146.5581512451172,147.87899301012726,145.86104653408154,146.80581257508638,8815400
2024-04-03,147.16354370117188,147.63133600827757,146.50312279930523,146.8516821631014,7819700
2024-04-04,147.39283752441406,148.54856695876666,146.5948348670838,147.4937355382469,9269700
2024-04-05,148.2275390625,148.7503640498312,146.6315197403118,147.97987775475468,7432800
2024-04-08,147.9248504638672,149.05306358005225,147.062633579779,148.2733958028784,7253200
2024-04-09,148.59445190429688,149.08059312725715,147.1818935197956,148.45687004727782,6576200
2024-04-10,149.20901489257812,149.3007454658662,147.6863769511664,148.78708784614187,7525800
2024-04-11,148.49356079101562,150.08039893237117,146.57651218131994,150.08039893237117,7682500
2024-04-12,145.80601501464844,150.30970029785885,144.96213299406335,148.86044412667226,11071000
2024-04-15,144.54937744140625,147.2094099797049,144.33841392847697,146.70491984346552,7236900
2024-04-16,143.3477783203125,144.75116920563448,142.55894303869653,144.2833769092336,5541900
2024-04-17,143.45785522460938,144.65946415320607,142.7607504535866,143.08179346436262,6733900
2024-04-18,144.53103637695312,144.96213084290875,143.4486744946848,144.1366117431719,4979200
2024-04-19,146.7599334716797,147.4478706598282,145.06301614246624,145.6133714914322,7734700
2024-04-22,148.52105712890625,149.2365107144452,145.32903236295422,146.714074253704,6779200
2024-04-23,149.3740997314453,149.3740997314453,147.31028817603084,147.96152754013562,5597600
2024-04-24,150.0345458984375,150.28219324972443,148.08996694253423,148.48439160663602,7610300
2024-04-25,151.60304260253906,151.8965692504394,149.20902011557047,150.1537862698032,9702600
2024-04-26,152.16253662109375,153.1623353328387,149.78686349997267,151.55714852189988,9736400
2024-04-29,152.5661163330078,153.28156984825927,151.06182766041277,152.18087320911218,6364000
2024-04-30,147.9248504638672,152.37350273304688,147.63132386668036,152.2359208881896,8457300
2024-05-01,146.42056274414062,148.08994979080342,145.7509604378196,147.47539421895755,7713700
2024-05-02,147.42955017089844,148.39266521920052,146.65906373070501,147.13603752535263,8597100
2024-05-03,146.98927307128906,147.36534882947953,144.0448952028005,147.36534882947953,11664500
2024-05-06,148.86961364746094,150.4472840872919,147.42952504989267,147.42952504989267,8430300
2024-05-07,149.20901489257812,149.64929085289606,148.61280815456675,148.87880442330956,6869900
2024-05-08,149.0897674560547,149.58509015638825,148.17251771067296,148.54859346534835,6706400
2024-05-09,151.75894165039062,151.81397438633346,149.26402164945037,149.53003186799802,6683300
2024-05-10,152.0983428955078,152.6486842849938,151.36454038007432,152.30012494103613,5490900
2024-05-13,150.91510009765625,153.09815897924275,149.49336018734672,152.70373430915254,6848300
2024-05-14,150.0712432861328,151.52966713771582,149.53006925257006,150.74083173437356,4924000
2024-05-15,149.5575408935547,150.2454780513023,146.9158577290463,149.63092253658183,7603100
2024-05-16,149.25180053710938,150.0949297701643,148.68662770519288,149.65946804045242,6409400
2024-05-17,150.7156982421875,150.99365465658119,149.34446450528267,149.86330893884394,5497900
2024-05-20,149.29815673828125,151.02146978103534,149.23330824383828,150.76204752835858,4913800
2024-05-21,148.214111328125,149.59461916308248,148.00101754737648,148.77928415854922,4783300
2024-05-22,145.99049377441406,147.79718923738193,145.01765340590822,147.79718923738193,6260500
2024-05-23,145.4067840576172,146.94479724913162,144.84161121675706,146.31476178741786,6718400
2024-05-24,146.1572723388672,147.28761814341905,145.7403447539804,146.46302300443793,4477700
2024-05-28,147.35244750976562,147.7045265585074,146.34255292384282,146.50005825158263,6928300
2024-05-29,145.36972045898438,146.84288521569155,144.94353287555882,146.4074234647238,5909600
2024-05-30,146.62979125976562,146.81510497886302,145.28635162102063,145.32342001982084,6369600
2024-05-31,150.37289428710938,150.63231650551995,146.8614060335261,146.97259708245247,10334200
2024-06-03,145.88858032226562,149.79844781060044,144.9620683566757,149.6224224125969,9009900
2024-06-04,144.65634155273438,144.8601753497546,142.78478311530003,144.2764681912464,6360500
2024-06-05,143.59083557128906,145.4809280968617,143.17390797041196,144.68412715715013,7058500
2024-06-06,144.4710235595703,144.55442039222189,142.11768906897592,143.14611805545496,5215100
2024-06-07,144.61000061035156,146.101685557265,143.72981700160304,144.26719568022204,5887700
2024-06-10,145.22149658203125,146.57419619076433,144.83236323688402,144.91574592424743,7074700
2024-06-11,144.9898681640625,145.23075619490336,143.1275699935945,144.69337753768804,5132000
2024-06-12,142.8866729736328,146.04608209210002,141.2004144514772,145.91637098558422,10017400
2024-06-13,141.6081085205078,142.76624866635882,141.0429355638344,142.4697721404965,6163000
2024-06-14,141.35794067382812,142.02501629816075,140.8020278265248,141.87678512467073,6159100
2024-06-17,141.932373046875,142.61798286685348,140.76495889942896,141.2930775161214,6321400
2024-06-18,142.0620880126953,144.48954495188474,141.6080920388788,142.26592178563732,6942900
2024-06-20,145.1288299560547,145.8422481095203,141.98795503975964,142.4141567533424,8336000
2024-06-21,143.86878967285156,146.08315290192584,143.81320121196757,145.2770919442042,21289800
2024-06-24,147.6026153564453,147.81570914481907,144.71190261867858,144.78602527060212,7971600
2024-06-25,146.8151092529297,147.64896446333566,146.08315679856125,147.42659647641634,5985400
2024-06-26,144.48951721191406,146.81507095560994,144.3412719259716,146.81507095560994,8637800
2024-06-27,144.83238220214844,145.40681519580693,144.2023466055155,145.18444719626828,5568700
2024-06-28,144.9250030517578,146.92627233309935,144.69337505542063,145.94417189062182,11283400
2024-07-01,145.01766967773438,147.03745915592793,144.51734525495763,145.61063682281846,5584100
2024-07-02,145.2307586669922,146.12947645449216,144.0262902173833,146.0924080568388,7216800
2024-07-03,145.19369506835938,146.14800125350982,145.05470979227547,145.4067888600807,3264200
2024-07-05,142.97006225585938,145.0454541933748,142.38635518086576,145.0454541933748,6183100
2024-07-08,142.98858642578125,143.86876992300338,142.05281447530612,142.05281447530612,4990700
2024-07-09,141.73779296875,143.38698309498028,141.15410005859115,141.75632716608132,5301600
2024-07-10,143.72982788085938,144.0170443724325,141.10779691794363,141.29309651210826,5416600
2024-07-11,143.85025024414062,145.16589560789214,142.88668396979142,143.60936220991618,8322500
2024-07-12,144.15599060058594,144.94353141138933,143.2016844251138,144.6841091969377,6446300
2024-07-15,146.42593383789062,147.79718162307037,144.87866066791105,145.4160392641383,5661200
2024-07-16,146.17579650878906,146.67610674883665,144.6748375137451,145.47163836822872,6924200
2024-07-17,149.38150024414062,149.61312820451187,146.65755316818294,146.85212687537222,7296600
2024-07-18,150.067138671875,152.2073789715884,148.46427698891065,149.38151475310204,6577700
2024-07-19,147.45437622070312,150.7434965829635,146.76876640226888,150.53966281600984,6427700
2024-07-22,145.453125,147.29687484509398,145.32341388457905,146.59273080958764,5577300
2024-07-23,142.76622009277344,145.09177408817004,142.53459210996184,144.86014610535844,6238700
2024-07-24,143.67420959472656,144.25790248831882,142.14545645091374,143.32213054267575,5971700
2024-07-25,145.9626922607422,146.6297820226033,143.25727895428363,143.95216294476805,5432100
2024-07-26,146.24063110351562,147.35244252713957,145.5179529712876,146.13871423166555,5232500
2024-07-29,145.091796875,146.62053614666678,143.4796607719614,146.62053614666678,5072000
2024-07-30,147.84352111816406,148.32529716125097,144.94353414221678,144.96206834001262,5740900
2024-07-31,148.67739868164062,149.80774458120283,148.28826529387453,149.80774458120283,6209200
2024-08-01,141.4042510986328,147.77865792037358,140.85761243410985,147.04671969096407,16689900
2024-08-02,137.6333770751953,140.86689529834285,136.21581467472745,140.02378002082514,13278600
2024-08-05,134.02920532226562,135.05763402367882,132.87106552956828,134.82600606513935,13037200
2024-08-06,132.7042999267578,134.4276126840212,132.6023830488436,133.87171400785726,9692700
2024-08-07,131.94456481933594,135.02057701659788,131.82411374675692,133.9550939724675,8867900
2024-08-08,133.87171936035156,134.17747000631886,132.2225291881284,132.55607406214264,7531100
2024-08-09,134.33497619628906,135.37266508315815,132.66725181564178,133.6122979875837,7653100
2024-08-12,134.36277770996094,135.95637952260466,129.4244669244076,135.12251021834138,8442200
2024-08-13,133.5566864013672,133.9272996484749,132.53753178108315,133.49183791902948,7794800
2024-08-14,134.03848266601562,134.56660126568252,132.88960275376778,133.77906044993554,5874200
2024-08-15,136.01194763183594,136.6790373204554,134.7889451568838,134.8908620297965,6304200
2024-08-16,136.44741821289062,136.77168891144197,134.93719921729195,135.3170725080481,6874400
2024-08-19,137.5623016357422,138.40548920173407,136.68163080709337,136.794052003712,5967400
2024-08-20,135.55738830566406,137.26250522434398,135.435589134445,137.09387341405053,7497600
2024-08-21,136.1476287841797,137.38430495170306,135.42622601397923,136.25067202710233,5985000
2024-08-22,136.53172302246094,137.0938575832149,135.96960275738266,136.1757178099474,4027000
2024-08-23,138.30242919921875,138.74276460566716,137.08449480249843,137.2812318930621,4824100
2024-08-26,139.12689208984375,140.61653012974244,138.23685759217526,139.56722750475862,5780300
2024-08-27,137.67474365234375,140.11064144907607,137.4780065285094,139.28618109405684,5100000
2024-08-28,136.78469848632812,137.8527428204902,136.29751610536803,137.1969286320884,5614400
2024-08-29,138.11508178710938,138.82710664651214,136.26006024835053,137.21568346951415,4466700
2024-08-30,138.61160278320312,138.73340194202694,136.50361959499588,136.99080193461526,6414800
2024-09-03,135.52926635742188,136.5692052801985,135.17324685184997,136.36309022914904,7944700
2024-09-04,133.10276794433594,136.344370084073,132.72800674897354,135.51054608094873,9820700
2024-09-05,132.03469848632812,134.1333181220933,131.72554018193608,134.1333181220933,9371100
2024-09-06,129.81427001953125,133.1402014777515,129.16781963831664,132.16585122051038,7836400
2024-09-09,131.44447326660156,133.0559105406965,129.7955527280802,129.88924659346955,9892300
2024-09-10,129.50514221191406,132.1752605447549,128.43709773791352,132.00661441955535,8202500
2024-09-11,129.17723083496094,129.7393511794879,126.82564902897157,129.48640345750576,9534000
2024-09-12,130.4232940673828,130.66687813738912,128.74626799470022,129.50513980479553,6591500
2024-09-13,131.7349090576172,132.59683832717914,130.89172142095453,131.04161159711688,5900700
2024-09-16,133.1215057373047,134.13333960073274,132.16589677935514,132.74675880818867,6864300
2024-09-17,134.358154296875,135.04207366157874,132.7935641990509,132.84977479126292,7338800
2024-09-18,134.8734588623047,136.4099438574297,134.15205614820246,134.27385531044314,6180300
2024-09-19,135.8384552001953,137.51546681199545,135.78223030125994,136.60669060418417,7247400
2024-09-20,136.48489379882812,136.7003868426219,134.38628833054332,136.06329997140858,23162900
2024-09-23,138.22747802734375,139.05193824923774,136.737840004702,137.01890728904547,6960600
2024-09-24,138.14317321777344,139.6890362578918,137.63726350189285,139.482921185876,6014200
2024-09-25,134.88282775878906,138.1057023358526,134.4424923197323,137.674730565148,7888400
2024-09-26,133.02780151367188,134.1801616881604,131.75364217672453,132.00658987397173,8046200
2024-09-27,136.306884765625,136.56921042308005,133.82414039200768,133.9553032207352,8049200
2024-09-30,137.97454833984375,138.1712854575804,135.17326738999245,136.19446483719497,7491700
2024-10-01,140.25115966796875,141.01940937072374,136.26941323683855,137.11261517613138,9489100
2024-10-02,141.42225646972656,142.66831055292815,139.8389244820819,142.106175946964,8105400
2024-10-03,141.7033233642578,142.565252607422,140.5509631505975,141.75953396555684,6553300
2024-10-04,141.22552490234375,142.87443122445757,140.66339027433722,142.85568959134335,7892400
2024-10-07,141.5814971923828,143.10861828288134,141.17864509612872,141.93751666027183,5895900
2024-10-08,139.3611297607422,140.15748479193186,138.40550658245016,139.78272359668114,5892700
2024-10-09,140.2042999267578,140.87885569830647,138.05884774757956,138.1993742434538,4973500
2024-10-10,141.1130828857422,141.9843900893662,140.3916944444343,141.16929348681276,4420900
2024-10-11,141.86256408691406,142.71512949700792,140.766414686368,140.88821382943112,5051300
2024-10-14,142.19989013671875,142.31231135570832,140.70087383702275,141.01942445029144,4214700
2024-10-15,138.405517578125,140.49477388147514,138.24624941836953,139.4079877724247,6704600
2024-10-16,139.34237670898438,139.62344400847158,138.85520863859503,138.98637147226552,4303700
2024-10-17,141.65646362304688,141.77826277863318,139.56722212150225,139.83891143510763,6593100
2024-10-18,141.23487854003906,141.54405113391635,139.95135552858684,141.30046710344172,5208200
2024-10-21,141.356689453125,142.85569131981714,140.99130622920305,142.40599218937726,5074000
2024-10-22,141.3941650390625,142.10618988687656,140.73835079822345,141.7033376731034,4416400
2024-10-23,140.98191833496094,141.4691006977692,139.86702710837886,140.8694971341885,5248600
2024-10-24,140.9538116455078,141.8906930978484,139.95135592525514,141.59089846685117,5474300
2024-10-25,141.2910919189453,142.51840435486622,140.96319198251146,141.83448488593257,6839900
2024-10-28,141.0381317138672,141.18803618163471,138.80836351245213,138.89267941469254,8892000
2024-10-29,139.14564514160156,140.92571428303805,138.53666358587427,140.56969473647985,6014700
2024-10-30,138.70529174804688,140.20429338490882,138.33990858014627,139.67027842982736,5784000
2024-10-31,139.42672729492188,140.12938849855544,138.5554199686633,139.370502390261,8400900
2024-11-01,143.408447265625,146.08791442996161,142.12490998623852,142.85567635754418,11728000
2024-11-04,144.2516326904297,144.67322646827606,142.9868370612147,144.67322646827606,6130000
2024-11-05,143.72698974609375,144.9074552518701,142.92127111005306,144.77629241789495,5978900
2024-11-06,147.7649383544922,148.59876224448132,146.26592236778825,147.1840764500905,12118900
2024-11-07,146.8749237060547,148.03664767177938,146.52826781359482,147.97107339742936,8143200
2024-11-08,147.02481079101562,147.63379235940167,145.84434521648393,146.71565246809922,6041500
2024-11-11,146.6219482421875,147.97105982961557,146.05981364886696,147.22155180374702,7771700
2024-11-12,145.4883270263672,147.5307362028583,145.32905888117622,147.37146805766736,5681900
2024-11-13,148.70184326171875,148.9829105905836,144.776307213859,146.2191128307154,8824000
2024-11-14,151.58741760253906,151.61552290166804,149.60121925814178,149.75112371728045,10111200
2024-11-15,151.2313995361328,152.1308120039131,150.61305435801364,151.32509339791193,9022800
2024-11-18,152.14944458007812,152.8687470661849,150.54997568253643,151.9601597727098,6075400
2024-11-19,151.0515899658203,151.8371212101593,150.2471114664059,151.4112267746186,4657400
2024-11-20,152.6889190673828,152.79302787604024,151.2219365604844,151.34497818203542,6391300
2024-11-21,152.9728546142578,153.93821145632248,152.6510545587313,153.34196504010725,7945200
2024-11-22,153.66375732421875,153.90036695212365,152.51856037089658,152.85927881273986,7005900
2024-11-25,151.77085876464844,154.43034829427623,151.26924757998927,153.46497710578913,10702400
2024-11-26,153.82464599609375,154.2126892413701,152.7551658854803,153.6164283738238,7369500
2024-11-27,153.42713928222656,155.85947861411427,152.95392005236855,154.04231850444006,7674500
2024-11-29,153.25677490234375,154.03286138162673,152.05480844029086,153.55964214543127,5077000
2024-12-02,153.52178955078125,154.22214477135495,151.53426300041264,153.59749191935282,6229600
2024-12-03,153.247314453125,154.45875453247737,152.7457032222137,154.2505369149476,5900100
2024-12-04,149.8401641845703,153.17161761645627,149.40479607982593,153.16215842951868,7862700
2024-12-05,150.79603576660156,152.0642597882766,150.19031575315196,150.7581701424148,6358400
2024-12-06,146.92510986328125,150.3228204255666,146.85885224000046,150.24710361674767,9701700
2024-12-09,148.6665802001953,151.5058960609137,148.42051135787568,148.5908633775953,9404500
2024-12-10,148.59085083007812,150.97587999530361,148.3069163796812,150.54051191249422,9126200
2024-12-11,147.84317016601562,148.75174307396645,147.45512690002334,148.45834943824264,13764700
2024-12-12,146.4235076904297,148.1460182626245,146.00707243694146,147.52136538239213,7621500
2024-12-13,145.62847900390625,146.66010788515882,144.8713398006262,146.5749174495109,5816200
2024-12-16,141.3600616455078,145.64742709863233,141.2559528279074,145.64742709863233,11961200
2024-12-17,140.177001953125,140.68807237114527,139.04127868079834,140.07289314407393,11909300
2024-12-18,136.36285400390625,140.70700303602638,136.26820438203026,139.84574057807092,10174500
2024-12-19,133.58978271484375,137.0064261295859,133.4004979113396,136.8266149532351,16544300
2024-12-20,135.19873046875,135.19873046875,133.02191927249024,133.2774616826978,32209200
2024-12-23,135.31231689453125,135.6719681548346,133.958902295999,134.8485568189562,8156500
2024-12-24,136.1356964111328,136.32498120341754,134.64032200152687,135.43534123552897,3556100
2024-12-26,136.26820373535156,136.58053015625447,135.24604847826149,135.97481012703494,4492600
2024-12-27,136.28713989257812,137.90555603306467,135.7098118473174,136.56160069504404,5296500
2024-12-30,135.40695190429688,136.2681998923719,134.72551508545442,136.0883742816351,6194800
2024-12-31,137.0821533203125,137.55537258566142,135.64357715153605,135.83286196937442,6137800
2025-01-02,138.85198974609375,140.13914660085086,137.68786006818902,137.68786006818902,7170300
2025-01-03,139.9309539794922,140.5461332981337,139.41040985675323,139.6375458801251,5809000
2025-01-06,139.37252807617188,142.27810119819767,139.00341763945414,140.4514673866933,5888700
2025-01-07,141.57772827148438,142.43899075129062,139.7227169442918,140.55557298361077,7736000
2025-01-08,142.2497100830078,143.0825661465588,140.1012906346492,140.1107498207501,7640900
2025-01-10,144.93759155273438,146.073314866317,142.78917211054946,145.19313399177975,11074700
2025-01-13,147.0292205810547,148.9220975016141,145.75152288307515,145.84617250570506,11774100
2025-01-14,148.49618530273438,148.50565892968726,146.18688764243447,146.8967164716856,6830200
2025-01-15,149.84962463378906,150.19034310600054,148.00407225993814,148.4772915579259,7900000
2025-01-16,150.84336853027344,151.33550613861817,149.56567081442472,149.56567081442472,5578900
2025-01-17,152.82142639160156,153.10536083109412,150.29443731897828,150.60676375826952,9260400
2025-01-21,149.76443481445312,152.7551695263774,149.0546059329337,152.51855989920426,10131400
2025-01-22,148.03244018554688,149.95370906756915,147.89993938132136,149.2344066090553,7232200
2025-01-23,147.6538543701172,149.48048805089545,147.28474395981547,149.18709444802798,5979800
2025-01-24,147.31312561035156,149.03565036510807,146.95348885217973,148.07975281621233,8003800
2025-01-27,148.8085174560547,149.4331703158325,147.1901157502272,147.95672860472496,7141000
2025-01-28,147.84317016601562,150.40801051312252,146.8683251870697,149.26282797100654,6425400
2025-01-29,147.35101318359375,148.1933428755522,146.51814267774523,147.37940518342901,5630600
2025-01-30,147.947265625,149.01673125464362,147.1901119757314,148.1744016107273,6931900
2025-01-31,141.19915771484375,146.10170205977485,140.68807285356604,145.52437401514928,16726800
2025-02-03,141.34112548828125,142.7797160861445,139.88361651785158,141.01933985658331,7605000
2025-02-04,145.0133056640625,145.17419847335108,140.75433248634852,140.75433248634852,8458100
2025-02-05,144.79562377929688,145.56223661376424,144.13310531056763,144.79562377929688,6533700
2025-02-06,143.76400756835938,146.94404162093122,142.9690026655929,145.95975189962596,6420500
2025-02-07,144.4454345703125,145.5716986594751,143.78293053007127,144.31293376226424,4724900
2025-02-10,147.42672729492188,147.45511929423674,145.80831112644807,146.02598793503049,5653800
2025-02-11,149.0072784423828,150.20925937045115,147.7579727014289,147.9756639524015,6011800
2025-02-12,146.6033172607422,149.0356711275,146.29100526557212,148.35423425502728,6693500
2025-02-13,147.5308380126953,148.04190844847247,145.10795776314873,146.4897498860126,7836400
2025-02-14,148.6504364013672,150.66957196806092,148.21025401337786,148.4016382951856,5828800
2025-02-18,149.4351348876953,150.53560548843254,148.11455848546254,148.65044032935842,5981500
2025-02-19,150.4590606689453,151.5404031470938,149.28203334069278,149.77964420696725,4945800
2025-02-20,151.95187377929688,152.10498705656278,150.3059571545888,150.71743266034437,6256200
2025-02-21,150.16241455078125,152.10499371080755,150.0667296995684,151.32031368344204,6689800
2025-02-24,151.0906219482422,151.51167611752336,149.99971551041563,150.32507024061132,5925000
2025-02-25,149.68392944335938,152.14326200626982,148.76527904756446,151.18632599300065,6810900
2025-02-26,148.45904541015625,149.94229908008083,147.75090753761776,149.87530655354917,6005200
2025-02-27,149.9231719970703,151.47340375443977,148.14327032681123,148.9853787390542,7517200
2025-02-28,151.78919982910156,151.83704955453953,148.24853917198277,149.95188426543484,8828500
2025-03-03,146.49732971191406,153.19588175655596,145.22460307122995,152.59302200168378,9059800
2025-03-04,145.45428466796875,147.5116914064795,143.5882622257892,144.69831158687043,8826300
2025-03-05,144.31552124023438,144.85140308407776,141.37773520284827,143.68393995212534,9288300
2025-03-06,146.36337280273438,146.72701319135606,143.03323928076978,144.02844639477914,7314700
2025-03-07,149.6073760986328,150.66957568077729,147.09064425756,147.3202995607144,8562600
2025-03-10,150.78440856933594,153.46381761762925,149.4446894435051,150.42076822634576,11750300
2025-03-11,147.44471740722656,151.99972802885105,147.16719775870934,151.6073807198088,10466300
2025-03-12,146.09544372558594,148.1241437390545,145.6648253682329,147.02367298118705,9710200
2025-03-13,146.99493408203125,147.77961397999815,145.3777099658545,145.70306468936067,9022800
2025-03-14,150.2581024169922,150.46862951578726,146.42077951760606,147.35858735830612,6671500
2025-03-17,151.8848876953125,152.58344690803045,150.009286653678,150.44948365177189,7615200
2025-03-18,153.8848876953125,154.15282862784827,151.98059425348225,152.86097368919775,9289500
2025-03-19,156.98536682128906,157.4542561553413,153.97100940872014,154.0380019431195,11503900
2025-03-20,157.67434692382812,158.19108593291045,155.4159774067545,156.10497248665388,9545900
2025-03-21,157.65521240234375,157.7891828637169,156.0858378826792,157.40641428884655,21625500
2025-03-24,157.91358947753906,159.26285819724163,157.24373716958652,157.5977988320003,8068000
2025-03-25,158.79397583007812,160.593020337307,157.9997171295821,158.9279462975301,7869200
2025-03-26,160.73654174804688,161.6839136485428,160.0475466570834,160.16237430501576,10076100
2025-03-27,159.473388671875,160.97578529595376,158.7078515046783,160.047556148958,6862700
2025-03-28,158.93751525878906,159.93273699171942,158.18154215542623,159.52124687088678,4923000
2025-03-31,160.08583068847656,161.64564117424183,158.9757959309468,159.03320975958107,10675300
2025-04-01,161.2532958984375,161.3394312441549,159.0045048391752,160.08583269594766,6378600
2025-04-02,159.3011474609375,160.7461156584193,158.70785177484444,160.19109099007707,7044900
2025-04-03,149.3968505859375,154.40163661158894,149.090638644592,153.2245947637104,15501000
2025-04-04,137.10980224609375,145.8944831732992,136.60262728490466,145.2246162268055,20374700
2025-04-07,134.1145782470703,139.89448002294344,131.37774062774818,132.75573084190827,17817000
2025-04-08,131.0332489013672,138.26769784742964,129.06196293576758,137.94232848673326,12904400
2025-04-09,139.74136352539062,141.11935370771013,128.1145969150179,129.20550337574008,16846800
2025-04-10,129.16722106933594,137.4447264788507,127.70311011351575,137.0523792026675,20991200
2025-04-11,129.78924560546875,131.2150710240119,126.35383397033293,129.1959353048823,17224400
2025-04-14,129.4925994873047,132.57392028210674,128.32513628234034,132.51650645263078,9628200
2025-04-15,128.7461700439453,130.74617749041272,128.4686650135366,128.53565754600254,9334800
2025-04-16,129.53086853027344,131.62656088428986,128.99498666109196,129.5691395487782,8637200
2025-04-17,131.9327850341797,134.20073368534716,130.57393742550929,130.80360736282756,8434400
2025-04-21,127.97106170654297,130.42081580813482,126.63135699526187,130.16245357204318,9967500
2025-04-22,131.38731384277344,132.28683600618854,129.1289443309788,129.435156253727,7984700
2025-04-23,130.79400634765625,132.58348660879327,129.32989542597983,131.30119586460478,10002000
2025-04-24,133.0811004638672,133.3968765037219,131.31076297084647,131.98061527031635,7745800
2025-04-25,132.75572204589844,133.06194856283764,131.33946090926457,132.37295350140843,6878500
2025-04-28,134.06675720214844,134.41125479185567,132.7078950526408,132.9854147063506,6715500
2025-04-29,133.3011932373047,133.98060964848048,132.60263401686493,132.71746166907826,7343800
2025-04-30,130.20069885253906,132.200691419608,128.36338363956017,132.0571568723766,13858000
2025-05-01,130.39208984375,132.00931396718812,129.3011834234551,129.58826713441354,10199800
2025-05-02,132.53564453125,133.76052152195993,129.46387334878048,131.94234884559893,12393200
2025-05-05,129.66485595703125,131.1002602665187,129.35862936219718,130.8801690275365,9665000
2025-05-06,129.7605438232422,131.39689641289212,129.22464733016898,130.47824591385373,9916200
2025-05-07,129.94235229492188,130.43039907241194,128.82273876100595,130.2103078482285,8422100
2025-05-08,131.1385040283203,132.90884148267023,130.59305809698265,130.80358518674376,8669300
2025-05-09,132.5260772705078,133.368171055509,131.77008962290932,132.91840994913653,5965700
2025-05-12,135.52127075195312,137.52127807601758,134.51649963994018,136.31552937890692,8028200
2025-05-13,136.2198486328125,137.0619424034004,134.8514225278692,135.43515408561558,8536800
2025-05-14,135.56912231445312,136.10500414192558,134.6696001319024,135.6552430506502,6453600
2025-05-15,136.1337127685547,136.32511165364946,133.50213871703497,133.9710426228214,7545400
2025-05-16,135.9806365966797,136.84187331533204,134.6409171878249,136.5547895418855,8200100
2025-05-19,134.1403045654297,135.1379530922306,132.81332354295895,135.0895205387903,7713600
2025-05-20,132.9586181640625,134.39213007997776,132.7261507805871,133.9465712898682,6503900
2025-05-21,131.30230712890625,132.82300340798443,131.23451338564018,132.32901211194675,9073200
2025-05-22,131.04080200195312,131.71882820915772,129.56855283889448,130.7502362326262,8877600
2025-05-23,132.25152587890625,132.4936738435721,129.84942220769184,130.16905929459546,7025900
2025-05-27,133.5010223388672,133.636624612658,132.12562362483476,133.06515894307807,8348900
2025-05-28,131.74786376953125,134.4308524752611,131.39917012242225,134.4211718776747,6876300
2025-05-29,133.57850646972656,133.60756304305687,131.8253575742833,132.21278840504667,7554300
2025-05-30,132.406494140625,133.1329379798525,130.96330183893053,132.58084834739924,12858900
2025-06-02,133.51071166992188,134.33402074435017,132.14499346485204,134.14030530905538,9076600
2025-06-03,135.1669921875,136.17432118289693,132.30964925854062,133.32665885155754,9001300
2025-06-04,133.0554656982422,136.21308477783828,133.0167285249121,135.04108206593415,8735600
2025-06-05,132.6002197265625,133.9465618208254,132.40650431046387,133.81095955160248,6342600
2025-06-06,135.80628967285156,136.19372055775398,133.75286460015417,133.75286460015417,6563500
2025-06-09,136.3389892578125,137.67565079685772,135.3026036197932,136.13559323724263,7159500
2025-06-10,138.84764099121094,140.38769841221557,137.452866428966,137.753127523428,9841500
2025-06-11,140.23272705078125,140.5620447331385,138.13088450697597,139.6612614055957,9256700
2025-06-12,140.41676330566406,140.63953529547732,138.92512356281972,139.9615239485203,6999400
2025-06-13,141.32725524902344,142.96417801246324,140.00027422483112,142.46050605920323,14148000
2025-06-16,141.44346618652344,142.25707979063503,139.22539736065139,141.1528856766154,10105100
2025-06-17,144.17491149902344,145.2694103055945,141.89871460212234,142.70264765976103,11330300
2025-06-18,143.53562927246094,145.45343700595816,143.0610139431571,144.74636909049636,9841900
2025-06-20,144.85292053222656,145.19191882700184,143.2547350412938,143.85527206495007,23705900
2025-06-23,142.24740600585938,147.37125061714534,141.72437288660473,147.34219404271673,10540600
2025-06-24,139.04136657714844,141.79216395436643,138.6636163371751,140.00026307425196,10778400
2025-06-25,138.73141479492188,139.6709501277088,138.0340274390483,138.90576902366007,7386100
2025-06-26,139.90342712402344,140.52332539635574,138.89608319427057,139.18666374245086,7415700
2025-06-27,139.27381896972656,140.1261845477499,138.0921504813839,140.00995825239727,9213500
2025-06-30,138.6926727294922,139.57409488145575,137.92747687289466,138.5473750807455,6980300
2025-07-01,140.9979248046875,141.67593615390686,138.03402128460476,138.83795430565732,8508200
2025-07-02,143.3322296142578,143.3612861897847,140.90106919142113,142.39269426011495,8228700
2025-07-03,143.70997619628906,144.30081784944207,142.73170369300337,143.19662366907048,5173300
2025-07-07,142.7704315185547,143.51625137474534,141.00760205246786,142.7704315185547,9460900
2025-07-08,148.42701721191406,148.42701721191406,142.63482743262855,142.6929553571868,14082100
2025-07-09,148.21392822265625,149.12440692145196,147.69088034994698,148.1364391015312,9495900
2025-07-10,149.3278045654297,150.40294211604734,146.91600552497962,147.99114307559728,8395100
2025-07-11,150.43199157714844,150.9937766002345,148.7466512874284,149.4440237931324,8333200
2025-07-14,146.88694763183594,150.03487113343084,146.39297111068112,150.03487113343084,10706300
2025-07-15,145.9571075439453,147.5262216039968,145.53092476725513,146.8385296703238,7346300
2025-07-16,145.2113037109375,146.72230479175397,144.5332923002558,146.02491740375555,7923400
2025-07-17,146.6254425048828,147.0709864900446,143.9327582795587,144.47516736386297,8359600
2025-07-18,145.3275146484375,151.013158857141,141.92776257609933,150.1511127019564,45782600
2025-07-21,144.97882080078125,146.9063239000828,144.446107107695,146.45108454888867,17982200
2025-07-22,145.3275146484375,146.19925618102536,143.8165137273983,144.57201418791792,26196500
2025-07-23,148.31077575683594,148.33015173163832,145.7440133282081,146.17019609663046,13162800
2025-07-24,150.93568420410156,151.10034306081533,147.41969072265667,147.8943060952129,15701000
2025-07-25,149.9767608642578,151.29404639214457,149.12441007294683,150.935672131464,7875500
2025-07-28,151.3715362548828,151.63306019804276,150.0833072942922,150.5191706798661,8755400
2025-07-29,152.0979766845703,152.27233090254234,150.56759979143226,151.75896362600946,6446000
2025-07-30,148.73695373535156,151.40058117267387,147.9039642001347,151.23592234100212,9191700
2025-07-31,146.8772735595703,149.09534248393533,146.3929776147314,147.22596723103592,10237100
2025-08-01,146.64479064941406,149.7927139573665,145.6277810966289,147.74898469548356,10706500
2025-08-04,146.29611206054688,147.30345589923192,145.11444355597828,146.49952285974612,10116600
2025-08-05,148.23330688476562,148.29143481711264,145.19192872504829,146.28644236804126,8604100
2025-08-06,147.98146057128906,150.28671388677162,147.43905150400815,149.62806374826005,7840900
2025-08-07,148.3495330810547,150.27702142688074,148.02989599315765,148.95973590382275,6510400
2025-08-08,150.14141845703125,150.85818175196025,148.6788500733605,149.15346540400066,6332800
2025-08-11,148.6304168701172,151.0325205270144,148.18487289432935,150.46105488089842,6169700
2025-08-12,149.58934020996094,151.14877381027765,148.54325915078513,149.250327122246,6641600
2025-08-13,150.9744110107422,151.11001328222585,149.3568643510661,149.71525339533935,6581900
2025-08-14,150.28672790527344,150.80976104621382,149.2600228207882,150.80976104621382,7337300
2025-08-15,151.633056640625,153.5605449577189,150.4126214542035,150.59665626990443,11617000
2025-08-18,150.4416961669922,151.57494688002484,149.88959170755783,151.22625321605025,8174300
2025-08-19,148.86488342285156,150.7648718260094,148.71798326552073,150.2947763784859,8567500
2025-08-20,150.0597381591797,150.324173416356,148.79633688694472,149.27623569529183,8076300
2025-08-21,152.3416748046875,152.45919493816282,149.57983211549114,149.66798715966343,7533600
2025-08-22,154.91741943359375,155.51483835371138,152.116423284921,152.116423284921,9084300
2025-08-25,154.93701171875,155.05454679705431,153.9282573823613,154.6431964390881,7030000
2025-08-26,154.1143341064453,156.69988155432912,153.32104334712696,154.2612342677764,10270000
2025-08-27,155.95558166503906,156.6901124501049,153.96745286898627,154.1535214481866,7483000
2025-08-28,156.03392028808594,156.22979215881952,154.5942388748921,155.7303017027732,6502000
2025-08-29,157.2875213623047,157.77720852103656,156.1612319307817,156.40607551014764,6934800
2025-09-02,158.4921417236328,158.52152175654427,156.09267772344916,157.1699804663553,8947300
2025-09-03,154.79989624023438,158.51173312854013,153.7813535648543,156.69988473368073,9556100
2025-09-04,154.4375457763672,156.35711116021193,154.25146225624547,154.79990950877254,7243000
2025-09-05,150.4906463623047,153.4875290870537,150.32415453804802,152.84113851471756,11011700
2025-09-08,150.82363891601562,151.83239322752607,149.72674450600013,150.73549881751057,9462000
2025-09-09,151.65611267089844,153.7519730245314,151.41126910181018,151.71487273642916,7769200
2025-09-10,154.53546142578125,154.6627848645788,151.8030137536052,151.8519854565324,7440800
2025-09-11,154.98597717285156,155.64215613599853,152.7921734431164,153.27207221201434,6417400
2025-09-12,153.86949157714844,156.48441907489848,153.8597032143489,155.57360818038495,5546300
2025-09-15,154.06536865234375,155.0545462589706,153.27207786085566,154.13393202645548,5030500
2025-09-16,156.24935913085938,156.79782125636666,154.8586495081833,154.98597294104133,8011000
2025-09-17,156.78802490234375,157.3560637780451,155.33855515224772,155.9163823908857,5736800
2025-09-18,155.56381225585938,156.98390202058138,154.8292815212722,156.7292700791216,6244200
2025-09-19,152.98806762695312,155.72051537800837,152.34167699541194,155.72051537800837,16734000
2025-09-22,152.83135986328125,153.87928257526158,151.94991404207084,152.4102211506432,5244000
2025-09-23,154.173095703125,156.53339127906898,153.751971940414,153.8792804334777,7181400
2025-09-24,155.8968048095703,157.17979778536179,154.98599381998886,155.0545571989381,6285200
2025-09-25,157.40504455566406,157.68905653785598,156.06330649677858,156.15144660048642,6311000
2025-09-26,156.85659790039062,157.97308405036617,156.21999561287194,157.25814496641627,7015200
2025-09-29,152.8803253173828,155.84782807829237,152.35145485746062,155.84782807829237,8315100
2025-09-30,152.08702087402344,152.5179479355468,150.75507129479905,151.69527715121956,7755700
2025-10-01,151.3916778564453,151.8911533589223,150.03034820626002,151.63652142622013,6768400
2025-10-02,150.2066192626953,153.37000875140853,150.15766250697197,150.78446140968973,7562400
2025-10-03,150.38291931152344,151.09785833080343,149.09013812635018,150.4122993435442,7249300
2025-10-06,150.84323120117188,151.46022683728938,149.76591351260865,150.79425949822524,4778900
2025-10-07,151.71487426757812,151.7638459707031,148.15974082643612,150.48085310271725,5479600
2025-10-08,150.5690155029297,151.48961482395896,149.68756963580844,151.17622280796454,5678000
2025-10-09,148.5123291015625,151.77364755205676,148.4339773585518,150.9509766665448,6178600
2025-10-10,145.82882690429688,148.2283058881641,145.81903854118661,147.5917036284187,7796600
2025-10-13,148.80612182617188,148.84529021970144,146.34788296236437,146.90613344259728,5978800
2025-10-14,149.24685668945312,150.29479441774205,146.57316889666663,146.7200690716293,6419400
2025-10-15,148.97262573242188,151.02931774504123,147.9246880557262,149.7463248559112,5824900
2025-10-16,148.58087158203125,149.57982254075935,147.13138695631133,149.0019953294052,5276800
2025-10-17,149.92262268066406,151.00972877349457,149.06076849706764,149.11952856520992,7735500
2025-10-20,151.2937469482422,151.52880217450587,150.02055729143066,150.2654008814303,5676500
2025-10-21,150.6179656982422,152.08702713533464,150.04994176001094,151.54838323031998,6304900
2025-10-22,152.36126708984375,152.7627991955268,150.44168688562712,151.4602295826773,6036700
2025-10-23,153.33084106445312,155.31896973744261,152.89991397283777,154.93701435061374,9810900
2025-10-24,152.35145568847656,154.3787675557948,152.22413225408508,154.17309238824433,4979900
2025-10-27,152.07723999023438,153.27207783083065,151.67569294097078,152.58651881017687,4884400
2025-10-28,150.9509735107422,153.00765068152498,150.71591828662417,151.70508100132923,5066500
2025-10-29,151.9009552001953,152.92928622807452,150.68652572596693,150.68652572596693,7344400
2025-10-30,150.35354614257812,152.02826782046583,150.07932253515713,152.02826782046583,8971200
2025-10-31,154.4669189453125,155.89679708382977,151.91075137235998,152.5179586686564,11136100
2025-11-03,150.86280822753906,154.4669133658563,150.40251606230785,154.16330972867448,8512200
2025-11-04,150.22622680664062,150.58859052404807,149.01179726626137,150.26539520417134,6976800
2025-11-05,149.5112762451172,151.21537787196664,149.5112762451172,150.36332705854193,5894700
2025-11-06,149.78550720214844,151.59734068307742,149.53086032101888,149.75612716879746,6466300
2025-11-07,151.82261657714844,152.94889110688683,150.26539999643128,150.26539999643128,9835900
2025-11-10,152.43960571289062,152.76280102919733,149.22725916447183,152.21435380542817,8436800
2025-11-11,153.01744079589844,154.73134576247588,152.68444218775943,153.51691629200891,6361400
2025-11-12,150.1576690673828,152.5767097466979,148.9432396022803,152.37104952029367,11670900
2025-11-13,152.3710479736328,152.9782552279879,150.75507149081906,150.8236348616347,7998700
2025-11-14,154.3689727783203,154.69216809143398,151.61693337933923,153.00764309560466,8484800
2025-11-17,151.62673950195312,154.6334108955486,151.2545724779908,154.4669190543197,8745000
2025-11-18,152.1317901611328,152.78539998941727,150.28980844294745,151.02264507868776,10813400
2025-11-19,150.2303924560547,150.48788335861272,148.79444245620843,149.69563039322455,7539900
2025-11-20,148.85385131835938,151.55739988284154,148.59637553968363,151.0622436931798,7623400
2025-11-21,148.5270538330078,149.5470744257439,147.30897377671522,148.9826041990594,9248400
2025-11-24,148.29928588867188,148.66569665101713,146.3087633510831,148.3686150118012,14181100
2025-11-25,147.09109497070312,148.44781808083428,146.8336191946904,147.4575057117534,11447900
2025-11-26,148.0615997314453,149.0024085890834,146.76429292055644,146.82370924609825,7578900
2025-11-28,149.66592407226562,150.05214531989023,147.81402953178522,148.01210410879776,3848600
2025-12-01,151.06224060058594,152.4585846534779,150.0323223960001,150.27990048576248,8209000
2025-12-02,148.79443359375,150.98303058029413,147.81401890749345,150.54729071973566,9196300
2025-12-03,150.1214599609375,151.02264791282028,149.51736876484748,149.57678509381228,8060200
2025-12-04,150.7849578857422,151.45837816339466,149.75503965699858,150.27990401072864,7254700
2025-12-05,148.54685974121094,151.15138618418325,148.3785084468204,150.52748453776042,12659800
2025-12-08,147.2693634033203,148.6161888694772,146.2295323628884,147.80412544958838,10237200
2025-12-09,147.05149841308594,148.6459020324533,146.78410982547393,147.6060709570453,8916700
2025-12-10,149.94320678710938,150.32942802556468,147.25945348637862,147.73479921579246,10976300
2025-12-11,149.2598876953125,150.46807004480468,148.64589883641156,149.36882266488863,8414200
2025-12-12,148.53695678710938,150.0818416558508,148.18044373194076,149.6857076440149,5848100
2025-12-15,148.3488006591797,148.64589740160758,146.99206239465153,148.388406506385,7503000
2025-12-16,145.32833862304688,147.378292458592,145.0708628497618,147.1009910960969,11290500
2025-12-17,148.07151794433594,148.41811822633466,145.92254179645775,146.07108261574743,8805300
2025-12-18,146.25924682617188,147.8239422962374,145.655155632735,147.4080128843418,6998800
2025-12-19,146.3186492919922,147.56643740945793,145.76407679534074,146.5266215337201,21701400
2025-12-22,148.3488006591797,149.03211863347343,147.25945097393344,147.36838594245808,8143600
2025-12-23,149.05191040039062,149.61639570846205,148.39831571600223,148.5864623743917,4663700
2025-12-24,149.04202270507812,149.5272812422062,148.64590377217635,148.92319004740133,2227600
2025-12-26,148.56666564941406,149.67581066584782,148.2002397978677,148.92317870626314,3706900
2025-12-29,149.5272674560547,150.1709644404145,148.63597727274808,149.53716513962564,5589100
2025-12-30,150.83447265625,151.19098570915986,150.00261390311613,150.03232206494468,5150500
