Date,Close,High,Low,Open,Volume
2011-01-03,20.295726776123047,20.813115401220607,20.156042802471315,20.809437984991405,19272000
2011-01-04,20.557641983032227,20.557641983032227,20.29848750995101,20.33065176142913,13638000
2011-01-05,21.16324806213379,21.30477250755282,20.556719732681014,20.55763996321872,27856000
2011-01-06,21.253360748291016,21.39405656296665,20.975647177224563,21.296581879552072,15872000
2011-01-07,21.250612258911133,21.470392574097254,21.06209808552708,21.255211149509417,13989000
2011-01-10,21.168766021728516,21.348084129111534,21.06853057432521,21.274517681109206,10565000
2011-01-11,21.09520149230957,21.33429290855283,21.00232390903312,21.26072645385972,8972000
2011-01-12,21.410615921020508,21.410615921020508,21.125544406661,21.205547895152232,10265000
2011-01-13,21.473146438598633,21.473146438598633,21.26899924298097,21.411535000179658,7222000
2011-01-14,21.785804748535156,21.785804748535156,21.45383577934911,21.489699050017933,10951000
2011-01-18,21.852022171020508,21.976165921136303,21.722360453176087,21.722360453176087,6672000
2011-01-19,21.643272399902344,21.839144435897122,21.634076373211077,21.768336959733386,12053000
2011-01-20,21.619367599487305,21.96329168623182,20.969222615287862,21.494304773570125,29098000
2011-01-21,21.474990844726562,21.794085789276764,21.455679714282113,21.794085789276764,7896000
2011-01-24,21.977994918823242,22.05156136002748,21.46854779582353,21.47590391375526,10130000
2011-01-25,22.21157455444336,22.24743958583314,21.626720919768665,21.977082005460872,13369000
2011-01-26,22.086509704589844,22.401007483804896,21.886961374958002,22.401007483804896,6900000
2011-01-27,21.988113403320312,22.18398542056649,21.883282567792172,22.123293053383716,5775000
2011-01-28,21.59821319580078,22.11777730547895,21.57062686956339,21.992714499037916,6191000
2011-01-31,21.749019622802734,21.754537588480243,21.402338432734826,21.51820518818817,6239000
2011-02-01,21.89983367919922,22.24283683134769,21.178881426091905,21.178881426091905,9623000
2011-02-02,22.013866424560547,22.28698301404308,21.901677691286267,21.928346698203317,10310000
2011-02-03,22.56560516357422,22.80285836025539,21.798674694442635,21.977992767704375,18662000
2011-02-04,22.73573112487793,22.937119322848382,22.43778554802009,22.603310478727266,7830000
2011-02-07,22.987699508666992,23.11552129169037,22.738492985593176,22.738492985593176,6289000
2011-02-08,22.953672409057617,23.172531834554697,22.838724730668638,23.172531834554697,5801000
2011-02-09,22.851598739624023,23.137587566267825,22.759640246421764,22.855276798718133,6012000
2011-02-10,23.185407638549805,23.26541113042216,22.756883026547314,22.756883026547314,7186000
2011-02-11,23.310476303100586,23.434618283435448,23.029082786314817,23.058510774475806,5565000
2011-02-14,23.44565200805664,23.792333250148186,23.22311273460129,23.22311273460129,11144000
2011-02-15,23.55048179626465,23.592782108521707,23.35828785356068,23.46863840071218,6887000
2011-02-16,23.39231300354004,23.801526473946584,23.337138606868777,23.61944938636522,8418000
2011-02-17,23.156896591186523,23.35736570230914,22.861711766605467,23.022637799638407,14951000
2011-02-18,23.05759048461914,23.281969691302805,22.958275845644962,23.173459025058058,8877000
2011-02-22,22.748605728149414,23.03827260954537,22.450660144481652,22.558251702692917,6916000
2011-02-23,22.448823928833008,22.925166817745456,22.446064945825142,22.7486076909045,8440000
2011-02-24,22.4543399810791,22.672282097524462,22.342151278678475,22.529746336215787,9580000
2011-02-25,22.68699836730957,22.92884878936944,22.530669417235785,22.686079290804294,9826000
2011-02-28,22.121450424194336,22.79182536384277,22.10857634043579,22.766996272604892,13373000
2011-03-01,22.103059768676758,22.712742387058896,22.103059768676758,22.300769926843607,12126000
2011-03-02,22.63825798034668,22.709065448979914,22.106740673443586,22.171111099473798,7798000
2011-03-03,23.14126968383789,23.14586681967274,22.687915968547212,22.708146172560625,10239000
2011-03-04,22.9665470123291,23.153221232416143,22.858036373412396,22.98034017277977,6887000
2011-03-07,22.738494873046875,23.255300014576378,22.663090257945925,22.981264373299314,7923000
2011-03-08,22.897581100463867,23.132994463144996,22.52974881750128,22.733896041488986,8048000
2011-03-09,22.803783416748047,23.159660674156022,22.752287074836563,22.869993750903923,8961000
2011-03-10,22.397329330444336,22.757803730851816,22.26398958313129,22.757803730851816,10315000
2011-03-11,22.84423828125,22.897574516982278,22.255706797723686,22.255706797723686,5006000
2011-03-14,22.882863998413086,22.951831550207448,22.642851796598773,22.73205130358115,7354000
2011-03-15,22.4975643157959,22.675044296859372,22.24192073948286,22.346753338093198,9512000
2011-03-16,22.465373992919922,22.845161211206246,22.426751742310703,22.442384808599527,9587000
2011-03-17,22.415712356567383,22.8975730926167,22.28053450026887,22.672276665452515,6941000
2011-03-18,22.224451065063477,22.64561967503082,22.198702888311796,22.48653172355051,9169000
2011-03-21,22.801937103271484,22.8056151618085,22.37617157176545,22.37617157176545,7056000
2011-03-22,22.69159698486328,22.925170453678238,22.657571860986543,22.76700159853331,8083000
2011-03-23,22.700790405273438,22.83872728396866,22.597795968974438,22.67963937059539,6606000
2011-03-24,23.20195770263672,23.27460330978398,22.576642108505823,22.78078927898929,8619000
2011-03-25,22.77803611755371,23.293001310339903,22.74676997906438,23.17529462976767,11570000
2011-03-28,23.207483291625977,23.38312338515311,22.78999451201075,23.059431280974533,13286000
2011-03-29,23.146791458129883,23.25714203827109,22.93620715624776,23.116446144817903,7479000
2011-03-30,23.32610511779785,24.12798175293841,23.191846294329046,23.591865535481254,19207000
2011-03-31,23.147706985473633,23.517377397837315,23.093451661409894,23.2727697783394,8263000
2011-04-01,23.315994262695312,23.461289045499278,23.167942250134864,23.17437929415923,7964000
2011-04-04,24.02406883239746,24.03142495184962,23.436456257561513,23.441053393728442,9017000
2011-04-05,24.178556442260742,24.33028823628327,23.85394532750684,23.911878711200416,14002000
2011-04-06,24.426982879638672,24.43710375431958,24.098504600654753,24.28068560980169,9952000
2011-04-07,24.39846420288086,24.473913609662873,24.184079571249764,24.42882683282912,7454000
2011-04-08,24.20431900024414,24.566841852456193,24.198797884433233,24.565920496511904,8661000
2011-04-11,24.530956268310547,24.608246624500108,24.12150919803797,24.187757322644583,7560000
2011-04-12,24.195114135742188,24.592601070842402,23.97336923982612,23.97336923982612,9672000
2011-04-13,24.820791244506836,24.839193794552635,24.334055554052675,24.38650089122306,12726000
2011-04-14,24.738893508911133,24.8355059894256,24.568674360802294,24.66160492847014,6235000
2011-04-15,24.62021255493164,24.79411370399415,24.308297517982503,24.75178747948244,12410000
2011-04-18,24.387426376342773,24.522683221353518,24.242970009053266,24.519922662684213,6748000
2011-04-19,24.572351455688477,24.738890425154473,24.427895185733426,24.46193971309676,5973000
2011-04-20,24.844709396362305,25.18790827922221,24.708533013196536,24.778461283879224,7363000
2011-04-21,25.144670486450195,25.1511112040933,24.746265593679794,24.842876358326386,7145000
2011-04-25,24.974445343017578,25.21091263749441,24.90635802337101,25.144664519615752,5667000
2011-04-26,25.428056716918945,25.588155012186927,24.945920874460796,24.945920874460796,6497000
2011-04-27,25.33604621887207,25.41793632471309,24.990086758397766,25.400455133502202,5516000
2011-04-28,25.275327682495117,25.380220129780053,25.21276145856373,25.333295900572526,4601000
2011-04-29,25.384817123413086,25.384817123413086,25.160309875284735,25.27532317985171,7510000
2011-05-02,25.32961082458496,25.76298159705411,25.301087397173685,25.484189795225017,8273000
2011-05-03,25.981966018676758,26.388652538889435,25.786901799971602,25.947001876263236,14846000
2011-05-04,25.982892990112305,26.05098033729949,25.60012827194044,25.730783603815038,10899000
2011-05-05,25.256921768188477,25.94516062180772,25.125345118926177,25.812666126524608,10772000
2011-05-06,25.233924865722656,25.55136279184813,25.198960713786576,25.304774525804543,6294000
2011-05-09,25.649799346923828,25.6976449078343,25.12901929104224,25.258753188439655,5102000
2011-05-10,25.864192962646484,25.913877742382358,25.660848818729402,25.7620610901761,5248000
2011-05-11,25.590917587280273,25.94699969842091,25.492465885196104,25.85498871268906,6754000
2011-05-12,25.95619773864746,26.016005139210115,25.459341251946082,25.493385788567316,7240000
2011-05-13,25.762977600097656,26.015086892478262,25.7132910713595,25.971841080060713,5834000
2011-05-16,25.684772491455078,25.965403485598845,25.468546913297367,25.598280856220963,6069000
2011-05-17,25.951595306396484,25.965396337811203,25.441855685263025,25.78505630879588,11190000
2011-05-18,25.887195587158203,26.0325715240354,25.571598690788672,25.76482196089884,7085000
2011-05-19,26.136539459228516,26.200027018017472,25.854987158486857,25.98932259289253,6320000
2011-05-20,25.539396286010742,26.201872339245355,25.51639397432916,26.201872339245355,9856000
2011-05-23,25.023210525512695,25.354449360090616,24.831829998716838,25.256919017442197,9176000
2011-05-24,24.85115623474121,25.137308348600456,24.696577267529104,25.133628189494136,7887000
2011-05-25,25.255081176757812,25.35169193044199,24.65885155194565,24.663453066862267,9383000
2011-05-26,25.95619773864746,26.096975644423292,25.072896537861244,25.210912131113652,14866000
2011-05-27,26.24510955810547,26.34448084577566,25.90374988913673,25.964476884655365,11587000
2011-05-31,26.411657333374023,26.551513916186092,26.264440431981495,26.386814064460108,9573000
2011-06-01,25.823707580566406,26.476982316897196,25.823707580566406,26.37025068485093,8658000
2011-06-02,26.01601219177246,26.297564569721906,25.716978617822498,25.826470819255295,8623000
2011-06-03,25.492467880249023,26.00956794066621,25.349852508418913,25.671888351237694,7016000
2011-06-06,25.0195369720459,25.554120060861333,24.93948779988545,25.464869612537573,9254000
2011-06-07,25.229324340820312,25.500755871990194,25.11983212713468,25.11983212713468,10541000
2011-06-08,24.84286880493164,25.085776799309922,23.770024578106437,25.079336083625094,30792000
2011-06-09,24.999290466308594,25.126265596280913,24.672653121926842,24.706695906800835,8317000
2011-06-10,24.56960105895996,24.991009970197762,24.395701702733373,24.878757224993187,10220000
2011-06-13,24.605487823486328,24.766505754203887,24.501514991820258,24.56868272220013,9258000
2011-06-14,25.221960067749023,25.29924867705962,24.70854011952825,24.750864583441594,8926000
2011-06-15,24.886110305786133,25.36548549588749,24.886110305786133,24.942235780626817,10766000
2011-06-16,24.537397384643555,24.886119206743235,24.39662121441443,24.886119206743235,8746000
2011-06-17,24.483112335205078,25.06369999424595,24.37085958471016,24.682776323394457,12558000
2011-06-20,24.83827781677246,24.903604597511563,24.416868836055816,24.47391569654113,6104000
2011-06-21,25.21367073059082,25.34340639605169,24.853908509251866,24.94223932445615,6106000
2011-06-22,24.947765350341797,25.422539188119995,24.947765350341797,25.125344861539226,5425000
2011-06-23,25.1308650970459,25.1308650970459,24.5760403648121,24.741659792640913,6659000
2011-06-24,25.229324340820312,25.229324340820312,24.875083070990865,25.118910770952837,12495000
2011-06-27,25.08210563659668,25.222881831328806,24.879682820338235,25.12627106140755,8099000
2011-06-28,25.60011863708496,25.670966516339853,25.205392231288318,25.280841625019463,10349000
2011-06-29,28.495689392089844,28.505812020778055,25.324084499942337,25.657162506875892,44579000
2011-06-30,27.726482391357422,28.50029138084002,27.56454314417194,28.227019010899728,37687000
2011-07-01,28.934581756591797,29.042232966571554,27.566382454806888,27.647352956201484,24158000
2011-07-05,29.071680068969727,29.234538930650388,28.707318048426227,28.745962345608397,10387000
2011-07-06,28.803802490234375,29.20700022786248,28.723713560683652,28.988830145888002,10999000
2011-07-07,29.36717987060547,29.667277255819826,28.763303192965143,28.763303192965143,21592000
2011-07-08,29.02381134033203,29.221728305657045,28.825894375007017,28.910585250101956,10455000
2011-07-11,28.303030014038086,28.84522901239067,28.260685449528868,28.830501384281728,10621000
2011-07-12,27.97623634338379,28.49082013983967,27.95966512875094,28.368386640415746,13843000
2011-07-13,28.158506393432617,28.532247189156102,28.141015139482867,28.16402837633484,12417000
2011-07-14,28.139179229736328,28.62890807587138,28.031475088134883,28.031475088134883,9649000
2011-07-15,28.311304092407227,28.472400198766675,28.116149040955513,28.22109125609211,10013000
2011-07-18,28.311304092407227,28.488049615078015,27.979909748992974,28.227535030114616,11773000
2011-07-19,28.664806365966797,28.791841828979244,28.386802163787515,28.47701504096547,10771000
2011-07-20,28.377592086791992,28.79275737153002,28.21557589485106,28.766062230026144,5922000
2011-07-21,28.584707260131836,28.990666794041623,28.407041693540005,28.53131523524261,8257000
2011-07-22,28.917951583862305,29.062476526524506,28.44663413724356,28.602204800682408,6793000
2011-07-25,29.12139320373535,29.338641521225032,28.50739087106359,28.56170295043601,7013000
2011-07-26,28.790916442871094,29.333117187787067,28.755015655220284,29.122312650841213,5409000
2011-07-27,27.900753021240234,28.859039144109673,27.890627337690354,28.663884019974823,10670000
2011-07-28,28.25147819519043,28.732001272927864,27.865769924346132,27.978075983369216,11385000
2011-07-29,27.915483474731445,28.24779974792738,27.579483538469567,27.805017477689567,8973000
2011-08-01,27.99557113647461,28.6887406706385,27.71020137088424,28.374833928489092,7046000
2011-08-02,27.4773006439209,28.482533160010025,27.4773006439209,27.885100342368023,11625000
2011-08-03,31.157623291015625,31.337128919617385,28.678599922849312,28.74027754835816,51905000
2011-08-04,29.696725845336914,30.894355003715106,29.696725845336914,30.73049700111067,24544000
2011-08-05,30.059425354003906,30.46446672152305,28.844308274635683,30.26470615111892,23768000
2011-08-08,26.876184463500977,29.669113519239666,26.84948932279886,28.98514974128998,28694000
2011-08-09,29.716068267822266,29.716068267822266,27.11369340505473,27.6089459926051,26779000
2011-08-10,27.957826614379883,29.56785592899402,27.948620968780013,28.90598528580057,29809000
2011-08-11,30.13767433166504,30.3779376630967,28.15942781058889,28.465968986473065,25496000
2011-08-12,30.200267791748047,30.62832063019714,29.28985179384561,30.285880466394584,12999000
2011-08-15,30.838199615478516,31.160388356077295,30.015233003156894,30.471824488798486,14919000
2011-08-16,30.838199615478516,31.114361894790886,30.23524489596055,30.72957548127751,14729000
2011-08-17,30.02997398376465,31.072029281291634,29.742764135882666,31.033366619745696,14693000
2011-08-18,28.068286895751953,29.457387543463636,27.865767988477604,29.230933609842097,21241000
2011-08-19,27.631031036376953,28.564461976092893,27.616301653889053,27.735051484119605,15611000
2011-08-22,28.16862678527832,28.417173910500082,27.745175932404525,28.34721241943927,10295000
2011-08-23,29.677400588989258,29.686607990529897,28.00845722349975,28.419938877858577,10723000
2011-08-24,29.93608283996582,30.360452155564822,29.360743002585473,29.6700443507084,11707000
2011-08-25,29.72066879272461,30.330991028373223,29.54576678014161,30.018926114762415,8263000
2011-08-26,29.948040008544922,30.102690629161817,28.847069107009904,29.533794766467896,10520000
2011-08-29,30.135828018188477,30.74154642981984,29.62492616413089,30.329141284157753,15119000
2011-08-30,30.35308265686035,30.543635849552704,29.550370660613265,29.948044751348153,11211000
2011-08-31,30.35125160217285,30.907260166461338,30.021695333872437,30.64858546490336,10337000
2011-09-01,30.383459091186523,30.853854766633283,30.23893238584247,30.389902867562505,10556000
2011-09-02,29.519987106323242,30.066788015280228,29.46199312373075,29.701332867694205,8722000
2011-09-06,29.733551025390625,29.76300979064419,28.67676830108824,28.820373197459904,12269000
2011-09-07,31.215618133544922,31.237709567899014,30.133060595138666,30.20670222124575,16441000
2011-09-08,31.1060791015625,31.770711478972498,30.873179651222436,31.04532150178891,16012000
2011-09-09,29.643348693847656,31.078478129534698,29.63046113789605,30.946838944260048,17671000
2011-09-12,29.645177841186523,29.962766432625358,28.969499685074005,29.452786366690116,15418000
2011-09-13,30.272993087768555,30.275753201085102,29.461993837968297,29.674638445962504,10394000
2011-09-14,31.04349708557129,31.17513627708654,30.04562797847445,30.380704449101202,17896000
2011-09-15,32.029388427734375,32.17851883018956,30.42672471300031,31.183410155730083,22126000
2011-09-16,31.93825340270996,32.40312880907896,31.131857879359053,32.2033717595235,52441000
2011-09-19,32.03306579589844,32.403124592718,31.19997524004001,31.441155026192906,16494000
2011-09-20,32.56699752807617,33.318163021899394,32.062542720682025,32.062542720682025,22902000
2011-09-21,31.387767791748047,32.815529368483,31.38408412930601,32.638787314746025,14182000
2011-09-22,30.466312408447266,31.11621387551606,29.754733282467683,30.56572918147296,22186000
2011-09-23,31.02507781982422,31.127258207981107,30.21407849119527,30.385300346516658,12941000
2011-09-26,30.7829647064209,31.663005224470968,30.481947375716736,31.28374256108578,15891000
2011-09-27,31.124494552612305,31.481665851586623,30.697361756573088,31.213787377355885,12272000
2011-09-28,30.361360549926758,31.29847515039556,30.299686418525877,31.119889508618915,10268000
2011-09-29,30.227876663208008,31.095026023210405,29.592699650920625,30.965230508348807,10228000
2011-09-30,29.195953369140625,29.84677821066976,28.76513868960864,29.827446884038032,17195000
2011-10-03,28.61785125732422,29.82560614944974,28.54604969022101,28.9510892586256,14377000
2011-10-04,28.321435928344727,28.41441064737185,26.97283984993954,28.349972897134936,27000000
2011-10-05,28.857458114624023,28.89890284730901,27.839761825714,28.36933145818461,16059000
2011-10-06,29.127302169799805,29.371366325465743,28.478002664198627,28.781930054976765,13364000
2011-10-07,28.68523406982422,29.402686652730292,28.485379556437938,29.244276874637347,12340000
2011-10-10,30.006847381591797,30.007767867855208,29.060065776812195,29.060065776812195,9527000
2011-10-11,30.347627639770508,30.684711974424467,29.655962696695568,29.759113419145308,10954000
2011-10-12,30.207626342773438,31.071516869841215,30.12565738137583,30.798905340516036,14183000
2011-10-13,30.94443702697754,31.235472502271275,30.07501957534798,30.125674461786392,12993000
2011-10-14,31.459257125854492,31.766868229206487,31.066912085471987,31.157172454335527,8943000
2011-10-17,30.864295959472656,31.51267323964831,30.740880513721066,31.391102280033692,9065000
2011-10-18,31.303613662719727,31.45005184047704,30.499589684937533,30.909431080012077,10625000
2011-10-19,29.818967819213867,31.323871768009866,29.804233009898805,31.313739390788925,12912000
2011-10-20,29.99488639831543,30.33473217484495,29.701089547083612,30.067643489487338,12506000
2011-10-21,30.70588493347168,30.725225688404016,30.07960985759012,30.367880208716905,10032000
2011-10-24,31.377290725708008,31.415051751897273,30.650626363149566,30.650626363149566,8156000
2011-10-25,30.163427352905273,31.2980922865,30.11645794010368,31.141521721648257,8323000
2011-10-26,30.306177139282227,30.667208133439473,29.893574304025396,30.63220856391607,10964000
2011-10-27,32.156463623046875,32.1969861247265,30.502359276047827,30.946279874038776,16934000
2011-10-28,32.65653991699219,32.69522141876442,31.88198588200474,31.919746897540435,9729000
2011-10-31,31.98054313659668,32.787332072436485,31.874630965005625,32.340653654606086,9254000
2011-11-01,30.78877830505371,31.405841568593537,30.702203383396714,31.013499988112983,12690000
2011-11-02,32.94021224975586,33.59780145262415,32.36643650102109,33.25242931164737,30756000
2011-11-03,33.76266860961914,33.89160701347892,32.696158291066396,32.72747240533349,14512000
2011-11-04,33.164005279541016,33.983687730668066,33.07282795612455,33.60147865864456,12421000
2011-11-07,33.70003890991211,33.70372436985065,33.03968810565324,33.33716690824217,10310000
2011-11-08,33.89897155761719,33.983701999668455,33.436634316161864,33.9035775040255,9154000
2011-11-09,32.91994857788086,33.7488430603668,32.91994857788086,33.31136960610212,11119000
2011-11-10,33.16585922241211,33.40531570376605,32.72930620506104,33.35926678581036,6778000
2011-11-11,34.09054183959961,34.110803087344074,33.389668495782836,33.391509469221035,10283000
2011-11-14,33.825294494628906,34.37144169979843,33.70924993919504,33.73319313160442,6941000
2011-11-15,34.199222564697266,34.40368306351572,33.80043394864315,33.84003596154235,8888000
2011-11-16,33.247825622558594,34.06106492499057,33.247825622558594,33.940414437744415,9753000
2011-11-17,33.099552154541016,33.78108822155534,32.84535729859386,33.33348576360837,11423000
2011-11-18,33.19441223144531,33.33992992088037,32.78733230099161,33.30124840368585,10586000
2011-11-21,32.4005126953125,32.86192937869525,32.12513616630841,32.69615046674482,14079000
2011-11-22,32.65378952026367,33.003764127246214,32.41893545805392,32.42354140410322,7707000
2011-11-23,31.963043212890625,32.66852232952471,31.9188352681261,32.542345413982055,9350000
2011-11-25,31.884750366210938,32.379325560050596,31.774232281132843,31.801860924075722,3939000
2011-11-28,33.08666229248047,33.154816961368645,32.67682081897761,32.77997155244619,10898000
2011-11-29,32.94207000732422,33.290203747932466,32.69524251770435,33.16034483865442,7204000
2011-11-30,34.495758056640625,34.50957237491629,33.71291272573057,33.89434686214762,12752000
2011-12-01,35.08613967895508,35.17823754668034,34.298691315986154,34.298691315986154,12151000
2011-12-02,34.84852981567383,35.45730546412551,34.84852981567383,35.33849589272428,9320000
2011-12-05,34.33827209472656,35.306233647321264,34.07763044187409,35.27307857597496,10981000
2011-12-06,34.19645309448242,34.53537836839439,34.0923783825118,34.265528235827134,8895000
2011-12-07,34.47736358642578,34.535385874572505,33.74149060312601,34.183566685185596,7934000
2011-12-08,34.013179779052734,34.82365430542439,33.97265728239202,34.38157824921481,8544000
2011-12-09,34.760108947753906,34.933255332011036,34.06107648957385,34.394475415785,8405000
2011-12-12,34.194602966308594,34.56576277650384,33.99198703531611,34.44327132613792,6025000
2011-12-13,33.97910690307617,34.53262162574197,33.72951795613365,34.504072481123295,7006000
2011-12-14,33.25887680053711,33.80778888435168,33.155726102366394,33.71292607776764,10399000
2011-12-15,33.082984924316406,33.8888536543879,33.060879185051576,33.88700916724327,7661000
2011-12-16,33.354652404785156,33.70370993043031,32.99822747572715,33.16769180744832,8399000
2011-12-19,33.0396842956543,33.89252211225626,32.97152964445958,33.404397228582404,10939000
2011-12-20,34.436832427978516,34.46077913442169,33.156653306240706,33.46058254347462,13179000
2011-12-21,34.46169662475586,34.49116976191625,33.771872737654476,34.36591332061906,7936000
2011-12-22,34.19184494018555,34.6808903043069,33.854760661240284,34.50866797532783,9340000
2011-12-23,34.82732391357422,34.82732391357422,34.23880986720945,34.38156606830753,4655000
2011-12-27,34.514190673828125,35.119284090964626,34.45893337532019,34.88627451875944,4448000
2011-12-28,34.424861907958984,34.7122118690027,34.20474612516043,34.7122118690027,5252000
2011-12-29,34.838382720947266,34.85035607305874,34.41380653081596,34.44419664107542,4874000
2011-12-30,34.33644485473633,34.83101669060777,34.33644485473633,34.81259641842477,5216000
2012-01-03,33.92660140991211,34.87245756052766,33.6724065877796,34.8475938835563,14708000
2012-01-04,32.810359954833984,33.77648095367108,32.47143466459759,33.613466985021276,22841000
2012-01-05,32.47035598754883,32.767039075736626,32.298978535861245,32.59842776064902,14757000
2012-01-06,31.595970153808594,32.61686100632142,31.490934271483926,32.55788991698789,20887000
2012-01-09,31.863176345825195,32.047453121138105,31.519500458623526,31.775644086724455,11486000
2012-01-10,32.14051818847656,32.36625544608886,31.80974149226958,32.13314767809567,10252000
2012-01-11,31.46236801147461,31.83921286578743,31.239393476533778,31.325083969162247,14353000
2012-01-12,31.63100242614746,31.773815315820958,31.286405523967677,31.465153612105976,13262000
2012-01-13,31.242168426513672,31.876998782256752,31.080003165473602,31.473434407828737,12545000
2012-01-17,31.876996994018555,31.971899763269725,31.373921986956244,31.425519063087027,11118000
2012-01-18,32.46760559082031,32.663860793119504,31.849361459258382,31.87884349871046,12440000
2012-01-19,32.5155029296875,32.801128496793,32.296211918202964,32.75413932315358,8855000
2012-01-20,31.38774871826172,32.24831633072414,31.096590747483987,32.24555370771258,18952000
2012-01-23,31.240324020385742,31.686273228302,30.982338618180055,31.32232752745469,10343000
2012-01-24,31.573869705200195,31.750772490885577,31.078165120026995,31.185046302795207,6830000
2012-01-25,32.135005950927734,32.23727930397642,31.419092479586947,31.525973722038575,8994000
2012-01-26,32.048377990722656,32.70347815993703,31.992173022453347,32.15710091508477,9230000
2012-01-27,32.13681411743164,32.40493251678785,31.8438145499378,32.04099051424812,7243000
2012-01-30,32.429813385009766,32.46666943176148,31.902785272647307,31.96912334497154,8240000
2012-01-31,32.76152420043945,33.04531165896804,32.47313237026979,32.7430961695126,10633000
2012-02-01,32.950408935546875,33.28302733753059,32.80114293923007,33.007534777077844,14580000
2012-02-02,35.15711212158203,35.40403997974708,33.829401266373104,33.829401266373104,35026000
2012-02-03,35.963340759277344,36.05363569405365,35.20135906231511,35.20135906231511,22332000
2012-02-06,36.05452346801758,36.210235516594125,35.657408888622236,36.210235516594125,11256000
2012-02-07,36.20195388793945,36.346611973568045,35.809447087239654,36.1171877715776,12568000
2012-02-08,36.38623809814453,36.40927050160246,35.956875153841736,36.21209442933236,10090000
2012-02-09,36.523529052734375,37.020154581589146,36.32727381794596,36.85246403138489,10000000
2012-02-10,36.49956130981445,36.57696043994744,36.155888926849386,36.30238877440731,7484000
2012-02-13,36.54655456542969,36.85521615719726,36.424011505954674,36.81098958850734,5847000
2012-02-14,36.44520950317383,36.53734615621954,36.2858103518701,36.52997564575044,7660000
2012-02-15,36.20657730102539,36.83035031957537,36.17801261540489,36.744663292290745,7305000
2012-02-16,36.22406768798828,36.47468607090242,35.91264348738628,36.31159994716159,7223000
2012-02-17,36.486656188964844,36.57787544795334,36.14482560934298,36.36872103633895,7688000
2012-02-21,36.81377029418945,36.92801850082952,36.30332456110458,36.43600080489013,11588000
2012-02-22,37.484535217285156,37.6420926613962,36.66911472603145,36.66911472603145,10087000
2012-02-23,37.417266845703125,37.57113723767582,37.24496841989807,37.480842332248926,8216000
2012-02-24,38.29349899291992,38.58373260990475,37.42555725052532,37.62181246665105,12869000
2012-02-27,38.82696533203125,38.88961992359148,37.86596635267347,37.991275535793925,8754000
2012-02-28,39.063758850097656,39.250798230115805,38.69889234628662,38.833413781811096,9691000
2012-02-29,38.69798278808594,39.48760447903797,38.477774300562615,39.078511293188924,10991000
2012-03-01,38.73759078979492,39.0001840313936,38.4215587286748,38.927396310170934,8726000
2012-03-02,38.03273391723633,38.64913612465588,38.02352166122548,38.37548888925693,9652000
2012-03-05,38.47868347167969,38.633474680913004,37.972845904485524,38.19305432503243,8318000
2012-03-06,37.62364959716797,37.97285428392142,37.433844040274266,37.86597310952824,9358000
2012-03-07,37.93692398071289,38.23637337356462,37.83649242852977,37.89730529042773,8394000
2012-03-08,38.445518493652344,38.599388845020734,38.10368435566787,38.187529602867215,7095000
2012-03-09,38.65375900268555,38.79657187236025,38.28428447866003,38.529374166966946,7354000
2012-03-12,38.68506622314453,39.032425520154035,38.47038307807086,38.52013839243993,6463000
2012-03-13,38.99467086791992,39.005728391825144,38.40314606081466,38.88226442417775,7528000
2012-03-14,38.82881164550781,39.26278243701823,38.57451326746805,38.92095179533729,6175000
2012-03-15,38.65652847290039,38.97348154581604,38.51371207612758,38.828823399925305,5888000
2012-03-16,38.71363067626953,38.82419883202253,38.52106254996158,38.57726750191804,7608000
2012-03-19,39.16695785522461,39.44429565758636,38.62610942352332,38.676785626023154,8011000
2012-03-20,38.604007720947266,39.05916931167142,38.48054374672841,38.99098944513294,5960000
2012-03-21,38.508174896240234,38.9716312776431,38.5035705244519,38.70258834412424,5995000
2012-03-22,38.406822204589844,38.82052324940795,38.23821081386901,38.463027173092655,6306000
2012-03-23,39.06744384765625,39.28396876305033,38.34968927047578,38.34968927047578,6644000
2012-03-26,40.1427116394043,40.31593094314192,39.15959727928329,39.36967265142163,10460000
2012-03-27,39.68017578125,40.16297757784423,39.68017578125,40.12704238737533,7299000
2012-03-28,39.39084243774414,40.056079006310625,39.14114850603074,39.96947115772531,6837000
2012-03-29,39.455345153808594,39.4645609249119,38.8435508114918,39.12365120461332,5092000
2012-03-30,38.747737884521484,39.500503505555514,38.69798254821845,39.49313299550837,10180000
2012-04-02,39.808250427246094,40.019243153773814,38.605848465565586,38.86751740617088,8944000
2012-04-03,40.35830307006836,40.59602219677951,39.530904557139394,39.77691506717715,11526000
2012-04-04,39.733177185058594,40.24581550842217,39.28968693127435,40.05126885671098,9824000
2012-04-05,40.5546989440918,40.77137232984236,39.52573249675908,39.69077343489556,8506000
2012-04-09,40.5030632019043,40.83406303959301,39.84474603117638,39.91758365179391,8574000
2012-04-10,39.16061782836914,40.65612290903858,39.11082838927969,40.503068569435825,12612000
2012-04-11,39.65020751953125,39.86964542981309,39.39019874380461,39.60687213737734,5751000
2012-04-12,40.01346206665039,40.03559226047701,39.61884328776211,39.6935238989383,5312000
2012-04-13,40.61092758178711,40.918879143755234,39.73778030221576,39.98119132827413,10572000
2012-04-16,39.89176940917969,40.70406244498796,39.55523700482978,40.64874397698337,7687000
2012-04-17,40.42377853393555,40.498462702118225,40.059586818825665,40.09093208146313,5232000
2012-04-18,40.264278411865234,40.65797949370456,40.19697330982409,40.320521926013434,5208000
2012-04-19,40.27532196044922,40.641360083646944,39.86226244157902,40.308513740758976,6880000
2012-04-20,40.60908508300781,40.87185829590875,40.33617179471244,40.56943925232934,9070000
2012-04-23,39.67049026489258,40.33157201416684,38.79365663266646,40.20064788239742,12354000
2012-04-24,39.674171447753906,40.18773486835605,39.340403585811906,39.66863889794322,6525000
2012-04-25,41.03506851196289,41.03506851196289,39.80694779395254,40.078018153132604,9781000
2012-04-26,41.857486724853516,42.088911158757476,40.982499914919714,40.982499914919714,10407000
2012-04-27,42.189422607421875,42.62830190293726,41.99856545695949,42.238290535486975,11799000
2012-04-30,41.69984436035156,42.441139395250026,41.61409509244958,42.35723665588162,9794000
2012-05-01,42.03451919555664,43.05610987222106,41.828910952736905,42.0299081516219,17580000
2012-05-02,41.624244689941406,42.24660227381646,40.568540210136625,41.18536524200777,21649000
2012-05-03,40.7925910949707,41.93035536688566,40.53996132317583,41.76715738546805,15116000
2012-05-04,40.539947509765625,40.74463428757709,40.00056781337279,40.29192535169752,14684000
2012-05-07,40.210792541503906,40.82854249721067,40.07525734935669,40.07525734935669,10801000
2012-05-08,39.79772186279297,40.2135494147508,39.00571259414056,40.016238226635714,10400000
2012-05-09,38.98543167114258,39.83460247184201,38.816701207239596,39.26111304381429,9996000
2012-05-10,38.9992561340332,39.58657861797466,38.564987949321605,39.25926484509504,11555000
2012-05-11,38.94579315185547,39.42708288334891,38.63230889314064,38.724508697446204,7891000
2012-05-14,38.21186447143555,38.81670269433511,38.21186447143555,38.555775950653064,12164000
2012-05-15,38.214630126953125,38.721739541470576,38.11321176124629,38.23768183386634,6769000
2012-05-16,37.74440002441406,38.77059827494092,37.680780980538046,38.621233506238866,12951000
2012-05-17,36.74955749511719,38.15285923021906,36.74217841620845,38.15285923021906,12020000
2012-05-18,36.378902435302734,37.30183583380362,36.378902435302734,37.06672181625224,11113000
2012-05-21,37.85595703125,37.875319193504346,36.34570134101977,36.51166373668435,12811000
2012-05-22,38.119651794433594,38.5677495185433,37.64204831839254,37.82184031114807,12319000
2012-05-23,38.456199645996094,38.46081069098809,37.48624470116881,37.908526382198104,8750000
2012-05-24,38.70881271362305,39.53308845565617,38.36490139043952,38.73001788203656,10810000
2012-05-25,38.1676025390625,38.90428981181052,37.99795410283228,38.40640256762846,6948000
2012-05-29,38.360294342041016,38.701437668311975,38.096599656852256,38.47831383121056,4658000
2012-05-30,37.948177337646484,38.32159113678692,37.737957974365415,37.88547977921572,6743000
2012-05-31,37.480712890625,38.078175603981684,36.78920385043738,38.01455654718382,10662000
2012-06-01,36.12258529663086,36.8104047167112,35.949247304107786,36.75231821738042,11237000
2012-06-04,36.90445327758789,37.02062628331677,35.96768663596438,36.11520841553708,9667000
2012-06-05,37.63653564453125,37.783135942025275,36.90261265138842,36.97545380589769,9693000
2012-06-06,38.72266387939453,38.72266387939453,38.05789255874626,38.223855012510214,9733000
2012-06-07,38.328948974609375,39.19195271663495,38.169440635245884,39.14032028467411,9438000
2012-06-08,38.406402587890625,38.41193513734393,37.88638866282875,38.028377869078014,7441000
2012-06-11,38.15654754638672,38.83975955073144,38.126123792145606,38.770607940080055,5905000
2012-06-12,38.517024993896484,38.7152575719561,37.88913549876328,38.17127074266651,5788000
2012-06-13,37.779449462890625,38.55578640025381,37.61809802716699,38.27088285043535,6123000
2012-06-14,38.63690948486328,38.7226587343261,37.760075926953895,37.76929801604707,7452000
2012-06-15,39.34134292602539,39.34134292602539,38.71990681258374,38.978072656671976,8093000
2012-06-18,39.24268341064453,39.46119985129203,38.93657468571482,39.17906434390438,6307000
2012-06-19,39.422462463378906,39.62807072150074,39.254657030504156,39.55338657642292,6877000
2012-06-20,39.53679275512695,39.64559018744495,38.827764675614674,39.44643598286919,4999000
2012-06-21,38.832393646240234,39.8954737449515,38.820407035807854,39.53588950077167,5544000
2012-06-22,40.11488723754883,40.11488723754883,38.77981600594312,38.87017276476317,8706000
2012-06-25,39.51005554199219,40.04389911646091,39.51005554199219,39.90928546175024,7000000
2012-06-26,39.85120391845703,40.044825599877925,39.37267874820533,39.6234654285024,6198000
2012-06-27,39.82353591918945,40.17482290228624,39.752541318292266,39.939708902475765,4446000
2012-06-28,38.84436798095703,39.68155226297726,38.42577232275013,39.5810553992306,9629000
2012-06-29,39.65665054321289,39.66771212416883,39.24358754510578,39.41231446453932,9351000
2012-07-02,40.5593147277832,40.56207924471551,39.66127230563436,40.11398129788375,6180000
2012-07-03,40.731719970703125,40.88200977479139,40.27348203188637,40.527036723595316,4863000
2012-07-05,40.969757080078125,41.05740885446197,40.45123404518011,40.63668456092293,5972000
2012-07-06,40.7464714050293,41.08046952086635,40.544415514620866,40.69111536252126,8164000
2012-07-09,39.7906379699707,40.132938952963336,39.05529763338803,40.072965185276054,11064000
2012-07-10,38.77388381958008,40.26671291953223,38.76188906874337,39.83953014567565,8211000
2012-07-11,38.740665435791016,38.77941608277402,38.09020714155156,38.65393930569944,6284000
2012-07-12,39.1429328918457,39.35790921294116,38.24059195744018,38.38636969554517,7646000
2012-07-13,39.63654327392578,39.69651702012264,39.11617599684479,39.232427923891876,6082000
2012-07-16,40.309146881103516,41.33419816380162,40.20304543979966,40.57486858930886,17479000
2012-07-17,40.197505950927734,40.596084962118326,39.6799051074302,40.441082404387075,6192000
2012-07-18,40.302696228027344,40.545350616094694,39.85798588491593,39.983462671713745,5775000
2012-07-19,39.483402252197266,40.50291766840895,39.483402252197266,40.43372257648429,8195000
2012-07-20,39.041439056396484,39.384662030250524,38.882747969159965,39.20290357729035,8963000
2012-07-23,38.3798942565918,38.621626364418965,37.94625328019085,38.40665013853615,9147000
2012-07-24,37.818023681640625,38.54598672629955,37.33917694539122,38.49985551049956,9457000
2012-07-25,38.043155670166016,38.28949857821975,37.504331592804746,38.104970170311,6069000
2012-07-26,39.0986442565918,39.4372530652592,38.531223643582955,38.64193925985049,7061000
2012-07-27,40.29621505737305,40.29621505737305,39.04788521765636,39.1023226350283,9644000
2012-07-30,40.702213287353516,41.2188887764855,40.24550453516861,40.24550453516861,9897000
2012-07-31,40.27961730957031,40.89686108328753,39.964998049153394,40.874715851815196,11530000
2012-08-01,39.41511154174805,39.94931782443622,38.75081080173647,39.128170253914135,21723000
2012-08-02,39.06727600097656,39.588568944300484,38.575512385421405,39.28317445437248,11444000
2012-08-03,39.131866455078125,39.581194489914665,39.02760925813356,39.52860130599924,10280000
2012-08-06,38.73698043823242,39.44833468230112,38.658557005467884,39.138325958607865,7637000
2012-08-07,38.418663024902344,39.01376522473308,38.12157475057724,38.86983526512817,12179000
2012-08-08,39.16138458251953,39.396658347844394,38.3051748963619,38.37898765394852,10101000
2012-08-09,39.298866271972656,39.47601058494786,38.809865469051275,39.124484834475496,7074000
2012-08-10,39.30716323852539,39.47600482207186,39.05989471830408,39.06081684985767,4565000
2012-08-13,39.27027130126953,39.37452851854597,38.94642702755271,39.17247252682957,4039000
2012-08-14,39.496315002441406,39.964092780637664,39.335776070730766,39.40128614759329,5696000
2012-08-15,39.40496063232422,39.77493950868422,39.32284517223713,39.49630092721858,4050000
2012-08-16,39.536895751953125,39.75648270015217,39.3071583187628,39.41879605573869,4134000
2012-08-17,39.37913131713867,39.62362994237284,39.22689512873713,39.484310635911314,5416000
2012-08-20,39.41511154174805,39.54428034795341,39.0912638751166,39.40588318725566,4384000
2012-08-21,39.05619812011719,39.65591082751503,38.976849068288274,39.39941752518263,4232000
2012-08-22,38.86152267456055,39.2785548599543,38.64285785661,38.8522978405429,6931000
2012-08-23,38.59672927856445,39.00914731527189,38.44357097849652,38.83661369481894,5744000
2012-08-24,38.97686004638672,39.07097026570137,38.5358382792592,38.62164579438286,5130000
2012-08-27,39.066349029541016,39.32284235777363,38.79878308466343,38.980545049506674,4699000
2012-08-28,39.175235748291016,39.295179756787384,38.99255509988596,38.99255509988596,3983000
2012-08-29,39.28779220581055,39.347762439615494,38.911354835271915,39.210290911815314,4011000
2012-08-30,38.83845901489258,39.11524979135524,38.775718880599335,38.98423321449751,3801000
2012-08-31,39.01838302612305,39.08573383462307,38.65947670578537,38.963023449048585,4649000
2012-09-04,39.154937744140625,39.304404047079835,38.523854669875476,38.523854669875476,5091000
2012-09-05,38.9445686340332,39.25088527915982,38.784029738751464,39.11433588490279,5526000
2012-09-06,39.91333770751953,39.91333770751953,38.98701073311006,39.212134035733825,9617000
2012-09-07,40.2454948425293,40.29993229393099,39.772180789092985,39.94010380220646,6135000
2012-09-10,40.364505767822266,40.706803104104324,40.25747867719453,40.28423456995496,7534000
2012-09-11,40.860877990722656,41.140438668615325,40.36542241741749,40.411553624834575,7158000
2012-09-12,41.1875114440918,41.36465930610642,40.942090629932224,41.1487607892245,6168000
2012-09-13,42.00403594970703,42.126746319739745,41.14228992561643,41.18657687774956,8119000
2012-09-14,41.904396057128906,42.13321142608619,41.703262237375604,41.98558940214945,6875000
2012-09-17,41.8416633605957,42.100004588207476,41.74940089904048,41.917320409256384,5157000
2012-09-18,41.79367446899414,41.97912498411855,41.58700436882323,41.79551873214962,4771000
2012-09-19,41.6931037902832,42.016951457247885,41.675572732398436,41.78259982318701,5011000
2012-09-20,41.904396057128906,42.37863220497918,41.265006824110486,41.29084059030975,11339000
2012-09-21,42.39707946777344,42.60651948278657,42.15073659162779,42.377704145834045,12850000
2012-09-24,42.00681686401367,42.21072063670062,41.802913091326715,42.21072063670062,7608000
2012-09-25,41.658966064453125,42.23192297224684,41.637746481078814,42.219928223509136,5510000
2012-09-26,41.13489532470703,41.70416354817793,41.12843688638161,41.64050129617233,4991000
2012-09-27,41.718955993652344,41.718955993652344,41.240109066990726,41.297309404009695,4342000
2012-09-28,41.655269622802734,41.75214621439984,41.3932399999939,41.6229774256037,5548000
2012-10-01,42.15441131591797,42.45334727052513,41.749373950966586,41.81211407372901,6957000
2012-10-02,42.22453689575195,42.33064183796229,41.88869805322334,42.16087463434284,3347000
2012-10-03,43.71091079711914,43.795792646314446,42.22638472952833,42.34909860579998,11976000
2012-10-04,43.81426239013672,43.825335011046135,43.49410667227134,43.61774272672338,6340000
2012-10-05,43.87796401977539,44.591613390858434,43.65638923243798,44.13000247889963,9005000
2012-10-08,43.569602966308594,43.89734625129594,43.374801015733105,43.78286625192135,5542000
2012-10-09,42.91874313354492,43.66839964684438,42.58545993709475,43.60008352954256,8103000
2012-10-10,42.66114044189453,42.94549141412916,42.51250243368098,42.92887551263048,5058000
2012-10-11,43.62868881225586,43.92873657574461,42.93165542725486,43.131070952590534,12626000
2012-10-12,43.70162582397461,43.94905070356564,43.342492599699966,43.64069496009582,8243000
2012-10-15,43.92873764038086,44.03306073938047,43.55298501052585,43.60745686834189,8995000
2012-10-16,44.223228454589844,44.45403380078828,43.953647979276944,44.24815582642201,4557000
2012-10-17,44.591590881347656,44.875945341708245,44.23707492237666,44.867633870133076,7248000
2012-10-18,43.92964553833008,44.836247547045176,43.79485529387227,44.54266592114055,8788000
2012-10-19,43.3969612121582,44.02013517687869,43.197545684320104,43.81887421985833,10070000
2012-10-22,43.10799789428711,43.666546682105064,42.65284950124544,43.666546682105064,7754000
2012-10-23,42.45525360107422,42.90670733939744,42.28353368324336,42.70360105376354,7294000
2012-10-24,41.964134216308594,42.931671245690744,41.821958638822004,42.90674385561272,7083000
2012-10-25,41.48590087890625,42.33711230458727,41.3031012204497,42.14508197654562,8938000
2012-10-26,41.820091247558594,42.25585194400341,41.37971345712807,41.48588548793435,6852000
2012-10-31,42.55406951904297,42.92982224700267,41.653929493556575,41.77764019693018,11930000
2012-11-01,43.270477294921875,43.852107950907836,42.65930568585412,42.78301635095951,9364000
2012-11-02,43.340641021728516,44.036751654241954,43.26955326304917,43.53359401268834,9514000
2012-11-05,42.98981475830078,43.48004734093166,42.90026214577384,43.1384563173818,6169000
2012-11-06,43.555755615234375,43.658233282534056,43.131997183721325,43.258475995520534,4120000
2012-11-07,42.90211486816406,43.501284164263005,42.607606911254514,43.391421257492304,7637000
2012-11-08,42.63438034057617,43.2261644067517,42.63438034057617,42.86703120535089,6203000
2012-11-09,42.898433685302734,43.27141475867673,42.327882453153904,42.33157683445402,6420000
2012-11-12,43.391422271728516,43.480974894221326,42.751628866121344,42.99259120806558,7025000
2012-11-13,43.50403594970703,44.030271812950204,42.905786119768216,43.123666404568326,4959000
2012-11-14,42.7737922668457,43.759790403024454,42.683316920938005,43.6379251482777,6080000
2012-11-15,42.20600128173828,42.73869987266105,41.87456363328735,42.73869987266105,7071000
2012-11-16,42.891944885253906,43.43387753715438,42.099822827450026,42.32601109594871,9029000
2012-11-19,44.192787170410156,44.192787170410156,43.242792428643,43.33603592727886,6813000
2012-11-20,44.090301513671875,44.55283510776152,43.59637801350977,44.22693723519026,6804000
2012-11-21,44.262020111083984,44.37926825645179,44.088454679503975,44.1687731104561,2927000
2012-11-23,44.429134368896484,44.49929943548655,44.130009240611216,44.39312735987089,2391000
2012-11-26,44.317405700683594,44.571293053746444,44.156765336759946,44.33125698324145,4976000
2012-11-27,44.175235748291016,44.65438875690741,44.12076741292714,44.3229510845232,4877000
2012-11-28,44.45404815673828,44.46051068034436,43.831796939659405,43.92042684106024,6584000
2012-11-29,44.887969970703125,45.30711490590939,44.613775774428575,44.70240217379727,9080000
2012-11-30,45.116004943847656,45.22494514923524,44.66916450227502,44.84826976478403,9826000
2012-12-03,44.928585052490234,45.654236663531776,44.8288755307265,45.33018423961095,8497000
2012-12-04,44.630374908447266,45.05321054371589,44.36817962425981,45.01905250181695,6430000
2012-12-05,44.130008697509766,44.68394398300556,43.797648230574744,44.5916196745168,6645000
2012-12-06,44.395896911621094,44.395896911621094,43.74779543271509,43.922283615148984,5977000
2012-12-07,43.95365524291992,44.57682907627745,43.94627000593624,44.46696619229757,6389000
2012-12-10,44.27772903442383,44.35712830080894,43.89736270187155,44.347894108018444,5770000
2012-12-11,44.4549674987793,44.776248225625494,44.236164427313916,44.314637419175746,8577000
2012-12-12,44.63224792480469,44.99599481642035,44.333122772415386,44.49930302131916,9512000
2012-12-13,44.7236328125,45.01629183064373,44.547295708100954,44.86026853527551,5680000
2012-12-14,44.527000427246094,44.757805946890834,44.339587162355116,44.42729438680019,5346000
2012-12-17,45.175079345703125,45.228628481522115,44.4143470450312,44.63037845182322,7181000
2012-12-18,45.50373840332031,45.69761758967102,45.03566514360998,45.237852280780864,6621000
2012-12-19,45.18154525756836,45.689316479687115,45.138153021336144,45.681008526982644,5629000
2012-12-20,46.025367736816406,46.033675688890405,45.18892706643446,45.443737133606135,9358000
2012-12-21,45.56743621826172,45.873946392626074,45.078130013814096,45.514813332135326,8320000
2012-12-24,45.70132064819336,45.81487793423142,45.466824359471175,45.501905122596874,2695000
2012-12-26,44.887020111083984,45.78624030738342,44.77623453751031,45.656063648579234,5749000
2012-12-27,45.04121398925781,45.50190210492264,44.418040072871115,44.869497521529155,6233000
2012-12-28,44.598995208740234,45.113232514487756,44.57776220722428,44.77625502501174,4686000
2012-12-31,45.35603332519531,45.41512227401278,44.58237592142692,44.62576815759214,6562000
2013-01-02,47.10923385620117,47.10923385620117,46.25340554120575,46.74271543470933,12278000
2013-01-03,47.176631927490234,47.58839157759711,46.91351385895328,47.12678068389638,9452000
2013-01-04,47.174781799316406,47.287416367582956,46.80734066333511,47.19047851217877,11475000
2013-01-07,47.992332458496094,48.15584056630285,47.265331010278665,47.342926883854204,11398000
2013-01-08,47.8343505859375,48.132724564667846,47.5683046835591,48.03849953375715,6983000
2013-01-09,49.18027114868164,49.18027114868164,48.28237240932031,48.51608670772482,11461000
2013-01-10,48.74240493774414,49.187661253991024,48.432021599385045,49.187661253991024,12564000
2013-01-11,48.83757019042969,48.94010808232681,48.54565892886621,48.72948923358122,6424000
2013-01-14,48.3599853515625,48.95766024775134,48.14936650404848,48.917939060360254,9911000
2013-01-15,48.29436492919922,48.349792019589984,47.96180943461229,48.24263438771937,5858000
2013-01-16,48.1548957824707,48.27128954080211,47.57661649323487,47.70594641526095,6190000
2013-01-17,48.34519577026367,48.65188614354331,48.15582595261413,48.467132609433115,5250000
2013-01-18,48.12810516357422,48.17429618476388,47.42789255558731,47.99508573514368,10769000
2013-01-22,48.01356506347656,48.47821688921823,47.53967362324738,48.47821688921823,7462000
2013-01-23,47.81032180786133,48.262964116330984,47.58492391002836,47.99969156274534,4991000
2013-01-24,48.244503021240234,48.562275966556335,47.82603519904413,47.844510902963,5869000
2013-01-25,47.9821662902832,48.29439625419878,47.78078353128985,48.29439625419878,7157000
2013-01-28,47.492557525634766,48.122567416461614,47.43159087264653,48.122567416461614,8002000
2013-01-29,47.89531707763672,48.10501261209377,47.48608887899626,47.49255519902128,8833000
2013-01-30,47.66622543334961,48.183534590164065,47.472235820999316,47.72534909758237,11601000
2013-01-31,47.88793182373047,49.453711715475585,47.389098356303585,49.14425158293279,20412000
2013-02-01,47.916568756103516,48.27037341399311,47.45284016743357,48.110561905856315,9949000
2013-02-04,47.50178146362305,47.85096264684613,47.30501862451086,47.69300124086008,6152000
2013-02-05,48.09947967529297,48.222339781634666,47.740135448013795,48.06991783872046,7983000
2013-02-06,48.363677978515625,48.39323981654482,47.86022814235456,48.04959798546469,6016000
2013-02-07,47.99415588378906,48.34056735183107,47.68931210044985,48.211237443703126,6517000
2013-02-08,48.44865036010742,48.44865036010742,47.879614203425014,47.893470099932784,5214000
2013-02-11,48.11425018310547,48.60477078739557,47.96460156133097,48.554886738844,5616000
2013-02-12,48.002471923828125,48.23248966141815,47.898087552977685,48.115169127398715,3379000
2013-02-13,47.96275329589844,48.21124322519738,47.68285149936693,48.151199832133045,4096000
2013-02-14,48.23525619506836,48.336870789488366,47.680075999421156,47.680075999421156,6656000
2013-02-15,48.324867248535156,48.49206831174783,47.69486091563833,47.69486091563833,7032000
2013-02-19,48.2999267578125,48.6352521514659,48.12441285586317,48.497612914084826,4234000
2013-02-20,47.38077926635742,48.42463356432091,47.38077926635742,48.22048110182402,5377000
2013-02-21,47.99786376953125,48.12164712936576,47.16370480899985,47.48148132914552,6814000
2013-02-22,48.389530181884766,48.44495729174786,47.785389132285346,48.304544765865415,6591000
2013-02-25,47.195106506347656,48.589988702400184,47.195106506347656,48.529022049778256,8672000
2013-02-26,47.084259033203125,47.64498242474525,46.86809715460773,47.4389834175572,7955000
2013-02-27,47.59140396118164,47.68193244899749,46.92444616313062,47.20065143379992,6994000
2013-02-28,47.8343505859375,48.16228639511438,47.42512238594275,47.59140019395922,6148000
2013-03-01,47.878684997558594,47.990458936195296,47.41587626364985,47.57384121674634,4142000
2013-03-04,48.165992736816406,48.25837128007446,47.64406718196252,47.66438940431496,3486000
2013-03-05,48.69160842895508,49.03155367082635,48.20663435528858,48.26944752777254,5895000
2013-03-06,48.7359504699707,49.07312594892593,48.34519790854487,48.54565386331602,5179000
2013-03-07,48.65187454223633,48.959488098871695,48.56226932861198,48.74886933164211,6685000
2013-03-08,48.88836669921875,48.98905805516392,48.44773013375882,48.964116030337856,5068000
2013-03-11,49.04170608520508,49.18766166648694,48.812611605611266,48.920692525804796,4091000
2013-03-12,48.32763671875,49.05094124407754,48.24172452859183,48.947480132385834,4798000
2013-03-13,48.72670364379883,48.80891928677024,48.13918828403005,48.25096575585094,4715000
2013-03-14,48.69899368286133,49.07496704705824,48.65557947717861,48.825550321082844,5567000
2013-03-15,47.977542877197266,48.851423045966634,47.87130844066046,48.58907363920215,11598000
2013-03-18,47.574764251708984,48.0043146074756,47.54889897519416,47.60247604115211,5626000
2013-03-19,47.25975799560547,47.83618714020621,46.941985122892376,47.6865385536985,6309000
2013-03-20,47.90825653076172,47.91564610842974,47.513810953141224,47.666229361760685,4552000
2013-03-21,47.48240661621094,47.825121655225445,47.40942704232794,47.70688135478749,5505000
2013-03-22,47.804779052734375,47.92301930276146,47.62279887177536,47.64958740311904,5052000
2013-03-25,48.034812927246094,48.401546705715575,47.922112177728835,48.05883169745152,5420000
2013-03-26,49.46479034423828,49.62367856534149,48.24080237364208,48.31285514608985,9106000
2013-03-27,49.70127487182617,49.950691570090164,48.994592464804875,49.16364355716021,6483000
2013-03-28,49.98763656616211,50.064309141468534,49.5968841138226,49.73545011282063,6689000
2013-04-01,49.627376556396484,50.52065553489653,49.5137525613246,50.10865755053281,5501000
2013-04-02,49.937767028808594,50.25184699706478,49.792738192250894,49.94792990092038,3696000
2013-04-03,49.259708404541016,50.1566837303504,48.99551258969746,49.96176738571378,5330000
2013-04-04,49.34931945800781,49.48049236261138,48.972422885584784,49.2135267468833,4432000
2013-04-05,49.16250228881836,49.23648818448475,48.7361696777421,48.74079115033999,5783000
2013-04-08,49.41868209838867,49.53798314240808,48.994197998066596,49.07835467681051,3631000
2013-04-09,48.796287536621094,49.41683144846895,48.38104992835597,49.38446349645555,9011000
2013-04-10,49.424232482910156,49.75253702506384,48.869348734382555,48.98402477963511,4839000
2013-04-11,50.05402374267578,50.15390049069777,49.2522192351102,49.42330901112738,5679000
2013-04-12,49.29106140136719,49.60826736058752,48.978476915833994,49.44457899600025,6794000
2013-04-15,48.24787521362305,49.370582631793354,48.24787521362305,49.035804559902495,5281000
2013-04-16,49.16065979003906,49.16065979003906,48.28024798402114,48.377351838231704,5494000
2013-04-17,48.6224365234375,49.09408444102448,48.52255623170403,48.760230544164315,6310000
2013-04-18,48.18221664428711,48.6890088068365,48.18221664428711,48.62150001965509,6434000
2013-04-19,48.271018981933594,48.432858809358386,47.95658580528958,48.35147851204972,5106000
2013-04-22,48.28487777709961,48.43099749483127,47.97784609709999,48.279332008339516,4398000
2013-04-23,49.10701370239258,49.12458588208851,48.42173750051058,48.63906666292532,3569000
2013-04-24,49.201351165771484,49.45382119310638,49.12829308156722,49.19672616464194,2663000
2013-04-25,49.48990249633789,49.84687788449047,48.566023888200846,49.39649579443534,3787000
2013-04-26,49.50745391845703,49.76917390514935,49.335439888625245,49.40480078282986,4543000
2013-04-29,49.84780502319336,49.93843531774238,49.50932609713241,49.706310283848396,3809000
2013-04-30,51.13512420654297,51.13512420654297,49.89958893191675,49.91993400229676,7987000
2013-05-01,49.92269515991211,50.38787289618233,49.571272693331736,49.825591305106315,10110000
2013-05-02,50.45075988769531,50.61722464568205,49.540753014413426,49.56942025943102,9470000
2013-05-03,51.192447662353516,51.57254088303857,50.922405471631706,51.025058617003424,7941000
2013-05-06,50.65422439575195,51.49024553463802,50.58948847976583,51.19708532305596,6063000
2013-05-07,50.98066711425781,51.04263012964399,50.44243132904729,50.686579156581764,4333000
2013-05-08,51.20818328857422,51.322855818455515,50.70508821185427,50.97235758160683,4391000
2013-05-09,51.03800582885742,51.43474693600255,50.853968897180025,51.13695826807415,4387000
2013-05-10,51.33857727050781,51.56145578513213,49.36504917866172,51.21465474200522,4670000
2013-05-13,51.40423583984375,51.64191011893748,51.141591491322146,51.141591491322146,3441000
2013-05-14,52.68416976928711,52.829365206247644,51.45788093691854,51.591053484719,6568000
2013-05-15,53.116966247558594,53.1715278545921,52.63606844187052,52.74519518377969,6555000
2013-05-16,52.72669982910156,53.05223147245703,52.72669982910156,52.97916985951862,4409000
2013-05-17,54.08061599731445,54.100961065208445,52.92183614367586,53.116971697762914,6242000
2013-05-20,53.947444915771484,54.428342783695705,53.82537097729236,53.928948436869476,4466000
2013-05-21,54.08708190917969,54.47087584397088,53.860506254597794,54.057486842363225,3918000
2013-05-22,53.33429718017578,54.40521604062627,53.28158063287503,54.28591852583524,5612000
2013-05-23,52.68878173828125,53.36019008049752,52.56393493099292,52.69248244473934,6476000
2013-05-24,52.84877014160156,52.97916623782663,52.095981575155285,52.413187489123075,3910000
2013-05-28,53.244590759277344,54.125926895642195,53.24273864209201,53.63855548773017,4709000
2013-05-29,52.99210739135742,53.28804391221519,52.75535746910288,52.92829579241033,3508000
2013-05-30,53.2834358215332,53.88270689759734,52.89964183696264,53.04206083831491,3784000
2013-05-31,52.736873626708984,53.69404424829792,52.67768349004691,53.19464996020573,6107000
2013-06-03,53.26029968261719,53.26029968261719,52.58981929041826,52.83766426854839,5822000
2013-06-04,52.54913330078125,53.35186200507937,52.15794148113773,53.22054161319925,6460000
2013-06-05,51.74918746948242,52.54821556725203,51.7223688109901,52.251354678694746,5421000
2013-06-06,52.24671936035156,52.26614012933963,51.52074949574268,51.58086391964035,4399000
2013-06-07,52.36695098876953,52.65548967471229,52.12835243705271,52.50567279987666,7163000
2013-06-10,52.323482513427734,52.629593370083434,52.034943838136584,52.49179585872039,4113000
2013-06-11,51.82964324951172,52.273548138581155,51.78895311456249,51.98963443297649,4334000
2013-06-12,51.602134704589844,52.26152010171305,51.602134704589844,52.23007644707599,5816000
2013-06-13,53.05778884887695,53.226102228122016,51.51706701394806,51.56330644932356,8606000
2013-06-14,52.82103729248047,53.155815451496174,52.63977320770992,53.084605946988795,6231000
2013-06-17,53.471153259277344,53.72917252278109,53.09013580574846,53.09013580574846,7248000
2013-06-18,54.04641342163086,54.08987645288424,53.65984292036042,53.7819168871186,5495000
2013-06-19,54.2276611328125,54.73815054166561,54.12685655814184,54.1509023333555,7661000
2013-06-20,52.965301513671875,54.165695771147455,52.91628919843598,53.60156553975467,9215000
2013-06-21,53.01801681518555,53.629314326493045,52.61018057056879,53.563650592043395,12178000
2013-06-24,52.0294075012207,52.67492162094747,51.55591100380645,52.100620539038594,9427000
2013-06-25,52.21250534057617,52.49457041569786,51.93876244461015,52.46127817123325,8312000
2013-06-26,52.71376419067383,52.96808639395902,52.139463097665086,52.5288029089976,5343000
2013-06-27,52.77664566040039,53.40088682988375,52.71375833771501,52.8552530498358,5942000
2013-06-28,53.12990951538086,53.12990951538086,52.387291737164986,52.63698885987328,10396000
2013-07-01,53.935420989990234,54.563362854433066,53.411984405724425,53.510012566959915,8534000
2013-07-02,53.92156219482422,54.46627179784129,53.61175404396087,53.81428400516374,5605000
2013-07-03,54.21009063720703,54.346036056326525,53.618217408803865,53.618217408803865,2434000
2013-07-05,55.08492660522461,55.08492660522461,54.248974075471644,54.619275662034596,5465000
2013-07-08,54.553550720214844,55.79868271198701,54.542440753920054,55.28396567212753,7052000
2013-07-09,54.951622009277344,55.22008695574327,54.79239211265402,54.963657217148274,5922000
2013-07-10,54.703521728515625,55.09511449577506,54.37673121291068,54.952549542135195,5330000
2013-07-11,55.639469146728516,55.6950119280694,54.81925256520299,55.25065202004918,4652000
2013-07-12,55.43949508666992,55.713515026960415,55.2080574651157,55.61446116577001,4498000
2013-07-15,55.162681579589844,55.54501476437025,54.98956602930932,55.47465754790713,4306000
2013-07-16,54.59983825683594,55.351547909288904,54.561882147710435,55.19509726298464,4682000
2013-07-17,54.92938995361328,54.98401099793658,53.96660885101669,53.97123859105081,9218000
2013-07-18,55.259891510009766,55.61352811785624,55.03770987066185,55.17749907851289,3487000
2013-07-19,54.92755126953125,55.632974068494974,54.86552474670318,55.43208356646823,8235000
2013-07-22,55.785701751708984,55.901420518937556,54.90253744804818,55.02103194010102,5362000
2013-07-23,55.35985565185547,55.993995746011386,55.31356885283057,55.899568133351984,4649000
2013-07-24,54.71091842651367,55.54502038670712,54.58686892629471,55.39042024947407,7752000
2013-07-25,55.45058822631836,55.71720616703207,55.00252755631473,55.00807900672139,7277000
2013-07-26,55.37376022338867,55.520029665873516,54.88959385447311,55.23119527993005,3848000
2013-07-29,55.26914978027344,55.636672093861776,55.03863742335206,55.44041487470026,3266000
2013-07-30,55.67647933959961,55.90606645736405,55.45893096059816,55.512623241077,6028000
2013-07-31,56.52724075317383,57.97326299962643,52.4918940560858,57.812182642560465,40090000
2013-08-01,59.83865737915039,60.14137393073566,57.2798832200751,57.2798832200751,30337000
2013-08-02,59.76366424560547,59.89790200076828,59.28505289966983,59.64424448530384,6684000
2013-08-05,59.474830627441406,59.79050758133805,59.28782584595977,59.360962323364404,5878000
2013-08-06,60.54408264160156,60.8199530632094,59.24340081931161,59.452622037573164,8199000
2013-08-07,59.83309555053711,60.45149605902442,59.71459397747073,60.45149605902442,5860000
2013-08-08,59.78865051269531,60.17376293449594,59.38595143626601,60.086740777194734,4532000
2013-08-09,59.059181213378906,59.93031066859061,59.03326031195213,59.93031066859061,3933000
2013-08-12,58.388919830322266,59.211911765264915,58.24820539351698,59.211911765264915,5240000
2013-08-13,58.630550384521484,58.95271112892251,58.34171600480719,58.95271112892251,3245000
2013-08-14,58.32040786743164,58.982319353463005,58.143587840512204,58.841604937792304,3943000
2013-08-15,57.279876708984375,57.83995523761722,56.991967592142004,57.75386184083455,5329000
2013-08-16,57.230804443359375,57.788107186220046,57.0373229834114,57.23913868161369,4834000
2013-08-19,57.38633346557617,57.95289572453884,57.16508061455095,57.31783026050391,3907000
2013-08-20,57.619625091552734,57.86679883794674,57.3020905935992,57.50298106304385,2985000
2013-08-21,57.33264923095703,58.09916976203866,57.21230068713758,57.36042061358552,9306000
2013-08-22,57.496490478515625,57.67423221454274,57.10582310556456,57.67423221454274,3926000
2013-08-23,57.962154388427734,58.00566547355132,57.21229534436575,57.58444737524751,4587000
2013-08-26,56.9503059387207,57.92882322905274,56.89105515341509,57.92882322905274,5829000
2013-08-27,56.27821731567383,56.71054187028396,56.08844032283605,56.30228772977127,5471000
2013-08-28,56.52724075317383,56.76885952304417,56.04677540733174,56.09121173322481,6406000
2013-08-29,56.70869064331055,57.248403280971424,56.512429897135036,56.51705963781405,5060000
2013-08-30,56.107879638671875,56.93179689752919,55.87736728952546,56.836444016760396,6123000
2013-09-03,57.71590805053711,57.84273328055206,56.51613424105173,56.65592345122386,11390000
2013-09-04,57.71127700805664,58.10657068448286,57.165084159845975,57.71590674861853,4018000
2013-09-05,58.22970199584961,58.47317127338841,57.625187093262085,57.67424963293757,3822000
2013-09-06,58.935115814208984,59.22395016880736,58.05565583387226,58.507421030247706,5874000
2013-09-09,59.28505325317383,59.33041129109848,58.83421328481406,59.063796857184,6169000
2013-09-10,60.312625885009766,60.36816863590351,59.58405811724615,59.61646276387643,7172000
2013-09-11,60.95695877075195,61.39853926242836,59.69052871971275,60.405210935156404,7539000
2013-09-12,61.79566955566406,62.238182227471285,60.590341119357205,61.26151559107439,10857000
2013-09-13,61.69293212890625,62.00676569980158,61.533705770211014,61.729037751051834,6090000
2013-09-16,62.11783218383789,62.48813364766591,61.90028033869817,62.37704108964361,7003000
2013-09-17,62.87417221069336,63.02969755647504,62.16689915886627,62.33168398368155,4810000
2013-09-18,63.65830612182617,63.739769791146124,62.62146303878143,62.85845917403641,4670000
2013-09-19,63.54072570800781,64.34057251582472,63.42408167615595,64.03878124504068,5099000
2013-09-20,63.48238754272461,63.8462123186542,63.18059633192527,63.8462123186542,6726000
2013-09-23,63.22780990600586,63.87583215588748,62.9611920105205,63.44721222938812,5171000
2013-09-24,63.448143005371094,64.03043783947903,62.79733791107628,63.182450328287594,6000000
2013-09-25,62.20487976074219,63.51018430221126,62.18636785829487,63.29170712617053,8780000
2013-09-26,62.72699737548828,62.92973128481877,62.25578794492485,62.50944547069461,3815000
2013-09-27,63.12226486206055,63.19262559503697,62.50016354098412,62.713082097128186,3133000
2013-09-30,62.28263473510742,62.7482856565079,62.041937655667304,62.73439996566665,4362000
2013-10-01,62.74641799926758,62.91212806506154,62.25484631444986,62.4344420672846,4121000
2013-10-02,62.609413146972656,62.61959786897799,62.14932080240165,62.52794949675802,4632000
2013-10-03,61.93825912475586,62.571470692767384,61.47445864918212,62.31967069041187,5547000
2013-10-04,62.33354949951172,62.462228743750536,61.78828541616571,61.845678661606435,4077000
2013-10-07,61.71642303466797,62.17322129879139,61.63302755474188,61.874865256553484,5289000
2013-10-08,60.586029052734375,61.83505317040237,60.36086751003497,61.73775957484267,7294000
2013-10-09,60.89734649658203,61.56818653249144,59.9902321549042,60.75835869998349,6541000
2013-10-10,62.87654495239258,62.87654495239258,61.791526263471724,61.92680278971982,4913000
2013-10-11,63.394474029541016,63.52048983184299,62.61244227089318,62.900611695612014,5458000
2013-10-14,63.85034942626953,63.93836819968378,62.47901396740607,62.95342179529592,3598000
2013-10-15,63.59923553466797,64.23393768808535,63.25362174734978,63.6789196952458,9156000
2013-10-16,64.44335174560547,64.82231809272375,63.72710619785742,63.88369632535736,5440000
2013-10-17,65.29022979736328,65.32358940810798,64.17556354124666,64.18297207527091,5420000
2013-10-18,66.26779174804688,66.37898342203387,64.96224922456052,65.50892571593072,5959000
2013-10-21,66.51333618164062,66.70143384617694,65.71092376033171,66.43736333134103,4799000
2013-10-22,66.59115600585938,67.39913175074554,66.39936117726226,66.87654721979524,4306000
2013-10-23,65.87679290771484,66.4003107602398,65.5098652565413,66.34285924263865,4414000
2013-10-24,67.14799499511719,67.36110338055765,66.15841172251439,66.20844758638182,4020000
2013-10-25,67.063720703125,67.86706622092183,66.7181068139567,67.17676450966398,4640000
2013-10-28,67.63446807861328,67.78827998044882,66.8394645635648,67.08685868603179,4411000
2013-10-29,67.86611938476562,68.3655380175303,67.41301823019356,67.9587755487874,4655000
2013-10-30,67.23974609375,68.06625003416663,66.83854006006423,68.00973168763039,5562000
2013-10-31,66.44479370117188,68.06815455812702,65.54508738242002,67.64378239148267,10221000
2013-11-01,68.33313751220703,68.49621722993031,67.0081333623944,67.07947587881311,8304000
2013-11-04,67.49177551269531,68.54993052490798,67.29163904911678,68.4118688127223,4568000
2013-11-05,68.2312240600586,68.4035644757455,67.01277399862064,67.39082152928657,6120000
2013-11-06,67.9986343383789,68.41466464652152,67.64839013493417,68.38131209526807,4849000
2013-11-07,66.83577728271484,68.3396039387144,66.67918007178591,68.32200159783262,4743000
2013-11-08,68.05425262451172,68.05703082664144,66.75890351040317,66.75890351040317,4558000
2013-11-11,68.67408752441406,68.88349879556286,67.84665745135752,68.0208569768495,4068000
2013-11-12,68.35163879394531,68.63146648409553,67.78179667906761,68.51749664727757,4520000
2013-11-13,68.1478500366211,68.33039138856232,67.8161411117842,68.10337758502702,4843000
2013-11-14,68.89373016357422,68.93728360776971,68.06259528490065,68.10336345770952,3384000
2013-11-15,69.70262145996094,69.82678516297527,68.89557859801464,68.89557859801464,4843000
2013-11-18,69.91478729248047,70.39197332268753,69.60531127650458,69.83788132195185,6949000
2013-11-19,69.2105941772461,70.18813214199223,69.0308382066676,69.91015651374433,3141000
2013-11-20,69.1160659790039,69.86288579551366,68.88627417866063,69.30786783487403,3059000
2013-11-21,69.2152328491211,69.45521855087549,69.01509631081638,69.01509631081638,3685000
2013-11-22,69.90552520751953,70.03709741445398,69.17075112688512,69.26340731194261,3796000
2013-11-25,70.09452819824219,70.37342273799221,69.71555482854079,70.34284839741585,4461000
2013-11-26,70.1455078125,70.89695813561961,69.95648411340692,70.13531400666986,5048000
2013-11-27,70.45683288574219,70.8348731981451,70.0584049625726,70.51242517806855,2596000
2013-11-29,70.4948501586914,70.88308442694405,70.38551059629836,70.55229460713039,2388000
2013-12-02,70.06025695800781,70.76723482677565,69.86382473219136,70.49482269801626,4185000
2013-12-03,69.87309265136719,69.97130522992288,69.23838334699644,69.76190099743337,4184000
2013-12-04,69.32360076904297,69.84062865640794,68.94277535243002,69.67847511542544,5091000
2013-12-05,69.63215637207031,69.94718867659766,69.21611918541643,69.51633442436867,3597000
2013-12-06,70.27800750732422,70.38733996513942,69.74522915379386,70.21036927142768,3310000
2013-12-09,70.31413269042969,71.02018441205743,70.23444852884907,70.688468691865,4348000
2013-12-10,70.75430297851562,71.26299677633982,70.28082095137978,70.28082095137978,6168000
2013-12-11,73.25231170654297,74.27710727461432,73.15038778989732,73.54603751710106,25460000
2013-12-12,72.50827026367188,73.33848574069827,72.39615961023601,73.33848574069827,10075000
2013-12-13,73.01140594482422,73.36536148115404,72.59352350785468,72.7825472163812,6828000
2013-12-16,73.82496643066406,74.1687211902497,73.35704089451146,73.47750033275233,7478000
2013-12-17,73.93614196777344,74.45409628088284,73.76657977702097,74.10756336206829,9610000
2013-12-18,74.31695556640625,74.45130597545099,73.07256185400715,73.9287214114824,10444000
2013-12-19,74.62460327148438,74.97947791945245,74.03622534668297,74.3114157908284,9530000
2013-12-20,75.70588684082031,76.27665511616613,74.77838485877676,74.91829872681794,13154000
2013-12-23,75.52520751953125,76.50089329375173,75.28985219540107,76.44807213068741,8946000
2013-12-24,75.34915924072266,75.5919231115695,75.14994879605115,75.47147077775979,4048000
2013-12-26,76.15526580810547,76.15526580810547,75.4390202965906,75.52055659017633,5940000
2013-12-27,76.70844268798828,76.75198904143677,75.98292933499835,76.16453742267555,5710000
2013-12-30,77.2115478515625,77.73228006813748,76.77142584738475,76.91689607019542,7068000
2013-12-31,77.4117202758789,77.7749435722891,76.96325639426964,77.77401043601058,6759000
2014-01-02,77.28942108154297,77.64429566019426,76.91508495478357,77.59240762419226,7214000
2014-01-03,76.98086547851562,77.44322743333086,76.5351798000005,77.2894154707459,6438000
2014-01-06,76.5990982055664,77.2653078856836,76.41100766154757,77.08740407725809,7022000
2014-01-07,77.66609191894531,77.86093128232201,77.10105422583658,77.10198152671222,7635000
2014-01-08,77.64287567138672,78.3081183204654,77.5658672463202,77.68741441672348,6936000
2014-01-09,78.27008819580078,78.32947083795835,77.58814696559736,77.936075875757,7025000
2014-01-10,77.44992065429688,78.6300987573936,77.15673780915125,78.57071610038633,8211000
2014-01-13,75.15266418457031,77.75053688907064,74.93277350906283,77.51486793917138,12354000
2014-01-14,76.23908233642578,76.35598590061856,74.60892354086735,75.4142592053065,10869000
2014-01-15,76.39312744140625,76.98785286615029,76.19550619323023,76.55456980143026,7750000
2014-01-16,76.59074401855469,76.82176929569751,76.30497260992239,76.5276521812175,4965000
2014-01-17,75.93385314941406,77.38123495063675,74.95594030149887,76.54434966456748,13330000
2014-01-21,75.93943786621094,76.68910754838683,75.52656245261518,76.3606660664757,10103000
2014-01-22,77.2866439819336,77.84332905708644,76.08048708690677,76.27532650927853,7220600
2014-01-23,76.41447448730469,77.75979690093997,76.00623559604655,77.75052389241681,6590300
2014-01-24,72.84243774414062,76.06194278825672,72.83315765286751,75.87637635597251,9460200
2014-01-27,70.55998992919922,73.2784749223563,69.53939273693749,73.25063466186826,13707500
2014-01-28,73.13931274414062,73.38053840829811,71.05173885283206,71.1630715967099,7735000
2014-01-29,72.09088134765625,72.99085876921743,71.45069684216175,72.54551364179805,7908500
2014-01-30,74.00215911865234,74.73513018044949,72.59188335361961,74.64234347800483,8702200
2014-01-31,70.2166976928711,71.43212716141308,66.57040220861293,70.0589716095064,23252800
2014-02-03,68.57447052001953,70.8939965355207,68.518797082178,70.559984222998,9828200
2014-02-04,67.84149169921875,68.98269440443633,67.54459268629873,68.86208161371691,11378100
2014-02-05,67.58170318603516,68.19406142102822,66.90440558765575,67.50748373703735,7768100
2014-02-06,69.49299621582031,69.50227630128164,67.86004802755305,67.9435546394427,6804600
2014-02-07,70.80122375488281,71.37646886815503,69.70640697712795,70.20742554443608,8437500
2014-02-10,70.83832550048828,71.75685585176608,70.37442028165256,71.1259515496361,4885600
2014-02-11,70.68990325927734,71.28370157258016,70.51361695173505,71.25586838268069,5322900
2014-02-12,70.48577880859375,71.37647621595607,70.20743277189077,70.92185096273269,4775200
2014-02-13,71.0053482055664,71.10740794377917,69.70641187446786,70.03115126621765,4912300
2014-02-14,71.80326080322266,72.05377362589223,70.95895684945287,71.05173649247999,4731900
2014-02-18,71.89603424072266,72.82384474817833,71.62696834412462,72.79601156553585,5811700
2014-02-19,71.1166763305664,72.37849917845102,71.0053365221181,71.75686076290513,6032800
2014-02-20,70.38371276855469,71.330076467116,69.44662207938889,71.330076467116,8711100
2014-02-21,70.2352523803711,70.83833062420439,70.0496931108681,70.38370545887939,6551800
2014-02-24,70.47647094726562,71.41356135101304,70.10534540412131,70.11462548932343,7942200
2014-02-25,71.20018005371094,71.41357959609431,70.06825004331384,70.51360222459391,7435800
2014-02-26,71.77544403076172,71.82183740220037,71.07958593098984,71.28370543950446,7437200
2014-02-27,72.14657592773438,72.37852864746726,71.44143767772854,71.75688997882034,4931400
2014-02-28,72.10942077636719,72.99083776814682,71.39500285034565,72.55476577565102,5916500
2014-03-03,71.19090270996094,71.52490797729246,70.18886567206934,71.00533636296304,6154600
2014-03-04,72.83313751220703,73.11148354434408,71.82182728080079,72.192945885472,5302700
2014-03-05,72.55480194091797,73.18571356991006,72.21151647423932,72.99087415077592,4230200
2014-03-06,72.02590942382812,73.02794622420542,71.97024307223961,72.74032730282387,4593400
2014-03-07,72.31356811523438,72.60118716664226,71.92388224205423,72.43418095774616,4133600
2014-03-10,71.80326080322266,72.3135594578214,71.69192098441029,72.18366654185681,3314700
2014-03-11,72.27645874023438,72.78675040484431,71.3393679020197,71.89605293551884,4834400
2014-03-12,72.68468475341797,72.68468475341797,71.25586254563846,71.64554132957832,4739700
2014-03-13,71.08885955810547,73.08364693319179,71.01463300200564,72.72180132049765,6521400
2014-03-14,70.82904815673828,71.64552590382922,70.72699551698406,70.9867813170104,4856900
2014-03-17,72.21149444580078,72.22076745438221,71.20017729845739,71.20945738567133,3910900
2014-03-18,73.22279357910156,73.27846701543812,71.94241780146358,72.4619893497286,4523500
2014-03-19,72.65684509277344,73.853721604216,72.29499952868998,73.24137029524135,5929300
2014-03-20,72.7496337890625,72.97230635485691,72.00738246490349,72.56406741870613,5197800
2014-03-21,70.50433349609375,74.0671302844442,70.42083393038192,73.6124979423445,15077700
2014-03-24,71.80326080322266,72.10015990808928,70.39299182476447,70.95895684945287,8816800
2014-03-25,69.8455810546875,72.15582747392287,69.79919477172174,71.97954827283999,7128300
2014-03-26,68.38890075683594,70.67131339202137,68.36106757862888,70.33730109627412,7611000
2014-03-27,68.04560852050781,68.3054013678004,67.12707824456074,68.23117484000251,7690100
2014-03-28,67.93429565429688,68.4631474317549,67.21060449342099,68.09202176297323,5245000
2014-03-31,69.30744171142578,69.46517487662533,68.19407193978027,68.5280842870004,5843600
2014-04-01,69.4095230102539,69.90126159690737,69.01056408697445,69.81776202346113,4105600
2014-04-02,69.30744171142578,69.91051995383059,69.1497156248586,69.48372797207873,4271600
2014-04-03,69.14969635009766,70.09606676297453,68.88063052991228,69.62288155653609,4133300
2014-04-04,66.96939086914062,70.04044267490615,66.53331861470502,69.9569430918706,8287100
2014-04-07,66.28174591064453,66.86715621211005,65.44544041609558,66.58839244021873,9699100
2014-04-08,66.4582748413086,66.84855535153173,65.9750801902527,66.179511150504,6280200
2014-04-09,68.35388946533203,68.45610493312212,66.54190088075235,66.83925303538682,6984700
2014-04-10,66.13306427001953,69.06012986958713,65.92863325635412,68.45613108087679,8982800
2014-04-11,63.81928634643555,65.39896880924647,63.81928634643555,65.0923294039635,11610500
2014-04-14,66.1423568725586,66.87644681721203,64.67417698325174,64.85073232509312,10893900
2014-04-15,67.04369354248047,67.59193377577466,65.4918869854825,67.1830789356786,7009600
2014-04-16,68.6977310180664,68.71631243293142,67.36893653794733,67.72204013587988,7002300
2014-04-17,68.88358306884766,69.5247518568058,68.40038823159794,68.82783172709065,5552300
2014-04-21,69.05083465576172,69.3481869198333,68.60480980437295,68.99508332169742,5991600
2014-04-22,69.25525665283203,69.47826904950078,68.62338228774034,69.19950532602391,5049800
2014-04-23,68.1680679321289,69.22738575096184,67.8892971000416,69.06941892118286,5056400
2014-04-24,69.08799743652344,69.43181383641569,68.14018940817543,68.49329296982734,5191700
2014-04-25,65.65916442871094,67.83355158338541,65.6034060038524,67.09946161277794,9657700
2014-04-28,66.19811248779297,67.0530064961334,65.25030431065066,65.78925753365196,8649400
2014-04-29,66.93218994140625,67.47114306344453,66.28173416614366,66.43040673358814,6030500
2014-04-30,68.34463500976562,68.41896776691743,66.47688712846575,67.22026432604963,6552600
2014-05-01,68.96720123291016,71.28097354381936,68.80923440814531,70.22165575861098,9752000
2014-05-02,68.55836486816406,69.22740942239547,67.3875368982591,68.948638494986,5977100
2014-05-05,69.52474975585938,69.56191967905355,67.78709306608157,68.02869402212464,4776900
2014-05-06,68.58621978759766,69.19951280652938,68.53046845476278,69.07870879947112,4290100
2014-05-07,68.6419448852539,69.10655800514735,67.87997965220599,68.69769619102237,4411900
2014-05-08,68.98578643798828,70.12873836876736,68.29816068282261,68.64197710512391,4628200
2014-05-09,69.1158676147461,69.17162602806071,68.3167322217836,68.77205833157946,2975600
2014-05-12,69.7105712890625,69.89642084906474,69.22737661192832,69.40393192157148,2975200
2014-05-13,69.5340576171875,70.09159239533642,69.18094682245635,69.86857990196472,3268500
2014-05-14,68.8556900024414,69.71057677745038,68.72559884491554,69.37606172198127,2595900
2014-05-15,67.90789031982422,68.98578962725907,67.72204072237874,68.76277719976173,4301600
2014-05-16,68.53047180175781,68.63268730990525,67.42468971694677,67.86142741731541,3703800
2014-05-19,68.63269805908203,69.11589291828044,68.21454879803414,68.2703001423236,3428800
2014-05-20,68.43753814697266,69.21808506111641,68.30744699461536,68.5955049620585,3764700
2014-05-21,70.27742767333984,70.28672192735337,68.9207572543477,68.94863292694967,4365800
2014-05-22,70.38892364501953,70.82566133527878,69.78492486252136,70.44467497928676,4625400
2014-05-23,71.03936767578125,71.24379865328974,70.45395749518188,70.62121855955829,3376100
2014-05-27,71.57835388183594,72.37748966012812,71.29029578365132,71.43896841549395,5598000
2014-05-28,71.48539733886719,71.78274954531565,71.29026061801999,71.65265839808418,2733300
2014-05-29,71.35530090332031,71.76416281542363,71.09511862814011,71.59690176860276,3375600
2014-05-30,71.03936767578125,71.57832078204252,70.94644643766904,71.36460264332804,5003500
2014-06-02,71.596923828125,71.74559642141992,70.83495817771512,71.3367343833433,3046400
2014-06-03,70.94646453857422,71.5504633745587,70.84424902374124,71.32745092830397,2619100
2014-06-04,70.9185791015625,71.1137158513395,70.45396576701626,70.90928484982926,2794700
2014-06-05,71.40178680419922,71.7084333620979,70.75133085360032,70.91859196795977,2680300
2014-06-06,71.9872055053711,72.36818482895916,71.45754648222983,71.55046774973144,3113900
2014-06-09,71.42037963867188,72.00579002968314,71.31816411317868,71.84782315917133,3499900
2014-06-10,71.8849868774414,72.07082940441256,71.15089684386078,71.30886370073006,3396100
2014-06-11,71.42964935302734,71.95001396626631,71.29026394892801,71.51327634182526,3427500
2014-06-12,70.36103057861328,71.68053048585071,70.119429707471,71.53185793475693,3836400
2014-06-13,70.56547546386719,70.75131796176441,69.81279704167864,70.36104446251812,3194900
2014-06-16,69.7942123413086,70.41679247832981,69.59907560087372,70.24953140232329,5673600
2014-06-17,69.67343139648438,70.0915806375924,69.27386357277392,69.82210400397948,4163700
2014-06-18,69.80351257324219,69.88713957369221,69.13446821189348,69.64553864555248,3820800
2014-06-19,69.01366424560547,70.08227637400456,68.85569740725562,69.76634269730485,5501900
2014-06-20,68.58621978759766,69.70129607035433,68.27958036756883,69.25526413936426,9339300
2014-06-23,68.89287567138672,69.04155536509342,68.01940019445486,68.38179808606745,4899900
2014-06-24,67.55477905273438,69.49686656519748,67.41540071763659,68.84640361384663,5943800
2014-06-25,67.8707046508789,68.34461215259769,67.40609139923497,67.42467280994906,3813600
2014-06-26,67.61980438232422,68.09371184800166,67.42466768220646,68.07513043870071,4085000
2014-06-27,68.20523834228516,68.40037509038277,67.3224687605825,67.38751434328171,12447500
2014-06-30,68.27027893066406,68.65125814733544,67.8892926245564,68.05655369489504,4737000
2014-07-01,70.18450164794922,70.53761238216114,68.89287691565583,68.94862825708377,6330900
2014-07-02,70.80707550048828,70.98363085157402,69.56191505865984,69.56191505865984,3973700
2014-07-03,71.308837890625,71.45751752993797,70.94644013159387,71.17874675094384,3213400
2014-07-07,70.89012145996094,71.31817857257717,70.66678885764277,71.13206925391461,3591100
2014-07-08,70.43412780761719,70.86218479350796,69.91300909033045,70.82496152087225,3903600
2014-07-09,71.308837890625,71.34606115700961,70.3503618549607,70.60161712815379,3337000
2014-07-10,70.22941589355469,70.68538864040795,69.55941106574562,70.39691710050695,3318000
2014-07-11,70.5644302368164,70.58303832979487,70.03401084173262,70.29456674112595,2759000
2014-07-14,71.96026611328125,72.31387665034052,70.75984186693854,71.13206759519923,5585800
2014-07-15,72.88151550292969,73.71902157311087,72.45345842252928,72.5744287605941,7508400
2014-07-16,72.87220764160156,73.22582525861675,72.53720521475289,73.18860197789857,3623200
2014-07-17,71.08551025390625,72.46274280588575,70.95523236245567,71.94162414047082,5467000
2014-07-18,72.1184310913086,72.25801657140781,71.14133983022654,71.42051079042496,3485700
2014-07-21,71.9788818359375,72.06263600599287,71.27165358722466,71.75554921514987,3101300
2014-07-22,72.8349609375,72.94663074374202,71.9788470551489,72.13704062261567,3467200
2014-07-23,72.3417739868164,72.93733216111403,71.82996995244903,72.73261480713515,3525800
2014-07-24,72.18355560302734,72.63952812054603,71.57869004327586,72.51855784844014,5149600
2014-07-25,70.48995971679688,70.75051552766669,69.99676377484852,70.37828989801837,5870200
2014-07-28,70.89940643310547,70.91801451918806,70.27592550533458,70.44342667853057,3209100
2014-07-29,70.62020874023438,71.29021317966271,70.39687629362842,71.01104229669741,4017200
2014-07-30,70.63884735107422,70.99245776713349,70.21078329530138,70.78773333166286,5521200
2014-07-31,69.00106811523438,71.02038286080551,68.6846738276644,71.00177477311964,7393700
2014-08-01,69.77342987060547,70.20148685145419,68.52647510064335,68.71258436201646,6029500
2014-08-04,70.42483520507812,70.58302882274279,69.86650019592265,70.15497174573643,4924000
2014-08-05,69.97815704345703,70.40622118402074,69.61523896309521,70.08051928146823,4639000
2014-08-06,70.12703704833984,70.3317614861049,69.50356324213749,69.65244922439476,2782900
2014-08-07,68.91731262207031,70.42482328120145,68.69398007614431,70.29454537111015,4708000
2014-08-08,69.95023345947266,70.0060719191082,68.62883920845107,68.86147934136106,3614300
2014-08-11,70.37830352783203,70.78775250970247,69.78274524490126,70.29455647223931,3546600
2014-08-12,70.37830352783203,70.55511233356968,69.72691387450611,70.12705526143911,2752400
2014-08-13,71.00174713134766,71.19716392423334,70.34104313209146,70.58299077549748,3389600
2014-08-14,70.76913452148438,71.29024617126107,70.40621646544507,71.2809385776254,2411400
2014-08-15,69.98745727539062,71.25302017620359,69.77343232723734,71.10413418178567,4351900
2014-08-18,71.43912506103516,71.48565592496847,70.43412513643817,70.43412513643817,4030300
2014-08-19,71.0948257446289,71.4670513756757,70.8063471532706,71.42052050943983,3562200
2014-08-20,71.08551025390625,71.16926438390311,70.62953763382922,70.69467657955451,2608200
2014-08-21,71.64386749267578,71.76484492943452,70.99247783172424,71.19720232505611,2690000
2014-08-22,71.16928100585938,71.54149958287313,70.86219429017018,71.42052925530508,2500700
2014-08-25,71.12276458740234,71.84860089954267,71.08554130221364,71.75554623637878,3386300
2014-08-26,71.65316009521484,72.44413511790168,71.22510310763859,71.45774323781785,3849000
2014-08-27,71.31815338134766,71.76482552782441,71.18787548437795,71.67176380174928,1980800
2014-08-28,70.87149047851562,71.12273868752578,70.40621023251575,70.80634442844703,2991600
2014-08-29,70.54576110839844,71.16924179053923,70.47132169378148,71.00174068333295,3231600
2014-09-02,70.3317642211914,70.73190551976224,70.20148631929516,70.65745897593203,3613200
2014-09-03,70.66676330566406,70.89940341968101,70.47134646184337,70.81564928683622,2870200
2014-09-04,71.07621002197266,71.48565892299591,70.72259957993379,70.75051525961932,2680300
2014-09-05,71.52291107177734,71.58805005054663,70.59235017529272,70.89943697504054,3487400
2014-09-08,70.93661499023438,71.51355783408845,70.629528386473,71.27161016752387,2845600
2014-09-09,70.7877426147461,71.19719153938235,70.43413215231445,70.9645513957688,4144700
2014-09-10,71.32746124267578,71.58801703759708,70.61092570702925,70.80634255322023,4188000
2014-09-11,70.36898803710938,71.14134786157571,70.17357118275429,71.02037755162634,4673100
2014-09-12,70.22941589355469,70.78775088352404,69.72691227269789,70.42483278506323,4239500
2014-09-15,70.01536560058594,70.18286676396872,69.58730864963277,69.9688418382985,4046800
2014-09-16,71.27163696289062,71.46706094756455,69.73621756604909,70.39691477733079,4870400
2014-09-17,70.92733764648438,71.56011920608128,70.22941712191195,71.54150401630845,5549400
2014-09-18,72.39764404296875,72.40694454065397,70.93666364971817,71.31818994369237,5782900
2014-09-19,71.91371154785156,72.92802614577516,71.87648827732463,72.5278848621267,8492600
2014-09-22,70.87149047851562,71.98816022907008,70.7970439352485,71.89510559979273,3432900
2014-09-23,70.26664733886719,70.955260336536,70.25733974306188,70.7040120467161,3908100
2014-09-24,71.6996841430664,71.6996841430664,70.30384349472335,70.44342187986751,3618900
2014-09-25,69.5314712524414,71.31814544017912,69.5314712524414,71.22509082407839,5006100
2014-09-26,69.847900390625,69.950262659805,69.32678854724776,69.55942877727209,3767500
2014-09-29,69.3453598022461,69.6896697156301,68.66605466723964,69.00105698847472,3905900
2014-09-30,68.78704071044922,70.08051943030416,68.78704071044922,69.29885190159222,9347500
2014-10-01,68.22869110107422,69.02897364655483,67.99605099133247,68.69397132055771,6619400
2014-10-02,68.32174682617188,68.61022539463762,67.5493799454742,67.80994283625907,5607000
2014-10-03,69.16854858398438,69.4477124133338,68.76840737226638,68.90799283674691,5338000
2014-10-06,69.33606719970703,69.58731541941745,69.22439738005049,69.4384294261555,4783400
2014-10-07,67.97543334960938,69.2615028338778,67.97543334960938,69.05647571824599,5842000
2014-10-08,69.01920318603516,69.02852454028229,67.54674916994013,67.79836885373237,4116100
2014-10-09,66.94099426269531,68.95397321783292,66.92235155277046,68.94465897298107,5790800
2014-10-10,65.7015151977539,67.3790035362088,65.7015151977539,66.91303534331692,5981300
2014-10-13,65.0304946899414,66.3631634901584,64.90002421524389,65.78536059499248,6039500
2014-10-14,66.16746520996094,66.79186071044582,65.23552908024317,65.2728073786449,8181000
2014-10-15,66.44705963134766,66.84779251629259,64.9186847004204,65.19826131845272,11596100
2014-10-16,66.03700256347656,66.62411983528855,65.09574496984305,65.31009343358288,9418000
2014-10-17,66.68936157226562,67.24852905896314,66.03700898459844,66.81983208979906,5888500
2014-10-20,67.13668823242188,67.15532382895412,66.29794418628441,66.36317943931125,3281600
2014-10-21,69.11239624023438,69.22422404061774,67.61197829747626,67.91019761534754,4556400
2014-10-22,68.23639678955078,69.29880391048786,68.19911847353926,69.0658197679997,4155400
2014-10-23,69.04715728759766,69.57836780609902,68.74893795499376,69.05647864145989,3604100
2014-10-24,68.96331024169922,69.03786687811717,68.39482833170867,68.81419696886331,3374400
2014-10-27,69.0658187866211,69.45723043401269,68.73964241379477,68.96330519657401,3402600
2014-10-28,70.82717895507812,70.8365003115614,69.40131714794246,69.46655242310187,4992800
2014-10-29,70.81786346435547,71.73116450234672,70.43577313823414,71.0042550589008,6213500
2014-10-30,77.47186279296875,77.55574075802006,72.97061582502825,73.01720837440362,16292400
2014-10-31,78.04966735839844,79.05616029762567,77.53709953468739,77.54642088878484,11664600
2014-11-03,78.4037857055664,78.6088127960941,78.11488777442752,78.11488777442752,6661300
2014-11-04,78.27333068847656,78.47835781953918,77.07113196460845,78.15218152471682,5977100
2014-11-05,80.13720703125,80.51930435850059,78.636788896148,78.74862382097726,7999000
2014-11-06,79.9135513305664,80.50066873988574,79.67124586048232,80.14653544523279,5147900
2014-11-07,79.0281982421875,80.09060501717454,78.8324853693288,80.09060501717454,4926000
2014-11-10,79.0748062133789,79.3171116807592,78.4783674552973,78.95365703474418,4526100
2014-11-11,78.8324966430664,79.32642890743338,78.51564168000014,79.19595838027546,2679900
2014-11-12,78.60883331298828,78.9163740290479,77.65826132075269,78.05899425407299,3121300
2014-11-13,78.46906280517578,78.97230944758854,78.04969415822133,78.78592496230041,3096500
2014-11-14,78.32925415039062,78.59950943875054,77.94715682872629,78.58087383993993,2224200
2014-11-17,77.5370864868164,78.52494366172293,77.50912953933855,78.09625387680862,3368500
2014-11-18,78.18946838378906,78.50632335910039,77.51847301241125,77.58370827851127,3142700
2014-11-19,78.54358673095703,78.73929249203437,77.73280673650939,78.00306199458566,2501100
2014-11-20,78.84183502197266,79.07481917222087,77.62100034990786,77.81670618290292,3452200
2014-11-21,78.95365142822266,80.03469393418887,78.47836188252623,79.90422340950519,4969500
2014-11-24,79.20531463623047,79.39170628111313,78.8884595051013,79.04688707066587,5150400
2014-11-25,80.46337127685547,80.83614719361769,79.28913673770197,79.30777233399093,5623400
2014-11-26,80.66839599609375,80.98525800449013,80.10923569257493,80.38881939938885,3327600
2014-11-28,81.34872436523438,81.9078847499166,80.78024262627626,81.07846197211413,2452800
2014-12-01,81.50713348388672,82.15949304421167,80.4726838056088,80.66838954067374,4989800
2014-12-02,81.72147369384766,81.96377194518064,80.64974582489481,81.92650076044305,5458300
2014-12-03,82.30859375,83.16597323143246,81.71215523160281,82.20608021307787,6085400
2014-12-04,82.72799682617188,83.35239966107842,82.14087941317004,82.36454217382156,3527900
2014-12-05,83.01688385009766,83.75311434962309,82.80253538158391,83.75311434962309,3739900
2014-12-08,82.04767608642578,83.4642161923536,81.89856285942811,82.97961242483119,4473300
2014-12-09,81.86126708984375,82.05697993605578,80.51928388368972,80.67771132099614,3732400
2014-12-10,80.45405578613281,82.03834452016748,80.34222087980565,81.57237640896798,3277400
2014-12-11,81.72147369384766,82.1781203630143,80.84545154025194,80.85477289149021,4078500
2014-12-12,78.4037857055664,81.37666429800079,78.38515011102233,80.67771218580651,6644500
2014-12-15,78.85113525390625,79.48485225720755,77.85396364239936,79.34506038248769,4921600
2014-12-16,77.01519775390625,79.18661054566527,76.46535887476392,78.02169043550805,6970300
2014-12-17,78.96298217773438,79.09345271794118,76.79156844268931,77.15502310613843,6443700
2014-12-18,81.00392150878906,81.00392150878906,79.58738111115518,80.25837655060177,6442100
2014-12-19,80.55657196044922,81.3487163532403,80.27698824058915,81.05981839013175,6262000
2014-12-22,80.9200439453125,81.05051447996377,80.34224078463482,80.84548732262296,2561600
2014-12-23,81.66558074951172,81.87060788653609,80.84547931152439,81.5071532745784,2749700
2014-12-24,81.79608154296875,82.29001396955775,81.57241872439917,81.73084625796459,1219500
2014-12-26,81.79608154296875,82.07566539876532,81.5630973665092,81.91723786519991,1508400
2014-12-29,81.7121810913086,82.46704727471375,81.54443226053965,81.67490278334769,2376100
2014-12-30,81.05048370361328,81.77739272353854,80.62179395109604,81.40461686175149,2493300
2014-12-31,80.29563903808594,81.58170863678919,80.29563903808594,81.24621098319528,2811100
2015-01-02,79.84832000732422,81.41397361962906,79.14004627291908,80.78025651202684,4505800
2015-01-05,77.60233306884766,79.54076229167096,77.39731305402863,79.48484838854849,6441400
2015-01-06,77.4345703125,78.07760852311193,76.23237895108153,77.965780736994,7690000
2015-01-07,78.63912200927734,78.69514380056359,77.56532589204082,78.52707130287587,5846800
2015-01-08,79.86226654052734,79.94630630350665,79.39539954835887,79.54480040528875,5174200
2015-01-09,78.84452819824219,80.30115145666858,78.80717797061234,80.27314056690308,4582200
2015-01-12,77.83609771728516,79.22735993506049,77.41592009996987,78.81652165612472,4030100
2015-01-13,78.01351165771484,79.5915179432045,77.25718195253474,78.51772196273079,4222100
2015-01-14,77.9294662475586,77.94814492348301,76.41681406992151,76.56621498200657,5084300
2015-01-15,76.79965209960938,78.55507015445097,76.73429097852028,78.24694322578972,4331500
2015-01-16,78.2469253540039,78.30294712390537,76.40746792142544,76.61289057616585,4763700
2015-01-20,78.67646789550781,79.26471804298181,77.67737230443564,78.79785081119428,3540600
2015-01-21,78.1722183227539,78.76046822861686,77.78005171884527,78.22824008793351,3598400
2015-01-22,78.78851318359375,78.92857478093862,77.03309491851385,77.83610714454042,4796200
2015-01-23,78.79782104492188,79.20866633332119,78.24692133895545,78.69510972282204,5012200
2015-01-26,78.06016540527344,79.08727143879833,77.37854353593235,78.71378351666235,5440400
2015-01-27,76.35144805908203,77.32253255392305,75.595125580644,77.13578854961126,5486000
2015-01-28,75.38972473144531,78.01352363188387,75.32436359862751,77.80810089336244,5070200
2015-01-29,75.98731231689453,76.14605259866063,74.53068875214653,74.97888445413076,6277200
2015-01-30,76.59422302246094,79.18067100704374,76.0900056486741,78.46169161108152,13332400
2015-02-02,77.48128509521484,77.71471869957954,75.2403210685481,76.29543839569835,10576500
2015-02-03,78.25626373291016,78.32162484422099,76.9770523938516,77.7613857295815,8490400
2015-02-04,78.60174560546875,79.3393964817488,77.98547761117405,78.35897271767145,4923200
2015-02-05,80.13309478759766,80.217134597285,78.4336982765587,78.97526599818721,5426000
2015-02-06,78.58307647705078,80.0863820384195,78.39632535613487,79.94632760251613,5540900
2015-02-09,78.98458099365234,79.2086823547402,78.06952536927267,78.4056702870771,3951100
2015-02-10,78.64845275878906,79.53549760180306,78.33097935390849,79.5261582629991,4441800
2015-02-11,78.86320495605469,79.17133901147079,78.37766621247039,78.64845003779108,4051300
2015-02-12,81.7204360961914,82.14996021303654,79.65688381234203,79.76893451114883,7053500
2015-02-13,81.36561584472656,82.15928866775113,80.8800770864452,82.0098948666754,5510900
2015-02-17,81.7204360961914,82.32736491469498,81.45899158947073,82.10327064090991,5083400
2015-02-18,81.91653442382812,82.01923866942455,81.09484346842308,81.72044390123068,2974300
2015-02-19,83.28910827636719,83.50387032967404,81.77646305956401,81.8324848457187,5271700
2015-02-20,84.77372741699219,84.91378896935215,82.99029170618336,83.12101392203226,6276500
2015-02-23,85.08190155029297,85.10057310829812,83.98009440841327,84.89515035109227,4316300
2015-02-24,85.26863098144531,85.57676506433448,84.26019605044183,84.54965857853254,5547500
2015-02-25,86.52913665771484,86.61317643044427,85.33395815891346,85.95022607950992,6144400
2015-02-26,85.21261596679688,86.83731206889763,85.02586478482432,86.73460069977001,5666700
2015-02-27,84.157470703125,85.60476173156354,84.00807691807964,84.97916145427047,4675300
2015-03-02,85.92223358154297,86.05296294724732,83.56922610393869,83.62524788650634,5568300
2015-03-03,84.94184875488281,85.847572574553,84.5216638559084,85.81022233083324,3444400
2015-03-04,85.63279724121094,85.80086975010146,84.15749489915306,84.63370152831442,4733900
2015-03-05,86.65987396240234,86.7905961882497,85.38999480517631,85.90355149516736,4651300
2015-03-06,84.77372741699219,86.39842290241893,84.66167675033891,86.37975135322328,4963200
2015-03-09,85.08190155029297,85.38069634518425,84.10147734502135,84.5216550765207,4144800
2015-03-10,82.9529800415039,84.40027154889782,82.9529800415039,84.20418813398254,5050200
2015-03-11,81.20687866210938,82.32735704779448,81.09482797400973,81.78578940772128,9452300
2015-03-12,83.33580017089844,83.57857312405149,81.86983736040833,81.91652693272457,7035500
2015-03-13,81.93519592285156,83.33579756255843,81.5617007274974,83.33579756255843,4609700
2015-03-16,82.83158111572266,83.0370038318347,82.10326939410973,82.63549773865982,3843900
2015-03-17,82.14064025878906,82.69154029598573,81.93521749107836,82.41142416860495,2880800
2015-03-18,82.99031066894531,83.34513429917571,81.44031527378992,81.90718247244835,5437300
2015-03-19,83.12104034423828,83.72796918150874,82.76622380612156,82.96230719222517,3172500
2015-03-20,83.86804962158203,84.3722672093467,83.4572040781078,83.63461594894082,4372000
2015-03-23,83.41050720214844,84.6430364957244,83.4011678621844,83.98008583485989,3395200
2015-03-24,83.55989074707031,83.9800755078326,83.13971311013626,83.4758580692148,4050500
2015-03-25,81.58036041259766,83.68126238304569,81.58036041259766,83.63457282306062,3813600
2015-03-26,82.103271484375,82.44875579970714,80.82405270754596,80.96411430153621,4141800
2015-03-27,81.46835327148438,82.46744912407257,81.11353664702995,82.07528225643918,4927400
2015-03-30,81.86048889160156,82.43940675414714,81.68308420900792,81.83247800086718,3451100
2015-03-31,80.66529083251953,82.41137621828612,80.66529083251953,81.54300319338337,5985500
2015-04-01,80.99214172363281,80.99214172363281,79.71292980958363,80.98280950627,4736900
2015-04-02,81.2629165649414,82.04725728957844,80.92677155778686,81.16020519476479,4628400
2015-04-06,81.55236053466797,81.85116238688536,80.5065825472201,80.62796545681223,5853800
2015-04-07,82.24459838867188,82.79651649999674,81.63655567300657,81.81429310262179,4091200
2015-04-08,83.55419921875,83.90031748235307,82.5813326269391,82.69358893492131,3659900
2015-04-09,83.3110122680664,83.90969852973485,82.4504016590309,83.34843105153358,3482100
2015-04-10,82.8526382446289,83.70389944455913,82.61877621874513,83.70389944455913,2575300
2015-04-13,82.55332946777344,83.65715897446181,82.55332946777344,82.90879732565743,3526000
2015-04-14,83.36714935302734,83.69455480821293,82.32880124022189,82.32880124022189,3453500
2015-04-15,83.48873901367188,83.78808210617197,82.93682808624136,83.39519563543477,2683600
2015-04-16,82.99297332763672,83.42327868407384,82.87136048246914,83.20812243740325,2952100
2015-04-17,81.3185043334961,82.60942015356196,81.00044826551012,82.31007704440599,4352800
2015-04-20,81.69270324707031,82.21655202084894,81.39336007106763,81.58980336123462,2681000
2015-04-21,82.10430145263672,82.48783871546026,81.63657726104007,81.85173352941264,3148200
2015-04-22,85.3128662109375,86.46347054581081,82.76845330397643,82.76845330397643,12232000
2015-04-23,85.01353454589844,85.49997163345249,84.35872362446464,85.31287770096871,4322300
2015-04-24,84.86383819580078,85.27543757290414,84.38675774842201,84.86383819580078,3519200
2015-04-27,83.95648193359375,85.37836015869378,83.90035732140282,85.06031117374,4854300
2015-04-28,84.40550231933594,84.60194560374322,83.54488446877028,83.86294059845639,4786300
2015-04-29,84.42420196533203,87.54859559850154,84.012602464185,85.24739383072257,9364700
2015-04-30,84.38677978515625,85.49060892726767,83.87228756632412,84.4241985689282,7470700
2015-05-01,85.35964965820312,85.41577426731995,84.43355792325806,84.5271013174206,4663100
2015-05-04,85.2941665649414,86.051877317833,84.9480481640769,85.5841532211042,4596900
2015-05-05,84.91997528076172,85.98638551749667,84.71417556193525,85.2567371594046,3707000
2015-05-06,84.7235336303711,85.54672538421684,84.15290972179422,85.17255185595224,3495800
2015-05-07,86.1080093383789,86.21090921094115,84.5177431222646,84.85450504394042,4369800
2015-05-08,87.4737548828125,88.24082204857447,86.65991245672613,86.84699922421825,9933400
2015-05-11,86.54766082763672,87.85728968211443,86.52895500462984,87.44569734383516,4731400
2015-05-12,86.42607116699219,86.74412731233014,85.66836029886161,85.958346999128,5191800
2015-05-13,86.54766082763672,86.97797326272905,86.0799367465306,86.76281704518289,3443200
2015-05-14,87.78245544433594,87.83858718929088,86.80959559922638,87.09022577638758,3467200
2015-05-15,87.20247650146484,88.39984897531062,87.02473907156799,87.78244977897602,3403800
2015-05-18,87.0715103149414,87.14634787532881,85.90220019727266,86.90312937252101,4281200
2015-05-19,87.74503326416016,87.99760110697783,87.13699058127742,87.56729584412763,3279700
2015-05-20,87.22118377685547,88.02566975929057,86.81894078563792,88.02566975929057,2701100
2015-05-21,86.90310668945312,87.32405536717866,86.74408226781465,87.08083692785466,2891000
2015-05-22,86.70667266845703,87.26794001042391,86.66925389407238,86.94988399660508,2448200
2015-05-26,85.95833587646484,86.6599220374787,85.64028690918558,86.62250325246286,2965400
2015-05-27,86.61314392089844,86.79088135964706,85.95833304693495,86.16413278929583,2597800
2015-05-28,86.82831573486328,86.95927793317236,86.16414826146591,86.62251595554771,1777700
2015-05-29,86.30445098876953,86.9218430756905,86.20155111813216,86.81894320505313,3561400
2015-06-01,86.5850601196289,86.94053490886758,85.6963874203352,86.4353921585559,2635400
2015-06-02,87.15571594238281,87.4831214182899,85.53739438851177,86.19220534032593,2795500
2015-06-03,87.46440124511719,87.98824992063729,86.90313378750237,87.27731447154656,3638000
2015-06-04,86.59442138671875,87.61406342158378,86.36055938587562,86.94988905871563,3320300
2015-06-05,86.64119720458984,86.84698977167133,85.78057961184992,86.47281627741268,2655000
2015-06-08,85.96766662597656,86.63183380318281,85.84605382684917,86.42603411564541,2561500
2015-06-09,86.14540100097656,86.35120069835779,85.40640337769194,85.8086462943275,2375100
2015-06-10,88.09115600585938,88.26889344913069,86.43541581847526,86.52895921186416,3727600
2015-06-11,88.39984893798828,88.9891786949565,87.91341904703239,88.25953029007121,3403600
2015-06-12,87.71697235107422,88.1846964392224,87.19312365615727,87.97890383543589,2777500
2015-06-15,87.27732849121094,87.5018340829394,86.20156152811826,86.93121005391382,3229000
2015-06-16,88.07242584228516,88.32499364832599,87.07149682214308,87.30535880943702,2446100
2015-06-17,88.35307312011719,88.8395101449134,87.83858093019766,88.25952973439571,2962100
2015-06-18,89.84979248046875,90.09300384687218,88.43726385709887,88.465326158076,4208000
2015-06-19,88.68984985351562,89.76561681151476,88.60566293335509,89.6346546222179,5011200
2015-06-22,89.26043701171875,89.92460416508362,89.11076905872862,89.41946144205235,3290100
2015-06-23,89.52239227294922,89.78432377093421,89.19498682159745,89.49432996810529,4195400
2015-06-24,89.34464263916016,89.94332880268742,89.13884293227854,89.22302982860172,3682500
2015-06-25,88.36241912841797,89.68140426256448,88.19403819931208,89.68140426256448,3214900
2015-06-26,88.40918731689453,88.70853037394244,87.83856349925611,88.68046807748505,3201100
2015-06-29,86.54766082763672,88.04438359669874,86.44476809574422,87.63278412151637,4426500
2015-06-30,87.44570922851562,87.96955798674136,86.75347235582696,87.18377771249868,4750400
2015-07-01,88.39984893798828,88.82079774483658,87.93212486953331,88.37178663578544,3737000
2015-07-02,88.15662384033203,88.64306083186266,87.83857492324863,88.39048585709419,3034700
2015-07-06,88.41853332519531,88.56820841652858,87.21181180160141,87.37083623346713,3042000
2015-07-07,87.97813415527344,88.58720777138437,86.47888097261789,88.58720777138437,4859200
2015-07-08,86.66629028320312,87.3971758079996,86.32895740268113,87.11606984023364,4367200
2015-07-09,87.18167114257812,88.21240743110452,87.13481656850699,87.8282270899375,2986000
2015-07-10,88.66219329833984,89.01826377981739,88.15619388844767,88.50289202464812,2721800
2015-07-13,89.48677062988281,89.6741746197679,89.12132784530414,89.3649587513579,3454400
2015-07-14,89.27124786376953,89.86158400348465,89.15880833163624,89.67417286825611,3148400
2015-07-15,89.25252532958984,89.58048593512066,88.69030612739344,89.49615627184347,3969400
2015-07-16,89.78662109375,89.92717766033806,89.44928819354023,89.72102898254276,3100400
2015-07-17,90.03026580810547,90.19893228408047,88.51226752433045,89.54300392239767,2726300
2015-07-20,91.13594818115234,91.60446528057365,90.33947054193685,90.48001995256037,4621700
2015-07-21,90.6205825805664,91.26713850874536,90.25513979046632,91.07972736702476,3836200
2015-07-22,90.7798843383789,91.22966396740266,90.09585327322351,90.23640985410623,3809900
2015-07-23,89.16819763183594,90.86422762139857,88.8964567958333,90.79863549884656,4896900
2015-07-24,89.7959976196289,91.3514708216961,89.50551212875159,91.17343916813083,6798800
2015-07-27,88.44667053222656,89.79600226571769,88.36234087338569,89.4586693323449,4538900
2015-07-28,89.16819763183594,89.45867601042264,88.74652785914004,89.08386081769468,6528700
2015-07-29,90.6393051147461,91.782480629303,87.14416502774952,88.45601410312901,11420600
2015-07-30,92.21354675292969,92.59772708952511,90.05836505338047,90.55499207700598,4407300
2015-07-31,91.2671127319336,92.56021707407257,91.14529373696985,92.43840522811087,3956700
2015-08-03,91.30459594726562,91.71688604910322,90.24574294379126,91.58570186001825,2989800
2015-08-04,91.17346954345703,92.1105041445244,91.02354057576306,91.31401901441181,2976200
2015-08-05,92.08234405517578,92.51338606129147,91.63257166036432,91.90431242552276,3306100
2015-08-06,91.0422592163086,92.40095613941506,90.81736582912872,92.3541015631681,4109900
2015-08-07,91.61383056640625,91.63257525384375,90.48002004255935,90.97664702459934,3114900
2015-08-10,91.90432739257812,92.93506370996829,91.64195892804294,92.17606820199086,3445500
2015-08-11,91.0797348022461,91.61384408899427,90.61121763320367,91.0797348022461,4178100
2015-08-12,90.92981719970703,91.21092322463367,89.27126234171938,90.48003755121742,3924200
2015-08-13,91.10783386230469,91.73564502919554,90.49876023291664,91.16405362381633,2440200
2015-08-14,91.72627258300781,91.89493901635672,90.76112855012369,91.107833760064,1849200
2015-08-17,91.69819641113281,91.78252608430579,90.70494213239772,91.41708320254453,2423900
2015-08-18,91.45452117919922,91.93241054291364,91.3608192046872,91.5294856184098,2215000
2015-08-19,90.51750946044922,91.34210419713094,90.11458443657179,91.03288117087529,3737000
2015-08-20,88.60594940185547,90.06772757785289,88.56846717693212,89.92717102164114,4884000
2015-08-21,84.97028350830078,88.0156454455814,84.93280127273052,87.64083023888423,7992200
2015-08-24,82.29972076416016,84.84845509497161,69.91212670423346,80.11642922279552,11374700
2015-08-25,81.35330200195312,85.16703058390141,81.20338026025401,85.1108108243896,6600600
2015-08-26,85.9354248046875,86.08535374167299,82.41217342458576,83.31173274848827,6591600
2015-08-27,88.12809753417969,88.27801933661085,86.25402853525195,87.28476505486103,5435400
2015-08-28,88.15618896484375,88.2405186206135,87.20040997209364,87.79074615849942,3136600
2015-08-31,86.55386352539062,87.74389397741139,86.207158250091,87.53774528123348,4963100
2015-09-01,83.44290161132812,85.3075977400499,82.96501214904129,84.38930104281282,6341900
2015-09-02,84.73599243164062,84.86717663137135,83.38666106412143,84.48299637473212,5175400
2015-09-03,85.8791732788086,86.53509426311707,85.21387995215211,85.26072736588698,3617900
2015-09-04,84.82971954345703,85.20453471759599,84.23001812443661,85.0358682466837,3595400
2015-09-08,87.05048370361328,87.26599757878219,85.81359877319633,86.40392778009851,4176300
2015-09-09,84.30500030517578,87.65958573770487,84.11758910422073,85.45754880777248,8118200
2015-09-10,84.03324890136719,84.97965568789648,83.91143699775665,84.14569560785759,7370000
2015-09-11,85.59807586669922,85.66366797713485,83.82708173593332,83.87393630724614,4572400
2015-09-14,85.21390533447266,85.6917877015269,84.84846251307603,85.5324935791755,3740400
2015-09-15,86.31023406982422,86.76937889704627,84.50175749843406,85.53249384789373,4670200
2015-09-16,86.8912124633789,86.928687552311,86.08536222022666,86.50702488626884,4128600
2015-09-17,87.3409652709961,88.86832858931967,86.79748366729655,86.81622835652993,4627000
2015-09-18,86.34773254394531,87.44406121780457,86.05724698109776,86.25403052164219,8342900
2015-09-21,87.1910400390625,88.14681183087903,86.75999799186641,87.02237358768264,3998800
2015-09-22,86.2727279663086,86.49761414510857,85.65428918735799,85.95413980875885,3457100
2015-09-23,86.33832550048828,86.90054455737578,86.02910251704904,86.12281165069962,2557000
2015-09-24,85.38255310058594,85.80421560245446,84.43614662089959,85.65429385808017,3513900
2015-09-25,85.5512466430664,86.30086990050623,84.9890202637298,86.2914975544492,3880800
2015-09-28,82.78697967529297,85.36382402208423,82.59957567330991,85.24201213569569,4966800
2015-09-29,83.17120361328125,83.9114618987549,82.47779277432666,83.08686677113485,4501200
2015-09-30,84.44552612304688,84.60482022401256,83.3491906570388,84.52048342708714,4550800
2015-10-01,85.01709747314453,85.15764685312881,83.77084054460232,84.86716860249192,4496000
2015-10-02,86.2727279663086,86.31958253018485,83.32106916717335,83.64902966729888,3543600
2015-10-05,88.39044189453125,88.42792412214723,86.72252208514162,86.94740830183359,3837600
2015-10-06,88.00625610351562,88.8776982524648,87.86569953452303,88.08122056017888,3641700
2015-10-07,89.33910369873047,89.42357724503786,88.41924005879063,88.71022120554446,3754300
2015-10-08,89.9867935180664,90.10881329136464,88.84165953669584,88.88858691356204,2970500
2015-10-09,89.93983459472656,90.28713146315872,89.27340586979173,89.76149199185558,4733200
2015-10-12,90.70950317382812,90.87845742006937,89.93982431010741,89.94921264634368,2577900
2015-10-13,90.04308319091797,90.73766975400075,89.99614866642193,90.40914956613747,2415100
2015-10-14,89.19832611083984,90.28714423429268,88.97305611196151,89.8365970753319,2832500
2015-10-15,91.19761657714844,91.19761657714844,89.65825134794723,90.07125229928442,2896900
2015-10-16,91.64814758300781,91.69508210877335,90.72829103211009,91.39471976300221,3388300
2015-10-19,91.74203491210938,91.97669328359814,91.05683647763709,91.24456031034603,4024100
2015-10-20,91.67632293701172,91.82650771917247,91.11314432631805,91.49798745970153,2451600
2015-10-21,90.67198944091797,92.3239863108251,90.55935801058206,92.08932794935212,2899600
2015-10-22,92.00483703613281,92.68065418819648,91.19761895028351,91.46043514026293,4033400
2015-10-23,93.66622161865234,93.73192566583631,92.15502137221672,93.15935875700275,5240400
2015-10-26,93.51605224609375,93.79764515822453,92.45539897798426,92.45539897798426,3652000
2015-10-27,92.3896713256836,93.36585076758216,91.83587398290884,93.25321219925422,3789300
2015-10-28,93.94780731201172,93.98535350485581,92.32397564842802,92.67127256133284,4583800
2015-10-29,94.41709899902344,95.41205494312727,92.9246758246709,93.75067036507964,4940600
2015-10-30,92.91529846191406,94.80195319903163,92.66187064884598,94.58606441210452,5539000
2015-11-02,93.28135681152344,93.55356127544582,92.63370482886904,92.83081692456406,5480700
2015-11-03,93.9759750366211,94.37958766982509,92.934091429076,93.34708523985842,4497500
2015-11-04,94.35142517089844,94.51099828964453,93.40341060347731,93.9572008659587,3292200
2015-11-05,94.51097869873047,94.98967647212748,93.6849769039379,93.86331950257774,3032300
2015-11-06,95.27127075195312,95.28065908918377,94.11674875348778,94.61423036986916,4333200
2015-11-09,94.30448913574219,94.96152958362222,93.67560654117077,94.839509832217,3722700
2015-11-10,94.47343444824219,94.58606585078427,93.6943671617116,93.83516357609231,2991700
2015-11-11,94.68931579589844,95.51531760516932,94.57668439369101,95.07415884998203,4663300
2015-11-12,92.2489013671875,94.62364303130346,92.23013184768384,94.62364303130346,5274800
2015-11-13,90.91600799560547,92.45536579740721,90.75644207789249,92.07052276635544,4363900
2015-11-16,92.26763916015625,92.32395485613749,90.57809666869444,90.64380070107337,3979900
2015-11-17,92.0517807006836,92.94347959961327,91.80773400240203,92.5117090787796,3767500
2015-11-18,93.07488250732422,93.13119821436946,92.10808418209004,92.38967703972389,4502400
2015-11-19,92.85897827148438,93.16872893119255,92.31456932312506,92.93407064254139,3620800
2015-11-20,93.39401245117188,94.00412552254087,93.17812364331994,93.31892006920566,3319700
2015-11-23,93.27198791503906,93.82577809091329,92.98100674015289,93.82577809091329,2115900
2015-11-24,92.45539093017578,92.8496152438793,91.57307323275919,92.67127976551129,2588400
2015-11-25,92.13626098632812,92.77452484438824,92.04239191430304,92.49293911192726,2196200
2015-11-27,92.6149673461914,92.87778358499534,92.23951250738345,92.24890084768515,1502600
2015-11-30,91.91097259521484,92.82144805763825,91.91097259521484,92.73697449656584,3847500
2015-12-01,91.92034149169922,92.6149279935766,91.20697831719677,92.18315761883107,4891600
2015-12-02,91.14131164550781,91.98608322985983,90.96297614968178,91.74203651411251,3584400
2015-12-03,90.07125091552734,91.93912918375413,89.82720425155883,91.35718111894185,3479200
2015-12-04,92.64311218261719,92.64311218261719,90.33407491616775,90.5124175508023,3868100
2015-12-07,91.81712341308594,92.63373708924476,91.45105694199522,92.26767061815406,2855600
2015-12-08,92.1550064086914,92.52107277802043,90.82214900440611,91.21637322349846,3664000
2015-12-09,91.81712341308594,93.79764055729716,91.5073726571769,92.55864469486593,5111300
2015-12-10,91.6199951171875,92.60556292656707,91.4698103548729,92.09870009556074,2907900
2015-12-11,89.0105972290039,91.6199966475757,88.7008465224588,91.6199966475757,4558700
2015-12-14,90.39039611816406,90.39977729576819,88.8885770018082,89.24526226448465,3930200
2015-12-15,92.3896713256836,92.79328391068778,91.31024165311862,91.42288022144655,4579900
2015-12-16,93.90087127685547,94.13552958957416,92.8214416061088,93.53480488191057,4493600
2015-12-17,93.23445129394531,94.61424344825127,93.16874724665475,94.3701967749417,4581200
2015-12-18,90.38099670410156,92.8589879167506,90.30590432524471,92.58678341429706,6039600
2015-12-21,91.08499908447266,91.74203969440912,90.32470821280252,90.96297930297176,2748400
2015-12-22,91.55428314208984,91.78894144197385,90.84091990530561,91.52612529189624,3341900
2015-12-23,92.67125701904297,92.81204626709089,91.71384716510002,91.92973594744491,2054200
2015-12-24,92.53985595703125,93.02794929568657,92.27703977215714,92.71819858014038,932700
2015-12-28,92.48356628417969,92.56804703093074,91.85468349887965,92.12688809875712,1673400
2015-12-29,93.60053253173828,93.85396042246668,93.14060412793958,93.14060412793958,2362300
2015-12-30,92.80267333984375,93.83516849744822,92.67126525585064,93.55357565391814,1856700
2015-12-31,91.38531494140625,92.79326452596628,91.38531494140625,92.22069778868239,3219200
2016-01-04,88.9918212890625,89.7239541206236,87.96871442475373,89.51746080908887,6378700
2016-01-05,89.16077423095703,89.94922991855091,88.61637236515585,89.52684064123872,4352500
2016-01-06,87.79703521728516,88.77517124834118,87.44904941262614,87.92870668535454,4370000
2016-01-07,86.18875885009766,86.87533767713352,85.28586567965887,86.11351595867183,6600000
2016-01-08,84.5428466796875,86.75305428947861,84.38296093899824,86.49911853518131,5912100
2016-01-11,85.19180297851562,85.68086734890754,83.97853844311977,84.88143147922823,5845600
2016-01-12,86.00067138671875,86.40509301788951,84.7591921986808,86.1605571727365,4441800
2016-01-13,83.8844985961914,86.66842092211908,83.47066988032483,86.59317803276936,4895000
2016-01-14,85.3140640258789,86.23577133469664,83.85627094862204,84.08199240515785,6235800
2016-01-15,83.43303680419922,83.96912975885438,82.59597950965968,82.84991525636755,6459800
2016-01-19,81.09115600585938,84.40176367092235,80.40457730876132,84.23247078503213,10175200
2016-01-20,80.06600952148438,80.84663840263245,78.55178036188191,79.67099509086391,11672100
2016-01-21,80.9970932006836,82.32321461768426,79.52988602958244,80.1600360570136,5989700
2016-01-22,82.7652816772461,83.54591048792645,82.20097437364893,82.51134590207221,4912500
2016-01-25,81.60845184326172,82.9439880803745,81.49559467925023,82.79350229428289,5110500
2016-01-26,81.82477569580078,82.29503302738584,81.2604683330102,81.82477569580078,4872500
2016-01-27,79.76502990722656,81.87178748649828,79.32298695822263,81.72130172702633,6750900
2016-01-28,78.46713256835938,80.55507610724996,78.39188967898963,80.26351170483144,9169600
2016-01-29,83.73401641845703,83.94093078528863,76.18168508244682,76.60491379601532,16410500
2016-02-01,83.35779571533203,83.89388868149904,82.04108118478571,83.25433854856682,5956400
2016-02-02,80.81842041015625,82.52074955146053,80.2917345267819,82.46432097125813,7096900
2016-02-03,81.32630157470703,81.59905167971652,79.4358651506383,81.41094444752521,5253600
2016-02-04,81.19463348388672,81.70251226863422,80.63972609524208,81.10998343198338,4490600
2016-02-05,77.83698272705078,81.1852120808934,77.29148259002628,80.92186916662122,8474000
2016-02-08,75.85246276855469,76.87761968205058,75.1188629266855,76.59546976047562,9213800
2016-02-09,77.093994140625,78.27904471841117,73.84921399261303,74.17839989101218,7802700
2016-02-10,78.35427856445312,79.79326492946875,77.99688555616385,78.11914988584122,4858900
2016-02-11,77.22565460205078,77.86520481891162,75.22236108149227,75.38224684181823,6285400
2016-02-12,79.84027862548828,80.19767156703553,78.35426393203582,78.64582831844515,5213300
2016-02-16,81.05355072021484,81.4391579854163,80.28232901425478,80.99712213885783,4908000
2016-02-17,82.02227783203125,82.38907795389666,81.43915619379439,81.75893489074912,4143400
2016-02-18,80.921875,82.24799682119648,80.72436780005826,81.42975373223166,3551500
2016-02-19,81.62725067138672,81.69308639642489,80.1506432593399,80.55506476330461,3490500
2016-02-22,82.59600830078125,82.98162280768875,81.62727921833725,81.62727921833725,3010800
2016-02-23,81.08177185058594,82.62421539261962,80.81842888129596,82.06931516098112,4236900
2016-02-24,81.2792739868164,81.59905269775261,79.55813046246813,80.07541638800143,3361300
2016-02-25,82.21976470947266,82.2291718623517,80.4327859668799,81.40152179787584,3280500
2016-02-26,82.36087036132812,83.32019217908928,82.285627464684,82.86874915033964,3294900
2016-02-29,81.74951934814453,83.54590550345883,81.73071221522125,82.1069194536932,4302900
2016-03-01,84.7403564453125,84.76857073269977,82.50193448072798,82.54895590118801,4967500
2016-03-02,84.5428466796875,84.73094670690357,83.69638220610305,84.42058237955267,3898300
2016-03-03,84.40179443359375,84.77800178108673,83.63057260023436,84.39239445218621,4202500
2016-03-04,84.69334411621094,85.17300140439566,84.17605820672888,84.64631551514636,3181300
2016-03-07,83.04743194580078,84.4111750796507,82.23858891416856,84.35474650669462,4939800
2016-03-08,81.68368530273438,82.53955696728285,81.64606386055634,82.25739973872577,4251700
2016-03-09,81.99404907226562,82.38906341447961,81.54259898433843,82.02226335734437,3477800
2016-03-10,81.72130584716797,82.95337756884918,80.81841277148293,82.44550604391584,3239100
2016-03-11,83.31077575683594,83.85627588651205,82.55836129000294,82.68063276680807,4003200
2016-03-14,83.5835189819336,83.82804756442152,82.78407598550936,83.26374034825278,4407400
2016-03-15,84.04438018798828,84.36415168853696,82.95337987317309,83.10386564441237,4468800
2016-03-16,84.65570068359375,84.94725784291076,83.72458628835615,83.91269346820198,3005000
2016-03-17,85.97241973876953,86.2075483250689,84.32651963467391,84.57104819802566,4568900
2016-03-18,86.8188705444336,86.94114199270092,86.01002769281448,86.53672056689136,5972900
2016-03-21,86.85649108886719,87.119833935437,86.113483957157,86.39564110737003,3176900
2016-03-22,86.30162048339844,86.72484917718408,86.09470612623858,86.22637759432997,3541300
2016-03-23,86.64958953857422,87.13866104742388,86.18873948933759,86.41446093735372,2816100
2016-03-24,86.44270324707031,86.49913182879614,85.86898874766713,85.86898874766713,2618700
2016-03-28,85.81254577636719,86.80949608157485,85.75611719938516,86.69663175205419,2304300
2016-03-29,87.26094055175781,87.50547634882014,85.68087578903234,85.79374012049728,3326300
2016-03-30,88.22966003417969,88.5682458170391,87.75000282142548,87.98513143865807,3477900
2016-03-31,88.87861633300781,89.29244499094784,87.9569090063839,88.10739476401876,5647100
2016-04-01,90.1671371459961,90.39285864049167,87.93811496423687,88.07919358913045,5276900
2016-04-04,89.39591217041016,90.38344815718764,88.84100484641041,90.29880529070243,4449900
2016-04-05,88.7375259399414,89.73447601293354,88.30489020755253,88.50239735654169,5378300
2016-04-06,89.29356384277344,89.37837749705366,88.43596521375262,88.77523421094381,3334200
2016-04-07,88.12496948242188,88.83177865365393,87.6820345847109,88.74695781428804,3046500
2016-04-08,88.38884735107422,89.20874861146459,88.0401522240044,88.67156671704555,2564000
2016-04-11,88.08728790283203,89.22760604046032,88.01189318545926,88.51137060549091,3858200
2016-04-12,88.45482635498047,88.57733737568083,87.77628829256281,88.3605865552082,2673700
2016-04-13,90.23599243164062,90.23599243164062,88.95431091954966,89.05797686464793,3698600
2016-04-14,90.6318130493164,91.19725914031963,89.91558468939631,90.20773027857327,3292200
2016-04-15,91.11244201660156,91.70615931119687,90.60353839693263,90.7072043485339,4127600
2016-04-18,92.0454330444336,92.15852514008981,91.03705189245338,91.07474925767211,3079700
2016-04-19,91.64015197753906,92.50717658708498,90.8014057710494,92.35638719758697,3635900
2016-04-20,92.2621841430664,92.73339038772963,91.46113496514627,92.03600715883833,3627300
2016-04-21,91.92290496826172,92.44122746639931,91.74384431415889,92.30929030759805,2913600
2016-04-22,91.83808135986328,92.8181910744409,90.83912656175187,90.83912656175187,7176300
2016-04-25,91.39515686035156,91.71557362213585,90.9804931074204,91.21609620521566,3276100
2016-04-26,91.66845703125,91.98888100720535,91.15956062891259,91.56479827524534,2929200
2016-04-27,92.71453094482422,92.93128896423038,90.9899216870945,91.64018136524066,5211900
2016-04-28,91.58363342285156,94.24123599017301,91.15955073691006,92.29986882958687,6261400
2016-04-29,91.404541015625,92.03596254180216,90.54694980489862,91.25375882924779,5338500
2016-05-02,92.1396484375,92.299863994718,90.93336183041943,91.55535740659022,3813100
2016-05-03,90.89566040039062,91.92289351164305,90.39618304860343,91.42341615985586,3362100
2016-05-04,90.7071762084961,90.83911334414204,89.74591890735636,90.20769888211719,3187500
2016-05-05,90.65064239501953,91.2537856981855,90.4338844001152,90.79199848948396,2848600
2016-05-06,91.11244201660156,91.18783674322738,90.14175827891405,90.28312159382824,2042700
2016-05-09,91.15009307861328,91.64957030622648,90.94276128072859,91.23490671045708,1972600
2016-05-10,92.01713562011719,92.07367805682865,91.12184681868806,91.20666047375526,1903500
2016-05-11,90.8580093383789,92.20565255956684,90.81088582867051,92.01717290080943,2540600
2016-05-12,90.3302230834961,91.2443642212347,89.7553509698674,91.16896950698012,4216800
2016-05-13,89.86842346191406,90.73544091684042,89.66109163790252,90.08517423062858,3371600
2016-05-16,90.61294555664062,90.96163351168876,89.95325262189093,90.09461590719695,2273600
2016-05-17,90.09464263916016,90.74490963048729,89.77422580809535,90.45276402686495,3463300
2016-05-18,90.12289428710938,90.63179784062562,89.40666604737771,89.84017488406874,2469900
2016-05-19,89.24647521972656,90.00040821693068,88.66218397742941,89.66113908719262,2268900
2016-05-20,89.97209930419922,90.36791072643408,89.55743561040943,89.68937275115437,2446700
2016-05-23,89.60456848144531,90.21713795049257,89.5197476306366,90.00980608188867,2231800
2016-05-24,90.92394256591797,91.16896458897438,89.84016697458743,90.02864656002087,2446500
2016-05-25,90.89566040039062,91.31975023514136,90.60351489803246,91.20665817453416,2689500
2016-05-26,90.8296890258789,91.15953906162744,90.53754353253741,90.98047843536793,1738300
2016-05-27,91.58363342285156,91.58363342285156,90.8297006589159,90.97106395090829,2724300
2016-05-31,90.37734985351562,91.60248164940188,90.0946232598302,91.58363656517297,4028800
2016-06-01,90.8580093383789,90.98052039756742,89.7648071854792,90.37737686149796,2677500
2016-06-02,91.3009033203125,91.3009033203125,90.48100920041793,90.72603122772401,2662100
2016-06-03,90.49986267089844,91.04646359484467,89.84017685926409,90.66949719246671,2814800
2016-06-06,91.0747299194336,91.38572772392493,90.45274150048664,90.8485529661834,2160700
2016-06-07,91.11244201660156,91.57422213462014,90.886265026761,91.0276211516383,2394900
2016-06-08,92.34697723388672,92.34697723388672,91.00875352291102,91.08414823086221,4365200
2016-06-09,91.4328384399414,92.00771051976358,91.39514827506626,91.89462564506759,2044700
2016-06-10,89.72708129882812,90.5564015998411,89.43493576359184,90.471587937367,4080700
2016-06-13,88.76582336425781,90.1228922868114,88.73755214358484,89.27472690647883,3082200
2016-06-14,88.69041442871094,88.89774626711745,87.97417912967968,88.46423750955593,5338200
2016-06-15,87.96476745605469,89.0579692600942,87.96476745605469,88.92603210305988,4025900
2016-06-16,88.66215515136719,88.67157409799243,86.74905924124684,87.57837951651034,4976200
2016-06-17,87.91764068603516,88.78465824049293,87.35219476747726,88.56790744689596,6941700
2016-06-20,88.91658782958984,89.69879166534228,88.82234804950704,89.05795109473121,4949500
2016-06-21,89.6328353881836,89.81189602791264,89.02969208492667,89.22759780724203,4203000
2016-06-22,88.643310546875,89.88729466240927,88.643310546875,89.74593855044556,2876700
2016-06-23,90.19830322265625,90.19830322265625,89.16165086801914,89.67055450175818,2992400
2016-06-24,86.20246887207031,87.76686981695052,85.89147103464185,86.21189500988112,8356800
2016-06-27,83.9406509399414,85.57102714300463,83.70504789955872,85.07154265776462,7444800
2016-06-28,85.21292114257812,85.28831585457743,84.55323538767294,85.0809839915971,4820400
2016-06-29,86.8244400024414,86.89983470978507,85.61815344508305,85.79721407751548,3987900
2016-06-30,82.98884582519531,87.39933679221667,82.54591078177073,87.27682575064613,12706800
2016-07-01,83.73334503173828,84.32706947889834,83.18674408325444,84.02549778146525,8342100
2016-07-05,83.1584701538086,84.1951223806214,82.85689846618966,83.04538526472412,7077000
2016-07-06,82.00624084472656,82.71457528370556,81.83624029114958,82.31790972720944,9412800
2016-07-07,82.93181610107422,83.41348566660174,82.11959181628369,82.11959181628369,4707200
2016-07-08,83.64015197753906,83.76293459334781,83.05459995341457,83.5173765672829,5621800
2016-07-11,83.819580078125,84.34846751706701,83.7062439674013,84.10291675215876,5274700
2016-07-12,85.00011444091797,85.07567182753054,83.93289337582408,84.13122611152035,6122200
2016-07-13,85.32124328613281,85.52902254709991,84.66013400628361,85.4345793936287,3996900
2016-07-14,86.36957550048828,86.55846900562874,85.4818012457547,86.24680012630982,4240100
2016-07-15,85.87846374511719,86.91735276702909,85.68013097593358,86.91735276702909,3262400
2016-07-18,86.5112533569336,86.5490320621229,85.79347236943914,86.11458776077268,3407300
2016-07-19,87.24793243408203,87.27627187114562,86.14293217182707,86.14293217182707,3423800
2016-07-20,88.11680603027344,88.24902788084685,87.03069179580578,87.4179108708992,3794100
2016-07-21,87.323486328125,88.4662652547553,86.91737421324383,87.83348809138639,4305900
2016-07-22,88.45680236816406,88.45680236816406,86.99290840853934,87.51235651177393,4348200
2016-07-25,87.83345794677734,88.40012397629181,87.39901375063127,88.40012397629181,3773500
2016-07-26,88.23958587646484,88.46625088814297,87.59736233875115,87.62569456451708,4469600
2016-07-27,88.54183197021484,89.0612802666612,87.59738576253255,88.33405265163631,5696800
2016-07-28,90.67625427246094,91.13903075303101,89.30680337304884,89.72236188122223,5209400
2016-07-29,89.94900512695312,90.76122899344611,89.8356762561719,90.7328967757508,4364100
2016-08-01,89.7884750366211,90.16625485292779,89.20291596106819,89.93958984536404,3512100
2016-08-02,89.95848083496094,90.09070269753937,89.25014634019746,89.75070156360881,3948600
2016-08-03,89.79792022705078,90.14736060754886,89.51458356749235,89.78847375025201,3006100
2016-08-04,90.5818099975586,90.71403184750852,89.53347446899099,89.8073574399227,2875600
2016-08-05,91.49793243408203,91.55460409791255,90.75181917602005,90.94071271286897,2632200
2016-08-08,91.40348815917969,91.70571060891858,91.26181980965018,91.6112674444161,2873000
2016-08-09,91.32791137695312,91.74346985929621,91.18625026301802,91.26180045526672,1937100
2016-08-10,90.94071197509766,91.44126723397103,90.8840475172785,91.3468240690886,2004700
2016-08-11,91.1673583984375,91.53569171016315,90.82735730983688,91.13902617531247,2971100
2016-08-12,90.78014373779297,91.0540339171875,90.20403115450628,90.62902893307165,1988600
2016-08-15,91.08235168457031,91.1956805645726,90.73290415828144,90.95956912383538,2081200
2016-08-16,90.30792999267578,90.91237486211281,90.15681517254092,90.85570320178662,2866200
2016-08-17,90.27957916259766,90.73291636022053,89.75069176999625,90.46847266391981,4054700
2016-08-18,89.97734832763672,90.54402157290824,89.7884620495793,90.00568775434,3134200
2016-08-19,89.9301528930664,89.99626382750569,89.1651539080474,89.89237418687947,3090800
2016-08-22,90.46846771240234,90.61957529963934,89.67512946137087,89.90180165055125,2390800
2016-08-23,90.94071197509766,91.3846027761519,90.65737527489873,90.66682175305245,3099700
2016-08-24,90.2229232788086,91.11070480541392,90.09070141810793,90.94070424086293,2008100
2016-08-25,90.27957916259766,90.48735841127687,90.03402841920432,90.16625026735467,1983000
2016-08-26,91.11068725585938,91.61124237574613,90.44957087414794,90.51568179176412,3123100
2016-08-29,91.40348815917969,91.46959909488659,90.88404715164023,91.09181923132508,2590200
2016-08-30,91.69625091552734,91.79070127196921,90.9879164755166,91.41292146285338,2634100
2016-08-31,91.2618179321289,91.69626224434381,90.78959491377991,91.4318185069566,3499300
2016-09-01,92.1968002319336,92.27235041860303,91.14846483293167,91.29957241182004,4198100
2016-09-02,92.45181274414062,92.6501455274194,91.96070402443375,91.98903624982347,2572400
2016-09-06,93.30180358886719,93.41513968146724,92.26291462612431,92.37624351317457,3879300
2016-09-07,94.0384750366211,94.0668072598478,92.80125325205321,93.01847176715819,4198200
2016-09-08,94.42572784423828,95.07739077827875,93.86850087713171,93.92516533951292,4605400
2016-09-09,92.6973876953125,94.15183557812924,92.6973876953125,93.57572287111897,5458500
2016-09-12,94.54850006103516,94.74683287823652,92.07404867421228,92.12127386163962,4264300
2016-09-13,93.86847686767578,94.5012538875897,93.48125779785917,93.83069816723386,4732200
2016-09-14,93.22625732421875,94.09514585457431,92.91458843652036,93.82125566891972,4400300
2016-09-15,93.94404602050781,94.27460068378751,92.9807070526056,93.09404316810917,3485700
2016-09-16,93.84014892578125,94.15181781448621,93.112921518803,93.54737299093453,4498800
2016-09-19,94.1423568725586,94.81291252048172,93.89679894898619,94.39735406605911,3056900
2016-09-20,94.90736389160156,95.31347590577577,94.45403390704209,94.68069889932183,3848700
2016-09-21,95.63459777832031,95.68181575192885,94.41626165262926,95.20959278253933,3251900
2016-09-22,96.44682312011719,96.55071275118202,95.8707105135034,95.92737496479302,3390600
2016-09-23,96.01235961914062,96.42791085462784,95.62513339807487,96.25791032925373,2759400
2016-09-26,95.54015350341797,96.1729305456357,95.15292721440227,95.21903814111829,3468900
2016-09-27,95.81405639648438,96.00294994461348,94.97349992257814,95.38905852291006,3547700
2016-09-28,95.8707046508789,95.93681557519096,95.22848115518313,95.79514725007932,3629500
2016-09-29,95.02071380615234,96.62626914369632,95.00182085081113,95.93682759031792,3010000
2016-09-30,96.11627960205078,96.55073116328988,95.08683677770492,95.18127994971475,5503900
2016-10-03,96.22013854980469,96.69236146472323,95.61569379515294,95.75736211073847,3696700
2016-10-04,95.59683990478516,96.53183957034037,95.4268393105431,96.36183897609831,2881900
2016-10-05,96.89314270019531,97.1486194860877,95.87122111842261,95.87122111842261,3768100
2016-10-06,97.40412139892578,97.62174847523366,96.53359143638554,96.89316051409877,3875600
2016-10-07,96.7511978149414,97.92451105315824,96.49572105579531,97.5081782893979,4225600
2016-10-10,97.12969970703125,97.81098077197073,97.03507894114558,97.17700648042323,2376500
2016-10-11,95.89961242675781,97.11077561066884,95.39811584771047,97.02561908325416,3412900
2016-10-12,95.90907287597656,96.42949791993283,95.61574633434762,96.09831440881426,3467800
2016-10-13,95.23726654052734,96.0320897289223,94.41405062188755,95.33188731736925,3657400
2016-10-14,95.45486450195312,96.70387714511908,95.38862925644813,95.6630344789975,3280200
2016-10-17,95.426513671875,95.81446826443594,95.20888659432863,95.5305986982156,1975500
2016-10-18,96.25920867919922,96.6282348405492,95.62523417973536,96.30651546810579,2623700
2016-10-19,97.20540618896484,97.3189482285419,96.16455603216048,96.32541928673166,3305200
2016-10-20,97.03507995605469,97.81098179499516,96.84583120320228,97.26217124037582,2945300
2016-10-21,97.31893920898438,97.46087396440333,96.47680213769387,96.63765815825464,3018800
2016-10-24,97.64067840576172,98.33141662054851,97.42304410713525,97.6028286486483,2565600
2016-10-25,97.3473129272461,97.68795341135855,96.78904543440107,97.64064664468223,4869300
2016-10-26,97.6690673828125,97.89615871444423,97.01617168288011,97.04455719694617,3356000
2016-10-27,98.02860260009766,98.69096236428761,97.6406553148604,97.6406553148604,5096100
2016-10-28,101.15113830566406,102.03112509846474,98.98428895093764,99.40062896188459,9282800
2016-10-31,101.26472473144531,103.0720130994747,100.7443067086815,101.62429388731957,5820000
2016-11-01,99.3154525756836,101.35929540284367,99.15459658070351,101.24574617274575,7076500
2016-11-02,98.4071044921875,99.35332665076622,98.4071044921875,98.6720455415332,3527500
2016-11-03,98.19891357421875,98.84234479395124,97.94343682215026,97.95289384397087,3127300
2016-11-04,97.48927307128906,98.813985608159,97.48927307128906,98.31248899227526,3067200
2016-11-07,100.26171112060547,100.32794639091159,98.90861298226355,98.95592698352637,3067500
2016-11-08,100.01567077636719,100.74426581926544,99.85481475566034,100.05352052578671,2864300
2016-11-09,100.47933197021484,100.72534453036349,98.274632637969,99.2681687786761,4775000
2016-11-10,98.88021087646484,101.37823667897369,96.94045265584083,100.92405410711854,6584300
2016-11-11,98.99378204345703,99.41011495663851,98.08540947955639,98.27465105653857,3300300
2016-11-14,95.70088958740234,99.44792772697464,94.96283760493972,99.37222823669623,7106800
2016-11-15,96.96884155273438,97.45140961387986,95.9279914935542,95.9279914935542,4633100
2016-11-16,98.4071044921875,98.4071044921875,96.92153599198298,96.92153599198298,4567900
2016-11-17,98.83287048339844,99.58985085975864,98.16105382845119,98.78556372181335,3096800
2016-11-18,99.1451644897461,99.447955315759,98.7004388848609,99.02215819824491,3275000
2016-11-21,100.24276733398438,100.29953834746483,99.0599897591322,99.14514627935287,2650800
2016-11-22,100.23331451416016,100.42255606006103,99.10730782447393,100.29954977713568,4570100
2016-11-23,98.93696594238281,100.21437136514677,98.6814891892904,99.92103764821768,4952300
2016-11-25,100.04410552978516,100.04410552978516,98.90863422750944,98.99379800425478,1566900
2016-11-28,97.80150604248047,99.75072104329892,97.50817953395756,99.75072104329892,5401700
2016-11-29,98.23677062988281,98.75719563277329,97.7825808801692,98.10430012352909,3356600
2016-11-30,96.70390319824219,98.67204705077425,95.92800130510389,97.97184466406463,6889200
2016-12-01,94.79252624511719,97.06346063259137,94.15855919759815,96.82690511762742,5452100
2016-12-02,95.66309356689453,95.70094333329027,94.45192991865045,94.85880588352353,3981100
2016-12-05,97.98130798339844,98.09485002286874,96.32541919616932,96.3916544588944,5427900
2016-12-06,96.5146255493164,98.38814792755988,96.32538407313405,98.23674897133435,4975200
2016-12-07,99.5898666381836,99.89265739288005,97.1013053486189,97.4797883776637,5423500
2016-12-08,99.18299102783203,99.81695804340767,98.27461876243237,99.52363152974453,3024700
2016-12-09,98.79505157470703,99.44793990578671,98.4070970538452,99.17353463424821,2541000
2016-12-12,97.72582244873047,98.78559385508439,97.61228041101182,98.72881561712298,3827700
2016-12-13,97.763671875,98.97483506730737,97.40411005825314,98.00022741159447,4297700
2016-12-14,97.72582244873047,99.20192669188955,97.37572487362853,97.37572487362853,3515800
2016-12-15,98.73828125,100.02514396900968,98.40710493682151,98.81398075561285,3774100
2016-12-16,97.86775207519531,99.18300021644451,97.50819027613281,99.18300021644451,4659700
2016-12-19,97.97181701660156,98.596319720649,97.88665329112676,98.12320876763418,2980900
2016-12-20,98.91807556152344,98.93699683024829,97.60282720250709,98.45442867718387,2354400
2016-12-21,98.56796264648438,99.32494327726877,98.31248583457848,98.86129643094205,1952500
2016-12-22,98.70040893554688,99.12621314295913,97.61225947228347,98.81395816801025,2463900
2016-12-23,99.07893371582031,99.50473807174926,98.41658100984604,98.69098633635055,1610700
2016-12-27,99.16407775878906,99.95890084793102,99.06944977466125,99.25869852381526,2160700
2016-12-28,98.10430908203125,99.14515196375673,97.97183856358083,99.0694524620417,2552300
2016-12-29,98.18946075439453,98.75719977009663,97.87721295868013,98.22731050338143,2858600
2016-12-30,97.69744110107422,98.4638787647326,97.44196428622223,98.27463721440537,3834700
2017-01-03,99.72236633300781,100.24279147893539,98.51120295968889,98.79507253366813,4711300
2017-01-04,100.6685791015625,101.00921967048531,99.22086029319179,99.67504290568723,3299000
2017-01-05,101.44609069824219,102.54598638070102,100.94355489762492,101.50298659378913,3262200
2017-01-06,102.17617797851562,102.50804050333996,101.33229588650781,101.75897524213046,3044600
2017-01-09,101.97705841064453,102.54596661804179,101.74948934043736,102.17617592153056,2500700
2017-01-10,101.75897979736328,102.94420832055009,101.37970522313135,101.97706502861641,3162200
2017-01-11,102.22358703613281,102.26151521684456,101.29437192790799,101.49348945109902,2499000
2017-01-12,103.07695007324219,103.21917893833412,101.74949272248507,102.09083910508149,3288500
2017-01-13,103.0674819946289,103.73121438862412,102.90629263208243,103.00110947863554,4661900
2017-01-17,102.78302764892578,103.21919091416842,102.03396229098907,102.62183829234813,2898200
2017-01-18,103.02953338623047,103.56051337164217,102.31839637688562,103.07693817975094,2652300
2017-01-19,102.90629577636719,103.70277322668535,102.71666207746672,103.20023017988149,1885300
2017-01-20,104.26221466064453,104.30014285340606,103.26662672839078,103.57952165906305,4173300
2017-01-23,103.94931030273438,104.28118017388009,103.47521875431242,103.97776187225256,3678200
2017-01-24,104.22425842285156,104.42337595572306,103.5226051307242,104.11995772933871,2899600
2017-01-25,104.48028564453125,105.31468406876581,103.73122021677042,104.92593280583749,3848300
2017-01-26,103.71224975585938,104.60354405483776,103.35194283464308,104.27168146502514,2568700
2017-01-27,104.14839935302734,104.14839935302734,103.27607287908411,103.89239317000131,2591600
2017-01-30,103.6363754272461,103.88289772886681,102.4985518092222,103.70274792907631,4304400
2017-01-31,100.8202896118164,101.55038726268853,100.03329606771555,100.47894318868981,6470200
2017-02-01,99.55921173095703,101.21853192647298,98.62051261731678,101.10474736594672,6149100
2017-02-02,99.69193267822266,100.02379519032189,99.18939698360664,99.48333131802879,4112000
2017-02-03,101.05733489990234,101.9675896129482,100.12811247784182,100.80132146663423,7132600
2017-02-06,101.06678009033203,101.0952316450061,100.21342153564848,101.05730347283317,3445100
2017-02-07,101.07626342773438,101.59776674988524,100.54528348813287,101.45553791347508,3204800
2017-02-08,101.19007110595703,101.36074430190428,100.31774465292035,101.0288817636904,2993600
2017-02-09,101.74003601074219,101.9675978989803,100.98148673786581,101.19008814960992,2679200
2017-02-10,101.71154022216797,102.06237037429815,101.64516773220376,101.97703741608368,2078400
2017-02-13,102.66925811767578,102.71667016316405,101.96760469563668,102.1193102198867,2337100
2017-02-14,103.2381362915039,103.55103833843889,102.17617623023662,102.4132219202067,2336800
2017-02-15,103.97775268554688,104.35702010352483,103.13386314857775,103.35194842457113,2920000
2017-02-16,103.6363754272461,104.48973409818882,103.24761703505472,104.06305476271746,2146400
2017-02-17,103.75016021728516,104.30010797734023,103.33296470453705,103.5794870239598,2850900
2017-02-21,104.45184326171875,104.52769240420136,103.6743262532274,103.77862696246102,3117200
2017-02-22,103.76915740966797,104.68889614425548,103.50366730773811,104.11050389330998,3049300
2017-02-23,105.00177001953125,105.01125387386062,103.92084211594283,104.13892736115089,4162200
2017-02-24,105.24828338623047,105.24828338623047,104.48973430603897,104.81212019704141,2471700
2017-02-27,104.84058380126953,105.23881888627652,104.07255796103298,104.67939444315644,2361200
2017-02-28,104.73628234863281,105.12504081028933,104.290635227831,104.77421053275013,3367200
2017-03-01,106.49041748046875,107.06880961894056,105.03969882412716,105.64653529169408,3218700
2017-03-02,105.56120300292969,106.47145771030343,105.53275867364634,106.38611748839205,2690800
2017-03-03,105.94995880126953,106.0447756476618,105.21037727172362,105.52327937547356,2938200
2017-03-06,105.58964538574219,105.99736431076393,105.25778282678526,105.38104399609462,2175800
2017-03-07,105.21037292480469,105.91202623999155,105.00177153092339,105.59913138323098,2474200
2017-03-08,105.22931671142578,105.67495649315374,105.04915968783679,105.52325102649438,2355400
2017-03-09,105.0491714477539,105.59911919833594,104.91642643679418,105.32414532304492,3195400
2017-03-10,105.44741821289062,105.76980415684812,104.87850992632832,105.67498008070328,2735400
2017-03-13,105.75083923339844,106.00685267123457,105.37156462101329,105.52327735959196,3123000
2017-03-14,104.76472473144531,105.69394713989922,104.42337831479377,105.56120211498599,2891400
2017-03-15,106.2154312133789,106.59470576997984,104.76471272588626,105.30517661797293,3305500
2017-03-16,106.83174896240234,107.1162066817083,105.79823323477393,106.30076893602887,2746400
2017-03-17,106.98347473144531,107.61875551682368,106.91710222004849,107.00243520581819,4119200
2017-03-20,106.58525085449219,107.13519147778332,106.05426347350283,106.97400210947492,2435400
2017-03-21,104.97330474853516,106.9265587751611,104.70781475276773,106.58521966207428,3734000
2017-03-22,105.67497253417969,106.11114299792612,105.04917563386934,105.23880930449408,2576200
2017-03-23,105.81719207763672,106.62314595784781,105.50429003802975,105.54221821562395,3107000
2017-03-24,106.17756652832031,106.64217430845486,105.88362479332292,106.16808267001348,3221900
2017-03-27,106.13959503173828,106.48094145089613,104.61301999996611,104.96384303950069,2724200
2017-03-28,106.64212799072266,106.9076180354896,105.69394512566288,106.01632382743385,2986100
2017-03-29,106.25336456298828,106.50937797562784,105.74134497176999,106.22492023581962,1783800
2017-03-30,106.83174896240234,106.86019328752087,105.78874938171433,106.19646825455403,2029400
2017-03-31,106.64212799072266,107.31533695682775,106.61368366222065,106.78435686729385,2507700
2017-04-03,106.42404174804688,107.11621841601875,105.5896434389023,106.8602049937857,3170100
2017-04-04,106.28180694580078,107.00242790182037,106.10165713234142,106.41455919359394,2169700
2017-04-05,106.47183990478516,107.52639337673475,106.31033354378454,106.6428487718118,2486600
2017-04-06,106.8138427734375,106.98485161666466,106.12980740052889,106.4718250869832,2238500
2017-04-07,106.6333236694336,107.1178498980493,106.25330324009357,106.57632314193297,1995100
2017-04-10,106.7093505859375,107.42188631561076,106.6808503164767,106.6808503164767,1862800
2017-04-11,106.50982666015625,106.94684764387114,105.90179683513664,106.31031755334863,2045800
2017-04-12,105.90178680419922,106.69032790043026,105.7877785046991,106.07279562930611,2651200
2017-04-13,105.664306640625,106.58585407185338,105.46479749287795,105.67380914717165,2690300
2017-04-17,107.0418472290039,107.10835026229779,105.95879368776812,106.18680305216328,1731200
2017-04-18,106.89935302734375,107.51688541852982,106.50033477394524,106.87085275899929,2141000
2017-04-19,106.68084716796875,107.50739119937944,106.50983830796268,106.87085379095859,2242400
2017-04-20,108.86593627929688,109.1604559242951,107.04184687361766,107.2603609813075,3459600
2017-04-21,108.5619125366211,109.83497981384818,108.3149054329166,109.06544374406423,4067400
2017-04-24,109.92047882080078,110.19599343042948,109.25544855499791,110.01548935730371,3207800
2017-04-25,110.32899475097656,110.66151711790057,110.1009854193799,110.53800632505931,2873700
2017-04-26,110.36701202392578,110.73752995458854,110.15800042236486,110.25301096728305,2202700
2017-04-27,111.25057983398438,111.45008897332353,110.31953718373495,110.69005519226317,3350800
2017-04-28,110.509521484375,111.50707422776667,110.27200961673765,110.95604495525913,3536000
2017-05-01,110.5570297241211,111.43107168089342,110.41452115005694,110.7185360588598,3556600
2017-05-02,112.21959686279297,113.73016868722993,111.77307344350824,111.94408225837716,6802600
2017-05-03,111.46907806396484,112.60913219686033,110.72804215275404,112.2671145073342,3640900
2017-05-04,112.02960968017578,112.18162077322067,111.06056433102218,111.67809671201326,2560400
2017-05-05,111.63058471679688,112.46662393337749,111.3455675586305,112.36211812526899,2335900
2017-05-08,110.78504180908203,111.83009263068895,110.57603019510317,111.83009263068895,2562400
2017-05-09,110.59503173828125,111.07005548305877,110.24351155776252,110.80403609742217,2350700
2017-05-10,110.82303619384766,110.93703724863722,110.21500640734727,110.31000970243419,1812500
2017-05-11,110.70906066894531,111.04157592434231,109.99652487239932,110.75656595469728,2239000
2017-05-12,111.27906799316406,111.36457604259661,110.34802544424393,110.51903429482138,3195200
2017-05-15,112.30511474609375,112.63762992333386,111.24105893063813,111.49757581614283,2998200
2017-05-16,112.57111358642578,112.6471191174676,111.82057527603223,112.35260674503854,2375700
2017-05-17,110.96556091308594,112.02011431311408,110.82305232556821,111.43108220057516,4195000
2017-05-18,110.43352508544922,110.82304805978501,109.77799720536073,110.13901266466,5088400
2017-05-19,111.70660400390625,112.00111645483959,110.69005331218428,111.07956907810046,4360500
2017-05-22,113.05564880371094,113.15065210094741,111.70658313740678,111.91559474029923,2578200
2017-05-23,113.62567901611328,113.93919642922816,113.02715170331075,113.09365473806659,2857100
2017-05-24,114.67073822021484,114.68974323055994,113.55918430852097,113.62568734815339,2509000
2017-05-25,115.82980346679688,116.36183505996657,114.90825612063546,114.97475916374566,4689200
2017-05-26,115.55429077148438,115.98181655448994,115.25977832526966,115.8203101967779,2141600
2017-05-30,115.57330322265625,115.70630931972057,114.98427104402236,115.23128547355124,3405500
2017-05-31,116.74182891845703,116.83683946279604,115.09825087672323,115.81078646954452,4708500
2017-06-01,117.2358627319336,117.2358627319336,116.01030058941518,116.66583568264966,3279000
2017-06-02,118.9459457397461,119.0409562896851,117.18835929018421,117.22636206050234,3731900
2017-06-05,119.61099243164062,119.88650710115539,118.99346005157568,119.26897472109043,4617400
2017-06-06,118.98395538330078,119.64899302985386,118.7369482343952,119.26897255300749,2712100
2017-06-07,118.93643188476562,119.59195963745564,118.53740648296619,119.2119464902732,3219700
2017-06-08,118.5279312133789,119.13596104933563,117.86289359710364,118.75594058979082,3332400
2017-06-09,116.89382934570312,118.69892079945843,115.63026460324578,118.6799157930066,3556700
2017-06-12,114.72773742675781,115.99129508531965,114.19570590118147,115.88679652938397,6574200
2017-06-13,116.20982360839844,116.58034159721058,115.04126185640688,115.18377044786263,3938200
2017-06-14,116.38080596923828,117.00784072955614,115.6777729259647,116.71332110806453,2940000
2017-06-15,115.35480499267578,115.55431416582103,113.90123298241065,115.02228970410036,3492600
2017-06-16,115.86780548095703,116.09581487751198,114.68974847575373,115.42128194516623,3804900
2017-06-19,116.94134521484375,116.96985272887281,116.15281128560208,116.50432422746665,2547100
2017-06-20,116.7893295288086,117.58736588173595,116.5423151703035,116.7513267622473,3015300
2017-06-21,116.95084381103516,117.36886702337658,116.32381624081009,117.36886702337658,2384100
2017-06-22,117.14085388183594,117.34985823298426,116.18130392455936,116.73233318701813,2160600
2017-06-23,117.81538391113281,118.75592883800958,116.96984227766912,117.50186651941166,3381500
2017-06-26,117.349853515625,118.35690870439478,117.0363433773619,117.96738578505374,2376700
2017-06-27,116.60881042480469,117.34035094783245,116.60881042480469,117.32134594167567,2516400
2017-06-28,118.57543182373047,118.63243960529087,116.44732735152252,117.03635943906302,2574900
2017-06-29,115.44026947021484,118.45191819385536,115.14574982730998,118.38541516125495,4147400
2017-06-30,115.3832778930664,116.30482522297453,115.15526849903684,115.69679534003704,3574000
2017-07-03,114.74671173095703,116.2002829401893,114.68971121241009,116.14328242164237,2314200
2017-07-05,116.09828186035156,116.26960277845399,115.27974939180827,115.29878182203531,3856500
2017-07-06,114.97516632080078,115.81273112227043,114.83239769538186,115.48912175388661,2702600
2017-07-07,116.30766296386719,116.80259326805349,115.23215279215827,115.53672249415196,2119000
2017-07-10,116.8121109008789,117.24992938535699,115.94598651571631,116.26959590255667,2886900
2017-07-11,118.23977661132812,118.69662750133048,116.59319201072279,116.88824184641238,3885700
2017-07-12,119.23915100097656,119.68648933967492,118.59193947591575,118.97265341915997,2770400
2017-07-13,119.41999053955078,120.30514736241966,119.32481387008933,119.56275917450017,3330900
2017-07-14,120.8857421875,121.38066525713879,119.50565497708584,119.50565497708584,2690800
2017-07-17,121.28545379638672,121.42822239948492,120.43836928258692,121.12365276824806,2291700
2017-07-18,121.57101440429688,121.9802806058196,120.87621094161348,120.98090745327146,3732800
2017-07-19,121.86605834960938,122.08497848199546,121.4092074404632,121.57101576307032,2550400
2017-07-20,122.27534484863281,122.62749928248147,121.77090192116255,122.20871318653707,2350300
2017-07-21,123.03677368164062,123.92192332652276,122.13258434416086,122.33245028583028,4375500
2017-07-24,123.27474212646484,123.63640921546278,122.39910490215642,123.15100588592104,3065400
2017-07-25,123.7125473022461,123.90290068532806,122.98919863732175,123.73158699746396,2476000
2017-07-26,124.6738052368164,124.85463143736453,123.5031040862113,123.65539254006622,3547800
2017-07-27,122.71314239501953,125.8254709664474,120.44791302852227,125.6351176322164,4914500
2017-07-28,121.74234771728516,123.7220545339449,121.17127313675701,122.74172097169448,5257900
2017-07-31,121.63764190673828,122.25629388587879,121.25692796929572,121.82799524470238,3347500
2017-08-01,123.24620056152344,123.71256423545313,122.30393158020078,122.4562201167238,4010500
2017-08-02,124.31217956542969,124.31217956542969,122.95112449834775,123.48413432598814,3578600
2017-08-03,123.62687683105469,124.27409568982976,123.00822477347361,124.11228008286305,2568100
2017-08-04,123.56027221679688,123.96953126065188,123.1985906260174,123.94097897959372,2208100
2017-08-07,124.09326934814453,124.2074784740837,123.3032890066566,123.72207516580994,1585600
2017-08-08,123.57929229736328,124.02663071288694,123.06533673645923,123.85531703359608,2062800
2017-08-09,123.46505737304688,123.76010721884639,122.56086814536266,122.86543057479079,1789900
2017-08-10,121.51390075683594,123.17000522809077,121.43775652014315,122.9415725180124,2590400
2017-08-11,122.35148620605469,123.17953127064362,121.69475480047184,121.98029208851175,2484300
2017-08-14,124.76901245117188,124.95936581468183,122.77979293488598,122.99869857677089,2793300
2017-08-15,125.2353744506836,125.625608235726,124.63574763576618,125.0830859702238,2155600
2017-08-16,125.98725891113281,126.23473129059629,125.45426382156063,125.79690559671802,2000700
2017-08-17,124.56916809082031,126.11104948240437,124.51206352417398,125.78744725605296,2673000
2017-08-18,124.81660461425781,125.60658487091504,124.07421632930875,124.26456969311069,3167300
2017-08-21,125.57803344726562,125.72079484033112,124.80709287865027,125.01648593716688,1807600
2017-08-22,127.34835052490234,127.76713665242089,125.90163877248312,126.12054442167467,2180100
2017-08-23,126.65357208251953,127.04379146280716,126.27285076597482,126.75825410615694,2006400
2017-08-24,126.54883575439453,127.02472635820118,125.61607971435286,126.80580622386947,2046600
2017-08-25,126.34893798828125,127.15795771304778,126.16809725994332,126.87242048530508,2215500
2017-08-28,127.39591217041016,127.53867353306443,126.31088224515445,126.72965374994956,2154700
2017-08-29,127.38639068603516,127.73855960117052,126.33944009330169,126.68208190182116,2122000
2017-08-30,127.34835052490234,127.76713665242089,127.04377351469569,127.4720722276465,3224500
2017-08-31,126.87242126464844,128.01455565960836,126.85338157654152,127.7290184301117,4374700
2017-09-01,126.81535339355469,127.44351805245668,126.72016944852328,127.38641349465023,2446600
2017-09-05,126.2633056640625,126.52027614814314,125.33054957100482,126.43461932011625,2726500
2017-09-06,126.48223114013672,127.2151068931325,126.19669381220041,126.57741509045943,3652100
2017-09-07,129.94668579101562,131.95494469956097,129.10911368947149,129.51838715655458,7269000
2017-09-08,130.6034393310547,131.09836970451394,129.49936946834984,129.65165797141898,4451300
2017-09-11,135.1434326171875,135.1434326171875,132.46891495293056,132.64024313966925,5457600
2017-09-12,135.5526885986328,136.59965381927245,134.97210143501079,135.78112133487141,3775000
2017-09-13,133.34454345703125,135.27665800843013,132.81153381955258,135.17196150216097,3613800
2017-09-14,134.6485137939453,134.96260339398336,132.64976707480545,132.77350330231386,4179400
2017-09-15,134.75314331054688,135.80962070415495,133.06848702927473,135.4574664139603,6152500
2017-09-18,134.58187866210938,134.8579033897499,133.73479383157746,134.8293511107569,2843500
2017-09-19,135.6193084716797,136.66625907829015,135.02919425177924,135.086298800118,4179000
2017-09-20,135.38137817382812,136.1713584004556,134.60091053196837,135.39089075859587,2749700
2017-09-21,134.88641357421875,135.32422473083628,134.38197077205749,134.85786130413615,2835300
2017-09-22,135.04818725585938,135.53359027196274,134.67699329695125,134.67699329695125,1860400
2017-09-25,131.88832092285156,135.24810722041502,131.76458472598614,135.21955494775804,5541200
2017-09-26,131.6979522705078,132.6592605208505,131.10785260849542,132.3166187280306,3162600
2017-09-27,132.935302734375,133.42070600671624,131.86931224310106,132.10725758654837,3716800
2017-09-28,133.43972778320312,133.44925489040176,132.14530470773545,132.7163792645412,2732000
2017-09-29,134.39146423339844,134.9054340678114,133.64907627082366,134.03930993713269,2603200
2017-10-02,134.9816131591797,136.03807632092835,134.64848393884273,135.05774287288648,2300700
2017-10-03,136.12374877929688,136.27602273098609,134.8673906474199,135.14341532322393,2514500
2017-10-04,135.23855590820312,136.10468008518032,134.50569501047647,135.8476951542368,3245700
2017-10-05,137.03074645996094,137.05934301731702,135.77243975408052,135.89636786632565,2723000
2017-10-06,136.8114776611328,137.05931929717732,136.09653475985576,136.7924084443446,3067400
2017-10-09,137.7933349609375,138.393877122489,136.22045181032422,136.77334274700488,2557700
2017-10-10,138.84193420410156,139.52828069432377,138.01260492239706,138.01260492239706,2593400
2017-10-11,139.98583984375,140.24320884107098,138.7942682228313,138.7942682228313,3341900
2017-10-12,139.88095092773438,141.23457425301743,139.5949708910016,139.96674057508955,3226200
2017-10-13,140.45291137695312,141.51102744339136,140.40524560817565,140.61496335435623,2337300
2017-10-16,139.38526916503906,141.1201897080587,138.37481885875118,141.1201897080587,2590100
2017-10-17,139.1088104248047,139.61405010168448,138.72751337889346,139.49012201626584,3002400
2017-10-18,139.3566436767578,139.90953448428448,138.79422553559272,139.0134705736567,2525900
2017-10-19,138.2032012939453,139.2899137354234,137.89816660547592,138.59404017044966,4169900
2017-10-20,138.58456420898438,138.91819556862467,137.81242804927973,138.82287855682176,3547300
2017-10-23,138.7561492919922,139.65221360418138,138.50830759639788,139.17558488880877,2514500
2017-10-24,138.98486328125,139.64261289013396,138.55590057192674,139.35663290206966,2918400
2017-10-25,139.40431213378906,140.10971302091903,138.42245856477209,139.65215372311204,3439700
2017-10-26,139.73794555664062,140.4814848818235,139.50917317692162,140.12878443272464,2574900
2017-10-27,141.57777404785156,141.57777404785156,139.23275475972147,139.9667669315927,3491900
2017-10-30,141.98765563964844,144.3993951683734,141.63495513368048,144.22781585591883,6555700
2017-10-31,141.8160858154297,144.89510267450862,139.31854191782836,143.5891448905056,7613700
2017-11-01,141.9304656982422,144.40894026740725,141.82560682311095,142.94091601557002,4531700
2017-11-02,141.32032775878906,142.23546073318602,140.57678858076756,141.39659005211757,3883600
2017-11-03,142.31175231933594,142.37848730113518,140.80561883516336,141.47289592540747,2338700
2017-11-06,143.07437133789062,143.42708639700865,141.9972005802105,142.23551488301018,3142900
2017-11-07,142.95997619628906,143.4461321072316,141.95905327794873,143.28408013691742,2683400
2017-11-08,142.95997619628906,143.21735969998795,141.27270696511823,142.48334762046508,3786800
2017-11-09,142.31175231933594,142.8646432071238,140.6912180871575,142.292697649293,2716400
2017-11-10,142.55006408691406,142.75978181807926,141.75887347316728,142.0353116394036,1795900
2017-11-13,142.69308471679688,143.17924069369673,141.78749320897867,141.80654788180095,1750500
2017-11-14,142.94088745117188,143.4556543882395,142.0829619501229,142.30220699229358,3062300
2017-11-15,141.39666748046875,142.52150419554454,141.1774223580571,142.38804874552616,3058100
2017-11-16,143.30316162109375,143.50333749456928,141.65403068031225,142.03532775539492,2715400
2017-11-17,142.0543975830078,142.531026201684,141.34898199096864,142.34990499929887,3186400
2017-11-20,142.5691375732422,143.26501122265583,142.25456096707032,142.3784890516213,2048700
2017-11-21,145.38124084472656,145.49564159223254,142.92183568381702,142.95997411483555,3999000
2017-11-22,144.18014526367188,145.41938247918034,143.89416520693146,145.28592705877483,2658600
2017-11-24,145.60052490234375,145.84836656337296,144.13250051822288,144.32314906867245,1577500
2017-11-27,145.81973266601562,146.74439317173506,145.58141840259407,145.91506418960356,3260200
2017-11-28,146.98269653320312,147.42118659986815,146.19149149186282,146.33447422109114,3874500
2017-11-29,141.41574096679688,147.24967159438543,138.48923376985783,147.13528536107697,7217000
2017-11-30,143.43663024902344,144.10390746458742,141.28227394004477,142.34039014813635,6943700
2017-12-01,142.69308471679688,143.93232209117787,140.46246617024215,143.36988924078184,3933000
2017-12-04,136.72564697265625,143.55097070561766,136.67799575824228,142.91229024966438,7490100
2017-12-05,138.3462677001953,139.4806464694623,134.0375396629515,136.98310189110427,6807100
2017-12-06,140.5291748046875,141.14880071257406,137.8600517331813,138.28902911000682,3752000
2017-12-07,142.46429443359375,143.37942780218103,140.61497302403825,140.61497302403825,3417900
2017-12-08,142.8837127685547,143.4080071069975,142.19736646105673,143.38893789135878,2521500
2017-12-11,143.82745361328125,144.18015412913658,143.08391414736678,143.19830035887645,3394800
2017-12-12,145.37173461914062,146.54423699610118,143.57007894896154,143.77979671336772,3360300
2017-12-13,144.59959411621094,146.2677942983628,144.5709975624467,145.37173015894732,3618700
2017-12-14,144.828369140625,146.3726557993117,144.68538636924268,144.81884180438334,3016700
2017-12-15,146.22964477539062,146.43936251746092,143.8083779517836,145.51470189439186,5067300
2017-12-18,145.9627685546875,147.4212512142549,145.90557543792858,146.93509517625031,3531500
2017-12-19,144.59002685546875,146.00085780610698,144.3517125855628,145.81020929929196,2712700
2017-12-20,144.37081909179688,145.5909873052485,143.97998009726328,145.38126952991595,1992500
2017-12-21,143.49378967285156,145.11432382892508,143.3984581449153,144.370784456779,2789000
2017-12-22,143.79885864257812,144.43753923978568,143.2840915940192,143.8846483021543,1892300
2017-12-26,144.208740234375,144.26593333598632,142.88371338003063,143.54146313966015,1200700
2017-12-27,144.32315063476562,144.685393066437,144.03718507876422,144.47567529500117,1730200
2017-12-28,144.67581176757812,145.4860714499529,144.13244832273847,144.76160140238014,1570600
2017-12-29,144.28500366210938,145.75301328177966,144.28500366210938,145.09527806263802,2258800
2018-01-02,144.80931091308594,146.23919677401167,144.05622954748972,144.90462790981695,3168900
2018-01-03,146.63002014160156,146.78253022926418,145.04760979951138,145.1715233366404,3732400
2018-01-04,148.5269775390625,150.04265274646545,147.1066338541766,147.31633702172738,3247200
2018-01-05,151.6060333251953,151.6060333251953,148.8892587702269,148.89878610674853,2747700
2018-01-08,152.06427001953125,153.21951873184724,150.9281059728201,151.405484844988,3143100
2018-01-09,152.28390502929688,152.86630800744476,151.36733091492673,152.42711290570566,2573900
2018-01-10,152.62762451171875,152.73264848137154,150.4412349578856,152.02612227021163,2416900
2018-01-11,153.63967895507812,153.8401845756604,152.22664097955402,152.85678485172335,2804000
2018-01-12,154.98585510253906,155.16726143852594,152.9999568781531,154.19340427969877,3041000
2018-01-16,154.9476318359375,156.52299089499218,154.01197330199577,156.23656065075974,4673400
2018-01-17,156.88583374023438,157.05768317882016,155.5109799577474,155.7401125425284,3136000
2018-01-18,157.99337768554688,158.47075676992176,156.6853636562648,157.37279070324092,4150600
2018-01-19,159.28225708007812,159.396823362488,157.68781318659558,158.77623657483602,2947800
2018-01-22,160.66668701171875,160.714427828956,158.7667132059124,159.0436012048171,2275900
2018-01-23,159.6260223388672,161.306391489905,159.1104447636764,160.8767532228818,3035300
2018-01-24,159.45411682128906,160.49481403816375,158.44207574531998,160.34204927276656,3912400
2018-01-25,160.96263122558594,161.28724541588613,159.5686928467912,160.40886989413,2088900
2018-01-26,162.6334991455078,162.65259838760085,161.1536211050413,161.3636690627051,2191600
2018-01-29,160.9244384765625,163.0821859721885,160.67619211183964,162.42340072496037,3082800
2018-01-30,159.6260223388672,160.39937413319967,158.77628814197112,159.8360703038036,4227100
2018-01-31,161.35409545898438,161.9937815448385,159.46367877478485,159.93150085201157,5815300
2018-02-01,165.10629272460938,168.7248336761483,163.26361679110997,164.70529611579266,6848400
2018-02-02,162.83399963378906,169.0972105451928,162.70987641677652,164.12291434960477,6556500
2018-02-05,157.14358520507812,164.18016020506775,156.58982392440873,159.79781076413101,7196000
2018-02-06,161.6214141845703,161.69779656385703,149.7060398163792,153.23864108980638,7259900
2018-02-07,161.09632873535156,164.80079479309777,159.87423954343674,161.3541174992804,4364800
2018-02-08,153.35324096679688,161.58326567423737,153.2004907432125,161.13452820291204,6557700
2018-02-09,157.72601318359375,158.95765911895683,151.3959777709815,154.35571872665204,6303000
2018-02-12,160.58071899414062,161.1822210785888,158.08880051800284,159.25360621602576,5227400
2018-02-13,162.4234619140625,163.04406349121763,159.45416330022124,159.75969292007375,3471000
2018-02-14,164.7148895263672,164.84855509226458,161.35413656722008,161.69785010359254,4203700
2018-02-15,166.78665161132812,166.79619394521316,163.60730621377172,166.0801255557216,3915000
2018-02-16,167.70326232910156,168.67711971609432,166.26158277490447,166.46208839545858,4213100
2018-02-20,167.41680908203125,168.4479348276067,166.1660639545214,166.96807168884104,3750100
2018-02-21,164.52391052246094,168.37158421320757,164.4857120429746,167.41682618436818,5999500
2018-02-22,165.12539672851562,165.96558844844338,163.07267281186176,165.4977517737652,5605800
2018-02-23,167.80825805664062,167.82735729549063,164.68620993762292,166.0324076233087,3093800
2018-02-26,169.8228302001953,170.08061898399356,168.09472025195294,168.51481617563797,4088100
2018-02-27,167.9705810546875,171.06400246072423,167.9705810546875,169.6796061663834,3815900
2018-02-28,167.80825805664062,170.8730375960097,167.79871572144097,168.31427862278542,4145700
2018-03-01,165.64096069335938,169.32632693424512,164.36157397835342,168.37156899171978,4658500
2018-03-02,167.1017608642578,167.39773353389617,161.6119019823342,163.79829154432056,4190100
2018-03-05,170.45291137695312,171.1594374039918,165.08717712389293,166.25198282251034,4826500
2018-03-06,169.4981689453125,171.94234684014563,168.94440761469414,171.07351365408323,3820900
2018-03-07,171.10218811035156,171.57956711180302,167.6077703232986,167.8082613455757,2766100
2018-03-08,171.14035034179688,171.75139480351498,169.5268071903282,171.2358319573728,2235300
2018-03-09,174.9498291015625,175.03575380938685,171.827766934577,172.09509796010713,4168900
2018-03-12,174.28147888183594,175.21715199622017,173.47948584246168,174.55836679657432,3589000
2018-03-13,172.82073974609375,175.4176826627151,171.99964728615538,175.16945082820382,3286600
2018-03-14,171.9710235595703,173.76597344164148,171.4936445116537,173.75643110532602,2820700
2018-03-15,172.76345825195312,173.928264184614,171.8755402993327,172.40066011626195,2258200
2018-03-16,174.29110717773438,174.88305258235187,172.82077143481192,172.82077143481192,4605000
2018-03-19,172.41017150878906,174.05235614966745,171.00667632654475,173.56542033024695,3770000
2018-03-20,174.2528839111328,174.9594101024373,173.0212524547732,173.1071771815875,2859300
2018-03-21,172.57254028320312,175.198125266765,172.56299794608802,174.68256226193063,3238400
2018-03-22,167.57908630371094,172.10462876741806,167.1876321252413,171.09258787162614,4387300
2018-03-23,164.0560760498047,168.86805016974486,163.89376893093356,168.20926479003455,4324100
2018-03-26,169.1544647216797,169.44089502116285,165.23040895357585,167.39771358524322,5470100
2018-03-27,164.7148895263672,170.42433951034783,163.23501139563973,170.29067394445042,5069100
2018-03-28,162.64305114746094,165.10631427043245,160.92448362222862,164.45708574337397,5166600
2018-03-29,167.23541259765625,168.66754957899812,163.0917664280686,163.95104278949344,3719200
2018-04-02,163.83645629882812,167.81779486801483,161.3922639144376,166.7389138131465,4222400
2018-04-03,164.66712951660156,165.0681261675725,162.12746949200002,164.5621055436007,3612600
2018-04-04,165.83187866210938,166.13739357155316,160.34202150911176,161.52591181482146,4628300
2018-04-05,167.84646606445312,169.41226866469145,166.64346161225984,167.20677992693913,3434100
2018-04-06,162.253173828125,167.4640124734291,161.54565605388615,165.76212410251068,5005500
2018-04-09,162.86508178710938,166.45052308000558,162.67386116932784,163.75427881413057,3910700
2018-04-10,167.05287170410156,167.7508334816034,164.47135704839582,165.54220411406408,3149900
2018-04-11,164.79644775390625,167.89427436150555,164.56697425324018,166.0776419735955,2783000
2018-04-12,167.12936401367188,168.73563462321994,165.56133168993333,165.72386993571874,3065600
2018-04-13,166.6226348876953,168.37233202124742,165.12152310287368,168.2767144160136,3059600
2018-04-16,166.24017333984375,168.37232623181964,165.37967327912008,167.9133792495158,4668200
2018-04-17,170.51400756835938,171.3267133558677,167.00505776233962,168.05679294744488,4210200
2018-04-18,171.5849151611328,171.90999172755173,169.29979409144605,170.66703560919646,3150600
2018-04-19,171.15463256835938,171.69007076138757,170.43754425840265,171.22156781343753,3560400
2018-04-20,169.30934143066406,171.61358882538974,168.75479135708693,170.69570932000698,4233000
2018-04-23,167.731689453125,170.52356544872444,167.0337277488229,170.34190078573727,4355000
2018-04-24,165.6378173828125,169.75868188231686,163.67777339554382,168.92684965414918,5369000
2018-04-25,164.90162658691406,166.24018557750978,163.16148530994084,165.7621267109829,3396200
2018-04-26,170.3419189453125,171.74741301603234,166.574813182387,166.86165138667218,4784400
2018-04-27,168.21934509277344,171.14506282693998,167.4926863269244,170.70524227975778,3781000
2018-04-30,170.4470672607422,172.1011464163245,169.32841155973946,169.70129679340704,4323900
2018-05-01,172.3402099609375,172.4453834881709,169.14678044559307,170.44710105993423,4828300
2018-05-02,177.66578674316406,179.98914560392186,175.08425744561444,178.02910152545533,10133100
2018-05-03,178.2967987060547,179.64492796859085,175.8682665201465,176.4993076118693,5785700
2018-05-04,179.9126434326172,180.5054316641841,176.98692596957258,177.63707892171738,3593600
2018-05-07,180.80184936523438,181.20341701845675,179.39635528435747,180.03695234467867,4077300
2018-05-08,182.16912841796875,182.29342840402748,179.76927792422134,180.6010957651983,3396400
2018-05-09,182.26473999023438,183.2686520039597,180.70626331532023,182.14999593414024,2933900
2018-05-10,184.57855224609375,185.21914944928727,182.56114301666915,182.65674604731268,2821200
2018-05-11,184.86534118652344,185.57285886345173,183.61281489327607,184.53069419556786,3301700
2018-05-14,183.68931579589844,186.17522748837285,183.18257461530283,185.00876280381763,2877200
2018-05-15,183.57452392578125,183.76574447036546,181.80570106269442,182.62796253467968,2747500
2018-05-16,183.93789672851562,184.44463785679415,183.03914390803794,184.23429083118467,2109300
2018-05-17,182.8096923828125,183.99528352494877,182.22646003076449,183.6223982237507,2378300
2018-05-18,182.0447998046875,183.66064101255276,182.0352438800319,183.2112645373761,4208500
2018-05-21,182.8096923828125,184.36816882614687,181.67191004117805,183.09653059662585,2632600
2018-05-22,183.2112274169922,184.18647133458992,182.46545694741596,182.7905333902169,2620200
2018-05-23,184.5211181640625,184.53067408677543,181.94915980236422,182.36985382885396,2529900
2018-05-24,183.488525390625,184.9131312253123,181.66233734016674,184.44464295557324,2912900
2018-05-25,182.78102111816406,183.4694270374346,181.39465335462143,183.33557114142081,2459600
2018-05-29,181.21298217773438,182.1308615670183,178.4115643865829,181.90138807239782,4545000
2018-05-30,183.3450927734375,183.5076310032531,181.5667135794842,182.07345470455513,2764200
2018-05-31,181.77711486816406,183.99531520847836,181.490291194158,183.46944749080038,4641400
2018-06-01,186.7967071533203,186.7967071533203,183.4789776245022,183.60327759189823,4194900
2018-06-04,189.05313110351562,189.41646046417227,186.66283707645232,187.34168699938496,3917200
2018-06-05,190.61160278320312,190.94624977442888,189.14874404180432,189.4164557991063,2655500
2018-06-06,194.29266357421875,194.36914014359135,191.0036167017203,191.08966378416204,3233100
2018-06-07,190.78372192382812,195.0480133406204,189.59814529747217,194.45522502744242,4084100
2018-06-08,191.26171875,191.730221529269,190.26736307078488,190.45858363341927,2296700
2018-06-11,189.77975463867188,192.1796041447879,189.55983712473412,191.80671892926878,2616900
2018-06-12,191.3478546142578,191.36696646549774,189.49298380002443,190.38216632626242,2660500
2018-06-13,190.65943908691406,192.7724510896922,190.4682184597104,191.82590387881461,2686100
2018-06-14,190.5637969970703,192.5525233607346,190.31521167256108,191.8641175198817,2846900
2018-06-15,190.774169921875,190.9080258208032,188.9001873368799,189.83717862937743,4162100
2018-06-18,192.30392456054688,192.6098745854883,188.74716616177867,188.96706910994243,2081300
2018-06-19,190.92710876464844,191.1565676309951,188.61330613074819,189.75108830703533,2666200
2018-06-20,192.69595336914062,194.53171217763457,191.4625679647944,191.70159738797142,3898600
2018-06-21,191.9692840576172,194.74201916800791,191.20438708568986,193.52776036136444,2678200
2018-06-22,192.6385955810547,193.01148091107495,190.85066009982918,192.72465726428916,2993600
2018-06-25,186.42376708984375,191.6441745277294,185.2095084926579,191.5963657397566,4780600
2018-06-26,187.83888244628906,189.94233838653508,187.16958841099455,187.57115607865262,4271200
2018-06-27,184.7028045654297,189.50251935582278,184.6836927162441,188.79500161681196,3233000
2018-06-28,188.45083618164062,189.0723069554219,184.7315382870464,184.9705677522239,2621100
2018-06-29,187.89622497558594,189.60766897051735,187.5711339208582,189.50249545646932,3006900
2018-07-02,188.9957275390625,189.282565681199,186.20386643993464,187.15042793222693,3018300
2018-07-03,187.67636108398438,189.86587906891634,187.53294924619414,189.62684961313252,1567400
2018-07-05,190.14312744140625,190.22918912451024,188.49860378606644,189.31130968859088,3101900
2018-07-06,191.00469970703125,191.7131079341578,189.0517565876512,189.65487352268914,2050300
2018-07-09,192.35455322265625,192.9863887583058,190.74626052198076,192.23011139234694,2377300
2018-07-10,192.91934204101562,194.09684284212358,191.579083806793,192.74701665612474,2265100
2018-07-11,195.14035034179688,195.43711757725546,191.70357073186943,191.9141825649489,2827900
2018-07-12,198.9121856689453,200.26201198465967,196.01150377797867,196.25083406342188,3970800
2018-07-13,197.1220245361328,198.6728803059315,194.75743985072486,198.2612391749605,2590800
2018-07-16,195.3700714111328,197.20812597802086,195.06372167953853,196.84433932364246,2955000
2018-07-17,197.5623779296875,197.8782956890851,193.0246846398521,194.33621005298173,2919000
2018-07-18,199.46743774414062,199.48658825748305,196.6146247737073,197.8304121310613,3595400
2018-07-19,197.26556396484375,199.80247339278046,196.97836474181477,199.46740519798678,2264600
2018-07-20,197.88784790039062,198.50053281046564,197.38045428640365,197.39003684609202,2801000
2018-07-23,198.9696044921875,199.08449295188606,196.87306904529916,197.8782590741914,2717900
2018-07-24,200.63531494140625,201.42031047943263,199.41951331455286,199.83116889536237,3509100
2018-07-25,205.0198974609375,205.1347713225406,200.70236979991301,201.0374380396703,4967900
2018-07-26,198.5196533203125,202.76059299376985,195.82958361737542,201.1810045615325,7279900
2018-07-27,194.2787628173828,202.71276008513163,192.6321692173898,202.65532315147917,4913000
2018-07-30,189.42510986328125,194.65208917874546,187.82638547641,194.2883025084486,5939300
2018-07-31,189.54954528808594,192.05772146545914,187.85508314160643,190.5260167327166,4416600
2018-08-01,192.61297607421875,192.76615093509903,189.88462007663753,190.76535361536105,4614200
2018-08-02,193.388427734375,193.560753126152,189.42511901423,190.5930519102324,3615000
2018-08-03,192.61297607421875,193.79047677617362,189.81760059716788,193.38840372203194,2722800
2018-08-06,192.9384765625,193.81922477663784,191.9524370568986,192.42152962665025,3061300
2018-08-07,193.97238159179688,194.47976056691482,193.34056081645352,193.85750774310893,2422200
2018-08-08,194.2021484375,194.89142076086324,193.4554391884498,193.7809248390491,2697900
2018-08-09,194.9105987548828,195.92535687192913,194.00113194473565,194.51809356393107,2444900
2018-08-10,194.0010986328125,195.20733246543816,193.53202068239986,194.30744837048235,2567000
2018-08-13,193.67562866210938,195.61898931906242,193.27355555455642,194.00111432904836,2014000
2018-08-14,195.1786346435547,195.34137748106698,192.7948997957453,194.15429403340187,2076600
2018-08-15,191.69398498535156,194.38405497650692,190.98556210278971,194.00111776665148,2955700
2018-08-16,194.9105987548828,195.51370116719482,192.24924703402328,193.32144208485533,2894000
2018-08-17,194.53721618652344,195.86789185617155,193.38841924526642,195.1594690234044,2308900
2018-08-20,196.01148986816406,196.23166962502972,193.72349308599559,194.78612006225728,2469300
2018-08-21,194.42233276367188,197.14112109893938,193.981973251336,196.25081951472106,1979600
2018-08-22,195.59030151367188,196.4614673537061,193.61822208330906,193.8575523949077,1905300
2018-08-23,196.46145629882812,197.16987924001987,195.4658340783661,195.76261591840142,2247600
2018-08-24,200.4630126953125,200.55875063887984,196.7964860991441,197.2081271198532,2722600
2018-08-27,202.50213623046875,202.71274804639458,201.20974686979315,201.20974686979315,2550200
2018-08-28,203.55520629882812,203.9381289261498,201.9373311744045,202.66489000934047,2240200
2018-08-29,205.41236877441406,206.64730640578227,203.38283837272252,203.43070734302088,3172100
2018-08-30,204.67526245117188,206.09209364685404,203.74665977768498,205.10605404223375,3083000
2018-08-31,206.360107421875,206.58986971502827,204.3880285468757,204.4646159779268,3020000
2018-09-04,207.5663604736328,208.07373946984148,205.51767936980733,206.47500043549317,3776500
2018-09-05,202.14794921875,206.5612005595245,201.33422035121288,206.55161799863154,3869500
2018-09-06,203.68919372558594,204.16785422667976,201.48735249904246,202.41595503976924,3032800
2018-09-07,202.0809326171875,204.13918200261875,200.75025670705173,202.0139277277886,3298500
2018-09-10,202.63613891601562,204.36888762813172,202.35852224704104,203.58389198624664,3326300
2018-09-11,204.3401641845703,204.44547007869542,201.13314760450345,201.5352206709196,2728500
2018-09-12,204.8954315185547,205.30708718277324,202.81804650824589,203.95726094141278,2291300
2018-09-13,207.94927978515625,209.35654289817836,205.2209089478538,205.60384613263938,3898000
2018-09-14,208.65773010253906,209.48102689881017,207.18344731017453,208.69601652228013,2638000
2018-09-17,207.23126220703125,210.59145340160586,206.88662608905761,210.58188545105813,2500900
2018-09-18,210.6585235595703,211.52968931842136,208.0258903773178,208.17906526828185,2851000
2018-09-19,208.87791442871094,211.9604898533984,207.89187476384856,211.21378048792127,2883000
2018-09-20,211.9412841796875,212.44866311372937,209.5575497594762,210.59145813664404,3108500
2018-09-21,212.4295654296875,213.83682874237036,211.4626762900978,212.65932777315726,7177800
2018-09-24,211.9030303955078,212.65930763385296,208.89704273903862,211.0031462282582,2520000
2018-09-25,212.64015197753906,213.52088561144885,211.77856885519867,212.44869068452567,2181300
2018-09-26,212.77418518066406,214.78456535970352,212.23808769493647,213.11882136542624,2963600
2018-09-27,212.82208251953125,214.06660305299906,212.58275220953988,213.18586926513828,2645200
2018-09-28,213.10928344726562,214.1431921472645,211.6158646386771,212.649773338676,2955000
2018-10-01,214.2197265625,215.73229551166384,213.56874067957258,215.24405244757844,2955500
2018-10-02,212.87950134277344,214.1814587026454,211.57754398290152,213.96127892630602,3060700
2018-10-03,213.60708618164062,214.75586871169747,213.05183812714128,214.2293391248824,2662400
2018-10-04,206.9249267578125,212.66885271481004,205.4315083462026,212.5922798900354,5664900
2018-10-05,204.39468383789062,208.16131963437215,203.04330926537318,207.45207649121562,4268300
2018-10-08,199.6025390625,202.99538796534657,194.80081213159485,202.89953915755834,5611000
2018-10-09,201.0401611328125,202.21903991505081,198.0977902533628,199.41083395246324,5659400
2018-10-10,188.51353454589844,200.62808501630408,187.86179476414063,200.62808501630408,8455000
2018-10-11,186.42410278320312,191.42710556752846,184.890624473023,186.5582823181498,9185200
2018-10-12,195.73052978515625,196.32475156571618,191.2450708342368,192.2322669568283,6160300
2018-10-15,191.99266052246094,195.32799206154002,191.23549280665938,195.25131592421343,3969200
2018-10-16,199.1425323486328,199.4683949538623,194.11077615952607,194.254534772281,4694900
2018-10-17,198.75912475585938,199.3533463970187,196.18094692648205,198.9987321433558,4431200
2018-10-18,195.15542602539062,198.60577835656153,193.85196121411212,198.3661709620212,6264500
2018-10-19,194.61874389648438,198.81667090723136,194.5612404510458,195.39506965886034,4832500
2018-10-22,195.99887084960938,197.6857018326967,193.4877897513197,195.2512968642487,4045100
2018-10-23,194.014892578125,195.26085395521199,188.4272610043708,191.1971219015726,5076800
2018-10-24,187.55508422851562,195.01166508673134,187.25797340278453,194.21616679151364,4415900
2018-10-25,195.71128845214844,196.5738837216378,187.57423187747648,188.81059941859678,4940700
2018-10-26,189.28025817871094,193.9957298367893,187.5934128013833,190.91916452889473,6523600
2018-10-29,183.09835815429688,193.92861400976327,179.83012480046716,192.02134873828987,6623800
2018-10-30,179.926025390625,185.5807700837285,176.11147881508953,184.57441585131804,9239200
2018-10-31,189.4527587890625,191.64757054858492,185.21650212540027,185.21650212540027,7683500
2018-11-01,191.4080047607422,191.68594294324006,186.90337340199457,190.622085374926,4439000
2018-11-02,189.50071716308594,192.63478630597453,187.1333946877312,190.65082985214858,4261500
2018-11-05,189.74986267089844,190.85206533779677,186.21325558118164,189.96071832458426,3110800
2018-11-06,190.87124633789062,192.32806340449994,189.31859508729806,190.24827295633742,2916000
2018-11-07,199.58338928222656,199.71756884401302,193.3535967538305,193.78488715782436,4922800
2018-11-08,200.1776123046875,200.1776123046875,197.43650298889185,198.739967865448,3922200
2018-11-09,197.07229614257812,199.33419065782118,194.96375387824406,198.75914165362585,3229700
2018-11-12,190.8616943359375,196.71770052484746,190.46873463987453,196.11388511989594,3507300
2018-11-13,189.9320068359375,193.84240166273602,189.33778511759488,191.47507919682263,2852000
2018-11-14,189.36651611328125,193.82320776205555,187.47840869124343,192.22263213578773,3218600
2018-11-15,192.36639404296875,192.7880907442491,186.2516090684816,188.82978679909073,3424600
2018-11-16,190.76583862304688,192.55811208385904,189.24193892933437,190.7275078703049,2939500
2018-11-19,181.4115753173828,191.11087935506868,180.71192572016238,190.76584407262845,4488100
2018-11-20,179.28382873535156,180.9515014120674,170.0253958007633,174.41500488128946,7892900
2018-11-21,179.85888671875,182.18786342594262,178.4979185591787,180.70229474929596,3950200
2018-11-23,175.00924682617188,178.48833625033663,174.68336965498852,177.19446509447323,2601000
2018-11-26,183.87472534179688,184.23891864660365,176.04434260908596,177.86536763102055,6917200
2018-11-27,184.957763671875,185.0152671152834,181.5745079228957,182.82046948649327,3976300
2018-11-28,193.87112426757812,194.05322821829648,185.2356794622276,186.89375845520829,6203000
2018-11-29,188.48480224609375,193.65073812601966,188.14934597650364,193.65073812601966,5447700
2018-11-30,192.71144104003906,193.28649000848935,187.66051310131618,188.41766602834187,7944700
2018-12-03,201.13607788085938,201.18400229562823,197.37903482973627,197.44611731083018,6599900
2018-12-04,192.1555938720703,200.8102137062696,191.32175001008122,198.76875357362871,6628600
2018-12-06,194.55165100097656,194.91584434407932,186.14621839680655,186.70210938041006,6558900
2018-12-07,188.3314208984375,197.9348898146766,186.79792765201884,195.30878738313913,4968100
2018-12-10,189.8265380859375,190.45910504467028,184.97688731793227,186.55829009029117,4101000
2018-12-11,189.51988220214844,193.02772356853535,187.909712802869,192.72103368858612,3582400
2018-12-12,191.96388244628906,197.39819183565305,191.93513072460794,192.12682836845138,5160100
2018-12-13,190.68917846679688,193.7944813175449,187.19090130692348,192.45268559493482,5246200
2018-12-14,187.21006774902344,189.04067191444832,185.1590288560557,188.42727751536853,3801700
2018-12-17,182.53294372558594,185.49448815559052,180.9227887586047,185.45615740020034,5459900
2018-12-18,183.64463806152344,186.27073959837358,182.1974150888213,184.0759283199937,4345200
2018-12-19,179.3413848876953,186.27084307963943,177.079489906717,182.99300019555707,6100600
2018-12-20,175.11471557617188,180.5106654173408,172.73779913734353,177.8845771192572,6562600
2018-12-21,167.90728759765625,177.56825992966972,167.72518362979926,173.66744435350276,8374300
2018-12-24,167.3897247314453,170.5812970723286,164.744464285382,165.95208032336143,4351900
2018-12-26,178.6800537109375,178.7471508141022,168.68363830178012,168.68363830178012,5261400
2018-12-27,180.84609985351562,180.85567888556741,172.6706957990792,176.3318895961319,4695200
2018-12-28,178.4212646484375,182.19747975632706,176.52356343846287,181.8236927830549,4830300
2018-12-31,180.8077392578125,181.14319546958328,178.61294189562207,179.14966013487518,3658500
2019-01-02,181.85244750976562,182.88755328928664,177.60659654493935,178.1049840590367,4294000
2019-01-03,173.64825439453125,179.71511504533072,173.4565714143435,179.70553601488723,5070900
2019-01-04,181.8715362548828,183.29960115746795,176.7727000522467,177.1656595698297,4452900
2019-01-07,183.2709197998047,184.9960961037069,181.82369628556012,182.7054498132266,4219200
2019-01-08,184.60545349121094,184.80707812661646,180.97632725198477,182.32044265549106,5069700
2019-01-09,187.95616149902344,188.70502788984462,185.56554054385785,186.54483299714678,5471500
2019-01-10,189.08905029296875,189.36748360693593,183.68377277247393,185.32551263162603,3693600
2019-01-11,188.08094787597656,188.8490200401737,186.93845719583305,188.2441754800408,2500100
2019-01-14,187.62969970703125,189.1370425603348,186.25678302895915,186.62162059085583,3336500
2019-01-15,188.67620849609375,189.47308207193134,185.39271432984307,187.42809308032696,3783000
2019-01-16,189.87631225585938,190.4907670332635,188.6569982921915,189.6266803886356,3546300
2019-01-17,191.35487365722656,192.40136462144716,189.23309030039468,189.56911184820564,2764100
2019-01-18,193.93748474121094,194.4463294450364,192.03651745805612,193.1502067316646,4866600
2019-01-22,191.49887084960938,192.97739769952304,189.76110187796104,191.81568652120941,4457700
2019-01-23,190.43319702148438,193.03502369560155,188.75304534751027,193.02542810280673,3086100
2019-01-24,191.81565856933594,192.20929751576062,190.02989724993398,190.5003448675944,2792000
2019-01-25,194.8399658203125,195.7520451082703,191.81568441317913,194.11990091143667,4677500
2019-01-28,192.1708984375,192.9581616721233,190.15471112608247,192.7277503106511,3277200
2019-01-29,191.2876739501953,192.66059086032558,189.77073524929838,192.19975335934424,3661900
2019-01-30,195.87684631347656,196.65451401260609,191.92128008308205,192.42052915094874,4079500
2019-01-31,202.7030487060547,204.4696041869084,199.69797355075838,201.42613202105267,11316200
2019-02-01,205.23770141601562,206.07297200836283,202.7702720044846,203.52874856629504,6470100
2019-02-04,206.3321990966797,206.37059611187803,204.69044468911363,205.79455298535635,4397500
2019-02-05,207.2442626953125,208.05073180131026,206.37058050560324,206.41858775828908,3091500
2019-02-06,206.70663452148438,207.2826776543185,205.15128436838893,206.65862726464204,2698000
2019-02-07,205.42965698242188,205.89049428250522,203.15425724789714,204.94001826669293,2742900
2019-02-08,207.93556213378906,207.9835693947908,203.5383636516456,203.5383636516456,3248400
2019-02-11,208.4347686767578,209.92289091534124,207.70509361809113,208.32915858404323,2974400
2019-02-12,210.17257690429688,210.7294289320833,208.95326272880322,209.83654070915958,3411400
2019-02-13,211.73748779296875,212.44795713569818,210.6814013453942,211.01742285835758,2996600
2019-02-14,211.03660583496094,212.1599052533212,209.89410058515878,210.74857696236054,2875600
2019-02-15,213.24484252929688,213.47526859500888,211.67989663040817,213.32165121786753,2758500
2019-02-19,211.78549194335938,213.1008204997789,211.5646761352521,212.59196114234467,2836700
2019-02-20,212.2847442626953,212.97600777218778,210.64298976521107,212.3903543724722,3103600
2019-02-21,210.55654907226562,212.2078988760272,209.89408710276456,211.42063563456284,3528800
2019-02-22,214.40652465820312,214.7041491298615,210.93100155913328,211.21903043968433,3295300
2019-02-25,214.40652465820312,216.40349169057362,214.09928994568003,216.01946294967715,3359200
2019-02-26,215.05935668945312,216.19225162584502,213.18719111250957,213.29280120401694,2852300
2019-02-27,215.60659790039062,215.64499490836465,212.88955178138391,214.13765231223252,2119500
2019-02-28,215.7986297607422,216.59550325113634,214.73293324343868,215.1457633741365,3240400
2019-03-01,218.17959594726562,219.04366769507624,216.36503355706066,217.82436872979397,3001400
2019-03-04,217.25794982910156,219.37974726605768,214.7425280932289,218.23724208075487,2977700
2019-03-05,217.19076538085938,217.86282298908412,216.29787733369446,217.2003609717779,2779100
2019-03-06,215.51060485839844,217.46917475464613,215.01135580650921,216.8355288365921,2849300
2019-03-07,213.53286743164062,215.48184208695574,211.9295245435112,214.69456403123758,3879600
2019-03-08,213.01438903808594,213.32162375281231,207.31147283135604,209.66369649792694,2691800
2019-03-11,216.63392639160156,217.1043740703142,213.9456811485084,214.04169566245238,2670100
2019-03-12,217.88204956054688,219.09175337050132,217.1907860549276,217.54601339956915,2478700
2019-03-13,219.37974548339844,222.09679179155742,218.7076879239038,219.25492956172226,2690400
2019-03-14,220.3494415283203,221.0215137803971,218.3332687213609,219.57177382779616,2838700
2019-03-15,221.94317626953125,223.46971016356395,219.67737172911396,219.68698196917157,3894200
2019-03-18,221.19432067871094,223.22010371128533,219.96541117219493,223.01847910720147,2734100
2019-03-19,221.78958129882812,222.8360867374978,221.1367294983259,222.2984259815012,3212000
2019-03-20,220.71429443359375,222.68247477356817,218.74611409361933,220.5606770710159,3747400
2019-03-21,226.45556640625,227.61727735472405,219.07249990951777,219.09170573876466,4441100
2019-03-22,221.549560546875,226.58041919616016,221.47275186714268,225.46671531467786,3709400
2019-03-25,221.22311401367188,222.68244949297062,219.42775707285955,221.19431259267805,3506500
2019-03-26,223.9785614013672,224.30500192807548,222.21200584988642,223.6617457647566,3046900
2019-03-27,223.2393035888672,224.8522417794942,220.483845538578,224.58341874772302,2640700
2019-03-28,225.48593139648438,225.93717325432442,223.09531057408233,224.10340439797517,2712100
2019-03-29,226.05238342285156,227.1948888025311,224.6314593795211,227.050881674739,3453900
2019-04-01,229.50869750976562,230.18075517887635,227.48291426088716,228.78863258219874,3475900
2019-04-02,229.71029663085938,230.29594999692955,228.56780597223778,229.68149520709835,3386400
2019-04-03,229.3934326171875,231.31360538451744,228.32775079508477,230.68955509503746,2911700
2019-04-04,226.6380157470703,229.23985659534725,224.42981387782643,229.1726435087896,3096300
2019-04-05,227.1852264404297,228.46214298067986,226.68597746121617,227.74207825383044,2590000
2019-04-08,227.15643310546875,227.16604209722584,224.12792829731572,226.62764515450078,2714500
2019-04-09,226.81031799316406,228.09862705504665,225.93541562881333,226.2142230910771,2491300
2019-04-10,227.91595458984375,228.77162430453683,227.00260158408182,227.8582712987749,1984200
2019-04-11,226.9352569580078,228.81966061799133,225.97382981255407,228.81966061799133,1908200
2019-04-12,229.61767578125,229.78111665610248,226.9737507988053,227.88710376778846,3452100
2019-04-15,229.92530822753906,230.6079279921049,228.04091913728786,230.28104626607157,3437500
2019-04-16,230.82911682128906,231.6751776859498,229.7330900967144,230.74259187019027,2564300
2019-04-17,231.7039794921875,231.93472732565678,229.73305059150942,231.3867067224984,2829200
2019-04-18,231.59820556640625,233.29031221517837,231.18479889792704,233.17494564168936,3016800
2019-04-22,233.67494201660156,233.76146696527158,229.84846491649242,230.55030283940218,2217700
2019-04-23,234.09791564941406,235.0689518461104,233.09802313994257,234.4920896544757,3108400
2019-04-24,235.82847595214844,236.5880116700233,233.44414055811896,234.23251791892932,3255200
2019-04-25,236.13613891601562,237.3283139441609,234.60747316467376,235.2612366293174,3152400
2019-04-26,237.16490173339844,237.6167737807158,233.83837117637623,236.55921245291046,3349300
2019-04-29,237.59750366210938,238.63584677682255,236.37648703598168,237.35714686713544,3274900
2019-04-30,244.4332733154297,247.5002139700638,240.84713905177537,241.40476862631317,7179600
2019-05-01,239.15504455566406,246.36574941663886,239.07812861005434,245.06781667357677,5146000
2019-05-02,237.6551971435547,238.6935403028236,234.85744040915358,238.01092052091172,4747300
2019-05-03,238.38587951660156,240.21260006164758,237.91478956131348,239.02042501130856,3194200
2019-05-06,239.04922485351562,239.4722551093474,230.79056988606078,232.17502720688742,3022000
2019-05-07,235.6073760986328,238.1743852761423,233.2422731127102,237.73213692537732,4257500
2019-05-08,235.86692810058594,238.00129758005707,234.34787141977768,235.10739242507464,3050700
2019-05-09,235.84774780273438,236.0592629995591,230.70412013141362,232.55966792966453,3891000
2019-05-10,237.88592529296875,239.1261745975334,232.02122816921357,234.46324680476914,2816200
2019-05-13,232.0693359375,234.50174593317948,231.0886759434034,232.19431151590607,4136900
2019-05-14,236.4534149169922,237.89555575969624,232.56924069865536,232.78075586253584,3862100
2019-05-15,239.5395965576172,241.35669349673503,234.79015820436737,234.9055247813857,4186900
2019-05-16,243.6448516845703,245.30811644463947,240.67404549369772,240.77980306053524,4911900
2019-05-17,242.8084716796875,244.48134582120787,241.16442451382386,241.42401399690056,3129800
2019-05-20,243.71218872070312,244.5774673415338,239.71264800663678,240.82790709098094,2951500
2019-05-21,245.51007080078125,246.0773093751136,244.0006229295195,245.16395639318222,2881600
2019-05-22,246.99063110351562,248.8750201184967,244.68321179164084,244.92356858122005,2936000
2019-05-23,240.09719848632812,245.836919755593,238.75120634203407,244.92356689552102,5072500
2019-05-24,241.7797393798828,243.59683643579504,240.6741038251499,243.3757122588918,2710800
2019-05-28,243.6544647216797,247.81746052625016,242.90455275172482,242.91417641173285,6252100
2019-05-29,243.77947998046875,244.44286709977334,241.57781813385503,242.5200126879757,4014300
2019-05-30,244.38516235351562,246.18302637619485,243.03915558133042,244.46207828365883,2817400
2019-05-31,241.7893524169922,243.87564785838143,241.16441588159992,242.2604423962057,5041400
2019-06-03,232.9153289794922,243.22182888701272,230.9828657481622,242.0873519262893,5452100
2019-06-04,239.56846618652344,239.7511397349516,232.3962261865688,235.6746970551546,4862200
2019-06-05,246.37535095214844,247.05795606902907,240.50101532928042,241.77010631254092,4742400
2019-06-06,247.88479614257812,248.7212625675269,245.0293704626445,246.4714967906767,3443500
2019-06-07,255.54730224609375,256.57603624776965,249.60569002364846,249.97103700296705,3691800
2019-06-10,255.83578491210938,259.44113692794963,255.04740756294248,258.6239179362732,4469000
2019-06-11,253.48985290527344,257.55669978314177,249.18264927118076,257.1528875228982,3119600
2019-06-12,253.67262268066406,254.0187224576019,251.27864852843527,252.3266302029577,2295300
2019-06-13,251.12477111816406,254.99932117084649,250.21140363385823,254.77818237453386,4331000
2019-06-14,250.06723022460938,251.874718124731,249.41346674511925,249.96145797150993,3158200
2019-06-17,249.20193481445312,251.61509706560997,248.09627009388464,250.9324919885474,3332200
2019-06-18,248.82699584960938,252.13430809135016,245.23126715556725,251.60553481532017,3921300
2019-06-19,249.8460693359375,250.56713970005342,248.33662166535206,248.84617688237685,4326500
2019-06-20,256.49920654296875,257.3741089373849,252.37467506655955,253.32647873787175,4667300
2019-06-21,254.26870727539062,257.8067530882802,254.22064764125804,255.56664014176644,4285800
2019-06-24,255.0665740966797,256.7971603194758,254.90314793556593,255.59537655659958,2538100
2019-06-25,249.7115020751953,256.03768026444413,249.1250162147653,255.77810547795033,3138000
2019-06-26,251.2209014892578,252.5188340043175,249.96143427535424,250.8171185186167,3869400
2019-06-27,251.02867126464844,253.41299216575854,250.3556604255356,252.31698031228137,2186900
2019-06-28,254.32644653320312,254.6244867474508,251.2498664204268,252.94198841649802,4400300
2019-07-01,256.47998046875,259.5757779130156,254.65327425167217,259.5757779130156,2646800
2019-07-02,260.1333312988281,260.16217293752476,256.15300911613514,256.58566303701076,2649100
2019-07-03,262.5465087890625,262.5465087890625,260.3352381174873,260.546753260541,1896800
2019-07-05,261.6427307128906,262.2484050140843,258.7103610629267,261.02740341333947,2561000
2019-07-08,261.0845642089844,261.893140210651,259.38075283399206,259.9968275263427,2291700
2019-07-09,263.1155700683594,263.41397200529497,259.41921081233767,259.7272480943525,2477400
2019-07-10,265.07928466796875,266.73494842397037,263.89528282829866,263.91455351944927,2323000
2019-07-11,267.9093017578125,268.22694500960415,265.753070154672,267.2162325596695,2583900
2019-07-12,269.0836181640625,269.27611939794565,265.9263100431211,268.79482224916774,2299700
2019-07-15,268.9200134277344,270.0943798607356,268.13067890901755,269.96923787898146,3349500
2019-07-16,266.27288818359375,270.1329015621821,265.01189172781534,268.56386781349744,2976000
2019-07-17,264.9829406738281,268.05361864327347,264.97330533111335,267.0140297916452,2318900
2019-07-18,266.4269714355469,266.87939213919316,264.46326993716093,264.7135539703449,3241000
2019-07-19,265.2910461425781,269.02591744738146,265.1177861853992,268.97777009746346,3048200
2019-07-22,268.1884765625,268.91042253715005,265.7435073457794,266.55208331226066,2092400
2019-07-23,268.5350036621094,269.93077751457173,266.5424258868743,269.5264748767926,2275400
2019-07-24,269.76708984375,269.81520781497886,266.04185408827027,267.76490634860573,2805200
2019-07-25,268.9007263183594,270.3927357481334,267.1680389350878,269.5264067445212,2312200
2019-07-26,271.5190734863281,271.730845479309,269.6034902028924,270.10405820960534,2942100
2019-07-29,270.9126281738281,272.73191670302197,269.9403982217492,272.52978006112403,3677700
2019-07-30,267.7552795410156,271.8077940077937,265.1466567697504,268.8911339578999,3957900
2019-07-31,262.0856018066406,268.5446322462793,255.75174273198053,268.24623029240644,5513100
2019-08-01,263.9049072265625,268.86226294335086,261.47917970255554,263.6834999198905,4988100
2019-08-02,259.37115478515625,262.30705688240727,255.74215394981172,261.82575953032944,4438000
2019-08-05,247.23280334472656,252.82547584246106,244.40277275839622,250.27460592649857,6861300
2019-08-06,254.77951049804688,255.2319310974796,250.447835158137,252.007233580336,4918500
2019-08-07,259.2363586425781,259.90055129040485,250.515253604918,253.54742082809466,4476000
2019-08-08,267.6398010253906,267.6782836572236,261.44068967792236,261.82572162863585,4135500
2019-08-09,264.66534423828125,266.5423857083098,262.865268019383,265.20439475669406,3410500
2019-08-12,259.9004211425781,264.69415059680534,258.8319557339367,262.6438203520693,3322600
2019-08-13,264.2610778808594,265.06965376930134,257.9753367099465,259.73687179261407,3899800
2019-08-14,257.15704345703125,262.27805182656897,255.90568270461583,259.72718298446387,3750300
2019-08-15,261.7198791503906,262.93272845990725,258.06200177563096,259.20749178399416,3364300
2019-08-16,264.09735107421875,265.63750778876147,263.5486946635011,264.6941842003391,2718100
2019-08-19,267.6685791015625,268.14987620670024,264.91554438463163,266.63859624631715,2502300
2019-08-20,266.67718505859375,269.1029125918631,265.53169526831454,267.9862994611686,2583600
2019-08-21,271.46124267578125,271.5478726423571,268.8429848626442,269.17989876113813,2492200
2019-08-22,270.2676696777344,272.30839486342103,266.4076853872733,271.55754288993427,2975800
2019-08-23,261.7198791503906,271.5383271671435,260.102697777605,269.52650783025183,4415000
2019-08-26,266.09002685546875,266.09002685546875,262.7690930034241,264.5980169275141,2184400
2019-08-27,266.2922058105469,268.6505451459067,264.6269064423002,266.3884417774959,2169400
2019-08-28,267.8322448730469,268.22691208510514,263.14441504794377,264.9348558300606,2306900
2019-08-29,270.8548278808594,271.4323904193307,268.448341783938,270.4890372939592,2297200
2019-08-30,270.8451843261719,272.375705912294,268.3039503604003,272.0195506809137,2600300
2019-09-03,269.63238525390625,272.2602793401851,268.0826218992696,269.51687859095927,2350800
2019-09-04,275.3983154296875,275.50418673306416,271.59605508527665,272.1928590251769,2631000
2019-09-05,281.1546630859375,282.4830485478702,278.7674468944625,279.43163962542883,3808300
2019-09-06,280.4807434082031,282.1075301924162,279.20047648578674,281.0197938883633,2783300
2019-09-09,272.76080322265625,282.7044223092882,269.6227646704477,282.51189163077163,4795900
2019-09-10,262.143310546875,270.9703138011336,260.2277571604815,270.8162951775773,8683800
2019-09-11,259.85247802734375,265.6761648172981,259.1305319272968,264.6365753586977,6342300
2019-09-12,266.0611572265625,268.3425018626856,262.971236603969,263.16376728572476,5497900
2019-09-13,265.9840393066406,267.7455737864693,262.82673147111143,267.5915551876576,4631100
2019-09-16,263.8279113769531,265.44509260828676,262.5091614934446,263.240742779618,2755100
2019-09-17,265.9167785644531,268.20775858763926,263.70282256574245,264.28035586901785,2929500
2019-09-18,264.80975341796875,266.49429379673944,260.32405951280145,266.41726978597745,2975900
2019-09-19,265.58941650390625,267.745618495229,264.5690688204375,265.63753447205045,2623800
2019-09-20,261.02679443359375,268.1692300196962,260.7765104335872,267.399166078831,5540800
2019-09-23,262.9326477050781,263.50057486130817,259.9004812984724,260.18924786060666,3092000
2019-09-24,260.9786071777344,267.06221125907393,258.99566492591356,265.31991762398917,4120300
2019-09-25,262.54754638671875,262.7785595753234,256.637204385891,260.1410610852823,4083600
2019-09-26,263.6449890136719,265.1369985532424,262.4321106937312,263.00967319732433,2924600
2019-09-27,259.06317138671875,265.3200382668977,257.6770323739477,265.0890248901243,3175700
2019-09-30,261.41180419921875,261.8931014653913,259.2459665014422,260.85348291986844,3128700
2019-10-01,260.8053283691406,263.4139509606757,259.9389992867321,261.33474353726535,3066400
2019-10-02,254.58702087402344,258.8801844043692,252.70031437773562,258.12936181945616,4308900
2019-10-03,258.25445556640625,258.49510416246005,250.6692071186221,254.36556602888277,3948100
2019-10-04,263.8086853027344,264.21298797794117,259.09197743096047,259.4288914309566,2671400
2019-10-07,262.008544921875,263.269541105055,260.2951282425586,261.1614572375304,2861900
2019-10-08,257.3922119140625,261.2568818510775,256.92959504909925,260.0425603745857,2818900
2019-10-09,262.3748474121094,263.2422577000084,259.73414602567493,260.1774688003088,2169600
2019-10-10,263.9071960449219,264.7553121480412,261.43034761268484,261.71946473342496,2194700
2019-10-11,265.9118957519531,269.8536835283722,265.1505146238601,266.19139530231695,3493000
2019-10-14,266.3648376464844,268.4658340459931,265.57454488316716,267.5020709917178,2042500
2019-10-15,268.46575927734375,269.81502129521215,265.95997015175607,267.1646736340861,3006600
2019-10-16,268.1862487792969,268.91871787810646,264.84199087373366,267.05866283687146,2689400
2019-10-17,266.4900817871094,270.2776628243362,265.9310828494528,269.2271648207437,2396600
2019-10-18,260.8232116699219,266.6539666425984,260.1196540208324,265.2661454298591,4052300
2019-10-21,264.3600769042969,264.41790030899887,259.7340280579271,262.075964183463,2921200
2019-10-22,251.79266357421875,265.3720770897091,251.55172288853927,264.93837209080414,5619500
2019-10-23,251.39759826660156,254.61656333433376,249.14239625190467,253.1612717125019,5367000
2019-10-24,259.0112609863281,259.57023048749153,254.00932953750672,254.00932953750672,3791900
2019-10-25,260.3991394042969,262.31701845152986,255.93691180139538,256.611557697381,2760200
2019-10-28,265.9311218261719,265.9311218261719,261.53636482813033,263.3578910451714,3796600
2019-10-29,264.3506164550781,268.2056692564168,263.18444180623567,267.5406702952484,4706700
2019-10-30,267.1068420410156,267.41525318185796,263.1072324844899,264.687817522528,3485500
2019-10-31,266.77923583984375,268.9766143211894,265.09265057617057,266.36482480529514,5356000
2019-11-01,268.93798828125,270.2294562709207,266.1141704336462,268.8898119075975,2880000
2019-11-04,266.3166809082031,272.01252513767724,265.8155346158748,270.4705274961379,3726600
2019-11-05,259.2521667480469,266.91409199096984,258.6931973222304,266.4803870105389,4717500
2019-11-06,260.0810852050781,261.8255234021275,259.13661622995295,260.50514330433555,3742900
2019-11-07,262.9049072265625,265.11190323804044,260.0810593886936,260.23526499236345,4277800
2019-11-08,264.9288635253906,264.9866869608212,261.8544567575572,261.8544567575572,2241300
2019-11-11,266.96234130859375,267.0876351999193,263.16511287350573,263.18437754458984,2132600
2019-11-12,267.0973205566406,269.37178736272375,265.77694039932555,267.5406433488623,2217200
2019-11-13,267.99359130859375,270.2969696432904,265.0348317642687,266.490123343159,3320600
2019-11-14,269.49700927734375,269.49700927734375,266.6731911979553,267.39601333230644,2365900
2019-11-15,270.6053771972656,270.7210240527736,268.0514110990883,270.470465669744,2544200
2019-11-18,270.6824951171875,271.5595230836926,268.31164608294716,269.8536729535967,2715900
2019-11-19,274.97119140625,276.19515970441836,270.75955222748,271.31852176987314,3013800
2019-11-20,275.0386962890625,277.3035452761094,272.6099946469044,274.6724616343426,2903900
2019-11-21,274.1424255371094,276.13739280104113,273.31357397708547,274.2869841197543,2777000
2019-11-22,272.3305358886719,275.01941365917196,271.0198028283326,274.5086204120293,2968100
2019-11-25,277.1877746582031,278.51777188349655,273.419488402143,273.7086054460314,3760200
2019-11-26,278.8937683105469,280.11773684935235,277.39030023973925,278.04565208358554,5712800
2019-11-27,281.1297302246094,281.4188474127435,278.44082272809015,278.55646960334377,2163500
2019-11-29,281.6405029296875,282.38258993276065,279.7129767185424,279.7129767185424,1754400
2019-12-02,276.0891418457031,280.2140456228576,273.6026466606053,280.05984003911163,3062300
2019-12-03,276.68670654296875,277.1782350676668,271.29927508925186,271.97392093053503,2528300
2019-12-04,276.44580078125,279.1250609908629,275.75189018104805,278.0456510375966,2743300
2019-12-05,279.3467102050781,280.40685538276307,276.0217161050009,277.5155663954655,2580300
2019-12-06,279.8768310546875,281.9007396834768,279.1829203651517,281.7176223201466,2425200
2019-12-09,278.5853271484375,280.4164709445445,277.8143285221963,278.710621042837,1903000
2019-12-10,278.1515808105469,279.6550779087761,277.2842001316628,278.52746243803114,2514300
2019-12-11,279.53948974609375,279.7997246199562,277.6697868831377,279.2600196091768,2298100
2019-12-12,281.6211853027344,282.1416255715192,277.82395663126005,279.3948950678996,2746400
2019-12-13,285.3605041503906,285.7845621059448,279.298428323145,280.2525734289942,3565400
2019-12-16,286.1990051269531,288.62770631060516,286.10262296047824,287.30732651214447,4210700
2019-12-17,285.2738037109375,287.6832108368745,283.1246019663868,287.6832108368745,3354500
2019-12-18,284.0594787597656,286.5267095265922,284.0594787597656,284.50283088740485,2902700
2019-12-19,286.7483825683594,287.3748225887301,283.45230041601025,283.81853503423906,2536900
2019-12-20,287.7507019042969,289.6589336612159,286.0544697544043,289.6589336612159,5099400
2019-12-23,286.49774169921875,288.964971982794,286.3339185025052,287.9144741161839,3590500
2019-12-24,286.7001953125,287.5001055706257,285.8520792628139,287.1627826765402,641100
2019-12-26,288.3578796386719,288.5217028657697,287.0085880109627,287.3073521655156,1369200
2019-12-27,289.8420104980469,290.6033913333403,287.3747801218184,289.1288354490186,2042600
2019-12-30,286.93157958984375,290.1408980880149,284.57999504112286,289.92886900864767,2717600
2019-12-31,287.7699279785156,288.0976037977585,285.05210985151115,285.37016804281285,2478600
2020-01-02,292.3960266113281,292.53093811690076,288.6469749888447,289.57217909409826,3272400
2020-01-03,289.5433044433594,291.46121276968677,287.7796311346409,288.608453178161,2501300
2020-01-06,290.3142395019531,290.41059223953454,285.2930148177738,286.58445326541164,3307200
2020-01-07,289.3312072753906,292.38634813755885,289.0131785086746,290.8057631081204,3182000
2020-01-08,294.4363708496094,296.22171687475486,290.0068007515905,290.2673533040799,3224400
2020-01-09,298.296630859375,300.072317360664,297.2543615199721,297.5052836666721,3292600
2020-01-10,300.29425048828125,301.04698738034404,297.9491595025508,300.68989458265,2948000
2020-01-13,304.19305419921875,304.6080476071391,301.96379360599445,302.3112265229795,3236400
2020-01-14,299.7828063964844,305.3607878969903,299.03003997663563,305.12915613282325,4951400
2020-01-15,303.2665100097656,304.69479248104597,300.16871237812614,301.2785123320461,4664200
2020-01-16,309.1050720214844,309.1340223030595,303.9806660260525,306.4029475713133,3323300
2020-01-17,312.3476257324219,312.7046889934937,308.0820980668549,310.19555680498047,4821000
2020-01-21,310.67822265625,314.27786608831684,310.2535987331284,311.1414567862805,5998600
2020-01-22,312.97503662109375,315.36836872651713,312.7916749563135,313.59268211318675,3518500
2020-01-23,313.6215515136719,313.8821040722813,311.0545183198122,313.640841886215,4188300
2020-01-24,312.3574523925781,315.65790379284687,310.417694294428,315.1560888676315,3634700
2020-01-27,304.73345947265625,308.19798124990535,301.57776039027556,304.0868932469133,4367500
2020-01-28,309.0761413574219,310.2824522511981,304.434259394247,304.7623724232402,3486200
2020-01-29,309.1244201660156,313.10041627167976,305.6984794606766,311.71074372685246,4389400
2020-01-30,313.1197814941406,313.3514132742827,306.8952332896438,307.8506223484879,3512100
2020-01-31,304.89752197265625,313.1197271933598,303.50784933662857,311.84588515279466,5586800
2020-02-03,313.1776123046875,314.10408031693635,307.30046890331596,307.6575322315792,4240100
2020-02-04,317.616943359375,320.1453671959191,314.88586746557814,316.7676954705595,4158200
2020-02-05,316.84478759765625,323.2913056693427,312.8398414922406,323.2913056693427,3868000
2020-02-06,317.79052734375,319.6530937304483,316.2271531510094,317.80984716649203,3422000
2020-02-07,315.5709228515625,318.3213175188989,314.4804131154894,316.5359715452982,2584200
2020-02-10,318.7363586425781,318.7363586425781,314.1330858600841,314.2392271056655,3848100
2020-02-11,319.35394287109375,323.79314352645304,318.1379720310699,323.29132878262516,3449300
2020-02-12,322.480712890625,322.76058529092984,317.71336942783,319.25745340926545,2451000
2020-02-13,324.10198974609375,326.02242745919847,320.5216668969889,320.69536861505867,3001000
2020-02-14,329.03338623046875,329.12023708468286,325.2503821359766,325.66534603420547,2716300
2020-02-18,329.3132019042969,331.10820776231134,328.49293408764004,329.6799251145874,3597300
2020-02-19,332.5172119140625,335.1035356278283,330.65467479973535,331.96712703026054,3040300
2020-02-20,332.4111022949219,335.11322740941785,326.3505964373052,333.6559941596602,4316000
2020-02-21,327.82708740234375,331.87064420898224,323.88001191443203,330.57745290700046,4997100
2020-02-24,313.3224182128906,317.8291797797352,302.8709228374729,306.41266502028606,7816000
2020-02-25,292.3036804199219,311.93277184505195,290.2481215158717,310.10881525662796,12715700
2020-02-26,287.6231994628906,297.1289375819229,287.4784480094956,291.4447850873039,9403300
2020-02-27,275.8302307128906,287.0537519773742,271.12078827284716,275.0678339819866,13814600
2020-02-28,280.1054382324219,280.24055921247196,263.989110109296,265.28230152908685,12846000
2020-03-02,296.0191345214844,296.23144648933845,279.32379782999567,288.4435230820093,9688100
2020-03-03,281.7942810058594,303.59473229339665,280.6651608256004,303.59473229339665,8051100
2020-03-04,291.79217529296875,292.2167991709031,282.5180693724861,288.6557663247003,6463800
2020-03-05,280.568603515625,288.26967286379227,278.16561235991225,285.3745269251556,6621300
2020-03-06,276.97869873046875,278.75438520131326,268.88192419096237,272.80968034624823,7061500
2020-03-09,252.85243225097656,269.480203354292,252.0514252964537,255.73791858733702,8498300
2020-03-10,270.7638244628906,271.0533274033191,253.67278423956054,266.7588767151747,8131400
2020-03-11,260.3315734863281,264.4619811687047,254.1069969513504,263.410081511732,8366800
2020-03-12,233.05929565429688,253.31566145062817,232.5092107453933,235.98339247142445,15031500
2020-03-13,260.5728454589844,260.5921358333483,236.9194890800851,249.73533643558477,9934900
2020-03-16,227.41372680664062,248.72201920813086,221.24706602526814,226.2942814737991,12111500
2020-03-17,229.56578063964844,241.74469005312736,223.85269432241583,232.07489832786956,12665200
2020-03-18,219.9635772705078,221.09269738321305,205.76771693597013,214.5689577341465,11352800
2020-03-19,219.21087646484375,230.16418860522103,204.15612076243133,216.1806231661464,9126400
2020-03-20,204.03062438964844,227.77083179083598,202.66025680119282,227.77083179083598,10518600
2020-03-23,196.1944122314453,208.14170564638098,193.0001032508867,196.17510713346854,11588700
2020-03-24,228.78411865234375,230.10623075324355,207.48548525998575,208.3733283600877,11654800
2020-03-25,247.5157470703125,256.9925046786797,231.9591491286362,239.23561119655847,12642700
2020-03-26,253.98146057128906,256.5195428725118,243.79055063055898,248.88600560092402,9957900
2020-03-27,238.9943084716797,247.12003161352953,236.14741770642732,241.49379583585394,7819300
2020-03-30,244.39865112304688,245.36370009095626,236.09922410883487,237.25729465070904,5765800
2020-03-31,233.11721801757812,244.56269895777933,232.65399865263717,243.63626022789742,10373900
2020-04-01,220.61984252929688,228.8131134709615,219.1626239061884,222.86840836494642,6646200
2020-04-02,230.53089904785156,231.00376361142418,219.40388577641477,220.40753021025319,6446600
2020-04-03,228.74554443359375,231.49593974703578,222.26041451020615,228.69728904247623,4163000
2020-04-06,256.6451110839844,257.7742018231994,241.2718741944445,243.19232683850794,8636700
2020-04-07,250.02479553222656,272.9833115521234,249.44578989314564,271.7673408081573,8627300
2020-04-08,261.8843688964844,262.7832451983951,250.24720374704754,253.72675821823282,5690100
2020-04-09,260.3861083984375,266.76528413576403,258.7623267915506,265.9243982856435,6662900
2020-04-13,254.5289306640625,259.70960631716105,247.19288722784756,259.22633576539596,7114400
2020-04-14,261.6620178222656,266.4174131953769,260.1928859125741,260.8501268066602,6354400
2020-04-15,248.53639221191406,254.1519936341476,247.06723086452507,251.79363099422753,10240700
2020-04-16,238.50367736816406,249.74456986851197,236.52227990477033,249.74456986851197,11455400
2020-04-17,251.27169799804688,251.97728363958467,243.09475357335685,249.60924607953538,10412100
2020-04-20,243.307373046875,248.0434330147368,241.316300854561,245.99435597121564,6042700
2020-04-21,237.140869140625,241.04568876712878,235.93269274343058,238.39736079510962,5964600
2020-04-22,248.31411743164062,249.94757451277104,242.6018550734003,243.04647054005525,5083200
2020-04-23,247.29922485351562,253.6397473302527,246.7289691016251,250.71112875900386,4270600
2020-04-24,250.1021728515625,251.1363493631648,244.37057672584592,249.78319778535024,3824200
2020-04-27,256.2493896484375,256.82932024832775,250.8271078562281,251.51334382624222,4099900
2020-04-28,255.74679565429688,263.5274401577688,254.16165400089906,261.3527225578114,4344000
2020-04-29,274.19805908203125,275.4642256190166,267.0166654722451,269.1333929340898,8505000
2020-04-30,265.769775390625,272.2069418797754,264.26197381621034,269.1139989342381,5898900
2020-05-01,259.7481994628906,264.82253933315286,258.2693930234166,259.7095590632554,5067800
2020-05-04,260.2509460449219,261.0338422169215,254.21006231251545,256.6167409526253,3747100
2020-05-05,264.81298828125,268.5534982838845,264.15571779905036,267.57728216043256,3926200
2020-05-06,263.324462890625,267.69321809775596,262.464227142701,267.69321809775596,3261900
2020-05-07,269.1527099609375,272.9995542815058,267.96385375093035,268.5147892748235,4371400
2020-05-08,272.9898986816406,273.93711967566435,270.14826519606606,273.91776997392117,3215400
2020-05-11,271.82037353515625,273.347495547304,268.3408195559971,270.1482467558187,4056900
2020-05-12,263.0055236816406,272.88357637274373,263.0055236816406,271.0665036115302,4031400
2020-05-13,260.1541748046875,266.8329765440059,255.35046493413245,263.1890981564088,4802100
2020-05-14,268.03143310546875,268.2730683110737,255.1281072268697,261.15934201637805,6294200
2020-05-15,269.60693359375,269.8002535813711,264.14598315307404,266.80397075217627,3813300
2020-05-18,280.2003173828125,282.3170451926457,275.46427090514675,275.9088716447808,6037800
2020-05-19,281.00250244140625,287.8552752476556,277.8708892440892,279.49470069682496,5211800
2020-05-20,288.8024597167969,291.0738371290177,285.50658062729974,285.8545212539416,4592200
2020-05-21,284.4144592285156,289.89473201349733,282.95497239147625,289.35347123217815,3944100
2020-05-22,285.04266357421875,286.8694110703478,283.2062412273893,285.1876388522455,2897000
2020-05-26,293.1807861328125,294.79492212750375,291.83730985866447,294.4276319313176,5246900
2020-05-27,289.7399597167969,294.53402389673823,282.3459276100671,293.82843840945355,5147900
2020-05-28,292.1853942871094,299.62777335947567,288.84116997895495,290.90958231465817,4520800
2020-05-29,290.8225402832031,294.2440742402595,288.870108554333,291.8953866519858,4930100
2020-06-01,291.31561279296875,292.9200752808879,287.9327174199663,290.73568197258123,2841800
2020-06-02,293.43212890625,295.86780119460536,291.59570721686805,294.78528017755855,4131300
2020-06-03,296.7958068847656,297.8009884733472,292.09840141712135,295.25900994989007,3429700
2020-06-04,291.2864685058594,296.36080896586805,289.3243913745157,295.22029761782414,4147700
2020-06-05,301.4448547363281,301.7348052790316,295.42329282989857,296.5444840891765,5058200
2020-06-08,300.0240173339844,303.0879360104598,296.77642399784037,300.6522631307213,3724300
2020-06-09,301.06787109375,302.98163304785805,297.8879721830585,299.41509410858424,3314800
2020-06-10,302.67230224609375,305.4849400398737,299.908009199249,301.9377511582798,4089000
2020-06-11,281.5050964355469,296.23517341616326,281.3214512661355,294.80471146053003,6505300
2020-06-12,287.8262939453125,289.95266675250264,281.15716598774776,288.7928350839884,4512200
2020-06-15,287.2269592285156,288.9184057269428,279.08867224048635,280.29684831079146,5932900
2020-06-16,294.29248046875,298.7482213222829,290.06867057199804,295.67462733036024,4013100
2020-06-17,293.5965270996094,297.19206108727104,292.9392567496659,294.79502859666565,2566400
2020-06-18,294.6499938964844,294.8916291170824,290.44553515878204,291.7310215539091,2776600
2020-06-19,286.57940673828125,299.14443974872864,286.57940673828125,299.14443974872864,4533500
2020-06-22,294.25384521484375,294.7467907326101,287.7683611418514,289.5757887116607,3489200
2020-06-23,296.6121520996094,300.04336137504555,294.2344691354944,296.75712737245266,3801500
2020-06-24,284.1727294921875,295.2975963697585,283.2545037415126,294.79500566735726,5086000
2020-06-25,288.03887939453125,288.40616967681353,280.94447232549106,284.31769081905054,3294800
2020-06-26,279.658935546875,288.1354884720265,279.49464011479813,286.94666206369135,4922500
2020-06-29,283.12890625,283.3415464935693,275.60921690413403,281.5921092836793,3642200
2020-06-30,285.80621337890625,286.67609446446477,281.2731332869864,283.28352578464376,4283500
2020-07-01,291.09320068359375,293.12291342859993,285.2456092379268,286.057500235228,3801300
2020-07-02,292.3013916015625,296.62183178163815,291.2285155720561,294.1474592666626,3290100
2020-07-06,295.345947265625,297.0373940546629,293.02625471138555,296.3897985912609,3013300
2020-07-07,289.87542724609375,297.49177799870176,289.3824817060817,293.045681775471,3633100
2020-07-08,290.4946594238281,291.8399595740965,287.83312242679244,291.23022091812607,4115000
2020-07-09,285.1136169433594,291.04643165446885,281.21325527960227,289.9818105786283,5042800
2020-07-10,286.16845703125,287.40728036981426,282.1229277967377,284.54250693736157,3030900
2020-07-13,280.845458984375,289.01396273829977,280.6906023331292,288.278401028854,4853700
2020-07-14,289.3334045410156,289.47857344202953,279.36471665696394,282.60695994709675,4795900
2020-07-15,295.8855895996094,296.9018013487735,291.6948901858399,293.25308547267656,5257300
2020-07-16,289.7204284667969,293.7659579283752,289.294580151275,293.2239745333255,3312100
2020-07-17,294.2789611816406,295.42099571962336,289.7785488145232,292.0239258808482,3169800
2020-07-20,301.9247741699219,304.8573030910418,292.2077649969259,292.2077649969259,5279400
2020-07-21,297.7051696777344,303.94766920691427,296.4469701847367,302.93145728278273,3562100
2020-07-22,303.2894592285156,303.4830374110309,298.2180298341603,298.2180298341603,3303100
2020-07-23,299.9311828613281,307.03506742789807,298.7891479920632,303.4637643662341,3118500
2020-07-24,297.04705810546875,300.73449625435234,294.743612850073,296.6212095942581,2500300
2020-07-27,298.92462158203125,300.0279644025467,296.1759818395538,297.1825355385672,2311600
2020-07-28,296.4759826660156,300.22151755748513,296.18564486166474,298.5761912371221,2116300
2020-07-29,299.35040283203125,301.63450153555306,294.3370405450595,294.704821402601,3542400
2020-07-30,299.06005859375,302.757183558829,293.2917887109865,294.2208990695793,3941600
2020-07-31,298.60516357421875,300.11497891795295,295.7790815378614,300.0278775945703,4684400
2020-08-03,302.5345458984375,303.41527640135666,299.3503709318656,300.99569684472704,3907800
2020-08-04,304.2767028808594,305.5348726095393,301.09252747497663,302.44748630645205,3409200
2020-08-05,317.4488830566406,319.0748336617324,305.70907664956616,306.19299262983543,5677200
2020-08-06,319.5200500488281,320.56529554562087,315.41642254909954,316.8681704554647,4839800
2020-08-07,317.46820068359375,317.7682262016696,313.50977186315225,317.44885467903185,3662500
2020-08-10,312.4934997558594,319.1328109500033,311.506292532373,316.66485196304546,3752100
2020-08-11,317.9714660644531,323.78811506553546,313.1709990974543,314.54533324155955,5273300
2020-08-12,317.0907897949219,320.73950565136784,315.7067971806721,318.08765553233155,3125900
2020-08-13,315.6971435546875,319.2200369116141,315.14547218918193,315.4454977663747,2526700
2020-08-14,316.2875061035156,317.100511027324,314.36152975127794,315.19388068340913,1444900
2020-08-17,319.60711669921875,320.5749485317788,316.1712959721005,316.48100924713174,2904100
2020-08-18,320.352294921875,320.7394216973841,315.8518833928373,319.5780413708568,3021700
2020-08-19,321.70733642578125,323.7010678932529,319.3845456374139,319.42326718572144,3421000
2020-08-20,326.468994140625,327.12711260399834,319.5683494359893,319.5683494359893,2966000
2020-08-21,326.2561950683594,327.90149185757554,325.16254010900036,327.1272380198139,2680900
2020-08-24,332.58575439453125,332.769615274833,327.8530424240853,328.443405681189,2753900
2020-08-25,336.47637939453125,337.25063295635186,332.28565150590396,333.62126400554257,2862700
2020-08-26,339.7283020019531,340.957467269929,334.38588119009694,336.8054606487807,3512000
2020-08-27,344.54815673828125,346.4838205401817,339.3024948393413,340.4155251541426,3811700
2020-08-28,354.3426208496094,355.4362756542875,344.70302311416623,345.98056834808506,3544700
2020-08-31,346.667724609375,354.83622853778513,346.18380863985254,354.83622853778513,3948200
2020-09-01,345.41925048828125,347.8775521493208,342.18669500664004,346.2031920808046,4409600
2020-09-02,349.0970153808594,349.9680582765922,344.81918493077404,345.89349381302594,4127200
2020-09-03,332.779296875,347.3935635904932,330.28230371943414,346.93868144350097,6297400
2020-09-04,324.2333068847656,335.827911734081,316.04542944662234,331.96627270713253,6571200
2020-09-08,319.2684326171875,324.9108803180347,316.3842825544246,318.1844654766802,4425700
2020-09-09,328.7144470214844,331.7340778818752,321.6782900700607,326.5368252045618,3344900
2020-09-10,322.1718444824219,334.02778367077605,320.48782665327246,331.48238138867816,2845900
2020-09-11,319.52972412109375,323.943035612316,316.78108482644745,323.943035612316,2920400
2020-09-14,327.7079772949219,329.062936420061,323.27528943480996,324.19474180681175,3416100
2020-09-15,328.23052978515625,332.8664233915303,327.64013695842675,331.7147010499679,2396400
2020-09-16,330.8533630371094,334.90858133203955,328.85963155271503,330.30169172862196,3049000
2020-09-17,328.5111999511719,332.6632073910071,325.1915433679043,326.294885995843,3713000
2020-09-18,324.47528076171875,330.16613615650516,322.6460645837313,327.3303666921773,4006000
2020-09-21,317.3036193847656,321.00074345823055,310.4900761478682,318.871501966738,4466000
2020-09-22,324.5237121582031,325.22055230792216,314.65181495983126,318.9102989502729,3375300
2020-09-23,314.09051513671875,324.38826170733,313.0646155882188,324.06886060991883,2893900
2020-09-24,317.6521301269531,320.1394654373765,310.84827239814547,312.80331192681695,3706300
2020-09-25,321.1073303222656,322.7526566931244,311.73872275973775,315.17451487219455,3077500
2020-09-28,327.50469970703125,329.61456647537256,325.00767649218807,325.7819303134118,3122500
2020-09-29,325.4141540527344,329.7597101485095,325.0173394005489,327.50467465318343,2679500
2020-09-30,327.2917785644531,332.5954793152559,325.5980724706389,325.86906426421353,3285200
2020-10-01,332.3244934082031,335.5473907439045,329.33389585388784,331.23083844251136,2503600
2020-10-02,327.93048095703125,331.5888844833892,325.20121735245914,327.3884974372661,2184600
2020-10-05,332.2082824707031,332.2082824707031,328.06596333465967,330.6887793777821,2081600
2020-10-06,326.5755310058594,335.2182633155916,325.4044626049115,331.0565977040917,2553400
2020-10-07,332.83740234375,333.56327630765867,329.3919229579344,330.78560333151006,3068200
2020-10-08,334.4361572265625,336.89732110345096,333.55440108227805,334.30051835759195,1991800
2020-10-09,341.4514465332031,342.3913082940628,336.2287437832962,337.1880036474508,3116500
2020-10-12,341.1122131347656,343.98032247345986,339.9300823930319,343.98032247345986,2942900
2020-10-13,335.10479736328125,340.58910918479046,334.31024383815844,340.5212749538031,2523800
2020-10-14,332.0622253417969,336.41284132044115,330.59908794698885,335.02723719663527,2234300
2020-10-15,328.0604553222656,329.0681513904198,322.4889410791371,327.7988174676078,3727300
2020-10-16,328.8645935058594,334.27139988478615,328.6998870778783,329.4459746693307,3324600
2020-10-19,321.3746643066406,330.7057152114975,320.1731349649504,329.56235061804404,2937600
2020-10-20,321.4230041503906,326.34530168774927,321.3842375199398,322.70203682279384,2677800
2020-10-21,323.0703125,325.880287596436,321.01609464639716,322.1691581852906,2725300
2020-10-22,323.2446594238281,324.96940489343734,319.0296827580718,323.0217882560251,2256000
2020-10-23,319.3785400390625,325.26982691708497,318.1189052529861,325.26982691708497,2945400
2020-10-26,308.1870422363281,317.0820771738134,304.4759429388003,316.2778543580999,5173300
2020-10-27,307.2666015625,309.6405631512735,302.66404590407825,309.0010466060902,4314900
2020-10-28,282.335205078125,292.6255422635668,279.6415009381124,292.32516741693144,11518200
2020-10-29,284.07940673828125,286.1335951898264,278.62416256405925,284.0988048442324,9582300
2020-10-30,279.6803283691406,282.79067835062835,272.47127134212326,280.8527604308985,6892800
2020-11-02,280.968994140625,285.687818928657,279.1764143845447,285.1064377144854,5094900
2020-11-03,286.22076416015625,291.01709264614203,282.72280739298026,285.30994049060223,4097700
2020-11-04,297.6641845703125,303.01282702897356,292.8581271573116,295.6196659239562,4790100
2020-11-05,306.7045593261719,309.43703052007646,303.846118744067,305.35772183219126,3794400
2020-11-06,303.904296875,306.665806204497,300.4644748874598,306.17165725168485,2978500
2020-11-09,333.864501953125,345.91835396387523,330.3181085573305,336.1512605099366,10933700
2020-11-10,324.3880615234375,335.12411319614347,323.08966013720834,329.4363291464404,5330400
2020-11-11,322.072265625,327.21743506087597,320.7932327695685,326.9364286978768,2969900
2020-11-12,318.0994873046875,322.75047763722813,316.1712392177971,318.8455749226594,3207700
2020-11-13,324.6303405761719,325.6768033110007,317.17904331717676,320.0471537480805,2393700
2020-11-16,325.0373229980469,332.01381036967484,322.82809756148885,331.19018926857257,3312800
2020-11-17,326.0546569824219,327.2852240915578,320.45407594425706,322.8280369836815,3412700
2020-11-18,325.5120544433594,330.36654798309297,324.4655622745374,326.0837366445415,3203400
2020-11-19,323.5159912109375,328.6320928453445,321.1323606780478,325.07600079290887,2718700
2020-11-20,312.9737854003906,324.75633145801595,312.9737854003906,324.3881222733582,4142400
2020-11-23,321.7331237792969,322.85711965991794,314.30119595123733,316.084076791791,3219000
2020-11-24,331.7618713378906,333.4284523557425,323.7485618419768,326.45196561051955,3529700
2020-11-25,330.7251281738281,333.04092505373694,328.80657850434767,333.04092505373694,2535200
2020-11-27,328.5448913574219,332.2366222888555,327.13019011571896,332.1881566031577,1402300
2020-11-30,326.06439208984375,327.55656761136026,319.93086525729643,327.1786889900322,4276200
2020-12-01,328.36077880859375,331.99437448491005,327.1398811988628,329.1262645774154,4210400
2020-12-02,329.6593017578125,329.67867029659993,323.63237432264515,326.3260797285071,2972100
2020-12-03,324.7369079589844,331.69402593592076,323.7485509315988,328.0507309194617,3080300
2020-12-04,333.6609802246094,333.6609802246094,325.37636445614663,326.4616231886824,4323600
2020-12-07,330.376220703125,337.18800063759767,329.4944645491825,332.70171616623577,2389800
2020-12-08,330.2115783691406,332.18823363296053,326.24853921777174,327.7794815774305,2224600
2020-12-09,326.3937683105469,331.1028937494316,324.3008138142842,329.84325917375526,2962600
2020-12-10,321.2292785644531,325.12451268798344,320.9095351038545,324.2621249801412,3506800
2020-12-11,317.256591796875,321.2777660244152,315.425244960339,316.93681874432866,4179400
2020-12-14,320.8707275390625,328.23482094894695,317.4212362882176,318.7874718589034,3552400
2020-12-15,323.2931823730469,324.81445518431855,317.450360461684,322.8184018991951,3104600
2020-12-16,321.791259765625,323.63227577965705,319.0297209594374,323.59350914359806,3393300
2020-12-17,326.4422607421875,327.82786492854507,323.0509044545744,324.1555318391314,2725500
2020-12-18,329.7657775878906,330.99637434632683,323.9714221474569,326.06437697169173,8443700
2020-12-21,323.9908142089844,325.715560036113,317.08213184803617,322.86681822710653,3642500
2020-12-22,321.9268493652344,324.8143571189688,321.3067311345965,323.7872631976976,2403100
2020-12-23,319.0104064941406,324.8047628301497,318.81660285127805,323.7583000414309,2760600
2020-12-24,325.5701904296875,325.9287004914755,320.0955785582441,320.386254400159,1308900
2020-12-28,333.7772521972656,334.8624813648693,326.41315911245556,327.37241889984153,3449100
2020-12-29,335.8993835449219,337.92450462636305,334.05836706818326,336.98461306509256,2822700
2020-12-30,344.5133361816406,346.7128918805816,336.4322222433597,337.85659305512416,4200600
2020-12-31,345.8602294921875,348.2535594165313,342.2847683993362,344.0095142448358,2881700
2021-01-04,340.5793762207031,347.0132779245702,336.5775709748729,346.88730852821726,4638400
2021-01-05,336.63568115234375,342.0424582750621,334.717132072527,337.97281946464216,2990700
2021-01-06,336.76165771484375,343.04052210388863,333.86448003322886,339.542594628654,3966800
2021-01-07,339.4296875,341.8648669033031,337.99382935946664,338.5468431822331,3100200
2021-01-08,343.3008117675781,344.3971282487975,339.07077937708095,340.885025048011,3371500
2021-01-11,337.81915283203125,342.8835305699379,337.42137257661454,341.61255825700346,2403000
2021-01-12,332.69659423828125,337.62513198816424,326.011990488054,336.73254677273405,4858100
2021-01-13,336.0048522949219,339.3326162227861,333.9674832713515,339.1870644858816,4125700
2021-01-14,317.18328857421875,339.15802234359035,316.95045312482563,338.29457114691536,8712200
2021-01-15,313.6226806640625,319.86097639724306,312.2838177747402,317.7750801253358,7911500
2021-01-19,316.2228698730469,319.31776991405934,314.98103123896874,317.2415547559616,4625200
2021-01-20,324.9254455566406,327.85540066432236,319.3177639163673,320.1521108169471,5081000
2021-01-21,324.46942138671875,326.8172579161175,321.8596153547837,324.4403169539664,3484900
2021-01-22,319.1818542480469,325.1582105184797,319.1042523051048,320.5401399155064,3846600
2021-01-25,319.3760070800781,320.1133590120536,307.77257353924756,317.74609927991554,6257700
2021-01-26,317.93035888671875,320.68568699568476,316.10640220427666,320.16177761486836,3503100
2021-01-27,306.0843200683594,313.37043469630805,303.7849813683558,310.8091265291704,7449400
2021-01-28,314.6123046875,319.19158946535606,312.38088596595406,317.3385283565617,6906400
2021-01-29,306.8605651855469,315.9706090049348,303.06712909456127,314.1466520499066,7627200
2021-02-01,311.9734191894531,313.87497796686733,308.112063158717,311.34280337940805,4930700
2021-02-02,324.4014892578125,326.13813263561724,313.8070616164118,313.8070616164118,5686000
2021-02-03,322.8977355957031,325.98292402075,321.19990786642836,323.8873159562561,4036800
2021-02-04,330.6689147949219,333.0167810199155,325.07094489585916,325.3717005814729,4537500
2021-02-05,328.65093994140625,334.0645719173045,327.3314994569854,332.30853531531636,2964800
2021-02-08,326.9822692871094,331.30929694715326,325.5269881379324,329.8637271467907,2652800
2021-02-09,323.4992370605469,326.1963564149945,320.1617905720234,325.93441651786736,2993300
2021-02-10,324.2462463378906,325.4686916486195,322.3446877716835,325.01270249364626,4246300
2021-02-11,332.64813232421875,339.1677925077217,330.1062462016576,335.1997297947765,5110800
2021-02-12,330.8338623046875,332.89065459995504,326.6620688460046,331.1540110795008,3025100
2021-02-16,331.03759765625,333.7444284914571,327.9912249550119,332.9682905008626,2916900
2021-02-17,327.2732849121094,330.2323740867118,325.82771523878773,328.9323265939647,2267000
2021-02-18,328.36956787109375,329.8151670047886,322.9171202712023,324.51792330983983,2393700
2021-02-19,323.2372741699219,328.89345237359186,321.13195497244516,328.3501499241326,4095800
2021-02-22,330.5039367675781,333.86077580002217,318.9683980859356,320.16173886230695,4940300
2021-02-23,339.97308349609375,343.7179926677586,328.32112328726345,330.4943336000319,6326600
2021-02-24,356.36920166015625,357.7953781575313,340.1185645895247,342.3499835083556,7467400
2021-02-25,343.9992370605469,356.3691222226368,341.70958017568574,353.69139643071304,5207500
2021-02-26,343.3008117675781,348.67565816538945,336.771440014126,346.43449806908666,4868500
2021-03-01,352.0810241699219,355.525207425973,348.4719256256212,349.9272068191655,4382900
2021-03-02,352.0032958984375,355.68028374386114,348.62703408204976,351.20773535888895,3559200
2021-03-03,349.5099182128906,354.5354805070077,344.8530317702997,349.26737142717735,3692300
2021-03-04,339.0804138183594,350.84878885493384,334.40410458201137,349.3644036783228,4572000
2021-03-05,350.1211853027344,351.00405926775505,336.0922857260915,344.33887748736026,4643200
2021-03-08,360.2596435546875,371.05783313495084,351.0040778639766,351.59587791588194,7213300
2021-03-09,365.2948913574219,375.7729313832494,361.6081916641908,363.8202174016825,5832800
2021-03-10,370.3204345703125,372.5518530973222,361.8797948054718,365.37247434981145,4509500
2021-03-11,372.9205627441406,377.8879164984831,371.1936307028612,374.00716767693257,3729700
2021-03-12,371.3002624511719,372.483891788142,367.93371234085373,369.77709134677616,2467500
2021-03-15,370.3786315917969,376.29674913284043,367.3516526193622,371.8824097326666,4216200
2021-03-16,370.980224609375,373.79376185856586,367.4002311028067,371.29069165132114,3445100
2021-03-17,367.3905029296875,373.6191181394963,364.6642791094424,370.4660095580673,3240900
2021-03-18,356.0586853027344,364.2858830224748,354.15712677221745,363.84928696033387,7205200
2021-03-19,345.8815002441406,355.36021995705744,339.7014115865203,353.924332025985,12224300
2021-03-22,347.715087890625,350.8681963027053,343.44627011582287,345.328435659655,4140400
2021-03-23,344.6783752441406,348.5882282416885,342.97086600767415,348.5882282416885,3756300
2021-03-24,348.92779541015625,354.10859113182886,345.3866183069324,346.434407379999,3550000
2021-03-25,347.67626953125,348.75319271541827,343.5917897240973,347.3367276986807,2961800
2021-03-26,355.224365234375,355.68032480726305,346.6090979279485,349.19948124171316,2741200
2021-03-29,352.0906066894531,354.4578656000627,347.91878436309526,353.3809425148437,4054900
2021-03-30,347.52105712890625,353.70114468220174,346.453845317308,350.02412700723426,2885800
2021-03-31,345.4351501464844,350.7226823739274,345.17321025412895,348.8696212184114,4372600
2021-04-01,352.468994140625,352.5660187811382,344.6492877610246,346.39564246697273,3701800
2021-04-05,357.3393859863281,359.47378023713605,353.4780299540955,355.8646823721257,2180300
2021-04-06,358.5520935058594,359.69690730524263,351.6928628405946,354.0213062178485,2661900
2021-04-07,360.01702880859375,362.8111724929298,357.9990525964409,358.1348930069836,2958300
2021-04-08,366.91351318359375,368.438522232002,362.06654199976344,362.3093767026473,3528400
2021-04-09,369.1864318847656,369.4487123278387,363.7080965587282,365.3010767497662,2429300
2021-04-12,368.9533996582031,370.02187847941667,365.3982953855728,367.24383354426146,2896600
2021-04-13,367.2923583984375,369.20589708898416,366.0004611479394,368.19569640063287,2652800
2021-04-14,367.47698974609375,370.0316161434368,364.83494639300966,366.1948151093953,2317400
2021-04-15,375.4127502441406,376.26753319229556,370.0509703551367,370.24524998623,2942200
2021-04-16,375.10198974609375,377.94800586441335,372.67364227798896,377.85086603710647,2725500
2021-04-19,371.20684814453125,376.6269057338412,370.3909270903829,373.86830703374676,3360900
2021-04-20,365.83538818359375,370.38124728946485,362.8533705359783,369.29335242408496,3135900
2021-04-21,372.11993408203125,373.0912729704506,365.8742321437934,367.73918620952867,2466300
2021-04-22,372.37249755859375,378.33653313102917,371.041767897379,372.10052382960765,3713700
2021-04-23,375.9664306640625,378.7056134647149,372.4696047103479,373.3341105562694,2294800
2021-04-26,376.3647155761719,381.67794097980413,376.0053248966196,376.7143833801969,2255000
2021-04-27,377.91876220703125,379.23976863519806,375.0727468769825,377.0931183679744,2270000
2021-04-28,384.3103332519531,389.99267327432216,379.5022221891168,379.5022221891168,4065300
2021-04-29,377.8022766113281,381.14368479521585,372.80958044202805,380.2791789465359,4637100
2021-04-30,371.1097412109375,373.96547997490603,364.8445933905571,371.88680048099366,4043200
2021-05-03,368.5260314941406,375.78193541983546,366.0491287613544,374.42206667158194,3344100
2021-05-04,365.1360168457031,367.37008450375146,360.9301027235546,366.2627735496555,3321200
2021-05-05,358.5600891113281,368.7591485095745,357.48188741776994,367.0981374932481,2993900
2021-05-06,364.7183532714844,364.96118800475915,355.218659691492,360.5027458589839,3787300
2021-05-07,364.640625,367.7877832610919,362.853364942582,366.44733080730055,2935900
2021-05-10,355.8403015136719,365.22343917297815,354.93696341937795,365.0194662968596,3193700
2021-05-11,357.0738525390625,358.35602690706236,348.97289026600487,350.6630399848805,3073100
2021-05-12,346.39892578125,354.9078653084591,345.4470324878017,354.2959169667194,3293200
2021-05-13,349.70147705078125,352.4406603091193,347.6616887429575,349.03125072921097,2626000
2021-05-14,353.4799499511719,354.25700923004433,351.129296721779,352.6251669586654,2959700
2021-05-17,352.887451171875,353.6256783066636,347.7976442351683,351.9161121599591,2511600
2021-05-18,352.66400146484375,359.23995477211463,352.47944471291527,356.4813560102741,3421200
2021-05-19,350.6340026855469,350.7991137342539,345.1847748627888,347.0885912188406,3577900
2021-05-20,357.16131591796875,358.8222970929172,352.1006190402441,352.5377333908195,4087500
2021-05-21,357.064208984375,361.8529029611126,356.928207300859,358.5600792884872,2708700
2021-05-24,361.7072448730469,363.0282517695804,359.04578532726185,359.4731472433224,2351500
2021-05-25,356.6950988769531,363.03794118539207,356.3065692163072,362.43571576495395,3916300
2021-05-26,352.25604248046875,359.30797230661017,351.67323321796846,358.424050359685,3101900
2021-05-27,351.6246643066406,355.89854932543227,350.20651788320856,354.1015665212502,5416300
2021-05-28,350.245361328125,354.9369447322258,350.0899731926331,353.08168390887045,3624300
2021-06-01,349.4780578613281,354.92725527852036,349.2352231177546,354.033640022201,3119700
2021-06-02,356.3356628417969,360.5318537856306,352.4794464238454,353.1108107473927,3531000
2021-06-03,351.4498291015625,356.18024454850956,351.3624121623906,352.9456695846045,2605900
2021-06-04,355.5295104980469,356.1220427363436,353.2760264174248,353.86852901280605,2295200
2021-06-07,353.6449890136719,360.7066404970823,352.8679298929027,357.2583702467688,2133400
2021-06-08,354.79132080078125,357.14194476741966,352.81950365990986,354.53876315499247,3224200
2021-06-09,352.9165344238281,358.7348743435519,352.9165344238281,356.4230831174046,2520900
2021-06-10,353.85882568359375,355.1604461759066,351.58589572483555,354.23766216484535,2460200
2021-06-11,355.0243835449219,356.3356970461052,353.3730954852225,355.06324540264393,2708300
2021-06-14,356.01513671875,356.1219994161945,351.72183521481725,355.5100511426732,2515300
2021-06-15,357.56927490234375,358.18122315867384,352.3434668222748,356.81163173805675,3562500
2021-06-16,353.3925476074219,358.79318985459633,350.9447544563012,358.79318985459633,3081000
2021-06-17,356.7630920410156,358.56976826344624,350.8767803623235,353.08170911229155,3824900
2021-06-18,356.88934326171875,359.76449803787773,351.6246735050337,351.7412294274184,5009400
2021-06-21,362.3967590332031,365.66047254262116,355.7042506751063,358.0548737745317,3094600
2021-06-22,367.2050476074219,367.90441295645815,361.3575671593106,363.27110640299884,3582700
2021-06-23,364.38812255859375,367.86550309629877,363.5624784893689,367.16613783850886,2241800
2021-06-24,364.00927734375,369.16708487944254,362.2122943288808,368.1374679473816,2788200
2021-06-25,368.72998046875,368.7688423284399,362.6299727856292,364.68923634840513,3983900
2021-06-28,357.1418762207031,370.0024232908376,354.6552510319271,370.0024232908376,4800300
2021-06-29,357.4527282714844,360.745581491496,357.36531132443696,358.4337900820917,3394300
2021-06-30,354.62615966796875,359.56057849535193,353.8296545563409,357.4042046827221,2884900
2021-07-01,360.0850524902344,360.5707219633943,355.12152470313754,355.55860944323416,3108500
2021-07-02,364.28125,364.7280576228317,361.48378904452466,362.00832038440444,2786500
2021-07-06,365.3399658203125,367.3991994524176,360.8523850479119,365.8547742283388,2740500
2021-07-07,363.2030944824219,367.3118395099119,361.77522495664294,365.9908326892012,3176600
2021-07-08,360.00360107421875,360.3925884649976,355.58851851039856,357.3876185803156,2809000
2021-07-09,362.6778869628906,363.2030362006556,359.71182507418155,361.617883836287,2404800
2021-07-12,365.225830078125,365.7218060638775,361.8415774702194,364.6812417979336,2648300
2021-07-13,373.15155029296875,376.00094885267345,365.2160831831192,365.2160831831192,5161000
2021-07-14,380.04644775390625,380.85362548272764,372.44165118350276,372.44165118350276,4140500
2021-07-15,379.4920654296875,382.4775657919702,376.7885637795175,379.4045455178773,3773000
2021-07-16,376.46771240234375,382.63325266910886,374.726959068527,382.33178523470576,2706500
2021-07-19,355.39404296875,368.1821927560824,353.37126103329643,367.598696825554,6814400
2021-07-20,364.0880126953125,366.2371923354495,355.2189406603381,356.9013473413622,3542200
2021-07-21,369.6019592285156,370.41884154768496,364.72980894428713,365.6828531555672,2393100
2021-07-22,371.64422607421875,372.32494658591554,366.67482091743824,369.83539168142937,4180300
2021-07-23,382.43878173828125,383.64465150084465,374.4935803333627,374.4935803333627,3720300
2021-07-26,381.99139404296875,382.07894364859635,377.5860462769484,380.8925129420961,2285800
2021-07-27,379.5310363769531,384.40318707296706,375.2715845693901,379.26847657718923,2783800
2021-07-28,372.8889465332031,380.9508402672549,371.8094747894008,380.84385168681314,3372600
2021-07-29,378.1112060546875,383.87802454344614,376.83725538490324,376.83725538490324,3774000
2021-07-30,375.3201904296875,378.29598682068263,372.5388728833138,378.29598682068263,2533300
2021-08-02,364.9340515136719,379.24900526297347,363.51420468769857,378.58769413837246,3430300
2021-08-03,357.4848937988281,366.3053251133474,349.67585350187744,366.29559078271086,6328500
2021-08-04,357.8835754394531,359.09917951931016,353.42958547126995,357.1736519727964,3203200
2021-08-05,361.7054138183594,361.72485279887917,356.9013443028357,358.0683360463487,2562400
2021-08-06,364.22418212890625,365.16749215060315,360.79131714480366,361.1997732035928,2038500
2021-08-09,360.4801025390625,364.1949958679258,358.7393788000181,363.89352841913774,2400800
2021-08-10,357.7182922363281,362.4931893175865,354.09091845061727,362.04585526095303,3225000
2021-08-11,354.2173156738281,359.7799214622391,353.7408083430021,358.4087164170125,3267700
2021-08-12,352.0195007324219,353.22537047652287,348.00314012480527,352.5932622938194,3802900
2021-08-13,352.768310546875,353.49767300837783,350.7066507374805,352.2918032356002,2304600
2021-08-16,353.5560607910156,353.79918163982,346.80702365397974,350.5802639758774,2937300
2021-08-17,353.235107421875,354.4312428453383,349.8897626123367,352.03894232057763,2812800
2021-08-18,351.0178527832031,355.6176797168418,350.6677433689357,351.2415049444237,2774500
2021-08-19,347.4779968261719,350.2301411156735,344.9592687037387,347.0792751218406,2727900
2021-08-20,345.2218017578125,348.4601874342119,343.6074760840671,347.52658219393834,4135900
2021-08-23,351.076171875,352.2723072251808,346.9333839184093,347.6335730142016,3537900
2021-08-24,351.8249816894531,356.0261163648633,351.5235142624422,353.04058572670147,3032000
2021-08-25,349.2187805175781,352.4279637344986,348.6352845660007,352.00006868186426,2340400
2021-08-26,343.150390625,348.34347677098623,342.1195608585401,348.1489682695358,3946300
2021-08-27,345.9414978027344,346.6902992657955,341.97374928692096,342.76145839209187,3698300
2021-08-30,343.335205078125,348.18791675480855,342.55723033671245,345.0370507930696,4032100
2021-08-31,336.70294189453125,345.4455582578386,335.1955748015841,343.2282972690577,6780400
2021-09-01,339.95098876953125,342.36272832045546,337.74343272065414,337.82124800297504,4499600
2021-09-02,331.8890075683594,340.8942099305818,329.99265378714546,340.8650366267705,7412000
2021-09-03,330.86798095703125,334.67039395836025,329.6037349477775,330.5762181805113,5171000
2021-09-07,335.2247009277344,338.424179207623,333.5812018211488,335.39977047213375,4764300
2021-09-08,341.3804626464844,342.3140380769023,335.506656637873,335.506656637873,5054500
2021-09-09,341.7403259277344,343.908974154445,340.29133545216996,341.0595758145012,3716200
2021-09-10,337.83099365234375,345.23157744747647,337.47114989576306,345.16349649262315,3437700
2021-09-13,338.2491455078125,342.30438421300795,336.8292985344517,340.3691519601985,3234200
2021-09-14,336.28472900390625,340.2524776731482,335.74987503501404,340.0579691329129,3281900
2021-09-15,335.26361083984375,337.96711317161294,333.32837860920534,337.45169822023433,3833500
2021-09-16,336.78070068359375,338.11299810137604,335.20528243255666,335.90547161944386,3771100
2021-09-17,333.60064697265625,336.4791889498329,331.39309110336353,334.53422253971826,5527500
2021-09-20,330.3428955078125,331.7238053454329,326.38488086340936,329.01059797008514,3956600
2021-09-21,328.0964050292969,333.73679603215976,327.99915076831644,332.7837814369188,2967300
2021-09-22,333.96051025390625,334.4078442844008,329.22452109538943,329.9635882592856,3238800
2021-09-23,344.3271484375,345.02733755848703,335.7012268339256,336.22634641629094,4783200
2021-09-24,348.30462646484375,350.025911242458,343.0532225174565,344.2882656392417,3306200
2021-09-27,346.9527587890625,352.61261712774376,345.38707536126395,347.22505284945476,4158000
2021-09-28,341.51666259765625,346.2040390125854,339.4452685146612,345.71779738475874,3266900
2021-09-29,343.4713439941406,347.35154246762835,342.7128082847859,343.1017956294595,2808800
2021-09-30,338.1129455566406,346.2040127526403,337.84065145282483,344.97867444655355,4393300
2021-10-01,350.26904296875,353.1864929944991,337.6073205410202,340.2038344443485,5227300
2021-10-04,334.7287902832031,350.7261240304766,330.0025056378205,350.0259348118213,7901500
2021-10-05,333.7659912109375,338.9785172271104,333.49369706905173,337.9962995791703,4724100
2021-10-06,339.0951232910156,339.2798974481269,329.7787188817539,330.6539773850508,3712000
2021-10-07,344.6064453125,348.4915469973122,339.82551544060436,339.82551544060436,3209200
2021-10-08,345.6288146972656,350.89660035834163,344.89853067297224,346.6414835312456,2336700
2021-10-11,338.02410888671875,345.55091321129913,337.7806808910182,344.6453681989727,2769800
2021-10-12,336.2616882324219,340.7991895795204,335.56061442524503,339.4846724766474,3042900
2021-10-13,333.3503723144531,340.3124084907237,328.1215426380196,337.14784389102454,3755700
2021-10-14,335.5216369628906,336.7193133100298,331.87021729941296,334.80109965820304,4083800
2021-10-15,346.64141845703125,347.2353684219291,338.59854907044365,339.82543550984246,4053600
2021-10-18,349.017333984375,350.47790199411367,341.0231667313651,344.6550934977693,3280900
2021-10-19,352.5812072753906,352.76621497781287,348.2092191209286,348.97846010914003,2835400
2021-10-20,347.3911437988281,352.96077641306294,346.64139641981933,352.19156549581743,2796200
2021-10-21,346.845947265625,347.01149138231165,338.1409595063538,345.27828519060733,2516300
2021-10-22,349.24127197265625,352.1331976013587,345.5703589686039,347.30356502017884,2774400
2021-10-25,351.3736877441406,354.7232593030603,349.35812654694786,352.9316328414828,2447900
2021-10-26,347.92681884765625,357.69315013836456,347.43021616183427,353.82751186670953,3320100
2021-10-27,326.8945617675781,341.8897191538226,325.025021836192,338.8517427662332,9652700
2021-10-28,324.2752685546875,341.2762697822381,320.22462353873203,335.1224332397501,9505100
2021-10-29,326.6998291015625,329.26069633417353,322.4057557529559,322.53234306336344,5843700
2021-11-01,325.2685241699219,331.9384581835892,324.1292976218089,326.4369906085701,5126200
2021-11-02,319.8448791503906,326.9432171410753,318.1116732461941,326.320057009114,5375300
2021-11-03,320.7699279785156,320.91597883132874,314.8400256316544,319.86438297574324,3952500
2021-11-04,326.6122741699219,329.7281650775075,320.6726238422143,322.3669032665578,4819500
2021-11-05,339.62103271484375,340.9550134629006,332.0358075591091,333.43795528204,7201500
2021-11-08,340.47784423828125,343.8663425438021,338.5206738615903,338.86147896073805,3862200
2021-11-09,335.58984375,340.99396332240735,330.7212836209841,340.7992090311136,4247800
2021-11-10,348.5304870605469,350.1663161423887,340.31235513443715,340.89658829661863,6337100
2021-11-11,345.0250549316406,350.18574558929754,343.30159564682367,348.95885914381535,4472200
2021-11-12,353.9443359375,354.27539447404985,346.57332846731396,346.6999157903283,4724200
2021-11-15,351.86053466796875,361.3737194015735,351.1789541347253,355.54119435187107,4693200
2021-11-16,359.84503173828125,361.3153464791246,352.48377083508467,355.18094258290466,4969000
2021-11-17,349.7281188964844,358.32598196508656,341.9870973456178,350.12731462907533,11727300
2021-11-18,339.0659484863281,352.9510892584156,335.5216230169409,351.24709348628596,6533700
2021-11-19,330.78948974609375,337.537307751889,330.21500314871463,336.9044008032738,6954800
2021-11-22,312.8536376953125,332.5031674328808,311.3541426871279,330.86730877298675,11378200
2021-11-23,320.35125732421875,321.02312100100073,313.233424774272,316.41745240942754,7116200
2021-11-24,331.06207275390625,331.4125948028749,316.4758566156413,318.3551433181609,6414400
2021-11-26,315.6483154296875,318.2773206944106,310.61420998619616,313.12637453453243,6613900
2021-11-29,314.5186767578125,323.09707584946614,309.88379880488174,321.33465976373293,6362200
2021-11-30,306.64141845703125,312.3278933855152,301.957836057674,309.6404385607976,10237600
2021-12-01,298.228515625,313.55473327635957,297.95587744862763,312.3473398831866,8008800
2021-12-02,311.7825927734375,313.73001676398906,300.86725991135705,301.4514930515889,6717600
2021-12-03,313.6423645019531,314.207134114145,305.7455742830344,311.82152777898824,4732900
2021-12-06,324.5674133300781,327.9072681297587,313.535269259753,316.21297730467325,6055000
2021-12-07,330.5849914550781,333.41849711942297,328.43306640447224,328.43306640447224,4939500
2021-12-08,333.3405456542969,334.9861212282927,325.31716868901344,330.31231575081955,4226900
2021-12-09,335.4632568359375,337.42042751906394,330.0981237737311,331.11076288674553,3389600
2021-12-10,340.72125244140625,341.042564266614,335.7650331381229,337.8780008580016,3405900
2021-12-13,336.2323913574219,340.3414560007862,331.38329629861107,340.01039758211897,4358300
2021-12-14,331.5976257324219,339.05626357856767,328.97833794866483,336.24225121460324,4518500
2021-12-15,337.2451477050781,337.4788290696322,326.70957702824205,331.06207073504845,4918700
2021-12-16,343.6424255371094,344.4700569008339,336.0474546953125,342.4544958003717,5369900
2021-12-17,340.1273498535156,343.5158784456363,335.0737819955482,340.0105091633275,5898200
2021-12-20,328.1603698730469,334.49924377431563,327.39115887638343,332.26943522998175,5013900
2021-12-21,341.5198059082031,342.7466927833243,330.4487030008777,331.3834583881739,3105100
2021-12-22,348.0826110839844,349.19262742243365,337.4691254559134,337.4691254559134,3456400
2021-12-23,351.1011047363281,352.9414349147787,345.6678041570024,348.14104127323674,2627000
2021-12-27,350.8381652832031,351.58791281914523,346.25199012349094,350.53631694306205,2677100
2021-12-28,351.2958068847656,354.5674945888765,348.9881142470852,349.3581295538634,1920100
2021-12-29,351.7923278808594,353.6034174797269,350.7212390085226,352.2694371313584,1535200
2021-12-30,351.500244140625,355.06403320843754,349.6696610408966,352.483702654173,1558000
2021-12-31,349.8742370605469,353.82750578849425,347.40100001928204,348.5402562450279,1984000
2022-01-03,361.1984558105469,362.53243641308677,349.80601423330916,350.3318270008834,4708200
2022-01-04,365.52178955078125,372.34749097989254,361.880086189302,362.2111447284666,6854500
2022-01-05,364.0709533691406,372.4448834900226,362.7175089830729,364.16833052357765,5976600
2022-01-06,360.7462463378906,364.8607047160257,357.3337818455052,359.4690120082298,4781100
2022-01-07,360.4049377441406,362.4914299905267,355.0034864585937,357.2264915454683,4551200
2022-01-10,354.8085632324219,361.63349224683014,340.04720248203796,361.63349224683014,6009300
2022-01-11,357.1289978027344,358.85471891941336,347.18409061964377,354.43801661698217,4131200
2022-01-12,358.12353515625,362.8132341604317,357.8895471033557,359.7127734422611,5783100
2022-01-13,360.27813720703125,368.2340557131842,358.67916977554745,359.39089312285745,3892900
2022-01-14,362.8326721191406,365.4066293901875,355.04248437903084,355.2082457157666,4029900
2022-01-18,357.1387634277344,362.8327302283167,356.06629841639386,361.516488004738,4933900
2022-01-19,351.7080383300781,360.06367728275757,350.71352981271525,353.34601385308036,4464800
2022-01-20,354.8962707519531,363.7394349691458,352.62455771514215,352.78052989210533,5043200
2022-01-21,346.1993103027344,358.9229430316939,345.2535691562339,353.4337465657195,4867100
2022-01-24,340.6808776855469,341.34386346971064,322.32180693263894,334.00219300288,7472800
2022-01-25,330.2875671386719,338.36048180949507,325.0518764677762,334.7335184209033,6994400
2022-01-26,336.0399475097656,345.8970789168499,332.7152291222305,334.772443070039,7438600
2022-01-27,341.7631530761719,350.63556567931704,325.96830735389904,340.34940604852886,8416100
2022-01-28,372.94329833984375,373.1967754144069,346.4918245309055,350.0700198628477,8813400
2022-01-31,376.716552734375,376.88228433313424,366.8789095088528,369.2091195908685,6345200
2022-02-01,382.2544250488281,385.60839169575644,372.8555406577452,376.1120023925713,5841100
2022-02-02,386.8272705078125,389.91800180390226,373.1774109309773,379.553853664512,6115000
2022-02-03,380.3141784667969,383.1123936966329,376.823699237797,378.82244565505096,4209200
2022-02-04,372.64111328125,378.4422847358439,366.9959140107724,377.8768037440218,6045400
2022-02-07,366.7228698730469,372.836044401313,363.9733918585962,372.64106431962244,4767500
2022-02-08,365.0069274902344,370.2718664712678,361.27272963969904,368.0976582551236,5825300
2022-02-09,371.831787109375,378.73473029050433,371.0810558125402,375.9560039189732,5492800
2022-02-10,365.02642822265625,370.4961064596285,361.2922008030222,362.423192487997,3995000
2022-02-11,360.5218505859375,371.3734882974926,358.44514797980327,368.40951193657764,4345600
2022-02-14,364.80218505859375,367.8539078758867,357.58726653059523,359.5957431267977,3678400
2022-02-15,371.99755859375,373.4892915648752,364.0611285777099,365.21160922120305,5800400
2022-02-16,373.35284423828125,375.371080304594,367.35666280246306,370.45712328575837,3424800
2022-02-17,364.35369873046875,371.75386771288,362.8619655325017,369.1311427808364,3972500
2022-02-18,360.69744873046875,365.435884355104,359.77119662063717,365.143399349012,4083800
2022-02-22,359.0789489746094,364.9581354139667,354.7012251833628,355.87122467305824,3897900
2022-02-23,352.195556640625,364.21716711626976,351.1230619692162,362.66693699073033,3802500
2022-02-24,360.1416320800781,361.27262348884017,332.7736692325735,337.28787545108236,7425000
2022-02-25,359.8590087890625,363.27147334583333,352.6538490971607,358.0357824865663,3817900
2022-02-28,351.7958068847656,356.22223890335755,346.76485623072114,353.1315380745444,4952400
2022-03-01,335.8644714355469,352.53677194229414,332.6859954082403,348.90007930804035,5894200
2022-03-02,335.4842224121094,339.60843980188037,330.2192836673828,334.3824792243767,4997900
2022-03-03,332.4617919921875,340.75896545058157,332.1790663481215,338.93573912288355,3975900
2022-03-04,322.487548828125,330.3556917796186,315.89661003562907,328.4739691139615,4670900
2022-03-07,305.09375,321.5515489837731,304.3039810726072,321.33705008773364,6874300
2022-03-08,306.46844482421875,316.60835970497374,297.9665349615408,303.60200298980175,5048200
2022-03-09,319.92333984375,321.2103332472734,313.07889385958,315.06788096008694,4015900
2022-03-10,316.4718933105469,317.9636263149826,311.75294687981994,313.8881766367625,3771300
2022-03-11,316.6669006347656,322.6923296045565,315.92589897030297,321.7758369419811,2987700
2022-03-14,320.3719177246094,328.45459207589715,319.0751942897712,320.869172079558,4122700
2022-03-15,326.6214904785156,329.9169598297063,322.9262718520419,324.1060305989695,3738900
2022-03-16,336.0594177246094,342.16286231521303,328.25950070324126,333.43669324582856,4340800
2022-03-17,337.7754211425781,338.20441897453287,331.2527379184517,333.05647474539916,3244200
2022-03-18,341.3341064453125,343.91782294165307,333.9241795137852,338.0289071643428,6790800
2022-03-21,336.9368896484375,341.24635673105666,333.92417538381613,337.3658874486737,6053800
2022-03-22,340.7881164550781,345.078064778923,336.8686689429223,338.1068950333849,4669900
2022-03-23,333.6219787597656,338.0581998850496,333.20274031679133,334.8114674208574,2527800
2022-03-24,340.6126708984375,340.7101758230961,332.1790156161653,333.6902378082343,2482700
2022-03-25,340.29083251953125,342.7478251596317,337.00512258854627,341.64608223823035,2173800
2022-03-28,341.72412109375,341.79237751192267,334.9382012983911,339.79366058326883,3134600
2022-03-29,358.35748291015625,361.487221537315,348.16885752840545,349.7483362164827,5512400
2022-03-30,353.1803283691406,359.0692756382362,350.6258596170431,354.906079517881,2614200
2022-03-31,348.4417724609375,355.0131925503326,348.42225362704283,350.5867316326349,4095700
2022-04-01,354.8670349121094,358.68900797925846,349.2121060341407,350.2358334114934,3806800
2022-04-04,357.73345947265625,360.5121859525909,354.06748883221906,355.13998340833876,3027200
2022-04-05,354.2332763671875,358.4354797293404,352.87802635841217,354.223516948489,2215900
2022-04-06,344.7076110839844,348.1590830988879,340.8369006214219,347.5545942200632,3864500
2022-04-07,341.2806091308594,344.55136342502647,337.62909664364696,342.87205264028387,2848500
2022-04-08,343.9363098144531,347.47069621433087,337.47292444923886,339.0838843086414,2235100
2022-04-11,339.1522216796875,343.1845225440189,337.6389021329477,342.3448819685685,1809200
2022-04-12,337.61932373046875,346.0940017638911,336.3305738966639,341.71997535295105,4038500
2022-04-13,346.73846435546875,348.55444801803316,334.75871677875915,336.26229332867035,3048500
2022-04-14,349.35504150390625,354.3636856044758,348.42750378319994,348.73016771403627,3358900
2022-04-18,348.3591613769531,352.22550100875065,344.86386663838147,345.61564000230834,1871400
2022-04-19,355.26190185546875,356.04299408713945,347.6464388193174,348.3689230624435,2999300
2022-04-20,356.6483154296875,363.0921846940587,355.2618953660609,357.9859004696893,3377300
2022-04-21,355.81842041015625,366.3433960219911,354.86159361067246,360.73919712866734,3605300
2022-04-22,342.8720703125,353.53374720154847,342.315547744517,351.97159270338057,2968800
2022-04-25,346.211181640625,346.6602910102416,338.9374154673655,341.01703051160086,3380400
2022-04-26,335.9693298339844,341.7785818138652,335.4518693060335,339.7087397020615,3116400
2022-04-27,353.01629638671875,364.89837235266197,347.5780594848415,348.554402348563,5702300
2022-04-28,369.8679504394531,372.9336813043087,360.0654896336679,360.397442628705,6843300
2022-04-29,354.7834777832031,368.19841931701393,353.1920341336982,363.24835380239455,4741800
2022-05-02,350.546142578125,356.2967864277805,342.2960336392426,354.41245189235923,3903800
2022-05-03,349.32568359375,354.84201421521317,345.078586638954,353.03577415448194,2686900
2022-05-04,359.8019104003906,360.5048785498062,345.2934677720163,350.86837794013417,3346600
2022-05-05,345.01025390625,359.0695844072082,340.77292968750504,353.53373736159705,3424800
2022-05-06,338.9081726074219,342.95024687224844,332.71816165029776,338.0587589767151,3635200
2022-05-09,320.2306823730469,334.2900432730811,317.2040433694749,332.9329124074117,5777400
2022-05-10,317.6336669921875,325.7861373070556,315.40760606052817,324.4485521141917,5003500
2022-05-11,318.160888671875,323.1695330296341,311.01405076027,317.78013039556447,4263900
2022-05-12,313.640380859375,317.87770543204476,305.37075537843003,314.15784139992724,3891500
2022-05-13,324.9269104003906,327.29944633002157,318.3756577793483,319.91829627157716,3536000
2022-05-16,321.9295349121094,325.65914191105446,317.3407116522407,320.76768455047494,2062300
2022-05-17,330.843505859375,333.1086282991568,324.6632690649999,332.06393435551377,2802300
2022-05-18,327.95355224609375,333.5187183226316,325.66891358816457,325.72749177460236,4521400
2022-05-19,324.36065673828125,328.25625558255865,316.75493679865286,322.19317419279577,4380700
2022-05-20,328.2269592285156,331.575808329222,319.9378172830692,327.75833369106783,3428700
2022-05-23,340.1871337890625,342.9892330153857,330.9411657611389,331.009516911932,3420800
2022-05-24,332.6302490234375,335.86194148371555,328.0316825278728,335.7545580717663,2561500
2022-05-25,336.60400390625,339.51348681880006,331.18528267360733,332.52286774355446,3033400
2022-05-26,341.6126708984375,344.8931691180857,337.82445524315983,339.7673683031673,2817400
2022-05-27,349.3159484863281,349.3257214495607,343.7800713406047,345.02981880959055,2658700
2022-05-31,349.40380859375,352.4304773673574,342.8330403269866,344.7368909942097,3873800
2022-06-01,348.6130065917969,355.8184222318875,346.4552970444804,349.7260518415249,2190000
2022-06-02,354.4905700683594,356.4139667897135,349.2964484403937,351.9618455111024,2484200
2022-06-03,349.35504150390625,352.4109997045655,347.3535205791248,350.9757743763065,2076600
2022-06-06,351.62017822265625,359.59688375411326,350.04825051725766,353.4361618795858,2196100
2022-06-07,355.4082946777344,355.85743381775535,347.9002161758553,348.4860278139044,2158800
2022-06-08,353.75830078125,358.43499149517544,352.44026173652367,356.3651493675181,1709600
2022-06-09,340.74359130859375,353.6410696167862,340.6850131321325,351.24904795631466,2250600
2022-06-10,326.8307189941406,336.16455282732187,326.6842735481878,333.2550408533949,3300500
2022-06-13,312.17584228515625,323.07183168132366,310.3989210056628,314.382386582726,4825100
2022-06-14,314.51910400390625,316.3350874261218,312.09776297866597,312.5273562217831,2788400
2022-06-15,317.6922302246094,322.80825748104616,311.87320509340924,319.6644321542721,2357800
2022-06-16,301.4751281738281,308.96369054950827,297.86264790059397,308.61219164827486,4528500
2022-06-17,303.34002685546875,306.708422321396,296.4665633893179,299.73731859039026,6235300
2022-06-21,309.8912048339844,312.65427169767963,307.43083165618947,308.57313606902994,3193700
2022-06-22,308.6708068847656,311.4924522134512,303.9941159751018,306.05421502125444,2671500
2022-06-23,309.266357421875,312.41018245571587,306.12253238803413,311.3557155374439,2387600
2022-06-24,322.68133544921875,322.98399937113413,311.66818849015954,311.66818849015954,4318900
2022-06-27,321.0508117675781,324.1165426711112,319.3812738081871,324.1165426711112,2810800
2022-06-28,310.7601623535156,329.1739735084118,310.5941709652011,324.8292658670802,3394200
2022-06-29,314.9584655761719,318.39518200004335,310.8773592361453,311.56078141706956,3779500
2022-06-30,308.0166320800781,310.76015291819806,302.36359902056364,307.8408677343705,3411500
2022-07-01,310.7113037109375,311.3947555464534,303.9452556809164,306.66926026537755,2287700
2022-07-05,311.707275390625,312.73242362131,302.1390961231955,305.6734530122222,2112100
2022-07-06,312.5957336425781,314.7338972790057,308.25099562141634,311.45339928746887,2219200
2022-07-07,316.88836669921875,317.6608382058546,312.4391802941398,315.2064820285279,2202100
2022-07-08,315.90081787109375,317.77828279008224,312.2730417805507,315.62702401220923,1662100
2022-07-11,317.00579833984375,318.99081138408843,312.07747877295225,312.30239260681134,2073800
2022-07-12,315.7051696777344,320.10544635495353,313.11390160274027,313.11390160274027,2761500
2022-07-13,316.2039489746094,317.7293761814204,306.85580590054496,308.9483967188558,2442600
2022-07-14,317.8270568847656,320.3205347741147,308.40070302132636,309.15362842196026,2743900
2022-07-15,325.2001037597656,328.13362238680224,322.4523770330782,326.23661128734835,3387400
2022-07-18,323.674560546875,330.0305152959304,322.4815955387856,328.0650489704732,2468500
2022-07-19,332.83697509765625,334.4308580719999,324.42755040685813,324.42755040685813,2689800
2022-07-20,333.70721435546875,335.7020149259929,328.8375936350115,332.83695287719456,2563600
2022-07-21,339.2320251464844,339.53515294402246,332.5240319902742,334.2939187467206,2230800
2022-07-22,336.25946044921875,343.30967506508233,332.8565681611986,341.14865807156684,2253000
2022-07-25,336.5821228027344,337.8826660367385,332.57297492183807,336.81682457262656,2180100
2022-07-26,333.717041015625,336.99280908948884,331.78090819243204,335.0566762662959,2254200
2022-07-27,335.6629333496094,341.18775005080255,323.899526096754,335.40871538764833,4580300
2022-07-28,344.6394958496094,345.4315433473101,333.07163945997445,340.2880987423936,3635500
2022-07-29,345.9497985839844,348.89307479149085,342.2046570910006,346.28226038836465,3176800
2022-08-01,342.77178955078125,346.9764865180706,337.9999290899978,340.1022775736425,2289400
2022-08-02,341.2757263183594,343.3682870419307,336.3571955061979,339.38847366458214,2878800
2022-08-03,346.2823181152344,348.58024698285357,340.81619871430706,342.243836074943,2921200
2022-08-04,348.1793212890625,350.66301215731477,341.90157850827313,346.81035194410185,2339500
2022-08-05,349.5873718261719,349.90025775334396,342.63491820686,342.63491820686,1848700
2022-08-08,344.35589599609375,351.0443133150698,342.13621149877565,351.0443133150698,2477600
2022-08-09,338.8604431152344,343.3389340284663,337.6968119480964,342.6348885310491,2467400
2022-08-10,345.548828125,346.69288330057464,343.2704460326863,346.48754542006105,2443700
2022-08-11,342.8108825683594,347.9641146861543,342.5859986317818,347.9641146861543,2609400
2022-08-12,346.419189453125,347.5730627442766,342.4980733441942,346.87877521248123,2514200
2022-08-15,351.9732360839844,353.9289145068068,343.04555930919435,344.5220762263518,2526300
2022-08-16,351.2887878417969,352.0221673571242,345.27508178437046,346.4191371171593,2448700
2022-08-17,347.45562744140625,349.04951028465734,343.954975856389,345.6661946417442,2439900
2022-08-18,349.440673828125,351.552810514095,345.73468398607287,346.46806353642535,1934900
2022-08-19,346.4288635253906,348.8636735345812,345.7248181220811,348.72679156683733,1740700
2022-08-22,337.8532409667969,343.221568775354,336.6504879743796,342.2437295480738,2312400
2022-08-23,333.33563232421875,337.5598751550115,331.849297583329,335.09573101694195,2240700
2022-08-24,332.1817626953125,334.7046046671291,330.8519156413981,332.64134833568,2218400
2022-08-25,337.03192138671875,337.4817191581717,329.8447957802976,332.4653982279494,2228500
2022-08-26,324.6035461425781,337.98041128952786,324.3493282006219,337.4034598058114,1925000
2022-08-29,322.0514221191406,325.43473819012246,320.5064191091914,322.67722383663676,2308200
2022-08-30,320.5455627441406,325.59121812363236,318.35521182267195,323.664873123175,2618900
2022-08-31,317.1817626953125,323.8408466491325,317.09376072990887,321.01490628909306,3129000
2022-09-01,318.0422668457031,318.3942747080926,312.13610847708094,316.63417571356416,2493200
2022-09-02,315.411865234375,322.3643186821225,313.42685250419225,322.1100708963596,1936800
2022-09-06,316.898193359375,319.74370971768303,313.45620926502943,315.35322017056814,2043400
2022-09-07,321.33758544921875,321.904749023983,314.9131732974406,316.8981861265337,1998300
2022-09-08,322.7554626464844,322.9705885112864,316.31150448707103,317.33822393559063,2114000
2022-09-09,328.4073181152344,329.55137332673445,322.8336224531349,323.2149940844921,1815700
2022-09-12,330.9203796386719,331.95688687993413,328.4953275006752,330.5976759677152,2097800
2022-09-13,318.22802734375,325.42491033949767,317.3870700199182,322.6869722087866,2316900
2022-09-14,318.6289367675781,321.2006588599751,316.1843385567501,319.7925679032352,2657900
2022-09-15,309.9359130859375,318.7169200887214,308.18560235504145,316.418991936632,2486800
2022-09-16,308.14654541015625,308.6354651268375,302.2599329228871,305.91707269574124,3650900
2022-09-19,307.0709533691406,308.4594986633685,303.37472105565183,305.03706023083095,2369700
2022-09-20,306.32769775390625,307.40332692051146,302.58258647527913,304.2644712154382,2769600
2022-09-21,297.7521057128906,307.99987365730254,297.4783118668063,307.51095394348823,2366300
2022-09-22,291.7481689453125,296.3635724215433,290.01740383221056,296.2364783575646,3176500
2022-09-23,287.0740661621094,288.0421474205302,283.808086280852,286.6340563549081,3245900
2022-09-26,283.68096923828125,288.79507995711947,282.7129177977781,283.62230126257134,3635600
2022-09-27,280.1314392089844,291.2983483324162,278.48864635429305,288.9222057764653,4073300
2022-09-28,283.7493896484375,286.48735748452407,275.44754387019765,278.79173743232644,5611400
2022-09-29,280.41497802734375,285.5975444570048,278.5375431973739,281.95998090248855,3439700
2022-09-30,278.0388488769531,284.31659089781414,278.0388488769531,280.5029933995945,3804200
2022-10-03,284.04278564453125,286.2624702301814,278.6060012360024,281.4710633747743,5285200
2022-10-04,294.5937194824219,297.23389828456993,289.4209695906802,289.6263075468886,3949200
2022-10-05,297.45867919921875,299.8054871738633,290.66268521972154,291.3765185368823,2845200
2022-10-06,293.0709533691406,298.7711374706156,292.7085439798072,296.3519763370504,2494400
2022-10-07,288.89862060546875,291.0729274426027,286.95936427307356,290.5538376516823,2210800
2022-10-10,285.7742614746094,291.1316731054664,283.580377186389,290.9260039258036,1783500
2022-10-11,280.1622314453125,284.41292768809905,278.5658067823154,283.8644266491621,3554900
2022-10-12,277.54718017578125,281.57256949483946,277.38066614286913,280.6421413256559,2646800
2022-10-13,287.9093933105469,289.34913739790875,271.1711615091166,271.57272603845513,3322800
2022-10-14,282.7479248046875,292.47352942784295,281.915414292346,289.770328668996,3106300
2022-10-17,288.9671936035156,292.5812446440576,285.3433388285732,289.3393768375235,3417600
2022-10-18,294.197265625,297.4489370437457,290.4460820015473,296.92984726040754,3096000
2022-10-19,291.6311950683594,293.47250368176424,288.72232558642355,289.3785181924019,1914300
2022-10-20,290.181640625,296.498891644303,289.52541814457004,291.6213846769167,2463800
2022-10-21,296.1463317871094,296.47933000093127,287.45890724319395,288.448128038872,3599600
2022-10-24,299.30987548828125,300.6810534675747,294.31484223780524,298.2520882689418,3184100
2022-10-25,305.0002746582031,305.6760748305447,299.5644919628227,299.61348075019407,3012400
2022-10-26,312.9335021972656,317.7718240576239,305.8621110082368,305.8621110082368,5278000
2022-10-27,312.7963562011719,316.4299843642061,307.59565509224086,309.67201404254615,4725800
2022-10-28,322.6884765625,324.97050471264964,311.27827603289035,312.73759760099085,3644400
2022-10-31,321.425048828125,322.65912375492906,317.11562020790393,322.1106526517791,3157900
2022-11-01,326.33197021484375,326.77271984438,320.3575202148534,325.3819344780466,3660400
2022-11-02,313.2371520996094,326.1458609855741,313.05106047846283,324.5983952769938,3074900
2022-11-03,302.8063049316406,310.24984869332025,302.2480301826861,308.6338169526774,2860900
2022-11-04,311.8170166015625,316.47905155107196,306.79260210822673,307.38025834471375,3414000
2022-11-07,318.4378356933594,319.0940283075679,311.1705488196209,315.8130054576589,2742100
2022-11-08,319.0450744628906,322.61994038612306,315.626918839864,319.51520536350785,2387500
2022-11-09,309.1431579589844,317.02745187723633,308.6632233635784,315.64647049145185,3001200
2022-11-10,330.32794189453125,330.455270879542,322.384884826777,324.3632962931727,3255000
2022-11-11,332.3063659667969,335.5776148024073,329.43665175458256,332.02232669881016,3734700
2022-11-14,332.3847351074219,337.41895272226793,329.1036822525848,329.80886367246194,2348900
2022-11-15,336.4395446777344,343.990841411083,332.50226919160764,339.45613589932236,2983600
2022-11-16,335.7049560546875,338.02616939345853,333.09970343754486,336.0967168482913,2579600
2022-11-17,334.2456359863281,334.88228096150715,330.06353606698184,332.02237010892236,2004500
2022-11-18,336.6158142089844,341.45413633705334,334.30437466260906,338.5452667976227,2737700
2022-11-21,331.28778076171875,337.1642824160286,330.67074330570694,335.94001123804736,1965100
2022-11-22,337.8596496582031,338.21225528909434,330.61197048592254,332.83523611638634,2510700
2022-11-23,341.4638977050781,343.5794117536123,337.0662958168249,337.5364266550712,1937300
2022-11-25,344.05938720703125,344.167108724125,340.91543729109736,341.7773289855802,944400
2022-11-28,337.497314453125,343.0212409093575,336.1653216247613,339.54429248136495,2226200
2022-11-29,336.06732177734375,337.624591043531,333.73630480009933,336.57660779923515,1724200
2022-11-30,349.0641784667969,349.0641784667969,334.4512950030979,335.7930913787271,4252300
2022-12-01,353.37359619140625,354.13754015756626,346.762532291757,350.62143716655856,3374700
2022-12-02,352.6488037109375,354.83291389236047,348.73113658765703,350.0925402599225,2015500
2022-12-05,348.76055908203125,351.51271816999497,347.154330914303,348.67241514807955,2202500
2022-12-06,340.3768310546875,347.6930781482004,337.2622917816421,346.53737311824347,2353300
2022-12-07,340.26904296875,340.69018507518217,334.44150027953174,339.7401494575138,2454300
2022-12-08,343.94189453125,344.92131156966417,340.0731852737397,342.7959634449536,1998600
2022-12-09,341.65008544921875,345.5089915713784,340.21034098344404,341.2289432307221,2301100
2022-12-12,350.79779052734375,351.06222234997557,341.91447140480443,343.0995575736219,2427100
2022-12-13,349.7987060546875,361.65945911004076,348.4177247724054,361.6398516446992,3072200
2022-12-14,350.1513977050781,354.6469183598067,346.48835762795994,349.65188544696286,2587200
2022-12-15,339.1231384277344,346.517724869446,335.5090872833714,344.1867375016024,2774900
2022-12-16,338.7215881347656,341.0721830709762,336.31223056685747,337.6736047204323,5947100
2022-12-19,334.23583984375,338.73136008337093,332.5512414844848,338.25142545029627,2457300
2022-12-20,335.89111328125,337.28186885365335,333.6090546534185,334.3436174934655,1895900
2022-12-21,338.57470703125,340.4453973195435,335.323035015281,336.56691388849146,2087000
2022-12-22,334.490478515625,338.4865165591819,329.50524964038146,337.1055350212934,2276100
2022-12-23,336.52764892578125,337.44830319228794,330.7392915269946,332.0419028375793,1914500
2022-12-27,339.03497314453125,339.7695358530139,334.77450345744535,337.0173766297203,1637700
2022-12-28,334.9115905761719,342.3159792783652,334.7450765669039,339.41688399655976,1854100
2022-12-29,341.04278564453125,342.52171488107393,336.4689249866658,337.29163168100365,1459800
2022-12-30,340.5726318359375,340.7391159622711,336.5472130419993,338.2220074855995,1617600
2023-01-03,339.6617431640625,347.3599749558216,336.8606253897582,342.756703919706,2933600
2023-01-04,347.8399658203125,349.6323157933422,342.4923569965682,344.15737796841205,2661000
2023-01-05,344.5295104980469,350.2003433492368,344.0398019935436,348.78998046511254,2608500
2023-01-06,360.6866760253906,361.7167208837744,348.57123966210975,350.523433033193,4432800
2023-01-09,363.92401123046875,367.87746654003456,362.54078836372486,364.5714791641326,3913500
2023-01-10,363.96331787109375,364.6205756174587,360.2354743200498,361.8050910816499,3485900
2023-01-11,370.6830749511719,370.7419628798264,364.2084564690859,365.54261084252846,3370200
2023-01-12,372.5960998535156,373.8910357002375,369.7610064575588,370.6831250827699,3291200
2023-01-13,368.3876037597656,370.6929753581426,367.20059410449585,367.9363490866621,4261000
2023-01-17,367.87744140625,371.1441799132426,366.8768255432844,367.87744140625,2814500
2023-01-18,361.9129333496094,368.67205260790905,361.5008974444135,367.39675612534467,2747100
2023-01-19,360.9515686035156,363.75723309223605,356.6940035779661,357.675010171999,3111200
2023-01-20,369.13311767578125,369.4666562869513,362.3837882927258,363.1980404376502,3863400
2023-01-23,371.37969970703125,374.13632603584205,369.2116534258368,369.58444074795887,2743900
2023-01-24,372.7922668457031,382.59251160119265,368.0932376154651,382.59251160119265,2756200
2023-01-25,375.1271667480469,375.2939211219578,367.975619515466,367.975619515466,3501900
2023-01-26,370.07489013671875,376.8144001410886,365.91543207080105,376.12771353964655,3718400
2023-01-27,366.9258728027344,373.29259562978336,366.28822454306976,369.0448505092371,3405600
2023-01-30,364.07110595703125,366.6413380449447,362.3837736793104,362.4426316707939,2688600
2023-01-31,363.5610656738281,365.4053629415308,360.0490451479824,362.9626360575028,3137400
2023-02-01,366.9748840332031,369.6236134550646,360.0293714568122,361.5695587868424,2951900
2023-02-02,367.818603515625,373.24356861724004,365.71923509836927,372.3116004062257,2761600
2023-02-03,366.80816650390625,371.03630238318254,363.4531108954459,363.75722053406156,2739600
2023-02-06,365.88604736328125,367.2202020221722,362.0404881655162,362.9724564477906,2068300
2023-02-07,367.93634033203125,369.90817321746226,361.8344779609349,364.4537788078201,2309100
2023-02-08,363.3157958984375,368.6524741328548,363.1097928975566,366.08224166204735,2193600
2023-02-09,363.38446044921875,367.45563165561936,362.23666960978414,366.2097341733191,2287600
2023-02-10,359.8626708984375,363.2177269507337,356.02696108616186,362.6193272400847,2270700
2023-02-13,363.7866516113281,364.0907911896254,360.0980872818399,361.5597774846931,2286400
2023-02-14,362.9331970214844,366.317681800869,360.74557144165954,362.56040971964535,1841400
2023-02-15,362.6192626953125,362.77619739237485,358.07719773928227,359.3230652360868,2203300
2023-02-16,360.56890869140625,365.99387316192343,357.96924758671736,357.96924758671736,2792700
2023-02-17,354.2709045410156,359.7351182767073,352.96614904824827,357.14524658269784,2718900
2023-02-21,349.1990966796875,354.8987425608965,348.44373238459247,349.98391991284973,2730900
2023-02-22,348.2279052734375,350.9452827096836,346.5013241205605,348.610482270119,2109300
2023-02-23,348.7772216796875,350.94523754975336,344.98073151142887,350.94523754975336,1975500
2023-02-24,346.41302490234375,347.2763154483315,342.95007301078635,344.1567218336479,2016100
2023-02-27,348.72821044921875,351.2297651139719,348.08074254986,348.885175085846,2200800
2023-02-28,348.5417785644531,351.00408431534373,346.5306974451895,348.0708847062485,2732900
2023-03-01,346.7857971191406,348.5614164858751,342.7538747816877,347.2763003682483,1968100
2023-03-02,348.8164978027344,349.84654268035257,345.0101876899523,346.91334274634335,2526000
2023-03-03,354.6339111328125,354.82030479511036,350.3076681264394,351.3181037988158,2174900
2023-03-06,359.96075439453125,361.530370985035,354.3984635857029,354.9478249016873,2789400
2023-03-07,353.1035461425781,362.13860926607833,352.7209391678692,360.19623520354975,1660800
2023-03-08,352.2108154296875,354.83011635102537,350.494053796683,351.79877946506974,1634400
2023-03-09,347.70794677734375,357.10597588876624,347.1880145290804,352.42658565439643,2414700
2023-03-10,340.5171203613281,346.3443008275953,338.67285345971663,345.71647229337304,3176400
2023-03-13,338.1628112792969,343.2149897982747,333.74828112792716,337.10333721566553,3308200
2023-03-14,346.1187438964844,349.3462339441926,341.939646344032,344.33330476076634,3413300
2023-03-15,341.4687194824219,341.7826487384588,337.11307829116157,339.4772775424715,3082600
2023-03-16,341.39031982421875,342.067216818906,333.81694716393366,340.03652583484416,3768100
2023-03-17,343.018798828125,345.25549285779095,340.2719621653059,343.597589175939,8426800
2023-03-20,342.6852111816406,347.11934995758315,340.7428074579339,341.39027536583615,3864200
2023-03-21,347.83551025390625,349.4345557693692,344.1665252869227,347.6392969627293,3766800
2023-03-22,344.3627014160156,353.1623306864712,344.3627014160156,347.8746914207034,2596400
2023-03-23,347.63934326171875,353.0250605230242,345.15739748130113,345.7165784914774,2598100
2023-03-24,344.9512939453125,345.7262974035341,339.7323325802282,343.7937135491447,2971500
2023-03-27,347.88458251953125,351.0924935091067,347.551043842373,348.8165508365527,2420300
2023-03-28,347.5999755859375,349.14016277937134,346.09903703011577,348.80662420451523,1695900
2023-03-29,352.7012634277344,353.1917666745083,349.06173771929576,350.592105454195,2327000
2023-03-30,352.4364013671875,355.7031398079508,351.435755586566,354.094304731215,2480500
2023-03-31,356.507568359375,356.74300033434776,353.5351199235764,354.27087478330816,3376600
2023-04-03,359.5094909667969,359.69588461638585,354.8791386035329,355.72278991182355,2978000
2023-04-04,356.9882507324219,362.1091057361458,356.47813814241283,359.8331635260592,2198700
2023-04-05,357.44024658203125,358.7568539934069,355.29827453913305,357.135659866671,2239600
2023-04-06,355.1606750488281,355.7207331044583,349.7566755297204,354.90520365820976,2357600
2023-04-10,353.8539733886719,354.630162794168,351.3386291617209,353.4314560081246,1559100
2023-04-11,357.77423095703125,358.8157265939103,354.8560701671219,357.0766321779677,3033800
2023-04-12,355.4653625488281,362.16633104976506,354.7284533144559,359.6902968319299,2268800
2023-04-13,363.1979675292969,363.29622808424654,357.0472525902811,357.4697399931619,2611700
2023-04-14,365.9294128417969,366.87267810957337,362.66735459011505,363.5418344766124,2254600
2023-04-17,366.253662109375,367.57026945219104,361.9599431665186,366.84316540846544,2432700
2023-04-18,365.82135009765625,367.4229040704917,363.5025271106629,367.4229040704917,2087800
2023-04-19,366.2929382324219,367.61938061031987,364.6815792581275,366.47962427001016,1795300
2023-04-20,368.45458984375,368.6412759013971,363.2372752503554,364.96656505386034,2124800
2023-04-21,368.69036865234375,370.84214572431114,366.74494772721283,369.1620012930864,3537800
2023-04-24,368.1893005371094,371.04851165311356,367.09865939692355,368.60195287184223,1886300
2023-04-25,362.0975036621094,368.0418921359827,361.89117749619066,366.9807561549193,2245000
2023-04-26,360.35845947265625,365.72315043431036,359.70014068048846,363.1881957994364,2594200
2023-04-27,367.1478576660156,368.43499010881845,354.6989906993545,360.18158240378267,3859900
2023-04-28,373.39678955078125,375.2636201257153,365.02551213865104,366.0276978195328,3107300
2023-05-01,373.229736328125,375.7843607420878,372.34545133461376,373.848744819056,1745100
2023-05-02,369.46661376953125,372.2275644544356,364.46546035846114,371.17623348597283,2478700
2023-05-03,368.3563537597656,372.92518498035804,367.7962955496192,370.0954787297032,1970900
2023-05-04,369.5550231933594,370.27229223112977,365.6445111399394,367.96330421835825,2814900
2023-05-05,377.94598388671875,378.42742162254433,371.63802811172116,373.9273760894418,2683100
2023-05-08,378.7811584472656,380.6971043489844,377.0715087379162,377.3073400682919,1719600
2023-05-09,376.25592041015625,379.4295526994122,376.0201191202714,377.1795154420783,2036400
2023-05-10,375.86297607421875,380.0093194171898,371.05831403167997,379.2527401674747,1940800
2023-05-11,376.6981506347656,378.98746855970205,372.6402327390827,375.53872410392023,1901200
2023-05-12,375.2538146972656,378.2996819553101,372.18824735270283,377.77893400620144,2044000
2023-05-15,376.7177734375,376.9634098122942,373.88803760228586,375.20464497299344,1957400
2023-05-16,373.6031494140625,376.9045183995246,370.734132899526,375.92197274675465,2762700
2023-05-17,380.2451477050781,380.75606062318843,372.5125186203929,375.52894081277844,3260300
2023-05-18,385.177490234375,385.177490234375,379.0758908514913,380.35318805434787,3729500
2023-05-19,378.8400573730469,385.3543385216742,378.417570024787,385.157817437182,3369100
2023-05-22,377.8182373046875,380.6086630549278,377.4743403668778,378.2701998597145,1808800
2023-05-23,367.22637939453125,375.3618549078753,363.9741561992212,374.86074710938345,3979000
2023-05-24,362.06805419921875,363.1586654242659,359.1990078491092,362.9228640750475,2655700
2023-05-25,363.5811767578125,364.51457707284305,358.5407131079478,361.48834986366643,3752200
2023-05-26,367.8355712890625,369.1227035556368,363.59096733361054,364.52439759635246,2691300
2023-05-30,361.08551025390625,370.05615643548725,359.8082129598982,369.7122594763582,3430100
2023-05-31,358.64874267578125,359.31689639510967,351.6039083293585,358.629102560619,10695300
2023-06-01,364.4065246582031,364.6128508428059,359.66081251794947,360.75145374924693,3389700
2023-06-02,367.2067565917969,369.2602731785438,365.654317842257,368.05173136604714,2501500
2023-06-05,364.0527038574219,366.2929061272217,362.09744814395117,366.2437908521226,2316200
2023-06-06,373.3279724121094,373.7406547073201,365.3202327422202,366.4403489828576,2758700
2023-06-07,364.9076232910156,373.8585992778134,361.83225077795123,372.66972750242934,3714500
2023-06-08,361.17388916015625,363.3158311087854,359.46426962123866,362.91298386405833,2594700
2023-06-09,362.7754821777344,365.6150233268928,361.34097401907496,363.9938291082469,2201800
2023-06-12,368.7591857910156,369.40766948354116,363.4829207301398,364.20018981086776,2407500
2023-06-13,364.89776611328125,370.5965182305537,363.3551624247233,368.7591628750338,2444100
2023-06-14,368.21875,371.48077817246894,365.526555021968,366.4206749980212,2775400
2023-06-15,372.4240417480469,372.9447896455182,364.0527351891922,366.7547352201092,2558100
2023-06-16,369.9578552246094,376.2166652503339,369.5943181878738,374.94917316192675,5886900
2023-06-20,368.0811767578125,372.88583846733167,367.2263670021086,368.4643838813531,3961700
2023-06-21,369.5746765136719,371.78540387521826,367.1379528939336,367.43270454817616,2301300
2023-06-22,371.2056884765625,371.87384222411987,367.42291218177064,368.5626386075058,1933300
2023-06-23,373.1806335449219,374.46776585318315,366.70566178472393,368.4349515970066,3739700
2023-06-26,370.8323669433594,373.357486301871,368.79849039119,371.4611805240102,3327800
2023-06-27,375.12603759765625,376.1576983312711,372.39456243260815,373.7013346941808,2197300
2023-06-28,373.5932922363281,374.74285369816977,372.06052363059956,374.5365275356435,2012400
2023-06-29,380.9034423828125,381.2375042679581,373.858577673244,374.202474608953,2524600
2023-06-30,386.4351501464844,388.27253549959255,381.3259313127921,381.3259313127921,4407100
2023-07-03,387.0836486816406,387.4275456319611,381.8958092135359,384.50938405709525,1304600
2023-07-05,387.8402099609375,388.3511228447488,380.3728578953405,382.0235271983401,2781800
2023-07-06,386.8366394042969,387.8894608335567,383.49112897742094,387.5155487250275,2156600
2023-07-07,382.4480285644531,386.15760087212465,382.17251919129154,384.39629272141167,2654400
2023-07-10,385.872314453125,387.12194112453295,381.7888593969013,382.25132486287157,2148600
2023-07-11,391.4218444824219,392.0712659472673,386.04939603650286,387.3088719000073,2106200
2023-07-12,394.2654724121094,396.70571972837445,392.31720826239433,392.6025669069088,2273400
2023-07-13,394.1375732421875,396.77459595033935,394.0391705979162,396.5384536267052,2354900
2023-07-14,396.05633544921875,397.0206033279007,393.88174802899,395.6725741297882,1978500
2023-07-17,395.7512512207031,397.52237851963196,394.68855081873147,395.505259649837,2344500
2023-07-18,391.7760314941406,395.49542296285875,388.8733188542473,393.9998049745778,2676200
2023-07-19,391.88427734375,393.43896103201286,389.955711656751,391.6186172326892,1809700
2023-07-20,391.67767333984375,393.3110612112661,389.2079080002216,390.7724410432742,2570700
2023-07-21,391.1167907714844,395.07235487757447,391.04793594566706,392.27789393322814,1868100
2023-07-24,398.2997741699219,398.41784533538635,390.2509060609201,391.10698206708156,3029800
2023-07-25,394.8460693359375,398.3686561347676,394.5705599216618,396.9025556832585,2490500
2023-07-26,395.9579162597656,396.84347999987006,389.40469653775915,392.7796940286987,2572300
2023-07-27,388.1747741699219,398.69337818403795,387.6336046202847,398.69337818403795,3563300
2023-07-28,386.6594543457031,391.6186537457773,382.6448843740159,391.57928667919276,4501000
2023-07-31,387.9582824707031,389.72941003180284,386.17730563626503,387.65325527993895,3578300
2023-08-01,390.7035217285156,390.9298147685639,386.0690186479722,387.4662640628458,2344200
2023-08-02,383.7665710449219,387.88939273330453,383.33362341929654,387.56469702822153,2410600
2023-08-03,386.7086486816406,387.1317470314601,380.22431363846346,381.34601973196993,2190500
2023-08-04,385.0752868652344,389.7392783582039,383.81581097552527,385.33109773008505,2215800
2023-08-07,390.5068054199219,391.3727008006991,386.6988596220609,386.6988596220609,1559800
2023-08-08,386.8857421875,390.02459733249395,383.87480747604354,389.82779204577923,1747000
2023-08-09,387.35809326171875,390.4280638420446,385.58693559964905,387.54501926491264,1806100
2023-08-10,390.7724304199219,394.2064635460872,389.36533564675835,390.10331044658903,2154500
2023-08-11,388.64703369140625,390.3099391993169,386.5118135326608,389.404676958951,1464600
2023-08-14,392.1893005371094,392.8289026969559,388.2829528670496,390.09347740347147,1638500
2023-08-15,388.12554931640625,391.1167854813409,387.27932261770906,391.1167854813409,1753200
2023-08-16,388.046875,392.79945014799904,386.81691683950186,387.13179333537545,2002000
2023-08-17,386.32489013671875,389.85732597308737,384.7210200712451,389.78847114533085,2118600
2023-08-18,385.8821105957031,387.52531764357855,382.5956364434102,383.5697835842334,2001800
2023-08-21,386.8955993652344,388.65687759575263,384.75052979799136,386.9054186099812,1869400
2023-08-22,391.4612121582031,392.37629375761674,387.367908088371,388.66675102008446,2422500
2023-08-23,394.62957763671875,395.4758043889898,391.97285624001785,392.86826930293154,1943200
2023-08-24,391.29388427734375,397.52237762522185,391.1265967970933,395.1510152840159,1970000
2023-08-25,396.43023681640625,398.13247946819484,392.60259311159757,394.2261316639236,2154600
2023-08-28,400.9072570800781,401.26147055695606,396.68603297766055,397.52241039131616,1901300
2023-08-29,405.04974365234375,405.58109389146387,400.0708763029487,400.88758519266827,2188800
2023-08-30,407.2735595703125,411.0815049520418,406.8897982387469,408.12960558285346,2516600
2023-08-31,406.0239562988281,409.61542806527757,405.17772948302655,407.56876090260056,2535100
2023-09-01,408.9069519042969,409.83188278555303,405.8763183700568,407.2046791061821,1841700
2023-09-05,404.9022216796875,408.73968508970876,403.1310939606854,406.7225657414966,2045600
2023-09-06,406.55523681640625,406.7520421110411,402.3340425094193,404.1937234221486,2292100
2023-09-07,407.97210693359375,409.4579056717811,405.12845991040064,405.31541591169315,2502700
2023-09-08,408.1886291503906,409.6547295182096,407.2243312413342,408.3460673821716,1868900
2023-09-11,410.0089416503906,410.8945053616084,407.9918226399351,410.1663798701158,1544700
2023-09-12,409.595703125,410.9535816298397,408.5920681566838,409.28085668264606,1997600
2023-09-13,409.625244140625,411.70142908148824,408.3165819010311,409.49735371868815,2142200
2023-09-14,406.71270751953125,411.8883808932923,401.24185620852217,411.5931729277699,3557700
2023-09-15,407.6671142578125,411.5931305604591,404.5479576049557,405.2563845814291,4755500
2023-09-18,410.44195556640625,411.1897797238661,406.4175361395303,407.2440644054346,1808000
2023-09-19,406.89959716796875,410.412364189465,404.50856618154637,410.2745944890442,1730900
2023-09-20,403.9378967285156,409.18245472914157,403.50494908773425,407.1357876948528,1580000
2023-09-21,396.8927001953125,402.2159623916101,395.6529228646199,401.7928640170743,2450700
2023-09-22,395.77099609375,400.3267656696746,395.1215746179761,397.9062165532617,1885000
2023-09-25,396.0366516113281,396.7648072123053,393.4291464931437,394.176970613179,1846500
2023-09-26,389.04071044921875,394.4230088324948,387.29907038790464,393.5866312354641,2940400
2023-09-27,389.1390380859375,390.6641739766151,385.2031725324252,389.85731433136,1987500
2023-09-28,393.03558349609375,394.91496312564635,389.0308326105278,389.4834487952985,2216200
2023-09-29,389.56219482421875,395.7316541940162,387.92880677126243,395.58406521928913,3032300
2023-10-02,389.5031433105469,390.0049458041042,386.15766323097597,387.28921869532394,2856800
2023-10-03,384.7898864746094,391.4808457832079,382.7334003635011,388.17473319164736,2527900
2023-10-04,387.4466552734375,388.145263074434,382.3496860263559,385.7148646394778,1813400
2023-10-05,388.44189453125,388.9542880151448,384.30323230843715,384.68754997521194,2116600
2023-10-06,392.15679931640625,395.1425384916632,384.7959134189388,387.4860467636965,2484000
2023-10-09,388.9739990234375,390.70830021863435,383.88936785081535,388.69809020345673,2475100
2023-10-10,394.5217590332031,396.8374384122894,388.0970080130921,389.76232445559634,2713800
2023-10-11,393.96990966796875,399.212206803493,391.5556851768764,397.35966344945035,2055600
2023-10-12,394.0586242675781,399.4191641795335,391.5163237554181,397.90165065656674,1779000
2023-10-13,392.2159118652344,396.2658920849148,389.3089909513766,392.9845170794492,2235600
2023-10-16,395.3001403808594,398.5223636941215,392.9549009360135,394.3935658624236,2202100
2023-10-17,395.90130615234375,397.71442553260096,392.6298244835131,393.8024444744532,2176000
2023-10-18,387.4663391113281,395.50714889439735,386.8258397318909,393.28015128682864,1951400
2023-10-19,382.20428466796875,389.0626098513323,379.868908640345,388.0969441933481,3472800
2023-10-20,378.7948303222656,384.2933086311178,378.55834568543764,382.2042808143367,2652500
2023-10-23,378.06573486328125,382.1945037506026,375.4347223959977,376.7255847837932,1771800
2023-10-24,381.2582702636719,383.74144889266137,378.2626682155122,379.86886303151687,2003300
2023-10-25,380.6670837402344,382.95320221489897,376.6565278946618,378.39082881637995,3504500
2023-10-26,359.2643737792969,370.0642709412747,357.7370268981433,365.600442555932,6920100
2023-10-27,358.76177978515625,362.9103049212529,354.51473943133595,361.1365799252224,3624900
2023-10-30,366.97998046875,367.77814618894473,359.3924442798717,361.1661391976821,3386400
2023-10-31,370.85260009765625,372.16315933884306,367.6599068579976,367.8668610053978,2978800
2023-11-01,372.3011169433594,374.84341714962954,369.56172614729377,373.13870684228704,2354700
2023-11-02,377.0999450683594,377.4448385371391,372.9612835866019,374.7448420165718,2816000
2023-11-03,380.41094970703125,382.7660533748843,378.124860837147,379.3762991018401,2269100
2023-11-06,380.519287109375,382.5787544519619,378.59775912139787,381.44555874676075,2020500
2023-11-07,383.189697265625,383.8991812917941,378.68644490607653,380.36162471202647,2324200
2023-11-08,384.0075988769531,385.65318806711707,381.3470262003228,381.45540497743895,2838400
2023-11-09,382.2929992675781,385.7320407413295,381.61307579959936,385.2491777990325,2657100
2023-11-10,388.6192321777344,389.318852672458,381.09081646258,384.34263087035725,2807000
2023-11-13,388.5896911621094,389.85099285511427,387.27910178165166,388.5896911621094,1614600
2023-11-14,391.8414306640625,395.81256234139676,390.9545831816024,391.37829485729543,2733900
2023-11-15,391.0334777832031,393.4477025805831,388.99373719650265,391.6641437164217,2434600
2023-11-16,391.2995300292969,394.10790583323876,389.7721529778453,392.19624118476213,3060600
2023-11-17,394.4527587890625,395.2607881698493,392.09768543750613,394.1275923694701,2365500
2023-11-20,398.49285888671875,399.2811912026019,392.442562480306,394.8666204490653,2768300
2023-11-21,402.9764099121094,404.35595385993673,399.76401966289495,399.7935802449269,2567500
2023-11-22,404.33624267578125,406.8194519514352,404.15887917660706,406.2380737673839,1967900
2023-11-24,406.47454833984375,406.9376841796122,404.533323233385,406.4646847884221,1053500
2023-11-27,402.99609375,406.691316742033,402.2866097326576,404.9964399268151,2665900
2023-11-28,403.0355529785156,404.64174819040903,401.50817596572307,403.1045076258022,2645000
2023-11-29,403.83367919921875,406.06064644908906,403.4395280987657,405.00629902153247,2151400
2023-11-30,407.78515625,408.1103527676854,402.8089338204136,404.10965974754185,3203500
2023-12-01,408.30743408203125,410.5147348780878,405.55820922982105,406.8589352230995,2171400
2023-12-04,402.2669372558594,408.79023316447143,402.06984665553375,407.7851132033355,3097900
2023-12-05,402.72021484375,403.07494184283445,398.41405280908606,401.1435802358322,2755600
2023-12-06,404.3855285644531,407.7752824242405,401.21256233773835,405.42017904350644,2224200
2023-12-07,407.1150817871094,407.52896004805547,404.00123652908536,406.050870657514,2363000
2023-12-08,406.1395263671875,407.62747921455673,403.2523324933814,406.19864753327334,1959300
2023-12-11,409.6376647949219,410.09096717039205,406.3563197435635,406.4351379421908,2236000
2023-12-12,414.60406494140625,414.8504131677529,408.6424498925394,410.90884154620653,2736500
2023-12-13,418.47662353515625,420.14193983835634,413.02740233984457,415.69780851270144,3694200
2023-12-14,412.446044921875,419.6295674977007,409.8248962303756,418.8018410801437,3989700
2023-12-15,412.45587158203125,413.1357950198888,405.5876825620135,406.59277239233256,5566600
2023-12-18,418.2303161621094,418.88067910779074,413.4018967952327,413.4018967952327,2686900
2023-12-19,419.255126953125,420.44744396644086,416.34820580986303,417.85585577487075,2256200
2023-12-20,413.3230285644531,421.36380747719176,413.11607442146334,418.87076485640097,3058300
2023-12-21,417.2546691894531,417.7079413916824,414.465991129244,415.6287773193588,2213600
2023-12-22,417.9051208496094,420.93028416810193,416.78175854692336,418.54562019870747,1759000
2023-12-26,417.4813232421875,419.50136617492836,416.7718393211443,418.79188225388515,1258200
2023-12-27,418.16131591796875,418.8018453593533,416.78177187461125,416.8211960106514,1324100
2023-12-28,420.0926818847656,422.1028616224505,417.4912303581575,417.5799121049551,1505000
2023-12-29,420.2799072265625,422.09302643239505,418.07260682971184,420.44740716812265,1706100
2024-01-02,415.7274475097656,418.0825210308561,413.43146508832325,417.8952939639812,2463700
2024-01-03,412.6529541015625,415.18542095024804,411.4015160044759,415.047481588207,3093700
2024-01-04,413.6383361816406,417.26460463972575,412.1701104923246,412.386898117146,2042600
2024-01-05,413.2934875488281,416.58469610038424,410.8989600388025,414.34783505694736,2415900
2024-01-08,416.4714660644531,416.5701365648607,411.0925985474204,413.96461489857137,2125400
2024-01-09,417.0834045410156,418.1690512140964,413.0764060088109,413.6290933843424,2439300
2024-01-10,422.6793212890625,423.86366844907417,418.61310888912834,420.4389648778132,2709300
2024-01-11,421.1495361328125,426.15335884249686,420.2119255235906,424.3867173300037,2320600
2024-01-12,423.4984436035156,425.4821841561034,422.11672552432145,424.3373535470534,1892400
2024-01-16,422.7582702636719,424.1202603860025,420.9521424512952,421.8601459059148,2398000
2024-01-17,421.8404541015625,424.7618057002705,419.92577653586324,419.92577653586324,2690400
2024-01-18,425.09735107421875,425.5908240379417,421.8700487343828,423.04451679757926,2075700
2024-01-19,431.0782470703125,431.3644698266881,423.7353668569242,426.9034548953716,2400200
2024-01-22,434.00946044921875,435.1839284822557,431.5519747911291,433.249522947512,2715500
2024-01-23,433.0323791503906,434.8483559351719,432.14410377287135,434.5226469316288,2328600
2024-01-24,432.9731750488281,435.1740451126199,430.07155171560095,432.80538099467077,2725700
2024-01-25,431.09796142578125,432.9040893077717,428.788511610763,430.3084167454874,2977800
2024-01-26,432.8054504394531,434.14771273048615,425.04806893761753,426.90350221293465,2725400
2024-01-29,434.82861328125,435.2036575439706,428.9957894915011,430.0912849881021,2314200
2024-01-30,439.37847900390625,440.3950321487242,434.3055622584645,435.14447235720576,2663600
2024-01-31,443.36578369140625,455.9690738730802,440.78983884585193,444.12572130494823,4740500
2024-02-01,454.9031066894531,455.12023598707043,448.1227632171664,449.0603738476043,3292700
2024-02-02,454.56756591796875,457.78501944880395,452.5147315333629,456.17629268338635,2050300
2024-02-05,450.79742431640625,455.3472305126341,449.5834700019685,453.5115255738833,2438800
2024-02-06,454.4886169433594,454.54783129173126,449.4157002253638,449.4157002253638,2201900
2024-02-07,455.88018798828125,456.2058668854807,453.6200734255375,455.189313804987,2544300
2024-02-08,452.27789306640625,454.73537901970826,451.47846919920676,453.99516950421224,2081300
2024-02-09,451.9028015136719,452.9982970248563,450.4125035401371,452.08044455021,2155400
2024-02-12,452.72198486328125,453.4029800032455,450.1263121006931,453.18585068152936,1794500
2024-02-13,454.4490966796875,455.8505730977964,450.08681270684394,450.7974149533558,2407700
2024-02-14,459.11737060546875,459.37398618039293,453.4424316189759,455.9690107408177,2202700
2024-02-15,465.1278991699219,465.94705107897187,459.15688805246293,459.74903154372754,2354100
2024-02-16,462.0190124511719,467.980174423304,460.9728521535752,467.980174423304,2237200
2024-02-20,445.85284423828125,449.8993287599122,444.24411747984357,446.8891254644254,5044200
2024-02-21,453.05755615234375,453.6003945321321,446.09959879405534,447.39249566420995,2895800
2024-02-22,465.4041748046875,466.33190629765136,455.5544445441036,455.7814529287042,2572800
2024-02-23,467.239990234375,468.96714574051833,465.70032675923306,467.5459410859271,1764100
2024-02-26,468.3157043457031,468.8782406129453,465.83846052131287,466.82540641224784,2066900
2024-02-27,468.5526123046875,468.799348804058,463.8152835644534,468.3552110575104,2011100
2024-02-28,472.5990905761719,472.8853133449772,467.48671760642765,467.98019059854664,1931900
2024-02-29,468.5624084472656,472.1450266029221,465.88776358178995,471.7601032748351,3072500
2024-03-01,470.40802001953125,471.266658116819,467.71364692183687,468.7104718996619,1748300
2024-03-04,462.37432861328125,470.4080836271091,459.68983424954735,469.460623886733,3212400
2024-03-05,461.41693115234375,463.11447928608123,458.5547940982696,461.268895292843,2015100
2024-03-06,465.4436950683594,467.4373149546037,461.06165283830256,461.06165283830256,1917100
2024-03-07,461.43670654296875,467.09188742103794,459.8082517893761,467.0228240968293,2178100
2024-03-08,463.1342468261719,465.4634247138478,461.0024400487471,461.0024400487471,1596900
2024-03-11,463.0355224609375,463.2427726577903,458.62387326988676,462.8776075093172,1774500
2024-03-12,466.6971130371094,468.17753191922134,462.59141438974837,464.3876631953187,1853900
2024-03-13,469.4013366699219,469.9441749998884,466.60829295617924,468.03937659430983,2103900
2024-03-14,473.2209167480469,475.7080100239307,470.9509226950824,474.7407920237072,2757700
2024-03-15,469.61846923828125,472.21414185667356,466.9043679272048,467.16098350748683,4179300
2024-03-18,472.6385498046875,474.54334821666646,470.42777044543783,472.3918133227462,2072300
2024-03-19,477.68182373046875,478.2838462825003,473.2504462021873,475.3328876294165,2049500
2024-03-20,481.6690979003906,482.0737493441378,477.3265418521568,477.99765785286945,1691100
2024-03-21,482.2612609863281,483.6034929585487,477.0896439683285,482.1526812749051,2580300
2024-03-22,475.38226318359375,482.5080140603423,475.1749828508009,481.93556854958086,2277800
2024-03-25,469.8257141113281,476.02373288735504,468.21698754564903,475.3131306656807,2600300
2024-03-26,470.5758056640625,473.7340446762506,466.14442809263056,471.48380916880643,2515100
2024-03-27,471.7108154296875,475.8658493275979,468.5525764318615,474.22751548290563,2309400
2024-03-28,475.2835388183594,476.13229782536996,471.0495325227416,471.67131325165303,2214500
2024-04-01,472.1549072265625,476.97120798347277,471.0988678968305,474.385414573623,1648200
2024-04-02,473.1714782714844,474.1386961222807,470.08233270274036,470.7435997258847,3265100
2024-04-03,471.187744140625,476.99096097032515,470.9804638073073,474.1683100378628,2265000
2024-04-04,463.6375732421875,475.66844639697615,462.8776357279339,473.70443365751095,2552600
2024-04-05,470.9212341308594,473.05304090713355,466.3615488534946,467.8123605434924,2462700
2024-04-08,473.2536926269531,474.07397915749266,468.7370949158711,470.83231367909946,1961800
2024-04-09,466.641845703125,473.2932027090223,462.36243374307105,472.38394152497494,2217200
2024-04-10,463.6867980957031,468.8457928797044,463.370530714397,464.6751110415967,2710500
2024-04-11,462.8368225097656,464.85298931753545,458.76497809317016,462.8071743285154,2299900
2024-04-12,459.9410400390625,464.03263956399735,456.7092377089863,460.5537891817554,2486300
2024-04-15,454.4163818359375,465.495360636606,453.0722606523343,464.744233205742,2070500
2024-04-16,454.4460754394531,457.9644671868923,453.6356515684012,454.6239645347811,1787200
2024-04-17,454.7820739746094,457.99409094404336,452.7955553666354,457.36155620205335,1735000
2024-04-18,449.3858947753906,456.511622451615,448.49638902264167,455.11809762134715,1998900
2024-04-19,450.06787109375,454.4856012448162,447.3005765999868,453.5269665902646,2548800
2024-04-22,451.41192626953125,455.35528516935796,449.8108641646668,452.153160959629,2157400
2024-04-23,457.4110107421875,457.5691444348751,451.96539668875636,453.12173612113315,2029100
2024-04-24,457.09478759765625,462.67875032207047,454.9699205631702,459.85218946411396,4043100
2024-04-25,456.7093505859375,458.5772768157269,451.3823586790205,455.5530411530487,2006500
2024-04-26,457.01568603515625,459.38763107480014,455.55297201626564,457.499949727494,1963300
2024-04-29,451.7578430175781,456.19535838919654,450.35442539648096,455.5628538023184,2120700
2024-04-30,445.9267883300781,452.37057751925045,445.61052096644715,450.92764914394354,2698800
2024-05-01,436.90350341796875,443.73274937129673,433.2566262999541,440.589891337252,4979100
2024-05-02,435.94482421875,439.46321571370754,432.9304517910532,437.8226126879372,3866500
2024-05-03,438.39581298828125,440.0562015449953,431.793890204333,439.7102860056417,3711500
2024-05-06,444.11822509765625,445.2350236564374,440.35275483543325,442.00325087983697,2536200
2024-05-07,447.7651062011719,448.0022916807137,442.29973626331065,446.48031130575936,2345300
2024-05-08,449.45501708984375,449.79103983441524,444.6617239690936,448.69402706486545,2332400
2024-05-09,450.1666564941406,450.7003539328498,448.24932695592406,448.24932695592406,1970100
2024-05-10,451.6392822265625,453.22055888602335,449.6626562413175,451.9851676452452,1729900
2024-05-13,452.4101257324219,453.3588976776084,450.18642169278957,451.58980912991103,2069300
2024-05-14,448.8917541503906,453.6158888470169,444.04899656454177,452.5682795324328,2991000
2024-05-15,452.6473693847656,453.24036323710436,447.49826692481315,447.49826692481315,2437800
2024-05-16,453.5072021484375,459.49637678846244,453.4577985605541,454.6240007150718,2412200
2024-05-17,454.8907775878906,456.2941952074308,452.7560180578261,455.06869683608363,1985900
2024-05-20,454.2879333496094,456.818012083909,453.41821312952186,454.11004425756903,1397200
2024-05-21,453.7344970703125,455.00942926496504,450.30504980876293,452.558402206262,2166000
2024-05-22,451.1846008300781,457.0947229162003,449.8504025243533,453.5367903921287,1713700
2024-05-23,445.9366455078125,452.69670197812303,445.17565544922047,451.1845844803025,2084600
2024-05-24,445.9070129394531,449.13881546860733,445.05707831134015,447.2214860041239,2162100
2024-05-28,439.8782958984375,445.36345063534253,437.2296245431562,444.7408086774475,2670800
2024-05-29,437.298828125,439.36439855197506,436.6366451838561,436.9430197826327,1876900
2024-05-30,436.93316650390625,438.9987369750415,435.5198862069587,437.04186645247853,2189900
2024-05-31,441.84503173828125,442.1118653490368,434.1263108162351,437.51621664275945,3917100
2024-06-03,438.01043701171875,439.79928111303536,432.7723902223805,438.29705622424297,2123800
2024-06-04,439.57196044921875,439.68069056247555,436.1622987089789,438.1784355053068,2096600
2024-06-05,441.43988037109375,442.3392488044552,437.1407128651486,441.5782285049624,2157000
2024-06-06,443.43621826171875,444.52336846803576,439.43356313950136,443.248436400586,1887100
2024-06-07,444.5332946777344,447.705770833951,442.03286409562827,444.1972718906791,1664700
2024-06-10,443.9996032714844,444.9088644777582,439.1766311358547,443.1793167744191,1954500
2024-06-11,443.79205322265625,443.99959049602825,439.90796042690454,442.60606562441006,1777300
2024-06-12,437.8226013183594,447.21157358139413,436.438969332832,446.21336793141023,2738900
2024-06-13,439.79925537109375,439.94749627892304,434.1856451478985,437.82262950425735,2916600
2024-06-14,439.43359375,439.7597237541551,436.0436875549559,438.1586615937398,2161500
2024-06-17,442.8728942871094,444.08853005361146,436.51804936140655,437.25928406175524,2351900
2024-06-18,444.8495178222656,445.9268054560644,441.47939727729084,441.83517545435257,2636500
2024-06-20,447.22149658203125,449.16847427352496,443.11997376650214,445.78843075962743,3006800
2024-06-21,449.5341796875,449.9789024464938,444.99782658024577,446.90526345540934,5007800
2024-06-24,451.61944580078125,457.6580531892938,449.61317185814784,449.61317185814784,2597100
2024-06-25,450.3248291015625,454.9303714715001,448.49644395164023,453.1217718852991,2299400
2024-06-26,447.093017578125,449.3661253009512,446.11459740817463,447.458688544231,2451400
2024-06-27,437.5755615234375,443.45603567942396,436.8343268060065,443.3275501693224,3313800
2024-06-28,436.004150390625,443.060689262998,433.5926643479528,439.4434903599078,4105000
2024-07-01,432.49560546875,437.29882197721946,430.4596832521845,435.6483261184729,3149700
2024-07-02,439.453369140625,439.5620992542344,429.91615472882455,429.91615472882455,2061300
2024-07-03,442.94207763671875,444.0391206625607,439.0876632775106,440.11551716027174,3192400
2024-07-05,444.2367858886719,444.6914315693564,439.08768377562035,441.8845962014473,2220700
2024-07-08,441.02471923828125,445.34364159353237,439.79922094825525,444.02919876577045,1802700
2024-07-09,440.1537780761719,443.00431003664835,438.26330066456933,442.0838248138197,1608400
2024-07-10,429.20684814453125,432.9382959985985,424.6637458177506,430.1669026925838,4760900
2024-07-11,431.9584045410156,433.2945790571448,425.7128851410591,427.58357779258523,4032600
2024-07-12,435.61065673828125,437.70900894522913,432.8492011902874,432.928370044516,2645600
2024-07-15,439.4609375,439.8568422133858,434.25470141247587,435.82844303696004,1727700
2024-07-16,438.9956970214844,442.5885915903017,435.20486521867025,442.3708394889918,2846600
2024-07-17,446.5477294921875,446.9040346612758,437.5407540712605,437.87727457726356,2925000
2024-07-18,444.1326599121094,450.774053977059,442.9053463099525,444.16235200875536,3339900
2024-07-19,439.1540832519531,446.6268862214599,439.03531486548235,446.60710155891206,2121700
2024-07-22,443.36065673828125,444.26135732110055,438.71860076830114,440.85652244747774,2111700
2024-07-23,437.2042541503906,444.15247712509097,436.60047453355077,443.46952864659033,2385500
2024-07-24,428.02899169921875,431.4041040256727,424.47566638590195,429.56313366578877,3764800
2024-07-25,425.2081604003906,433.2253592960487,425.1685608669995,429.50378850271943,2384300
2024-07-26,433.700439453125,436.27386546189734,427.6924863562221,427.86076172149166,2039600
2024-07-29,436.78851318359375,438.39197705828695,430.9686506601593,434.31407105088454,2248600
2024-07-30,442.87567138671875,444.14258456872795,438.48105967915075,439.2332695585484,2266900
2024-07-31,458.9694519042969,469.15426497492666,452.8625451593133,457.27694181100446,4313600
2024-08-01,457.6827392578125,462.72070004648157,454.4956564364344,460.70154671598516,2590100
2024-08-02,457.2967224121094,461.9783781249688,453.9215794850146,455.51513603558993,3808100
2024-08-05,437.48138427734375,456.5840661239587,435.09601835378476,450.3484838149127,4496700
2024-08-06,443.7169494628906,450.79387809992227,437.5902283492219,438.6888963588626,2758900
2024-08-07,445.2412109375,452.2488478933131,444.4494015462135,445.92415937486123,2059800
2024-08-08,450.92254638671875,451.60549486352284,446.41907357819906,447.6166951685045,1585400
2024-08-09,452.11029052734375,454.10962898847123,448.82422397469963,450.9225461668044,1760200
2024-08-12,451.03143310546875,453.7731042148398,449.24984678695074,453.0901557447694,1760000
2024-08-13,454.6639099121094,454.9410764461289,450.2396360922642,453.45641107122424,1816100
2024-08-14,455.4556884765625,455.8318084873162,451.407505055327,454.5648954122244,1654100
2024-08-15,463.9183044433594,464.20534819085145,459.2564638817806,460.3452244708947,2130500
2024-08-16,464.08660888671875,465.45250587452404,461.27564604766195,463.2156003608374,1921900
2024-08-19,462.2060241699219,465.34360000426057,460.7609281587311,464.205362618915,1690800
2024-08-20,464.3240966796875,464.86849205370726,460.75101686037084,463.34422729427996,1763300
2024-08-21,463.2155456542969,464.2943987492054,459.7711114920855,463.75003358761734,2105900
2024-08-22,464.0271911621094,466.0958211588232,461.9288690680491,464.6903247380436,1538200
2024-08-23,461.6714782714844,465.53160162714767,457.17788328535846,465.4920020988463,1986300
2024-08-26,463.84906005859375,465.71972268923236,462.2258114469046,463.3145720760139,1434400
2024-08-27,470.13409423828125,470.63889009534023,463.4333158674039,466.26406314721106,1635900
2024-08-28,466.9767150878906,471.53960216456215,464.0766761087283,470.14401315347754,1445300
2024-08-29,475.88470458984375,476.9932800512953,469.6194303251168,469.6194303251168,1893400
2024-08-30,478.3987121582031,480.7741704235337,474.74643337059103,476.91404696667274,2982100
2024-09-03,477.1912536621094,481.71454152897934,475.13253091658515,477.53768163236066,2063700
2024-09-04,478.2008056640625,481.19982833552393,476.2608212743913,477.1615218398259,2156300
2024-09-05,472.4798583984375,479.21035904169474,468.27330682349873,478.2007975377226,2293500
2024-09-06,471.2525634765625,475.52840684935455,469.8569744504876,472.2324329223965,2116200
2024-09-09,482.11041259765625,484.2087347318339,474.66730139979,475.5877866407201,2343600
2024-09-10,483.0309143066406,483.33774273074476,477.39908130071336,482.1203364691685,2234100
2024-09-11,483.18927001953125,484.1097552685707,472.9549807052042,481.54623677409245,2480000
2024-09-12,487.07904052734375,487.8411879854991,478.06218848950664,481.9718188834065,2299100
2024-09-13,488.3162841796875,491.7706258691323,486.4258370082253,488.0589627427258,2204700
2024-09-16,492.621826171875,493.2256057555867,488.3460131481384,490.2364603454058,1589200
2024-09-17,495.8683166503906,496.6106493211767,492.7604329089415,493.50276557972757,2202800
2024-09-18,489.7020263671875,496.6700339618268,488.9893857943728,496.15536085030266,2193800
2024-09-19,487.9699401855469,496.00692412736294,481.27903838711495,494.8884713492185,3517200
2024-09-20,487.70263671875,488.484568889925,482.7537524554008,484.64422986867123,3470200
2024-09-23,492.0577087402344,492.60207395982883,486.27738499076605,488.11838575478026,2191300
2024-09-24,482.4271545410156,488.20744791753737,479.46773132434544,487.64326784444836,4143700
2024-09-25,484.4463195800781,484.8917010652088,478.5967344306091,479.8042634662869,3483200
2024-09-26,486.2476501464844,488.58353916136593,484.0008676268105,485.9804212776359,3073700
2024-09-27,488.59344482421875,490.9293036250411,485.37667015328856,486.0101116123488,2177200
2024-09-30,488.75177001953125,489.9296068237896,485.09949122407323,486.75243176465455,2862400
2024-10-01,491.3054504394531,492.9385762433943,488.06886072402756,492.1764589230466,3748100
2024-10-02,490.50372314453125,490.84024365046605,484.673922971527,487.90060518371433,1736500
2024-10-03,489.9098815917969,492.00820382198276,487.9600198579743,490.48393891293296,1382200
2024-10-04,492.61199951171875,493.94817422815424,487.43545519535724,490.4938623425506,1935600
2024-10-07,486.2773742675781,493.4334720606009,485.73300905998775,492.24572770964824,1990500
2024-10-08,491.97845458984375,492.4436508948222,486.504990085186,487.46507479096755,1750100
2024-10-09,495.49688720703125,496.28974939633247,491.17570661180446,493.94086415863,1707500
2024-10-10,493.58404541015625,496.26000817711804,491.42347027740374,495.54642012231176,1491000
2024-10-11,497.7863464355469,498.44047140111763,492.0479098820331,492.087562068183,1919900
2024-10-14,502.1470947265625,504.2581272847413,497.5781410720401,499.8675630798742,2127000
2024-10-15,502.7120361328125,505.33842613061785,499.51079534559864,501.11636091988896,2885900
2024-10-16,509.4911193847656,510.80928984063894,501.4929926579007,501.83988121185445,2956700
2024-10-17,509.18389892578125,512.4346521882172,506.9638302585557,511.69133251184047,2227400
2024-10-18,511.7409362792969,513.3861238824239,508.014417284443,509.9569206602425,2604600
2024-10-21,510.4226989746094,514.1987600221007,509.3622224479514,512.3850433089192,2217500
2024-10-22,508.4504699707031,509.9668105657971,505.9528966475994,506.59710094677575,1855800
2024-10-23,509.15411376953125,510.1352860187423,507.3404271504208,508.09363715418476,1759700
2024-10-24,506.0718688964844,508.7676731313613,504.92219746406084,507.3404666416144,1911900
2024-10-25,502.8408508300781,510.1452002512729,501.11635896010364,507.93508256636386,1582200
2024-10-28,503.68328857421875,506.30967857623597,501.63174936253193,502.8805057857862,2186400
2024-10-29,501.7705078125,506.83500821498654,501.195687243661,503.0192945342168,2066300
2024-10-30,509.1144714355469,511.84989728830794,502.48405807209514,507.9549097776173,3121000
2024-10-31,495.14007568359375,523.1979422281431,494.5850661045845,516.6071505473391,5523300
2024-11-01,503.554443359375,506.00244391570317,494.08951871311905,495.982509691521,3753700
2024-11-04,501.07672119140625,505.4573649961716,498.54944646472705,504.6050396437479,2165100
2024-11-05,501.0569152832031,503.62384221952163,499.12427206392545,501.07672625238257,2132900
2024-11-06,516.4881591796875,518.3414977453077,511.344385491771,516.2205447853307,3673700
2024-11-07,513.2672119140625,519.3624576359427,511.98872381009534,519.3227752041375,2382300
2024-11-08,520.0858154296875,524.129490587187,514.9024199609931,515.7052026291035,2215600
2024-11-11,525.398193359375,529.2734006952671,523.8124688252818,524.1394859470987,2213400
2024-11-12,524.4566040039062,526.1712358258676,522.60326515186,524.3872202431093,2577600
2024-11-13,517.2315673828125,525.7747833396994,511.8201783730041,525.289157497443,2681500
2024-11-14,515.7647094726562,517.7072126165515,513.0392043141068,515.9827208494188,2480400
2024-11-15,517.2413940429688,518.7280331226359,513.386028845072,513.911337022474,2408100
2024-11-18,516.9837036132812,518.8271215660757,512.3949394515998,513.9708035025366,2493400
2024-11-19,514.8331298828125,517.9947185937325,512.1571670050747,514.1591939825282,2716000
2024-11-20,507.9747009277344,517.8460073617542,506.44843973561035,516.8846763457328,2409400
2024-11-21,510.51190185546875,515.4872073101716,507.02326591865693,508.6585630688577,3077300
2024-11-22,516.2205810546875,517.0630462292057,511.5822740117826,512.3255936114438,3130400
2024-11-25,521.9094848632812,523.544812307034,516.3792301631718,516.9937029076283,4503900
2024-11-26,523.7727661132812,525.9234812999106,520.3832452702705,523.1979757745471,2326800
2024-11-27,527.6380004882812,528.8669459067604,521.8896742290858,524.3376444592006,2086300
2024-11-29,528.1929931640625,530.9978026933572,525.3089397655639,528.2623769182433,1760600
2024-12-02,526.6270751953125,530.0562781872651,521.5427641036789,528.1830982079251,2355100
2024-12-03,521.4931640625,530.0562197454939,521.2751526983841,529.9075316397789,2319400
2024-12-04,516.4981079101562,521.5923393372698,513.5545308864456,518.9758398698609,2630000
2024-12-05,520.0957641601562,522.7716662042284,517.5188867034371,519.9272348380027,2538600
2024-12-06,523.8619384765625,526.2702867671944,517.8459978076443,518.272160460735,2122700
2024-12-09,518.1632080078125,526.8551122787704,517.2315782427867,524.3079962138435,2942000
2024-12-10,524.2980346679688,524.9422087211548,515.586289861542,517.8559311870692,2003200
2024-12-11,529.6895751953125,531.1167512904516,522.5735359335025,524.4764172298528,2181100
2024-12-12,527.6676635742188,531.969032718656,527.2315803452504,531.513108277439,1860400
2024-12-13,524.2880859375,529.9174857260149,524.1988609701339,529.4120187244479,1608200
2024-12-16,525.5863647460938,530.2345919060139,524.2880357351053,527.2613138205595,2923000
2024-12-17,526.2802124023438,527.0433732373702,520.194887918989,524.6845674668388,4055800
2024-12-18,515.3286743164062,532.3457220839584,515.0809010970531,525.5963820084389,3190300
2024-12-19,518.6190795898438,524.5061128654424,517.5486824072326,519.4911856187618,3050500
2024-12-20,523.3267822265625,527.3406961370525,514.7934268861798,518.2127092882662,7317100
2024-12-23,524.2484741210938,524.6845573767934,516.4882004875886,521.1463487890381,2270300
2024-12-24,530.9383544921875,530.9680558210993,523.1285382590232,524.5557143344112,955000
2024-12-26,531.37451171875,532.9106936998269,528.173240341685,528.876938116281,1109600
2024-12-27,527.459716796875,532.7719608606176,526.0721623737029,528.8571313373624,1541800
2024-12-30,520.8687744140625,523.8618938289342,516.6863921112284,522.3058709771002,2101600
2024-12-31,521.8797607421875,524.476419127369,520.8787473014294,522.9699386627424,1942600
2025-01-02,517.7469482421875,525.8342395819188,513.0491171460578,524.4764471663726,2818800
2025-01-03,516.716064453125,519.788488052017,513.06885065446,517.8756864410906,1627500
2025-01-06,507.37017822265625,516.7161769588148,506.45838969733853,516.3296362119972,2920800
2025-01-07,506.8448791503906,511.73098990414366,506.52772217834007,509.1045696461822,2211800
2025-01-08,511.80035400390625,512.8409893616426,506.9737065870916,507.47914335576957,2456700
2025-01-10,500.9120178222656,509.93432603646625,499.6117447931984,508.30652366075697,2815500
2025-01-13,501.1502380371094,502.3809947989354,496.19740530331114,497.26934985549315,2885500
2025-01-14,505.2296142578125,505.5968845276508,500.4554339435615,503.29415294384484,2704800
2025-01-15,518.4602661132812,519.8697356187664,509.9044602910659,511.7307852795409,3024800
2025-01-16,519.2445678710938,523.194912292788,516.8425442494496,519.7209742711092,3275600
2025-01-17,520.7929077148438,524.197359434879,517.1303823551596,520.6738061243391,2374800
2025-01-21,524.1278686523438,526.033554663785,522.9864077429253,523.7308229671548,2706900
2025-01-22,523.25439453125,526.3511568869269,521.7556289168001,524.0682957450791,2037600
2025-01-23,530.2418823242188,530.3709191209583,524.7431579440963,525.1103978792303,2196500
2025-01-24,529.5173950195312,532.0682649672572,528.1874071592616,529.0211182339191,2472900
2025-01-27,543.5620727539062,543.9094422846509,527.7010248936017,529.6067714401952,3074600
2025-01-28,543.2841186523438,547.4429206189662,538.6191046617573,542.4702174386105,2727800
2025-01-29,544.71337890625,546.5098984177001,542.4305178457214,542.9267946232563,2549000
2025-01-30,561.7952880859375,572.6438919588803,550.4007918343025,550.867262960252,6005200
2025-01-31,551.2940063476562,561.3287081139911,550.5099108588208,559.6215451011361,4505100
2025-02-03,559.7506103515625,560.7927795070801,546.9665152395321,548.524831648727,3195500
2025-02-04,554.9465942382812,567.7406238858363,553.4280188266838,566.6289687694358,2638900
2025-02-05,562.0731811523438,562.6488792283486,555.6315176968293,557.169963728624,2404700
2025-02-06,562.9366455078125,565.5073858612069,560.3361600498224,561.9143468519027,1738400
2025-02-07,558.5595703125,565.8051998903359,557.5968223442135,563.8300278063934,2008300
2025-02-10,561.2791137695312,563.0458882191015,556.8225578921418,561.0409106034459,2357700
2025-02-11,560.4950561523438,562.2121545745392,555.0558209760516,560.7828749007156,1847800
2025-02-12,560.395751953125,560.5446592290111,555.2742019080926,557.8250719917937,1722200
2025-02-13,562.0929565429688,563.1649312595804,557.2889710638738,561.3882217660067,1709500
2025-02-14,560.5545654296875,565.0011860497201,559.9292518324127,561.7952573956039,1927400
2025-02-18,564.3759155273438,564.395785986127,557.3387440847381,560.6935802630805,2064100
2025-02-19,564.2666625976562,566.4502924054585,562.4304628619234,563.2641738735749,2459100
2025-02-20,559.0856323242188,564.2667331434924,554.877154086366,563.9193636086518,2181900
2025-02-21,553.358642578125,560.5943374983492,552.4355748741133,557.249436257337,2256100
2025-02-24,554.8374633789062,557.2791670482533,552.643898109997,554.2717005562284,1752500
2025-02-25,559.8300170898438,561.8249988703897,548.5744329922906,558.2518302639046,3609500
2025-02-26,557.0905151367188,562.4602028468868,555.4329071950508,558.4006930094785,2028000
2025-02-27,560.6140747070312,570.4205081259158,559.8001735679804,561.3584898314567,2436500
2025-02-28,572.0184326171875,572.1375341756302,559.8001030049683,563.0755170234416,3205400
2025-03-03,570.6388549804688,577.8944188167285,565.7555086056154,573.0309428981635,3092600
2025-03-04,550.9367065429688,568.9317072598969,547.8994951016804,566.2121202244463,3318100
2025-03-05,554.1426391601562,556.8126106536554,547.2146347130672,548.4652618887029,2795400
2025-03-06,545.725830078125,551.5421796609464,540.6340252407524,544.4156520505479,3133200
2025-03-07,542.6985473632812,546.2816512942087,532.2866698669055,542.9963013250117,3161300
2025-03-10,533.120361328125,544.475176435737,528.0583624231198,534.1427205698596,3893400
2025-03-11,521.8847045898438,534.0434869779157,518.3611511975973,533.1998405955003,4582600
2025-03-12,520.7333374023438,528.7432522572329,515.3933941657509,526.5596222120466,2810800
2025-03-13,515.9591674804688,524.5943961279786,513.8549586434141,520.5943759433455,2375800
2025-03-14,523.7109375,524.4751624917191,517.0707522350507,518.7084291435835,2369500
2025-03-17,528.028564453125,529.5074595807563,517.5968167307922,519.3536559369738,2544800
2025-03-18,526.2420043945312,528.6241573065746,521.5968607386453,528.3760189024312,2363300
2025-03-19,532.0980834960938,533.6166589947755,525.636549898559,527.6117218600631,2804300
2025-03-20,532.3859252929688,536.465306206525,528.5844278961562,529.626597100111,2598600
2025-03-21,531.7010498046875,534.0434618027288,526.8077677398817,531.4529114003018,5973400
2025-03-24,539.62158203125,541.3982916918303,534.2320234199051,535.333743342413,2758700
2025-03-25,541.1005249023438,543.1055026749555,537.9640820022523,541.8846810628672,2138200
2025-03-26,544.9814453125,546.9268722949498,541.0608462397505,543.0658240185678,2681600
2025-03-27,553.4180297851562,557.6463171399078,543.720763273468,544.9813255302976,2901200
2025-03-28,536.5844116210938,554.4305673576038,536.0683249204154,550.1029874229921,2656400
2025-03-31,544.0384521484375,547.3238020069251,527.0658105144455,528.1972755308931,4741800
2025-04-01,544.425537109375,547.0458929230572,539.9491110728327,542.7282487931052,2714900
2025-04-02,543.3040161132812,545.4380306707765,537.6167031439501,538.8176542762895,2994600
2025-04-03,526.5993041992188,535.9690126746872,523.0757510096887,524.4851601693678,3443500
2025-04-04,486.12298583984375,517.0013453618058,484.6540258370018,515.7507180812603,6125100
2025-04-07,481.9046325683594,498.46045031039927,462.12304578544735,474.9369169174756,6009400
2025-04-08,476.3463134765625,501.8053059991289,468.1478114532074,497.2693290018281,3555400
2025-04-09,512.4033813476562,515.4653125388379,467.24015415394433,467.3494936701544,4698400
2025-04-10,496.4078063964844,505.6432627929487,481.28713000585236,503.85381442597384,4105300
2025-04-11,506.7566833496094,512.880484350581,492.9979572255089,495.334163795139,3736200
2025-04-14,509.4507751464844,520.3463774486723,505.5140070532369,512.8407243858863,3005500
2025-04-15,514.3419189453125,518.2289324966738,510.3654071814935,510.3853091568739,2210700
2025-04-16,510.4150695800781,518.6563678524913,506.8759767582804,513.0196797686442,2501000
2025-04-17,514.2921752929688,520.9030890593785,506.14031482466225,507.9496347846503,3329800
2025-04-21,506.3292236328125,514.6103259364645,500.58316564876594,513.9641185380084,3345600
2025-04-22,524.2333984375,525.6947370913387,509.73899899013577,512.5921407515043,2384000
2025-04-23,526.897705078125,540.7458985789796,524.5217249831044,534.5822938485978,3051800
2025-04-24,532.3157348632812,532.8922853446824,522.1855693695578,525.5854697194155,2209100
2025-04-25,530.3472900390625,533.7670921672034,526.7684541574777,532.3157043830063,2006100
2025-04-28,531.3513793945312,534.6021968472862,527.3848190219484,532.8823751009654,1735400
2025-04-29,536.5109252929688,537.3062154590924,530.2777240886084,531.2023164096117,2041500
2025-04-30,544.8416748046875,545.8457535820542,526.440359681746,535.3676685066905,3783500
2025-05-01,543.420166015625,549.5837714393084,536.5606588917789,546.7703723520782,2839900
2025-05-02,556.105224609375,559.0776573438276,551.7310375466925,552.3672939697649,2632600
2025-05-05,557.8250122070312,561.2348634382962,552.5859390409844,554.5344514631707,2130900
2025-05-06,555.70751953125,562.4178825473448,552.8344754700875,553.2122489088372,2341700
2025-05-07,563.0044555664062,563.8991342464707,555.2104663407055,555.9859152068448,2493700
2025-05-08,563.7898559570312,570.5002198314766,563.6705654534039,566.1061911431835,2004300
2025-05-09,565.3009033203125,566.2353859728897,561.2845877733093,564.1178886928662,1528000
2025-05-12,574.8743286132812,577.3794895236628,563.103828225213,576.5941503693753,3000300
2025-05-13,573.2042846679688,579.4374259074237,572.4188847224481,574.605978436624,2370200
2025-05-14,569.9136962890625,575.2422075011325,568.9195683460605,574.8743850163621,2237500
2025-05-15,578.78125,579.6162834202069,570.28146896506,570.7586309194638,2034200
2025-05-16,579.85498046875,580.8589987309325,577.0216794019336,577.0216794019336,2225900
2025-05-19,582.9664916992188,584.9945513667883,577.0713207704831,577.6081886480159,1875500
2025-05-20,577.6975708007812,580.5606636173478,573.4625768147456,577.8268122643359,1964300
2025-05-21,566.1956176757812,575.6000900406298,563.7699430212514,573.0750268605947,2505300
2025-05-22,566.7921142578125,569.7943393551463,563.6009417493932,565.3207636568454,1869900
2025-05-23,560.2706298828125,564.2172885985376,559.2069057276963,561.1752595918209,1948800
2025-05-27,571.1762084960938,571.1861594839958,563.1635395485413,563.4916187655298,2655200
2025-05-28,572.5380859375,575.440982903941,569.5756044047565,571.2059886171279,1702900
2025-05-29,574.38720703125,575.1824971603007,569.5756016338601,572.4983398826006,1347800
2025-05-30,582.1612548828125,582.1612548828125,573.1246665470632,573.393100487823,4581100
2025-06-02,577.8069458007812,578.4034589023241,571.4048208521498,577.0912028910263,2089100
2025-06-03,578.5525512695312,579.1093211109081,570.0726723264595,576.4649070713607,2116900
2025-06-04,580.699951171875,583.4039500099599,578.8011328512792,580.7396944453457,1530200
2025-06-05,582.0022583007812,583.2449182144225,579.2087612419858,582.8671447465352,1480000
2025-06-06,586.6547241210938,587.6885952452237,582.5986654888552,584.4576797209752,1528600
2025-06-09,580.8987426757812,586.5354305870177,576.594152102492,585.2828197896877,1936000
2025-06-10,586.078125,586.4062041879132,579.7355843096786,581.216885810423,2133700
2025-06-11,587.2711181640625,591.2178375611397,584.1495419306543,586.8536014268607,2238100
2025-06-12,585.8197021484375,587.2014937776297,581.12738703579,585.9687849233432,1984000
2025-06-13,558.729736328125,571.8621271378258,549.2656192431565,569.4960978665838,5905400
2025-06-16,565.3306274414062,571.6234732758268,559.3360684822642,560.588679192852,3108200
2025-06-17,566.1061401367188,567.9353014787013,560.6881309909068,561.4038739481822,2246600
2025-06-18,535.5664672851562,567.7265390424949,531.0232958136716,567.5277013408313,6966800
2025-06-20,529.84033203125,535.1788548208748,524.23349663833,533.7771004650797,8202800
2025-06-23,539.1652221679688,539.9406710258631,524.4720439063567,528.2994119077854,3681100
2025-06-24,554.256103515625,560.8073717629585,549.2456605519145,553.9081223782863,4503200
2025-06-25,546.4720458984375,555.2004561446751,545.3983709201115,552.7350386979759,2889200
2025-06-26,542.60498046875,545.6867528800013,538.8869515994483,542.3266561913251,3764100
2025-06-27,547.0884399414062,553.430980411864,542.3464307302017,543.5592982463595,3837500
2025-06-30,558.6401977539062,559.3261483867909,548.6591761390141,549.2556285690235,5054600
2025-07-01,561.2945556640625,562.9845852794172,553.7689999571875,556.0356407610933,3827000
2025-07-02,558.22265625,562.6663783479959,554.1169036217435,559.6343007227986,2502300
2025-07-03,565.8973388671875,566.3148555829918,557.4472519743277,557.4870559222376,1528700
2025-07-07,561.8015747070312,567.3985198445263,557.0595650326367,567.318972620103,2478300
2025-07-08,559.1372680664062,563.292715180994,557.1291104011599,561.264716219019,3083800
2025-07-09,562.5516967773438,562.8602909574223,556.7182399493582,559.4557905257744,2454300
2025-07-10,560.9689331054688,563.4974125112147,558.4702862934563,563.0892953378783,2577200
2025-07-11,547.6892700195312,558.2811162032835,543.3788553721812,557.2856433083936,3221400
2025-07-14,550.5164794921875,556.5390787890067,545.3101145602833,548.0078681732497,2500900
2025-07-15,547.8685302734375,552.3481589743787,546.1663102527457,550.6060811462349,2449100
2025-07-16,553.005126953125,553.005126953125,547.012360629513,549.9191244960869,2424200
2025-07-17,553.0947265625,554.8567331758757,548.0178386797261,550.4766277704188,2722000
2025-07-18,550.1580810546875,553.8313788524281,548.3861707105502,552.7463473081561,2579600
2025-07-21,552.1390991210938,555.5535640677031,549.5408685302818,550.8947579266072,2194400
2025-07-22,556.2305297851562,557.6739778559124,552.7264452148546,553.2938721430355,2010400
2025-07-23,559.54541015625,559.9435628759302,551.9897438269625,554.4883906214269,2180400
2025-07-24,560.9490356445312,565.2694151995385,559.3563031476609,559.4558261441465,1874700
2025-07-25,565.6476440429688,567.3798181161651,561.2974318540912,561.8051328101271,1513300
2025-07-28,565.7073974609375,569.062136443335,563.6566648544631,564.8014830510497,2492400
2025-07-29,560.7698974609375,570.4060694939614,560.4513387872605,567.4495436383214,2393800
2025-07-30,556.578857421875,563.0494314914248,552.6965494354528,557.7933659956827,2833200
2025-07-31,563.9055786132812,576.8168954178241,559.963544296837,565.9961084333476,4568300
2025-08-01,557.3553466796875,562.3127823688399,553.5824654345457,561.3073450001751,3316700
2025-08-04,567.23046875,567.3399561980787,559.9535635368792,561.7354383369927,2984700
2025-08-05,563.4774780273438,569.2413052043346,559.5852055869532,567.021359244163,2883200
2025-08-06,566.5535278320312,567.7779401240493,561.416853358441,566.4141470361852,2245200
2025-08-07,558.6793823242188,571.3020346617491,551.3527149125537,570.3761912137621,2979600
2025-08-08,571.7200317382812,573.5516679406965,560.1426764730583,561.1978753693412,2907700
2025-08-11,570.9933471679688,573.9797659711247,566.8621101867312,572.3969372715598,2116600
2025-08-12,571.5806884765625,575.7019613408944,567.8775580249143,572.5761614915886,2593800
2025-08-13,575.2838745117188,577.643140675398,571.44130253156,574.7164476071964,2352900
2025-08-14,581.1173095703125,581.75442685201,572.8946931325204,574.8557457153994,2642300
2025-08-15,579.066650390625,586.8910535093047,578.4792945926761,582.3516991056047,2263800
2025-08-18,581.4955444335938,582.8394085220508,578.0611508356178,579.3851467824288,1812000
2025-08-19,582.8594360351562,587.896527244787,581.5752369132094,581.7643792233259,2334500
2025-08-20,589.9968872070312,591.191466871451,583.2575160469974,583.2575160469974,2884600
2025-08-21,589.2404174804688,589.5291435637358,581.2865971714784,586.373450105671,2349200
2025-08-22,596.24853515625,599.0458118803059,590.3951490044634,592.6050699194998,2388900
2025-08-25,590.5245361328125,596.3280997398813,590.1760841417057,595.1136518936315,1984300
2025-08-26,588.9317016601562,593.3018422278158,583.6357785961891,590.3950784025315,4774600
2025-08-27,587.9860229492188,591.9281176845326,587.149859700388,588.5335816760363,1480900
2025-08-28,587.806884765625,590.8431260597329,587.0503155549824,588.1453723236469,2159800
2025-08-29,592.5950927734375,594.1281600596383,587.5878952416091,589.3200085182028,2111200
2025-09-02,589.1906127929688,592.9236366262451,583.3471910133215,592.9236366262451,2284500
2025-09-03,590.5941772460938,591.3108885528225,586.2937271291939,589.1507294236154,1959400
2025-09-04,592.9435424804688,593.1924107263465,586.622252579866,590.3453725756294,1653700
2025-09-05,581.5751342773438,595.8701709491194,576.4086883809484,592.7742041289714,2432100
2025-09-08,583.9443969726562,587.1199580526369,578.0711431355506,579.9824341504353,1948200
2025-09-09,581.356201171875,588.5036896417964,580.6593579570572,580.8982617429725,2266000
2025-09-10,576.7571411132812,579.4946918135032,568.4150726642607,579.4946918135032,2535200
2025-09-11,586.0647583007812,587.2991350118597,577.3842635203933,578.2503201082902,2407000
2025-09-12,577.782470703125,586.5426819149956,577.3743534974784,583.785202197701,2242800
2025-09-15,580.3209228515625,583.844875160935,578.8675104963064,580.0919227609743,2222600
2025-09-16,583.7651977539062,585.4475493758891,574.2186467210339,575.3932974454298,2537000
2025-09-17,595.9199829101562,596.1788156011738,584.7806380573154,585.0494351993487,2930800
2025-09-18,583.39697265625,598.8964954382448,583.2277592491106,593.3815965779853,3294600
2025-09-19,581.5155029296875,586.2042028101249,578.877535835272,585.9553345507167,6745300
2025-09-22,581.843994140625,584.6910322900201,577.5137109679034,578.3399097974624,3241700
2025-09-23,567.3897094726562,584.2032628122188,565.6775250985502,582.7996726338574,3223000
2025-09-24,566.2349243164062,569.0719977102168,562.392413596156,568.6937739153723,2867200
2025-09-25,564.7318725585938,569.7988573273497,562.0142504621022,562.4422966003106,2700600
2025-09-26,562.5717163085938,567.081177844523,561.5065528034754,564.0549615020766,2106500
2025-09-29,565.5680541992188,566.7427050676739,559.9635362553898,563.4377273616986,2615600
2025-09-30,566.2349243164062,568.0466922422647,561.0983110087835,563.2485056876194,2379200
2025-10-01,571.1725463867188,572.8648018314459,562.452193433645,563.1191433121733,3685100
2025-10-02,574.7164306640625,577.2150775570534,568.1861303671125,570.1372185158267,2483500
2025-10-03,577.8223266601562,580.579745609773,573.8205056765818,573.8205056765818,2331600
2025-10-06,576.189697265625,578.5091662576665,566.6829427200385,576.607778893241,2573500
2025-10-07,577.215087890625,583.4268296551672,576.2892445379107,576.3688993899523,2120700
2025-10-08,573.8304443359375,580.4304350231564,573.4720886469385,578.6883573163096,1934700
2025-10-09,562.7362060546875,577.5385325955075,560.7027820526249,575.3854381565585,2579800
2025-10-10,555.6889038085938,567.590545303519,554.9014638297116,565.7564909418269,3553900
2025-10-13,557.4432373046875,563.1847410360479,551.2332728145059,556.2072309701146,2996500
2025-10-14,566.0953369140625,567.9792792146965,554.2136512108104,554.2136512108104,2627300
2025-10-15,561.0018310546875,566.8629449655591,557.6028132934044,562.4870343264204,2262400
2025-10-16,548.1133422851562,562.835908479604,545.6313519281664,560.9918156834789,3210600
2025-10-17,559.167724609375,560.9918623450218,550.2365496237853,550.7149880439943,2756700
2025-10-20,564.5404052734375,565.5969973117078,552.0107823963912,559.8954035155114,2046400
2025-10-21,570.1921997070312,574.1294603962912,558.9683663273814,560.353854269722,2722400
2025-10-22,569.5243530273438,574.5780717251852,566.7533160869151,569.2153514109818,1820500
2025-10-23,571.9266357421875,575.136261461097,569.8333460289697,572.5147061455345,2187500
2025-10-24,571.826904296875,578.9539572160456,571.2388339102062,575.3854419532629,1839600
2025-10-27,570.5210571289062,573.8702472256487,564.6599440400785,573.8702472256487,2981000
2025-10-28,564.1117553710938,572.1458575213749,563.6333169983717,571.2388079665792,2916000
2025-10-29,552.7982788085938,564.9889671577062,549.4590050861034,559.8256166092332,3763400
2025-10-30,551.901123046875,561.1114269313426,543.8869759560273,549.7879390750735,4284700
2025-10-31,550.216552734375,552.6487159179935,541.7837720215902,547.1265367727974,3567100
2025-11-03,542.322021484375,549.2297495087246,538.6239190547673,548.2329623045346,3175500
2025-11-04,550.97412109375,552.2500379039172,540.7370971501116,543.0795835577918,2653900
2025-11-05,551.5323486328125,554.5426655841358,547.6050044501372,551.2233470201252,2198500
2025-11-06,551.50244140625,553.216886156996,546.0998110742502,548.412364637792,2593600
2025-11-07,550.1966552734375,556.8751423329853,548.9008439547953,552.0207930623876,2510400
2025-11-10,551.1834716796875,552.9178716723853,546.8175388792112,550.5056636847862,1978300
2025-11-11,556.5560913085938,556.7355665373333,546.2493460540991,551.2233042916675,1832400
2025-11-12,559.4268188476562,564.0917752932402,556.6158718537035,558.2007901520708,1761500
2025-11-13,553.7850341796875,561.7892032126688,553.0772934139655,558.0811842846864,2031300
2025-11-14,543.9766845703125,555.2104963069999,542.3020892968607,554.2535586482852,2567800
2025-11-17,535.1251831054688,547.5551511053659,534.4872855362039,544.2458103061138,2557900
2025-11-18,525.885009765625,534.2779409826917,523.0142577529214,531.8457777730139,3594700
2025-11-19,528.6560668945312,529.2940253305802,523.2933466671828,526.4532060274263,2723100
2025-11-20,526.18408203125,536.7301086448745,525.4863187570961,531.5766745267753,3240300
2025-11-21,538.663818359375,542.6608838608462,529.9618248758833,530.8290248585005,3807500
2025-11-24,536.1219482421875,542.2920631797132,533.3907611653127,541.6940152209304,5941000
2025-11-25,544.7142333984375,548.6316603553361,537.2682627445952,539.760230568086,3132600
2025-11-26,543.17919921875,546.9071733216591,542.4216312716022,546.7177813348721,2185300
2025-11-28,548.7612915039062,549.6284915088172,543.6676626270181,546.3689778661126,1254800
2025-12-01,542.2222900390625,548.0136819276481,541.644197282052,545.8805427731227,2227000
2025-12-02,544.1560668945312,552.967692403414,539.3017181573216,545.5217213136833,3076000
2025-12-03,551.950927734375,553.286649281254,544.7441761262179,545.5615488878813,2687900
2025-12-04,540.5676879882812,557.2040695281495,537.8265230666311,555.2404278597551,2878800
2025-12-05,543.7673950195312,548.6715712088765,539.5110940332073,539.9696380659964,2126700
2025-12-08,538.7036743164062,545.5715526940983,535.6634855382438,544.963466267216,2453800
2025-12-09,535.8229370117188,540.1589977527725,534.1981690394639,536.9792442116243,1965300
2025-12-10,537.1287231445312,543.1991838165362,535.7731071863275,536.3612383894491,3023400
2025-12-11,561.5599975585938,563.3143527572264,540.9065960670204,541.026205663376,3659900
2025-12-12,570.092529296875,571.8668398192701,564.0719561592499,564.181588156279,3515400
2025-12-15,567.301513671875,571.4580993317799,565.3378112180943,571.0394657355824,2714000
2025-12-16,564.2015380859375,569.1655191169151,560.6728722878605,568.8664951100608,2748700
2025-12-17,563.6531982421875,569.9230283274844,561.749361562526,563.7030862707345,3287100
2025-12-18,564.390869140625,567.3014705580941,561.2310100987883,563.1847347976696,2259000
2025-12-19,570.3915405273438,571.099281366892,563.3841578953198,564.4008395053681,7262100
2025-12-22,573.8504028320312,577.5883548295834,569.1654908272866,570.3915196139837,2500200
2025-12-23,574.498291015625,579.8510335301885,573.9002430181009,574.0398078305445,1794700
2025-12-24,577.5883178710938,580.4191592662263,575.1461772211472,575.3953740050385,1058900
2025-12-26,577.7378540039062,579.3327500748798,576.8208267875117,577.8873964239883,972300
2025-12-29,576.0433349609375,580.1201604523326,575.5548581385168,577.7378244936391,1274900
2025-12-30,575.5648193359375,575.9237089477585,572.4050211041781,574.2291586243052,1512800
