Date,Close,High,Low,Open,Volume
2012-05-18,37.93232345581055,44.649609624651944,37.70411479415053,41.72257890337034,573576400
2012-05-21,33.7650260925293,36.37454880407039,32.74304734125792,36.245559982018534,168192700
2012-05-22,30.758623123168945,33.32845662582704,30.69909083412013,32.356087703874614,101786600
2012-05-23,31.750839233398438,32.24694609642029,31.115823054329667,31.125745418689803,73600000
2012-05-24,32.7728157043457,32.9514144644507,31.522628168605454,32.693440580407206,50237200
2012-05-25,31.66153335571289,32.69343632764635,30.867763294608,32.64382640851372,37149800
2012-05-29,28.615440368652344,31.443249506485007,28.426919254797564,31.234883666435564,78063400
2012-05-30,27.970504760742188,29.31991410718718,27.64307431511615,28.476533975345603,57267900
2012-05-31,29.369524002075195,29.438978653790837,26.62109177634527,28.32769854884861,111639200
2012-06-01,27.50415802001953,28.92302365264899,27.176727634989433,28.665047911034808,41855500
2012-06-04,26.69054412841797,27.434704291250238,26.234126803612813,26.988209329049173,35230300
2012-06-05,25.668567657470703,27.543850828401084,25.54950118816683,26.4921049016224,42473400
2012-06-06,26.601247787475586,26.95844531192051,25.321293145710232,25.86700990361453,61489200
2012-06-07,26.105138778686523,27.137041811027764,25.94638475717206,26.789766679278415,26159500
2012-06-08,26.888992309570312,27.543853216270392,26.234131402870233,26.34327362565525,38034000
2012-06-11,26.799692153930664,27.851438141707828,26.631015749924167,26.96836855793716,28219600
2012-06-12,27.18665313720703,27.553773013731085,26.750078609245342,27.266030152063948,15816800
2012-06-13,27.057666778564453,27.881204035069292,26.88899038181058,27.444629497736198,17102800
2012-06-14,28.069725036621094,28.099490234890684,27.16680887499747,27.434707014407866,16855000
2012-06-15,29.776330947875977,29.865630325029503,28.12925649092892,28.288010518646903,43563800
2012-06-18,31.16543197631836,31.830217119478156,29.181004588370687,29.726721363057326,42978900
2012-06-19,31.66153335571289,31.929431461022208,30.460955901729605,31.294415412138292,30849000
2012-06-20,31.35395050048828,31.681380916568653,30.90745361833447,31.671458553354427,15553600
2012-06-21,31.592084884643555,32.24694578613135,31.264654433899658,31.423408477139276,21875300
2012-06-22,32.79266357421875,33.18955058693046,31.81037408449963,32.157647381876075,74834000
2012-06-25,31.810365676879883,32.7628897136376,31.304334680168925,32.60413570751131,24352900
2012-06-26,32.842262268066406,33.17961497795262,32.246935737676054,32.435454922467784,24858700
2012-06-27,31.979042053222656,32.64382709557336,31.651611659563272,32.20725071403132,28568000
2012-06-28,31.11581802368164,31.9393533149555,30.659398799394392,31.711144649060472,17713300
2012-06-29,30.857847213745117,31.740916823045232,30.520494395979288,31.671462165122414,19526900
2012-07-02,30.530410766601562,31.48293484682518,30.312122578844146,31.00667280671337,14122000
2012-07-03,30.95706558227539,31.195196623062458,30.56017862179966,30.669322725180216,8763600
2012-07-05,31.22496223449707,31.383716263794057,30.77846723678579,31.07613056859331,10032100
2012-07-06,31.482938766479492,31.651615163248263,31.01659903070577,31.195197791107685,10945600
2012-07-09,31.919509887695312,32.623984424539515,31.740913028315966,31.85005523807602,17785200
2012-07-10,31.22496223449707,32.227098227245115,30.917376539296324,32.1774883027763,14269500
2012-07-11,30.728851318359375,31.314257432942814,30.312121573952467,31.234880428888978,13030300
2012-07-12,30.570100784301758,31.155506965411977,30.36173683466792,30.460958574135244,11300700
2012-07-13,30.480802536010742,30.82807769074909,30.32204850398704,30.798312492555485,8108300
2012-07-16,28.0300350189209,30.262515684144688,27.990345565362656,30.262515684144688,24672100
2012-07-17,27.871278762817383,28.367385537673517,26.938597496188645,28.258241441606078,30438600
2012-07-18,28.883338928222656,29.061937681660222,27.930812874054727,28.089566900999834,16841800
2012-07-19,28.774194717407227,29.270301522879766,28.40707484865875,29.181002146494926,13685100
2012-07-20,28.536060333251953,29.24053100605532,28.496370885067343,28.77419134486846,11869100
2012-07-23,28.52614402770996,28.77419745403787,27.791906112879033,27.901050226062498,12390700
2012-07-24,28.22848129272461,29.22069501981514,27.881206109743424,28.595599311949506,11539800
2012-07-25,29.111549377441406,29.260381050199808,27.861359919775513,28.16894562914253,17230200
2012-07-26,26.640933990478516,28.010187846216684,26.5218675326983,27.533925800090117,64597400
2012-07-27,23.525386810302734,24.348926029315546,22.10652275522025,23.009437105044338,123102300
2012-07-30,22.969743728637695,23.85281509136093,22.850679160234982,23.813125640228563,29285900
2012-07-31,21.540958404541016,23.18803487891733,21.441738549064343,23.18803487891733,56179400
2012-08-01,20.717418670654297,21.411968932075936,20.677731111642974,21.332591921556084,44604400
2012-08-02,19.883960723876953,20.677730817795375,19.6656725286765,20.60827617113966,56374500
2012-08-03,20.9257869720459,21.98745532254604,19.745052145486166,20.20147142913425,80647000
2012-08-06,21.74932289123535,21.977531572417984,21.134149606637266,21.223448984925653,27778900
2012-08-07,20.558664321899414,22.275195222336905,20.340378019573706,22.027141831854298,36782900
2012-08-08,20.558664321899414,20.985316456329045,20.0625575409342,20.548741959180447,29537400
2012-08-09,20.846410751342773,21.00516479717662,20.44952563675816,20.588434953738396,15610700
2012-08-10,21.64017677307129,21.650099135568915,20.965471263209853,21.243291735651955,25794700
2012-08-13,21.431814193725586,22.27519613439829,21.23337071621533,21.977530918132903,24973100
2012-08-14,20.221311569213867,21.43181332655207,20.092324638799347,21.24329221979499,39308800
2012-08-15,21.034931182861328,21.243295151322513,20.24115908789636,20.479290148636615,47861100
2012-08-16,19.71528434753418,20.320533334619466,19.53668560323134,20.280845776161716,157565300
2012-08-17,18.90166664123535,19.923647239604183,18.852056722648268,19.85419259658343,129293400
2012-08-20,19.854196548461914,19.973261133768954,18.604007047753203,18.90167040351827,101186600
2012-08-21,19.010812759399414,19.824427622928415,18.94135810897581,19.42754255443833,70640600
2012-08-22,19.288631439208984,19.377930807781482,18.812367509323284,19.209254432977552,49892200
2012-08-23,19.288631439208984,19.576372377111507,19.209254432977552,19.34816372075828,32813700
2012-08-24,19.258865356445312,19.52676347613244,19.100111335704174,19.368009455391302,29622200
2012-08-27,19.000890731811523,19.377932972911232,18.951280807060293,19.338243519112392,20704000
2012-08-28,19.18941307067871,19.229100634499957,18.802450334058722,18.951282010258915,25417000
2012-08-29,18.95128059387207,19.229099197349417,18.9215135038578,19.169566909818172,16124700
2012-08-30,18.94135856628418,19.298556082797855,18.911591475742263,19.119957324541016,30647500
2012-08-31,17.919374465942383,18.554392363988644,17.88960927349287,18.534547640690985,58764200
2012-09-04,17.591947555541992,18.127743834795787,17.41334879579073,17.939222711447524,46622400
2012-09-05,18.435325622558594,18.604001982903462,18.03844062542271,18.1277399863404,60781800
2012-09-06,18.812366485595703,19.11003166213812,18.574235479859976,18.5940802034622,46066500
2012-09-07,18.83221435546875,19.268788885170633,18.63377276378413,18.95128082447738,36371700
2012-09-10,18.66353988647461,19.05050453128817,18.405564087431408,18.911593321035667,24797800
2012-09-11,19.278711318969727,19.42754298640055,18.703227483739166,18.77268213570706,50508200
2012-09-12,20.76702880859375,20.995237458853733,20.12209041362129,20.59835243829353,121584000
2012-09-13,20.548744201660156,21.312749181921596,20.44952434863702,20.796797619212775,65041600
2012-09-14,21.82870101928711,21.908078038202802,20.737265589823274,20.965474282643715,72819800
2012-09-17,21.352436065673828,22.572858278858973,21.332591340460127,22.49348127050133,50667600
2012-09-18,21.6997127532959,21.808854964855247,21.203605942125414,21.431814621064486,36760500
2012-09-19,23.108657836914062,23.188034856717866,21.600492568144336,21.818778899480442,78782800
2012-09-20,22.414108276367188,23.059046821339525,22.36449834694528,22.840760482386617,57248900
2012-09-21,22.682004928588867,23.05904528761076,22.4240291492592,22.791147144557183,51218100
2012-09-24,20.628122329711914,21.808855189882614,20.20147016490346,21.610413598865247,79106500
2012-09-25,20.122093200683594,21.044850291608512,20.062559019980835,21.03492982065537,46291700
2012-09-26,20.459447860717773,20.61820190546167,19.645831015783436,19.99310619834727,38271900
2012-09-27,20.161779403686523,20.836484932884233,20.003025384169085,20.826562570102244,30215900
2012-09-28,21.49134635925293,21.77908921077669,20.340378738152378,20.40983338714163,65486000
2012-10-01,21.818777084350586,22.414105629601753,21.560801318325172,21.908076460763127,51262700
2012-10-02,22.096599578857422,22.31488591181181,21.650102656339982,21.908078445739232,29341400
2012-10-03,21.66002082824707,22.314881592862193,21.630253741674718,22.126360496231452,32000100
2012-10-04,21.779088973999023,22.225583952288844,21.243292729054566,22.146206941093062,46892100
2012-10-05,20.7471866607666,21.461579786486215,20.7174195708418,21.32267048516506,40529300
2012-10-08,20.24115562438965,20.58843073823276,20.00302460439649,20.24115562438965,32236700
2012-10-09,20.072479248046875,20.389987274694633,19.814503503271293,20.231233261370754,27161800
2012-10-10,19.48707389831543,19.78473910464747,19.298554682718716,19.77481674185335,39321800
2012-10-11,19.59621810913086,19.80458205151283,19.457308814209544,19.72520504120105,21817300
2012-10-12,19.368009567260742,19.64582815891381,19.328320115597606,19.59621823683211,18809400
2012-10-15,19.368009567260742,19.725205169742864,19.33824247851339,19.526763588918843,20189700
2012-10-16,19.328319549560547,19.5366853796955,19.149720807301208,19.526763017070294,21834700
2012-10-17,19.72520637512207,20.320534938968244,19.21917908297502,19.348166023767984,44074500
2012-10-18,18.83221435546875,19.63590876315803,18.74291497683661,19.54660938452589,52157400
2012-10-19,18.852060317993164,18.911592610150702,18.653616820804785,18.852060317993164,34835000
2012-10-22,19.16956901550293,19.278713131713584,18.90167085343905,19.050504427361766,32447300
2012-10-23,19.348163604736328,19.64582690319497,18.951278575959105,19.100110225188427,78381200
2012-10-24,23.049123764038086,24.06118219079891,22.672083391272896,23.942115714269278,228949900
2012-10-25,22.384340286254883,23.128500552749372,22.29504090287575,23.108657717274227,76142000
2012-10-26,21.769166946411133,22.701846369206052,21.709632767724198,22.2255842946941,73175800
2012-10-31,20.94563102722168,21.33259375011294,20.56858877556069,20.657888156612117,99378200
2012-11-01,21.044849395751953,21.27305996040321,20.846407812682163,20.91586246138145,37713900
2012-11-02,21.015087127685547,21.521116357650772,20.90594301166437,21.09446415047436,38344400
2012-11-05,21.08453941345215,21.312748091727812,20.75710899473137,20.93570774903312,31806700
2012-11-06,21.00516128540039,21.20360475576441,20.826562540572212,21.07461593227864,29062700
2012-11-07,20.31061363220215,20.786877643557382,20.211393776813182,20.687655895670982,33396800
2012-11-08,19.8343505859375,20.56858845796976,19.82442822236306,20.36022450039861,34254600
2012-11-09,19.060422897338867,19.84427257234521,18.98104588274938,19.804583118801812,42295500
2012-11-12,19.913726806640625,20.012948545924534,18.723071612725523,19.000890211723746,67349200
2012-11-13,19.70536231994629,19.953415715141997,19.407697110213107,19.457308924750578,71775100
2012-11-14,22.185897827148438,22.32480713259655,19.774818354028433,19.943494750285723,229751000
2012-11-15,21.99737548828125,22.324805899101516,21.48142396441379,22.166051875218795,78857700
2012-11-16,23.37655258178711,23.743672457411392,22.007298605736896,22.076753257004306,107182200
2012-11-19,22.74153709411621,23.932194239513915,22.642315349916842,23.77343831329651,85021300
2012-11-20,22.920133590698242,23.713903680875088,22.52324854560982,22.553013741180717,46655300
2012-11-21,24.130634307861328,24.33900014673945,22.870522589042775,23.039198975754687,89862400
2012-11-23,23.813127517700195,24.48783310016794,23.694061047412863,24.38861135701139,29520900
2012-11-26,25.738019943237305,25.88685159681192,24.616817575147763,24.745806396077008,123865000
2012-11-27,25.946388244628906,26.29366342305555,25.261760252016092,25.837246022978654,85760600
2012-11-28,26.154752731323242,26.28373967466173,25.54950179201044,25.738022917656576,49205600
2012-11-29,27.107276916503906,27.30572040570859,25.95630922111043,26.293662017259972,88759700
2012-11-30,27.781982421875,27.781982421875,26.55163771314879,27.04774454211084,127049600
2012-12-03,26.829456329345703,28.655127590265355,26.76992215146453,27.781980465477695,123526100
2012-12-04,27.246187210083008,27.543852454669036,26.4722617376537,26.849302109799073,72869200
2012-12-05,27.494239807128906,27.682760933778454,27.047744792429306,27.53392926221192,58976300
2012-12-06,26.76000213623047,27.53392948410992,26.61117046346449,27.46447482965229,46001500
2012-12-07,27.275951385498047,27.563694235244604,26.631012929941893,26.859221601639153,51751900
2012-12-10,27.62322998046875,27.95066043075997,26.888992058376243,26.958446715635368,50608500
2012-12-11,27.762134552001953,28.02011030096052,27.44462652020591,27.851433922506732,77099100
2012-12-12,27.36524772644043,27.9208867458233,27.15688380385824,27.78197746410184,46704200
2012-12-13,28.02011489868164,28.526144117075546,27.216422324760714,27.37517636670812,81051600
2012-12-14,26.601247787475586,28.10941301013485,26.55163786130151,27.960581339115254,91631600
2012-12-17,26.54171371459961,26.789767113801474,26.11506156517284,26.561558440735098,57742500
2012-12-18,27.494239807128906,27.69268329754921,26.690547266671718,26.750079556798855,60512900
2012-12-19,27.196575164794922,28.000267666859113,26.740157808127968,27.613304960772147,61390300
2012-12-20,27.14696502685547,27.38509606660892,26.918754457823294,27.27595196370211,35574800
2012-12-21,26.05552864074707,26.799688820116284,25.916619346197255,26.452413691244544,54555200
2012-12-24,26.720312118530273,26.7500773148505,25.995996656447264,26.2936599746329,28230100
2012-12-26,26.3035831451416,26.968366342497024,26.174594315469665,26.819534678834792,33175400
2012-12-27,25.847164154052734,26.59132437222121,25.321292144411952,26.34327096616505,43481700
2012-12-28,25.708253860473633,25.90669733466182,24.95417130805464,25.28160171571709,56574800
2012-12-31,26.4127254486084,26.779843401127298,25.906696312638946,25.995995683251035,60374500
2013-01-02,27.781982421875,27.960581183100917,27.206498575978912,27.226343303336762,69846400
2013-01-03,27.553773880004883,28.248322308714734,27.375175117837458,27.66291609605368,63140600
2013-01-04,28.536060333251953,28.704736703042446,27.613301480427335,27.791900212263975,72715400
2013-01-07,29.19092559814453,29.55804548058179,28.426920635030065,28.466610089346457,83781800
2013-01-08,28.833728790283203,29.36952508178238,28.635287191299998,29.280225699865852,45871300
2013-01-09,30.351816177368164,30.361738541122303,29.26038076687898,29.438979529458695,104787700
2013-01-10,31.056285858154297,31.20511941663371,30.04422939397761,30.361737452738712,95316400
2013-01-11,31.4730167388916,31.711147791137623,30.857845327047063,31.03644408935592,89598000
2013-01-14,30.709012985229492,31.959200509090984,30.381582558980565,31.830215460792154,98892800
2013-01-15,29.865633010864258,31.46309579499945,29.647344783748267,30.401427429472456,173242600
2013-01-16,29.61757469177246,30.113681464189096,29.300066660225358,29.974770281014376,75332700
2013-01-17,29.905319213867188,30.183139720960888,29.79617699777465,29.845786923953316,40256700
2013-01-18,29.42905616760254,30.20298348170069,29.04209345680212,30.07399464976901,49631500
2013-01-22,30.490720748901367,30.649474759314035,29.50842959978658,29.518351961999507,55243300
2013-01-23,30.580026626586914,31.254732260729238,30.56018189793626,30.8578471502036,48899800
2013-01-24,30.837997436523438,31.244804845613096,30.57009932053839,31.026518543234825,43845100
2013-01-25,31.29442024230957,31.68138297026225,30.88761089414464,31.16543140466041,54363600
2013-01-28,32.21717834472656,32.25686401402962,31.562315596295203,31.63177024881891,59682500
2013-01-29,30.550256729125977,31.820288887545534,30.470877826727556,31.750834240444114,72976500
2013-01-30,30.99675178527832,31.24480517846316,30.639554293493042,30.73877602926642,87682100
2013-01-31,30.73877716064453,31.22496160208177,28.516218903004038,28.92302633140045,190744900
2013-02-01,29.498510360717773,30.778466834244053,29.399288620580517,30.7685444709806,85856700
2013-02-04,27.89112663269043,28.972639675215426,27.791904888032683,28.833728475695626,92362200
2013-02-05,28.4169979095459,28.734505970044037,27.821671242360548,28.039957560828686,47948200
2013-02-06,28.82380485534668,29.061937789142327,28.436842149799002,28.516219163565122,38375900
2013-02-07,28.426921844482422,28.923028689560642,28.049881474921843,28.883341126053043,34540100
2013-02-08,28.327699661254883,28.94287297238867,28.288012098357726,28.665052462118993,37708800
2013-02-11,28.03995704650879,28.456686841393104,27.82167073204454,28.387232190995267,37361800
2013-02-12,27.156888961791992,27.940736776450517,26.888990816878145,27.454552305586898,93498700
2013-02-13,27.692686080932617,28.099493573934684,27.0973574423328,27.146969266173034,50164000
2013-02-14,28.278087615966797,28.407074551340834,27.791903178791948,27.801825541897223,35615800
2013-02-15,28.0994873046875,28.52613943203575,27.871278643430532,28.297930770778784,33109300
2013-02-19,28.70473861694336,28.85357027256496,27.901046162588976,28.010188367379655,49396400
2013-02-20,28.2383975982666,28.823803762278203,28.109410665474634,28.694816829486236,42098200
2013-02-21,27.067588806152344,28.327698691848642,26.93859997303159,28.059802447092714,49642300
2013-02-22,26.918752670288086,27.41485944328821,26.61116700092721,27.4049389732257,36350200
2013-02-25,27.057666778564453,27.42478477047166,26.938600307474573,26.948522671106844,34652000
2013-02-26,27.17673110961914,27.24618576191505,26.492105057704606,27.146965911490803,31611700
2013-02-27,26.660783767700195,27.127123539674283,26.422650807013955,27.127123539674283,44319700
2013-02-28,27.037822723388672,27.087432650285837,26.13490842787897,26.63101526684023,83027800
2013-03-01,27.563692092895508,27.901044838965642,26.601243773373085,26.839374789570165,54064800
2013-03-04,27.50415802001953,27.841510767322916,27.22633944635587,27.54384746911268,32400700
2013-03-05,27.30571746826172,27.960578262693385,26.998129903833842,27.662913060908068,40622200
2013-03-06,27.236265182495117,27.91096886818306,27.137043439968345,27.881203670173157,33532600
2013-03-07,28.357465744018555,28.456687486477847,27.256107998465332,27.355329740924624,74540200
2013-03-08,27.742294311523438,28.24832352868609,27.514085613341493,28.208635964544534,44198900
2013-03-11,27.92089080810547,28.416997620715716,27.61330511418636,27.79190386952562,35642100
2013-03-12,27.613304138183594,28.09948857025758,27.385095466648355,27.881202261723516,27569600
2013-03-13,26.869144439697266,27.434705893684125,26.710390413753487,27.40494069663046,39619500
2013-03-14,26.829456329345703,27.21641902308717,26.62109049175606,26.888988614729644,27646400
2013-03-15,26.44249153137207,26.849298947816468,26.353192157762596,26.819533751611456,31597400
2013-03-18,26.283737182617188,26.581402388440722,25.57926645791282,26.164672614285525,26653700
2013-03-19,26.34326934814453,26.690544473792748,26.005916585228796,26.323426515176745,25254200
2013-03-20,25.65864372253418,26.482180916248684,25.579266712025454,26.47225855337294,44006500
2013-03-21,25.53957748413086,25.906697343758747,25.36097873579822,25.460200472927156,24336100
2013-03-22,25.529653549194336,25.807474017549268,25.430431818174924,25.59910819315879,18456300
2013-03-25,24.934329986572266,25.59911325562321,24.88472005750029,25.54950332655123,39199000
2013-03-26,25.013704299926758,25.281602429899525,24.835107439108864,24.884717362808733,26957200
2013-03-27,25.88685417175293,26.07537529436461,24.52752064423295,24.80534114637135,52297400
2013-03-28,25.380828857421875,25.966235149186886,25.32129655948746,25.88685812110846,28585700
2013-04-01,25.331214904785156,25.6884105282064,25.083161494841107,25.43043475476491,22249300
2013-04-02,25.222068786621094,25.916619036052886,25.10300232664812,25.56934391133699,35153300
2013-04-03,26.04560661315918,26.184515909496916,25.499889898263305,25.628876831648743,48195200
2013-04-04,26.859224319458008,27.017978358658922,25.906700084252513,26.412729293891967,82016800
2013-04-05,27.17673110961914,27.583538552350042,26.402805678324913,26.65085908938021,64566600
2013-04-08,26.640933990478516,26.9882091087989,26.422645799964315,26.978286746275785,27256000
2013-04-09,26.382959365844727,26.680622684225057,26.21428298076328,26.373037002899085,21311100
2013-04-10,27.355329513549805,27.623227648213955,26.690546304844688,26.799690409892445,45949400
2013-04-11,27.80182647705078,27.88120349206567,27.037821524721675,27.266030206327308,33368500
2013-04-12,27.18665313720703,27.78198169488255,27.0278991074932,27.78198169488255,28697400
2013-04-15,26.313505172729492,27.266029322015157,26.154751147848547,26.94852127225327,30275400
2013-04-16,26.71038818359375,26.89890928334806,26.194436696106745,26.601244090183815,27365900
2013-04-17,26.42264747619629,26.988210820909767,26.184516438026158,26.442492202501448,26440600
2013-04-18,25.489967346191406,26.611167856521444,24.95417110572588,26.611167856521444,39059000
2013-04-19,25.529653549194336,25.757862205791007,25.132768517613794,25.42051134832038,20380900
2013-04-22,25.76778793334961,26.154752545612194,25.499891684856877,25.609033899984524,25687600
2013-04-23,25.777711868286133,26.124987047127043,25.56934789648007,26.01584293284912,25191500
2013-04-24,25.906696319580078,26.194437264131672,25.599108757390624,25.72809757830805,19729900
2013-04-25,25.936464309692383,26.194440086829395,25.797555003732974,25.86700965671268,17150000
2013-04-26,26.640933990478516,27.40493887228393,26.392880604892117,26.392880604892117,33018000
2013-04-29,26.769922256469727,27.196574403805524,26.65085768523481,26.948521005819337,29201100
2013-04-30,27.553773880004883,27.63315089735736,26.79969126890764,26.91875584868767,36245700
2013-05-01,27.21641731262207,27.702601713113122,27.097350856839903,27.63314706911399,64567600
2013-05-02,28.744428634643555,28.79404045242698,27.76213735249977,27.791904443169827,104257000
2013-05-03,28.08956527709961,28.84364780774286,27.930811259332312,28.813882612222226,58506400
2013-05-06,27.355329513549805,28.23839903985313,27.266030135328425,28.10941210047631,43939400
2013-05-07,26.68062400817871,27.6331500807573,26.640936446923984,27.335484855108916,41259100
2013-05-08,26.908836364746094,27.08743324096891,26.442494714754876,26.67070341145412,34654900
2013-05-09,26.829456329345703,27.335483593855056,26.64093521771645,26.86914388876925,33457200
2013-05-10,26.472261428833008,27.087432853972263,26.363117317841642,26.928678815710686,30847100
2013-05-13,26.611167907714844,27.117197060517803,26.323426953668385,26.39288160145556,29068800
2013-05-14,26.859224319458008,27.067590178720103,26.6111708966444,26.68062555223262,24930300
2013-05-15,26.39288330078125,26.779846016223075,26.194439815043353,26.71039136396401,30299800
2013-05-16,25.926544189453125,26.34327403588796,25.698335483488158,26.27381937689841,35499100
2013-05-17,26.04560661315918,26.392881746500745,25.99599669089491,26.194438272449215,29462700
2013-05-20,25.559419631958008,25.986071733829313,25.48996499072259,25.976149371867535,42402900
2013-05-21,25.460201263427734,25.876931058310305,25.390746613030185,25.66856710711766,26261300
2013-05-22,24.964092254638672,25.648720119997584,24.725961234621902,25.450276657068382,45314500
2013-05-23,24.864870071411133,25.33121163307279,24.57712913713851,24.60689433128911,37663100
2013-05-24,24.12071418762207,24.775575069277156,23.892505493938692,24.775575069277156,58727900
2013-05-28,23.9123477935791,24.348922301181027,23.733749045355715,24.348922301181027,50079700
2013-05-29,23.13842010498047,23.62460452624325,23.078887820794485,23.604761693179384,64237800
2013-05-30,24.358842849731445,24.587053413469178,23.743671484431207,23.94211306670664,60733200
2013-05-31,24.1604061126709,24.75573476388101,24.081029085342724,24.438224762070703,35925000
2013-06-03,23.66429328918457,24.13063297132468,23.525382106794027,24.081023051361928,35733800
2013-06-04,23.336864471435547,23.74367189856752,23.13842099320164,23.70398244592183,34760800
2013-06-05,22.721691131591797,23.525383620171773,22.612548922153252,23.16818800996804,53819700
2013-06-06,22.791147232055664,22.91021370470238,22.49348388918494,22.810991959579678,31260700
2013-06-07,23.108657836914062,23.2178000563334,22.682005645782073,22.850682049427338,38699200
2013-06-10,24.14055824279785,24.40845638487204,23.80320544740755,23.872660100723664,58393000
2013-06-11,23.8428955078125,24.160403583892826,23.81312841599344,23.8428955078125,29885900
2013-06-12,23.58492088317871,24.071105385157676,23.396399744044825,23.971883633376812,26445800
2013-06-13,23.545230865478516,23.64445261489953,23.088813467638282,23.535308501286668,31189300
2013-06-14,23.44600486755371,23.7039806123032,23.07888692146579,23.37655022329368,30677100
2013-06-17,23.832971572875977,24.061180250953715,23.5650734416557,23.72382746923128,33664500
2013-06-18,24.0214900970459,24.497754058376156,23.892503163090087,23.90242552608626,36709100
2013-06-19,24.12071418762207,24.993863291493795,23.91235022186701,24.011571969011168,31790600
2013-06-20,23.713905334472656,24.557287296906274,23.4658519274332,24.090947572971125,42765600
2013-06-21,24.339000701904297,24.507677092463663,23.862736727532553,24.398532989014285,45833900
2013-06-24,23.75359344482422,23.922269827772947,23.19795248187711,23.763515807644403,40626000
2013-06-25,24.06117820739746,24.23977694637562,23.852814273587693,23.952034113022556,24713200
2013-06-26,23.971881866455078,24.45806633259831,23.803205468609683,24.31915702584235,29890300
2013-06-27,24.46799087524414,24.646589652690782,24.021493931627536,24.051261025367822,34694100
2013-06-28,24.68627166748047,24.78549339847257,24.229854354412744,24.48783009799337,96778900
2013-07-01,24.616819381713867,24.864872786707956,24.428300156516414,24.7755734095103,20582200
2013-07-02,24.21993637084961,24.57713391000102,24.110792257776136,24.50767925349879,18394100
2013-07-03,24.32908058166504,24.51759982364348,23.961960676895917,24.03141533367718,10404400
2013-07-05,24.180246353149414,24.46798731410339,24.01156996483251,24.458064950967422,20229500
2013-07-08,24.517597198486328,24.84502950396326,24.229856237987708,24.27946616109177,27064600
2013-07-09,25.281604766845703,25.291527131002322,24.83510973478255,24.87479729891157,30387900
2013-07-10,25.59910774230957,25.62887482884027,25.27167736046016,25.38082145190899,26721800
2013-07-11,25.60903549194336,25.797556627970128,25.251839840915903,25.757867170912924,26777400
2013-07-12,25.708253860473633,25.728098586391898,25.351056363933786,25.539577475162844,16537900
2013-07-15,26.075374603271484,26.224206267705657,25.450278963151742,25.728099457926884,24234000
2013-07-16,26.115062713623047,26.541714881812503,25.807477014985405,26.184517365654386,30817600
2013-07-17,26.44249153137207,26.57148035658452,26.095216399834914,26.164672940140118,21518500
2013-07-18,25.976154327392578,26.56156054733744,25.916622036761844,26.54171581962806,24806900
2013-07-19,25.67848777770996,25.906698349717107,25.40066917395791,25.61895549011985,46539700
2013-07-22,25.847164154052734,25.926541168290814,25.5197337337585,25.7876318664985,27526300
2013-07-23,25.926544189453125,26.095220600926687,25.76779014247771,25.896778988456184,28221600
2013-07-24,26.3035831451416,26.323427871629175,25.847163898413847,26.115062028504227,82635600
2013-07-25,34.09245681762695,34.6084082971538,32.494992460532984,33.27884204202535,365457900
2013-07-26,33.74518966674805,34.4595848138226,33.29869648482172,33.50706047438671,136028900
2013-07-29,35.15412521362305,35.35256867404172,33.74518005114525,33.80471422476911,124718800
2013-07-30,37.336997985839844,37.664426498259104,35.044983258927324,35.37241555634101,173582800
2013-07-31,36.51346206665039,38.0117068184135,36.04712421851434,37.664429765126506,154828700
2013-08-01,37.19809341430664,37.99186362020782,36.63252812104496,37.009570388221114,106066500
2013-08-02,37.753726959228516,38.19030336835669,37.20801023281283,37.366764258406384,73058500
2013-08-05,38.88485336303711,39.01384220324733,37.952173851889484,38.130772619874435,79994800
2013-08-06,38.24983596801758,38.944386289413714,37.64458502772944,38.80547698213344,63950800
2013-08-07,38.56733703613281,38.636791677164396,37.40644907746715,38.309363195871796,68854800
2013-08-08,38.23991394042969,38.884850524410105,38.130769836295954,38.825320129424135,41301000
2013-08-09,38.20022201538086,38.43835493490023,37.71403570615123,38.28952138707633,43532300
2013-08-12,37.922401428222656,38.200219998834235,37.80333308225128,37.90255670389409,31161000
2013-08-13,36.73175048828125,38.02162750125276,36.48369707097924,37.9422523759134,65379200
2013-08-14,36.3646354675293,37.25762557192592,36.33486648121952,36.54323424540764,48423900
2013-08-15,36.275333404541016,36.78136071456428,35.73953711040241,36.07688991208285,56521100
2013-08-16,36.79128646850586,37.19809394135634,36.61268769652321,36.68214235396147,45840800
2013-08-19,37.515602111816406,37.981939986370335,36.85081695128958,37.13855983845784,57609600
2013-08-20,38.11092758178711,38.27960587684311,37.396532515657896,38.05139339794473,57995200
2013-08-21,38.02162551879883,38.54749752486171,37.85295102062567,38.081159698445305,46116900
2013-08-22,38.24983596801758,38.44827945770144,38.04147200709716,38.07123720580158,21931200
2013-08-23,40.234256744384766,40.313635641332645,38.62687193113155,38.69632657346387,86442300
2013-08-26,41.01811599731445,41.61344272491172,40.30372089620171,40.58154331607612,94162400
2013-08-27,39.33134460449219,40.879199108556904,39.113056411805104,40.363247607202,72695100
2013-08-28,40.234256744384766,40.531920037951046,39.56947551491988,39.648850626873624,57918200
2013-08-29,40.958580017089844,41.45468686336271,40.48231789886727,40.57161728259618,58303400
2013-08-30,40.968502044677734,41.93094670028778,40.74029336200753,41.69281754662959,67735100
2013-09-03,41.543983459472656,41.83172631940202,41.18678594852512,41.5142182618919,48774900
2013-09-04,41.454681396484375,41.84164407994694,41.11732863410777,41.68289006147526,42581900
2013-09-05,42.32782745361328,42.43697154342592,41.44475805057517,41.46460277463148,50035400
2013-09-06,43.6077880859375,44.26264890466513,42.06985777672809,42.75448379199055,117535700
2013-09-09,43.69709396362305,44.44125426769703,43.359741141043045,44.014602057228345,75794700
2013-09-10,43.26051330566406,43.91537415841512,42.89339531768103,43.89553321635737,54540300
2013-09-11,44.689300537109375,44.738910459094406,42.7743280255307,43.05214661664241,72328300
2013-09-12,44.401554107666016,45.26477879253066,44.3023342717024,45.17547942616576,68072300
2013-09-13,43.96498489379883,44.72898980114699,43.587942675303566,44.68930034972761,52765300
2013-09-16,42.17900085449219,44.590080341562114,42.09962573020318,44.500780961115275,70424200
2013-09-17,44.71906661987305,45.08618459183382,42.09962332319003,42.16907797234492,91934600
2013-09-18,44.87782287597656,45.115955817059444,44.05428751576244,44.49086015858724,79317000
2013-09-19,45.621986389160156,45.69144104675715,44.8778260991967,45.155644729584665,63972400
2013-09-20,47.12022399902344,47.22936431208338,45.383850255417514,45.959332156529825,115508400
2013-09-23,46.82256317138672,47.17976070922228,45.92957311179271,46.91186255584561,75177000
2013-09-24,48.07274627685547,49.27332373954099,47.78500344480859,48.13227666624845,136716100
2013-09-25,49.074886322021484,49.154265230982986,48.08267266997093,48.846677636249225,87879700
2013-09-26,49.99764633178711,50.20601029453047,49.114576769212555,49.620604076588556,98220100
2013-09-27,50.84103012084961,50.88071579105721,49.47177419632579,49.89842637726441,81410500
2013-09-30,49.83889389038086,51.198225604862095,49.4122416949241,49.749594505634214,100095000
2013-10-01,50.027408599853516,50.63265950997778,49.064963968093465,49.580915501560135,98114000
2013-10-02,49.88849639892578,50.7021112122818,49.56106789354804,49.73966663647929,62834000
2013-10-03,48.79705810546875,50.32506773725304,48.677993550457785,50.077014373067044,82045000
2013-10-04,50.64258575439453,50.76165033294866,49.184030473376204,49.382473960962905,74447000
2013-10-07,50.12663650512695,50.89064150721261,50.00757192109909,50.33500047342444,57204000
2013-10-08,46.772953033447266,50.206011513913595,46.713422634071755,50.206011513913595,136081000
2013-10-09,46.405826568603516,47.46749472726245,44.90758204078033,47.01107741858545,147297000
2013-10-10,48.66807556152344,49.29317117954144,47.45757756225958,47.497263229042815,99774000
2013-10-11,48.72761917114258,49.4816999759099,48.41011106545159,48.797073832700285,58428000
2013-10-14,49.12449645996094,49.24356482391785,47.53695612381595,47.933843100349556,68781000
2013-10-15,49.11457824707031,50.602898800011836,48.79707016524238,49.60076462642897,81167000
2013-10-16,50.74180221557617,50.84102584523764,49.51145948772963,49.650368784261225,64678000
2013-10-17,51.803466796875,51.81339105163843,50.553279431269864,50.72195391230633,71522000
2013-10-18,53.79782485961914,54.403075786604056,53.18264967662105,53.75813540555578,88260000
2013-10-21,53.43069839477539,54.38322628367233,53.093345634852255,54.254237461791455,58235000
2013-10-22,52.26980972290039,54.33361192315078,51.79354767668877,53.90696358206072,83204000
2013-10-23,51.495887756347656,51.84316100506318,50.73188282417896,51.34705420118698,57207000
2013-10-24,52.04160690307617,52.42856962249075,51.18830255513905,51.97215225010405,46775000
2013-10-25,51.545501708984375,52.82545827143628,51.47604705381208,52.76592408771939,45085000
2013-10-28,49.83889389038086,51.297449246244426,49.223722453790025,51.1386952050276,73472000
2013-10-29,49.015357971191406,50.394534399509205,48.86652440317364,50.33500021530313,102143000
2013-10-30,48.62839126586914,49.81904845048534,48.37041737194981,49.610684484051085,127073000
2013-10-31,49.81904602050781,51.59510934680621,46.13793431974017,46.7927951715883,248809000
2013-11-01,49.36262893676758,51.68440902207764,49.33286373855677,50.45406243443693,95033000
2013-11-04,47.844547271728516,49.3626330674279,47.64610376872981,48.98559079022985,80371000
2013-11-05,49.719825744628906,49.789280396124525,47.140068028382125,47.417890419359246,76835000
2013-11-06,48.73753356933594,50.05717954445483,48.33072612305769,49.8686565280123,67889000
2013-11-07,47.1896858215332,49.48169708921507,46.93170813508735,48.856605171662714,97128000
2013-11-08,47.159915924072266,48.271197992662294,46.8820972994222,47.43773833371721,70731000
2013-11-11,45.840267181396484,47.15990924662905,45.37392559748256,46.67372672233076,80910000
2013-11-12,46.24707794189453,47.00115863598165,45.473152520990034,45.641827021445785,68196000
2013-11-13,48.33072280883789,48.36049179017912,45.70135908002596,45.870033572650314,79245000
2013-11-14,48.608551025390625,49.1840330055255,47.65602299293426,48.32080814282573,75117000
2013-11-15,48.62839126586914,49.09473291121758,48.330727915963806,48.72761490583415,42453000
2013-11-18,45.47315216064453,48.459713500592315,45.443383178157056,48.09259551986661,85910000
2013-11-19,45.9990234375,46.63403954053799,45.364007334462016,45.899799805778734,75602000
2013-11-20,46.068477630615234,47.17975579991765,45.94941305872431,46.24707638094886,53933000
2013-11-21,46.33637619018555,47.09045686588478,46.32645193452154,46.624119044529074,34886000
2013-11-22,45.87002944946289,46.90193239333214,45.60213135143948,46.67372374353311,40545000
2013-11-25,44.47100830078125,46.28676080353452,43.697082990096426,45.99901798315383,82565000
2013-11-26,45.53268051147461,45.81049910225462,43.21090058639968,44.31225826412675,82016000
2013-11-27,46.12800979614258,46.306604753688255,45.17548190759776,45.61205829380415,44993000
2013-11-29,46.643959045410156,46.84240251974922,46.137931781590275,46.38598517826549,22953900
2013-12-02,46.69356918334961,47.169831214359846,45.899795346671716,46.534815173012866,50774000
2013-12-03,46.36614227294922,46.83248388820826,45.92956964025634,46.385986999661796,32086000
2013-12-04,48.24142837524414,48.390261942209094,45.899803469630555,46.09824696391888,60890000
2013-12-05,47.96360778808594,48.32080530616351,47.49726616337414,47.775088557987075,43855000
2013-12-06,47.56671905517578,49.005429545294675,47.33851037929403,48.598622116984664,42938000
2013-12-09,48.45970916748047,48.58869798674017,47.36827579372861,47.71554901674213,36056000
2013-12-10,49.85873031616211,50.37468181044907,48.16204607350328,48.26126591336858,68479000
2013-12-11,48.995513916015625,50.374690363274716,48.62839211919514,50.156402136516036,65776000
2013-12-12,51.426429748535156,51.66455887924931,50.265537935072196,50.65250061122842,92723000
2013-12-13,52.90482711791992,53.08342586287494,50.94024470840911,51.25775274721928,82641000
2013-12-16,53.391014099121094,54.075640106681085,52.498020363178135,52.8353731317572,85119000
2013-12-17,54.43283462524414,54.7503426506671,53.81766329911142,54.33361100167807,78751000
2013-12-18,55.137306213378906,55.454814243945876,53.33147787015641,54.432835507120586,76003000
2013-12-19,54.62136459350586,54.760273908870715,53.529931014214924,53.90697328805878,89753200
2013-12-20,54.690818786621094,54.720587771799956,53.8077491878786,54.50229954379802,239824000
2013-12-23,57.32018280029297,57.86589954875277,55.01824744370295,55.06785736901844,98297000
2013-12-24,57.50870132446289,58.12387650280559,56.46687776564911,57.81628891363424,46617800
2013-12-26,57.28049087524414,57.92543123151007,56.923293372388834,57.86589705270268,55101000
2013-12-27,55.00831604003906,57.23087598433093,54.81979683433789,57.03243252385938,60466000
2013-12-30,53.29179382324219,54.75034908872296,53.01397521457715,54.50229567813071,68307000
2013-12-31,54.22447204589844,54.43283598309357,53.49023235317053,53.698596290365664,43076200
2014-01-02,54.28400421142578,54.79003525829575,53.768052694124485,54.40307256656839,43195500
2014-01-03,54.13517761230469,55.216690632329474,54.105408629280106,54.591594978738534,38246200
2014-01-06,56.75461959838867,56.81414999295864,53.629145193649975,53.996263171811535,68852600
2014-01-07,57.46900939941406,58.094105021819786,56.774462913401564,57.25072498309348,77207400
2014-01-08,57.77659225463867,57.95519098930478,56.78437874426879,57.151496683307286,56682400
2014-01-09,56.77446365356445,58.50091320558089,56.208902201869975,58.19332941062098,92253300
2014-01-10,57.48885726928711,57.846054787338424,56.61571198626687,56.685166638666324,42449500
2014-01-13,55.47466278076172,57.796442779438514,54.94879077868783,57.4590900006566,63010900
2014-01-14,57.29041290283203,57.33009856883238,55.663179476997676,56.020376965961454,37503600
2014-01-15,57.15150451660156,58.113952964773496,56.82407598149849,57.528546762018614,33663400
2014-01-16,56.74469757080078,57.56823672130556,56.387503834371486,56.81415222385604,34541800
2014-01-17,55.86162567138672,57.36979081779115,55.633416994528716,56.85383928467953,40849200
2014-01-21,58.054412841796875,58.12387127212876,56.060065282113854,56.15928512259775,48669200
2014-01-22,57.062198638916016,58.848186026983825,56.65539124163263,58.391764925036355,61352900
2014-01-23,56.189056396484375,56.2386663187515,55.25637320388689,55.931078744704216,47951800
2014-01-24,54.02602767944336,55.98068576748778,53.97641775974575,55.71279144412184,55200700
2014-01-27,53.13303756713867,54.51221386668523,51.44627368873858,54.30384991891082,73924100
2014-01-28,54.71065902709961,54.84956832988962,53.57953609295852,53.59938081978489,48191200
2014-01-29,53.113189697265625,54.5221348952407,52.7758369415528,54.18478213952787,92995600
2014-01-30,60.604408264160156,62.013349753768416,59.98923310940674,61.636307527467046,150178900
2014-01-31,62.08280944824219,62.87657963260224,59.70149511016723,59.9991622411727,87794600
2014-02-03,61.00128936767578,63.27345933417615,60.22736400013191,62.53921963253616,74866600
2014-02-04,62.26140213012695,62.64836482063541,61.33864319814783,61.56685186729398,45985500
2014-02-05,61.70576095581055,62.668209336149395,60.79292628228891,62.25148145084459,51685100
2014-02-06,61.675994873046875,62.291166221793446,60.98144462252946,60.98144462252946,42086500
2014-02-07,63.81917953491211,64.06723293913207,61.73553245346226,61.78514237730734,60704300
2014-02-10,63.05517578125,63.98785523605483,62.97580065860441,63.79933979289589,43666100
2014-02-11,64.34505462646484,64.49388819013228,62.85673412976948,63.25362110955281,45675600
2014-02-12,63.94816207885742,64.55341296708151,63.551282703618995,64.4145036717503,47282100
2014-02-13,66.80574035644531,66.80574035644531,63.55128111301636,63.68026614974164,61911700
2014-02-14,66.56761932373047,67.05380952966226,66.20050506740331,66.97443060991947,36694900
2014-02-18,66.77598571777344,67.01411488860045,65.55555952355404,66.41878817653799,43809900
2014-02-19,67.5300521850586,68.54211425116387,66.47830823831154,66.52792194409679,62087100
2014-02-20,69.08782958984375,69.56409544413765,65.21820264240743,67.20262982365229,130928900
2014-02-21,68.05591583251953,69.41525096285547,67.91700655730129,69.14735666635964,70932400
2014-02-24,70.2288818359375,70.88374648692593,68.00632535104764,68.20476505559532,76620300
2014-02-25,69.30612182617188,70.44716903582037,68.90923485281726,70.39755532540502,52077000
2014-02-26,68.72071838378906,70.66545619727623,68.31390716041196,69.64347736585081,55322700
2014-02-27,68.4032211303711,69.4648895832653,68.33376646784494,68.80010059052594,41653700
2014-02-28,67.92694854736328,69.33589017530987,66.85535594160544,68.929086497377,66783700
2014-03-03,66.88512420654297,67.52014032200431,65.99213042855382,66.43862353255379,56824100
2014-03-04,68.2643051147461,68.36352497006028,67.09349265406328,68.12539580330828,42013500
2014-03-05,71.01273345947266,71.40962044929718,69.07791979281392,69.14737444828398,74567700
2014-03-06,70.28842163085938,71.33024914400066,69.70301912518282,71.32032488644955,46026500
2014-03-07,69.25650787353516,70.62575982866657,68.92907558970312,70.52653998901738,38927000
2014-03-10,71.46914672851562,71.58821508959633,69.96098533810633,70.21895543213063,59871600
2014-03-11,69.55416870117188,72.02477833386851,69.41525940905166,71.93548274750066,59408300
2014-03-12,70.32808685302734,70.79442838733158,68.46272828579833,69.3160324613363,46340500
2014-03-13,68.29405975341797,70.79443454263294,67.61935424363162,70.73490415264808,57091000
2014-03-14,67.19270324707031,68.88938752002639,66.93472560282306,67.95670435466309,48227000
2014-03-17,68.20475769042969,68.41312162870119,66.10126979740957,67.64912052170568,52197000
2014-03-18,68.6512680053711,69.05807168408005,67.7681984220868,68.22461581356039,40827000
2014-03-19,67.70865631103516,68.75048365544592,66.94465514312606,68.63141529408806,43981000
2014-03-20,66.44854736328125,67.69873864446735,66.2997138062371,67.48045043680115,44439000
2014-03-21,66.71644592285156,67.39115153006615,65.6647018413072,67.00418879930966,59999900
2014-03-24,63.600894927978516,66.83551362169172,62.8666589295247,66.66683911407212,85696000
2014-03-25,64.38475036621094,65.67463128391813,63.2833924855507,64.38475036621094,68786000
2014-03-26,59.91977310180664,64.44426427281607,59.899928377460824,64.23590034467625,97503900
2014-03-27,60.49526596069336,61.41802493525003,57.528545554915375,60.03884481634664,112650000
2014-03-28,59.5427360534668,61.46763284637813,58.877954762921384,60.86238194901918,67052000
2014-03-31,59.77095413208008,61.04098643943009,59.40383234292841,60.306746646121596,53011000
2014-04-01,62.13241958618164,62.172109041783195,59.77095375281143,59.989238188630345,59291000
2014-04-02,62.23163604736328,63.41236882786219,61.725605009296345,62.717818574923974,66277000
2014-04-03,59.02678680419922,62.67812925091328,58.66958931425033,62.06295789877597,83859000
2014-04-04,56.30812072753906,59.73125833933989,55.881468584865644,59.47328068865648,125214400
2014-04-07,56.50656509399414,57.54838861362114,55.0083204432495,55.46474157436714,108488000
2014-04-08,57.73691177368164,58.25286333341229,56.72485338170936,57.230884470192876,78836000
2014-04-09,61.92405700683594,61.97366693495011,58.729127674350615,59.16570412574308,100215000
2014-04-10,58.69935607910156,62.68805518182381,58.223094008104134,62.588835336405616,114988000
2014-04-11,58.07426452636719,59.84040742158625,56.86376643042451,57.151505516307466,91452000
2014-04-14,58.431461334228516,59.97931599324589,57.33010357540796,59.62211847308844,72325000
2014-04-15,58.62990188598633,59.21530806249029,55.44489713237752,58.82834536335953,108623000
2014-04-16,59.25499725341797,59.721335070442926,57.29041478458323,59.324451902442846,78774000
2014-04-17,58.48107147216797,60.10830504601579,58.262787041830535,58.8382689936225,88040000
2014-04-21,60.763160705566406,60.763160705566406,58.689434192410374,58.997017976781635,60364000
2014-04-22,62.53922653198242,62.94603398608325,61.735535880097366,62.16218806183662,60631000
2014-04-23,60.882225036621094,62.985716737477276,60.78300140898981,62.95595154168508,95908700
2014-04-24,60.39604187011719,63.154398302056514,59.304608404274255,63.104784593159,138769000
2014-04-25,57.26064682006836,59.54273737784114,57.121737519550955,59.503051709832285,92502000
2014-04-28,55.7028694152832,57.8559748381528,54.23439378058146,57.59799718942467,107758000
2014-04-29,57.69721984863281,57.8262048858359,55.40520516956009,55.65325855878896,75557000
2014-04-30,59.31452560424805,59.38398025088111,56.71492712814033,57.131658792933045,76093000
2014-05-01,60.67386245727539,61.79506108720454,59.741179261588975,59.9594674622806,82429000
2014-05-02,59.98923873901367,61.408104617330956,59.71142011724352,60.822698389318965,54189000
2014-05-05,60.743324279785156,60.87230933634178,58.71920741157068,59.20539000781161,46057000
2014-05-06,58.07426452636719,60.673867050511326,58.03457885641437,60.505188759481555,55901000
2014-05-07,56.94314193725586,58.838269896273445,55.82193942993291,58.31239786217271,78587000
2014-05-08,56.31804275512695,58.36200415130991,56.06006888230509,56.7843843623373,61251000
2014-05-09,56.7943115234375,57.20111897234862,55.941007170844735,56.40734501691691,52584000
2014-05-12,59.36414337158203,59.43359802296657,57.52854588286252,57.52854588286252,48575000
2014-05-13,59.36414337158203,60.415887398259045,59.0466315274025,59.195465086080574,48525000
2014-05-14,58.76881408691406,59.97931595217548,58.49099547586837,59.066477425176544,47429000
2014-05-15,57.46900939941406,58.91764411951243,57.0721262338347,58.79857576334359,56814000
2014-05-16,57.568233489990234,57.99488564052144,56.86376274283201,57.85597634220793,47933000
2014-05-19,58.74896240234375,59.096239410019244,57.12173281321867,57.43924084109702,43034000
2014-05-20,58.104034423828125,59.72133999593044,57.72699216588635,59.03671391979482,53931000
2014-05-21,60.019004821777344,60.028925292791726,57.7964446000846,58.10403219145566,58992000
2014-05-22,60.048770904541016,61.001295105731316,59.92970632564091,60.46549882318875,54200000
2014-05-23,60.87230682373047,60.97153046121099,59.681653453922294,59.939627341382135,38294000
2014-05-27,62.9857177734375,63.01548296971926,61.09058998194524,61.14019990407966,55682000
2014-05-28,63.01548767089844,63.640583334410806,62.13241812204469,62.89642309189432,47795000
2014-05-29,63.3329963684082,63.799337975020165,63.015484531889,63.34291683908324,42700000
2014-05-30,62.80712127685547,63.67034606491565,62.07288531896346,63.45206164270173,45253500
2014-06-02,62.58884048461914,63.09486779386615,61.5668578247755,62.73767026498835,35996000
2014-06-03,62.38046646118164,62.92618317096404,61.834749751399244,62.13241306719015,32217000
2014-06-04,62.8468132019043,63.094866616217935,61.58670140299162,61.96374365254688,36514000
2014-06-05,62.69798278808594,63.85887479357243,62.33086477626317,63.164324441614134,47352000
2014-06-06,62.01335144042969,62.98572033681627,61.66607818636112,62.876576232681984,42442000
2014-06-09,62.3903923034668,62.84680965162166,61.30887932675533,61.914130229088514,37617000
2014-06-10,65.25788879394531,65.30750250471799,63.005567126669185,63.03533232513701,69338000
2014-06-11,65.26780700683594,65.28765551730298,64.39466179600467,64.81138967594764,44242000
2014-06-12,63.78942108154297,65.95244729781984,63.561208594738325,65.33727206512076,55730000
2014-06-13,63.99778366088867,64.46412531116638,63.33300229857311,64.19622337292653,29419000
2014-06-16,63.69019317626953,64.37481541020331,63.253616771450496,63.66042797957532,31046000
2014-06-17,63.898555755615234,64.37481403250808,63.43221416408223,63.60088865506558,27715000
2014-06-18,65.08921813964844,65.23805171078128,63.551291424582125,63.98786031125127,35570000
2014-06-19,63.839019775390625,65.06937009720242,63.71003473180882,64.95030173928832,34245000
2014-06-20,63.99778366088867,64.30536748554428,62.85673639169658,63.958094204483146,46466000
2014-06-23,64.86100769042969,65.14875055140477,63.719960502422076,63.8191803513816,34560000
2014-06-24,65.2082748413086,66.64698144148817,64.76177420781289,64.85107736250744,57335000
2014-06-25,66.91488647460938,66.95457592633676,65.05944434879596,65.06936860422503,44308000
2014-06-26,66.60729217529297,67.4705206797742,66.37908730042261,67.4705206797742,47714000
2014-06-27,67.0736312866211,67.1728511229202,66.3195469047689,66.78588846236185,46461000
2014-06-30,66.76605987548828,67.39115177281045,66.60730205204727,66.93473438540208,27102800
2014-07-01,67.5300521850586,67.90709818105371,66.86527091947276,67.05379391747033,33243000
2014-07-02,65.93260192871094,67.76820345753852,65.27774477749978,67.51022575797518,41895000
2014-07-03,65.77384948730469,66.47832033167437,65.24797741826747,66.33941101419246,25203200
2014-07-07,64.78162384033203,66.05165597808276,64.61294935297204,65.78376164933385,28745000
2014-07-08,62.27132797241211,65.04952547841296,61.725611213464674,64.55341864573442,68926000
2014-07-09,64.464111328125,64.61294486486449,62.65828308832322,62.91625692901173,51432000
2014-07-10,64.36489868164062,64.8312327128534,62.559066455176705,62.81704410966919,44422000
2014-07-11,65.82344818115234,66.07150158714703,64.28552160597887,64.77170416213147,39212000
2014-07-14,67.37130737304688,67.63920172387078,66.37909373742023,66.60729863442036,38537000
2014-07-15,66.64698791503906,67.55982264064583,65.74407744535978,67.43083759354572,44213200
2014-07-16,67.1331787109375,67.41099731974595,66.54776872524313,67.0141103485956,29541600
2014-07-17,65.89291381835938,67.3216963633739,65.52579203325705,66.50808145232757,38188000
2014-07-18,67.88725280761719,67.92694226008159,65.64485551829608,66.2798716177485,42456000
2014-07-21,68.85963439941406,69.4152716660062,67.96664052811239,68.2742243621202,49539000
2014-07-22,68.73064422607422,69.22675110897353,68.07578707704208,69.21683442170854,40398000
2014-07-23,70.73489379882812,70.77458324300467,69.06797499335052,69.19696000943371,78435000
2014-07-24,74.39618682861328,76.14247749660099,73.92984517671107,75.3685520189717,124168000
2014-07-25,74.60454559326172,75.08080389858182,74.07867357822569,74.40609832438727,45917000
2014-07-28,74.33663940429688,74.91212509600389,73.27497117924578,74.5846927986545,41725000
2014-07-29,73.13607025146484,74.33664790911457,72.84832737269082,74.13820819892062,41324000
2014-07-30,74.0985107421875,74.60454178953061,73.55279024309307,73.6321691465957,36853000
2014-07-31,72.08431243896484,73.59247363130766,71.87594851192995,73.42379915275392,43992000
2014-08-01,71.79658508300781,72.64988948422021,70.99289439558284,71.6576757683909,43535000
2014-08-04,72.93762969970703,73.304743916329,71.79658245428308,71.79658245428308,30777000
2014-08-05,72.12401580810547,73.01700207632798,71.6179847047869,72.6300393414343,34986000
2014-08-06,71.90572357177734,73.14599061953122,71.23101799499966,71.45922289259236,30986000
2014-08-07,72.60026550292969,73.42380458739646,72.13392391124395,72.4315910118911,38141000
2014-08-08,72.4911117553711,72.85823345463972,71.99500503365081,72.82846826253456,27202000
2014-08-11,72.86817169189453,73.33451331099947,72.4911256662407,72.88801263377613,24591000
2014-08-12,72.26290893554688,72.75901567122413,71.65765811242157,72.52087898770766,27419000
2014-08-13,73.19560241699219,73.67186833093723,72.48121490105945,72.55066955830249,29266000
2014-08-14,73.72147369384766,73.8008450288561,73.11622279072269,73.39404138822484,22207000
2014-08-15,73.05667877197266,74.06874080183725,72.43158697940105,73.74130852335233,38846600
2014-08-18,74.00921630859375,74.13820893449036,73.38412440229015,73.42381385872066,23974000
2014-08-19,74.70377349853516,74.99151639194046,73.92984799144023,74.22750757186668,26679000
2014-08-20,74.22749328613281,74.59461502499208,74.0389778591412,74.386251087798,22917000
2014-08-21,73.98937225341797,74.60454744723232,73.83062200436265,74.33664552009161,20102000
2014-08-22,73.98937225341797,74.14813007246276,72.99715859435645,73.76115978103846,20897000
2014-08-25,74.43586730957031,74.69384498723853,74.20766240124007,74.35649596797134,19734000
2014-08-26,75.3685302734375,75.39829546475995,74.1481120092912,74.4160063011809,23993000
2014-08-27,74.04889678955078,74.90220107440331,73.88022229765848,74.6839128754891,36323000
2014-08-28,73.28489685058594,73.85045829784924,73.15591180822378,73.42380614851103,21947000
2014-08-29,74.2374267578125,74.2374267578125,73.43373610457303,73.72147897832299,26241000
2014-09-02,76.08294677734375,76.10278772053744,74.23742869075015,74.42595171604415,34979000
2014-09-03,75.23956298828125,76.87671702678063,75.01135051770692,76.53936044897371,32389000
2014-09-04,75.3586196899414,76.3309923461293,74.94189179585617,75.29908929649751,26676000
2014-09-05,76.6584243774414,76.7774851639058,75.01134617812029,75.50745297502584,29476000
2014-09-08,77.28351593017578,77.56133452421592,76.41037069605119,76.65842409358545,28183000
2014-09-09,76.0730209350586,77.56134145322456,75.60667929483492,76.98585570273622,28882000
2014-09-10,76.82709503173828,77.3430427439376,75.91426038785333,75.92417707290375,29909000
2014-09-11,77.31327819824219,77.7498545837625,76.45005725231259,76.52942858332557,32219000
2014-09-12,76.876708984375,77.69032379045433,76.49966299156524,77.41249763838819,26676800
2014-09-15,73.9992904663086,76.64849890285258,72.8582433375758,76.54927905904731,49679000
2014-09-16,75.48761749267578,75.63645105650782,72.5010522397402,72.94754536124684,37742000
2014-09-17,75.83488464355469,76.64849948087576,74.98158035441443,75.36854304716537,28693000
2014-09-18,76.40044403076172,76.72787632197657,75.92417819172299,76.17223158143325,23031000
2014-09-19,77.30335998535156,77.69032265760109,75.84480488072403,76.79732896395275,76671000
2014-09-22,76.20201110839844,76.92632283142697,75.35862345255873,76.40045080977875,31961000
2014-09-23,77.68040466308594,78.0177536578804,75.44792403403949,75.73566689018195,36814000
2014-09-24,77.928466796875,78.00784571159821,76.90648787228105,77.4918903358873,30680000
2014-09-25,76.61873626708984,78.32534488953044,76.52943310568864,77.9879883253324,37533000
2014-09-26,78.17650604248047,78.22611217768879,76.72787517659607,76.98584524765195,28872000
2014-09-29,78.38487243652344,78.58331212355708,77.30336327320907,77.51172721559105,34031000
2014-09-30,78.42456817626953,79.08934950812431,77.98799174580279,78.73215198683141,35899000
2014-10-01,75.95396423339844,78.2062860748597,75.3090237934238,78.16659661717003,55090000
2014-10-02,76.47982788085938,76.87671484407393,75.05103784128265,75.97379681351109,36488000
2014-10-03,76.83702850341797,77.45219612983122,76.65842974123585,77.15453657285401,23340000
2014-10-06,76.9560775756836,77.2835098514721,76.25160689049483,76.58896342100103,25729000
2014-10-07,75.69597625732422,77.3430468926853,75.64636254945647,76.45006071097781,25317000
2014-10-08,76.9164047241211,77.10492775449562,74.51524932351803,75.58684196461013,32976000
2014-10-09,75.31893920898438,77.15453288421683,75.25940124444375,76.67826701783754,32487000
2014-10-10,72.34229278564453,75.9043357582201,72.19345924074835,75.00141780384153,52146000
2014-10-13,72.42166900634766,74.19773227007504,71.95532740017484,72.65980572225871,43938000
2014-10-14,73.01700592041016,73.6024159668317,71.48900341345725,73.42381718978667,50299000
2014-10-15,72.63996887207031,73.22537893017645,69.77247169505027,71.13180727913549,61528000
2014-10-16,72.06448364257812,72.77887877068142,70.03044994894053,70.23881393297226,53529000
2014-10-17,75.3586196899414,75.40823339780398,73.17575280379005,73.65201866130818,76342000
2014-10-20,76.35084533691406,76.48975465686503,74.79307004604364,75.01135828310666,34701000
2014-10-21,78.07730102539062,78.12690717001689,76.54929096908725,76.95609466297873,32252000
2014-10-22,77.7597885131836,79.22826051446691,77.40259098422503,78.20628163938699,41862000
2014-10-23,79.41678619384766,80.0021886486885,78.39480728455612,78.76192151217161,35056000
2014-10-24,80.04186248779297,80.19069602913277,78.7023757557116,79.5755209242562,32248000
2014-10-27,79.6549072265625,80.17086254183555,79.13895948127852,80.11132457777231,30169000
2014-10-28,80.14108276367188,80.52805300126712,78.95042956641826,79.55568041985224,74212000
2014-10-29,75.26931762695312,76.28137207841216,74.1977252171812,74.86250645343314,106120000
2014-10-30,73.53294372558594,74.76328635661373,72.33236628861705,74.46562684603627,83270000
2014-10-31,74.4061050415039,75.1105758771294,73.87030872215706,74.34657464046202,44544000
2014-11-03,73.30474090576172,74.93197066771496,73.12614214798688,74.88236452777097,40727000
2014-11-04,75.17010498046875,75.1800216661459,73.07653366425137,73.65201937306703,39326000
2014-11-05,74.24734497070312,76.20200695984062,73.84053376403477,75.91426410951179,35913000
2014-11-06,74.67399597167969,75.01134495447766,73.73138853094231,74.30687422276233,21383000
2014-11-07,75.01134490966797,75.26932255929333,74.43585921819174,74.80298096688978,20774000
2014-11-10,74.41602325439453,74.89228913401797,74.02906053907083,74.77322077161477,21575100
2014-11-11,74.029052734375,74.39617446892146,73.45356706508224,74.36640170396753,18715700
2014-11-12,74.13819122314453,74.55491906112549,72.96737903311138,73.70161487669516,26536600
2014-11-13,73.67185974121094,74.65414908483017,73.0666088400948,74.15804228522605,26448500
2014-11-14,74.29695892333984,74.34657263619722,73.46350305126225,73.69170796243074,19476900
2014-11-17,73.66192626953125,75.07087515732026,73.30472881290734,74.2969422879764,28701200
2014-11-18,73.76116943359375,74.21759443808159,73.3246005140691,73.87031355597252,20690500
2014-11-19,72.75901794433594,73.95959537378437,72.54072976262017,73.43372342873545,25441200
2014-11-20,73.02692413330078,73.41388685653921,71.94541487347787,72.23315774434559,19154900
2014-11-21,73.1757583618164,73.91991861634335,72.92770494364075,73.91991861634335,23060400
2014-11-24,73.4337387084961,73.77108773589578,72.77887402708753,72.96739705415784,22103800
2014-11-25,75.0411148071289,75.15025891303951,73.55279434833626,73.63217325626931,32250200
2014-11-26,77.01561737060547,77.17436759993245,74.92204620456044,74.94188714448062,32695300
2014-11-28,77.09500122070312,77.66056272513337,76.62866714195412,77.06523602099465,15992000
2014-12-01,74.5152359008789,76.70802693238544,74.21757637863155,76.65842079700518,31789900
2014-12-02,74.87244415283203,75.31894485540833,74.45571621975257,74.7434590983045,16773900
2014-12-03,74.29695892333984,75.14034662197663,73.82070058786401,74.79306577195455,16689900
2014-12-04,74.65415954589844,74.96175095234739,74.07868133090923,74.24735584961314,14362800
2014-12-05,75.76543426513672,76.16232123570629,74.77322062370746,75.20979704833292,24306400
2014-12-08,75.92417907714844,76.64849831434442,74.81290472307957,75.5868300968029,25733900
2014-12-09,76.24169158935547,76.33099475232542,74.19773393680047,74.6144618440223,25358600
2014-12-10,75.58683013916016,76.9461654565826,75.47768604075455,76.05317172871344,32210500
2014-12-11,77.12477111816406,77.90861324792829,75.88450404323532,75.9241859280423,33462100
2014-12-12,77.22398376464844,78.26580346838618,76.42028562749216,76.55920249131263,28091600
2014-12-15,76.3905258178711,77.96814943760849,75.9638736510228,77.84908107593363,29396500
2014-12-16,74.10843658447266,76.78741029014427,74.00920916797521,75.59675699206556,31554600
2014-12-17,75.51737976074219,75.81504687685432,74.31680218040455,74.42594628497972,29203900
2014-12-18,77.78955078125,77.78955078125,75.91426760987075,76.29130606734749,34222100
2014-12-19,79.25801849365234,79.37708684912204,77.72009197794395,78.1368198671045,43335000
2014-12-22,80.81580352783203,81.2523799819607,79.37709667852963,79.45647559200572,31395800
2014-12-23,79.98233795166016,81.53018872688006,79.77397400653355,81.38135517464994,19865800
2014-12-24,80.14108276367188,80.79594732115325,80.12124182404595,80.39906039873924,7685500
2014-12-26,80.15100860595703,80.64711537630338,79.88311428076497,80.38913773612647,10647400
2014-12-29,79.39691925048828,80.329602343047,79.08933549442662,79.86326079676765,14134700
2014-12-30,78.6031723022461,79.9625002571841,78.48410393035789,79.22826422218175,14370800
2014-12-31,77.41250610351562,79.17865276983142,77.2537558549641,78.92067509969706,19935400
2015-01-02,77.83916473388672,78.31543065901892,77.09500443023583,77.96815736464652,18177500
2015-01-05,76.58898162841797,78.6329395268451,76.2615492747893,77.3728313977153,26452200
2015-01-06,75.55706787109375,76.98585032106149,74.77321821125572,76.62866038606137,27399300
2015-01-07,75.55706787109375,76.7576454300895,75.2296355631888,76.16231877843718,22045300
2015-01-08,77.5712661743164,77.62087988654834,75.48761895039947,76.14247604592094,23961000
2015-01-09,77.13467407226562,78.00782678236338,76.59887788288421,77.59109136618576,21157000
2015-01-12,76.12263488769531,77.3926671893478,75.6166037903217,77.23390936664643,19190200
2015-01-13,75.8547134399414,77.47202617018463,75.25938689794468,76.62864627152362,25179600
2015-01-14,75.68604278564453,76.59887736734103,75.43798941648865,75.82495206677278,25918600
2015-01-15,73.47342681884766,75.97380198842959,72.96739571703131,75.8051274778207,34134000
2015-01-16,74.59461975097656,74.73352905123996,73.26504957275517,73.4634968374094,21791500
2015-01-20,75.64637756347656,75.71583222628313,74.2374357922632,75.1304297211979,22821600
2015-01-21,76.1424789428711,76.69812377504833,75.2594093354706,75.56700073702994,25096700
2015-01-22,77.04539489746094,77.14461475292012,76.0829464025284,76.56912899327122,19519500
2015-01-23,77.22398376464844,77.58118125449818,76.44013413803313,77.04538501972358,16746500
2015-01-26,76.89656066894531,77.85900915561304,76.68819670327338,77.3728265690452,19260800
2015-01-27,75.18994903564453,76.28138253446701,75.04111547444387,76.11270803110132,20110000
2015-01-28,75.64637756347656,77.03547838959827,75.40824837242414,76.30124230135884,53306400
2015-01-29,77.39265441894531,77.41249535851425,73.63216427660052,76.25160735902729,61293500
2015-01-30,75.31893920898438,77.55141984453472,75.16018139686156,77.3926620324119,42649500
2015-02-02,74.4061050415039,75.54715233807646,73.17576214336853,75.51738713755552,41955300
2015-02-03,74.81290435791016,74.99150310251216,73.28489455853504,74.6045404175393,26957700
2015-02-04,75.0411148071289,75.75550983854767,74.4259471956211,74.50531853356483,20277400
2015-02-05,75.02127075195312,75.38839250841687,74.624383798747,75.12049059775741,15062600
2015-02-06,73.89014434814453,75.1105627765814,73.67185615574414,75.09072183635801,21211000
2015-02-09,73.86038208007812,74.24734477467375,72.87808517534562,73.47341938548252,16194300
2015-02-10,74.60454559326172,74.75337158243096,73.91991576312613,74.26718902116981,15811300
2015-02-11,75.91426849365234,76.1523976500947,74.44578896061414,74.50531935722738,20877400
2015-02-12,75.6364517211914,76.2714678671317,75.29909513554148,76.26154361079182,17235000
2015-02-13,75.1502685546875,75.88451219228635,74.91213937032613,75.8646636777619,18621900
2015-02-17,75.01134490966797,76.31114984317311,74.4953971804061,74.71368537855149,25254400
2015-02-18,76.11270904541016,76.30123206344261,74.86251771264925,75.34870785704985,22426400
2015-02-19,78.80160522460938,79.21833313530364,76.35083633030513,76.39052578417925,45851200
2015-02-20,79.27787780761719,79.7144466971854,78.58332366104834,78.93060451932773,36931700
2015-02-23,78.22611236572266,79.56560670937307,77.76969504277062,79.33739426290276,24139100
2015-02-24,77.83916473388672,78.86115124302559,77.49189143951432,77.8887784487928,18897100
2015-02-25,78.94051361083984,79.57552972546785,77.88876959036018,77.88876959036018,25593800
2015-02-26,79.78390502929688,80.73642924637846,79.09927517296121,79.25802542414671,31111900
2015-02-27,78.3551025390625,80.59750720394193,78.00782932259604,80.05178674236008,30739200
2015-03-02,79.1290283203125,79.23817241324994,77.90860235837046,78.38486817936912,21662500
2015-03-03,78.98020935058594,79.07942920702088,77.90861673311313,78.99013360722638,18635000
2015-03-04,80.27008819580078,80.51814161570746,78.23604712457012,78.68254782239593,28126700
2015-03-05,80.57767486572266,81.3516003520223,80.41892460775883,80.59752337921181,27825700
2015-03-06,79.38701629638672,80.69673801225184,79.2084175364965,80.27008583973573,24488600
2015-03-09,78.82144927978516,79.28779087395131,78.01775113175863,79.05957841957616,18925100
2015-03-10,76.9461669921875,78.64285132400505,76.9461669921875,77.88876687542316,23067100
2015-03-11,76.96600341796875,77.81930766157042,76.65841964527111,77.19421586125276,20215700
2015-03-12,78.31542205810547,78.43449041880947,77.30336748708378,77.49188292904523,16093300
2015-03-13,77.44226837158203,78.76190660182415,77.07514664347619,77.98798126634712,18557300
2015-03-16,77.46212005615234,77.51173376709866,76.7576492666536,77.35297594806202,19305400
2015-03-17,78.74207305908203,79.15880096041043,77.7300109330112,77.74985944449682,22170000
2015-03-18,80.28001403808594,80.60743880563876,78.55355675103759,78.63293566377332,36912400
2015-03-19,82.10567474365234,82.35372814166942,80.36930095753281,80.48836931377703,42099500
2015-03-20,83.14749145507812,83.94125768565893,82.42317229431002,82.74068030053994,44466300
2015-03-23,83.7726058959961,84.2984779640159,82.65140710134989,83.26657477186814,27357300
2015-03-24,84.645751953125,85.39983651704759,83.86190218812483,84.050425221603,32576500
2015-03-25,82.27436065673828,84.85411484017388,82.27436065673828,84.83427389637383,37436100
2015-03-26,82.36365509033203,83.11773199456887,81.50042651181055,82.07591223082487,32794800
2015-03-27,82.6513900756836,83.29632281418257,82.23465463989896,82.7307614048911,18372600
2015-03-30,82.55218505859375,83.68330818398864,81.76834281888246,83.15743608165477,24527700
2015-03-31,81.57980346679688,82.84983566458874,81.56987921119222,82.25450901812243,19734300
2015-04-01,81.03409576416016,82.07592323760751,80.24032930009616,81.8576349997431,22058200
2015-04-02,80.92494201660156,81.91715565611847,80.8058812246527,81.6095718502648,19664100
2015-04-06,81.79810333251953,82.16521757235402,80.17087340084798,80.17087340084798,19062900
2015-04-07,81.67903137207031,82.77046492661411,81.57981151620083,82.00646370943038,17467000
2015-04-08,81.63934326171875,82.45295820524623,81.20276680470745,81.98661654798234,18966700
2015-04-09,81.53018951416016,82.15528892556506,81.07377216757234,81.85762181823044,15927300
2015-04-10,81.40120697021484,81.96676843551907,81.27222192373817,81.56988147022032,12529700
2015-04-13,82.36365509033203,83.2864140639277,81.28213830321965,81.29206255906175,26883100
2015-04-14,82.86967468261719,83.03835674402566,81.79808977184217,82.52240144440358,19634200
2015-04-15,82.06597900390625,83.00858638614459,81.62940263444898,82.89944229378027,22390900
2015-04-16,81.66909790039062,82.42318234589347,81.51034766290992,81.82785570786024,13769700
2015-04-17,80.15100860595703,81.47065443187556,79.74420499066709,80.84556262643504,24215000
2015-04-20,82.44303131103516,82.50256927962556,80.60743751094516,80.90510464392825,28796800
2015-04-21,82.9688949584961,83.8321158520793,82.88951606230806,83.34593336040695,27171900
2015-04-22,83.9710464477539,84.08019056521681,82.99868121761726,83.66346260944397,45548000
2015-04-23,81.76832580566406,84.92355776317045,81.76832580566406,83.44516162968662,73728100
2015-04-24,80.89517974853516,82.29420466451975,80.84557360675623,82.12552258650055,29660400
2015-04-27,81.272216796875,82.28427130305403,80.99439063969942,81.23252734584992,25446000
2015-04-28,80.05178833007812,81.26229005433132,79.60529526719259,81.19283540966049,23775300
2015-04-29,79.84343719482422,80.75627197682046,78.90082964320636,79.38701980382609,26430300
2015-04-30,78.15665435791016,80.32960435347213,77.71016130922759,79.38700455292523,28999000
2015-05-01,78.37494659423828,79.13895527082468,77.50180139098535,78.62299998300216,24136400
2015-05-04,78.19635009765625,79.06950289597847,78.0177513498166,78.71230540029919,14692000
2015-05-05,76.9560775756836,78.18642778107287,76.61872861516574,77.93837440304914,22311300
2015-05-06,77.49188995361328,78.19636078582913,76.45007009047289,77.36290489531683,28663000
2015-05-07,77.81932067871094,78.3253517845597,76.95609203579127,77.39266848554233,19749400
2015-05-08,77.8987045288086,78.6130996482306,77.42243859253051,78.48410701445204,19943600
2015-05-11,77.40259552001953,78.41465019804882,77.32321660449055,77.8689371862647,18874100
2015-05-12,76.85686492919922,77.28351708211713,76.1920836306959,77.26367614081379,21285300
2015-05-13,77.82925415039062,77.9185497602362,77.04540432734214,77.11485899166337,21512300
2015-05-14,80.73643493652344,81.2126932936352,78.0574532903069,78.32535523992361,49438000
2015-05-15,79.7938232421875,80.88525678868301,79.55569407585877,80.7761202470242,27069900
2015-05-18,80.250244140625,80.74635100799532,79.60531126903564,79.70453112851169,21613700
2015-05-19,80.00218200683594,81.05393359887799,79.92281066988062,80.61735718067226,17955400
2015-05-20,79.92281341552734,80.46852638704256,78.84129658872426,79.84343450585584,23056900
2015-05-21,79.85336303710938,80.2899319236959,79.45647603749353,79.56562015163763,13402700
2015-05-22,79.91287994384766,80.6768810438609,79.6251371069628,79.7243569476155,19567900
2015-05-26,78.71231079101562,79.97241879763686,78.46425737813834,79.80374429367777,16321300
2015-05-27,79.92281341552734,80.03195752382828,78.81153139009481,78.98020589565463,14160900
2015-05-28,79.52593231201172,80.43876713069973,79.37709873788019,79.62515217143606,11982000
2015-05-29,78.57340240478516,79.4465477031336,78.26581102162542,79.3274793383631,16134600
2015-06-01,79.66483306884766,79.75412866173733,78.04752758104674,78.68254369711515,18119000
2015-06-02,79.81365966796875,80.71657005396992,78.94050690701367,79.13895415722554,18923300
2015-06-03,81.79810333251953,81.88739893572573,80.61736655685917,80.71658641708497,31775000
2015-06-04,81.41112518310547,82.30411132625652,80.87532895522165,81.5004207694251,20863900
2015-06-05,81.50042724609375,81.8179353059986,80.87533538221554,81.23253289585716,16143100
2015-06-08,80.04186248779297,81.36150828035694,79.50606628096274,81.18290954474688,16915500
2015-06-09,80.04186248779297,80.5578177551058,78.7023757557116,79.97240784449951,16497500
2015-06-10,81.52027130126953,81.95684012852834,80.18077691334854,80.20062542412644,21531200
2015-06-11,81.1928482055664,82.25451655284604,80.72650655928652,81.66910653837031,18656800
2015-06-12,80.89517974853516,81.45081698439252,80.56774741883795,80.73642949685716,11417900
2015-06-15,80.08157348632812,80.29986172970153,79.44655727105479,79.922823217505,18805100
2015-06-16,80.42884063720703,80.8753413471854,79.82358967056221,80.19071146721245,13693700
2015-06-17,81.15315246582031,81.57980462299929,80.70665179715073,81.12338726857351,18350300
2015-06-18,82.26443481445312,82.54225341667473,80.93486462812088,81.00431927867628,26782600
2015-06-19,81.8675537109375,82.33389535660355,81.48059097729752,82.18506178905209,23353200
2015-06-22,84.0801773071289,84.30838976310868,82.6613115738335,82.76053898860057,29383100
2015-06-23,87.19573211669922,87.28503528085619,84.10003039905824,84.29847009942367,50667900
2015-06-24,88.16810607910156,88.5550687993483,86.76908119052533,86.97745271987921,41370200
2015-06-25,87.29495239257812,88.70389383183598,87.1560355297042,88.56498453895077,27302000
2015-06-26,87.32471466064453,87.65213937147496,86.15390239558575,87.43385875425082,38214600
2015-06-29,85.13194274902344,86.81870309545332,85.06248808934667,85.93563346385307,35957900
2015-06-30,85.10215759277344,86.02491654846933,84.90371789971609,85.92569670194067,23016500
2015-07-01,86.23329162597656,87.26518715644755,85.81655614137513,86.0943747511165,25260000
2015-07-02,86.61033630371094,86.75916987532487,85.66772873014926,86.7194804182285,16908800
2015-07-06,86.8683090209961,87.50332515823554,85.71733754100616,85.8165573930768,24635900
2015-07-07,86.5408706665039,87.16596250398665,84.56636773890912,87.11635636640234,33059900
2015-07-08,84.98309326171875,86.07452666800697,84.78464600694625,85.61810933701331,24399300
2015-07-09,85.21131134033203,86.91792014576318,84.98310642448364,86.05469905626457,23307400
2015-07-10,87.26518249511719,87.53308440447861,86.0943701523259,86.66985585318699,23245900
2015-07-13,89.39845275878906,89.51752112785591,87.7315334418021,87.96967017993579,29976700
2015-07-14,88.9817123413086,90.09299425342614,88.95194714571424,89.75563770671653,26627800
2015-07-15,89.06109619140625,90.28151469851721,88.72373962595202,89.29922533938098,30886600
2015-07-16,90.14260864257812,90.1525328986811,89.07101608313782,89.57704716453843,21804100
2015-07-17,94.23052215576172,94.6472500304114,91.81944292387625,91.82936717898372,54001600
2015-07-20,97.14764404296875,97.83226632753261,94.61749615700231,95.10367873560351,54860500
2015-07-21,97.6239013671875,98.46728146389057,96.38363429262725,98.17953859419386,39453300
2015-07-22,96.28440856933594,96.8202048212724,95.17312661309857,95.98674146159712,28299500
2015-07-23,94.69686889648438,96.69121279241368,94.07176948045631,96.20503024549444,29418800
2015-07-24,96.19510650634766,96.9988046784149,95.1334382459523,96.59199346453049,33444900
2015-07-27,93.43675994873047,95.85776373788818,93.09941093285876,95.82799853883945,38585400
2015-07-28,94.54804229736328,94.81593665966284,92.58345588387135,94.10154160021122,35236000
2015-07-29,96.23480224609375,96.52254512032455,94.00232147670717,95.5700209004517,64648300
2015-07-30,94.46867370605469,95.06400046396787,91.08522863042066,94.17101411209332,86211300
2015-07-31,93.27800750732422,95.57994287625667,93.21846954063491,94.21068319224354,46509000
2015-08-03,93.40699005126953,94.33967328115978,92.07742742737334,92.80173913442448,29343100
2015-08-04,93.32760620117188,93.99239504789718,92.60329453248548,93.05971186740854,20136000
2015-08-05,95.68909454345703,96.33402741196409,94.43890312406165,94.50835778236195,29813200
2015-08-06,94.3793716430664,97.97118045978137,93.68481749801832,96.42332948108609,42271300
2015-08-07,93.56575775146484,94.65719134028568,92.88112785548168,94.63734282649456,23199100
2015-08-10,93.41690826416016,95.15328199557581,92.90095297334582,94.93499380099965,21624200
2015-08-11,92.89103698730469,94.02215984954155,92.17664200694692,93.00018108541428,22491000
2015-08-12,93.45659637451172,93.70464976115603,90.47995573477984,91.97819273971974,27050500
2015-08-13,92.7025375366211,93.9924185310518,92.6231586141966,93.31771283042492,17451800
2015-08-14,93.68480682373047,93.98247393340537,92.48422926935602,92.81166157600062,15929700
2015-08-17,93.19861602783203,93.72448798105705,92.66281981983248,93.68479853194727,18313500
2015-08-18,94.42897033691406,95.10367591516308,93.3077716484957,93.34746110250909,22278800
2015-08-19,94.56786346435547,95.35171301456008,93.42682402910924,93.89315800152036,23251300
2015-08-20,89.85487365722656,94.0320925842431,89.75565379746175,92.81167392615467,44598200
2015-08-21,85.3899154663086,88.48562518444913,84.94342229339935,86.83854667640277,62778700
2015-08-24,81.4508056640625,81.4508056640625,71.43937470375568,76.4302075864449,83710700
2015-08-25,82.3537368774414,86.98737302712159,82.3537368774414,86.27297795385385,52021200
2015-08-26,86.51110076904297,86.77899509341023,82.61170126332657,85.28075053198025,45124300
2015-08-27,89.03133392333984,89.35875867383163,86.51111035022404,88.40623448060501,42431400
2015-08-28,90.30136108398438,90.7677026831978,89.0908592911297,89.18015488077195,33215900
2015-08-31,88.73365783691406,90.34104650871922,88.19786161297901,89.8945458704457,32850700
2015-09-01,86.55079650878906,88.69397396944238,85.82647724288053,86.17375049229321,36097400
2015-09-02,89.19007873535156,89.19007873535156,86.94767390899587,88.1184862445279,27190500
2015-09-03,87.46363067626953,89.12062557757758,87.0469027795314,89.06109518375473,27048200
2015-09-04,87.5727767944336,87.7017618406824,86.02491838950188,86.52102520275157,27328700
2015-09-08,88.83287811279297,89.53734882642085,88.13833165428342,88.99163591473153,27012500
2015-09-09,89.73580169677734,91.26381157114847,89.46789978173112,90.07315069203362,32551100
2015-09-10,91.26380920410156,91.34318053799265,88.93210121505682,89.368677616408,26437400
2015-09-11,91.33326721191406,91.36303240946665,90.42042492369559,90.96614544545722,21185000
2015-09-14,91.59123992919922,91.89883130936698,90.88676914363593,91.59123992919922,20127900
2015-09-15,92.17665100097656,92.5239242697606,91.0752932271261,91.65077896967651,18859400
2015-09-16,92.72235870361328,92.87119225891384,91.90874384729118,92.17664576083,16321200
2015-09-17,93.60543060302734,94.76632630806198,92.17664811758277,92.64298973678628,27841800
2015-09-18,93.66497039794922,94.44882009255899,92.32548347981432,92.47430947183754,62300000
2015-09-21,94.8060073852539,95.73868297126525,93.78402107368508,93.88324848431465,28790000
2015-09-22,92.23616790771484,93.94277637325588,91.20426493855076,93.03985843649167,36888900
2015-09-23,93.23832702636719,93.58560032385483,92.07743875905555,92.67276549331869,21701400
2015-09-24,93.67489624023438,94.03208619712764,91.52178682263803,92.33540172942901,29106000
2015-09-25,92.04763793945312,95.10365716610644,91.34316730207311,95.04412678181703,28961600
2015-09-28,88.51536560058594,91.57138500338999,87.49338690477528,91.36302107637901,41199900
2015-09-29,85.99516296386719,89.3587669343203,85.05256293957717,88.40624265304058,42281800
2015-09-30,89.20000457763672,89.3190653654092,87.32472147032952,87.75137362315539,36169100
2015-10-01,90.24182891845703,90.24182891845703,87.67199918491274,89.34884268470908,29283700
2015-10-02,91.35311126708984,91.48209631754352,87.68192375735791,88.20779578534761,37881700
2015-10-05,93.27800750732422,93.53597760635009,91.93852059165046,92.21633920290256,27292500
2015-10-06,92.07742309570312,93.43675085320292,91.62099818808765,93.34745526474914,22172800
2015-10-07,91.68053436279297,92.93072556669156,90.65855560825243,92.38500508126278,24129300
2015-10-08,91.74999237060547,92.49415256709682,89.76556517996187,91.17450666852147,27290500
2015-10-09,92.51399993896484,93.01010677111071,91.5217862746731,92.17665092670062,20012900
2015-10-12,93.52606201171875,93.86341102360778,91.94843835085494,92.59337874592518,18449600
2015-10-13,93.38713836669922,94.62740525526573,92.82157696831243,92.93072106010536,19480300
2015-10-14,93.33753967285156,94.4587383952208,92.88112229286081,93.34746392915275,19253400
2015-10-15,95.21281433105469,95.5501708850126,94.16107035751719,94.2503659462188,27557500
2015-10-16,96.78052520751953,96.83013135052624,94.60757478209764,95.43111396990471,25412900
2015-10-19,97.7032699584961,97.8024897999846,96.16533592046395,96.423313564325,23729900
2015-10-20,96.24471282958984,98.81454224989884,95.80813645209022,97.9612455747682,30881800
2015-10-21,96.3538589477539,97.41552714898181,95.71884287804687,96.61183659169386,21917800
2015-10-22,98.89393615722656,98.95347412591356,96.79044799003107,97.02857715481007,26392100
2015-10-23,101.39432525634766,102.04918239315376,99.38013256057944,101.1165066183093,42809700
2015-10-26,102.96200561523438,103.0016950690493,100.75929770342515,101.40423051044729,25961200
2015-10-27,102.8925552368164,103.2894422214597,101.60268199921272,102.13847829298271,23795500
2015-10-28,103.38865661621094,103.66648278978477,102.11862438840168,103.09099707093706,24081500
2015-10-29,104.06336212158203,104.30149884164652,102.7139509878401,103.15052740463577,20316700
2015-10-30,101.17601776123047,103.90460504683004,100.85850972534206,103.69624110796472,33487100
2015-11-02,102.50559997558594,102.66435780900385,100.39218741564346,100.9279837484437,24003900
2015-11-03,101.7812728881836,102.84294113721073,101.60267413741317,102.41628898648081,21242300
2015-11-04,103.13068389892578,103.32912359072338,101.68205295283406,102.38652369970126,43469300
2015-11-05,107.91314697265625,109.78842996187403,107.1094488558568,107.95283642274413,63232900
2015-11-06,106.26607513427734,107.89330483402996,105.08534609688904,107.19875834144861,35084300
2015-11-09,105.66082763671875,107.40712575003455,105.03573577325417,106.16685870904108,26383500
2015-11-10,107.06977844238281,107.3079075984239,104.42056224771684,105.13495728582949,25031700
2015-11-11,108.16120147705078,109.01450573779537,106.27599421331301,107.42695799781283,25057100
2015-11-12,107.17890930175781,108.53824465338042,107.15906836063434,107.63533421747675,20924700
2015-11-13,103.1406021118164,107.40712367854405,103.0215413229704,106.87132741876971,30278400
2015-11-16,103.22991180419922,103.3588968569389,99.6877092821429,102.51551674597113,49309200
2015-11-17,104.31141662597656,105.37308491164607,103.32912724783114,103.80539312298639,26807200
2015-11-18,106.93084716796875,107.03999126020477,104.56938172774693,104.9761929024427,23836500
2015-11-19,105.43263244628906,106.89118783196739,105.12504104421373,106.52406602884068,25520600
2015-11-20,106.48436737060547,107.03008789972282,105.78982085171913,106.00810149337676,22129600
2015-11-23,106.11724090576172,106.63319621410518,105.25401992332353,106.35537761883822,19897200
2015-11-24,104.91666412353516,105.66082432480572,103.57717727524594,105.17464177957254,23577300
2015-11-25,104.5892333984375,105.76996236924164,104.28164205193526,105.50206804292148,15150800
2015-11-27,104.62893676757812,105.13496789898895,104.04353428946747,104.9563691214316,5913100
2015-11-30,103.4283447265625,105.27386264925542,102.94216217660248,105.01588499070988,20383200
2015-12-01,106.28593444824219,106.31569964809397,103.68633182466667,104.0137641630158,22781900
2015-12-02,105.24409484863281,107.0796884702073,104.96627625552821,106.16685378715249,24429100
2015-12-03,103.56724548339844,106.01801411244702,102.54526675921767,105.44252844854321,23236500
2015-12-04,105.35324096679688,106.89117508378474,103.29935910558746,103.99390560165284,21224700
2015-12-07,104.78768157958984,105.99818341372409,103.84508166349603,105.65091015884687,15474900
2015-12-08,105.66082763671875,106.0775631156844,103.14060410102131,103.19021781065675,20401800
2015-12-09,103.78555297851562,105.61123014881309,102.74373312072811,105.35325246355575,23517300
2015-12-10,104.59916687011719,105.57153963093715,103.59703647936222,104.23205264439123,17454300
2015-12-11,101.32485961914062,103.52756754065274,101.11649566318634,103.339052096688,26427700
2015-12-14,103.84507751464844,103.92444884831416,100.66998949836336,101.49352859130512,24648100
2015-12-15,103.7359390258789,104.97620607511233,103.46803710405047,104.48009925541896,21764300
2015-12-16,105.95849609375,106.25615564535696,103.37874212987623,104.54955453417139,22680500
2015-12-17,105.39292907714844,106.91101466349214,105.30362591736936,106.65303700967242,21675700
2015-12-18,103.22991180419922,105.76005213710253,103.16045714964869,105.25402861251563,35994200
2015-12-21,103.9542236328125,104.33126967495404,102.79333544724844,104.09314051201544,16138800
2015-12-22,104.68846893310547,104.83730250114594,103.99391480557988,104.40072605355783,14597100
2015-12-23,103.8153076171875,105.28378709542349,103.05130646586827,105.06549888933539,19599700
2015-12-24,104.20227813720703,104.49994527147219,103.68633035046905,103.92445951588738,6501800
2015-12-28,105.1052017211914,105.15481543615921,103.71610097198383,104.20228358470996,13069700
2015-12-29,106.4248275756836,106.90108584086178,105.4226897698044,105.59136425663881,17179900
2015-12-30,105.39292907714844,106.4149078669098,105.23417126864739,106.16685446861864,13115000
2015-12-31,103.84507751464844,105.34331457868784,103.80538806282112,105.17464008591342,18391100
2016-01-04,101.424072265625,101.44391320621605,98.97330353824177,101.15617036271875,37912400
2016-01-05,101.93012237548828,102.90248761613216,100.87837064766157,102.08887263988332,23258200
2016-01-06,102.16824340820312,102.96200980684843,100.11436140209915,100.3425663083387,25096200
2016-01-07,97.15755462646484,100.64022650827431,96.54238703462772,99.71746755052955,45172900
2016-01-08,96.57215881347656,99.71747434671988,96.27449168295321,99.10229914296674,35402300
2016-01-11,96.75074768066406,97.83225684228596,94.64725217945063,97.14763462409908,29932400
2016-01-12,98.59627532958984,99.18167776258026,96.79044674902426,98.2291535456875,28395400
2016-01-13,94.69686889648438,99.79684622127934,94.46865643650813,99.79684622127934,33410600
2016-01-14,97.60404205322266,98.10014878966683,91.73013254053271,95.10365986235071,48658600
2016-01-15,94.23052215576172,95.62953932636809,92.81165647494042,93.24823285980501,46132800
2016-01-19,94.51826477050781,96.66144209934538,93.18869467883113,95.77837264658513,30998300
2016-01-20,93.61534881591797,94.26028915041859,88.67412947648975,92.10718752030634,59051400
2016-01-21,93.42683410644531,95.24257920037907,91.89882428844395,94.17099428969338,30518900
2016-01-22,97.17740631103516,97.3063913590218,94.7464783513658,95.65932065323592,30495400
2016-01-25,96.254638671875,98.70540735327344,96.17525977102267,97.95132293515347,32482000
2016-01-26,96.58206176757812,97.11785798434569,94.91515029761926,96.99879720505635,26877100
2016-01-27,93.71458435058594,97.08811256746567,93.4963036874264,97.02858216569398,58699400
2016-01-28,108.26042175292969,109.48084018820416,103.99390043207819,106.36529022646187,107475300
2016-01-29,111.3363037109375,111.96139564673545,107.9925406562948,108.14137423243436,62739500
2016-02-01,114.19386291503906,114.81896234603114,111.13785069125814,111.39582078437658,46132700
2016-02-02,113.71760559082031,116.6743979911513,112.31858072845691,113.90612860432753,59778600
2016-02-03,111.81255340576172,114.4419133991619,108.89544298894609,114.37245874971339,56919300
2016-02-04,109.62968444824219,111.06839878771405,108.399341637582,110.92948948183255,38890200
2016-02-05,103.25967407226562,108.72677339380951,102.37660453090784,108.65731874123044,76894700
2016-02-08,98.97332000732422,101.88050655194296,96.70114964712819,99.62818470562955,71229700
2016-02-09,98.76495361328125,101.60268542981035,96.0661311105691,96.38363919500642,62709000
2016-02-10,100.21358489990234,102.44606575163284,99.45950035927622,100.75930546943242,45179400
2016-02-11,101.11649322509766,104.2915737678292,98.11007961027447,98.82447462488635,43670600
2016-02-12,101.21571350097656,103.42834563449586,100.30287121733808,102.93223882447047,36176800
2016-02-16,100.8188247680664,103.12076002335094,99.4594894072776,102.99177498020607,45687200
2016-02-17,104.380859375,104.89681464508284,99.61823901647615,101.22562007560802,44073400
2016-02-18,102.66435241699219,105.17465185864643,102.22777596801241,104.97621214728639,29593500
2016-02-19,103.75577545166016,104.20226854195381,101.26531720560541,101.75150731813467,32404500
2016-02-22,106.32561492919922,107.40712413913008,104.51977887740718,104.66861243409203,35709700
2016-02-23,104.63884735107422,106.63319884485608,104.30149835420987,106.01802367588157,25319300
2016-02-24,106.04779815673828,106.11725281334864,101.94003402009187,103.39858937889919,34412400
2016-02-25,107.2285385131836,107.2285385131836,104.78769362268059,106.27601423176706,29906300
2016-02-26,107.0796890258789,108.59777461035613,106.32561214639296,107.85361441639758,26686200
2016-02-29,106.08747863769531,108.06198919568611,105.91880413876822,106.76218420339289,32779000
2016-03-01,108.96490478515625,108.96490478515625,106.76218922961935,106.99040170419758,26817300
2016-03-02,109.09388732910156,109.68922157258062,107.9230749242431,108.82599297552747,25670200
2016-03-03,108.72676849365234,109.44116349940559,107.69486543756312,109.39154979123253,21353100
2016-03-04,107.54603576660156,109.19311404156421,107.08961840088632,109.19311404156421,24938900
2016-03-07,104.90674591064453,107.2285220712128,103.90460806792603,107.2285220712128,31436400
2016-03-08,105.1052017211914,106.53399192837522,103.58711591105366,103.96415440684268,25617000
2016-03-09,106.67289733886719,106.67289733886719,104.6686214194299,105.86919909177074,20493300
2016-03-10,106.48436737060547,107.81393758245987,104.94643320308516,107.06977735365766,24854300
2016-03-11,108.55809783935547,108.56801452534977,107.07969406736017,107.63533885260235,20697600
2016-03-14,109.03434753417969,109.47092392310171,107.92306562146393,108.42909665680641,17249400
2016-03-15,109.80828857421875,109.96704640012037,107.99253568291537,108.2604376216269,17618500
2016-03-16,111.30653381347656,111.62404189651595,109.24272748872565,109.62969022836772,24744800
2016-03-17,110.15556335449219,111.81256601242627,109.86782803861317,111.2767696977038,24241200
2016-03-18,110.58220672607422,111.54465516438285,109.41139433256309,110.69135083165494,36256900
2016-03-21,110.97909545898438,111.49505079720348,110.16548056716753,110.79058001270263,18448000
2016-03-22,111.3759765625,112.00106840509349,110.30438405806343,110.49290706439645,19001100
2016-03-23,111.66372680664062,112.3086672031146,111.12793051895407,111.13785477520462,18562000
2016-03-24,112.16976165771484,112.2094435440689,110.8104261654003,111.2569193017863,17839100
2016-03-28,112.80476379394531,113.69774995569016,112.0705202978594,112.43764204590235,21351800
2016-03-29,115.23570251464844,115.41430128965094,112.75516817849707,112.94369121044139,29825300
2016-03-30,113.80690002441406,116.07907013935173,113.46955102472363,115.82110004664347,33235200
2016-03-31,113.2115707397461,114.11448875327866,112.88413843352072,113.80689738834467,21207500
2016-04-01,115.15631866455078,115.26546277626373,112.46742046778301,112.8643074585583,24760500
2016-04-04,111.67365264892578,113.65808000780504,110.74096936785585,113.18181411087858,48487900
2016-04-05,111.34620666503906,112.43764006459706,111.02869862934966,111.2370625680844,22962400
2016-04-06,112.82461547851562,112.92383533149241,111.54465893614345,111.59427264762661,20814600
2016-04-07,112.7551498413086,113.99541680768165,112.18958840744203,112.90398339127113,20714500
2016-04-08,109.7685775756836,113.43977209429461,109.04426595462537,113.3603931969219,48497800
2016-04-11,108.14136505126953,110.04642103813495,107.92307683412947,109.83804950723616,39762300
2016-04-12,109.74876403808594,110.29448463129192,108.14137502990756,108.48864833013401,26248100
2016-04-13,109.64952850341797,111.77286502985555,105.69059073675174,111.3561371291504,88227400
2016-04-14,109.97695922851562,111.16762017103743,109.40148105478576,109.75867858054335,28473300
2016-04-15,108.78630065917969,110.10594659018865,108.34972424411166,109.92734783584166,20922800
2016-04-18,109.58999633789062,109.94719386310697,108.34972925588647,108.88552554371101,21167200
2016-04-19,111.41566467285156,111.57441491049163,108.31003886850141,110.23492808107494,30210500
2016-04-20,111.5446548461914,112.38803492055453,110.69135051589764,111.55457910212206,21027900
2016-04-21,112.55671691894531,113.15204358458364,111.43551066917068,111.67364739141743,20875200
2016-04-22,109.69912719726562,110.87986373912106,108.16120074332467,110.3440675160099,38458200
2016-04-25,109.24272918701172,109.80829070528003,108.22075026540321,109.01452427033658,21017900
2016-04-26,107.91314697265625,109.63959641654165,107.30789610629617,109.62967216152254,22521500
2016-04-27,108.04214477539062,108.0917584863605,105.48223171712972,107.09954482687856,52213100
2016-04-28,115.82110595703125,119.84949106708139,115.32499911805996,118.64891342516964,87110100
2016-04-29,116.66448211669922,116.92245221383175,114.9380249251789,115.91039762741411,37140600
2016-05-02,117.6467514038086,117.80550919337028,115.66232445421582,116.91251555205592,28095200
2016-05-03,116.51564025878906,117.23995949836275,116.10882905999,116.60493584682467,24117500
2016-05-04,117.14073944091797,117.37887616394447,115.66234324291088,115.70203269674863,23448400
2016-05-05,116.8926773071289,118.05357292776407,116.33704013485138,117.12088975716502,22056700
2016-05-06,118.55960845947266,118.70844202290449,116.19814266698384,116.24775637812428,26395600
2016-05-09,118.31155395507812,119.34345706339016,117.9742049463937,118.60922107920273,21138100
2016-05-10,119.56175231933594,119.56175231933594,118.07343175104545,118.68860697780188,23220000
2016-05-11,118.58936309814453,120.13722142201827,118.49014325468836,119.47244014387424,22038400
2016-05-12,119.34344482421875,119.89908199094637,117.97419284764483,119.0457853006098,22035500
2016-05-13,118.87710571289062,119.70064479496035,118.74812067364634,119.44266714648298,18124300
2016-05-16,117.74598693847656,118.67867015155274,116.43626527989615,118.45045769112316,31247800
2016-05-17,116.43627166748047,118.08334997922842,116.28743810425188,117.89482696113957,21328600
2016-05-18,116.73394012451172,117.34910775688387,115.82110536228947,115.89056001658922,21642300
2016-05-19,115.90047454833984,116.57518013613301,114.9777155469461,116.1386112757888,20544100
2016-05-20,116.43627166748047,117.0712878052656,116.03938468886739,116.04930894507983,18944800
2016-05-23,115.06700897216797,116.68431436674764,115.03724377625375,116.50571562127348,20441000
2016-05-24,116.7835464477539,116.81331921677686,115.21585459540916,115.33491539154268,20183600
2016-05-25,116.9720687866211,117.74599423693716,116.46603769603385,117.21019794748999,20019800
2016-05-26,118.53976440429688,118.82750726737876,117.00183023920144,117.3193383001902,18481300
2016-05-27,118.4504623413086,118.91680396615455,118.08334813706001,118.62906110039876,13493600
2016-05-31,117.88490295410156,119.16485948858971,117.20028067378614,118.52984334946235,23547600
2016-06-01,117.8551254272461,118.15279252319522,116.90260131819309,117.57730684168756,15029500
2016-06-02,118.00397491455078,118.51000601802072,117.2995041003031,117.76584574761952,13228300
2016-06-03,117.54755401611328,118.05358510448309,116.94230307531535,118.05358510448309,14135100
2016-06-06,117.86505126953125,118.50006735078394,117.43839913025315,117.69637677888355,12744700
2016-06-07,116.84307861328125,118.37108850435892,116.7537754506264,118.31155053925929,17103000
2016-06-08,117.46817779541016,117.67654176127621,116.3568957408015,116.84308589781197,14505600
2016-06-09,117.6368408203125,117.75590917632097,116.79346078272204,117.2101886737683,13859200
2016-06-10,115.71194458007812,117.19034062000608,115.3547471037214,116.62477921077267,18510800
2016-06-13,113.062744140625,114.58083740742839,112.427728000389,114.10457151725663,31718200
2016-06-14,114.04502868652344,114.05494537170354,112.69561764313755,113.18180016656684,17618500
2016-06-15,113.70768737792969,114.54115081405574,113.18181533334513,114.40224150303301,19819400
2016-06-16,113.49932098388672,113.60846509306874,112.06061419192665,112.98337320683586,19236300
2016-06-17,112.13997650146484,113.53900129559295,111.68355915890936,113.52907704010575,24644300
2016-06-20,112.48726654052734,113.82675348159424,111.87209133967171,112.88414595270305,20785400
2016-06-21,113.48939514160156,114.31293429210635,113.08259147941776,113.231425041676,19166300
2016-06-22,113.02305603027344,113.84658757397614,112.72538891906295,113.75729198260645,14846300
2016-06-23,114.18395233154297,114.19386901796958,112.65594235299555,113.47948152578228,16176900
2016-06-24,111.20730590820312,112.79484620850086,110.13571336675618,110.14563762269253,40643100
2016-06-27,108.12151336669922,110.70126712116345,107.3872774483492,110.70126712116345,36130400
2016-06-28,111.82247924804688,111.87209296028233,109.68922588173609,109.7685972233273,26813800
2016-06-29,113.2711181640625,113.36041376231523,112.159836109205,112.4872684427777,20968300
2016-06-30,113.39017486572266,114.28316866594061,112.78492393279657,113.7771375841522,23192700
2016-07-01,113.3008804321289,114.23355612637114,112.9238343959555,113.31079711835174,14980000
2016-07-05,113.31079864501953,113.31079864501953,112.09038006409278,113.05282853993931,14207000
2016-07-06,115.79132843017578,115.88063159391584,112.09037580271186,112.47733851561046,24337600
2016-07-07,114.94795227050781,116.05923430721589,114.46176969131845,115.7218777226838,16630200
2016-07-08,116.32713317871094,116.58511086277039,114.9479567281463,115.52344249643667,18142600
2016-07-11,116.95221710205078,117.77574861816265,116.58509535318944,116.7934592960603,17711600
2016-07-12,117.01174926757812,117.79559891406021,116.65455176867519,117.70629575433999,15217700
2016-07-13,115.87071228027344,117.47810116625224,115.77149242632183,117.46817690986019,16207700
2016-07-14,116.37674713134766,116.72402041637801,115.79133710516233,116.58511110236587,14579700
2016-07-15,115.95008850097656,117.35903007637006,115.67226988836256,116.82323379347616,16646000
2016-07-18,118.44053649902344,118.67866563607161,115.97984351622961,116.40649565385152,20868400
2016-07-19,119.67088317871094,119.90901232366542,117.73606968222626,118.0634944177928,21541300
2016-07-20,120.9706802368164,121.24849883348408,119.62126913586857,120.30589894193463,20046500
2016-07-21,119.67088317871094,121.14927932653741,119.31368567628468,120.97068057532428,17801700
2016-07-22,120.05784606933594,120.06777032497166,118.38100265638425,118.96641261906706,18422400
2016-07-25,120.68293762207031,120.9012258255928,116.86291677039372,120.4448084773135,18487400
2016-07-26,120.27613067626953,121.1195107003456,119.80978908519519,121.05005605295084,17612000
2016-07-27,122.37962341308594,124.02670164451995,120.5638782542019,121.46678870577966,52654200
2016-07-28,124.02670288085938,127.33077606240288,122.66736749208904,126.52707788014226,78955800
2016-07-29,122.9749526977539,124.86015243104137,122.74674024509879,123.67942342640143,35058800
2016-08-01,123.34207916259766,123.60998109327238,121.90337236597567,122.88566178180731,25006900
2016-08-02,122.13156127929688,123.82825309809735,121.1195067970189,123.09400962645657,23968400
2016-08-03,121.55609130859375,122.95510856031865,121.35764404488127,122.13156944838727,18525300
2016-08-04,123.39169311523438,123.81834529789197,121.55609933216871,121.98275151482632,21066000
2016-08-05,124.17554473876953,124.86016703684247,123.64967269460128,124.006870228374,20184000
2016-08-08,124.28467559814453,124.47319103143124,123.58020486220526,124.2747513427119,15233900
2016-08-09,124.08624267578125,125.10822157373947,123.56037062692816,124.36406130008176,19621000
2016-08-10,123.90763092041016,124.50296513293051,123.57028193197166,124.09615392570754,10670100
2016-08-11,123.92749786376953,124.40375622063505,123.77866428850277,124.22515744431296,11729500
2016-08-12,123.90763092041016,124.02669927691203,123.21308443245505,123.72903217065185,12159000
2016-08-15,122.93526458740234,123.94731911241733,122.73681732858348,123.93740242696806,19295100
2016-08-16,122.3399429321289,122.95511053454233,121.82398760818111,122.53838262903855,14222400
2016-08-17,123.40160369873047,123.41152038398009,121.89343484202634,122.69713297658149,13794200
2016-08-18,122.94518280029297,123.29245602367195,122.67728090655167,123.04440263983146,12400800
2016-08-19,122.59791564941406,123.19324989286983,122.3200970397957,122.63760510364374,11688300
2016-08-22,123.18331909179688,123.85802463787394,122.15141604662082,122.36970424829119,14386400
2016-08-23,123.40160369873047,124.11599110612907,123.28253534583632,123.5405129921126,13309500
2016-08-24,122.51854705810547,123.7191246880129,122.13157676318667,123.50083646984982,12243700
2016-08-25,122.92533874511719,123.4016045901454,122.14148911537649,122.1613376259966,10730800
2016-08-26,123.98700714111328,124.21521959363841,122.94518743173022,123.08409672631463,17504800
2016-08-29,125.55471801757812,125.74324103623479,123.38176766986851,123.38176766986851,15925900
2016-08-30,124.86016082763672,125.61424531365566,124.17553856360955,125.61424531365566,17804300
2016-08-31,125.13798522949219,125.23720507808893,124.12592309183341,124.62202990480637,14200600
2016-09-01,125.1875991821289,125.64401657015168,124.62203768284093,125.39596314818345,13536100
2016-09-02,125.52495574951172,125.87222902620599,125.01892464919169,125.86230476973196,12118800
2016-09-06,128.71986389160156,128.92823540563506,125.48525306120737,125.68369274982446,26278400
2016-09-07,130.02960205078125,130.9523534794418,128.9381609781925,129.02745657322828,27990800
2016-09-08,129.25567626953125,130.05936690266986,128.7992513294885,129.90060908526553,15676600
2016-09-09,126.1103515625,128.9381589097769,126.1103515625,128.70003732683477,27100700
2016-09-12,127.68798828125,127.75743537007445,124.77087747106059,124.97924144750411,21252800
2016-09-13,126.21949768066406,127.35062820760075,125.67378471441162,127.03311257197683,18016200
2016-09-14,126.77513885498047,127.7971253065271,125.9019935397644,125.9019935397644,15691100
2016-09-15,127.35064697265625,128.0948073208253,126.67593371752616,126.98352514236292,15077200
2016-09-16,128.0650177001953,128.17414666273757,127.2017815657236,127.2017815657236,24119200
2016-09-19,127.64827728271484,128.9282413421905,127.26131457310143,128.89847614452626,14958800
2016-09-20,127.63835906982422,128.16423107557227,127.03310815792838,127.64827575560084,11083800
2016-09-21,128.92822265625,128.99766972740855,127.3902887265888,128.12453215584014,14068300
2016-09-22,129.06715393066406,129.71208674978027,128.5511985913838,129.4838818485516,15538300
2016-09-23,126.96366119384766,127.59868491148471,126.30880410345667,126.56677420907059,28326300
2016-09-26,126.31871032714844,127.16209793868995,125.81268684421029,126.37824829042684,15064900
2016-09-27,127.68798828125,128.00548880441056,126.43779685259881,126.61639562812042,15637100
2016-09-28,128.22377014160156,128.46190687614944,127.40023096710026,128.20393676870705,12047600
2016-09-29,127.09263610839844,128.28328939776088,126.55684742717764,128.17414529640394,14532200
2016-09-30,127.27124786376953,127.58874835583497,126.45762541164058,127.03311113973648,18402900
2016-10-03,127.76734924316406,128.08484972170945,126.80490084198485,127.38038654557495,13156900
2016-10-04,127.19187927246094,128.27338859437376,126.55686309684442,128.1642444795031,14307500
2016-10-05,127.46968078613281,127.79711308677642,126.83466469578768,127.25139258570375,12386800
2016-10-06,127.73759460449219,128.05509510928036,127.08272994214381,127.42999564613153,11682700
2016-10-07,127.98565673828125,128.24362686223404,127.33079203134692,128.0352553136712,12804400
2016-10-10,129.2259063720703,129.68231615553734,128.19399573644552,128.670254031361,15138700
2016-10-11,127.87649536132812,129.62278587081417,127.23154742852253,129.21597465565685,17537900
2016-10-12,128.045166015625,128.6504169073338,127.45976363478572,128.00546899388598,11073000
2016-10-13,126.82473754882812,127.25138968448795,125.76306933730096,127.21170780348639,17139300
2016-10-14,126.88427734375,127.94594563395772,126.58661779424621,127.48953583871644,13345300
2016-10-17,126.54692840576172,127.46968739268037,126.32864019401913,127.20178547100018,11351700
2016-10-18,127.56891632080078,128.3825236414781,127.01326395890014,127.67804528798368,13504000
2016-10-19,129.09689331054688,129.45409076015312,127.59865644301894,127.7375657212005,16752300
2016-10-20,128.98777770996094,129.64264236885265,128.49167087261492,129.05723993437937,13167500
2016-10-21,131.04165649414062,131.1011868873239,128.69009998355565,128.76947888779267,19088800
2016-10-24,132.2422332763672,132.37122589489525,131.12102701372473,131.6865960580597,17470200
2016-10-25,131.2599334716797,132.46051861661175,131.1904863908867,132.46051861661175,13336800
2016-10-26,130.01968383789062,131.23018583060133,129.92047154634506,130.61501814708555,13084700
2016-10-27,128.68019104003906,130.7737624528186,128.26346312270582,130.7142320560537,16741400
2016-10-28,130.26771545410156,131.93464215661328,128.91830436729794,129.48387338028624,24545500
2016-10-31,129.9700469970703,131.0912379153209,129.8609029105175,130.9820938287681,15669000
2016-11-01,128.49166870117188,130.91267244890332,127.64828103594482,130.38680042140186,22077800
2016-11-02,126.17980194091797,129.21597314043396,125.29673244079744,129.21597314043396,39640900
2016-11-03,119.06563568115234,122.32009517857223,118.5695288658142,121.05006294250488,63766300
2016-11-04,119.8097915649414,120.980603909535,118.32147117283033,118.65882016144747,30545500
2016-11-07,121.19889831542969,122.25064235729438,120.40512437101032,121.87360389718934,23008900
2016-11-08,123.25277709960938,123.63973980584795,120.59364429495068,121.07982684920108,19460800
2016-11-09,122.22088623046875,122.84597814835105,119.57167741707575,120.55396687945934,31916000
2016-11-10,119.85941314697266,123.21309259232397,114.37246524879457,122.96503917734265,67846700
2016-11-11,118.09327697753906,119.76019637728038,117.23005586141652,118.5993081087079,32840100
2016-11-14,114.18395233154297,118.20241320130378,112.6658666094118,118.20241320130378,51377000
2016-11-15,116.28742980957031,117.56738625005482,114.92810203501627,115.82109578070185,34681400
2016-11-16,115.43412780761719,116.9621376761282,113.32071554252805,113.58861745654683,32397900
2016-11-17,116.87283325195312,116.87283325195312,115.10669437000648,115.90046065639307,18597800
2016-11-18,116.10882568359375,118.20239686875496,115.93022694272729,117.4681609651878,22879300
2016-11-21,120.82184600830078,121.00044475801697,116.88276439898598,117.2796437805873,35415400
2016-11-22,120.5241928100586,122.0224375353548,119.95863133454789,121.44695180378548,26089200
2016-11-23,119.89910125732422,120.36544291290139,119.00611497301631,120.28607156917815,15672100
2016-11-25,119.44267272949219,120.19675719952579,119.1350889300001,120.06777215425247,8658600
2016-11-28,119.47245025634766,120.74248252805876,118.88704026142457,119.18470738697725,18101300
2016-11-29,119.92886352539062,121.14928204440169,119.46252191065061,119.63119641002787,18891000
2016-11-30,117.4979248046875,120.84168713733484,117.0315832328062,119.38313203208514,30188900
2016-12-01,114.20378112792969,117.52769509482208,113.11234770790382,117.45824044727466,43277000
2016-12-02,114.50146484375,115.57305747853833,113.41003126535,114.21372195644629,25070400
2016-12-05,116.51564025878906,116.65454955350366,114.17401561933033,115.04716083896338,20201500
2016-12-06,116.3965835571289,116.88277370729097,115.42421839678394,116.7736295976619,19131200
2016-12-07,117.0315933227539,117.0315933227539,115.66234125385051,116.08899341278253,21913700
2016-12-08,117.98411560058594,118.56951795522222,116.72400016638706,117.06135670616834,22442800
2016-12-09,118.74813079833984,119.0061084688129,118.02381149777725,118.2917134244195,17464700
2016-12-12,116.85298919677734,118.31154436072696,116.73392841277415,118.29170342005602,17805500
2016-12-13,119.37322235107422,120.57379996462628,116.69424851190706,116.94230192553326,29768000
2016-12-14,119.27399444580078,120.74247388610605,117.92458336119233,119.065630500823,25913100
2016-12-15,119.6312026977539,121.54617539659785,118.69851941925272,119.1450201157646,20139600
2016-12-16,118.9366455078125,120.55395093090767,118.34131129907614,119.95862429216024,25324300
2016-12-19,118.31155395507812,119.42283597248864,117.58724222702537,118.91680488947257,15918100
2016-12-20,118.1627197265625,118.83742531011535,117.87498443018485,118.56953095590569,13684400
2016-12-21,118.11311340332031,118.27186365038676,117.55747618360371,117.99404504052846,10767600
2016-12-22,116.48588562011719,118.06350171163918,116.01954398702895,117.93451666056797,16258600
2016-12-23,116.35689544677734,116.64463832367186,115.39445453163461,116.08900108276642,10890000
2016-12-27,117.09112548828125,117.75590676323056,115.95007836904676,116.04929821202612,12051500
2016-12-28,116.00961303710938,117.32925895034616,115.7417186941913,117.26972855636194,12087400
2016-12-29,115.44405364990234,116.61486602913854,115.15631079051498,116.08899401956442,9934900
2016-12-30,114.15416717529297,115.92030600913778,113.87634103413647,115.69209357139916,18684100
2017-01-03,115.95008850097656,116.92245364512553,114.61060157873656,115.12654934930691,20663900
2017-01-04,117.76583862304688,118.72828705907143,116.37673802167089,116.63471568606668,19630900
2017-01-05,119.73043060302734,120.00824923998962,117.3987298199624,117.93452614981398,19492200
2017-01-06,122.44908905029297,122.91542310269915,119.09540209944325,120.03800960023972,28545300
2017-01-09,123.92749786376953,124.45336993572067,122.08197969843793,122.58801082634888,22880400
2017-01-10,123.38175964355469,124.52280679752985,123.31230499435563,123.84810124674368,17324600
2017-01-11,125.10820770263672,125.13798046907344,123.09401532978745,123.38175817876433,18356500
2017-01-12,125.63410949707031,125.74325361668711,123.82828074976085,124.63197147603888,18653900
2017-01-13,127.34069061279297,128.26345713954092,126.37824977336814,126.49731056134408,24884300
2017-01-17,126.8743667602539,127.34070083390552,126.40802511661263,127.04303370009501,15294500
2017-01-18,126.9239730834961,127.42999661370976,125.85238048423831,127.41016324074563,13145900
2017-01-19,126.5568618774414,127.35063587430882,126.45763445034058,127.23155993379189,12195500
2017-01-20,126.05081176757812,127.4795941486163,125.79283412197856,127.10256329041235,19097200
2017-01-23,127.92609405517578,128.24360967901745,125.96151533758474,126.31871284441749,16593600
2017-01-24,128.36264038085938,128.88851226210627,127.38035882229141,128.3725722042629,15162700
2017-01-25,130.45623779296875,130.71422301441004,128.7595610426143,128.98776592775425,18731300
2017-01-26,131.74612426757812,132.10332177912966,130.41656164012792,130.60508465177713,20020100
2017-01-27,131.1508026123047,131.91481141805383,130.05937660121438,131.6469094737039,19539500
2017-01-30,129.9601287841797,130.55546298045184,128.5908843567178,130.55546298045184,18956100
2017-01-31,129.30528259277344,129.64263158050088,128.51150869107875,129.15644146996812,19790500
2017-02-01,132.192626953125,132.4506122045974,129.66247899125221,131.22026176675092,50139800
2017-02-02,129.82122802734375,134.43503050190992,129.38465160669884,132.18270131720746,54366400
2017-02-03,129.9601287841797,131.8155784499073,129.74184058821174,130.21811400122047,24804900
2017-02-06,131.03170776367188,131.03170776367188,129.28541751568764,129.96011540468973,17058500
2017-02-07,130.81344604492188,131.96441753066398,130.63485485229586,131.2103405951669,14596400
2017-02-08,133.15505981445312,133.393196524772,131.40876935871464,131.5675271655939,22390600
2017-02-09,133.09555053710938,133.45274808926723,132.27201131574603,133.44283140225568,16470600
2017-02-10,133.1451416015625,133.88930178029693,132.6391029904374,133.055846013709,15061900
2017-02-13,133.0062255859375,133.65115831892598,132.6589447974195,133.65115831892598,13526200
2017-02-14,132.80780029296875,133.1848311767901,131.51791954731843,133.05585370021,14364900
2017-02-15,132.4010009765625,132.658971092897,131.62707548757916,132.41091766335157,13226500
2017-02-16,132.79786682128906,132.82763201859083,131.98425952840978,132.03387323723885,12831100
2017-02-17,132.49029541015625,133.0459326650452,132.13309786915912,132.46053021007145,12276500
2017-02-21,132.67881774902344,132.8673407752355,131.8651952443144,132.460529522881,14759100
2017-02-22,135.0601043701172,135.72488563570303,132.42082781808344,132.55973711029574,27360100
2017-02-23,134.30604553222656,135.06012248538184,133.2840666438798,134.83191757613395,18422500
2017-02-24,134.38540649414062,134.5639976670941,133.11537435321364,133.11537435321364,12625700
2017-02-27,135.3478546142578,136.11184815050302,133.96867837898657,134.206799942501,14306700
2017-02-28,134.484619140625,135.74473459989255,133.70077709051557,135.72488608951662,16112100
2017-03-01,136.34999084472656,136.40952123822072,135.23871645956095,135.40739095445372,16257000
2017-03-02,135.6951446533203,136.74690392771797,135.24865150153664,136.02257700195636,12294800
2017-03-03,136.10194396972656,136.26070178664028,135.02043472946193,135.56615526261615,11160600
2017-03-06,136.34999084472656,136.75680205357398,135.44707283679048,135.81420216330113,12748200
2017-03-07,136.23092651367188,137.29258716331378,135.92334272863522,135.96302460993968,13527100
2017-03-08,136.64767456054688,136.9155765038098,135.98289318576687,136.0821054736562,10184500
2017-03-09,137.1636199951172,137.49105231538513,136.33014902535393,136.64766465954543,15535300
2017-03-10,137.70933532714844,138.40389704207283,137.14378138040064,137.8284112685531,16314100
2017-03-13,138.5130157470703,138.59237950680802,137.590249285366,137.62994630521194,10955500
2017-03-14,138.2352294921875,138.37413881417584,137.44145544940528,138.37413881417584,12944000
2017-03-15,138.63209533691406,139.00914137672436,137.4116767606585,138.2054355855531,19344800
2017-03-16,138.8999786376953,139.15794870718855,138.641993428225,139.10833500229216,13612900
2017-03-17,138.75115966796875,139.247266516158,138.61225035607495,139.247266516158,20592800
2017-03-20,138.85037231445312,139.0984257121451,138.16574251442682,138.6221674277703,12099500
2017-03-21,137.43150329589844,141.20191808648096,137.32235919190865,140.05094665167545,29894800
2017-03-22,138.5030975341797,138.70153723298068,136.52860209213853,136.85601926817202,17055400
2017-03-23,138.44358825683594,139.29689271782476,138.00701176889083,138.39397453957292,13022800
2017-03-24,139.2472686767578,139.92198187355353,138.67178290713136,138.9892985620893,16664700
2017-03-27,139.22744750976562,139.55486474017442,137.6895130936851,137.96733174614056,12800500
2017-03-28,140.6561737060547,140.8446966846001,138.9198001625743,139.2670809272607,14679400
2017-03-29,141.5392608642578,141.74763237725531,140.32875908774096,140.88441140907503,16527600
2017-03-30,141.3011474609375,141.83693616250096,140.74551024747063,141.29121563499652,12404000
2017-03-31,140.94395446777344,141.51944021160415,140.78519664741066,141.20192457087862,11478300
2017-04-03,141.1721649169922,141.36068794358036,139.72354138422563,140.8248840638056,13564000
2017-04-04,140.62643432617188,140.98363184056612,140.17002453221056,140.75542694358546,12948600
2017-04-05,140.74551391601562,142.32313000393944,140.18986154808707,141.15231001077797,17158100
2017-04-06,140.07078552246094,141.1126127815694,139.81281544895813,141.0034686850918,15103400
2017-04-07,139.68382263183594,140.44783130602843,139.14803397537483,140.10055050685622,11818300
2017-04-10,139.94178771972656,140.32875038560164,139.53499168430275,139.90210584065233,9039400
2017-04-11,138.83050537109375,139.93186291621936,137.72914782596814,139.70365805983502,16638100
2017-04-12,138.4931640625,139.30677127096644,138.3542547761776,138.63207334882242,11612500
2017-04-13,138.30465698242188,139.4853936219771,138.24512658714656,138.53286187763672,10965600
2017-04-17,140.31883239746094,140.44782499821338,138.6618376569267,138.67175434160896,11519700
2017-04-18,139.86244201660156,140.805041951058,139.5151611849698,140.17002582405777,14807500
2017-04-19,141.16224670410156,141.92624034888445,140.17003300855853,140.2494119209995,15563900
2017-04-20,142.68032836914062,143.12682149137788,141.57897059296656,141.8369406960421,15968200
2017-04-21,142.56124877929688,143.04743891414617,141.16223905081466,142.77953699167992,12382000
2017-04-24,144.3373260498047,144.5357657589211,143.216119740327,143.83130252056097,14407200
2017-04-25,145.34939575195312,146.004245311846,144.6548340242199,144.6548340242199,17767500
2017-04-26,145.41883850097656,146.44081740816708,144.95249684740656,145.94471055458024,12395000
2017-04-27,146.54995727539062,146.59957098730771,145.00210635944416,145.52797839781113,11275100
2017-04-28,149.08006286621094,150.35009480289148,147.90925832519838,148.33590281862587,30652200
2017-05-01,151.2729034423828,151.3820475521528,150.24099274274286,150.55850838570257,25218300
2017-05-02,151.59039306640625,152.24525767802965,150.47911867575667,152.14603026173106,21870400
2017-05-03,150.6180419921875,152.4040296719327,150.16161703070503,152.4040296719327,29782500
2017-05-04,149.6754150390625,150.34019627840487,147.561995403856,149.00070197496873,36225500
2017-05-05,149.0701904296875,150.44936685498035,148.6236821566238,150.27076051775902,17148500
2017-05-08,149.8837890625,149.9036375743651,148.57407493899555,149.53652337474267,15827500
2017-05-09,149.30831909179688,151.4018906850914,149.04043228325662,150.31046465701084,17453900
2017-05-10,149.11976623535156,149.3479862502897,147.70090814062277,149.06023584535976,12080700
2017-05-11,148.87173461914062,149.47698557252204,148.24665029284657,149.13963655325483,11841900
2017-05-12,149.1594696044922,149.28846221494993,148.4649231250615,149.22891668244637,9598200
2017-05-15,149.02056884765625,150.30051778023696,148.60384093611884,149.0007203356844,15064700
2017-05-16,148.61373901367188,149.04039869776096,147.86957887768142,148.94117129030488,14550800
2017-05-17,143.72213745117188,147.51238530451144,143.2954777558092,146.84760404892504,28300100
2017-05-18,146.51025390625,146.9964288478011,143.38477219352978,143.59314369703526,23031600
2017-05-19,146.90716552734375,148.22681163276192,146.8079532362477,147.29412828457313,16187900
2017-05-22,147.08575439453125,147.43302008206632,146.54003386842925,146.92699657966912,12586700
2017-05-23,146.91705322265625,147.6512814881406,146.10343092417534,147.36354624841917,12817800
2017-05-24,148.87173461914062,149.0602576416662,147.26435329441398,147.35364889245895,17862400
2017-05-25,150.77679443359375,151.40187874420144,148.78243528742834,149.12971612441623,19891400
2017-05-26,150.94544982910156,151.06451060843378,149.97306966463162,151.04466209855275,14996200
2017-05-30,151.19349670410156,151.7094368189823,150.4592532698809,150.7866855389262,13226000
2017-05-31,150.28070068359375,152.15598405859393,149.91357130225808,151.511036039479,18023900
2017-06-01,150.3501434326172,151.10422040768012,149.12972479903456,150.56843166171063,14530600
2017-06-02,152.4139404296875,152.43378894201797,150.1219293048304,150.66764984407706,16854400
2017-06-05,152.43377685546875,153.5053693366645,152.21548865707828,152.44369354085825,12520400
2017-06-06,151.62014770507812,153.3168395097737,151.29271542206752,152.2154818814569,13457100
2017-06-07,151.92774963378906,152.5528490796893,151.15382419599771,152.07659076565898,12066700
2017-06-08,153.50537109375,153.52520446475603,151.9079066090495,152.88027168756958,17799400
2017-06-09,148.43515014648438,154.37849950169897,145.46842624134283,153.5648922798733,35577700
2017-06-12,147.28419494628906,148.0382718612845,143.43440118346368,147.01629302465466,33170200
2017-06-13,149.50672912597656,150.00283589659364,147.7405902337779,148.98085716032062,20483400
2017-06-14,149.08006286621094,151.2133156132982,147.8894098180698,150.0821929465679,20808800
2017-06-15,148.63360595703125,148.87172754049547,145.2303053068953,146.52018606391468,18994200
2017-06-16,149.4670867919922,149.65560983710256,147.44297729392454,148.42525927005366,22882400
2017-06-19,151.67971801757812,152.3742797861578,150.52876152160644,150.52876152160644,19026500
2017-06-20,151.06454467773438,152.64216091959128,151.02486278899994,151.68964419016012,14743900
2017-06-21,152.71160888671875,152.88028339305185,150.69741635700458,151.17367467723804,15039800
2017-06-22,152.20556640625,153.34662117688373,151.71939141196086,151.81860369202988,13005500
2017-06-23,153.86257934570312,153.99155682616848,151.46140896809462,151.5308711914043,18027000
2017-06-26,152.3940887451172,155.28143405995465,152.00712603261167,155.0333806509132,18049700
2017-06-27,149.4075469970703,152.1162862719026,149.21902396380716,151.64994460224537,19360800
2017-06-28,152.04681396484375,152.27501884832245,148.69312723034295,149.74487119939337,16719100
2017-06-29,149.8639373779297,151.31257591384278,147.76044936411716,151.09428770788358,23973500
2017-06-30,149.80442810058594,150.7371114502539,148.89159326516076,150.71726293601108,17666000
2017-07-03,147.27426147460938,150.96529738040775,146.6491771844189,150.5386527877377,13862700
2017-07-05,149.16940307617188,149.67544174954202,146.9766192914994,147.83984036021866,14334300
2017-07-06,147.66122436523438,148.87171093947683,146.8476020058509,147.8695807275313,14951800
2017-07-07,150.26084899902344,150.8065695759969,148.02836811684298,148.08789851797098,13615900
2017-07-10,152.30479431152344,152.78105262131658,150.3302837101218,150.5088900387809,13378700
2017-07-11,154.06101989746094,154.20984589111666,151.7193950440772,152.17580485127408,13667700
2017-07-12,157.66273498535156,157.9207202109397,154.98376129332433,155.2715117157145,22739400
2017-07-13,158.0199432373047,158.5358985836042,157.18648739019096,157.50400303098422,13929200
2017-07-14,158.7244110107422,159.0716918271875,158.08939491151096,158.8831688205445,16371200
2017-07-17,158.48626708984375,159.52809435183087,157.57343243495308,159.00222237825233,12858800
2017-07-18,161.59190368652344,162.4551246533504,158.1786865607107,158.41682326948055,23722900
2017-07-19,162.86195373535156,164.4098046623632,161.8995052492006,162.3162331803207,26273600
2017-07-20,163.24891662597656,163.71525826982227,161.54230787402614,163.5168185605214,18523100
2017-07-21,163.14968872070312,163.7648714996967,162.4749906830719,162.8818019269268,14744000
2017-07-24,164.7074737548828,164.87614826662943,163.0306301840177,163.35806252093036,17367000
2017-07-25,163.99305725097656,164.25102732817518,162.5841158017024,163.72515534851576,15383200
2017-07-26,164.3205108642578,164.71739028682083,162.822273633106,164.71739028682083,35236900
2017-07-27,169.11289978027344,174.12358182526808,166.19578917768342,173.33972455016118,68910700
2017-07-28,171.10720825195312,172.0795732041449,167.73368854191378,167.75353705031895,24557600
2017-07-31,167.93215942382812,171.3751419833318,167.23761290029253,170.66074694770126,25478900
2017-08-01,168.5373992919922,169.14265018134674,167.73370871464778,168.4977174103853,14385000
2017-08-02,167.98179626464844,169.22206349173536,165.6104059320575,168.97401004631797,17433800
2017-08-03,167.2772979736328,168.37865574622896,166.93994896148095,167.98177633663607,10793800
2017-08-04,168.2992706298828,168.73584704832263,167.3765192236174,167.65433782808302,10777700
2017-08-07,170.6409149169922,170.72029383306003,168.33898691094507,168.6267222342084,12787800
2017-08-08,169.89671325683594,171.7025490928664,169.29146241662508,170.54166111540817,14393500
2017-08-09,169.8471221923828,170.1150241121124,168.23974095396233,168.6564688624425,10815000
2017-08-10,166.0965576171875,169.2617215576094,165.5508522260626,168.73584953854018,20832700
2017-08-11,166.7712860107422,167.5055296233406,165.55086735870296,166.64229338069623,13791200
2017-08-14,169.42047119140625,169.74790349425436,167.97183268243995,168.76560658571006,12954200
2017-08-15,169.66851806640625,170.16462484437818,168.68622119562994,170.1547081592106,8729200
2017-08-16,168.6763153076172,170.04557494726032,167.92223840722238,169.91658233193792,15779900
2017-08-17,165.6103973388672,168.5374248149186,165.55086693745287,168.0214694360277,17216000
2017-08-18,166.10650634765625,167.35669021343156,164.91585288406355,165.5409372469611,15093600
2017-08-21,166.47357177734375,166.69185994799753,164.52884188967022,165.85840428185173,11907500
2017-08-22,168.31910705566406,168.54731193437945,165.84848985051778,166.96969601373323,11391000
2017-08-23,167.3963623046875,168.0412950855644,166.89032368155895,167.5253397768761,9856500
2017-08-24,166.4339141845703,167.9718331476921,165.11426828397387,167.5650370793704,14030400
2017-08-25,165.0249786376953,167.06893629841107,164.88605419475488,166.5529809702761,12614500
2017-08-28,165.9377899169922,166.39419964510287,165.03487200532678,165.61035764770773,8553700
2017-08-29,166.74148559570312,167.11851643932118,163.7152313220576,163.9632847028486,11121000
2017-08-30,168.59693908691406,168.8549091816899,166.32477652375476,166.86056522520565,11138300
2017-08-31,170.63095092773438,170.80954208439294,168.73581957442983,169.07316851921334,17226500
2017-09-01,170.6805877685547,171.5735739528636,169.97610945072762,171.05761864149633,11677600
2017-09-05,169.3907012939453,171.04769613329952,168.22981323787,169.9364217835476,13210900
2017-09-06,170.75,171.13696261955704,168.24963313823528,169.57919545774152,13906300
2017-09-07,171.86134338378906,171.9605556708088,168.94423265376997,170.6012277327987,18049500
2017-09-08,169.61892700195312,172.1391582488474,169.47010100468665,171.7422636895045,10998500
2017-09-11,172.15899658203125,172.5360426392755,170.85919903519007,171.05763875058923,12372000
2017-09-12,171.61326599121094,172.64516144399872,170.41268090808495,172.40702473644265,11186300
2017-09-13,171.7025909423828,171.82165174653295,170.7202938882035,171.66289391434597,9119300
2017-09-14,169.6288604736328,170.93857468221861,169.17243551095655,170.91872616906412,15615700
2017-09-15,170.30357360839844,170.99812023054093,168.9343137390455,169.54949658149815,15660500
2017-09-18,168.68624877929688,170.73022175635384,168.02146740490633,170.65084284210096,12954000
2017-09-19,171.1766815185547,171.21636339795242,169.0334966716318,169.2914667376593,13168600
2017-09-20,170.8294219970703,171.70257485229624,169.37086672299006,171.15685431778004,12264100
2017-09-21,169.77764892578125,170.92862019453077,168.68620804335046,170.353134560156,11161400
2017-09-22,169.2121124267578,170.3928491151046,167.90239825664426,168.88469523921373,12097100
2017-09-25,161.60183715820312,167.9817789910787,160.30203966027116,167.92224859269697,41251600
2017-09-26,162.93141174316406,164.21136070276103,161.51253833681037,163.2191470429256,23363300
2017-09-27,166.3743896484375,167.02925433859465,164.28083322926395,164.60825043436265,19242500
2017-09-28,167.41619873046875,167.75356286536928,165.8584312303992,166.63235663756362,12178700
2017-09-29,169.53953552246094,170.32339275657026,167.49557789829257,167.51542640978323,15340400
2017-10-02,168.15045166015625,170.5317584092481,167.43605660743287,170.05550008742557,13392300
2017-10-03,168.63661193847656,169.4006054273335,167.88251999418213,167.98174739947657,8190300
2017-10-04,167.10861206054688,169.34109265206823,166.9796194482438,168.5076368648283,12127900
2017-10-05,169.90667724609375,169.9761243314083,167.2872337174915,167.86270433288422,14580600
2017-10-06,170.8889617919922,171.02787110478334,168.4282760482721,168.92438289966614,13124500
2017-10-09,171.15684509277344,173.51831829304928,170.6607382954031,171.35528478372598,14570400
2017-10-10,170.25390625,171.85137054761248,169.47006426768226,171.65293088094765,11341100
2017-10-11,171.39498901367188,171.43467089753997,170.0654112344226,170.61113176247508,11283700
2017-10-12,171.2064971923828,172.49637818278825,170.94851191031293,171.26602759902008,10351000
2017-10-13,172.38719177246094,173.29009461828863,171.85138796419022,172.09944135765468,13658300
2017-10-16,173.16114807128906,173.63740643259538,172.70472308421773,173.13138286995618,11498800
2017-10-17,174.73875427246094,174.75860278553705,173.00238030779676,173.34966115672137,15990100
2017-10-18,174.6593475341797,175.3638258063429,174.38152895529262,175.27451508171865,12752400
2017-10-19,173.20082092285156,174.65937627198252,171.28585575044315,173.56793514678944,14048400
2017-10-20,173.61752319335938,174.5105244746786,173.27025753393855,174.13347847990087,12602200
2017-10-23,169.93641662597656,173.97471784651603,169.91656811605412,173.83580855701294,13852700
2017-10-24,170.46231079101562,171.89110089198473,170.16464366331724,170.95841762385328,12267900
2017-10-25,169.2716522216797,170.90879866377375,167.5749602438914,170.56151783546116,15868200
2017-10-26,169.30142211914062,170.94848529291494,169.06328538968916,170.0455823662001,11833100
2017-10-27,176.49497985839844,176.82241220001325,172.54595838557486,172.7940118134667,30285300
2017-10-30,178.46945190429688,179.28307430760813,176.22705466245034,177.8642010145095,24353200
2017-10-31,178.65798950195312,179.39223306199798,177.5467150456508,179.16402815900284,20174200
2017-11-01,181.23773193359375,181.4758534976598,179.1640092333057,180.94006483853377,40918300
2017-11-02,177.52684020996094,180.523329263154,175.95914104014406,179.22353198146436,35529900
2017-11-03,177.52684020996094,178.45952333605246,175.33405682114952,177.89395436555907,17822100
2017-11-06,178.7671356201172,179.04495423731612,176.92161758302188,177.16967100123372,13312700
2017-11-07,178.84649658203125,179.34260336866657,177.5665477341023,179.0945499753489,12928200
2017-11-08,178.16188049316406,178.94573775470707,177.71538737885638,178.39008539336953,10494100
2017-11-09,177.90390014648438,178.00311242173828,175.7111014456757,176.92160323960988,12610300
2017-11-10,177.07044982910156,177.7054659422473,176.57434301758215,176.96130572496816,11070200
2017-11-13,177.37803649902344,177.6459232807927,175.91948123836522,176.11792093818718,9523400
2017-11-14,176.68348693847656,177.57647314229405,175.8004022805086,176.74301733340062,9585900
2017-11-15,176.5644073486328,177.179590076712,175.02647323840188,175.28445846436279,10253700
2017-11-16,178.191650390625,178.4297871231925,177.11014111767508,177.3681112229722,15607600
2017-11-17,177.60621643066406,178.57858142109103,177.5069890247122,177.90388350854315,13018000
2017-11-20,177.34828186035156,178.1023588205641,176.71326569912532,177.47725934592688,10052400
2017-11-21,180.44395446777344,180.47371966268912,177.59630646100754,177.7550491205655,14504000
2017-11-22,179.46168518066406,180.31498955925983,179.03504056135588,179.88834493995165,10376300
2017-11-24,181.3568115234375,181.72392573276295,178.88619406019225,178.99533816836723,9426300
2017-11-27,181.60484313964844,182.29938959012975,180.57294771893012,181.1385015643302,12344500
2017-11-28,180.99960327148438,182.81535597805015,180.6721709663681,182.08111246294297,14379700
2017-11-29,173.76637268066406,180.55311007372015,172.64516646743317,180.4737311688918,41933500
2017-11-30,175.80039978027344,176.8918408049531,173.83582107582822,175.4729826128477,25307600
2017-12-01,173.7366180419922,176.0980762592376,170.99809864891415,174.65936947923964,20182500
2017-12-04,170.13487243652344,175.19516800816865,169.4601592949808,174.91733426284273,24459400
2017-12-05,171.48428344726562,174.01443123113526,167.6940201144138,169.12281016365682,20184900
2017-12-06,174.6891326904297,175.3936110430922,170.5615202753435,171.15685452097316,20255800
2017-12-07,178.7373504638672,178.98540385438216,174.4311472381219,174.4311472381219,20404500
2017-12-08,177.60621643066406,180.86067549819543,177.3482463711563,180.11651537348595,19883800
2017-12-11,177.6459197998047,178.81673974377554,177.4077982206758,177.90390503049875,13168600
2017-12-12,175.5821075439453,177.7848075841929,175.22491007850422,177.20933707762669,16854100
2017-12-13,176.91171264648438,177.7650170674055,175.8698851928046,175.91949890773793,14615700
2017-12-14,177.00099182128906,178.95565391639886,176.29651347057296,176.901764400632,13591000
2017-12-15,178.7770538330078,179.08465279179953,176.97123280579504,177.6260974690611,28463100
2017-12-18,179.4120635986328,179.88832186933345,178.35038781980418,179.6005714578849,17265400
2017-12-19,178.11227416992188,178.67784324081975,176.83232517049,178.54885061623332,14920600
2017-12-20,176.50486755371094,178.40991575021332,175.97899558415452,178.40991575021332,11860500
2017-12-21,176.0683135986328,177.28873217967393,175.67143418462928,176.55450374976945,11600700
2017-12-22,175.82025146484375,176.14768377815716,174.85780303661357,175.76072106969193,8509500
2017-12-26,174.61968994140625,175.6218203017753,173.30996062450808,175.25470608718072,8897300
2017-12-27,176.2369842529297,177.05060671581896,174.88757307885342,175.17532351669627,9496100
2017-12-28,176.53465270996094,177.54671488315512,176.29651598098025,176.56441790858617,12220800
2017-12-29,175.0860137939453,177.45740362836847,175.0860137939453,176.61401603513102,10261500
2018-01-02,180.00741577148438,180.16617360425352,176.16755342375987,176.2965309154021,18151900
2018-01-03,183.2321014404297,183.34124555259893,179.91811132907898,180.46383188992525,16886600
2018-01-04,182.89474487304688,184.7601113895471,182.6665399715534,183.46029878370092,13880900
2018-01-05,185.39511108398438,185.44470965036146,183.49004771181433,184.1449122997492,13574500
2018-01-08,186.81398010253906,187.4291477052418,184.87916656179783,185.7423875707489,17994700
2018-01-09,186.40716552734375,187.32993205476637,185.64317195063535,187.23070463806178,12393100
2018-01-10,186.3773956298828,186.42700933698384,184.18461209180802,185.48440946197522,10529900
2018-01-11,186.30796813964844,186.93305246691168,185.92100540754097,186.93305246691168,9588600
2018-01-12,177.97335815429688,180.06692956843747,176.01869604602433,176.67356069082177,77551300
2018-01-16,177.00099182128906,180.33483027965096,176.65371098896813,180.08677686798706,36183800
2018-01-17,176.21713256835938,177.92374108587103,174.43114515003586,177.8641955552792,27992400
2018-01-18,178.40000915527344,179.5708139416445,175.70118693925764,176.7430142522012,23304900
2018-01-19,179.87838745117188,180.94997989978438,178.76711312223028,179.44182620764286,26826500
2018-01-22,183.92662048339844,183.9464689935451,179.00524976543338,179.39221244341843,21059500
2018-01-23,187.8756561279297,188.0740958251222,184.105241321358,184.60134813432853,25678800
2018-01-24,185.09747314453125,189.17547215366278,185.06770794402502,188.4114633473833,24334500
2018-01-25,186.02020263671875,187.1513255420997,185.14706495851576,186.48654424279474,17377700
2018-01-26,188.5205841064453,188.5205841064453,185.35542029826166,186.28810350518478,17759200
2018-01-29,184.5319061279297,187.3696380145805,184.18464040479603,187.2803424120587,20453200
2018-01-30,185.66299438476562,186.71473832397322,180.42410805891768,186.1591011591071,20858600
2018-01-31,185.434814453125,188.3519251010696,183.77781942071672,186.90328646352634,43275100
2018-02-01,191.58653259277344,193.7991799624837,186.42702457215398,186.7544568978059,54211300
2018-02-02,188.79840087890625,192.69780816421374,188.50073377361915,190.5446913486245,26677500
2018-02-05,179.84864807128906,189.12585213250935,179.20371522852162,185.47449787905256,33128200
2018-02-06,183.8671112060547,184.32353615197485,176.35606166063977,177.1796008165534,37758500
2018-02-07,178.7770538330078,183.6389099554623,178.54884892549848,182.71614335904567,27601900
2018-02-08,170.2440185546875,180.42412507381815,170.14479113447067,179.60058593395013,38478300
2018-02-09,174.73875427246094,175.5225964292041,165.87827811141383,173.3992597294425,39887600
2018-02-12,175.03640747070312,176.16753038630065,170.50198398257606,175.68134026451693,32092100
2018-02-13,171.8018035888672,174.59985361204096,171.75220501368852,174.2525727459091,21809400
2018-02-14,178.1221923828125,178.40992766953786,171.86132689530353,172.09944847328913,28929700
2018-02-15,178.5587615966797,179.0945502655238,175.46304494787478,179.0945502655238,20922100
2018-02-16,175.97900390625,178.4793864061432,174.9272599173999,177.59631691173342,20645300
2018-02-20,174.63951110839844,176.5644079238638,173.74652492018245,174.40138953286248,21204900
2018-02-21,176.52471923828125,179.8585574271064,175.0264670633768,175.33406598655316,23200800
2018-02-22,177.5963134765625,178.80681525087556,176.0286142091738,177.30856306104116,18464200
2018-02-23,181.8628387451172,181.96206616910862,178.11227224592568,178.49923497552544,19007300
2018-02-26,183.4900665283203,184.2143934074253,181.79338963283567,183.14280082818172,17599700
2018-02-27,180.047119140625,183.26188209752726,180.047119140625,183.01382865258205,15849800
2018-02-28,176.9315643310547,181.45605663842016,176.75295798209004,180.88057084283693,18783000
2018-03-01,174.57005310058594,178.71749844130207,173.05196759166571,177.6161408034602,23201600
2018-03-02,175.2447509765625,175.7309410626267,171.64302611360225,171.9406780642771,20025900
2018-03-05,178.99534606933594,179.73950634701885,174.5204677165954,174.82805154230758,16189300
2018-03-06,178.38015747070312,180.95991885305395,177.71537618416932,180.36458464482595,15086800
2018-03-07,182.27955627441406,182.3887003695206,176.68347250890474,177.34825376456183,19097300
2018-03-08,180.92019653320312,182.96415381434767,180.03712716979672,182.13069815135245,17225900
2018-03-09,183.78775024414062,184.06556888531674,181.78348935279604,182.47803595573626,18526300
2018-03-12,183.3213653564453,184.65094298580436,182.78557671474607,183.7877069242099,15301200
2018-03-13,180.4638214111328,184.54182007087564,179.6998126703109,184.16477404346094,18067500
2018-03-14,182.7558135986328,182.8153439883901,180.43403755823635,181.17819771015652,16821700
2018-03-15,182.4284210205078,182.56733034016742,180.77142587171807,181.8132533391553,15614300
2018-03-16,183.6488037109375,183.88694041511232,181.98189220164593,183.05348466046652,24403400
2018-03-19,171.21636962890625,175.79047474978412,168.73583572691126,175.63171694646186,88140100
2018-03-20,166.84071350097656,168.87475444209613,160.68899210879263,166.1660155091787,129851800
2018-03-21,168.07106018066406,172.04983124454625,162.02848302325373,163.5168034151269,106598800
2018-03-22,163.60609436035156,168.94420819244993,162.44520630444487,164.83644463309642,73743000
2018-03-23,158.14892578125,165.302792529729,157.78181159245784,164.15182111516467,53609700
2018-03-26,158.81370544433594,159.84561606055564,147.85967402740113,159.5677974654145,126116600
2018-03-27,151.03475952148438,161.5819952218703,149.5762042785155,155.0929096225438,79117000
2018-03-28,151.83843994140625,154.66625464462274,149.625807940841,150.46918038322005,60029200
2018-03-29,158.5458221435547,160.16313533650757,152.93982073506774,153.94195113230754,59434300
2018-04-02,154.1800537109375,157.9603846880265,152.9100216540671,156.58120854158238,36796000
2018-04-03,154.89447021484375,156.16450244865112,149.6357349536215,155.331046633961,42543900
2018-04-04,153.892333984375,154.34874375774146,149.33806209635878,150.84623099352257,49885600
2018-04-05,158.09933471679688,160.3119822720409,155.43027731660064,160.3020504449896,41449600
2018-04-06,155.97598266601562,160.1631254779056,155.58901994832812,156.50185468902743,41644800
2018-04-09,156.70030212402344,159.28006379590303,154.82501883961191,156.59117315157778,34915200
2018-04-10,163.7549285888672,164.6876118106786,155.7874544603831,156.7002891706726,57889300
2018-04-11,165.0249786376953,167.3368230784228,161.9788755184887,164.07244688882912,56144600
2018-04-12,162.5940399169922,166.1461664683181,161.83004633576897,165.67982485901135,38263000
2018-04-13,163.23898315429688,164.4097879167685,162.49482296595303,163.29851354696794,19990600
2018-04-16,163.54656982421875,164.48916971806412,162.1177798150317,164.42963932434435,18119400
2018-04-17,167.3467559814453,167.68410498509857,164.37011506455008,164.5387895663767,22743000
2018-04-18,165.06466674804688,166.8109573568676,164.47926431633744,165.5806220956449,20969600
2018-04-19,166.79110717773438,167.01931205964715,163.913678740666,164.9058923106942,22235000
2018-04-20,164.98526000976562,167.11851298447667,164.5189184523211,166.4834969483785,19119400
2018-04-23,164.54872131347656,167.13839975380716,163.80456101613996,165.96759481985464,23088100
2018-04-24,158.4465789794922,164.8066712581551,156.95825870373514,164.14187487847073,35079900
2018-04-25,158.4465789794922,159.8059066532244,154.9738316693924,158.89307203422396,41083600
2018-04-26,172.80393981933594,174.89751131005175,169.4701012165842,171.8712565286882,77556900
2018-04-27,172.23834228515625,175.72102144979658,171.2560605843413,175.43327104896906,29804700
2018-04-30,170.66075134277344,174.35178740859453,170.37301603989096,172.4368071515522,20750500
2018-05-01,172.5062713623047,172.66502918502357,168.90453085176392,170.66075330814073,26025900
2018-05-02,174.69906616210938,176.69341016579082,172.84361632507387,172.89323003600683,30424500
2018-05-03,172.66502380371094,174.74866338703478,170.7798087826326,173.76638156203168,24026100
2018-05-04,175.23487854003906,175.60199279855607,171.71251654784345,171.73236506289277,17677800
2018-05-07,176.58425903320312,178.10234465949247,175.7904851097891,175.96909143404696,18697200
2018-05-08,177.52684020996094,177.6459009869167,175.73093617098658,176.86205897199665,15577200
2018-05-09,181.23773193359375,181.5849975945159,177.38793848810025,178.2710079481258,23282800
2018-05-10,184.0854034423828,184.6807377083252,181.07899719333025,181.72393003145177,21071400
2018-05-11,185.53399658203125,186.85364227392904,182.74586409826153,183.41066042619005,21207800
2018-05-14,185.186767578125,186.39726952434344,184.7501911201472,186.24844352275093,15646700
2018-05-15,182.8848114013672,183.84724462976104,181.77352191439496,183.44044857486458,15429400
2018-05-16,181.77352905273438,182.8848185833475,181.23774036867192,182.26963585426475,16975500
2018-05-17,182.3291778564453,182.6268449843108,180.8011754720384,181.25758528011698,14840700
2018-05-18,181.25758361816406,182.75583593002384,181.18813653495366,182.0612893980254,13130500
2018-05-21,183.05348205566406,183.85717260334886,181.7040710311633,182.33908709328264,13532900
2018-05-22,182.368896484375,183.97627796928373,182.00176708919423,183.4900877648448,12731400
2018-05-23,185.44471740722656,185.45464923289944,180.76146796303533,181.07898358500404,16628100
2018-05-24,184.4822998046875,185.34553608359153,183.58931346373097,184.43270122795266,12354700
2018-05-25,183.48011779785156,184.87914246030516,183.01377624370036,184.57155869905148,10965100
2018-05-29,184.29376220703125,185.35542290175417,182.27956978080095,182.90465406274876,16398900
2018-05-30,186.2086944580078,186.53612670998731,183.80753975013377,185.08748842607582,13736900
2018-05-31,190.28671264648438,191.21939580214917,186.02019137055882,186.40715404791155,30782600
2018-06-01,192.47952270507812,193.0351599015415,190.57447440007027,191.56668800517716,17307200
2018-06-04,191.77505493164062,192.46960146542042,189.9791506300175,190.34626483930563,18939800
2018-06-05,191.43771362304688,193.48167142182427,191.12019797198496,192.78712486010082,15544300
2018-06-06,189.8501434326172,191.03088001937442,187.6375113806139,189.54255964412974,22558900
2018-06-07,186.7147674560547,189.48305216718774,185.31575764051456,189.264763941221,21503200
2018-06-08,187.6276092529297,188.00464014872674,184.9783854562642,186.06982653878478,12677100
2018-06-11,190.048583984375,191.10034310523886,187.32992844283444,187.33984512832245,12928900
2018-06-12,190.9019012451172,191.77505410667226,190.06844540816672,190.6736963435667,11562700
2018-06-13,190.91180419921875,192.98552679181924,190.41569744654055,191.23923647278355,15853800
2018-06-14,195.27755737304688,195.74389897906175,191.4079303656662,191.5964533732013,19120900
2018-06-15,194.32504272460938,195.535544547172,193.12445758781328,194.26549719007528,21860900
2018-06-18,196.765869140625,198.02598460408896,192.61842371690886,193.28320498693134,16826000
2018-06-19,195.9522705078125,196.41861211385094,192.28106805347113,194.71200350025885,19994000
2018-06-20,200.4271697998047,201.96510408121497,197.26200563651003,197.54975609134394,28230900
2018-06-21,199.93104553222656,201.80632867876594,198.5320206867189,201.18122924992667,19045700
2018-06-22,200.169189453125,200.66529628370577,197.75810238371335,199.59370371285382,17420200
2018-06-25,194.8211212158203,198.44269433137754,191.60634411726062,198.44269433137754,25275100
2018-06-26,197.4505157470703,197.54974316775883,194.7020797057688,196.06142269730353,17897600
2018-06-27,194.3151092529297,199.1868816991921,194.27542737022137,197.62909906827792,18734400
2018-06-28,194.70208740234375,195.8034451996165,191.75521154315393,193.66026000384585,18172400
2018-06-29,192.8069610595703,196.06142057520924,192.44976354492806,195.78360196826287,15811600
2018-07-02,195.82327270507812,195.912568293661,190.72329551076174,191.86433507148328,13961600
2018-07-03,191.2293243408203,193.87853285613852,191.02096796162596,193.03516037372157,13489500
2018-07-05,196.90476989746094,197.1032095733461,192.51918795849843,193.2236662188641,19684200
2018-07-06,201.64756774902344,202.05437896277454,196.16062769616207,196.90478790376508,19740100
2018-07-09,203.14584350585938,204.19758763195725,200.54623325118624,203.33435139602528,18149400
2018-07-10,201.9551544189453,203.3144973793578,200.68512219109925,202.90768615981906,13190100
2018-07-11,200.9629364013672,202.90768172397952,200.17909431693334,200.64543592133586,12927400
2018-07-12,205.308837890625,205.4675957014534,201.60788537305933,201.8460069493238,15454700
2018-07-13,205.70571899414062,206.80706149245074,204.84248291657892,206.1918939406068,11486800
2018-07-16,205.61642456054688,207.09482830709123,205.22946185373033,205.88432647756704,11078200
2018-07-17,208.35496520996094,208.82130687111882,203.24505545088476,203.30458585188705,15349900
2018-07-18,207.72984313964844,209.34715617765175,206.81700843021673,208.18626806435344,15334900
2018-07-19,206.46974182128906,208.3549569044322,206.14230948884872,207.14445499903923,11350400
2018-07-20,208.30532836914062,209.85317918327323,206.87653834379418,207.22381916439136,16163900
2018-07-23,209.26776123046875,209.97222436506237,207.17419005671545,208.94032894566632,16732000
2018-07-24,212.9984893798828,214.5165749601828,210.94461512299728,213.43506578153367,28468700
2018-07-25,215.80648803710938,216.91776257898957,212.60164190223546,214.04034879448685,58954200
2018-07-26,174.8875732421875,178.7274503791993,172.39712242049106,173.52824538070118,169803700
2018-07-27,173.5282440185547,178.52899413497158,171.65296083240102,178.46946373858236,60073700
2018-07-30,169.72804260253906,173.93503338501145,165.2630817548119,173.93503338501145,65280800
2018-07-31,171.23622131347656,172.88329948852726,168.67630846236798,169.34108974362823,40356500
2018-08-01,170.3134765625,173.71677744654153,169.5693162830717,172.57572260076367,34042100
2018-08-02,174.9967041015625,175.41343198798833,168.94421035302224,169.35100641407132,32400000
2018-08-03,176.39572143554688,177.4573971875599,174.77840852508768,176.3064258507917,24763400
2018-08-06,184.244140625,184.3433528982231,176.99106183537083,177.57646420931314,49716200
2018-08-07,182.37876892089844,186.83381317946927,182.28947333562078,185.04782577403012,33398600
2018-08-08,183.7381134033203,185.3951234946176,182.3291718604022,183.31146880806094,22205200
2018-08-09,181.6643829345703,185.1172971356833,181.0591320378216,184.40290213821012,19732100
2018-08-10,178.85643005371094,180.68211470625917,178.0229742075353,180.62256916869316,21500400
2018-08-13,178.6480712890625,181.1881358188921,177.50701650387984,178.69768499971894,17423300
2018-08-14,179.69979858398438,180.5729513621932,177.2291813674494,179.30291921569534,19102000
2018-08-15,178.1321258544922,179.46168859012798,173.41911073968112,177.94360282750299,33020200
2018-08-16,173.3397216796875,179.09456387943234,172.65509183858282,179.01518497061076,31351800
2018-08-17,172.4467315673828,174.84788673024775,170.70042589258762,173.1412780789589,24893200
2018-08-20,171.15684509277344,173.21073450107613,169.5792291107304,172.68484736708385,21518000
2018-08-21,171.2759246826172,172.81385895130066,170.0555060662981,171.4644477087111,19578500
2018-08-22,172.28797912597656,172.88331337730875,170.7897419514284,170.86912086093795,16894100
2018-08-23,171.5537109375,174.1830858400676,171.4842638641367,171.742233928021,18053600
2018-08-24,173.29010009765625,173.4587897337263,171.57357479979996,172.34750020068213,14631600
2018-08-27,176.07823181152344,177.27880178704885,174.42122177922306,174.61967661086052,17921900
2018-08-28,174.8875732421875,176.8521671783252,174.46092863806334,176.71325787233374,15910700
2018-08-29,174.53036499023438,175.41343448259514,173.38932541403022,174.92725951150646,18494100
2018-08-30,176.2568359375,178.390089274481,174.33193899307219,174.5303786993064,24216500
2018-08-31,174.3616943359375,176.23697746280862,173.61753412463977,175.77063585253046,18065200
2018-09-04,169.82728576660156,172.53602469300188,167.48566103250337,172.1490619892304,29809000
2018-09-05,165.87826538085938,169.79752128372485,165.3722418860996,168.17029155589415,31226700
2018-09-06,161.2644805908203,165.67982823051048,158.75418131005338,165.67982823051048,41514800
2018-09-07,161.77049255371094,163.34812362432544,158.91292778915525,159.06175376752574,24300600
2018-09-10,162.901611328125,163.72515038109054,160.89735088305312,162.2368300747623,20197700
2018-09-11,164.64793395996094,165.88820101083448,162.44521846641123,162.66350667856327,20457100
2018-09-12,160.7386016845703,163.20921897566964,160.5401619944368,161.97886867287718,24078100
2018-09-13,160.10357666015625,162.04832185091652,159.60746989251075,160.7385927171434,25453800
2018-09-14,161.05613708496094,161.5720773146908,159.09154303336734,160.46080280145142,21770400
2018-09-17,159.3296661376953,160.79813806735754,158.52597552173137,160.6592287650919,21005300
2018-09-18,159.05186462402344,160.5004881976009,157.6329911112942,158.14894649228484,22465200
2018-09-19,161.7903594970703,162.16740553853603,158.23823272214887,158.8335669834127,19629000
2018-09-20,164.72731018066406,165.15395477201457,163.1893760346749,163.219141232212,18936000
2018-09-21,161.66136169433594,165.94773190213695,161.54230090188992,165.3424809739052,45994800
2018-09-24,164.12205505371094,164.4097903358473,159.6273286611783,159.77615464504572,19222800
2018-09-25,163.62594604492188,164.30064401598187,159.89521327325136,160.7286841915896,27622800
2018-09-26,165.65005493164062,167.9817629115919,162.93139939924737,163.02069498827245,25252200
2018-09-27,167.5253448486328,170.43253864331763,165.90804693470875,166.24539593368888,27266900
2018-09-28,163.179443359375,167.47571460935237,161.29422857354166,167.01930486518697,34265600
2018-10-01,161.17520141601562,164.5884190842758,160.0043813367961,161.76060388563533,26407700
2018-10-02,158.08937072753906,161.0163973756042,157.43450621726697,160.32185098894098,36031000
2018-10-03,161.16522216796875,162.38565560279812,158.28780924124672,158.75415077033261,23109500
2018-10-04,157.61314392089844,160.20282214580766,156.12482345003056,160.20282214580766,25739600
2018-10-05,156.10499572753906,159.64719104715576,154.98378931203945,157.97036247757788,25744000
2018-10-08,156.02560424804688,157.10711354691838,153.1878724618473,154.3289121602927,24046000
2018-10-09,156.67051696777344,159.33957389893445,156.19425869239208,156.4621605960343,18844400
2018-10-10,150.20130920410156,156.46217499750117,150.1318469804765,155.598953955172,30610000
2018-10-11,152.15594482421875,153.6045680419625,147.99856787662608,148.96101617360952,35338900
2018-10-12,152.5429229736328,155.66838973017065,150.12191938851547,155.5096319219713,25293500
2018-10-15,152.3246307373047,154.358671573541,151.36218236806084,152.1261910523011,15433500
2018-10-16,157.54367065429688,158.21838375991396,153.80302122721474,154.18998391691443,19180100
2018-10-17,158.17869567871094,159.24037153403384,156.72014042587173,158.3176049818395,17592000
2018-10-18,153.71372985839844,157.42461419121523,152.08650015191827,157.27577306648942,21675100
2018-10-19,152.8505096435547,156.1248175844445,152.3544028385707,154.6464138552001,19761300
2018-10-22,153.57481384277344,156.11487813789978,153.25731337587135,153.5549653323491,15424700
2018-10-23,153.1878662109375,153.56491224615945,149.67543651958738,150.04255072863256,19095000
2018-10-24,144.90286254882812,153.44582195956076,144.4663012972735,153.07870778485304,27744600
2018-10-25,149.774658203125,151.02485718155754,145.8554170319628,146.57972880932172,22105700
2018-10-26,144.2380828857422,147.83982301609493,142.6803154421865,144.68459110750447,31303300
2018-10-29,140.983642578125,147.67116844140386,137.947471044523,147.34373609993975,31336800
2018-10-30,145.08148193359375,145.4982098521499,138.65194168447485,138.85038138759987,50528300
2018-10-31,150.60809326171875,155.18219848979928,147.800142142031,153.79310552811708,60101300
2018-11-01,150.5684356689453,151.56064941305698,148.1871287390694,150.34023074699408,25640800
2018-11-02,149.1793212890625,152.9298874977579,147.80014498628802,150.61802798562925,24708700
2018-11-05,147.5223388671875,149.02059137802166,146.29200345853323,148.93129577061563,15971200
2018-11-06,148.7725067138672,149.794485490799,146.84760994489577,148.1474073132278,16667100
2018-11-07,150.3501434326172,151.818615495626,148.6633831405149,150.38984045971407,21877400
2018-11-08,146.7186279296875,149.7647311096227,145.59743679770625,149.31823799405643,24145800
2018-11-09,143.831298828125,146.60948496439167,142.94822927624475,145.60735461809398,17326900
2018-11-12,140.4478302001953,143.91064577963837,139.39608626580937,143.35500861731956,18542100
2018-11-13,141.0531005859375,143.7519230106303,140.51729671957594,140.8943427633134,15141700
2018-11-14,143.09703063964844,144.4464415907106,140.4478224399849,142.58107538601328,22068400
2018-11-15,142.7299346923828,143.71221648246322,139.73344533339812,141.22176575713524,30320300
2018-11-16,138.44358825683594,140.66615258638333,136.69729744503638,139.97160596464377,37250600
2018-11-19,130.52569580078125,136.67741679552446,130.18834682667722,136.53850750383592,44362700
2018-11-20,131.3988494873047,133.1153900428905,125.86230294350906,126.0409017075018,41939500
2018-11-21,133.77024841308594,136.12178986346993,133.08561858829606,133.353505366709,25469700
2018-11-23,130.70431518554688,133.45275155718303,130.23797350422296,132.60936379990008,11886100
2018-11-26,135.31809997558594,135.9332675826266,131.74612484443062,131.9644130546667,24263600
2018-11-27,133.9488525390625,135.54631723790533,132.66890349861373,134.69301283094617,20750300
2018-11-28,135.6951446533203,135.72490985410724,130.82338673144227,135.21888630074972,29847500
2018-11-29,137.6001739501953,138.8999864759306,134.60369979706752,134.86166988111822,24238700
2018-11-30,139.51516723632812,139.87236476950758,136.29047275122844,137.18345901418738,25732600
2018-12-03,139.99143981933594,142.56126989856986,139.66400745225496,141.8865717894194,24819200
2018-12-04,136.85601806640625,142.2735111219751,136.09202447573222,139.63421924516007,30307400
2018-12-06,138.5427703857422,138.61221745521544,132.6291714973816,132.77801260049728,28218100
2018-12-07,136.34999084472656,139.77312473044262,135.59591396050388,138.16574354618837,21195500
2018-12-10,140.74551391601562,141.9361672816189,137.92761561144712,138.51303317801737,26422200
2018-12-11,140.9737091064453,142.75969660179285,140.00134402452528,142.75969660179285,20300300
2018-12-12,143.37486267089844,146.04391963021334,141.40035219133628,141.96592120054922,23696900
2018-12-13,143.88087463378906,144.7143454827732,142.07505393093925,144.43652691310402,18148600
2018-12-14,142.93829345703125,144.87310701215983,141.40035929885983,142.22389843052554,21785800
2018-12-17,139.0984344482422,143.7916007881354,137.34221204308943,141.9659313000558,24334000
2018-12-18,142.54141235351562,144.79372637124868,138.74123237023278,139.98149939584815,24709100
2018-12-19,132.2025604248047,143.7816926259551,131.46831682760123,140.11050491989727,57404900
2018-12-20,132.36129760742188,134.5144145958929,128.98777718323655,129.68232372468893,40297900
2018-12-21,123.97708892822266,133.84961143015394,122.4590032991407,132.35137431268788,56901500
2018-12-24,123.0940170288086,128.72979816036587,122.06211397443818,122.14149287938721,22066000
2018-12-26,133.13523864746094,133.1947841922537,124.9097930163676,125.01893713851634,39723400
2018-12-27,133.4725799560547,133.9389215670963,128.6603378591269,131.4087738165464,31202500
2018-12-28,132.16287231445312,134.86169500411603,131.17065853560592,134.28620919558693,22627600
2018-12-31,130.0692901611328,133.59165182038424,128.93816714993446,133.4031287951879,24625300
2019-01-02,134.62356567382812,136.43931880608926,127.5590080234862,127.98566784471883,28146200
2019-01-03,130.71421813964844,136.10193043297755,130.09903544528873,133.6412450754704,22717900
2019-01-04,136.8759002685547,136.92551399002576,132.70860504468078,132.96657520035535,29002100
2019-01-07,136.97509765625,137.78870497792076,134.85176104703956,136.48890751648534,20089300
2019-01-08,141.4202117919922,142.02546273037706,138.45348749728953,138.80076833438764,26263800
2019-01-09,143.1069793701172,143.57332102571948,140.17003526247268,141.8369470305985,22205900
2019-01-10,143.0771942138672,143.43439170578438,139.74335600263245,141.96591985678148,16125000
2019-01-11,142.68032836914062,144.22817926755195,141.45990979769772,142.0353804014832,12908000
2019-01-14,144.2579345703125,145.4287544900615,140.17001938673516,140.8943310748982,20520300
2019-01-15,147.7902374267578,149.50676300284843,144.853293157607,144.8731265321422,24069000
2019-01-16,146.39120483398438,148.48477637801153,145.8554160895323,147.83984351932185,18025700
2019-01-17,147.14529418945312,147.83984074886803,145.3593065081152,145.8057996434548,15787900
2019-01-18,148.87173461914062,151.24312472042595,147.39334591824291,148.58399931211375,31029600
2019-01-22,146.42095947265625,150.35011661555828,145.23029111179903,148.03825724886107,22378700
2019-01-23,143.17642211914062,147.64138321345908,141.9460718338698,147.12542791447743,20098400
2019-01-24,144.69454956054688,145.29980062300473,141.41032409408842,143.51381264034367,20955500
2019-01-25,147.8497314453125,148.66335380044498,145.3989628350647,146.3316459680305,22237200
2019-01-28,146.32174682617188,147.8001506014188,145.07156308910322,146.89723255465768,15508500
2019-01-29,143.06727600097656,146.94683466399238,142.313184003882,146.9369028387817,17632100
2019-01-30,149.24876403808594,149.7746360212973,144.56551475591945,145.08147005377919,44613200
2019-01-31,165.39208984375,170.34322609112806,163.7152464126422,164.31058063740673,77233600
2019-02-01,164.41970825195312,167.78331146260734,164.37009454820185,164.54868571373441,30806500
2019-02-04,167.93215942382812,167.9817731340761,162.34599175743284,164.40979795592344,20036000
2019-02-05,169.82728576660156,170.6408930571049,167.37651692938948,167.8329267133362,22557000
2019-02-06,169.16250610351562,171.1270848386497,167.9520042717718,169.8669692977403,13281200
2019-02-07,165.0845184326172,167.9222501889627,163.96331211917226,166.8903394739392,17517600
2019-02-08,166.02711486816406,166.06679675328965,162.93141306907842,163.18938317234253,12561400
2019-02-11,164.49908447265625,166.98955027387103,163.79462130193767,166.59265575376813,12811200
2019-02-12,163.7549285888672,167.02923655097888,163.21913989760228,165.56076463790257,16292300
2019-02-13,162.79251098632812,164.9257644110222,162.45514681788154,164.0923085265819,14205100
2019-02-14,162.67343139648438,163.58626617420055,160.98667115200928,161.91935444271346,12755200
2019-02-15,161.23472595214844,163.41759306012008,159.60749609275362,163.2290700350716,15504400
2019-02-19,161.02633666992188,162.87185455074814,159.08160651419917,159.25028100750322,14345400
2019-02-20,161.2942352294922,162.4452066022366,159.9944378775039,160.9866514457365,11770700
2019-02-21,158.79383850097656,160.9767202665294,158.34734546346846,160.66912137049155,15607800
2019-02-22,160.62950134277344,161.14545678965976,159.06180162568262,159.3297036073327,15858500
2019-02-25,163.33819580078125,164.7769176135051,161.63158722042746,161.80027685335008,18737100
2019-02-26,162.85203552246094,164.9456069848802,162.52460319251148,163.06039191607837,13784100
2019-02-27,161.5422821044922,162.65355641128804,159.16097569279344,161.6315776884361,12697500
2019-02-28,160.19288635253906,162.22692730701414,159.60748394875688,161.1057210686007,11114200
2019-03-01,161.01641845703125,161.8598060555291,160.4310160787683,161.33393406963486,11097800
2019-03-04,166.0667724609375,166.19576506368998,162.55434325192755,162.62379032573335,18894700
2019-03-05,169.926513671875,170.54169646417552,165.25319559960448,166.06680296493406,28187900
2019-03-06,171.16676330566406,172.21852244305563,169.9364281267931,171.55372600546673,21531700
2019-03-07,167.81309509277344,170.40277325733447,166.304926144912,170.16463653715266,18306500
2019-03-08,168.27944946289062,168.299282836092,164.6777088895179,164.90591380117024,13184800
2019-03-11,170.730224609375,172.9428569987217,170.244034428944,170.26388294283385,18884000
2019-03-12,170.58135986328125,172.446726271351,169.8868133730355,170.75003435805678,12155300
2019-03-13,172.0200958251953,172.67496054457362,170.77982861727304,170.97828348252506,11973300
2019-03-14,168.84500122070312,169.81736639431227,166.85065716116222,168.43818997562911,18037400
2019-03-15,164.6876220703125,166.2751700114422,161.24463939572104,165.858442083391,37135400
2019-03-18,159.22052001953125,162.6238054519901,158.0397833952159,162.2963882822019,37524200
2019-03-19,160.3119659423828,162.5444466443645,159.5678057083889,160.2226552079197,25611500
2019-03-20,164.1518096923828,164.82650762915654,159.98451587237324,160.2424859411437,20211500
2019-03-21,164.78683471679688,165.09441850706298,162.47497523708407,163.60609812321184,16223000
2019-03-22,163.0603790283203,166.1163987263316,162.81232562887112,164.36017641903754,16389200
2019-03-25,164.99520874023438,165.243262164075,160.73861864872035,161.7308323440828,12631200
2019-03-26,166.3743896484375,168.13061217568446,165.0547587212752,166.0469724433388,15437900
2019-03-27,164.57847595214844,167.62457917428267,163.50688337595687,166.5430699118225,10620300
2019-03-28,164.26097106933594,165.42185921090982,162.0582555781511,163.28860594168904,10443000
2019-03-29,165.39208984375,165.88819665106104,163.52672340346746,165.09442273136773,13455500
2019-04-01,167.38645935058594,167.58489907585428,165.97751761920586,166.52323821867927,10381500
2019-04-02,172.84361267089844,173.53815918933915,168.22982531127647,168.81522772396372,23946500
2019-04-03,172.18875122070312,176.5743489039153,171.60334879718988,173.14128299216478,27391100
2019-04-04,174.64942932128906,176.61400786622545,174.1632392425016,174.64942932128906,17847700
2019-04-05,174.3517608642578,175.62179295806715,173.73659332693737,175.50273218051527,9594100
2019-04-08,173.56793212890625,174.1335011948488,172.87338557948675,173.84576588865332,7297400
2019-04-09,176.19729614257812,177.79476067353207,174.1831037087638,174.2525507892514,19751000
2019-04-10,176.43544006347656,177.39787338366907,175.16539265151494,176.79262244624147,11701500
2019-04-11,176.12782287597656,177.0108923352215,175.6217994128061,176.85214967264358,8071000
2019-04-12,177.70547485351562,178.23134688889846,176.56442004581427,176.61403375744985,12329800
2019-04-15,178.2511749267578,179.0945625793835,175.49282221014067,177.11013529318535,10834800
2019-04-16,177.47726440429688,178.76714527667045,176.9117104530132,177.6062570335282,11215200
2019-04-17,177.387939453125,179.33268469678282,176.97121157376492,178.20156184138332,9973700
2019-04-18,176.89186096191406,177.48719525048324,175.95917764181297,177.4078163360087,11655600
2019-04-22,180.0272674560547,180.2554723821916,176.86210313188658,176.86210313188658,13389900
2019-04-23,182.34902954101562,182.78560598414893,180.0669350409875,181.31713397177452,19954800
2019-04-24,181.1583709716797,183.69843550643336,180.23560439961344,183.05350268658597,37289900
2019-04-25,191.7552032470703,196.93455967611376,190.62408029934696,195.44623921121573,54148800
2019-04-26,189.99900817871094,191.3980179990115,187.61768619823786,191.0011385722558,22075000
2019-04-29,193.26336669921875,193.8884661213994,189.16551962488455,189.46318673735053,19641300
2019-04-30,191.89410400390625,195.85304171458267,190.7828296177422,192.67796122555828,23494700
2019-05-01,191.52700805664062,194.65247513536207,191.5071595435752,193.2633820203702,15996600
2019-05-02,191.03089904785156,192.48945437207544,188.2725462221717,191.49724068974515,13209500
2019-05-03,193.94798278808594,194.63261255630545,192.20169239985634,192.86647365798882,14575400
2019-05-06,192.37037658691406,192.76725596880635,189.06630349973676,189.75093330248222,13994900
2019-05-07,188.2923583984375,191.39797632962464,186.3873103127962,191.04077886731835,16253000
2019-05-08,188.0641632080078,189.2349831544809,187.08188141204525,187.9153372207342,12505700
2019-05-09,187.18109130859375,188.2923808460176,184.80970138834417,185.74238460333387,12967000
2019-05-10,186.87351989746094,188.52059823139336,183.15271861657817,186.78422430031475,12578500
2019-05-13,180.12643432617188,183.98614428266598,179.43188789569288,182.0711794714898,16833300
2019-05-14,179.32273864746094,182.06125755171496,176.71322748084043,181.0988092614483,17628100
2019-05-15,184.8196563720703,185.82178679247903,178.6183205379023,179.01519997529704,16746900
2019-05-16,185.53399658203125,187.1116123179184,183.60910008618,183.60910008618,12953100
2019-05-17,183.857177734375,186.11942346505776,182.84511565276085,183.40075283012467,10485400
2019-05-20,181.29727172851562,182.79550882672874,179.95777730125477,180.4638159310982,10352000
2019-05-21,183.3809356689453,184.25407339341956,182.45816909356114,183.1328822542692,7502800
2019-05-22,183.8770294189453,185.28597089728876,182.18033752165732,183.29161189556703,9213800
2019-05-23,179.46168518066406,182.4680914487444,178.27103178122283,180.99961942743286,12768800
2019-05-24,179.6502227783203,182.20021943447512,179.42201785040916,180.91033850544656,8807700
2019-05-28,182.87490844726562,183.2718030195497,180.0371766003489,180.12647220162035,14843300
2019-05-29,180.7714080810547,183.12294959671493,179.93795224512178,182.07120554565978,12797700
2019-05-30,181.58502197265625,182.0513636181961,179.4815337944626,181.65448419815255,8581500
2019-05-31,176.08815002441406,179.1342379247509,175.78056622867737,178.87626783735388,15226500
2019-06-03,162.87185668945312,173.68699403372227,159.75630658520944,173.63738032563361,56059600
2019-06-04,166.19577026367188,166.9696956244478,159.58762436168297,162.43528755631075,46044300
2019-06-05,166.86056518554688,167.40628571280695,163.34813557914495,166.17593535498227,19758300
2019-06-06,167.01931762695312,168.37864541840986,165.92787660754973,166.98955243005832,12446400
2019-06-07,172.000244140625,172.51618434341103,167.52535084122192,168.84499682676795,16917300
2019-06-10,173.4588165283203,176.4751396925717,172.44675425545486,173.38935429803465,14767900
2019-06-11,176.71324157714844,178.57859277988504,175.41342909239884,177.09027243579894,15266600
2019-06-12,173.6770782470703,177.87415307132238,171.53390817551417,176.99108348971458,17699800
2019-06-13,176.08815002441406,176.64378722187107,173.25041850313457,174.16325320466794,12253600
2019-06-14,179.91810607910156,180.42412959894995,178.59846008500926,179.10448360485768,16773700
2019-06-17,187.53829956054688,188.02448970728005,182.9741257809275,183.56944489654097,29459900
2019-06-18,187.00250244140625,193.01531456485287,185.82176580951244,192.48944255669522,37571400
2019-06-19,186.02020263671875,186.63538536770005,183.1130240379683,185.54394434497365,21417100
2019-06-20,188.0542449951172,189.6715580302563,186.17896187080584,189.46318650978696,14635700
2019-06-21,189.65170288085938,190.50500716438228,187.28031303269353,187.28031303269353,22751200
2019-06-24,191.10035705566406,192.4696016118779,190.07837819661492,190.9217507239968,15509000
2019-06-25,187.36961364746094,191.63613517952635,186.66515046587438,191.3781650924631,16750300
2019-06-26,186.19882202148438,189.27467533226644,185.85154117898648,188.0641734366749,12808600
2019-06-27,188.0244903564453,197.3314594204653,186.80407178224405,188.40153639562095,11159000
2019-06-28,191.49722290039062,191.69566259042654,188.46105173690523,189.0663026325004,16378900
2019-07-01,191.49722290039062,193.75946867475142,190.43554709173276,193.6900215962289,14181800
2019-07-02,193.4816436767578,193.4816436767578,191.2094812920926,191.49721656212438,9050000
2019-07-03,195.6645050048828,195.86294468280312,192.64818253655406,192.64818253655406,10246100
2019-07-05,194.87074279785156,195.5355392255742,192.65811073386783,194.6524545971022,11164100
2019-07-08,194.2357177734375,195.14855241641712,192.13222990657042,193.67016392658124,9723900
2019-07-09,197.65887451171875,197.90692790744453,193.372504566388,193.45188346981755,14698600
2019-07-10,201.1514434814453,201.3796634927488,198.11527252039983,198.44270480011724,20571700
2019-07-11,199.6631317138672,202.21312784653057,198.651084776992,201.67732404232368,13678500
2019-07-12,203.2748260498047,203.70148583495194,197.60929401758617,198.125234266628,15366300
2019-07-15,202.32228088378906,203.73122239343607,200.24855807212413,202.65962987765283,16030300
2019-07-16,202.25283813476562,203.8701513198379,201.51860968214015,202.3024518480462,12132700
2019-07-17,200.2287139892578,202.76877846508143,200.02034246492263,202.5901721385115,12083700
2019-07-18,199.21664428710938,200.89348768416536,197.82755131083823,198.59154487779838,11937900
2019-07-19,196.8155059814453,200.7545954984619,196.52777067611243,200.60575436261726,12098300
2019-07-22,200.7446746826172,200.99272809727643,197.26199505121497,198.35343613170718,13589000
2019-07-23,200.7843475341797,202.64971397328844,199.39525453057416,201.26060582970467,14583700
2019-07-24,203.06646728515625,203.215293289888,195.68439465085865,196.09120591709893,32532500
2019-07-25,199.14718627929688,207.03528089447204,196.71625099426262,205.09053569444006,39889900
2019-07-26,198.1946563720703,201.30028962459562,194.7219089512831,198.63123275593708,24434000
2019-07-29,194.4143524169922,198.07562334750392,193.7793362623763,197.4505238793738,16530800
2019-07-30,195.50575256347656,197.16276252645497,191.99332323411687,193.8686062508045,11903600
2019-07-31,192.71768188476562,197.2124091817355,191.1797474687648,195.41650462846255,14593500
2019-08-01,191.2293243408203,196.9246358984572,189.39373825086943,192.65811435806566,17777000
2019-08-02,187.54820251464844,191.1201620783803,186.60560270505155,189.61200843901597,15297000
2019-08-05,180.31497192382812,184.22429590063115,177.94358204337857,183.25193081918576,23086700
2019-08-06,183.0733184814453,184.34335062688226,181.66437704322547,182.25971123513918,18035700
2019-08-07,183.70834350585938,184.91884531908548,179.80895129274603,182.1704245251016,15833200
2019-08-08,188.6793670654297,188.8579582701457,182.61694055233937,185.16692197288071,14828900
2019-08-09,186.38734436035156,189.492962858845,185.66301747893215,188.5205976993792,11058800
2019-08-12,183.92662048339844,186.12933577038334,183.0237176614181,185.39510743470652,10930900
2019-08-13,186.982666015625,189.88985998710254,183.9266460473053,184.07548718412679,13577000
2019-08-14,178.3107147216797,184.54181498851472,177.91382019323206,184.35329197999934,18903700
2019-08-15,181.16827392578125,181.77352481513753,178.6282095835575,179.54104426029556,12925900
2019-08-16,182.26963806152344,183.65874620661722,180.94007545091594,182.3192517702729,12654600
2019-08-19,184.7203826904297,186.04002844231098,183.41066876298348,184.56162489923128,9691200
2019-08-20,182.37876892089844,184.55171900251798,180.9698275066012,184.00599852585918,10083400
2019-08-21,182.1208038330078,184.4524966389247,181.7139926356428,183.55951048176124,8398200
2019-08-22,180.62257385253906,182.6764634624245,178.5091689835024,182.00175027899132,10821400
2019-08-23,176.365966796875,181.70408079141302,175.2844576101682,179.43190317679557,17323400
2019-08-26,178.9556427001953,179.09455199642167,176.85215474591666,178.00311099751607,8773600
2019-08-27,179.88833618164062,182.60699186900402,179.60058574729803,180.51342048042534,14399600
2019-08-28,180.34475708007812,180.5332801059123,177.52687379913462,179.12433846544053,9386100
2019-08-29,184.1251220703125,184.6311456577465,182.04146703503162,182.3391342029262,10128700
2019-08-30,184.2242889404297,185.34549510237474,182.03150546226252,185.32564659208103,10774500
2019-09-03,180.9698486328125,184.22430822265585,180.69203001953164,182.56731322916687,9779400
2019-09-04,185.68284606933594,186.28809694997892,182.45815198098745,183.21222884048626,11308000
2019-09-05,189.41358947753906,189.8700144416205,186.47664540077176,187.0620478508057,13876700
2019-09-06,186.03013610839844,188.72895835213058,184.8990131930091,188.72895835213058,15226800
2019-09-09,187.29025268554688,187.50854091088968,184.40292232302065,186.26827378506894,14722400
2019-09-10,184.7203826904297,186.63536258931688,183.11300168948054,185.98049805560564,15455900
2019-09-11,187.02232360839844,187.96492338293973,184.6310854967905,185.00813146259745,11761700
2019-09-12,186.01028442382812,189.4433349944387,185.77214770992174,188.38167431739254,11419800
2019-09-13,185.73248291015625,186.50640837656061,185.08753492816635,185.8713922210499,11441100
2019-09-16,184.77001953125,186.32778702503037,184.3235264350698,185.47448271545076,8444800
2019-09-17,186.61553955078125,186.85367627008114,184.0953084764538,185.20659802654154,9671100
2019-09-18,186.67507934570312,187.60776261828698,184.56165938293236,186.6254656341867,9681900
2019-09-19,188.65951538085938,189.61204720994286,186.68500463535224,187.19104332016965,10392700
2019-09-20,188.4511260986328,191.59645660587978,186.65522186388125,189.17545294401287,19934200
2019-09-23,185.3653564453125,188.6198159198237,183.7678919055694,187.86572387623167,13327600
2019-09-24,179.86849975585938,186.57585897083138,178.98543016143273,186.51632857075447,18546600
2019-09-25,181.3766632080078,181.99183084303726,176.48504190695024,180.03716868788584,18068300
2019-09-26,178.70758056640625,179.98752936619795,176.28657711628037,179.9180822914692,16083300
2019-09-27,175.7210235595703,179.35251360069253,174.29223364307373,179.08462684633224,14656200
2019-09-30,176.69338989257812,177.27879225047457,175.4729714715448,176.48501838655918,10740000
2019-10-01,174.44107055664062,178.43969015259512,173.5183191760256,177.7550603463437,17073000
2019-10-02,173.24050903320312,175.1554741070558,171.7422567348218,173.47863061918676,16151700
2019-10-03,177.98329162597656,178.4397014323433,172.27806306653957,174.20295999420713,16086300
2019-10-04,179.044921875,179.5707938153596,176.71322924924885,178.15193578683596,10430200
2019-10-07,178.28091430664062,179.76923455575428,176.7032984761745,178.59842989364026,9178300
2019-10-08,176.365966796875,178.9655615751921,176.33620160017503,176.87199028075244,9466900
2019-10-09,178.4496307373047,179.31285176669965,176.55449903508978,177.7650008974485,7556900
2019-10-10,178.62823486328125,180.1959343582307,177.77493045818167,178.91598532057125,8605000
2019-10-11,182.7558135986328,185.03790775918344,180.72177282205558,180.7316895070228,14930500
2019-10-14,181.85292053222656,183.18248321866753,181.14845730373014,182.7657552933642,7006000
2019-10-15,187.41925048828125,188.89765439348838,182.2299769297045,182.36888624603415,15039100
2019-10-16,188.0740966796875,188.22292266826352,185.44472147500937,186.85367815342866,10516900
2019-10-17,188.90753173828125,189.3540247949266,187.30015067836726,188.81823615494756,9603000
2019-10-18,184.4029083251953,189.99899256650664,182.48792815550277,188.74879370899365,16874200
2019-10-21,188.282470703125,188.43131184562384,185.29591284606576,185.58364816426234,8122600
2019-10-22,180.92019653320312,189.16548786635207,180.0867408702079,188.52055518093388,19537600
2019-10-23,184.7005615234375,184.92878155956058,180.58288100701617,180.59279769294298,12300400
2019-10-24,184.92877197265625,185.27603764183385,181.37664553777893,183.18246638144458,11413500
2019-10-25,186.42703247070312,187.5283902891114,183.6488310680537,184.3830746603191,8061200
2019-10-28,187.92527770996094,188.0542703419224,183.63892219379125,185.7424104935795,13657900
2019-10-29,187.8359375,191.0308662192543,187.0024817836667,190.19741050292103,13574900
2019-10-30,186.7842254638672,188.96709253425385,184.53189616861468,188.0840229636892,28734600
2019-10-31,190.15774536132812,196.5476038710065,186.78422491161206,195.1684274639781,42286500
2019-11-01,192.1123809814453,192.59857106697217,188.43127722238108,191.34838745558798,21711800
2019-11-04,193.203857421875,195.83321773276006,192.3009393000315,193.03518290570312,16371300
2019-11-05,192.8069610595703,194.22581929219072,192.0925660302858,193.84877326562983,9942000
2019-11-06,190.05853271484375,192.85656740909667,189.86009300758838,192.5192183927646,10973000
2019-11-07,188.93734741210938,191.93383728659074,187.99474734291272,190.4157514044155,13473000
2019-11-08,189.35401916503906,190.84233940292395,188.2228963898456,188.52056346541787,10760800
2019-11-11,188.13363647460938,188.59997811541814,187.07196056979558,188.45113697942728,8631200
2019-11-12,192.95578002929688,193.54118241978134,188.26261393985592,188.52058402549875,17615500
2019-11-13,191.6857452392578,194.17619589151252,191.23925215323305,193.18398230480068,10860700
2019-11-14,191.64605712890625,192.51920997060702,189.95929698105766,191.42776891848106,9040500
2019-11-15,193.58087158203125,193.77931126600507,191.8742630478972,192.74740068537741,11524300
2019-11-18,195.86293029785156,197.08336375038303,191.54681084516426,193.0450477143996,16167200
2019-11-19,197.7680206298828,198.44271860595367,195.3271685294393,195.8629572080851,19056800
2019-11-20,195.9720916748047,198.03589766364595,193.90828568596345,197.0337674343433,12355400
2019-11-21,196.3888397216797,197.5398111848461,195.32717899305354,195.88281621251903,12131000
2019-11-22,197.27194213867188,197.74820049246765,196.0812735442123,196.8353656727007,9959800
2019-11-25,198.234375,199.40519507740788,197.69858624591848,197.96648819294927,15272300
2019-11-26,197.42074584960938,198.5915506579755,196.49797930710295,198.442724670464,11735500
2019-11-27,200.4271697998047,201.55829282574896,197.86725660635614,198.34351494886434,12736600
2019-11-29,200.0699462890625,202.2131312621358,199.64330171552228,200.03026440732904,7985200
2019-12-02,198.1450653076172,200.60575095060796,196.5079188210261,200.55615237948257,11503400
2019-12-03,197.27194213867188,197.38107111518457,193.56105731789708,196.06144017029004,11595300
2019-12-04,197.16278076171875,198.47249490499425,196.50791612009164,198.44272970673654,8456300
2019-12-05,197.80772399902344,199.722689174396,196.6666842990841,198.3038308494283,9740400
2019-12-06,199.48452758789062,200.00048284807954,198.50223077060377,198.93880713384237,12270600
2019-12-09,199.7722930908203,201.55828069269086,198.6511019590734,199.08766324843836,11954800
2019-12-10,199.3059539794922,200.47677397660377,198.59155892972421,200.0898112529777,9475700
2019-12-11,200.68515014648438,201.05227953378446,198.7205711359913,198.7205711359913,8036800
2019-12-12,195.21804809570312,202.07424848833924,192.58868781139714,200.77445094628683,23734800
2019-12-13,192.5985870361328,195.26764410536947,191.66590380777728,194.8707495720382,18798000
2019-12-16,196.37892150878906,197.56957484695494,193.29313648755445,193.74956142284032,14911500
2019-12-17,196.8452606201172,197.45051153746434,194.60286327616436,197.29175372373888,10175700
2019-12-18,200.9232635498047,202.70925114268758,198.53202502655532,198.53202502655532,23274400
2019-12-19,204.4555206298828,204.69365733103916,200.93315951766147,201.20106141396522,16514600
2019-12-20,204.6936798095703,206.09270469504125,201.84601632794207,205.86448465387954,27306900
2019-12-23,204.5745849609375,206.96582327912705,204.07847817990123,205.09054025240894,13348900
2019-12-24,203.5228729248047,205.17986801652518,203.40381212347717,204.69369298445127,6046300
2019-12-26,206.1720428466797,206.20182318137432,203.71135753016551,203.96934273768787,9350700
2019-12-27,206.47967529296875,207.30319933387474,204.98142292895696,207.04522922443257,10284200
2019-12-30,202.81837463378906,206.2811902208079,202.31233603558812,206.2415083405457,10524300
2019-12-31,203.65182495117188,203.95940871993204,202.01467869939435,202.41155805134744,8953500
2020-01-02,208.1465606689453,208.15647735421365,204.6638965025992,205.14015477509616,12077100
2020-01-03,207.0452117919922,208.76173709486574,205.33860317480784,205.59658840250805,11188400
2020-01-06,210.9446258544922,211.12321704244698,204.91196510836792,205.09055629632272,17058900
2020-01-07,211.4010467529297,212.9092158036629,210.10124923906582,211.16292515648405,14912400
2020-01-08,213.54421997070312,214.55628211870993,210.95454177490646,211.34150448738282,13475000
2020-01-09,216.60023498535156,216.67961389127672,214.59595924568188,215.84614294905182,12642800
2020-01-10,216.36209106445312,218.1679270491792,215.72707497817117,217.49321394126716,12119400
2020-01-13,220.18215942382812,220.2416898271147,217.50318529606906,217.89014805741226,14463400
2020-01-14,217.3543243408203,220.64848099563872,216.92767972949216,219.8844722297958,13288900
2020-01-15,219.4280242919922,219.9538962713182,218.425894039687,218.8922356273878,10036500
2020-01-16,220.04322814941406,220.89653250467634,218.67396845051022,220.83700210732903,10015300
2020-01-17,220.41033935546875,220.55916534680847,218.81287477518103,220.30119524849337,15905900
2020-01-21,219.71578979492188,220.63854120844226,217.41384689413272,220.4301848234441,14275800
2020-01-22,219.5967254638672,221.01558367210345,219.55702844071217,220.5790072572682,12212800
2020-01-23,218.04885864257812,219.7653990977893,217.56268366067917,219.03115557209316,11195000
2020-01-24,216.24302673339844,220.05312318860922,214.4272740930298,219.0807581343057,11905800
2020-01-27,213.19696044921875,214.37769721656775,210.84541874146058,211.44075303860495,13810700
2020-01-28,216.09420776367188,217.03682285882238,211.85746630853654,214.45706126995194,13413800
2020-01-29,221.49185180664062,222.45430027118508,216.74907170753525,219.71579601102562,33181300
2020-01-30,207.8985137939453,209.78371357248747,203.15573401089648,204.92187300257686,48775500
2020-01-31,200.33782958984375,207.06503584723745,199.49444206655187,206.80705065000745,31359900
2020-02-03,202.60011291503906,203.54271287919764,200.92326938028347,201.85595265807504,15495600
2020-02-04,208.19619750976562,208.96020627969224,203.60224334381496,205.0111849473292,19628900
2020-02-05,208.47401428222656,211.07360924626084,207.08492120373015,210.8553210282144,12538200
2020-02-06,209.20823669433594,209.54558567358004,207.7099845183197,208.83119069401755,10567500
2020-02-07,210.67672729492188,211.1629174365227,208.29540543766888,208.66253478539966,12242500
2020-02-10,211.4010467529297,212.13529033525572,209.01973994859674,209.8730443291456,11856400
2020-02-11,205.5767364501953,209.21815851429,204.90202333517067,208.55337722476645,25030800
2020-02-12,209.11892700195312,209.57535190670174,205.78508879415304,206.23159701357275,13813700
2020-02-13,211.48040771484375,212.66114433026516,207.55123516722094,207.88859930018288,15396600
2020-02-14,212.51231384277344,213.2564740857115,210.99422815837812,212.33372265165818,10741700
2020-02-18,216.10411071777344,216.28270188669174,211.7383620844988,211.88720319857438,15609200
2020-02-19,215.7965545654297,216.62009372079666,214.427294868557,216.29266139589325,12135100
2020-02-20,212.90921020507812,217.06658788680414,211.2918970851758,214.83410713895424,13109200
2020-02-21,208.54347229003906,212.57187270865148,207.20399285274874,211.8177805922707,14092300
2020-02-24,199.1571502685547,202.0643293641482,196.62700211253812,200.22874296310218,23080100
2020-02-25,195.2378692626953,201.91546237883097,194.42424686454467,200.67519541090203,21433500
2020-02-26,195.6645050048828,199.6432909480778,193.96782834769067,195.65458831997873,16524500
2020-02-27,188.2725372314453,194.3548116584717,188.02448382270822,190.32642672297806,21682600
2020-02-28,190.9713592529297,191.23926117317146,180.4042901120362,181.27742781433986,32568900
2020-03-02,194.9104766845703,195.03946932031346,187.37957775427904,192.51923784953004,24949000
2020-03-03,184.44261169433594,195.70424370978932,182.5375631285639,194.69218145485473,27984100
2020-03-04,190.26687622070312,190.33633844052602,184.93869398490696,187.69704660686287,23062500
2020-03-05,183.7281951904297,187.5184585064804,182.4581629611719,185.32565973285247,19333400
2020-03-06,179.67994689941406,182.34900375294296,174.8875536690963,176.94144297065125,24559600
2020-03-09,168.18020629882812,173.63738113448332,163.90376807728393,168.27943371546766,29949000
2020-03-10,176.80255126953125,176.90176354973235,168.18021229917125,173.309955010909,24517800
2020-03-11,168.91444396972656,174.51052791093812,166.35453113683502,172.6550782358711,20373900
2020-03-12,153.2672576904297,165.30281520624732,153.13826505938434,158.2977734814563,43266300
2020-03-13,168.9541473388672,169.46017087461817,156.37288491134964,162.2567048752018,35028600
2020-03-16,144.87310791015625,157.89096114274597,141.98577772844195,151.13398868681,39120400
2020-03-17,148.25657653808594,152.74138692213435,138.90992484060837,149.56630595377365,34255600
2020-03-18,145.81570434570312,147.02619090123744,136.03247851442796,138.6618382645267,37553100
2020-03-19,151.93765258789062,158.6846920311444,143.67251261593117,145.47833324763292,39862300
2020-03-20,148.56417846679688,158.02990726185797,146.8476527114593,154.8052121854239,32568400
2020-03-23,146.9468536376953,151.1240647968421,141.14239749154174,148.4947045726751,29830800
2020-03-24,159.72654724121094,160.05397955862045,151.38204205017757,154.00148544947513,30440400
2020-03-25,154.99368286132812,161.7208894129763,151.8682011441611,157.68257306101083,35184300
2020-03-26,162.0681915283203,162.72305624191355,155.79740845325102,157.01782713587085,26556800
2020-03-27,155.5691680908203,158.84347609160096,153.54505895105285,156.96819294005962,24879900
2020-03-30,164.65786743164062,165.45164145311486,156.82930161406097,157.9405761601368,22515200
2020-03-31,165.50123596191406,169.59906794500858,162.9214744764971,164.19150670747757,23676300
2020-04-01,158.35731506347656,162.87187535740787,156.80944894957977,160.36157586817433,19507600
2020-04-02,156.95828247070312,160.09368129332805,154.70595320647797,157.86120054164533,20886300
2020-04-03,152.97950744628906,156.68047560405546,149.65560049518731,155.92638347068657,25983300
2020-04-06,164.26097106933594,164.90590387910632,157.27577856792746,158.90300833132738,28453600
2020-04-07,167.5154266357422,172.03991830310687,164.71737697093712,170.45237046123444,31411900
2020-04-08,172.92298889160156,173.63738391089035,166.4339184630365,169.91658282708556,21664200
2020-04-09,173.82589721679688,175.7011802527379,170.2340889492218,174.53036037094571,23534300
2020-04-13,173.4290008544922,173.63737236291774,168.13058409712687,172.31772651616228,19355400
2020-04-14,176.78269958496094,179.81887085223931,175.24476543964624,177.58639019806657,21011800
2020-04-15,175.59205627441406,176.80255817599564,171.47437555574143,173.82591713406964,17423000
2020-04-16,174.87767028808594,176.66365803391773,171.16678547952324,176.5644306047126,23593200
2020-04-17,177.84439086914062,178.87628646617208,175.28447767999108,177.80469384234343,20974800
2020-04-20,176.8521728515625,179.0945703316381,175.3936175218738,176.02863367534525,16110700
2020-04-21,169.4700927734375,174.01443306233168,167.02924055696525,173.88544044431308,24850500
2020-04-22,180.8607177734375,183.34125210228098,176.7529535304719,177.06053736485168,33242000
2020-04-23,183.6885223388672,185.59357077642403,181.72392836327927,182.64669495302132,21426600
2020-04-24,188.5900421142578,188.9273910973202,179.42198319942162,181.80328973159789,28792000
2020-04-27,186.04005432128906,192.24138946533202,185.95075872880966,191.15988024980575,29197800
2020-04-28,181.48577880859375,187.72679519577517,181.13849802015946,187.19100655588065,21731000
2020-04-29,192.67796325683594,195.37678548595312,188.52058581051287,189.4433372001853,45954500
2020-04-30,203.11607360839844,208.05729360541685,200.0005231895583,205.308857411542,46230100
2020-05-01,200.69505310058594,205.6660378850065,197.50012403387927,200.03027179216886,30415600
2020-05-04,203.66175842285156,204.30670634790636,197.21237001217202,198.64116002093442,19250700
2020-05-05,205.4576873779297,208.74191213072285,204.89211833132651,205.40807366752924,21071200
2020-05-06,206.84677124023438,209.95240466559474,205.05086703936345,206.49949042283785,21857000
2020-05-07,209.61505126953125,209.95241541855825,207.4123357446047,209.5158389880353,15152000
2020-05-08,210.69656372070312,211.54986802110636,209.20824332278897,210.58741961925696,12506000
2020-05-11,211.52008056640625,213.3259165222958,208.7319628705345,209.2479181636426,12911900
2020-05-12,208.46408081054688,213.60373992712047,208.36485339579585,211.6292294374064,14704600
2020-05-13,203.50302124023438,209.13878738234018,200.53629704093484,207.79929292801273,20684600
2020-05-14,205.19969177246094,205.31875255942361,199.1273493977165,200.98278398111552,17178900
2020-05-15,209.23802185058594,209.6944316566375,202.53064780705802,203.6717026021449,19383200
2020-05-18,211.530029296875,212.96873605342822,209.2975485967128,210.49811862818973,20151900
2020-05-19,215.19129943847656,218.77319129030954,211.17283116193593,211.60940758664356,31843200
2020-05-20,228.1793670654297,229.53869487802802,221.4521599429684,221.75974374231737,50162900
2020-05-21,229.5883026123047,235.35306116357182,229.39977960729271,232.89237569283694,47782600
2020-05-22,233.08091735839844,234.15250994111815,226.9589608180292,229.70738178910028,33925600
2020-05-26,230.39199829101562,239.02425371037313,229.8661262864556,237.90306262101706,33178300
2020-05-27,227.3558349609375,228.76477652593493,219.4082090816277,227.28638787828586,34697600
2020-05-28,223.7044677734375,229.82642339946872,222.2558293668672,222.55349645205035,29377200
2020-05-29,223.33734130859375,225.71866288030157,221.14455787120394,223.4464854032134,23241500
2020-06-01,230.10426330566406,230.6301353109127,221.75974316203477,222.84125236981188,18223800
2020-06-02,230.90797424316406,231.18579286888968,224.79593419724122,229.14183506248852,20919000
2020-06-03,228.36790466308594,230.83850704146684,226.75059151677158,230.30271831482378,15380300
2020-06-04,224.52801513671875,229.8264474146918,222.86110350947578,227.7725579382905,17041500
2020-06-05,228.97314453125,229.54863025570177,223.55565142863753,224.94475960006616,16750400
2020-06-08,229.59823608398438,229.74707721776002,225.63931324920404,227.24669454212363,15466500
2020-06-09,236.81161499023438,237.9030559919151,228.61593621208456,229.71729389924317,27462900
2020-06-10,234.88673400878906,239.3318620782933,233.44802723887338,239.0838086648603,20720700
2020-06-11,222.6824951171875,231.07662899070073,221.80935742815382,228.14960184432616,26708200
2020-06-12,226.80020141601562,229.85622132173424,222.7519678450629,228.1099155813356,22091400
2020-06-15,230.68966674804688,231.94978228517638,223.0496248987954,223.33736018712725,15340300
2020-06-16,233.81517028808594,236.60330371658364,231.1858098373445,235.29357426490665,15236700
2020-06-17,233.69607543945312,235.7400330981517,229.925660611379,233.17020342590362,19578100
2020-06-18,234.10287475585938,234.30131444409122,230.3423768049626,233.16027488177477,15782500
2020-06-19,236.93069458007812,238.95481893657268,233.71593199267232,235.93848091433975,30081300
2020-06-22,237.3573455810547,238.82581751303113,235.0653345200704,236.7024809522082,18917800
2020-06-23,240.3538055419922,243.28083236154566,237.99233254900776,239.40127391306456,24017900
2020-06-24,232.19781494140625,241.32617640559252,230.86823730246684,239.32190083224603,20834900
2020-06-25,233.84487915039062,235.45227537563477,230.92778406897406,232.7931352234886,18704300
2020-06-26,214.3975372314453,231.2750867486719,213.72282404542958,230.82859361350327,76343900
2020-06-29,218.92198181152344,219.03112590001717,205.49733462667518,208.1167776105486,58514300
2020-06-30,225.3019256591797,225.7285701949969,216.76888354307053,218.87237130844684,33927100
2020-07-01,235.7003631591797,237.1390699699134,225.78814302678114,226.72082631014734,43399700
2020-07-02,231.60247802734375,238.1312448059028,230.79878749852014,237.13903128587822,30633600
2020-07-06,238.4090576171875,238.52811839191978,230.46143296430213,231.93982138381617,26206200
2020-07-07,238.9845733642578,245.72169718938696,236.96046423896934,237.5458666417758,27887800
2020-07-08,241.68341064453125,245.06686293607262,234.74783155219004,236.2560005890612,29791300
2020-07-09,242.59625244140625,244.61044506438395,237.37721376974662,243.09235929711465,22174900
2020-07-10,243.1617889404297,243.57851682658566,237.45656086428355,241.79252935736176,22982700
2020-07-13,237.13905334472656,248.2022290661148,236.563567632783,245.08667892902588,24674900
2020-07-14,237.86338806152344,238.45872234252025,230.2233455352895,234.9165121365507,23378100
2020-07-15,238.4090576171875,242.9137153675939,236.1964257602127,239.66917299635114,19133600
2020-07-16,239.0540313720703,239.87757053195742,234.48985759074168,236.1468525967872,18880700
2020-07-17,240.14547729492188,242.25889729163046,236.00794803966005,239.1234984091847,18152400
2020-07-20,243.50904846191406,244.13414784535723,233.8052011207294,238.19078321001928,20872200
2020-07-21,239.86764526367188,244.98747123257405,238.21065031691052,244.30284140487475,19364200
2020-07-22,238.0022735595703,240.01646597475658,236.26589974372158,238.38923626150319,15427900
2020-07-23,230.78887939453125,240.53240865065303,229.94549181516214,237.76413948844888,21771800
2020-07-24,228.91363525390625,231.6719881993835,225.1332882424619,228.39767987749195,18325800
2020-07-27,231.681884765625,233.12059151454645,229.03267616561638,229.65777560313904,13163100
2020-07-28,228.32818603515625,233.1305113076569,228.04045075621468,232.8030790068061,14170100
2020-07-29,231.4735107421875,231.88032196348667,228.5167183683108,229.3402574968024,13588300
2020-07-30,232.674072265625,233.06103493586215,227.2168978628065,228.42739957790258,20615300
2020-07-31,251.69483947753906,253.85787314770926,247.06120346233217,253.82810794885188,53005100
2020-08-03,249.99815368652344,253.4113558672022,248.38084061958932,250.68276837586004,23124900
2020-08-04,247.88473510742188,250.83161082477696,245.50341329118677,249.60126046272325,17183500
2020-08-05,247.1802520751953,250.30573406098853,245.84077277269392,248.2419279153794,13050100
2020-08-06,263.2144470214844,264.52417636220866,246.7337769905804,247.10089121185337,45241600
2020-08-07,266.34979248046875,276.71843559418903,261.378793191007,262.02372590545957,72766400
2020-08-10,260.9521789550781,271.7276042056883,257.6679543343518,265.95294401876475,30248800
2020-08-11,254.1356964111328,263.84947688200344,253.14348272446458,258.16408155660923,28238300
2020-08-12,257.8664245605469,261.84518077653547,256.10025516377686,256.9535746633376,21415700
2020-08-13,259.265380859375,263.09534079503675,257.5488708476519,259.5134342395619,17374000
2020-08-14,259.20587158203125,260.60489639382604,256.66580718443333,260.2675474028903,14792700
2020-08-17,259.1264953613281,262.04360563209156,257.3801898169379,260.45605788991446,13351100
2020-08-18,260.29736328125,263.08548162210195,257.24135811660176,258.918201852127,18690400
2020-08-19,260.5453796386719,265.82396354247567,259.31504439791973,259.35474142244783,23291500
2020-08-20,266.9154357910156,267.5306034832386,259.42420366420544,259.46390069336985,20299700
2020-08-21,264.9309997558594,268.38388418339855,264.3455972842934,266.5979115677721,15538600
2020-08-24,269.2768859863281,275.0912436348155,266.67726070148495,268.95937034055146,23685600
2020-08-25,278.63348388671875,280.88579829013565,268.1557086825143,270.2889622758773,42127200
2020-08-26,301.5436706542969,302.2977627595192,281.78869215846566,281.78869215846566,69015200
2020-08-27,290.9368896484375,298.8845307287282,289.7462211483339,297.82285484879753,30301300
2020-08-28,291.3734436035156,294.9156533521209,288.7143184756924,292.70300616742725,17157400
2020-08-31,290.9170837402344,294.5684230746535,289.2799068280441,291.66124405306243,17345100
2020-09-01,293.13958740234375,299.1424675498005,290.43083338283753,292.4152605760405,17295900
2020-09-02,300.1446228027344,301.2360638507357,290.76819189575707,296.5528143101857,24341400
2020-09-03,288.85321044921875,295.28276530131205,281.4215404790347,293.6852857036353,32294100
2020-09-04,280.5285949707031,286.74976407245856,269.02884162990455,285.0133900685596,30333700
2020-09-08,269.04864501953125,277.125248026283,267.32220303478647,269.1677058074507,24864000
2020-09-09,271.5887145996094,276.3116611433854,269.23717315355583,273.6227404185277,22918800
2020-09-10,266.0025939941406,276.98640802674254,264.950849788594,273.36483371292917,24814700
2020-09-11,264.5340881347656,269.2768988349684,260.595028693732,267.95723761672286,18913900
2020-09-14,264.07763671875,274.4859777025332,263.63115877833076,268.8402800429086,24093800
2020-09-15,270.2988586425781,272.38248310509124,267.2031265875012,268.5624847371786,18478500
2020-09-16,261.4681091308594,270.3186675006481,259.7515990335024,265.20877366986406,29183400
2020-09-17,252.8358917236328,259.4638716951567,248.24193764003047,256.2689425036203,31281400
2020-09-18,250.56369018554688,257.1817679827154,248.10300478523664,256.3879789632896,28130800
2020-09-21,246.2178192138672,248.00380687005463,242.229131111691,245.61256826204752,24709400
2020-09-22,252.76641845703125,253.33198748485088,246.28726476136234,251.3376284288325,30293100
2020-09-23,247.08103942871094,255.9811816546573,246.21780328574286,253.2724427163258,19641300
2020-09-24,247.5870361328125,250.275941408606,243.70747767208275,244.58063040635844,20006800
2020-09-25,252.8358917236328,253.7586431588387,244.68981092583851,247.4580803714351,18351300
2020-09-28,254.82034301757812,257.5786960365256,252.83591551387602,257.38024117417115,18826300
2020-09-29,259.75164794921875,261.2796353335787,254.89970814262563,255.80262629518063,20200200
2020-09-30,259.8607482910156,264.00819407144127,258.07477583703985,259.94014233961224,20142500
2020-10-01,264.5539245605469,266.2406695606963,262.7381566639674,263.28389232751096,20009800
2020-10-02,257.916015625,263.0854402034157,257.16192357012176,259.1761160451637,16367600
2020-10-05,262.58935546875,262.80764369878625,258.8090236103636,260.15845001784953,12822300
2020-10-06,256.64599609375,263.62125710707375,256.2292530217347,259.7416979545767,18696900
2020-10-07,256.11016845703125,258.1541260416151,252.83587570346262,257.191677642664,23133400
2020-10-08,261.7062683105469,262.5595574704887,257.1321478779716,257.7274820927912,16312800
2020-10-09,262.39093017578125,262.6885821795816,260.1286841070195,262.46036212336156,14107800
2020-10-12,273.6028747558594,277.99837332790344,265.78422747017413,268.096101899953,31019300
2020-10-13,273.9898681640625,276.92681183583034,271.261280862398,275.4186278390119,18063300
2020-10-14,269.7034912109375,276.57952376322527,269.385975611536,275.45831762030724,15577800
2020-10-15,264.64324951171875,266.9451926519491,261.61700972164607,265.5164024462862,15416100
2020-10-16,263.85931396484375,269.25695752401367,263.2342146501678,265.2980355710011,16622700
2020-10-19,259.3646240234375,266.45894507176126,257.8564702810664,263.4624709578556,13587000
2020-10-20,265.4767150878906,267.6000670997426,260.8331618903327,261.01175310255536,18763200
2020-10-21,276.5596923828125,280.8460318857518,274.21805267032346,277.3832163022332,28998600
2020-10-22,275.9544677734375,280.2507700259032,272.89846291862375,277.6908417382077,16720000
2020-10-23,282.572509765625,283.0189877020772,274.66456643827354,276.6291299185733,17535200
2020-10-26,274.9523010253906,283.00910103507454,272.1245164393334,280.9552115795528,21322900
2020-10-27,281.0841979980469,282.29469979597246,274.15853619942936,276.5894716208232,16287200
2020-10-28,265.5858459472656,276.61925709522393,265.17903470962136,276.61925709522393,23121800
2020-10-29,278.643310546875,281.3917613867869,271.6482173165359,274.39663787649414,32368100
2020-10-30,261.0613098144531,274.54551949414935,257.08255380705526,272.36263742827884,47247800
2020-11-02,259.3249206542969,268.3640019017437,255.3362330569995,262.53971316849265,27165700
2020-11-03,263.2342834472656,267.9472985392612,258.84871583422796,261.1109618671874,17961900
2020-11-04,285.1423645019531,286.69021537855144,276.4505632103181,278.81203654973183,35364400
2020-11-05,292.385498046875,295.0644868941228,286.70013346565065,289.62714543435567,23823600
2020-11-06,291.1253967285156,292.3061333378279,285.8170478994157,291.6612005522265,13891000
2020-11-09,276.5993957519531,290.3018642047378,276.3612741591326,287.61297361927814,25117700
2020-11-10,270.3087158203125,271.8664982783663,261.9443633047033,270.9735121867272,29067700
2020-11-11,274.3272399902344,276.23227323546826,270.3583854027134,271.34066722353845,14957000
2020-11-12,272.9381103515625,277.57176129856583,272.2931775519897,275.021765017838,12899500
2020-11-13,274.7935791015625,275.5972697257865,270.97355054002895,275.55757270188633,10391200
2020-11-16,276.7879333496094,277.234441639621,272.49166122643663,272.9083740358182,12970400
2020-11-17,272.8587341308594,275.5178592544726,271.16205738974224,275.5178592544726,15040300
2020-11-18,269.8523254394531,275.23013630396935,269.7233328307537,272.3824579271771,12152900
2020-11-19,270.8148498535156,271.3407219812872,267.0940479268406,268.909785943874,12963700
2020-11-20,267.60003662109375,270.8743295920919,267.3122861808678,270.4377531586311,18114700
2020-11-23,266.3399353027344,268.8403333850211,262.47030765153033,268.78080298115344,20990800
2020-11-24,274.7638244628906,275.65681071523977,265.78427252771075,266.39944016199667,16930400
2020-11-25,273.44415283203125,277.99840979634354,270.5270423142432,275.97431577662064,12467000
2020-11-27,275.6468505859375,276.9565797708799,272.68014168909747,275.2301378416092,7808400
2020-11-30,274.8133544921875,275.5376811957467,268.899770936943,273.88067144703757,16693300
2020-12-01,284.31878662109375,287.0473739409889,276.7878892517777,276.98634407793395,20738900
2020-12-02,285.28125,289.50808972380065,278.64333843936527,283.1380649406063,17361600
2020-12-03,279.6554260253906,284.4180394796772,278.88150058207015,284.021160071813,12921700
2020-12-04,277.5221862792969,281.25288923153835,277.1252765720726,278.11749028021455,10880300
2020-12-07,283.3563537597656,286.2436990426754,276.0338426409965,277.01612444035254,13007700
2020-12-08,281.193359375,284.1997657052833,279.35775795539723,283.78305290383537,10747700
2020-12-09,275.75604248046875,285.3904289470905,269.6340706803854,281.45133938041425,25189700
2020-12-10,274.9622497558594,276.55972952390835,269.743196117083,273.3945654669271,20065100
2020-12-11,271.4200134277344,274.3272222377273,268.1457207169015,272.3923936395362,14391400
2020-12-14,272.0550231933594,275.061428900488,269.44549683199944,271.241400852564,16376900
2020-12-15,273.4044494628906,273.93032146756855,265.38737677799685,272.69005444899267,23979500
2020-12-16,273.5235595703125,275.69647968054255,270.3881606955199,272.6206414843473,15885000
2020-12-17,272.34283447265625,278.2564198025171,271.4795830956817,274.9126643899615,16377800
2020-12-18,274.2478332519531,275.8353810694954,269.02881030122415,273.62273383854944,26693200
2020-12-21,270.6659851074219,272.5313517179054,265.70491658165054,270.85450813379794,16553700
2020-12-22,265.01031494140625,269.3859803553586,262.5694780729273,269.3859803553586,17312900
2020-12-23,266.0223693847656,270.05078439204584,264.157033282619,264.8118978814393,14329000
2020-12-24,265.3179016113281,268.29454231066234,264.1272634995675,266.78638859045014,6702000
2020-12-28,274.84320068359375,275.1408526878737,263.5915007224165,266.6475056595428,23299700
2020-12-29,274.6248474121094,278.32581461524416,274.1287406691668,274.793537027889,16383000
2020-12-30,269.75311279296875,275.9147509123316,269.59435497972174,275.78578857652786,11803800
2020-12-31,271.0331115722656,274.9325043424121,267.7091894539124,269.88213998871845,12900400
2021-01-04,266.845947265625,272.8587596931947,263.13507782338417,272.64047147424185,15106100
2021-01-05,268.86016845703125,270.27902689143673,266.12164874198504,266.2010428009507,9871600
2021-01-06,261.2597351074219,265.66516548406366,257.9854426588152,259.95993784061505,24354100
2021-01-07,266.64752197265625,269.49517068100164,262.7183638759823,263.82963846655986,15789800
2021-01-08,265.4866027832031,266.8558624092201,261.1307705027565,266.2208311647082,18528300
2021-01-11,254.8401641845703,261.4185458890213,253.9074808801105,258.4518366026843,30412300
2021-01-12,249.13491821289062,257.6977267357879,248.3510761020939,254.63179023434895,26383500
2021-01-13,249.68064880371094,251.97265997269682,247.2596450120617,249.59135320647286,19528900
2021-01-14,243.72735595703125,253.04424135584142,242.7053771272773,251.42692829090055,29739400
2021-01-15,249.40280151367188,251.88333541831136,245.235507581873,245.96973592806074,24942900
2021-01-19,259.0669860839844,260.15842713817875,250.75223098015417,254.8996767061357,28028500
2021-01-20,265.39727783203125,268.21516053791925,261.54748460794593,266.83596923879514,25199900
2021-01-21,270.745361328125,271.4696882669738,265.40724650418264,267.16348422222234,20838700
2021-01-22,272.3625793457031,276.3016677700248,269.88204583617943,269.89197765980157,21954000
2021-01-25,275.8453063964844,277.9190291400611,269.3959181421236,275.97429900636445,19087000
2021-01-26,279.8538513183594,283.16787159655127,275.6468750801152,275.97432254542565,19373600
2021-01-27,270.02099609375,281.2429283426131,266.03227844946406,280.3300786005515,35346200
2021-01-28,262.9366149902344,284.55695871630996,262.6389630097755,275.02176987618066,37758800
2021-01-29,256.3185119628906,264.48444034559407,252.8656282026834,263.23424158830284,30389500
2021-02-01,259.9698181152344,262.1130024907822,252.92509758337715,257.49918639178435,22914300
2021-02-02,265.0003662109375,266.7566034715487,261.220035227519,261.94436197771006,17320800
2021-02-03,264.5737609863281,267.1039239356935,261.7856430809958,263.5517821485724,14223400
2021-02-04,264.41497802734375,266.07198797136226,261.94437598885247,264.93094845012894,16060000
2021-02-05,266.012451171875,267.07412690707577,263.60137958180314,264.7225554259444,12454400
2021-02-08,264.50433349609375,267.7587934506513,262.9366490626016,266.65745070027987,13755200
2021-02-09,267.35198974609375,271.2613140904737,263.6807869967148,264.36541686230146,14613400
2021-02-10,269.75311279296875,271.6680778178337,265.6354323142313,270.3286136509837,14687200
2021-02-11,268.2846374511719,271.44977083147216,266.39940747425163,269.7729577824533,12828600
2021-02-12,268.3937683105469,269.0684662649887,266.2505833847128,268.4136016809876,9097600
2021-02-16,271.8367614746094,274.4462880900078,267.9472708355453,268.6914310362883,15417200
2021-02-17,271.43988037109375,271.83675975298524,267.48092753784414,269.1280057386519,12763200
2021-02-18,267.2924499511719,269.8325144750873,263.95859633855946,267.4710411411446,15249100
2021-02-19,259.5233459472656,268.16551656468806,258.12432135786315,267.7587054191213,25622600
2021-02-22,258.3029479980469,261.0216337980358,255.52476208560068,255.94150511244536,17434900
2021-02-23,263.7898864746094,265.3774342503566,252.97477970473903,257.47942267295707,21924600
2021-02-24,262.251953125,264.3058423791856,256.3780660416674,260.2873594540459,15736100
2021-02-25,252.70687866210938,264.861494995442,252.06193075227245,260.2576094580705,19053100
2021-02-26,255.6140899658203,263.482337383236,254.4730502604885,254.4730502604885,26619500
2021-03-01,262.8473205566406,264.5737626108393,255.89189320962132,258.7891703786948,22157300
2021-03-02,256.98333740234375,264.6332962265504,256.6360565660787,263.71054479187086,15191700
2021-03-03,253.42127990722656,258.95781848728717,253.1136961127763,258.26328713334885,15513500
2021-03-04,255.63394165039062,264.4150083089608,251.52616256757005,254.47303834612808,31626500
2021-03-05,262.2221984863281,263.3831016749771,253.61970873593322,258.64032206827693,26820100
2021-03-08,253.3220672607422,263.5120906541324,253.06409715938335,263.48232545551326,18391800
2021-03-09,263.67083740234375,266.43912187751977,257.78701790933485,259.14634572246285,22039700
2021-03-10,262.83740234375,266.8757193587203,260.82320974954456,266.548302161812,14210300
2021-03-11,271.7474670410156,275.7361548331948,265.7346550158106,266.0223751597544,21834000
2021-03-12,266.31011962890625,267.63968219657,261.9642192904478,267.04437827071723,20600200
2021-03-15,271.6184997558594,273.8112835494725,266.4093778427333,266.9848484642395,16844800
2021-03-16,277.10540771484375,279.9431543023301,272.66027997078896,273.9303121433824,22437700
2021-03-17,281.7986145019531,284.0013300636442,273.26557087198046,273.5632228614151,21315000
2021-03-18,276.4505310058594,282.9693812151874,276.11318203666434,277.6907979278797,18728300
2021-03-19,287.85107421875,290.520131236803,279.0104776505019,279.0303110218043,38930500
2021-03-22,291.25439453125,297.37633561067435,284.51725557218174,288.18845807864415,28273100
2021-03-23,288.36700439453125,295.67961279228643,287.5533820854311,290.8673714274283,23000900
2021-03-24,279.94317626953125,289.44856979905677,278.9707959829789,288.73417475341705,18675000
2021-03-25,276.5696105957031,285.81704866241506,275.5873288162411,278.79218966149506,24505600
2021-03-26,280.8163146972656,282.2848018961399,275.6071926939098,276.1330647516216,17629200
2021-03-29,288.55560302734375,290.89721288603766,282.4832598697574,283.5449055436785,21718800
2021-03-30,285.7575378417969,290.19273417158144,284.4676721787999,287.5732755403183,17474500
2021-03-31,292.2366638183594,294.19132577755687,286.36274611540455,287.7320056973746,19498200
2021-04-01,296.3345031738281,300.04537216997386,294.29054567841536,296.07651796063567,17616000
2021-04-05,306.50469970703125,308.3502024258869,298.3387710674743,298.5471577202137,28237000
2021-04-06,303.87530517578125,308.9256680739729,302.8731598875515,306.4352025897355,17335200
2021-04-07,310.65216064453125,311.8031320847076,303.12126285402763,303.9547186665781,22855200
2021-04-08,310.5826721191406,313.4204185957787,307.63579668722434,312.3984398583777,20894100
2021-04-09,310.02703857421875,312.28928426591995,307.9136188596121,308.9752946294777,15988600
2021-04-12,309.1142272949219,309.7194630445456,305.53232052434765,308.6280220501896,10881900
2021-04-13,307.3481140136719,311.9817348642091,306.91153757945125,309.7790193206261,14036900
2021-04-14,300.462158203125,305.6315830725214,299.59893713379694,304.9072561748296,17421400
2021-04-15,305.4232177734375,307.72516074452744,301.7321817266754,303.95473064775086,14558300
2021-04-16,303.7959289550781,306.5443797906979,302.2381464580605,305.7704544545926,13059200
2021-04-19,299.8866882324219,305.3041973641103,298.21977632111566,302.6351398285244,14553500
2021-04-20,300.2934265136719,302.72436183660926,294.89578234939887,299.6385619334526,16796400
2021-04-21,299.1226501464844,299.6286887973505,295.074431779428,299.5989235990618,14863500
2021-04-22,294.2112121582031,300.5614044233748,293.73496893428785,298.9837579042729,16375400
2021-04-23,298.7853698730469,300.2339936562755,294.83634773853186,296.4338278274053,17536800
2021-04-26,300.680419921875,303.41890888662624,299.2119328828372,300.97807189197096,16172600
2021-04-27,301.2063293457031,302.9625367473814,298.76546176782614,301.9107926157603,15309300
2021-04-28,304.7087707519531,308.4990335747868,302.9922305026712,304.9667256706081,33907200
2021-04-29,326.9443054199219,329.2263845348517,319.10579393830335,327.5495411674635,56526800
2021-04-30,322.5487976074219,327.25191086363225,321.97332701790543,323.6005719261197,26332400
2021-05-03,320.0682373046875,325.99175347728556,319.33400895885666,323.6303106363787,18719500
2021-05-04,315.881103515625,319.68129851653737,310.68191400122157,317.5281817062086,24032600
2021-05-05,312.5671081542969,318.5600865999648,312.04123617300195,315.7124384967286,15577600
2021-05-06,317.5281982421875,317.746486454234,310.8307561707074,312.0710232209815,19012200
2021-05-07,316.5954895019531,320.42544959034336,316.2680723502295,319.8698124189637,15916700
2021-05-10,303.587646484375,312.1305924552787,302.4565082593985,311.9024026688074,24239200
2021-05-11,304.14324951171875,304.45083332141724,297.3565117661836,298.40825581482176,18920100
2021-05-12,300.1942443847656,302.58548304780106,295.86820716463995,298.78531788021286,24645500
2021-05-13,302.88311767578125,306.4550622284353,300.41248534825166,303.6967097732454,18079200
2021-05-14,313.47998046875,314.38289851654434,306.67337913920693,307.1298192160858,19245700
2021-05-17,313.003662109375,313.2219502904879,309.153868886086,311.10853069152074,15401300
2021-05-18,307.5465393066406,314.03562515796114,307.39771331279434,313.13270708868293,14522400
2021-05-19,311.14825439453125,312.2099301973566,301.2062851765557,301.8214527542808,19106200
2021-05-20,316.1291809082031,316.76421218745367,310.7216346081384,311.1383473901833,17320200
2021-05-21,313.76776123046875,317.43893389264736,313.3510181373768,316.8039328459837,13600900
2021-05-24,322.1022644042969,323.4119934551115,315.5536494301759,315.73224058802725,16445400
2021-05-25,325.23773193359375,326.6168932086771,322.2709924282731,324.5332384164337,16437000
2021-05-26,325.1087341308594,327.2618208339103,323.2830646151076,325.7933639842611,9686900
2021-05-27,330.1590576171875,331.1810363589441,324.2157081628903,325.4460432710368,20477700
2021-05-28,326.1703796386719,330.27812809646827,325.77346998443005,328.42269355471336,12037400
2021-06-01,326.5672607421875,328.8394383209458,324.0966586152129,327.5793076939704,11765900
2021-06-02,326.58709716796875,329.2859193445906,324.5729047910016,327.8075307847348,11654300
2021-06-03,323.5013122558594,324.8308747707798,320.961248006466,323.24332704492036,12610800
2021-06-04,327.77777099609375,329.8713271716394,322.6480133267942,323.36240833474403,13289400
2021-06-07,333.9591979980469,335.06057070056113,326.36877097243007,326.91450655149737,20136700
2021-06-08,331.0818176269531,335.66583948741965,329.6530276600603,334.07832199527667,14580500
2021-06-09,327.6785583496094,334.17754565379573,327.4305049367785,333.1258016057894,13727900
2021-06-10,329.871337890625,331.33982497689396,325.9917789291626,328.2143580705369,13240200
2021-06-11,328.6806945800781,330.2384469560632,326.3688198807592,329.99039355021097,13587900
2021-06-14,334.1477966308594,334.19742548380253,327.24199776174,329.31572075979597,12250800
2021-06-15,334.1279296875,337.27326012162166,332.42132108487635,334.3660512618339,15795200
2021-06-16,328.5020751953125,334.9216985906193,326.16046556361823,334.0783412293465,17232200
2021-06-17,333.8898010253906,335.34835619713573,327.5793069198967,327.91665590302716,17794100
2021-06-18,327.0931396484375,333.5325962354284,326.43827503756376,331.92521504508204,23039500
2021-06-21,329.7026062011719,330.3277055013053,325.098721392536,328.51193798377966,11337500
2021-06-22,336.39013671875,337.273221255067,330.0102112752948,330.0995068553798,15345300
2021-06-23,337.93804931640625,340.7460309516775,335.5666743971073,336.7077140585252,14817800
2021-06-24,340.5078125,342.21442088527454,339.12865151768773,339.1881819036896,12329100
2021-06-25,338.71197509765625,341.44056268544,337.035131575858,339.92247698416224,14594400
2021-06-28,352.8708801269531,355.351414273791,339.1088512451318,339.79348109205574,29156100
2021-06-29,349.1500549316406,353.9622666221002,346.33214168796724,353.49592502331853,21417300
2021-06-30,345.0025939941406,350.17204882576885,344.466820433669,349.4278886007124,15107500
2021-07-01,351.630615234375,351.9084338493456,343.80203488402134,344.1195505239757,17137000
2021-07-02,351.93817138671875,353.66461333834536,349.8743501691839,352.3350507654891,11521300
2021-07-06,350.0331115722656,355.9963249803974,346.46113656672946,353.7241473646603,13488500
2021-07-07,347.76092529296875,353.71420672723315,347.2747503320895,352.4938034123803,14218900
2021-07-08,342.9586181640625,345.61774329354535,339.89268183283735,343.03801220730537,14406500
2021-07-09,347.6915283203125,347.97924848366796,342.58160368473915,342.63123253632193,13018700
2021-07-12,350.41015625,351.43213503991996,346.91757530230257,348.4951912820845,10018600
2021-07-13,349.3485107421875,355.69867223428014,346.084119258612,348.7631083049435,11456000
2021-07-14,344.9232177734375,352.4342819743491,344.03023159160176,351.79925073751554,13894200
2021-07-15,341.7779235839844,346.5108023254573,337.57094717374997,346.5108023254573,14781600
2021-07-16,338.5035400390625,343.29591761997125,337.4914932333917,342.2243404304346,11026100
2021-07-19,334.326416015625,337.1442992705485,331.9351773815617,334.9415836605786,14372300
2021-07-20,338.999755859375,340.775826962842,331.89550172546774,336.1620087686987,11024300
2021-07-21,343.5341491699219,343.8218693320699,338.59291420253294,338.84096761953117,9279700
2021-07-22,348.4555358886719,348.80281674381297,342.522086990995,343.9806423586199,12385400
2021-07-23,366.91070556640625,372.4075475574417,354.4088071301203,358.09984323454836,33694300
2021-07-26,369.55987548828125,371.5244693516764,365.35289943975135,366.7022954251453,14925200
2021-07-27,364.9460754394531,370.24449233760663,361.7114494701859,369.01415718461413,15705400
2021-07-28,370.37353515625,374.6102768280347,364.07297199585037,371.64356750310543,29676900
2021-07-29,355.5299987792969,362.67391881987123,353.9622842712004,358.1891240675114,33413200
2021-07-30,353.5257263183594,357.92125598632435,350.1919028478955,351.24364693893176,15976200
2021-08-02,349.2096252441406,356.6015991711631,348.0090248606978,355.3117334679123,13180400
2021-08-03,348.5050354003906,351.01533416663716,344.99262166039244,349.983454001189,12406100
2021-08-04,356.1253356933594,357.67318656110393,348.7730289315938,349.6759469844377,14180600
2021-08-05,360.14373779296875,361.0664890871515,354.12099453919336,356.83968013833373,10247200
2021-08-06,360.6795654296875,362.3067799430136,358.58597904613214,358.58597904613214,8925000
2021-08-09,358.7943115234375,362.93185516840305,357.9410224422908,360.92759478621065,7798900
2021-08-10,358.3181457519531,361.2650217132256,356.24442270957024,359.01267718837187,7469900
2021-08-11,357.1571960449219,359.5385026093773,355.0239428784297,359.2805476658655,8400300
2021-08-12,359.8262634277344,360.1735442509098,354.3293914916329,355.65898438949955,7170700
2021-08-13,360.3521728515625,361.8206600632015,358.66542768950404,360.1438164480058,7195700
2021-08-16,363.7058410644531,364.09281893078384,354.59732682572513,359.69728935252357,11222100
2021-08-17,355.65899658203125,361.83056672447157,352.30530958489106,360.1537232259015,12328700
2021-08-18,352.682373046875,357.0580088332662,352.3846907678277,353.47613189774944,10042400
2021-08-19,352.35491943359375,354.785855077009,348.2670038908366,348.61428473703285,12004500
2021-08-20,356.57183837890625,357.1870060382135,350.5590256805761,351.83898985298094,8697700
2021-08-23,360.52081298828125,362.8425891488838,356.3039052424102,356.64125422848525,10942000
2021-08-24,362.66400146484375,365.0949066090898,359.02256424131787,360.82840025472757,9235100
2021-08-25,365.5216369628906,367.97237585036623,362.5548972675981,362.75335212907527,9684500
2021-08-26,361.5428161621094,366.5634148299636,361.29476274855944,365.51167077890847,7888700
2021-08-27,369.7285461425781,370.8298886670531,361.2451019807343,362.2571791977708,11219100
2021-08-30,377.696044921875,378.5195689135399,367.63498415552175,369.65910844389265,13547300
2021-08-31,376.4259948730469,379.77968163648467,375.85049403674094,376.99156388391305,12345400
2021-09-01,379.0751647949219,381.3374104188179,375.8604026662153,376.63432800386516,11567200
2021-09-02,372.35791015625,378.77753321392925,371.14740838049124,378.5294798195521,14832900
2021-09-03,373.330322265625,374.22330850570114,370.2048250054217,371.8320699459693,7509600
2021-09-07,379.2042236328125,379.9781491056426,370.2445351558351,372.95328945072,10793800
2021-09-08,374.6301574707031,377.90445077406315,371.87180442291447,377.19998748127205,11067200
2021-09-09,375.0567626953125,376.87250036613216,373.6379044316709,374.69958031283954,9098900
2021-09-10,375.74139404296875,380.8016897745919,375.3147494355466,378.39058756343474,11549600
2021-09-13,373.5783996582031,378.7775898927496,371.4352143764918,378.7081276647406,13026300
2021-09-14,373.5981750488281,375.64213258472364,372.1892184534272,374.46139601166345,8711600
2021-09-15,371.0085754394531,374.62021771190757,364.80723955684,374.0645804392223,17940300
2021-09-16,370.1551818847656,370.6512886562061,366.83126046012364,369.88729512897135,11934200
2021-09-17,361.880126953125,368.51803802109464,358.7744936986694,368.51803802109464,26299000
2021-09-20,352.93035888671875,358.2188435908357,347.07627493272804,356.5023033115867,19822800
2021-09-21,354.6965637207031,357.236628365608,352.4243858735174,355.7086107920459,11751900
2021-09-22,340.5376892089844,347.1160715359825,338.03732133825423,344.52640805700787,43692900
2021-09-23,343.2662353515625,346.9473698962506,340.32929134487557,342.67090108913663,21806300
2021-09-24,350.2117004394531,351.5908918646858,339.7041621492039,340.5673831281829,18801900
2021-09-27,350.826904296875,352.3846870622932,344.3775152914721,347.0862695745265,15205800
2021-09-28,337.9975891113281,346.8779137926571,336.28107879832675,345.2606006251784,21710300
2021-09-29,336.96563720703125,342.5419029260096,336.24134067745075,340.4780817360786,14452200
2021-09-30,336.7474060058594,340.1308279140143,335.5170404865727,337.7991500549551,16547100
2021-10-01,340.3392028808594,342.3335316631441,336.0032342139593,338.95007959136314,14905300
2021-10-04,323.6898498535156,333.32423531875986,320.18733709756447,332.9174241139099,42885000
2021-10-05,330.36749267578125,332.5702084850163,323.62045106405026,326.0215914618882,35377900
2021-10-06,331.042236328125,331.7764648717444,323.2632532650721,327.17257817238504,26443000
2021-10-07,326.6566162109375,336.2017077645931,326.4184945974452,334.37603807457646,28307500
2021-10-08,327.4800720214844,330.8039934898283,326.1505094901377,328.92872561470415,15946100
2021-10-11,322.91595458984375,327.8869245412267,322.7770301401252,325.07897314720964,14708200
2021-10-12,321.2489929199219,321.8542589738375,314.89883180646416,320.51476453054045,31658700
2021-10-13,322.01300048828125,324.4538373921097,320.1476341318763,324.4240721962077,14761500
2021-10-14,325.9719543457031,327.9464498506444,324.55309607109666,325.80326469937097,14302200
2021-10-15,322.2312927246094,326.5077308425533,319.9988121641068,326.1207530110209,21596400
2021-10-18,332.7289123535156,333.2746480135661,324.94996119096635,326.38868305478695,21585000
2021-10-19,337.34271240234375,339.79348135249637,334.6538218634987,337.00536339171015,18786300
2021-10-20,338.1265869140625,341.3016828983417,336.80695600282183,340.77581084319115,13639500
2021-10-21,339.2179870605469,339.6446316371412,335.1697386557774,337.63043926024426,16354400
2021-10-22,322.08245849609375,327.06339039987455,318.60971071997267,323.80893083802226,35224500
2021-10-25,326.13067626953125,326.99389721879066,317.2305194575883,317.80598999710963,38409000
2021-10-26,313.3509826660156,327.6388528181023,307.1893445296699,325.7040544162325,65654000
2021-10-27,309.7889404296875,316.7642010297312,309.63018261546694,311.74360248983976,29971800
2021-10-28,314.45233154296875,322.98534384775115,305.7109023111952,310.5529092792764,50806800
2021-10-29,321.0505676269531,323.46163945137965,317.1114783524973,317.6968807534924,37059400
2021-11-01,327.4106750488281,330.8536576667593,323.46165377375024,323.50135079861377,31518900
2021-11-02,325.5254211425781,332.1831961301534,321.27874819042154,328.7997441561289,28353000
2021-11-03,329.03790283203125,329.56377488260455,320.6834804225492,324.9400554002247,20786500
2021-11-04,333.2349853515625,334.64391188324623,330.0598893219194,331.40931573250367,22495300
2021-11-05,338.47381591796875,344.0897482903848,336.99542740599173,337.6601935331412,26872800
2021-11-08,335.9833679199219,342.10533921947234,335.70554932019894,341.7382250284052,18342500
2021-11-09,332.75872802734375,338.6524802581925,331.86574168811603,337.3526826386581,17556700
2021-11-10,325.0888671875,330.5956403649357,322.9754474478496,329.9010787569911,21872600
2021-11-11,325.1880798339844,329.8713292985275,324.4538514499528,327.2519011057933,12376600
2021-11-12,338.2357177734375,339.19813592267263,327.2122086341378,327.60908802886553,25414300
2021-11-15,344.853759765625,350.8963370151153,340.5277229617034,341.65883073118636,25076600
2021-11-16,340.28961181640625,343.95088289662846,338.2158887576288,341.15283291532756,18181100
2021-11-17,338.1166687011719,344.5958232777505,337.4519024454214,341.5596516250175,13602800
2021-11-18,336.0528259277344,339.79346029139595,332.68920729614837,337.07480472247227,17487200
2021-11-19,342.61138916015625,349.358460698102,337.2534410694076,339.5355508184028,26488500
2021-11-22,338.35479736328125,351.0749537528082,337.8586905223181,346.3321735643987,27116800
2021-11-23,334.62408447265625,338.7417654457569,330.90328294034356,336.29099629194184,17225000
2021-11-24,338.4043884277344,339.1187834740705,330.2186257334472,333.3837897309682,13566200
2021-11-26,330.52618408203125,335.12013781830825,329.31568229899483,333.18530921855194,14750700
2021-11-29,335.3979187011719,338.01737680141184,332.6990968463574,334.2668110887607,16650900
2021-11-30,321.9336242675781,333.1952549665662,320.9116454450948,332.3915643527665,25390000
2021-12-01,308.18157958984375,327.92662605582126,307.8739957669234,327.71826965834975,30329600
2021-12-02,307.9732360839844,312.1504474345972,304.8080718434129,308.9753513670774,24396200
2021-12-03,304.4508361816406,311.30703621441194,297.1679915417255,311.287202841972,27471000
2021-12-06,315.3949279785156,317.6075751777738,303.9547065343744,305.7307773330619,21758300
2021-12-07,320.2965087890625,323.9974768684321,318.5006043768112,319.06617346485757,18794000
2021-12-08,327.9861145019531,330.15906463751605,320.5544445697957,322.46940948818246,19937700
2021-12-09,327.25189208984375,333.5127573929671,325.4460560967517,326.9740734970569,16879200
2021-12-10,327.18243408203125,332.4213206705392,323.8287472745476,329.97055187122083,14528000
2021-12-13,331.885498046875,338.4341134815039,327.0236577459982,328.3730839089908,22948700
2021-12-14,331.1413269042969,333.0860871840918,325.09875026625247,325.4956296139819,20461000
2021-12-15,338.999755859375,339.44623388206054,321.4574239023316,329.9011423842564,24681300
2021-12-16,332.2923583984375,341.7779188431185,331.1413868855736,336.3406072064359,22635000
2021-12-17,331.1910095214844,334.4851358944469,328.1746714850775,330.20869739741596,40012600
2021-12-20,322.91595458984375,327.3312873022695,320.0186773181742,327.21222650534423,17901800
2021-12-21,331.5977783203125,333.38375058647256,321.2291346796741,323.8684263387449,16116800
2021-12-22,327.8770446777344,331.9054300665554,325.7040941502717,331.200936504894,16764600
2021-12-23,332.6296691894531,334.04855761445225,325.8032349487416,327.5297071595906,13987700
2021-12-27,343.4844665527344,345.1613098115616,335.37809911090415,336.21155482796183,17795000
2021-12-28,343.524169921875,349.963626048627,342.51212302101527,343.93098110318874,16637600
2021-12-29,340.2697448730469,346.9671868790593,338.97987926535325,344.20883419741097,10747000
2021-12-30,341.67864990234375,344.5263282790015,340.54754217986994,341.3214675520747,10593300
2021-12-31,333.73101806640625,340.7658081749075,333.6516240293268,340.349065180123,12870500
2022-01-03,335.9039611816406,338.4241616281586,334.5644669229285,335.66580935523353,14537900
2022-01-04,333.90966796875,340.41858727642335,329.2859485939772,337.3030520719377,15998000
2022-01-05,321.6459045410156,333.1456568355286,321.318457087581,330.4269709092636,20564500
2022-01-06,329.871337890625,336.529113208816,320.2071867379019,320.3064141577774,27962800
2022-01-07,329.2065734863281,334.37599809420357,326.31922814812157,330.1491582803403,14722000
2022-01-10,325.51556396484375,325.78345076975626,312.973967948894,322.7770443947874,24942400
2022-01-11,331.7664794921875,332.0244647355846,322.7472608791002,324.235581381853,16226800
2022-01-12,330.6651611328125,333.7509313340387,327.4602998474573,332.570194559432,14104900
2022-01-13,323.93792724609375,333.0166761967169,323.22353219830933,332.37174337245716,14797100
2022-01-14,329.31573486328125,330.1392892257927,318.7089675405318,319.2844684675813,16868500
2022-01-18,315.6727600097656,321.6855721790978,315.1667516493473,320.7727525971954,22645600
2022-01-19,317.1015319824219,324.55306560102997,316.84354676400187,317.0916001571118,20814700
2022-01-20,314.0951232910156,325.2674577074556,313.5196527472708,321.3779672147133,16925000
2022-01-21,300.8094177246094,315.83151624705846,300.68042510869054,312.35876856290434,28710700
2022-01-24,306.3062744140625,307.1198968928485,286.7596832302792,295.5209166368451,38878100
2022-01-25,297.81292724609375,303.8456033215666,295.2629308448496,297.614502679901,25108500
2022-01-26,292.3359375,305.11565524775347,288.5853707940254,304.61954838040253,28348800
2022-01-27,292.3458251953125,299.3607522279332,291.96877918824987,295.4315949100361,21629900
2022-01-28,299.36077880859375,299.54930182886426,290.74837139396675,293.3182011734946,21871600
2022-01-31,310.8208312988281,311.3467032774815,296.98937176977,298.338767684822,21579500
2022-02-01,316.51611328125,317.1709778388746,309.6896794102035,312.11068282446894,18023800
2022-02-02,320.4849853515625,325.4460532362616,314.4027112801285,325.2674620596017,58458300
2022-02-03,235.90870666503906,246.06897966279848,233.91436272380943,242.74505795410397,188119900
2022-02-04,235.24391174316406,240.72093489028182,228.31826526183067,233.14042381897158,89342200
2022-02-07,223.15878295898438,236.4445235617217,222.26578156076954,235.84918929624516,88613800
2022-02-08,218.46559143066406,224.01207717049772,214.46697168286357,219.13038789094924,94729700
2022-02-09,230.1935577392578,231.55288554145955,220.47979314969592,222.45428854589056,86563300
2022-02-10,226.2941436767578,233.17017606984132,224.9348008657622,226.49258335180062,49310400
2022-02-11,217.8404998779297,228.6258569131585,217.06657447768202,226.68112672688727,46156900
2022-02-14,216.0048828125,219.2791904949448,213.10762111687535,217.60234720405774,38184000
2022-02-15,219.27919006347656,219.42801603694065,213.38543927466827,218.75331810393428,42685500
2022-02-16,214.85394287109375,215.76679277675476,210.70649697006257,210.7561106818888,45817500
2022-02-17,206.0926971435547,215.8064617968669,205.54697662595777,212.35356264731095,38747500
2022-02-18,204.55474853515625,209.10900508345037,203.58236835806525,207.759594053588,37128400
2022-02-22,200.5065460205078,205.8644939367054,198.5022701102353,200.76451613173913,39852400
2022-02-23,196.90476989746094,205.3286681275811,196.5078905456906,202.57031575483987,44481400
2022-02-24,205.98355102539062,206.72771123120492,188.73887367786082,189.5723294747781,49957200
2022-02-25,208.8411102294922,209.67458114367503,201.59794806228433,203.34425365392673,37627600
2022-02-28,209.38682556152344,211.49031345595338,205.21953165332295,206.0629040921381,34239800
2022-03-01,201.90554809570312,210.10122686689581,200.64543260210104,208.23586048014417,27094900
2022-03-02,206.48956298828125,207.52145842115084,200.4469860879729,203.18549004210848,29452100
2022-03-03,201.38963317871094,207.45206001144473,199.85169878376573,207.39252960673397,27263500
2022-03-04,198.50225830078125,204.2868656360038,197.2421427393917,200.7942693856852,32130900
2022-03-07,186.01028442382812,199.32578909187365,185.82176141781613,199.2265616760848,38560600
2022-03-08,188.80833435058594,195.16842766775892,184.66088843878129,186.3873456909563,37508100
2022-03-09,196.95440673828125,197.54974097584935,192.4100664687819,194.21590255342085,31894700
2022-03-10,193.69003295898438,194.7516936899463,189.5822690603511,193.32290361390366,24853000
2022-03-11,186.14920043945312,192.0528685324607,185.2165172013014,191.14003380617865,34694500
2022-03-14,185.17681884765625,190.79273600899157,184.3731282981707,185.57369820987867,31010500
2022-03-15,190.53477478027344,190.7828281781689,184.46243244458515,189.3143563018215,31721700
2022-03-16,202.0444793701172,202.14369165553742,193.00541201145757,193.18400320920165,40640300
2022-03-17,206.22169494628906,206.42013466134534,199.54410088177565,200.1295033401846,29499700
2022-03-18,214.8043212890625,215.1119050734654,204.3959954860092,205.090541957238,52128000
2022-03-21,209.84327697753906,213.0382062435741,206.01333156086238,212.8298347088417,30142300
2022-03-22,214.96307373046875,217.75120670745483,208.54345042733235,209.72418705211007,31998800
2022-03-23,211.7979278564453,215.1119177429049,210.50804711106318,211.66893523991357,23717300
2022-03-24,217.86033630371094,218.95176212403834,213.11754160891385,213.32591311587282,31502300
2022-03-25,220.09283447265625,223.74417336052977,217.18564066662418,218.79302190096215,40039000
2022-03-28,221.8490447998047,222.29553791114895,217.830576517749,220.4004213594452,26224100
2022-03-29,228.07022094726562,229.09219975413018,223.5357974834285,224.3097380278288,31417900
2022-03-30,226.0758819580078,229.35017482946435,224.94475902387336,227.12762598483724,25588000
2022-03-31,220.62863159179688,226.71090621508176,220.5294041691088,226.6712091900149,24192300
2022-04-01,223.09925842285156,225.51033046743126,220.96598986548707,222.80159128229144,19544800
2022-04-04,232.06884765625,232.52527259224502,224.10137333817107,224.22043413017906,28054800
2022-04-05,230.03480529785156,235.01572198026443,229.2211979906724,232.2573692886443,29727200
2022-04-06,221.5613250732422,227.20702352088503,219.686041761844,225.14321718167764,28995100
2022-04-07,221.2140350341797,223.76403143713907,216.85821762186922,222.18640019306102,21037200
2022-04-08,220.59884643554688,223.37704747970082,218.31675217999265,220.64846014240237,18375700
2022-04-11,214.77456665039062,218.8922471136339,213.54421631232353,216.7192968654244,20516600
2022-04-12,212.47262573242188,220.30119065314656,211.4704954183544,218.5251349202986,20128800
2022-04-13,213.31600952148438,214.92339072532232,209.68450407431595,210.17069419373846,19231800
2022-04-14,208.54347229003906,213.3160329982505,208.36488108772562,213.21680557031203,18379500
2022-04-18,209.12887573242188,211.71855397049873,206.6781068000665,208.36486698096425,16580800
2022-04-19,215.61793518066406,216.7292095688352,207.3726425799073,208.88081149240958,20089900
2022-04-20,198.85946655273438,212.49248814621333,197.37114601309614,211.94676758701675,43036500
2022-04-21,186.60560607910156,201.38958163792174,184.13498893603338,200.03025394497672,49954100
2022-04-22,182.6764373779297,191.21939665285564,181.84298162915087,188.88768875332022,36426800
2022-04-25,185.53399658203125,185.72250441803757,180.2454971304321,181.3071576383649,29281100
2022-04-26,179.54103088378906,185.73244861165801,178.1023243280757,185.17681147069092,31747400
2022-04-27,173.5877685546875,179.79903546123612,167.68410058572994,173.07181323676826,71062900
2022-04-28,204.12811279296875,206.90631407931315,191.39800967095255,201.33999482037984,100890600
2022-04-29,198.90908813476562,210.82556960985812,198.34351904013752,202.86802637722226,49193400
2022-05-02,209.486083984375,210.2302442617145,199.4250376403443,199.60362883971555,49915300
2022-05-03,210.37905883789062,213.2267071664261,206.4697346374748,208.8113594552885,41556300
2022-05-04,221.6704559326172,222.55352547851587,205.34854436270368,209.00980002605064,41375900
2022-05-05,206.65826416015625,218.45568421552025,204.55477600232203,217.03682591961714,41129200
2022-05-06,202.18338012695312,207.74969932081515,199.454792583687,205.7255749921496,34747200
2022-05-09,194.6822509765625,200.99273052738982,194.05715151927018,198.2839763057758,36303200
2022-05-10,196.1110076904297,201.37967450866105,192.67795718797927,197.95652555162374,34452500
2022-05-11,187.2703857421875,199.10748580190932,186.80404417527703,194.8012827465857,31153400
2022-05-12,189.75094604492188,196.50791865624595,183.3412391310792,185.6034850677345,38262200
2022-05-13,197.07347106933594,198.33358664883283,189.7906264841729,191.08050726208492,24549800
2022-05-16,198.482421875,203.77092271249356,194.4044229626352,195.51571260175743,27112600
2022-05-17,201.04229736328125,203.86019524944308,196.81547324400356,200.5461906062778,24872700
2022-05-18,190.7431640625,199.43495048394504,190.13791310966099,198.44273679994532,23960000
2022-05-19,189.80055236816406,193.76940717562402,188.12372392959506,189.7112567685913,24446900
2022-05-20,192.03302001953125,196.36900389432037,186.4071705328154,193.45189338862062,31465600
2022-05-23,194.70208740234375,195.45617949343676,189.75095079783037,193.67019183029456,25059200
2022-05-24,179.86849975585938,182.24980659881354,174.738756702844,179.14418798829092,50406300
2022-05-25,182.3986358642578,184.0060171216073,177.92375778337643,178.99533519495697,28030200
2022-05-26,190.1378936767578,191.32854694787179,180.84084211269274,181.4560248290842,23056500
2022-05-27,193.61062622070312,193.80906589385668,188.32212641828812,189.86997706485317,22562700
2022-05-31,192.1322479248047,196.06142058608745,190.5149348528655,193.37251497016206,26131100
2022-06-01,187.17115783691406,197.9763624658303,183.55950122913978,194.9798733957611,36623500
2022-06-02,197.31163024902344,199.37543670053057,186.2682861810007,186.98268130421397,31951600
2022-06-03,189.2945098876953,195.07911700749378,188.30229628512222,194.45401759307975,19465000
2022-06-06,192.7375030517578,195.3867117016177,186.9330470969102,192.47953295108994,30574200
2022-06-07,194.12657165527344,194.9997244090153,189.99897486480518,190.43553610169909,18828700
2022-06-08,195.10888671875,200.45691755476113,192.8962545730106,193.15422466525632,22267200
2022-06-09,182.56732177734375,197.8970204964128,182.24980612445378,192.76727745674913,23501600
2022-06-10,174.20294189453125,181.67430878576448,173.65722140885484,181.61476325461828,27450800
2022-06-13,162.98098754882812,171.2362113127509,162.75278267813596,169.26170095508755,31749300
2022-06-14,162.45513916015625,165.45162866818345,160.10359761848122,164.73723361805804,27244300
2022-06-15,168.03138732910156,170.81950525732464,162.70318974465354,165.8981189021135,30008300
2022-06-16,159.61741638183594,163.7946428069884,158.36723254432198,162.4452315414264,26944100
2022-06-17,162.46505737304688,164.60822720386258,158.65494571164365,160.42108467647037,31374200
2022-06-21,155.82713317871094,166.45373128366802,154.75554078208074,164.6379787621538,50724900
2022-06-22,154.6365203857422,159.53804363728895,154.22970911098423,157.14681998464494,47267800
2022-06-23,157.51393127441406,158.50614501472532,153.04896944301333,155.05324543763655,40499200
2022-06-24,168.83506774902344,168.92436333833888,160.04405475471546,160.47069933031898,68736000
2022-06-27,168.17030334472656,170.41270082808344,166.7018161864418,169.98605620964864,29174600
2022-06-28,159.42886352539062,169.9661815615334,159.35941645073356,168.57707352864495,27744500
2022-06-29,162.6634979248047,165.03488779285908,159.07168958356175,162.29638374229557,28595200
2022-06-30,159.9944305419922,163.943436123308,157.2559266696186,160.8874166564684,35250600
2022-07-01,158.78396606445312,159.3693685465401,153.79313208602133,159.06178470476493,31423900
2022-07-05,166.88040161132812,166.93993200272172,155.79737792755841,156.90865227351182,28618600
2022-07-06,168.4481201171875,170.2539411358276,164.17168159339727,166.89033737772058,23085900
2022-07-07,170.8492889404297,171.3751610195185,166.47362264614256,168.1306178006273,24083400
2022-07-08,169.54949951171875,171.05765359158383,166.84074492857803,168.6564980049759,19249200
2022-07-11,161.61175537109375,166.1858606545308,160.64930697171704,165.76913276098287,21885600
2022-07-12,161.9987030029297,164.6181460473353,160.837815020293,163.51678845252974,16639700
2022-07-13,162.21701049804688,163.6953991051211,158.3672168002053,158.91293732025682,16555100
2022-07-14,156.81936645507812,161.3240096508679,156.05535772465447,159.96468182944713,23765200
2022-07-15,163.41758728027344,163.6954058947358,158.57559489965857,159.2899748082911,23342800
2022-07-18,165.92788696289062,170.35316657049168,164.35027086909628,165.4516286428729,23574300
2022-07-19,174.4113006591797,175.11577895763392,168.19011731697498,169.04342159539536,25933700
2022-07-20,181.6643829345703,182.17042155610093,175.32413868697932,176.1079959030853,24784300
2022-07-21,181.74375915527344,182.41847226069277,177.47723774446465,179.2235433302716,27195800
2022-07-22,167.9519805908203,174.23269375815684,167.09867638941338,171.72239485610618,42583900
2022-07-25,165.3524169921875,169.2419082532573,163.52674730799913,167.68412538339254,26166300
2022-07-26,157.91079711914062,164.70746671110234,156.720143761273,164.6479363142058,28468400
2022-07-27,168.25958251953125,169.53953138988183,160.75845019660002,161.32400407048306,43846600
2022-07-28,159.4685516357422,160.25239362295426,153.644263355895,159.80590058517643,73214300
2022-07-29,157.86119079589844,158.8930862847135,153.96178345090468,156.4621659776194,42065400
2022-08-01,158.6846923828125,163.90374490463,154.02129211964905,156.02556756057433,40596700
2022-08-02,158.94268798828125,160.97672875527448,156.779654617437,157.07732170479792,27374500
2022-08-03,167.4856719970703,168.2199004297414,160.31197133907014,161.42324581445072,31721900
2022-08-04,169.2418975830078,170.80958190125747,165.50124770571404,166.98956825137697,23938200
2022-08-05,165.808837890625,170.27379969891064,164.5090403199431,165.68977708719768,25832700
2022-08-08,168.92437744140625,176.12784324049753,165.82867563352886,166.69189668226872,27299100
2022-08-09,167.21774291992188,168.20995643758116,165.30277809802828,167.63447078054156,18655100
2022-08-10,176.95138549804688,179.07472218493237,172.59556801298828,174.6196924150537,30262100
2022-08-11,176.10797119140625,181.67428926732526,174.99668182906436,178.31068626786464,24079100
2022-08-12,179.09454345703125,180.0470751142929,177.5169275665444,179.4021272311539,21274000
2022-08-15,179.4815216064453,180.02724212693158,176.81246453895838,177.56655658180426,15878700
2022-08-16,178.07257080078125,179.58073966791372,175.66148395043294,178.0428056048491,21156700
2022-08-17,173.48855590820312,176.75293202621683,172.81384278005555,175.38367239848955,20118100
2022-08-18,173.30003356933594,174.3914594614701,170.52183242030472,172.9825179454566,18844500
2022-08-19,166.65220642089844,170.9782584134384,165.74928839232285,168.87475524203418,26240800
2022-08-22,161.7804412841797,164.20144505183907,160.99658400957932,164.20144505183907,19499700
2022-08-23,159.85552978515625,163.76485369577472,159.44871858552835,161.2148575390599,18111800
2022-08-24,161.9888153076172,164.17169772260078,158.5259989256291,159.34953817492186,20891500
2022-08-25,167.46580505371094,167.56503246665474,162.74287391315033,163.89383014741966,15550500
2022-08-26,160.5203399658203,169.5891730748827,160.4111958472438,167.16816909189782,24023600
2022-08-29,157.93064880371094,161.78044270679146,157.77189098214532,159.4090526295797,20052700
2022-08-30,155.93630981445312,160.40127149563065,154.6960426807927,159.10147396195126,19567900
2022-08-31,161.66136169433594,166.53313431830148,160.87751957743515,165.76914071346795,40953000
2022-09-01,164.0724639892578,166.05689146124206,159.10147862233006,162.30632475039022,30145700
2022-09-02,159.07168579101562,166.62241647598805,157.98024481501335,166.14615820463135,22634200
2022-09-06,157.3055419921875,160.43102400577848,156.46216949199575,158.85340797014467,19339800
2022-09-07,159.14117431640625,159.70674346217794,155.58904701659344,156.53164711956484,16831200
2022-09-08,160.7981414794922,160.96681598296698,156.51178639006864,157.47423484046743,22530800
2022-09-09,167.8329315185547,168.21989423340526,161.75067218718405,161.97887708569115,22086800
2022-09-12,167.64442443847656,170.05549633320575,165.9774976389288,166.0866417456848,23220400
2022-09-13,151.93765258789062,160.37146703193383,151.48122773285886,160.28215631379163,44444100
2022-09-14,150.2905731201172,152.34444709754078,147.88941837773038,152.1360907505435,43064200
2022-09-15,148.38555908203125,152.99934664457024,147.54217139684576,148.63361250238236,34606300
2022-09-16,145.15093994140625,147.4231178621415,143.16651248084165,146.8972457962903,40122800
2022-09-19,146.8674774169922,147.42311467152805,143.97021520406963,144.1091245177036,22169500
2022-09-20,144.9524688720703,147.68105604018982,144.08924795822142,144.64488510460586,23217400
2022-09-21,141.01339721679688,148.43516612082303,140.89433642517437,145.25015368511407,38338600
2022-09-22,141.7079620361328,143.4542526254641,139.77313328922853,140.44784645009264,34418500
2022-09-23,139.31674194335938,141.50952594174933,137.80857274275996,140.31887242126808,31710700
2022-09-26,135.3081817626953,141.13248666363052,135.12959055815918,139.02898325699817,30497000
2022-09-27,133.35350036621094,138.33441682444828,133.0756817723629,136.84609644027194,30826500
2022-09-28,140.5073699951172,140.92409789474942,133.22452572729918,133.57179140700362,32658500
2022-09-29,135.3478546142578,138.7511398392883,134.1472695516224,138.2748815722821,38985400
2022-09-30,134.62356567382812,139.8922338477571,134.44497445097372,134.99069508744262,33166400
2022-10-03,137.53073120117188,138.53286151227974,135.04028045219258,136.0721759608596,27723100
2022-10-04,139.18771362304688,141.2812847896686,138.25503047678262,139.396085127203,34670700
2022-10-05,137.89784240722656,139.11827604059891,133.73054829955544,137.1636140300522,27979300
2022-10-06,137.98715209960938,140.3486101635324,135.5363833056393,136.64765768866192,36231100
2022-10-07,132.410888671875,137.21319838280945,131.40875848632146,135.69511293757594,33214800
2022-10-10,132.7482452392578,135.05018796059127,130.84319702503913,132.51012367496634,24024000
2022-10-11,127.53912353515625,131.6270536717178,126.00119706886443,130.59514309744893,38481400
2022-10-12,126.50723266601562,128.6603343385144,125.2669656790939,127.32085507662566,34605200
2022-10-13,129.2755126953125,130.11890037271309,121.5759400490777,122.56815372132348,34325700
2022-10-14,125.77299499511719,130.76382050048636,125.53485828651976,129.9799784371502,23559400
2022-10-17,132.9962921142578,133.7404522461728,129.16634736306958,129.2854232793601,29612200
2022-10-18,131.76597595214844,136.7667260943057,130.37686775600895,136.02256585565274,25445000
2022-10-19,132.192626953125,135.9332768396588,131.19049656696248,131.85527792886984,30691000
2022-10-20,130.505859375,135.70506431958893,130.28757116213697,131.89495242051143,26356300
2022-10-21,128.9976806640625,129.106824762259,124.46327252621275,125.32649348650858,46348600
2022-10-24,128.70997619628906,132.44069465850714,123.60007357858129,126.25920688292302,63563400
2022-10-25,136.4392852783203,137.27275620010687,129.57316905393745,129.86091947335717,38433200
2022-10-26,128.80918884277344,134.49456906227655,127.52922470090857,130.65469177666142,82791500
2022-10-27,97.17740631103516,101.70189808643511,95.62954788524887,97.21709576502857,232316600
2022-10-28,98.42759704589844,100.06475118209325,96.75076102287782,98.80464310065243,95928300
2022-10-31,92.43463134765625,98.54666376504666,91.87898653153731,97.4552302158687,121361400
2022-11-01,94.45874786376953,96.73091830517409,92.82160119947383,93.59552672877514,110189600
2022-11-02,89.83503723144531,94.45874954494421,89.7755068265904,93.47646001488596,71821100
2022-11-03,88.21772003173828,89.75564666078411,87.7216132023707,89.37860819566096,60664000
2022-11-04,90.08306884765625,90.67839546190564,87.40408772855112,89.64649246454535,55638100
2022-11-07,95.96690368652344,96.12565393122965,92.37508761392576,94.04200681828185,81987300
2022-11-08,95.71885681152344,97.03850284878779,94.05193749339736,95.17313624874802,52088300
2022-11-09,100.67991638183594,104.0832093724771,99.95559711456131,100.92796978473984,107677300
2022-11-10,110.99893951416016,111.87208476763833,103.79546657050064,106.28592485654346,80671000
2022-11-11,112.13997650146484,114.00534289363566,107.9627582000439,108.37949366062841,59961700
2022-11-14,113.33063507080078,115.36466834540867,109.9372664813659,110.12578191189753,53395000
2022-11-15,116.16836547851562,117.8154360525285,113.5191570888149,115.16622766282778,50670500
2022-11-16,112.3483657836914,115.17617344562514,111.78280425130465,113.60847391024078,33287800
2022-11-17,110.58220672607422,111.45535957072005,108.94506028234187,109.55031120602072,35093800
2022-11-18,111.17754364013672,113.42986531772654,109.75867780342048,112.91391754527949,33357700
2022-11-21,109.00459289550781,111.4950512926187,108.33981156253067,110.65166362870413,24351100
2022-11-22,110.57229614257812,110.75089490974986,107.47658670159785,109.00459669406948,29029000
2022-11-23,111.36605072021484,111.79270286479202,109.86781365645757,110.85010298653472,21343100
2022-11-25,110.54252624511719,111.85224795871838,110.15555595769946,110.43338213815132,12007600
2022-11-28,107.93299102783203,111.16760938845886,107.53610408548704,109.91741816956821,23309400
2022-11-29,108.60770416259766,110.07618368108777,107.6948694302875,108.68708307062184,23899200
2022-11-30,117.18042755126953,117.2399655163382,108.52832353355872,108.65731614954981,43348600
2022-12-01,119.502197265625,120.25627408093297,117.47808080192762,118.27184706593415,36551400
2022-12-02,122.5284652709961,123.07418582320302,116.69425155553571,116.91253977641848,39950500
2022-12-05,121.47671508789062,123.69927150066809,120.40512255012695,120.80200951633452,35474900
2022-12-06,113.23141479492188,119.61134832247026,112.85436879532277,118.97633224629031,43689200
2022-12-07,113.04290008544922,114.97771365164438,112.00107273750456,112.87422558377872,29461100
2022-12-08,114.4320068359375,116.42635090508423,113.6977632539732,115.48375092633268,30619400
2022-12-09,114.99756622314453,116.62479604138488,112.98337367800491,114.40223953329871,26033400
2022-12-12,113.81682586669922,114.81896376384701,112.25905075290997,114.28316748923302,24747100
2022-12-13,119.21446990966797,122.33994437785942,117.71622519933055,121.1790486702528,44701100
2022-12-14,120.64324951171875,123.17339725161956,118.46038259218837,118.46038259218837,36922000
2022-12-15,115.24562072753906,117.70630642075625,113.122284052751,117.40864685802285,34531000
2022-12-16,118.50007629394531,122.34986252333044,117.8948253630125,119.29385024041143,67064000
2022-12-19,113.588623046875,116.88277209293447,113.43978948398286,115.9203236322201,29769900
2022-12-20,116.17829132080078,116.41642804447906,111.58434489885498,112.37811883780395,28742500
2022-12-21,118.82750701904297,119.40298517401476,114.71974317671537,115.79132814906961,20392800
2022-12-22,116.20806884765625,117.69638936664268,113.48939791591519,116.2874401888101,23618100
2022-12-23,117.12090301513672,117.25981232393049,114.6403688295484,115.12655141032663,17796600
2022-12-27,115.96991729736328,117.67652581895504,115.1463858019345,117.01174455554087,21392300
2022-12-28,114.71973419189453,117.23003328004548,114.61059009501939,115.34482600764325,19612500
2022-12-29,119.32361602783203,120.0876172098368,114.86857127552733,115.49367072170247,22366200
2022-12-30,119.40298461914062,119.48236352635037,116.823230694738,117.23996617259452,19583800
2023-01-03,123.76873016357422,125.38604327854202,121.32788546177093,121.86368174801889,35528500
2023-01-04,126.37825775146484,128.04517701826012,124.87008873532221,126.38817443776281,32397100
2023-01-05,125.95159912109375,127.51929845470177,123.57028492333293,125.14790094273111,25447100
2023-01-06,129.0076446533203,129.31522851402113,125.05863033307496,127.96581711805723,27584500
2023-01-09,128.46189880371094,131.91479796779146,128.2733757932046,130.13874224666318,26649100
2023-01-10,131.95448303222656,132.40097609349974,126.15995207065836,126.27901284967068,28684400
2023-01-11,131.85525512695312,132.80778677539865,129.32510760262235,129.94029028515095,25423000
2023-01-12,135.6455535888672,136.60798703423046,130.73408322737612,132.40101026363502,30757700
2023-01-13,135.91342163085938,136.3202328612328,133.79008502400478,133.91907764338632,22423800
2023-01-17,134.30604553222656,135.68522195416884,133.20468773197197,135.11965288431784,21147600
2023-01-18,131.98426818847656,136.18132782317699,131.76597996728842,134.75253769902895,20215500
2023-01-19,135.08987426757812,136.37975496300405,131.11110322074273,131.45838403334974,28625200
2023-01-20,138.28480529785156,138.85037431994746,133.56187398797255,134.831906191301,28688600
2023-01-23,142.15444946289062,142.6406244467156,137.5803440727501,138.20542835766489,27470100
2023-01-24,142.0254669189453,143.87098498713812,140.25932776271534,140.5867600970698,21970200
2023-01-25,140.39822387695312,142.05521876598272,139.21748727495543,140.12040528118638,26622000
2023-01-26,146.15304565429688,146.36140200246518,142.18419181515765,143.2756175369354,25482100
2023-01-27,150.55850219726562,151.99720893784095,146.24236683556117,147.08575448002523,35771900
2023-01-30,145.91493225097656,149.9433171179442,145.80578814738973,148.24664030943237,28040100
2023-01-31,147.81007385253906,148.71299193940402,146.3713670374125,146.7980116547346,29842100
2023-02-01,151.92774963378906,152.38417457555312,145.91493732172768,146.87738577590028,55661000
2023-02-02,187.30018615722656,195.6248585732531,178.75722551393994,181.9521548693141,150475700
2023-02-03,185.0775909423828,195.23786307187538,181.4659342518953,182.0414199235635,76809700
2023-02-06,184.6112518310547,189.21512212589636,184.0754631723348,185.07759341363374,42483800
2023-02-07,190.1279754638672,192.2711605893038,182.9641916734573,184.13501165753016,47080700
2023-02-08,182.00173950195312,189.34412947288163,181.49571599932648,188.52059034038672,36139100
2023-02-09,176.53465270996094,185.19667372941453,175.88971988644266,184.6807335265915,37118800
2023-02-10,172.7939910888672,177.4970889680082,172.00023232679908,174.97687310448828,33433600
2023-02-13,178.03289794921875,179.59068073438124,174.45102100596873,176.83232784369244,31463200
2023-02-14,178.08250427246094,180.096696800279,174.51054416410403,175.78057644351702,24034600
2023-02-15,175.78057861328125,176.80255748917412,173.96482576796248,175.04633504206592,25308900
2023-02-16,171.0973358154297,174.48078822465834,170.45238781526533,171.40491964536324,25827500
2023-02-17,171.53387451171875,171.83152644936783,168.37862771285032,168.89458297140283,24171300
2023-02-21,170.74012756347656,176.78270508862917,170.541687860479,172.95275977485835,34592600
2023-02-22,169.78761291503906,171.4148428676804,168.36875451254429,169.73801433927213,22433200
2023-02-23,170.700439453125,172.33760115330253,168.06116249947036,170.6607575664448,20017800
2023-02-24,169.06329345703125,169.39072579815928,166.35455426767354,167.3269194643697,19791300
2023-02-27,168.21990966796875,171.77203664968215,167.74365131521915,170.5417013100807,19277000
2023-02-28,173.57785034179688,176.16752845436773,170.53174730970196,170.5615125066298,46051100
2023-03-01,172.06967163085938,176.4651855200996,171.7025574629913,173.23055966490836,30998400
2023-03-02,173.17105102539062,173.64730934892816,170.0951825850901,171.03779768581322,17352000
2023-03-03,183.80758666992188,185.1669145848466,175.67143741347317,177.5268721750104,45877700
2023-03-06,183.4602813720703,188.18322761199428,183.20231129660337,186.53614946714723,33209400
2023-03-07,183.0733184814453,188.87777386268286,182.5772117015097,187.5283628156589,36701500
2023-03-08,183.52975463867188,183.81748992709475,179.92801435060838,181.44609997913568,19432400
2023-03-09,180.27529907226562,187.45891615214956,178.89612271521787,184.89901827847535,26582800
2023-03-10,178.11227416992188,183.3313278726715,177.40781092790243,179.60059470599492,25665000
2023-03-13,179.491455078125,182.3490354235612,173.45880901106162,176.5743594721353,24728000
2023-03-14,192.50927734375,192.80694443695197,185.10735759402482,186.1194196549206,41642600
2023-03-15,196.21026611328125,196.24003131413542,189.35406557024092,191.44763715687185,42123600
2023-03-16,203.33433532714844,204.1578744706101,194.563170324946,196.71627212123454,50447100
2023-03-17,194.08688354492188,200.3278998049024,193.90827724194608,198.99833734709705,50141100
2023-03-20,196.269775390625,197.80770954247785,192.13224637743252,196.9345567047852,25186300
2023-03-21,200.58590698242188,201.9650832943874,196.4086810237472,201.61780247498058,31827000
2023-03-22,198.2542266845703,205.75536020155923,198.11531736536608,200.9232840906904,28477800
2023-03-23,202.6894073486328,206.2613826175449,200.5759873861949,201.26061724106796,27389700
2023-03-24,204.4059295654297,205.96371227058293,201.9650924531236,203.5823904151866,27716400
2023-03-27,201.26060485839844,204.2570941974041,199.79213295596273,203.2152668797388,18527200
2023-03-28,199.117431640625,199.4647124804403,196.35907885459528,198.59155960774748,19127300
2023-03-29,203.75106811523438,204.1181823011788,200.962935191242,201.9749972989551,18851100
2023-03-30,206.22169494628906,206.46974837510436,201.24079299646337,201.7964302546129,22608300
2023-03-31,210.2897186279297,210.51792347964562,205.15997696646588,205.62631849386946,25440300
2023-04-03,211.4109649658203,211.8276928727448,206.57887430271677,207.21389041897956,17924600
2023-04-04,213.048095703125,214.55626454565197,210.88506228081928,211.7284498584111,21026400
2023-04-05,209.8333282470703,213.51444737094567,208.30532596205177,212.48253674679614,19396600
2023-04-06,214.4173583984375,215.25081416311986,207.02535519459414,207.6206893922116,26104400
2023-04-10,213.077880859375,213.98079891244384,209.019730673576,213.0381989750547,16106100
2023-04-11,212.1848907470703,214.33799250651626,211.74831432764745,213.80218866814147,16710100
2023-04-12,212.33370971679688,215.15159269813535,210.92476822612764,213.16716550452043,18972200
2023-04-13,218.63427734375,219.42803612820578,214.0105582384014,214.05024012163284,23310400
2023-04-14,219.76539611816406,220.38056370650133,215.85607210458502,216.18350440998398,21591200
2023-04-17,217.1558837890625,219.25937191854015,215.43935838415817,218.07863523228386,15481900
2023-04-18,216.19342041015625,218.7235681147785,214.52650883156815,218.19769611867787,12281000
2023-04-19,214.0204620361328,215.63777498502634,211.27202623352866,211.80783003474696,15898100
2023-04-20,211.4109649658203,215.0623038493368,211.11329784945184,211.8177610468795,16475400
2023-04-21,211.23236083984375,211.74831617092386,207.9481361196577,208.5732355565436,17717200
2023-04-24,211.1331329345703,212.2543391879995,209.0693418949524,212.01620246497654,15750900
2023-04-25,205.93394470214844,209.61504884053275,205.51721678874523,209.1784875550475,19198200
2023-04-26,207.76953125,212.44286418050763,207.25359105527792,210.84539960612796,41992700
2023-04-27,236.7024688720703,239.80810221766666,234.92641322808916,238.02211474831446,71196500
2023-04-28,238.44879150390625,238.5579204709665,233.91436785871295,237.1489789055397,39554000
2023-05-01,241.2864990234375,242.10012145288675,234.61883747613797,236.76200737278006,29143900
2023-05-02,237.377197265625,243.01296348744427,237.1291438550172,241.2865062992217,24350100
2023-05-03,235.18438720703125,239.8676365865375,230.93771423171293,237.60539080118016,34463900
2023-05-04,231.70172119140625,236.3452735137011,231.11630366840006,234.22193704205742,17889400
2023-05-05,230.96746826171875,232.85266794504628,228.0602898361694,230.43167960792348,27000500
2023-05-08,231.4536895751953,233.7853826412468,228.4770485325923,229.61808820959843,16400500
2023-05-09,231.55287170410156,234.04333740833212,229.2807093324098,229.65775532683008,16865600
2023-05-10,231.26512145996094,234.90654314192133,228.92349702409817,234.33105750243226,19119000
2023-05-11,233.95404052734375,236.35521078761784,230.49122471674158,231.23538492451843,20449000
2023-05-12,231.98947143554688,235.11495352176897,229.64784661240037,234.89666530723997,16161400
2023-05-15,237.00015258789062,238.38924563922228,233.4976396213384,235.07525568820336,20653200
2023-05-16,236.96046447753906,237.77407177480512,233.68615649688385,233.9540432740443,18163800
2023-05-17,240.60186767578125,241.94134687586555,236.28573270445185,236.59331648061985,21193100
2023-05-18,244.92794799804688,245.1660695868322,239.3120150495156,239.42115915770188,22943300
2023-05-19,243.72735595703125,246.753610562604,241.51472379688204,245.5431087203749,21733600
2023-05-22,246.386474609375,251.59559571740687,243.21137915535476,243.49912956161424,27738500
2023-05-23,244.8188018798828,249.65087751904687,244.72949114484263,244.8882489627154,17748100
2023-05-24,247.26956176757812,247.64659264626343,243.04272207618027,243.37015438607577,17724300
2023-05-25,250.7224578857422,253.6296364767489,247.22986176229892,251.4269210658252,22371400
2023-05-26,259.99969482421875,260.26758163108605,250.74233888741432,250.96061197968322,25727200
2023-05-30,260.4759216308594,266.5581962700264,259.25551819647967,263.18467584953015,23816500
2023-05-31,262.6588134765625,262.93663210305795,256.43764444041886,257.97556357281155,25473700
2023-06-01,270.4873046875,271.86649597151376,263.8196591105298,263.82956065505147,25609500
2023-06-02,270.4873046875,273.2059902375829,269.0089162785536,270.53693352991894,19416900
2023-06-05,269.2768859863281,273.4243319144258,267.4611179895091,268.1953464254039,20742900
2023-06-06,269.00897216796875,274.41654891819206,267.59011385118043,268.0366221259544,19419000
2023-06-07,261.5474853515625,272.1145530986745,260.75369638147964,269.55465558504585,26163600
2023-06-08,262.5198669433594,265.5659700319198,256.86426746253426,258.5907094762658,20899400
2023-06-09,262.8869934082031,265.8636340720592,259.6622993556924,260.43622471709676,16949800
2023-06-12,268.93951416015625,269.6340758695962,263.2640505240302,265.0897503979936,15442500
2023-06-13,269.2074279785156,273.57316219648015,266.9947805297934,272.73970632322903,16164000
2023-06-14,271.2216491699219,272.84886406164475,266.2308149508549,269.7730254955901,19175100
2023-06-15,279.6355285644531,281.77871344375353,269.3066122627581,270.1797347425138,25973500
2023-06-16,278.8120422363281,285.6087119553762,277.94882118522963,282.53284351172397,43127700
2023-06-20,282.1160888671875,282.5824304857627,274.0692508402336,276.55971674793904,20701600
2023-06-21,279.4471130371094,281.78872310316206,276.19262265926653,281.3223813995041,20556200
2023-06-22,282.6618347167969,283.0388807556065,275.6270434409826,276.90697727173125,17563100
2023-06-23,286.4819030761719,287.41458647610796,276.77805326574025,279.3181181864284,51092000
2023-06-26,276.3017578125,287.5336244711032,275.43853671466735,286.45211514209774,24232700
2023-06-27,284.8149108886719,287.0970204097257,278.4647497013113,279.81417598610125,26108300
2023-06-28,283.06866455078125,287.29547446574816,281.84823075760875,282.60232288476834,16722100
2023-06-29,279.3379211425781,284.33868665809604,278.50446526998496,282.28479703637055,15395700
2023-06-30,284.74542236328125,286.79928116014764,282.20535839309247,282.54270732726354,19694900
2023-07-03,283.7929382324219,287.1466252255622,282.6320652147703,284.4676665294726,8629300
2023-07-05,292.077880859375,295.7986814551919,284.1302410971252,285.41020498047294,33865500
2023-07-06,289.7164306640625,295.79870469399134,289.0417327035368,293.58608781168573,47600500
2023-07-07,288.2678527832031,293.893717936311,286.4124179592206,289.9049993761313,25586000
2023-07-10,291.80999755859375,295.80861676818955,284.81487418799236,293.24868897130455,37058300
2023-07-11,295.9673767089844,297.8426444994166,289.6271178385797,291.6115448608104,27585900
2023-07-12,306.93133544921875,307.0404946851265,297.76329195096815,299.40043824994797,36677100
2023-07-13,310.96966552734375,313.7776166697492,307.8739639648475,311.17802190329286,30281000
2023-07-14,306.4649963378906,312.428209501779,304.966744178056,309.36227324592335,23054100
2023-07-17,308.201416015625,309.2829253198248,302.3374293890318,305.14541112925815,25323100
2023-07-18,309.6202697753906,311.75355343232627,305.22477039697566,308.4593967151567,20731900
2023-07-19,313.5494384765625,316.1986319082592,308.1021650649504,310.59263096242654,21763700
2023-07-20,300.1644592285156,313.0831001900084,299.86680724874,311.05897588766237,23836900
2023-07-21,291.9687805175781,303.081554551309,288.9326093562947,302.19850020228625,42139300
2023-07-24,289.33941650390625,295.20340298252125,286.05519164762,293.47696087002083,24915700
2023-07-25,292.1771545410156,295.97731949491924,289.5874611705835,292.89154957975995,19585600
2023-07-26,296.2452087402344,299.42027395208453,289.6271309972358,298.8448034126717,47256900
2023-07-27,309.2828674316406,322.8166743609135,307.4274329964879,322.58845435083214,64229200
2023-07-28,322.94573974609375,323.6601348517515,311.80316851922714,314.4126955062819,39220300
2023-07-31,316.1192626953125,323.1242883704477,315.11711725806254,321.1696263444991,25799600
2023-08-01,320.1972351074219,321.6161235359721,312.2099279207589,315.0675078686695,22817900
2023-08-02,311.8627014160156,315.910950473779,308.2311954565364,315.5239725768037,20461100
2023-08-03,310.7513732910156,313.48989245918426,307.5167473332486,307.5167473332486,15180200
2023-08-04,308.310546875,315.9307401558167,307.7846748712968,312.50759107890946,17612800
2023-08-07,314.0951232910156,314.60116189806973,308.04261449667547,310.79106544719536,16236500
2023-08-08,310.20562744140625,315.4147480522107,307.69529834496996,311.95190252247085,15183500
2023-08-09,302.8335266113281,311.1879790598838,300.4919168777885,310.4438188052483,19955800
2023-08-10,303.35943603515625,309.9080531390433,301.5040010830467,305.5423184964393,14358900
2023-08-11,299.2913513183594,302.34735615356055,298.021288729232,300.21410278081095,14046300
2023-08-14,303.805908203125,303.8257415758813,295.9277291848271,298.63648342400137,15641900
2023-08-15,299.5989074707031,304.8377940471984,297.6938440429067,303.75628486098515,11623600
2023-08-16,291.9985656738281,298.735674605063,291.988633847669,297.8625520218376,18547700
2023-08-17,282.8701477050781,293.7447993644436,282.7312535583834,290.76815881578875,23950100
2023-08-18,281.0445251464844,283.4655289505489,272.2435946407065,276.85738220141786,35347900
2023-08-21,287.6427307128906,288.23806495812437,279.65542295254005,281.2429708465109,20181500
2023-08-22,285.36065673828125,290.6193770623764,284.51726906518275,290.2720962228701,12980200
2023-08-23,291.94891357421875,295.08431211507826,285.43009337789294,286.25361732465876,18287000
2023-08-24,284.5172424316406,297.1282684826556,284.40811347284574,296.17575192971134,18360900
2023-08-25,283.2769470214844,286.14445849769015,273.8806842050553,283.9020463553259,23701400
2023-08-28,287.9999084472656,289.1806449684755,283.5746143089688,285.75749618346293,14239300
2023-08-29,295.66973876953125,296.8207102483981,285.9361251901025,286.3330045979978,20844500
2023-08-30,292.8022155761719,295.9673791248622,291.14520567590415,294.8561048281346,17717000
2023-08-31,293.5860595703125,298.7554832952353,293.3578395703433,293.4967337112294,17229900
2023-09-01,294.0722961425781,299.39054694781646,292.17716437490265,297.03900536445764,12842300
2023-09-05,297.81292724609375,299.0432927883047,293.20907155898277,294.70729361157686,14956000
2023-09-06,296.840576171875,300.9383931826944,293.35789651003546,299.3607770852688,15418100
2023-09-07,296.3444519042969,304.6591765120229,289.9446620146728,295.67965546312854,33748700
2023-09-08,295.57049560546875,302.87317246953774,294.4691228690948,296.8901262442369,17548000
2023-09-11,305.1651916503906,306.6336785793563,298.9340918771399,299.06308448116476,19489300
2023-09-12,299.3111267089844,306.2566211780148,297.8922686774997,303.94474677654966,13480400
2023-09-13,302.6847229003906,304.78821119689474,298.97385318032997,300.0057336744894,13210900
2023-09-14,309.2928771972656,310.4339169753038,302.65496466211755,304.3516417282433,19343100
2023-09-15,297.9716491699219,309.5706280070703,296.4237984522829,309.18365018768327,28131100
2023-09-18,300.1942443847656,301.23608694316124,295.48122928524634,295.86820716463995,14234200
2023-09-19,302.694580078125,303.7860209854351,297.4755273722306,300.12475074361265,15924400
2023-09-20,297.3366394042969,305.66129510671567,297.0984875686937,302.67472271647927,19379500
2023-09-21,293.42730712890625,297.9220330401286,290.98644013503247,293.39754193532013,21319600
2023-09-22,296.7512512207031,303.00221551221176,295.947560570074,296.9695394393899,25369600
2023-09-25,298.4876403808594,298.6067314625518,291.41318198492553,293.33807902616303,18987000
2023-09-26,296.6322021484375,297.9617648857279,293.7051898730457,295.3423364379203,19417200
2023-09-27,295.42169189453125,298.9539701789239,284.5569702480841,298.1106127734607,36429800
2023-09-28,301.5932312011719,303.9447725402208,294.38978120306416,296.61232993196177,22167100
2023-09-29,297.8724670410156,308.2212789671032,297.0290793382049,304.9866526085404,25373700
2023-10-02,304.43096923828125,304.7881515825602,299.2813784819107,300.3827209900587,16265600
2023-10-03,298.5967712402344,304.38136336068993,297.30690563751256,301.89092774805414,17362300
2023-10-04,303.20062255859375,304.51035179503504,296.1757635012426,296.4039835330329,16880500
2023-10-05,302.4168395996094,303.82576617835457,297.1680203445175,302.2580817648284,19130000
2023-10-06,312.97393798828125,313.84709082731973,298.56700698401727,299.09287899662587,21803900
2023-10-09,315.881103515625,317.8357654962619,309.392048448092,310.066746421115,22503700
2023-10-10,319.3340148925781,322.1320644548327,315.68267618606524,316.6351927442957,19038000
2023-10-11,325.2674865722656,326.2795335962298,320.4354109332088,320.4949413299151,22036300
2023-10-12,321.635986328125,327.9663143762472,320.1774310246236,325.44608318054617,20530500
2023-10-13,312.23974609375,322.5190659660397,309.9378029362626,321.01091197318266,21341000
2023-10-16,318.6494140625,319.3142105445774,313.0632462556419,316.15897834118726,16536100
2023-10-17,321.4772033691406,321.87408274940765,314.8293601998335,315.70251300439446,16387800
2023-10-18,314.501953125,323.4021105297396,313.1029282837248,318.8875506594912,16851000
2023-10-19,310.3743591308594,319.3836763111059,309.3226150513973,317.3893171227114,18709200
2023-10-20,306.2466735839844,312.84488693381246,304.0836555421976,311.6939459845682,22312300
2023-10-23,311.56500244140625,314.88889377974385,304.86756063676694,307.09010941272055,17796800
2023-10-24,310.1163635253906,315.8712208509296,308.2113302782834,314.31343815660597,19525500
2023-10-25,297.19775390625,308.4593849099364,296.5131240641257,307.5862320515774,42192500
2023-10-26,286.10479736328125,292.703011741462,277.22447353914265,292.703011741462,66684100
2023-10-27,294.4195251464844,296.97942267409155,290.6887926666057,292.18704475335653,29596300
2023-10-30,300.3033752441406,306.9908852950392,296.7214683615975,296.7611653844392,28435100
2023-10-31,298.9241943359375,301.31543285724274,294.5485285219265,300.9483186528854,19434200
2023-11-01,309.42181396484375,310.3048683139882,299.4996780690973,299.4996780690973,20434600
2023-11-02,308.44940185546875,316.3375111890121,305.92917112013004,314.8293273096192,21631800
2023-11-03,312.1504211425781,313.093005944509,308.59827930973705,310.1163649869128,16764300
2023-11-06,313.3410339355469,315.8513330615882,312.0015698372686,313.5196553912785,12887700
2023-11-07,316.3375549316406,318.50057336518654,312.6663524101526,314.59124926347897,14055600
2023-11-08,317.29010009765625,318.82801924162567,312.4282589574089,315.66288535306535,13609700
2023-11-09,318.0540771484375,321.6558175852299,316.3177032404489,316.9329011458724,16103100
2023-11-10,326.2100524902344,326.53749993312164,316.9725463498959,317.44881977593377,19096200
2023-11-13,326.6268005371094,329.7423355253946,323.1639847295043,323.66009153425944,16908900
2023-11-14,333.6913757324219,335.46744667370785,330.73456810569553,331.93516844363756,17179400
2023-11-15,330.119384765625,335.7650826812692,327.45032770758064,335.29874106904697,14531200
2023-11-16,331.5878601074219,331.97480765966105,323.838674437655,326.8053833646593,18932600
2023-11-17,332.4312438964844,332.8876536615673,326.7855462450736,327.68846422988145,14494400
2023-11-20,337.3229064941406,339.2081065446803,331.5879122865215,332.28247401670154,16960500
2023-11-21,334.3561706542969,337.2534175899777,333.28456294277595,335.6956348737611,12027900
2023-11-22,338.8310852050781,340.2499739699929,335.9437393765619,336.56883892334906,10702700
2023-11-24,335.5964050292969,339.1981148354986,334.14775142266285,337.4816047470225,5467500
2023-11-27,332.0939025878906,337.2533951174812,331.59779579004794,333.56235933033327,15684500
2023-11-28,336.3504638671875,336.73744168864545,330.8039937193066,330.8039937193066,12637200
2023-11-29,329.6134033203125,337.2534306439208,328.2044465428384,337.04507424526616,16024500
2023-11-30,324.6026916503906,330.9032544248157,319.88967678227107,329.305804972317,23146400
2023-12-01,322.29083251953125,324.31492648520225,318.2624476796763,322.9456971366447,15276400
2023-12-04,317.5281982421875,318.3616540663768,311.2177340247724,314.81947438356156,19037100
2023-12-05,315.8116760253906,319.37371922485295,312.93426263406553,316.49630583352786,16952100
2023-12-06,314.9782409667969,319.74085446043057,314.5714297293888,319.42333881953283,11294300
2023-12-07,324.0470275878906,325.6841739294483,315.29569659562253,315.29569659562253,15905100
2023-12-08,330.1590576171875,330.57580062992184,320.4849755382466,320.5742711238423,14087400
2023-12-11,322.74725341796875,327.3213740695982,317.50836658058734,326.8351687929006,25802500
2023-12-12,331.61767578125,331.86572921504364,322.0328874658682,322.07258449366407,18485500
2023-12-13,332.133544921875,335.7352848543165,330.04992074802453,331.329854390829,16353300
2023-12-14,330.5758361816406,332.0939218599385,326.08110954354635,331.2505341986713,19607300
2023-12-15,332.31219482421875,336.02306402754414,328.64099236363404,329.40498594080213,31776900
2023-12-18,341.9366455078125,344.8537559101192,334.39581610239355,334.85225615932194,18993900
2023-12-19,347.63201904296875,350.84681240646427,342.43282832170706,342.88923819999513,17729400
2023-12-20,346.5603332519531,352.19609871652887,345.08194481295914,345.9352338964191,16369900
2023-12-21,351.3329162597656,353.6348591200321,346.49090896056947,350.2315736784916,15289600
2023-12-22,350.6383972167969,354.4187288106996,348.4852802675343,352.8113172583685,11772800
2023-12-26,352.06719970703125,354.2004835426875,350.6979701356275,352.22595754428704,9898600
2023-12-27,355.0438232421875,356.20472662149,352.54345556056035,353.297547679764,13207900
2023-12-28,355.5299987792969,359.08211028758853,355.0239601332717,356.8992584473952,11798800
2023-12-29,351.2039489746094,357.1969281361714,349.08062742515625,356.19478262042475,14987100
2024-01-02,343.5936584472656,350.41016108257946,337.3625582064885,348.58449167928967,19042200
2024-01-03,341.78778076171875,345.24069459406553,340.5078168862868,342.2938193292052,15451100
2024-01-04,344.41717529296875,345.43915407584143,340.72613954007755,341.8175805411929,12099900
2024-01-05,349.2096252441406,350.7475443733981,343.5639268458326,344.2882234705981,13920700
2024-01-08,355.86737060546875,356.1848862578455,349.3088222783808,351.9382128171741,13890200
2024-01-09,354.64691162109375,357.8319391849978,352.5930221333329,353.62493279017207,13463900
2024-01-10,367.5853576660156,370.03612636295736,356.28403071762176,357.3655701410914,22117200
2024-01-11,366.7916259765625,369.8773958319146,360.10408551905675,369.2324630283158,17205400
2024-01-12,371.5740966796875,374.124093141166,366.6626570609986,367.277824706656,19310000
2024-01-16,364.59881591796875,372.68535103334375,364.37062615979,370.74062077604117,15306900
2024-01-17,365.501708984375,365.6703986149391,355.8176948238154,363.4478196213952,12724800
2024-01-18,373.20135498046875,373.91575007701977,368.0616951280388,368.59746874048204,16354300
2024-01-19,380.46435546875,381.3672432896038,375.02701349065325,376.0489923907014,21670800
2024-01-22,378.80731201171875,387.3105899434806,378.19214441636774,384.9292833279464,17680500
2024-01-23,382.2007141113281,385.35594628431977,379.10498205560805,381.62521323149974,15506100
2024-01-24,387.6578674316406,393.0654134087709,384.7903555799496,386.96330579643376,15698500
2024-01-25,390.11859130859375,392.41060262725716,382.65715487917475,387.13204853940346,15091100
2024-01-26,391.0711364746094,393.70049681924047,388.5409732796185,391.2794928807982,13163700
2024-01-29,397.8974914550781,399.79262308602887,390.03917661129907,391.9144445908541,18742400
2024-01-30,396.9449768066406,403.1959104756482,396.4588018243719,400.4474896600289,18614700
2024-01-31,387.10223388671875,394.90101835810526,384.0858960218771,385.97109583241945,20180800
2024-02-01,391.70611572265625,397.3815791884309,389.9895751539661,390.8726598643205,29727100
2024-02-02,471.29156494140625,482.1761501937465,449.48272769119956,456.021412191709,84707600
2024-02-05,455.8328552246094,468.2255934429309,455.64433221754496,466.221332864614,40832400
2024-02-06,451.1793518066406,463.48279391079984,449.47274327000224,460.387092444329,21655200
2024-02-07,465.93359375,467.8485587840739,452.6280053703203,454.4338414397377,23066000
2024-02-08,466.34039306640625,466.9257954581502,461.40909025193133,464.6734814817839,18815100
2024-02-09,464.4651184082031,469.9024601255168,463.8301174160843,469.26745913339795,18413100
2024-02-12,465.24896240234375,475.41915205194476,462.947019526659,464.5444992074422,19382000
2024-02-13,456.5373229980469,464.2468421541009,451.54648973334866,453.3126287541774,20916600
2024-02-14,469.5948486328125,470.4183725927847,462.4608304684062,464.2864998480657,16858400
2024-02-15,480.2611389160156,484.8153956241021,468.5430989342173,471.5792700729416,24212300
2024-02-16,469.6345520019531,475.2306210030674,465.5565383292655,474.38723338064216,23324600
2024-02-20,468.0767822265625,472.4722813616275,462.9271910394476,466.0625897590752,18015500
2024-02-21,464.8785095214844,465.8419792197742,458.68053638482485,463.3588130192424,12921800
2024-02-22,482.8565979003906,486.69059163885595,472.8543980185372,477.0062442785985,21625800
2024-02-23,480.770751953125,491.031180902857,479.1020716150301,484.7636721147276,18374300
2024-02-26,478.4961242675781,482.86652048024735,477.3638163849019,480.2144859744723,12101400
2024-02-27,483.7704162597656,483.9889360930162,476.68845187614863,476.74804543866367,10809600
2024-02-28,480.76080322265625,487.7434649649456,479.4993657776015,481.73421522969807,12715500
2024-02-29,486.82965087890625,488.3890863550295,479.36026837522473,485.1510282882917,17732000
2024-03-01,498.9176940917969,500.8545756713837,488.5380785343457,488.7963071827619,16273600
2024-03-04,494.8353576660156,501.023417843007,493.0772871660998,499.61296631053943,12324100
2024-03-05,486.9190368652344,492.24293001218,484.60473958064495,491.6668488599236,15325300
2024-03-06,492.7495422363281,499.58322016092893,490.96167477767403,494.2791810340301,11757900
2024-03-07,508.7410583496094,516.3494513793507,498.0038522883786,499.89105215785645,18586400
2024-03-08,502.5431213378906,520.0444695551262,495.9875573729022,510.7276263527499,18597100
2024-03-11,480.3337097167969,493.97126872640746,472.79482114316187,493.6633585577727,20428300
2024-03-12,496.3848876953125,498.9276472763487,481.46603715056744,489.9385984033987,15448200
2024-03-13,492.2330627441406,497.6066378852909,487.7236245660359,492.0542820577353,12090700
2024-03-14,488.5182189941406,497.97413488615047,484.8729481404794,496.8914781058929,12620000
2024-03-15,480.84027099609375,488.5182008794358,478.05910688483056,485.71721266457956,29153600
2024-03-18,493.6335144042969,494.0705540169501,483.5319824334074,488.5976468076453,11755300
2024-03-19,492.89849853515625,493.28588697301825,478.039241983051,484.88286188860536,10903100
2024-03-20,502.1159973144531,504.7779741854075,491.835714780714,496.13654476437773,11711100
2024-03-21,504.3409729003906,511.5719209963109,502.6027566454652,511.24418672335725,9712500
2024-03-22,506.1487121582031,506.5361006295545,500.9440055787889,503.5860980145008,8120600
2024-03-25,499.6328430175781,503.80457393392254,496.871563696633,502.38421028695126,8380600
2024-03-26,492.5508728027344,506.56584667768334,491.87542863664703,501.7286443250279,11205400
2024-03-27,490.53448486328125,496.52390980676483,484.78349475828026,495.93785600976236,9989700
2024-03-28,482.3102722167969,489.5710772928442,481.8831749511718,489.521395786928,15212800
2024-04-01,488.0413818359375,494.0804273460892,478.5358164738241,483.91933292845414,9247000
2024-04-02,494.0208740234375,494.1798002750776,481.3865249828398,481.8335069600827,11081000
2024-04-03,503.32781982421875,503.8244530380208,495.3916307675297,495.5704114495978,12099200
2024-04-04,507.4796447753906,526.4311529440604,507.1419075498126,512.9425792580104,26476300
2024-04-05,523.7891235351562,527.1264840478417,510.94613579364227,513.3796505682054,19263300
2024-04-08,515.7536010742188,527.9111726495528,515.3960397041614,525.7160926076674,13260600
2024-04-09,513.41943359375,522.3290042268167,503.3278128790067,518.7134999304255,10863800
2024-04-10,516.32958984375,519.0411871916722,502.39403584687636,505.8605555247708,11418500
2024-04-11,519.6372680664062,520.3325667313413,513.8067986443587,517.6010838952341,10369500
2024-04-12,508.4530944824219,516.6872819178756,505.90039240697365,514.2637093320776,11984500
2024-04-15,496.8616638183594,515.0384571853876,493.93151580388917,513.2405867962719,13512900
2024-04-16,496.394775390625,501.3710189374271,493.7625954480659,494.755861747271,9847900
2024-04-17,490.8424377441406,499.7718923893726,483.85977662669706,499.712298834283,12193700
2024-04-18,498.42108154296875,508.76101901000555,495.67968681337135,496.45443341487936,14808700
2024-04-19,477.8306579589844,499.41431669209027,472.52661920207805,499.41431669209027,25215400
2024-04-22,478.4862365722656,488.69701401127566,470.2123104372898,486.4224254546389,17271100
2024-04-23,492.75946044921875,495.4015526749956,485.6774662629057,487.94211241184524,15079200
2024-04-24,490.177001953125,506.565898674962,481.3170517213348,504.6389593020942,37772700
2024-04-25,438.40789794921875,442.7683213792549,411.70889412672494,418.5624257469969,82890700
2024-04-26,440.3050537109375,443.4338366860677,429.05132886461274,438.48735929530994,32691400
2024-04-29,429.7069091796875,436.7988458925218,425.67424998253733,436.60018048581003,21502600
2024-04-30,427.2734069824219,436.65975597546355,426.8264249918601,428.147455924362,18429500
2024-05-01,436.232666015625,446.93013406880516,424.23399111108887,425.71397863682915,20344900
2024-05-02,438.70587158203125,440.9705176340693,429.3691740100177,435.88499880227045,15221300
2024-05-03,448.91668701171875,451.11182764572453,440.8613108178751,442.9272916540199,16489100
2024-05-06,462.5442810058594,463.02105978106573,450.28737750238747,452.5122844958483,15094600
2024-05-07,465.0870056152344,468.3548602507181,458.2036773866879,463.15015450497714,13406800
2024-05-08,469.4176940917969,472.3776084845462,459.8823308455416,460.37896403219986,11683900
2024-05-09,472.21868896484375,472.87421806387255,464.481135815607,466.83517215291295,9437700
2024-05-10,472.99346923828125,474.2847034264408,466.437904971436,473.87746056720033,10750000
2024-05-13,464.8586120605469,470.1626509363038,459.73335385977305,469.5666850409423,14668800
2024-05-14,468.6727600097656,469.3581162552764,456.9819950045203,460.2498499695703,10478600
2024-05-15,478.2974853515625,479.25101255755794,468.02711495824536,471.7816605384409,13100500
2024-05-16,470.04345703125,474.4734165714435,469.5666782594295,471.801527600696,16608200
2024-05-17,468.7323303222656,469.6163216180006,465.2658404350713,467.65958568158874,10807300
2024-05-20,465.6830139160156,470.01367116907085,463.89514652631107,466.78555537893186,11745100
2024-05-21,461.5013427734375,467.53047671083374,459.1572184570371,463.97456625143184,11742200
2024-05-22,464.630126953125,470.53013143312546,462.51446480062907,464.71951728620587,10078600
2024-05-23,462.64361572265625,471.1658279710308,458.4321759489414,469.6958131205523,11747900
2024-05-24,474.9998779296875,476.6189070760728,463.1601286330432,464.47124760813773,12024300
2024-05-28,476.6884460449219,477.6220886169313,471.64263552507384,473.37090944104057,10175800
2024-05-29,471.1658020019531,476.618854768797,470.5102728984341,471.4638000883628,9226200
2024-05-30,463.905029296875,468.55353877845073,461.5807897121286,468.49394522336104,10719600
2024-05-31,463.6865234375,465.9611118987805,451.3998233629331,462.66346029491183,16919800
2024-06-03,474.2747802734375,476.3705882132415,465.0870657511374,467.68941896049296,11279400
2024-06-04,473.77813720703125,475.66536764367015,470.0434761018759,473.7880795710405,7088700
2024-06-05,491.7264709472656,493.3057609159678,480.651556438236,481.18792879186043,15690500
2024-06-06,490.4352111816406,499.4342020437463,487.58454155763394,489.6604646276873,10667300
2024-06-07,489.6405944824219,495.5505416682554,486.8694030600324,492.57074247783544,9380700
2024-06-10,499.2156982421875,499.2752918011658,490.087577609636,490.53452930197295,11220900
2024-06-11,504.0528869628906,504.18201644117164,494.914824216535,496.792112209235,9673700
2024-06-12,505.4136657714844,510.5488663402382,501.0730965012288,510.5289816127229,11983200
2024-06-13,500.70556640625,505.930126725215,497.9839960314029,502.30471065857984,9954600
2024-06-14,501.26239013671875,504.2351956755983,497.8719851588786,499.76105901416054,10243300
2024-06-17,503.7181701660156,507.81448578396373,493.15921302560884,498.78668605391897,11266600
2024-06-18,496.6192321777344,503.09182645286137,492.174921746173,501.66010025060115,13060400
2024-06-20,498.8164978027344,500.77517646661437,493.9148098546325,499.1147614196994,11801200
2024-06-21,491.9363098144531,500.55649337523585,489.5600618320149,500.55649337523585,22359200
2024-06-24,496.04254150390625,504.88143086237153,491.4490995948573,496.33088323813683,13525300
2024-06-25,507.6653747558594,507.77472797570107,492.65215468981233,494.193234056006,12063200
2024-06-26,510.1708068847656,510.85684349537223,501.77931386828664,503.73799238772443,8882300
2024-06-27,516.5737915039062,519.8747168625777,510.94634943596475,511.29431351366713,10121200
2024-06-28,501.32208251953125,518.8805883141397,500.9442616501529,514.1777926036766,15855100
2024-07-01,501.7793884277344,503.6684622749848,490.3355617817053,502.0478560452752,10328200
2024-07-02,506.5716857910156,507.5659383637164,496.57945957224564,497.88192801510917,7739500
2024-07-03,507.0290222167969,508.3414428657344,503.1116647399918,503.45965920114367,6005600
2024-07-05,536.8068237304688,537.7613279468876,508.65956910819915,508.65956910819915,21354100
2024-07-08,526.2777709960938,539.6902282867122,523.6231336593002,539.2328502639116,14917500
2024-07-09,526.953857421875,534.3908471604564,525.1542627135257,530.6823045262751,8753200
2024-07-10,531.6168823242188,535.782802810221,525.3232468812585,527.7392732226358,10983300
2024-07-11,509.7533264160156,532.3825255793723,505.44819561353233,527.8387838594573,16458300
2024-07-12,496.0027770996094,505.16978705228513,491.3894609308073,494.89917130590845,19750500
2024-07-15,493.308349609375,503.76787552831104,490.5343764947893,495.76415462534726,12539200
2024-07-16,486.9750061035156,501.0536270420419,482.9979955675087,498.61769595186473,14075800
2024-07-17,459.3346862792969,476.4159666762798,456.4811865614618,476.4159666762798,28076600
2024-07-18,473.11505126953125,476.48555141727223,461.8700580864728,472.2699305884637,19267200
2024-07-19,474.0496826171875,483.91265093835443,472.975872869739,473.3238673312673,15149400
2024-07-22,484.5986633300781,489.23188362973013,481.1187795736259,483.78336899644364,12023100
2024-07-23,485.88128662109375,492.3737546328562,484.9168604229217,487.024670998181,9455500
2024-07-24,458.6188659667969,473.5624806822974,457.93282927520823,469.5954226900346,17649700
2024-07-25,450.8040466308594,460.88575158232453,440.1058796187656,460.59744019284307,18240500
2024-07-26,463.0234375,467.0700224305545,456.7795325266989,461.5320586336811,14222400
2024-07-29,463.0333251953125,471.23590835425637,462.34728854009927,467.1793714880281,11339600
2024-07-30,460.5278625488281,470.0130408141906,454.07517290776104,464.315962513696,11390400
2024-07-31,472.10089111328125,473.761306103278,464.06734443589716,468.31279159678667,24285800
2024-08-01,494.8792419433594,524.1400864636705,489.2716734818862,518.0055653777843,43083100
2024-08-02,485.3344421386719,498.2696468567978,473.4133337307261,486.1894847459628,24044700
2024-08-05,472.99578857421875,480.7012460328518,448.2090488117456,448.7559059334732,21396200
2024-08-06,491.2502136230469,499.6715335038331,475.8989526100752,476.24694705318433,20955000
2024-08-07,486.1099548339844,507.2179163887547,484.06176673048657,500.2382746300819,20105300
2024-08-08,506.700927734375,507.02901772261134,491.87661869501426,494.6406395475425,16156800
2024-08-09,514.7941284179688,515.3608596163658,502.79349364561364,504.7919205071636,13696600
2024-08-12,512.9846801757812,515.0427904966505,506.17404327864693,513.8894234095668,9767400
2024-08-13,525.5022583007812,528.4452679044376,515.1720196917782,517.0213150020412,13743800
2024-08-14,523.732421875,530.9307997880987,520.1232806846136,525.0249379024076,11444200
2024-08-15,534.24169921875,536.6676776843767,523.6727905580083,528.73350167096,13482100
2024-08-16,524.388671875,530.5927981833395,521.6445250806896,528.842964640351,14776700
2024-08-19,526.238037109375,528.6043024311272,519.7554908387405,523.8418543972291,9879700
2024-08-20,523.7026977539062,528.0376855839605,522.8576072447534,525.3133822500959,7944400
2024-08-21,532.084228515625,536.2999107822917,523.901548516815,524.1203156585808,13423300
2024-08-22,528.8727416992188,541.1020356974973,525.551972227874,533.9136093150988,15708300
2024-08-23,524.96533203125,536.7671046219766,522.0422271868836,533.834047542885,11323900
2024-08-26,518.1248779296875,524.9653402482775,511.99035675969463,524.5676149591942,9584000
2024-08-27,516.1165771484375,520.9983921237546,512.3483810803631,515.9972716734421,6282700
2024-08-28,513.8099365234375,518.0951632087842,509.5048053652055,514.6947753013039,9106100
2024-08-29,515.2415161132812,524.169945083232,512.7161365376401,516.0667627034325,8317400
2024-08-30,518.3137817382812,520.5309454515676,512.2389133705824,518.3535299929398,9157500
2024-09-03,508.81866455078125,522.4697318344816,505.69669716450665,516.6533790353354,12459100
2024-09-04,509.79302978515625,513.6209384157157,501.17287738796614,503.161382437288,8335200
2024-09-05,513.8893432617188,518.6319472042396,508.2121698645864,508.7789010834829,8640900
2024-09-06,497.3947448730469,521.5650538628864,495.3863655135682,518.880559665027,14744500
2024-09-09,501.8887634277344,508.39115339074016,499.19431711601146,503.2508845942156,11047800
2024-09-10,501.8887634277344,511.22477928436297,497.15611148388973,505.23938973469745,9899000
2024-09-11,508.88824462890625,510.17083885199577,492.7515459442201,504.0959706304443,10782500
2024-09-12,522.5791015625,523.6827679826088,512.2587555239991,514.07825463183,11970500
2024-09-13,521.6047973632812,524.5478069237411,514.1379505818885,517.3494277649944,10321400
2024-09-16,530.7208251953125,531.5368365725262,514.9170282546622,522.0227173210484,9527600
2024-09-17,533.7462158203125,539.4984461028365,528.0238099822781,535.02004153394,11690800
2024-09-18,535.3685302734375,541.5885381520158,531.3379773165717,534.4927483047526,10323500
2024-09-19,556.4169311523438,559.3727101138928,543.8973445888765,547.360625106574,15647000
2024-09-20,558.6560668945312,561.790974396656,553.630313904446,557.3125698177632,22066800
2024-09-23,561.7014770507812,571.2255597303479,559.7110746703224,566.7670778356434,12830700
2024-09-24,560.6266479492188,565.0254197663409,551.5304953936857,563.9605473092387,12993000
2024-09-25,565.5827026367188,574.1115828691105,561.0147031201811,561.3431364723867,16543400
2024-09-26,565.1150512695312,574.6291718932196,559.6513458984354,572.967142227921,14400800
2024-09-27,564.6372680664062,568.1006091166316,561.8009692958777,567.3641092966835,9398400
2024-09-30,569.69287109375,571.9221116471715,562.0895207658488,564.9756280044119,12792300
2024-10-01,573.7035522460938,580.2420307996076,567.3641260621707,575.2063156344602,15259300
2024-10-02,570.06103515625,573.2357285129472,566.6077171286033,572.1011848887936,6524700
2024-10-03,579.973388671875,580.5605233296984,566.0007257701127,567.4139551254736,11581000
2024-10-04,593.0801391601562,593.9857454241755,578.6397616460487,580.9287120013399,14169500
2024-10-07,581.9737548828125,600.0565426843976,581.2372550118221,595.3491999625717,12014200
2024-10-08,590.0447998046875,590.7115675395601,583.1579643993507,586.8601441089934,7857400
2024-10-09,587.6762084960938,591.5375936051837,578.8188944511467,591.1394888701676,9529700
2024-10-10,581.0283203125,587.3975714014435,579.7246092000134,584.7503629965945,7740400
2024-10-11,587.118896484375,588.3728595792917,579.9136502956993,582.0234717517561,8587100
2024-10-14,587.5866088867188,597.2201481215791,587.1288552616571,591.3683608695632,8252000
2024-10-15,583.45654296875,587.7756815393129,577.3559556315927,587.3278289153324,9564200
2024-10-16,574.0219116210938,579.2865633156184,571.275208130062,578.6098339851692,11268400
2024-10-17,574.1613159179688,582.162710233978,572.4396375946716,580.5306267288739,8701200
2024-10-18,573.7035522460938,581.1675605388372,572.4894360534232,578.3113382248611,7694300
2024-10-21,572.3997802734375,574.4698153606886,566.37882637357,573.2656610260642,8171900
2024-10-22,579.2169799804688,580.7297050326658,569.3744268963089,571.5339961936412,8544500
2024-10-23,560.98486328125,582.192594507908,559.8005716422192,577.1867042398765,14248400
2024-10-24,565.0552368164062,566.1499335882773,558.8252690153747,564.4083318879617,7184700
2024-10-25,570.4989624023438,578.5003564229931,568.9762757450173,571.1756917804064,11337900
2024-10-28,575.3853759765625,580.9485762210542,571.3647858558778,579.2069744936249,10925100
2024-10-29,590.4329833984375,590.8210656933186,572.6387814957556,577.365987086118,13019100
2024-10-30,588.9598999023438,598.3148129678752,586.5515306527154,598.0958371766848,26864900
2024-10-31,564.856201171875,587.0690948039123,560.3081253081026,582.1925856019707,26838400
2024-11-01,564.4382934570312,570.9170630749317,559.8603921723633,564.886146151507,15303200
2024-11-04,557.9893798828125,565.9609509043612,555.2127905097288,561.3929508469568,12064600
2024-11-05,569.682861328125,570.727810156648,563.9504942499769,564.5774756955396,9775400
2024-11-06,569.3046875,570.25014054464,552.5056907167225,560.0493308752114,18305400
2024-11-07,588.8605346679688,591.9456339468819,572.4496773656942,574.1216080144851,14653700
2024-11-08,586.5118408203125,590.2537459189086,581.7149642470737,588.70123463837,9415700
2024-11-11,580.3713989257812,584.1830360838699,573.7433864354757,583.5460928122134,10209100
2024-11-12,582.0134887695312,596.78223842264,577.5947936518803,585.7156075410013,16287700
2024-11-13,577.2166748046875,582.8296239447234,572.409836177361,579.8141352631666,10757600
2024-11-14,574.3901977539062,577.972957894817,570.2601499390961,574.2309923162492,11053700
2024-11-15,551.4210205078125,569.8222783942981,548.8533847643662,568.47872051752,17712900
2024-11-18,551.7394409179688,557.2130462415905,547.4501271758751,554.3667253091998,14327300
2024-11-19,558.3973388671875,558.7356731812587,547.957629670582,549.2115926112795,9522400
2024-11-20,562.8060302734375,563.632003282894,551.5403488390463,560.2284332256156,9797300
2024-11-21,560.3878173828125,567.2646302971915,546.4151549825543,566.7869532039366,11154700
2024-11-22,556.4567260742188,561.1242213982047,551.9285734744715,560.8455359497274,9164000
2024-11-25,562.3980102539062,569.8421548761189,553.7198868796414,559.402445590544,13599800
2024-11-26,570.7876586914062,574.7286772022924,562.4877149272148,563.2838637168787,10356600
2024-11-27,566.468505859375,572.220736911576,561.3929435568074,572.1312028238776,7200200
2024-11-29,571.5638427734375,575.6839894711363,564.1794683979023,566.2693661906345,7130500
2024-12-02,589.985107421875,591.647076313865,572.8079260678282,574.7286569743601,12522400
2024-12-03,610.7052001953125,611.2525486705784,588.412670496105,592.144674748723,14907200
2024-12-04,610.8345336914062,614.8153379179051,602.1961350667218,610.0184615359037,14697000
2024-12-05,606.0078735351562,616.9252625392952,604.1368903762177,614.1187878008875,8081200
2024-12-06,620.776611328125,626.7676806622193,605.609756240286,607.1721685184903,16935500
2024-12-09,610.6255493164062,623.3939965020669,603.2610368421125,620.9258564568023,11426000
2024-12-10,616.347900390625,622.5878301971734,609.7994606988705,614.5963368840676,10938900
2024-12-11,629.6437377929688,635.3363188855899,618.5472835041938,620.3784192599069,10837200
2024-12-12,627.7628784179688,633.6047040008497,624.2001022233808,628.4694930643976,7474700
2024-12-13,617.3729248046875,628.0514729907906,613.9295681709151,624.2099509122261,8453300
2024-12-16,621.7454223632812,628.6278428855253,616.1080674222911,627.4624746323816,10885600
2024-12-17,616.964599609375,629.842921517428,614.0761642573996,623.6676857660912,12897800
2024-12-18,594.8035888671875,624.8530103874069,593.9370703121472,618.5184399880585,17075500
2024-12-19,593.1900024414062,609.0762755305054,592.6222729689903,607.9507863504745,14958100
2024-12-20,582.9112548828125,600.699869104885,577.6822346553289,588.2199724400746,48989400
2024-12-23,597.452880859375,598.6879766892466,583.907252912156,587.2438414694396,10205800
2024-12-24,605.3212890625,605.5603202398497,596.8851663404314,600.3113609374378,4726100
2024-12-26,600.93896484375,603.8771886834844,596.5466141290761,603.0604581414773,6081400
2024-12-27,597.4130249023438,599.4448507288726,587.4430173370732,597.0145990738104,8084200
2024-12-30,588.8772583007812,594.5544919388965,583.239903719799,586.3972186440706,7025900
2024-12-31,583.170166015625,591.5963188432811,581.5167657457517,589.9031610994577,6019500
2025-01-02,596.8453369140625,602.4926617179121,585.470989976871,587.3633608157467,12682300
2025-01-03,602.2138671875,607.06440151266,594.026683188132,602.3433525630181,11436800
2025-01-06,627.681640625,628.4684617844035,603.1998488847688,609.385054699766,14560800
2025-01-07,615.4208374023438,629.5740132949604,605.7994061067093,629.175648227163,12071500
2025-01-08,608.2794189453125,613.976592361968,600.3811160103171,610.9487626580363,10085800
2025-01-10,613.39892578125,627.3927679278979,594.9529755373284,607.5922670173171,19256600
2025-01-13,605.8989868164062,606.5363830240626,596.058464764125,604.6738608485571,10785000
2025-01-14,591.875244140625,603.0703168610439,586.1980104567526,602.6520122964943,13598000
2025-01-15,614.65380859375,619.9724951874059,604.0762539890142,607.7714496616591,15524300
2025-01-16,608.8571166992188,613.7873477153851,607.2735046849263,609.0563296194044,8355300
2025-01-17,610.3212890625,622.4724872092602,601.2576176946507,621.5561807031561,17280600
2025-01-21,613.9965209960938,619.0163582351468,606.5762805693779,615.3610413311562,11674000
2025-01-22,621.0084228515625,631.1676746458771,616.9546797410454,620.8092099161343,12274000
2025-01-23,633.9066772460938,634.0560413523201,618.6678301446317,624.8529752907019,9910200
2025-01-24,644.902587890625,649.394575431947,631.6657172793263,633.8569381276853,19065300
2025-01-27,657.2430419921875,661.2170877274049,622.601998034938,624.1059736130031,28399200
2025-01-28,671.6353149414062,679.8523469699959,656.8346510497705,663.3385855806857,20950100
2025-01-29,673.7865600585938,678.3283346794067,663.0097923014414,672.3025242132258,21377800
2025-01-30,684.254638671875,707.9495481611209,673.3981724899843,694.0354036840853,29322900
2025-01-31,686.4259033203125,702.4814799874082,682.8403138955325,688.2386375622425,19303900
2025-02-03,694.6727905273438,701.1866331034283,672.551525572571,673.2088612929582,21415700
2025-02-04,701.3759765625,704.8819296826665,688.8462306970774,699.6927275691532,13826300
2025-02-05,702.0532836914062,715.27027526588,696.2167152646796,700.7385512118227,17778200
2025-02-06,709.144775390625,716.0271960756166,700.6887123835558,703.0592064230789,13080700
2025-02-07,711.6646118164062,722.1126813232647,708.9056620031818,713.9354687323457,16427100
2025-02-10,714.533203125,718.3180056858356,708.4874523182466,715.6885408700438,12904300
2025-02-11,716.9235229492188,720.7680830266086,707.2025161364162,710.4694377796111,12998000
2025-02-12,722.4812622070312,724.1943596127884,709.7523040950127,712.4415265910553,12016500
2025-02-13,725.6486206054688,726.086864766196,715.170639811608,718.6367748250889,12569100
2025-02-14,733.72607421875,737.9491204423847,722.7202448085826,723.2381862179419,16901200
2025-02-18,713.5072021484375,734.0547643922138,703.6168921972339,733.0587606413424,21938700
2025-02-19,700.9577026367188,704.1747758653347,692.6111848713654,701.2863401626805,17535500
2025-02-20,692.0632934570312,702.8101523617008,690.8680767624129,694.4935451126314,12587400
2025-02-21,680.818359375,701.057163114329,679.6331124665386,693.7963175740036,15660400
2025-02-24,665.4600219726562,684.5235492434307,659.8027276987779,683.5375152106747,15677000
2025-02-25,654.8724975585938,665.3305374435599,639.2949835590877,663.3086205526677,20579700
2025-02-26,671.0078125,680.2806060030118,655.3705397430182,657.0139704281752,14488700
2025-02-27,655.6095581054688,685.8980689317682,654.9422525540249,679.7228329637242,12500000
2025-02-28,665.5297241210938,666.9540022019403,640.0319914083209,655.41029188353,17534200
2025-03-03,652.4323120117188,678.5276251290609,648.2391746953033,670.9878686638693,10843800
2025-03-04,637.4424438476562,647.1534810781478,621.1578057314852,642.9304346142569,21495200
2025-03-05,653.8466186523438,656.8645394995948,635.1117886533837,638.4384682626843,13770000
2025-03-06,625.420654296875,647.9602249904791,621.6159125135576,645.4104577126469,13446500
2025-03-07,623.1597290039062,632.2532488274342,598.2098452417057,622.8709097782997,21375700
2025-03-10,595.600341796875,607.6719037832956,584.5247836759429,605.6400777825496,21999900
2025-03-11,603.28955078125,612.4726776603288,590.9590175004934,592.6721150475107,17401500
2025-03-12,617.0841674804688,630.7991604950519,606.9149458816227,627.3828744482781,15747000
2025-03-13,588.27978515625,618.0204483888988,584.1662839966624,617.7714474024408,16480300
2025-03-14,605.7103271484375,606.9664182577417,592.9302511563588,600.9252674163599,12364500
2025-03-17,603.0187377929688,611.1931864721827,596.1401729971761,605.5707735579393,15473900
2025-03-18,580.5487670898438,598.3831413748485,572.8727029614505,598.1837512328132,20297700
2025-03-19,582.2435302734375,590.4778508331983,572.9824447250121,582.4628776976826,20537500
2025-03-20,584.177490234375,608.3022383482739,577.7076844207866,580.9475766447827,24336500
2025-03-21,594.3956298828125,595.6815960079244,579.1432258888485,581.6055148479699,25015900
2025-03-24,616.9253540039062,620.6038805487033,610.2960719913144,613.0574159247302,15741300
2025-03-25,624.3621826171875,631.9086473292332,619.2481319746062,624.81079529283,15312500
2025-03-26,609.079833984375,624.8008087872727,604.7234295430264,622.9466079863333,12609800
2025-03-27,600.7059326171875,612.3396207064936,598.2336042918504,600.1277194388429,10436500
2025-03-28,574.9462890625,599.8785159717515,572.1350521556752,598.4429920373162,17602800
2025-03-31,574.5674438476562,576.9001929680891,551.57916536005,561.7474544327795,21124700
2025-04-01,584.177490234375,588.0753030303752,568.2272515931634,569.0646658937729,12836600
2025-04-02,582.1138916015625,590.8167206530089,571.5767584264657,573.121925548239,13470800
2025-04-03,529.9666748046875,550.8415545424743,528.6507726588703,544.5212449573834,34777500
2025-04-04,503.1602783203125,516.3889970810194,492.6630283031205,505.0443845169023,38589800
2025-04-07,514.6444091796875,537.6924987241373,480.40123514295635,483.591294981514,36606100
2025-04-08,508.86248779296875,545.7274587202911,501.29606629091035,541.5604660254379,28034200
2025-04-09,583.9482421875,586.06164400195,500.54839536763654,507.68613102008703,39216600
2025-04-10,544.5910034179688,579.4921312343394,533.6351923102783,573.7002029040485,28173500
2025-04-11,541.8794555664062,545.6975609575977,526.9460641882466,533.844525327306,17642300
2025-04-14,529.8270263671875,556.0353008675298,526.6370273527008,554.4402405149555,14130900
2025-04-15,519.8980712890625,536.2669873917704,515.8905541802854,530.4551018896253,15558700
2025-04-16,500.7477722167969,511.77337227474317,494.0885548667942,506.92850187672303,18735100
2025-04-17,499.92041015625,505.72228685828065,496.4612006254759,503.67867451915555,14593500
2025-04-21,483.1526794433594,491.9651828161341,478.3077785405203,489.8019182716785,16166000
2025-04-22,498.7240905761719,505.30357016721007,484.84736943102456,490.3402426542842,17399400
2025-04-23,518.6519775390625,533.6751170758674,514.9136400551463,526.8862986388891,18173900
2025-04-24,531.4918823242188,532.2395497601927,515.8905308220942,517.1166859465856,13910000
2025-04-25,545.5679931640625,548.1499041120835,534.5822462279478,545.09942323875,17098900
2025-04-28,548.0302734375,556.7530605327843,538.9087668679174,553.9119485027396,15179000
2025-04-29,552.7156372070312,554.8390175563454,542.4277261633298,544.3018840382675,11835000
2025-04-30,547.2925415039062,547.392206153298,527.8531889368276,536.725533164549,29244000
2025-05-01,570.430419921875,591.1059077397648,568.7257162038675,590.238618351305,31159000
2025-05-02,595.163330078125,602.4605727044257,576.5314522041982,581.6455031396575,24739300
2025-05-05,597.40625,601.3339987723356,586.2211133050413,589.3812373579714,13887700
2025-05-06,585.4834594726562,594.1763718529379,584.7557492481277,590.6872568767368,10600700
2025-05-07,594.9539184570312,601.2044382274429,584.8454392543059,588.5239657880628,13139100
2025-05-08,596.1502075195312,609.3988539126512,594.7645157959997,604.4044252029665,14622800
2025-05-09,590.6472778320312,605.0822238866388,589.8697353618245,601.8423317625629,10427300
2025-05-12,637.4412841796875,638.3983203620691,619.0985470240091,628.9577416253547,21965100
2025-05-13,653.9896850585938,658.864430238976,640.8307267174667,643.5322593011751,18570800
2025-05-14,657.309326171875,660.6090293889421,652.2750442210183,659.1536090398383,12348200
2025-05-15,641.8775024414062,655.2657270968772,636.5939979037247,652.2451822041022,14341800
2025-05-16,638.3485107421875,638.448175394899,624.2026405076157,635.9759078924747,18519000
2025-05-19,638.438232421875,641.0002469311114,625.8475073073743,626.2961199602966,9592400
2025-05-20,635.11865234375,637.361655047461,630.293738378937,634.0320762184551,6743500
2025-05-21,633.5235595703125,644.5989922480402,628.2101191307713,629.8250759728282,11464600
2025-05-22,634.5902709960938,641.2494888568199,628.7485102321639,632.0780887398586,8228400
2025-05-23,625.1097412109375,630.4829920563529,620.7134837844421,622.0592607315479,8454100
2025-05-27,640.3223266601562,641.0799727179783,630.7820830337338,633.4337833907804,9508400
2025-05-28,641.5784301757812,648.8557144048555,640.5516043549418,640.6014366817531,9042900
2025-05-29,643.0438842773438,651.288184072806,637.5111569296643,649.6233948044612,8858800
2025-05-30,645.4762573242188,647.3902689717587,630.8120452521741,640.501786260345,16241000
2025-06-02,668.8134765625,671.166122188044,642.256314296396,642.3859148545713,15766300
2025-06-03,664.7760620117188,673.4789529536675,662.9617757833167,669.3617924489035,11585000
2025-06-04,685.8104248046875,686.857147039673,666.4906935079915,667.238360939457,14031900
2025-06-05,682.4907836914062,692.2204392102127,680.1281594087234,689.5088669424362,13083100
2025-06-06,695.5401611328125,700.6242759213419,689.71829661582,694.0049115535481,11728000
2025-06-09,691.9014282226562,702.9968181048444,691.7818062976731,696.2877682898165,12773200
2025-06-10,700.2155151367188,701.0428899746662,689.4092014623567,699.1687320280228,10850100
2025-06-11,691.981201171875,706.6653705943312,689.8378634515371,701.5214452489874,9582500
2025-06-12,691.2036743164062,693.2174116991354,684.8634681659612,691.1438633468866,7322700
2025-06-13,680.7462158203125,692.409840070813,678.8920151692206,685.8104336581752,9274400
2025-06-16,700.4749145507812,705.4931583928874,691.8851025594383,697.6914734952734,13720300
2025-06-17,695.5963745117188,704.3158869977019,694.4291328649981,700.3552179138009,10066100
2025-06-18,694.1397705078125,699.9461410540869,693.2718138640435,696.5440968778995,10068300
2025-06-20,680.7511596679688,700.1755711266569,677.0797895921414,699.10807093925,22538600
2025-06-23,696.8934326171875,697.4121728945754,677.1597462532054,682.0881746874048,11080100
2025-06-24,710.5313110351562,711.5189816994163,700.4649253469852,703.2384409706419,13823200
2025-06-25,707.01953125,714.9010456370576,703.7272754411318,711.6486741856498,9320400
2025-06-26,724.3887939453125,726.5137473228667,709.3839937767193,712.6862359929024,13964800
2025-06-27,731.9110717773438,733.7068421056694,724.1592578043636,724.8177454897765,18775700
2025-06-30,736.3606567382812,746.1476691378697,732.5296271967599,742.8054817668852,15402100
2025-07-01,717.5348510742188,736.0214648412638,713.6938959127618,735.1535081071979,13431200
2025-07-02,711.8981323242188,718.6123446328994,711.1299169276585,713.6540184351263,9336700
2025-07-03,717.3253784179688,727.3219211703462,712.7461059372963,724.9075473573512,8601700
2025-07-07,716.6668701171875,725.29662738586,711.8382444141125,715.9186273791692,9457100
2025-07-08,718.9813842773438,721.2161260005597,713.1351294314046,719.8792998482032,7770700
2025-07-09,731.0631713867188,735.8020424329438,721.0266828828768,721.0266828828768,11418000
2025-07-10,725.5360717773438,734.0760133186282,717.9139576323801,729.8359710403425,9913600
2025-07-11,715.828857421875,723.4608966552098,708.0371589748221,720.8071559255932,10873900
2025-07-14,719.2308959960938,726.294324886829,714.8711396040657,715.9186673172987,8939400
2025-07-15,708.7255249023438,722.7724907094275,708.1568531421487,722.2038798413794,11529500
2025-07-16,701.2630004882812,712.2970836136572,697.6315755690009,711.6985138171127,13067600
2025-07-17,699.7665405273438,704.2460714207873,695.4766277838654,702.7395996705828,11803300
2025-07-18,702.6298828125,703.0588680042227,690.0294703606638,700.5447529444856,12779800
2025-07-21,711.2994384765625,715.3200251684316,704.1063709182977,705.1439122135475,9404400
2025-07-22,703.1586303710938,714.9209845240272,699.7665722015134,714.5119719450398,8921100
2025-07-23,711.9081420898438,712.955669824656,703.2783841619789,704.7150127643985,8771600
2025-07-24,713.1251831054688,721.9245248031309,712.3270697155897,715.3699112663372,10920800
2025-07-25,711.0101318359375,718.9614892126135,710.2319910963464,715.2401874661052,8271700
2025-07-28,715.9486083984375,723.0419351595109,711.0101939967738,713.5243091595448,8715700
2025-07-29,698.35986328125,722.7724995594365,698.270047363426,718.3130022321428,13267000
2025-07-30,693.5811157226562,706.8399547738821,689.5805015781577,706.4309422136296,27077300
2025-07-31,771.6278076171875,782.9113054874113,763.7163951695271,773.3836936232736,38831100
2025-08-01,748.2527465820312,764.2052724882252,743.5637464392476,758.9476005405788,19028700
2025-08-04,774.5509643554688,775.029820232538,756.6330226185955,758.2193240496142,15801700
2025-08-05,761.6712036132812,781.2950989411861,761.212259491104,774.6307577641016,11640300
2025-08-06,770.1812133789062,771.827371776558,758.6782598971715,768.1958857027562,9733900
2025-08-07,760.0449829101562,773.1841074016191,757.7702959207965,771.6776357205837,9019700
2025-08-08,767.4974975585938,768.0961282780016,756.8026440305783,760.9628565603988,7320800
2025-08-11,764.0755615234375,771.6478049440495,762.8783609453131,768.2757194135389,7612000
2025-08-12,788.1489868164062,791.8103707559926,770.6201469797736,771.1888187456735,14563100
2025-08-13,778.2523193359375,793.5962894533881,776.4066172801486,789.2963900548351,8811800
2025-08-14,780.2974243164062,785.9641084064921,770.6999694623344,776.0573823379099,8116200
2025-08-15,783.3901977539062,794.3843975355859,778.9905571139482,782.3127720209482,13375400
2025-08-18,765.572021484375,773.9922487170201,754.7873521125813,773.2739649293972,16513700
2025-08-19,749.71923828125,765.3724785334582,747.604210382002,765.3226078635242,12286700
2025-08-20,745.968017578125,748.4422481947564,729.2872227778392,745.8184055724877,11898200
2025-08-21,737.3682250976562,743.7532539146816,731.392269728463,742.965126847803,8876300
2025-08-22,753.021484375,755.1265868650723,732.6693186706706,737.4979443181139,10612700
2025-08-25,751.5349731445312,757.1019160115399,748.3724176422635,753.0514312038815,6861200
2025-08-26,752.3331298828125,753.1013452690629,746.187589469264,749.0408739151204,7601800
2025-08-27,745.62890625,752.3830637406979,741.0995653139147,750.5373617239242,8315400
2025-08-28,749.3501586914062,751.2856157691724,739.0643171271723,742.2568318080029,7468000
2025-08-29,736.96923828125,745.3894657992533,733.6270507950396,743.5338383928589,9070500
2025-09-02,733.3876342773438,734.2755636355303,720.0389785344453,724.3388778368966,9350900
2025-09-03,735.3231201171875,738.5156348712184,732.2702919649562,734.2755923879996,7699300
2025-09-04,746.8959350585938,759.3765729399474,744.0725487076684,746.8161054490425,11439100
2025-09-05,750.68701171875,756.1741251448537,743.2844139282448,750.8565963566639,9663400
2025-09-08,750.5372924804688,764.71401930554,750.2579802053917,754.2286352813065,13087800
2025-09-09,763.9059448242188,764.5045146420852,751.6646744655906,755.715159278882,10999000
2025-09-10,750.2180786132812,763.9059640843684,749.2403942554,763.3372922969834,12478300
2025-09-11,749.1406860351562,755.3261108896929,746.6165845282627,752.8818998869256,7923300
2025-09-12,753.8196411132812,755.7949823874058,742.0173423532742,746.9756681630587,8248600
2025-09-15,762.9083251953125,772.2563664766384,750.2280827190908,755.6952236302711,10533800
2025-09-16,777.1748046875,779.5292605984961,763.3073480005289,765.2029206615051,11782500
2025-09-17,773.9024658203125,781.4547366857648,764.5145401578408,778.16248073438,9400900
2025-09-18,778.4218139648438,786.9318567440129,771.5479431530769,778.9206424262118,10955000
2025-09-19,776.5562744140625,788.9471575257752,767.3878039844694,784.5774149162842,23696800
2025-09-22,763.8824462890625,784.4181095052566,763.1935958899483,780.5445827585347,11706900
2025-09-23,754.1387939453125,769.3133669851754,749.8160063356215,767.9656453445465,10872600
2025-09-24,759.3899536132812,759.8392144671293,751.2735837511626,756.2352564498105,8828200
2025-09-25,747.6595458984375,755.5064686568031,743.3068402529434,752.1920046258563,10591100
2025-09-26,742.5081787109375,750.6745134518627,736.1188402620083,748.7477432379202,9696300
2025-09-29,742.1588134765625,749.5264964028529,737.9159094495395,747.4698773667765,9246800
2025-09-30,733.15380859375,741.729431724798,725.0872827303901,741.0106631587118,16226800
2025-10-01,716.142333984375,720.6447527663656,709.0142405229949,720.2853684573676,20419600
2025-10-02,725.8360595703125,726.5548890984803,716.9409630753169,721.3735522103992,11415300
2025-10-03,709.3735961914062,729.7794705550638,708.9942257916973,728.4117628788885,16154300
2025-10-06,714.465087890625,715.6830826309072,689.3571155710283,704.0125981338592,21654700
2025-10-07,711.889404296875,717.3003375901077,704.5716259627259,716.5216106896504,12062900
2025-10-08,716.6414794921875,718.4484549738279,706.6281969142439,712.2587946669486,10790600
2025-10-09,732.2852783203125,732.2852783203125,711.2504512938121,717.0807271377935,12717200
2025-10-10,704.1223754882812,734.0423674154782,703.333716456913,729.6995938834806,16980100
2025-10-13,714.5050048828125,718.7379155876384,706.4584651360833,711.8194939498104,9251800
2025-10-14,707.4668579101562,714.3553010671379,698.1624113283383,706.5983153422467,8829800
2025-10-15,716.3519287109375,722.6913629779451,708.3253746524584,715.8627565899488,10246800
2025-10-16,710.881103515625,724.2786798244232,702.7047754671785,716.3519343648386,9017000
2025-10-17,715.7229614257812,717.3402516818879,704.9410060739878,705.8994251244851,12232400
2025-10-20,730.947509765625,732.5448748734839,718.9775387090459,719.9858621042338,8900200
2025-10-21,732.0457153320312,737.2669635645257,727.5332426508437,734.7911237948646,7647300
2025-10-22,732.1854248046875,739.3634223567747,722.8211423130082,732.6047674176828,8734500
2025-10-23,732.7744750976562,741.170406509876,731.8759534115667,733.4733185275871,9856000
2025-10-24,737.1271362304688,739.9724141089259,729.9292138570585,735.5597503675807,9151300
2025-10-27,749.56640625,754.4881675999588,746.7611003830549,748.4781993498117,11321100
2025-10-28,750.1853637695312,757.1337649704751,744.2752651341964,751.3733793283152,12193800
2025-10-29,750.4149780273438,757.8924628078227,741.2702985772319,753.4898526523095,26818600
2025-10-30,665.357177734375,679.8230352249238,649.0844057389726,668.0327566076506,88440100
2025-10-31,647.2674560546875,673.7631824593219,644.4921293755289,673.383812052831,56953200
2025-11-03,636.645263671875,658.2291607688485,635.1177890022415,654.90470367213,33003600
2025-11-04,626.2725830078125,640.6684891460408,624.9647727272926,626.9913515895119,27356600
2025-11-05,634.88818359375,641.1576663615418,625.4938610947797,631.2542465797685,20219900
2025-11-06,617.9065551757812,634.938067569805,616.9681222612256,634.7882936522686,23628800
2025-11-07,620.6719360351562,621.0912176885568,600.1961723842201,615.4606203242017,29946800
2025-11-10,630.7051391601562,633.9397194755629,617.0779066438014,630.0362749426478,19245000
2025-11-11,626.0330200195312,628.5088598168925,618.3558571038752,626.9514668906089,13302200
2025-11-12,607.9931640625,627.939784558569,606.7552442025384,627.0812350986922,24493300
2025-11-13,608.8717041015625,616.6187572691151,601.993193452889,612.0463872625083,20973800
2025-11-14,608.4424438476562,612.6553687237855,594.2062431482154,600.7852061056304,20724100
2025-11-17,601.0048217773438,610.6686515784111,594.4058732487083,608.0230519623859,16501300
2025-11-18,596.6920776367188,602.6520806612418,582.8053290854997,590.612218909938,25500600
2025-11-19,589.3343505859375,594.3359951431619,580.2794874440681,592.7286370493186,24744700
2025-11-20,588.1663818359375,605.7069934113463,582.376016746667,602.4923987587222,20603000
2025-11-21,593.2578125,597.1213460929463,580.88848479756,587.517412968027,21052600
2025-11-24,612.0264282226562,615.6703584886146,596.6321908004635,597.7203367937327,23554900
2025-11-25,635.15771484375,635.9863461070595,617.2676517847817,622.9581470454041,25213000
2025-11-26,632.5521240234375,637.2941935276676,630.575449286631,636.6253292062765,15209500
2025-11-28,646.8681640625,646.9679727244463,634.4389389877349,635.0179876534709,11033200
2025-12-01,639.7999877929688,644.2425701847634,636.6951949252638,638.482184375183,13029900
2025-12-02,646.01953125,646.7882651016448,637.0046400682228,641.2675300698932,11640900
2025-12-03,638.5321044921875,647.766660764867,636.4855393427306,643.3340713166507,11134300
2025-12-04,660.4254760742188,674.9710950003275,658.9479057878542,674.8712863431018,29874600
2025-12-05,672.2955932617188,673.5634922785046,661.2840414153883,662.8913386215002,21207900
2025-12-08,665.6866455078125,675.5801331063639,663.9595535520253,668.2224435191038,13161000
2025-12-09,655.8630981445312,663.3705005924867,652.2491473204041,662.6617250742562,12997100
2025-12-10,649.0444946289062,653.4171862971667,642.3257510862366,648.8648024836247,16910900
2025-12-11,651.6202392578125,654.1859556266841,639.7300904007725,642.2159232785478,13056700
2025-12-12,643.1543579101562,709.8128965395189,637.543746077992,648.7150654102267,14016900
2025-12-15,646.9561157226562,652.4414097008485,638.1536544261938,645.1476664750544,15549100
2025-12-16,656.587890625,661.973233609148,642.6498114209788,642.9495426008936,14309100
2025-12-17,648.9443969726562,660.664343241777,648.644665798819,655.0491556477624,15598500
2025-12-18,663.881591796875,669.9863502083882,655.8984367998282,656.4679564970005,20260300
2025-12-19,658.2064819335938,670.4260003995075,657.6169598101359,665.8499012351181,49977100
2025-12-22,660.9341430664062,673.0038267300547,656.0883162216827,661.0840391473547,15659400
2025-12-23,664.3711547851562,665.4302455294139,657.6868755551602,659.4853234816244,8486800
2025-12-24,666.9789428710938,667.6084088263418,661.633543835896,661.9632786179176,5627500
2025-12-26,662.7225952148438,668.3777877623371,660.7543096382171,667.4885344385556,7133800
2025-12-29,658.1265258789062,659.6851889371151,653.8302165118,657.4471149030659,8506500
2025-12-30,665.3803100585938,671.6449047754843,657.2772625792347,658.1265110341435,9187500
