Date,Close,High,Low,Open,Volume
2011-01-03,67.33124542236328,67.33124542236328,66.94580011292761,66.97961318674594,239500
2011-01-04,67.52731323242188,67.55436264495832,67.15539025898072,67.35825827343005,228400
2011-01-05,67.22303771972656,67.43942792959504,67.15541158733366,67.43942792959504,258400
2011-01-06,67.03365325927734,67.19594969279738,67.03365325927734,67.15537300484408,141500
2011-01-07,67.09453582763672,67.10129947084788,66.81052472254551,67.01338758654717,185200
2011-01-10,66.99308013916016,67.11479988183564,66.91869556535033,66.99308013916016,174700
2011-01-11,66.97955322265625,67.04041051006531,66.79697104213686,66.95250381964796,182600
2011-01-12,66.56709289550781,66.93225228413098,66.43860945530278,66.93225228413098,219700
2011-01-13,65.80294799804688,66.45211839593625,65.74885433425021,66.43859626977401,472800
2011-01-14,65.09288024902344,65.72176449121044,64.81562782135804,65.69471509637884,772500
2011-01-18,65.84351348876953,65.97875536396563,64.9509036986935,64.9847115879191,643600
2011-01-19,65.95167541503906,66.08692238674946,65.6068020861081,65.90434026472653,357200
2011-01-20,65.92466735839844,66.08020018360529,65.72856299581053,66.07343654099256,289800
2011-01-21,66.49945068359375,66.54002737861086,65.8638075986639,65.8638075986639,347100
2011-01-24,66.83084106445312,66.87817627028824,66.33043442088136,66.43186847885674,412600
2011-01-25,66.75641632080078,67.11481197236849,66.45211432971973,66.6752680913497,385000
2011-01-26,67.25679779052734,67.2703250710445,66.95925952890053,67.0404077345658,619500
2011-01-27,67.16886138916016,67.26353167431586,67.02009232416015,67.24324592166015,272400
2011-01-28,67.30415344238281,67.337966494823,67.06071391042641,67.30415344238281,316900
2011-01-31,66.94573974609375,67.48671748446809,66.67525087690657,67.48671748446809,255500
2011-02-01,67.27608489990234,67.27608489990234,66.9301386717253,66.9301386717253,201300
2011-02-02,67.06585693359375,67.26935091071559,66.95053798717312,67.26935091071559,116100
2011-02-03,66.9776611328125,67.20150913050117,66.90982981765771,66.90982981765771,121900
2011-02-04,66.81488037109375,67.09977506565374,66.78774680372631,67.09977506565374,154700
2011-02-07,66.85551452636719,67.01831577567829,66.27894100017357,66.93691515102275,868200
2011-02-08,66.8283920288086,67.0251063561729,66.71307833955203,66.76734543162385,220800
2011-02-09,67.01834106445312,67.0726029928382,66.88267330550086,67.05225412279431,167700
2011-02-10,67.28968811035156,67.35752459948179,66.88269505155782,67.14724079853363,208700
2011-02-11,68.36821746826172,68.82947759645346,67.48639496062555,67.68989405475602,623500
2011-02-14,67.66278076171875,68.34110437837758,67.5881647498704,68.30040661744157,428700
2011-02-15,67.56777954101562,67.83232519526149,67.56099485944131,67.79840696258557,261800
2011-02-16,67.43212127685547,67.75771356052343,67.39820304200853,67.50673207816584,206900
2011-02-17,67.83233642578125,67.96121952105314,67.37107633107807,67.68310445761308,185200
2011-02-18,67.96117401123047,68.02900526719412,67.6830591340285,67.70340799329828,174700
2011-02-22,67.64238739013672,68.16469395433468,67.59490497520963,67.96797961386673,209900
2011-02-23,67.83233642578125,68.06974856823217,67.6356220291229,68.06974856823217,249800
2011-02-24,68.17826080322266,68.3614057754218,67.76448327045229,67.7848321367861,188800
2011-02-25,68.28681945800781,68.41570256766194,67.92730886286434,68.239337024219,126600
2011-02-28,68.4835205078125,68.51065406113749,68.2935908097338,68.4428227654231,158200
2011-03-01,68.35149383544922,68.62364894275011,68.3106723861785,68.45355264955292,174600
2011-03-02,68.17462158203125,68.5556409726286,68.17462158203125,68.5556409726286,75200
2011-03-03,68.24943542480469,68.35149423951171,67.98408562112259,68.20180867006499,126600
2011-03-04,68.02494812011719,68.29029806367541,67.87526247176544,68.25627671053012,188900
2011-03-07,67.58943939208984,68.14055473917115,67.58263927996035,68.14055473917115,223000
2011-03-08,67.84803009033203,68.00451581888895,67.56906959631463,67.56906959631463,128600
2011-03-09,67.99773406982422,68.08618232329415,67.83443779905382,67.96371271568125,123300
2011-03-10,68.05897521972656,68.11340731713463,67.75280375593458,68.03175917102253,143100
2011-03-11,67.97049713134766,68.0317293208671,67.75277402817585,67.88204371413745,115500
2011-03-14,67.90245819091797,68.08615994649804,67.90245819091797,68.03853318090853,64100
2011-03-15,68.05897521972656,68.1474286757473,67.82084128222941,67.82084128222941,138600
2011-03-16,68.30390167236328,68.51481952164701,68.04535704450161,68.33792302460303,146700
2011-03-17,68.21544647216797,68.31070001961676,68.03854480222206,68.03854480222206,132700
2011-03-18,68.20182037353516,68.29027378389247,68.09296142584716,68.09976154131478,90700
2011-03-21,68.20182037353516,68.24264702098002,68.0453346629347,68.0453346629347,80400
2011-03-22,67.94330596923828,68.18143988943287,67.92969535040994,68.03855953731612,106500
2011-03-23,68.0385513305664,68.1133941523044,67.97051381742175,68.07937280026731,110800
2011-03-24,67.94330596923828,68.1065970586674,67.90248449461353,67.98412744386303,87400
2011-03-25,67.91608428955078,68.07257524751651,67.90927898070105,68.03855389419753,64400
2011-03-28,67.94330596923828,68.09979174925323,67.91608992251174,67.91608992251174,74000
2011-03-29,67.82763671875,68.03855457684068,67.7527938934411,68.03855457684068,133300
2011-03-30,67.766357421875,67.95686442635504,67.75275200338066,67.83439489619978,122000
2011-03-31,67.66429901123047,67.82078987492794,67.66429901123047,67.77996842827929,93600
2011-04-01,68.02945709228516,68.48671643765664,67.66774432036748,67.85201122434333,567200
2011-04-04,67.97486877441406,68.24786126083713,67.89979571047525,68.07724160768504,67900
2011-04-05,67.97486877441406,68.0158210318616,67.7701283147707,67.97486877441406,77500
2011-04-06,67.70184326171875,68.11133439504492,67.70184326171875,68.11133439504492,105100
2011-04-07,68.0499267578125,68.1318260476593,67.83836010099672,67.83836010099672,212600
2011-04-08,67.93392181396484,68.10454146734322,67.91344828866322,68.10454146734322,70700
2011-04-11,67.98854064941406,68.00901418052656,67.81792094760989,67.99536168851817,64100
2011-04-12,68.10450744628906,68.13180720202006,67.91341436306804,67.91341436306804,106400
2011-04-13,68.10450744628906,68.1249809613633,68.02260817909605,68.04990793482706,60900
2011-04-14,68.2069091796875,68.2069091796875,68.0567630628839,68.06358930643813,71800
2011-04-15,68.50717163085938,68.52082411307026,68.14545895571581,68.20688471187215,174600
2011-04-18,68.60272979736328,68.60272979736328,68.26149058084718,68.35704235181713,87100
2011-04-19,68.75971221923828,68.77335949886704,68.55496657652105,68.63003963172417,340300
2011-04-20,68.79385375976562,68.82797456998972,68.66418114297623,68.71878068761379,67600
2011-04-21,68.86200714111328,68.89612790503537,68.7118612005582,68.7118612005582,105500
2011-04-25,68.98490905761719,69.09410288000018,68.78016348116665,68.82793675475227,132300
2011-04-26,69.13510131835938,69.23746896809463,69.01907597049312,69.16239588702226,60000
2011-04-27,69.2306137084961,69.27156074814997,69.1350671447056,69.26473450590859,73500
2011-04-28,69.40121459960938,69.4558089021254,69.23059503786928,69.26471582607981,155000
2011-04-29,69.53772735595703,69.54455359824124,69.29203470269799,69.32616070722177,93000
2011-05-02,69.626708984375,69.64040313116115,69.4761047064477,69.55140684541135,107000
2011-05-03,69.59929656982422,69.6882928180523,69.51715261488694,69.68144574754602,93000
2011-05-04,69.82524871826172,69.8937037998985,69.6404194755636,69.66095547777584,86000
2011-05-05,69.99635314941406,70.07165526744653,69.92789810287145,69.9347451743613,140000
2011-05-06,69.98955535888672,70.07855168256286,69.90056425799953,70.00324951150871,76100
2011-05-09,70.05796813964844,70.14696440957213,69.975824164686,70.05796813964844,222800
2011-05-10,70.0648422241211,70.2291354601722,69.99638714433212,69.99638714433212,167400
2011-05-11,70.22227478027344,70.35233783016388,70.07167051144476,70.16750864201094,52200
2011-05-12,70.6124496459961,70.61929671657757,70.19486712786428,70.19486712786428,167300
2011-05-13,70.70834350585938,70.76310966813233,70.61250533327608,70.67411334874161,81600
2011-05-16,70.66039276123047,70.75623089087493,70.51663556676378,70.72200074909347,74000
2011-05-17,71.05747985839844,71.05747985839844,70.61936095278863,70.61936095278863,158000
2011-05-18,70.92050170898438,71.18063816977457,70.85204666980238,71.18063816977457,106600
2011-05-19,70.68096160888672,70.87263795726462,70.65357852729149,70.85210195176538,80200
2011-05-20,70.53721618652344,70.85896092078295,70.523522032033,70.82473075734653,85300
2011-05-23,70.7289047241211,70.76313489344106,70.44139010387931,70.47561505040873,192400
2011-05-24,70.87946319580078,70.92738226813165,70.40711432369127,70.73570597880814,98000
2011-05-25,70.59881591796875,70.90687168433081,70.55089682846209,70.90687168433081,121100
2011-05-26,70.71516418457031,70.8110023213782,70.51664083752921,70.51664083752921,80900
2011-05-27,70.88627624511719,70.9136540823476,70.54399582910558,70.7698969343569,483900
2011-05-31,71.16014099121094,71.1669880662015,70.7220222019978,70.94108159660438,366100
2011-06-01,71.10936737060547,71.33594091030407,71.08190343504715,71.10936737060547,92600
2011-06-02,71.23978424072266,71.26724816258975,71.00634352395608,71.07500070952007,77700
2011-06-03,71.26727294921875,71.39085802149961,71.19174844736882,71.2810022958236,137000
2011-06-06,71.1368408203125,71.36341439031403,71.1368408203125,71.33595045108257,86200
2011-06-07,71.1368408203125,71.30161921749053,71.1162441754416,71.1162441754416,84000
2011-06-08,71.23292541503906,71.28098597446547,71.1299370053516,71.26725663100424,59500
2011-06-09,71.14368438720703,71.32219207536046,71.06129259699149,71.28099879935722,144300
2011-06-10,70.90335083007812,71.17112274250466,70.85529027927483,71.02693585188761,130800
2011-06-13,70.77295684814453,71.04759101798689,70.73175831783097,70.99953043113031,150100
2011-06-14,70.8553237915039,71.00637280495751,70.71800936375135,70.75920264443519,57000
2011-06-15,70.8141098022461,70.99262269668858,70.75918195192408,70.95829148068529,58900
2011-06-16,71.10247039794922,71.10933768852482,70.81410705226905,70.81410705226905,64700
2011-06-17,71.09556579589844,71.10242784415928,70.8895891075679,70.9307823499521,48400
2011-06-20,71.11621856689453,71.18487577114473,70.93770564527685,70.93770564527685,47700
2011-06-21,71.30848693847656,71.31535423287822,71.03385278272957,71.1780345358993,136000
2011-06-22,71.23978424072266,71.3976952436991,71.17112705515866,71.3427726381724,60800
2011-06-23,71.19175720214844,71.39086680076466,71.13682933255569,71.13682933255569,108300
2011-06-24,71.32215118408203,71.37021172460085,71.1985661887185,71.2466267292373,84100
2011-06-27,71.36341094970703,71.3908748876144,71.23295855419968,71.24668790404809,55900
2011-06-28,71.22602081298828,71.40453361372008,71.15736365523155,71.37706970297631,172600
2011-06-29,70.9788818359375,71.24664853480951,70.9788818359375,71.15052742435329,52100
2011-06-30,71.06815338134766,71.11621394502022,70.88964047133162,70.95143037967837,84300
2011-07-01,70.85128021240234,71.07852340747824,70.7204422660813,71.0716358172266,117000
2011-07-05,70.9132080078125,71.04404060817564,69.83208826318223,69.83208826318223,160800
2011-07-06,70.97518920898438,71.04404931029774,70.85812651138275,70.98895912777145,80700
2011-07-07,70.82372283935547,71.00276337904648,70.76175029889961,70.94078558489952,191700
2011-07-08,70.83748626708984,71.03029669922432,70.83748626708984,70.84436860131589,141900
2011-07-11,71.34700012207031,71.37454519791434,70.89940183355534,70.90628941593786,70100
2011-07-12,71.37458038330078,71.47787315521443,71.19553992889637,71.34703529387791,93100
2011-07-13,71.54673767089844,71.56050758961605,71.39524229656004,71.47787756993252,65400
2011-07-14,71.4571762084961,71.60867150099322,71.34011357472508,71.60867150099322,43000
2011-07-15,71.50540924072266,71.52607199697259,71.38146422535313,71.40900405964302,41500
2011-07-18,71.40899658203125,71.56049192320347,71.3814567506252,71.51917692240661,90300
2011-07-19,71.6500473022461,71.66381722420257,71.40214667750804,71.41591659946452,134600
2011-07-20,71.89793395996094,71.92547379852397,71.57428569310932,71.67069088914735,291100
2011-07-21,71.9461441040039,72.15272443702854,71.69135591421484,72.01500421501211,252400
2011-07-22,72.11136627197266,72.25597399466807,71.76706066926361,71.84280832215453,144700
2011-07-25,71.78772735595703,72.24909566177224,71.65000719871546,72.03562784194165,146000
2011-07-26,71.73262023925781,71.96675075566189,71.60867002555824,71.96675075566189,94200
2011-07-27,71.49849700927734,71.8841175723345,71.49849700927734,71.81525750802946,195000
2011-07-28,71.36077117919922,71.75327932232977,71.36077117919922,71.49849656063124,97000
2011-07-29,71.4571762084961,71.59490158971444,71.29191100472019,71.29191100472019,126100
2011-08-01,71.44131469726562,71.76586046774196,71.28939920740368,71.69680940914783,326300
2011-08-02,71.60015869140625,71.93851266940112,71.48276606094055,71.6415882855355,526700
2011-08-03,72.25613403320312,72.35280657450672,71.74514984799005,71.91087345190216,263800
2011-08-04,72.449462890625,72.49779915045181,72.18706680417336,72.33207558365379,131900
2011-08-05,72.48399353027344,72.55304457978224,72.29754990151653,72.34588616299844,132000
2011-08-08,71.46896362304688,72.25615758352107,71.46896362304688,72.20782129711512,392800
2011-08-09,71.6346664428711,71.79348863386743,71.39989176812533,71.43441466650988,180300
2011-08-10,72.36663818359375,72.44259595208118,71.53800941871094,71.80041089830738,170500
2011-08-11,71.80726623535156,72.44945087699566,71.65535079587029,71.95918167483283,102700
2011-08-12,72.26304626464844,72.40805508773029,71.4896606066198,72.0766025862155,140100
2011-08-15,72.52544403076172,72.71188771330979,71.94540872563192,72.50472923675835,127100
2011-08-16,72.73953247070312,72.82930363762397,72.36665549580151,72.42189321206706,126500
2011-08-17,72.9052505493164,72.93287203745949,72.4426024765052,72.67737722333112,79000
2011-08-18,73.2021255493164,73.2297470188147,72.6704214809233,72.6704214809233,128700
2011-08-19,73.03642272949219,73.29882414899893,72.93284876732741,73.1054790619467,137000
2011-08-22,73.1400375366211,73.20218721240924,72.92597755301306,73.06407974858062,61100
2011-08-23,73.07096862792969,73.18145457206185,72.9604879520573,72.9604879520573,68300
2011-08-24,73.02952575683594,73.11238493161216,72.68426514657817,72.93975462648326,84200
2011-08-25,73.24360656738281,73.32647103408355,72.6842859048687,72.94668214703056,146900
2011-08-26,73.38861846923828,73.41623995928131,73.19527330719755,73.39552515881417,526000
2011-08-29,73.3333740234375,73.4991029603833,72.99501999662893,73.43004660252566,132400
2011-08-30,73.34716033935547,73.56812690549256,73.34025365246599,73.50597726000419,96600
2011-08-31,73.8788833618164,73.8788833618164,73.3540908891813,73.51981455063132,210600
2011-09-01,73.5721435546875,74.09147633272059,73.28823910022483,74.06377795060767,261200
2011-09-02,73.11507415771484,73.80751735019062,73.09430170720815,73.22586760431368,146000
2011-09-06,73.3851318359375,73.76597242190499,73.1358518641046,73.1358518641046,96700
2011-09-07,73.32975006103516,73.72444254974218,73.15663922769131,73.27435332646353,509100
2011-09-08,73.57906341552734,73.59290996398116,73.30901081580906,73.30901081580906,70600
2011-09-09,73.48899841308594,73.6828869559721,73.38513615447876,73.6828869559721,91400
2011-09-12,73.6898193359375,73.73829015865805,73.48901013240283,73.69674524858999,90400
2011-09-13,73.57906341552734,73.82834355110204,73.50982010740677,73.82834355110204,111000
2011-09-14,73.60674285888672,73.7729278122076,73.57211857227118,73.57211857227118,61400
2011-09-15,73.49594116210938,73.61365527078017,73.30898377086305,73.46824279249441,88800
2011-09-16,73.37825775146484,73.46827352817904,73.32978690509165,73.43365451387021,75200
2011-09-19,73.55826568603516,73.69675225470978,73.41284792112566,73.5374879461024,88300
2011-09-20,73.6343994140625,73.7936636573789,73.44744209470322,73.7936636573789,130700
2011-09-21,73.74523162841797,73.91141658667158,73.46825317604558,73.66906242194246,131300
2011-09-22,74.13988494873047,74.4307097924125,74.02217088575276,74.07756760347937,180100
2011-09-23,74.26454162597656,74.40302816852015,74.12605508343296,74.12605508343296,85400
2011-09-26,74.16763305664062,74.36844233090407,74.04299299961247,74.36844233090407,169600
2011-09-27,74.13988494873047,74.17450921804004,73.98062070599691,74.16758330759377,116000
2011-09-28,73.78675079345703,74.22299342063226,73.78675079345703,74.22299342063226,111600
2011-09-29,73.85599517822266,73.95293680481011,73.75904826871276,73.82137090461752,224500
2011-09-30,73.8490982055664,74.0845264529849,73.73830471295217,73.86987066470046,207100
2011-10-03,74.00047302246094,74.15323828889774,73.83382241258778,74.15323828889774,258200
2011-10-04,73.83382415771484,74.1254640563179,73.60467625264353,74.1254640563179,150200
2011-10-05,73.32695007324219,74.06994074875804,73.09780207949714,73.93106606646201,157000
2011-10-06,73.09774780273438,73.42410889130193,72.9380425664517,73.25051301846605,183900
2011-10-07,73.29218292236328,73.32689891985439,72.91026986588024,73.16024835780989,117600
2011-10-10,73.26441192626953,73.30607324518134,73.09081603383538,73.13247735274719,108800
2011-10-11,72.84088897705078,73.31307034991234,72.70200898636799,73.15335968505963,160100
2011-10-12,73.17413330078125,73.17413330078125,72.84777749704912,73.11164132700036,151700
2011-10-13,73.67411804199219,73.67411804199219,73.14638488551654,73.21582750173982,136400
2011-10-14,73.3338394165039,73.54215657865637,73.3338394165039,73.51438060385435,99200
2011-10-17,73.21576690673828,73.618505139788,73.09771773549551,73.33381078025762,65600
2011-10-18,73.4518814086914,73.50048803888812,73.26440020585423,73.41022009644433,154000
2011-10-19,73.37551879882812,73.65327331752096,73.25747485014489,73.65327331752096,112400
2011-10-20,73.50747680664062,73.5144221286956,73.36860215191221,73.50053148458565,83300
2011-10-21,73.69489288330078,73.69489288330078,73.38936785381279,73.68795286511782,54300
2011-10-24,73.57688903808594,73.81992224983009,73.3408011460278,73.81992224983009,315900
2011-10-25,73.59080505371094,73.69495839628304,73.36860242667625,73.63941171282076,94400
2011-10-26,73.76435089111328,73.77129091074929,73.54908843472421,73.54908843472421,73800
2011-10-27,73.54914093017578,73.84078089479232,73.46581825327317,73.84078089479232,115200
2011-10-28,73.54222106933594,73.65331976824328,73.39639574931671,73.65331976824328,75900
2011-10-31,73.45881652832031,73.70184964556344,73.32688199422064,73.47270186456652,372300
2011-11-01,73.92051696777344,73.97621791480773,73.56539620416818,73.87177000640132,62200
2011-11-02,73.9552993774414,73.96226398515928,73.63499648412845,73.85781611914786,133200
2011-11-03,73.83692169189453,73.94136954953656,73.82299247757496,73.87869870997586,121700
2011-11-04,73.84391784667969,74.5054123736186,73.81606471857981,74.35222282528976,142700
2011-11-07,73.77426147460938,73.98315721997098,73.73944905867543,73.89263856361534,111900
2011-11-08,73.60719299316406,73.87875444042251,73.59326908077969,73.8091242536152,148700
2011-11-09,73.78820037841797,73.91353677960215,73.74642334883663,73.74642334883663,75300
2011-11-10,73.89265441894531,74.00406161125413,73.76035339766551,74.00406161125413,86200
2011-11-11,73.90660858154297,73.92749710662463,73.77430750610205,73.8578669188715,124900
2011-11-14,73.85089874267578,73.9066050151673,73.73252689796323,73.87875187892153,98000
2011-11-15,73.6906967163086,73.86477470799649,73.62802587683281,73.84388619898414,158700
2011-11-16,73.73248291015625,73.75337142176812,73.60018192002852,73.7464121261904,206900
2011-11-17,73.80213928222656,73.80910389271887,73.6419904279925,73.79517998417553,133000
2011-11-18,73.89265441894531,73.89265441894531,73.72553566182116,73.8369481665706,139100
2011-11-21,74.03887939453125,74.05280330141353,73.82301899455108,73.98317314212085,125800
2011-11-22,74.1224136352539,74.1224136352539,73.85781697573684,74.02493037582977,162900
2011-11-23,74.1850814819336,74.1850814819336,73.88566710796513,74.15026375678697,93400
2011-11-25,74.1085205078125,74.18511528808813,73.9901486882743,74.18511528808813,62700
2011-11-28,73.97618103027344,74.50537960655045,73.85780927223897,74.40093175022176,103500
2011-11-29,73.9622802734375,73.96924488268914,73.81605535379492,73.81605535379492,193400
2011-11-30,73.92745208740234,73.99708223275317,73.85085733378456,73.87174584614586,208400
2011-12-01,73.9190673828125,73.98889351075617,73.81432552720095,73.96096199410029,160800
2011-12-02,74.17742156982422,74.17742156982422,73.92604327559866,73.9330221584333,160200
2011-12-05,74.13557434082031,74.22635315612253,74.03083242253058,74.17049008938197,142000
2011-12-06,74.54058074951172,74.54756496537453,74.21239186010479,74.21239186010479,214000
2011-12-07,74.78494262695312,74.81985836374265,74.54054845160688,74.54054845160688,173000
2011-12-08,74.72907257080078,74.83381444395296,74.68019374031549,74.82683555916432,252000
2011-12-09,74.84083557128906,74.85479867514658,74.63833593728359,74.84781978691562,126200
2011-12-12,74.86870574951172,74.91758456404897,74.71508509599717,74.88965305182893,177900
2011-12-13,74.7918930053711,74.88965063128592,74.71508268109643,74.8547349102916,163800
2011-12-14,74.92457580566406,75.01534923335487,74.77793402089868,74.85474435486465,182800
2011-12-15,75.00138854980469,75.06423046467351,74.88267827606596,75.05724625389078,189200
2011-12-16,75.14106750488281,75.14106750488281,74.9455521526191,74.98046256415546,229400
2011-12-19,75.2038803100586,75.23181182490401,74.99440193980557,75.18293300577247,186400
2011-12-20,75.25279998779297,75.26676841649571,75.15504229645221,75.24582110083621,144900
2011-12-21,75.35755920410156,75.37152763601304,75.18997531293472,75.31566456315882,244200
2011-12-22,75.6787338256836,75.68571803886552,75.28770312579573,75.40640811291973,163300
2011-12-23,75.58794403076172,75.70664899223581,75.42733912664362,75.66475437698438,113500
2011-12-27,75.88123321533203,75.88123321533203,75.62922869607723,75.74122773759998,190600
2011-12-28,75.87422180175781,76.02122352888362,75.74121795026494,76.02122352888362,170400
2011-12-29,76.46926879882812,76.53926889354229,75.88826320610218,75.94426007747458,124400
2011-12-30,75.7762680053711,76.70028325379612,75.7762680053711,76.70028325379612,170200
2012-01-03,75.85325622558594,76.14725981126183,75.58025213307766,75.94425580953383,418700
2012-01-04,75.986328125,76.21732809719475,75.79032021850752,76.21732809719475,158500
2012-01-05,76.33625793457031,76.63026148944815,75.88124938116563,76.04925064957239,173500
2012-01-06,77.39326477050781,77.4282674795299,76.46225359408504,76.46225359408504,504300
2012-01-09,77.65229034423828,77.87629385225412,77.28128503477438,77.40728734182484,283900
2012-01-10,77.02230072021484,77.59631020659066,76.70029591963001,77.59631020659066,432900
2012-01-11,77.23226928710938,77.44226953056392,76.8262613395012,77.0922637841425,276800
2012-01-12,77.28129577636719,77.56130153547218,77.08529334719339,77.31629315833928,348100
2012-01-13,77.47731018066406,77.61031413844618,77.15530537715628,77.28130772119553,316000
2012-01-17,77.5403060913086,77.65931215829481,77.34430363838958,77.37930636526781,367300
2012-01-18,77.57527160644531,77.61727058601986,77.33727026797126,77.57527160644531,751000
2012-01-19,77.68030548095703,78.18431480019318,77.53330365295747,77.62430325867172,644900
2012-01-20,77.37227630615234,77.77128267880619,77.2182729095729,77.71528047265652,784500
2012-01-23,77.53330993652344,77.65231066302456,77.36530325605163,77.52630832300386,539800
2012-01-24,77.75031280517578,78.0793192158077,77.28130616650176,77.62431046367135,1346400
2012-01-25,78.2682876586914,78.4712916437857,77.7922796034582,78.12128587789846,275000
2012-01-26,79.01728057861328,79.1572860553378,78.28227185329524,78.53427637073654,461600
2012-01-27,78.8773422241211,79.19934706180715,78.49233353739481,79.13634855343395,293600
2012-01-30,78.92625427246094,79.5562653525241,78.8352547489311,79.4232615298827,205700
2012-01-31,78.45028686523438,79.08029826950504,78.40828788517094,78.85629480806034,270400
2012-02-01,79.02643585205078,79.11065030284054,78.54221212966375,78.87204536931358,137600
2012-02-02,79.43346405029297,79.43346405029297,78.66151163935506,78.94924032962973,251600
2012-02-03,78.89315032958984,79.77036469997068,78.84402653901218,79.77036469997068,313900
2012-02-06,78.24050903320312,78.86508528775127,78.06506614475495,78.7387661939049,274600
2012-02-07,78.47203063964844,78.67554486600237,78.05798833209533,78.11412594129584,151300
2012-02-08,78.85103607177734,78.85805528502422,78.3527790130681,78.54225493800617,189500
2012-02-09,78.59838104248047,78.92119517927131,78.59838104248047,78.90014289814644,129500
2012-02-10,79.01246643066406,79.04053793877404,78.62649524086065,78.8019381509784,228100
2012-02-13,79.95980072021484,79.95980072021484,78.851001098996,79.10363912292152,632300
2012-02-14,79.77031707763672,79.99488360822586,79.65803648938635,79.8545315343908,390500
2012-02-15,79.6440200805664,79.75630605393738,79.37032971308703,79.55279174276991,450400
2012-02-16,79.53176879882812,79.8194923420689,79.37737820553664,79.65106867397449,825800
2012-02-17,79.48261260986328,79.73525068607903,79.42646962535096,79.73525068607903,296600
2012-02-21,79.65106201171875,79.86860945456485,79.58088593539014,79.63000972422931,142400
2012-02-22,79.84051513671875,79.84051513671875,79.53173941829527,79.65103924937003,384100
2012-02-23,78.21240997314453,79.74929084779363,77.72117220019696,79.74929084779363,553500
2012-02-24,77.47550201416016,78.36674862754724,77.22286408275711,78.22639660080627,430600
2012-02-27,77.37030029296875,77.6018861502561,77.18783822170377,77.22292893490165,539000
2012-02-28,77.51058197021484,77.58076333280648,77.33513927190826,77.33513927190826,538100
2012-02-29,77.60888671875,77.77731568834629,77.45450152775538,77.51765837578634,324400
2012-03-01,77.53578186035156,77.74686145946859,77.36692140184424,77.52874981023093,509400
2012-03-02,77.4653549194336,77.57793203701299,77.2753877434839,77.38092744922147,541500
2012-03-05,77.53578186035156,77.56392616476565,77.28952590669981,77.34581451552798,774600
2012-03-06,77.43717193603516,77.54974899734721,77.33866969137196,77.38088877334886,390500
2012-03-07,77.2331771850586,77.50054518490356,77.21910772779081,77.49350777228317,353600
2012-03-08,77.12767028808594,77.36688872259563,77.01509311798144,77.35985130747036,263900
2012-03-09,77.02916717529297,77.35985053121317,76.97991600586018,77.12063209910389,431900
2012-03-12,77.14872741699219,77.32462510587362,77.02911827686596,77.02911827686596,133500
2012-03-13,76.95169067382812,77.26126682653673,76.8039373211326,77.26126682653673,302000
2012-03-14,76.23406982421875,77.0291309442114,76.19889350144064,77.0291309442114,478300
2012-03-15,75.63601684570312,76.54364969200822,75.46011913210846,76.31146342174995,570900
2012-03-16,75.93154907226562,75.9737681878478,75.50235807833592,75.6712238047166,287300
2012-03-19,75.71343994140625,75.94562629652565,75.46718412596486,75.64308190384789,364700
2012-03-20,75.63601684570312,75.98781227289244,75.5867657006155,75.71341226912254,344000
2012-03-21,76.10743713378906,76.17076311509534,75.57974388412116,75.80489278926052,228000
2012-03-22,76.5154800415039,76.52251745074635,75.87520999970322,76.01593134469974,172200
2012-03-23,76.55064392089844,76.9094711892749,76.37474630652869,76.49435539598751,204800
2012-03-26,76.80400085449219,76.92361004352585,76.56477710845118,76.56477710845118,172400
2012-03-27,77.00093841552734,77.03611471626358,76.69839431575701,76.84614766197477,212800
2012-03-28,77.07838439941406,77.1839187388821,76.9306255882138,77.03616529565434,134300
2012-03-29,77.01500701904297,77.12054665603415,76.87429108170066,77.12054665603415,160500
2012-03-30,76.97286987304688,77.21912569232046,76.69846976471712,76.96583245878927,183000
2012-04-02,76.92346954345703,77.18444419635308,76.91642010132053,77.12096154834981,271000
2012-04-03,76.38738250732422,76.93754006439208,76.35211378956313,76.90227134663098,313400
2012-04-04,76.42265319824219,76.56372270161133,76.33096205699073,76.43676283920476,205500
2012-04-05,76.14756774902344,76.61308899764583,76.14051292915771,76.50023340479767,246200
2012-04-09,76.65544891357422,77.02221902763272,76.57786199653715,76.7471400967754,179800
2012-04-10,76.81769561767578,77.00813285252536,76.74715812652293,76.81769561767578,243100
2012-04-11,76.95162963867188,77.05743039051521,76.79645592013495,77.05743039051521,125400
2012-04-12,76.58490753173828,76.9446227784602,76.50026580125794,76.9023046038466,191400
2012-04-13,76.81060791015625,76.82471217359584,76.48615603851817,76.6695383694966,202200
2012-04-16,76.77536010742188,77.1632947234148,76.76125584013768,76.88116094644305,235700
2012-04-17,77.0504150390625,77.14916102302966,76.76123190923086,76.83881880824111,263600
2012-04-18,77.12097930908203,77.16330287791571,76.92348725870741,77.01518384013475,164600
2012-04-19,77.4806900024414,77.579436014827,76.99401476461364,77.05749203775262,274000
2012-04-20,77.47366333007812,77.58651903167255,77.26206696147264,77.38197210847468,228200
2012-04-23,77.24085998535156,77.68521692712093,77.20559125515045,77.40308322927018,223700
2012-04-24,77.51588439941406,77.51588439941406,77.30428292938083,77.5088295820799,188000
2012-04-25,77.57939147949219,77.61466019849237,77.29725787124366,77.60760537844214,446600
2012-04-26,77.58650970458984,77.68525574098616,77.48070884237796,77.61472362659671,160300
2012-04-27,77.7275619506836,77.77693496127027,77.27615003067544,77.56533865072214,181500
2012-04-30,77.64287567138672,77.7134077295659,77.522970634357,77.57939305214968,185800
2012-05-01,77.63365173339844,77.73970431625962,77.57708675965061,77.72556576998906,166800
2012-05-02,77.80339813232422,77.93773869459113,77.4074538153313,77.82460866440073,173000
2012-05-03,78.0296401977539,78.10741573236604,77.61248002171283,77.75389253661483,197200
2012-05-04,78.62356567382812,78.74376767398579,77.83167707610141,77.98722816332244,452700
2012-05-07,78.5245590209961,78.75081361738818,78.31951495015092,78.31951495015092,270700
2012-05-08,78.58822631835938,78.7154949150875,78.41853665416758,78.52458932282673,277500
2012-05-09,78.41142272949219,78.65888781453623,78.38314023486798,78.51040876350982,315400
2012-05-10,78.28423309326172,78.52462644832708,78.12868191323604,78.23474002637535,223700
2012-05-11,78.41142272949219,78.53161928589441,78.28415420085035,78.39727878501294,260000
2012-05-14,77.71854400634766,78.5104379673872,77.42865776870416,78.5104379673872,383800
2012-05-15,78.38321685791016,78.55997857635315,78.1428181157711,78.1428181157711,258300
2012-05-16,78.34077453613281,78.44682722297966,77.9943177779728,78.40440614824092,240700
2012-05-17,78.43267822265625,78.44681678090781,78.17106904313465,78.31248159733715,210200
2012-05-18,78.4609603881836,78.47509894637292,78.2064231860767,78.24884425498206,117500
2012-05-21,78.40438842773438,78.41853237900928,78.3054023461575,78.40438842773438,164100
2012-05-22,78.3548812866211,78.47507787914351,78.19225824224567,78.47507787914351,149400
2012-05-23,78.39022064208984,78.41143116675674,78.27001867841933,78.41143116675674,288900
2012-05-24,78.3125,78.3832035965472,78.14280489508033,78.2912894604697,303600
2012-05-25,78.36904907226562,78.44682463628081,78.1993593845679,78.31248943925833,179300
2012-05-29,78.37610626220703,78.37610626220703,78.19227265518757,78.20641660652431,204900
2012-05-30,78.43975067138672,78.43975067138672,78.24884507064787,78.35490313835419,149200
2012-05-31,78.57405090332031,78.59526682289392,78.25588223607117,78.41850525345885,183600
2012-06-01,78.70022583007812,78.83489113018302,78.58682233370003,78.73566036716403,280400
2012-06-04,78.61518096923828,78.68605545778365,78.45217018632162,78.68605545778365,236200
2012-06-05,78.1899185180664,78.59390899864034,78.18282944791567,78.54429632233744,219200
2012-06-06,78.15444946289062,78.43086902204442,78.11192587257811,78.43086902204442,122900
2012-06-07,78.1403579711914,78.23249431511296,77.98443076810894,78.23249431511296,193200
2012-06-08,78.25374603271484,78.25374603271484,78.11199160010327,78.15451522619739,128000
2012-06-11,77.99151611328125,78.22540690671983,77.92772525717095,78.21831783217878,205900
2012-06-12,77.7434310913086,78.02692910604233,77.65128936987992,77.97731641272613,453700
2012-06-13,78.09075164794922,78.16162618040643,77.75054632182233,77.7647244727419,120700
2012-06-14,78.20408630371094,78.21117537341323,77.91349933442716,78.00563561105356,96200
2012-06-15,78.23957061767578,78.24665969139856,78.09073251377063,78.13325614134956,78200
2012-06-18,77.93473815917969,78.2253304501659,77.61580041249287,78.05522527171699,848700
2012-06-19,77.93473815917969,78.02687440864217,77.78590018356756,77.78590018356756,95000
2012-06-20,77.73634338378906,77.99149592743235,77.65129073344859,77.9560559712793,503800
2012-06-21,77.8355484008789,77.91351195810836,77.63709767606821,77.91351195810836,138900
2012-06-22,77.81429290771484,77.92769101364368,77.73632934416128,77.81429290771484,92600
2012-06-25,78.03402709960938,78.03402709960938,77.69382728008546,77.90645081544325,134100
2012-06-26,78.0623550415039,78.0623550415039,77.7930298129267,77.9914805505496,145900
2012-06-27,77.96312713623047,78.0694415728916,77.84972362849142,77.92768718821779,180700
2012-06-28,78.06942749023438,78.14030196609806,77.73631150556157,77.97728580497328,165900
2012-06-29,78.01277160644531,78.1757878633993,77.81432079441721,78.02694434699914,163000
2012-07-02,77.63762664794922,78.44050849930254,77.58078982033607,78.44050849930254,1013700
2012-07-03,77.58078002929688,77.83656469398798,77.5097245173914,77.59498787921328,167700
2012-07-05,77.7725830078125,77.8010041164299,77.46706286614084,77.49548397475823,101900
2012-07-06,78.06387329101562,78.06387329101562,77.6588820937795,77.75835323550271,153900
2012-07-09,78.17046356201172,78.19178345792889,77.96442002175951,78.02836344719532,127300
2012-07-10,78.44762420654297,78.56840993275338,78.02131271511078,78.16341835251345,188000
2012-07-11,78.26284790039062,78.78151829349908,78.1846911966445,78.36942571647835,256700
2012-07-12,78.44049835205078,78.54707619879792,78.26997704972003,78.54707619879792,123700
2012-07-13,78.50442504882812,78.61810950662937,78.44758824070081,78.59679502598496,110900
2012-07-16,78.60386657714844,78.78860104097761,78.48308095189412,78.7530733061281,85800
2012-07-17,78.78152465820312,78.79573792590864,78.65363235272011,78.71047458199553,128900
2012-07-18,79.03736114501953,79.05157442205387,78.73184073810377,78.7531552328784,197900
2012-07-19,79.27174377441406,79.39252939176293,78.7317536805173,78.98043696664497,168000
2012-07-20,79.385498046875,79.41391375297717,78.94497871143196,79.12260668883671,197300
2012-07-23,79.32862091064453,79.46361442798518,79.26467204809514,79.38546313940549,126400
2012-07-24,79.44231414794922,79.44231414794922,79.17232164423264,79.17232164423264,103100
2012-07-25,79.59859466552734,79.59859466552734,79.40675896449486,79.52043797453618,120700
2012-07-26,79.64834594726562,79.68387369409022,79.40677461533231,79.57729587438953,147600
2012-07-27,79.31439208984375,79.64122670996836,79.27176313701904,79.64122670996836,145100
2012-07-30,79.4991455078125,79.4991455078125,79.24336088844206,79.24336088844206,102900
2012-07-31,79.62699890136719,79.66252663366153,79.4138433491429,79.54173559632329,156700
2012-08-01,79.44973754882812,79.83433928515865,79.44973754882812,79.72750848835373,438600
2012-08-02,79.44973754882812,79.57081607448463,79.29304513495902,79.54232605069785,251500
2012-08-03,79.39981079101562,79.47815149440048,79.30721693753168,79.47815149440048,66700
2012-08-06,79.49240112304688,79.52801498046082,79.34283270294935,79.399812701247,215700
2012-08-07,79.28585052490234,79.49952279568829,79.24311824430977,79.49952279568829,144900
2012-08-08,79.34283447265625,79.42829903809724,79.21463219058292,79.33571061423221,82200
2012-08-09,79.34996795654297,79.4567986763032,79.20039408105364,79.39982410373524,96800
2012-08-10,79.37847137451172,79.37847137451172,79.25026904644496,79.25739290742472,326000
2012-08-13,79.2716064453125,79.42117485790679,79.2431164475929,79.38556100227945,64800
2012-08-14,79.26449584960938,79.33571813886927,79.08643740950349,79.33571813886927,172300
2012-08-15,79.05793762207031,79.30009446236481,79.05793762207031,79.30009446236481,101500
2012-08-16,78.96533966064453,79.17900647616452,78.8941119548935,79.05792807064542,195100
2012-08-17,79.02953338623047,79.14349350574133,78.93694486456609,78.93694486456609,145600
2012-08-20,78.98673248291016,79.1363009344762,78.70183786539313,79.08644478395418,189300
2012-08-21,79.05082702636719,79.15766318191427,78.80154628603239,78.9867285933865,267600
2012-08-22,79.07931518554688,79.12917133245092,78.96536060715727,79.08643904479388,131800
2012-08-23,79.15765380859375,79.27161381005962,79.05081766569748,79.05081766569748,159900
2012-08-24,79.23603820800781,79.27165208413903,79.17905817976367,79.17905817976367,103600
2012-08-27,79.46390533447266,79.50663761312671,79.23599079179877,79.23599079179877,127500
2012-08-28,79.31439208984375,79.54230679103637,79.30726822714286,79.52806449954969,100100
2012-08-29,79.45677185058594,79.57073182507236,79.41403957710887,79.48526184420754,95200
2012-08-30,79.47811126708984,79.54933894415272,79.4353790079792,79.52084896010935,119100
2012-08-31,79.50663757324219,79.59210756441877,79.45678143686702,79.51376143098474,119500
2012-09-04,79.39169311523438,79.62729927366578,79.39169311523438,79.62729927366578,237500
2012-09-05,79.5773696899414,79.60592852422279,79.44171658886505,79.48455756380746,110800
2012-09-06,79.34882354736328,79.56301186253631,79.34882354736328,79.56301186253631,177500
2012-09-07,79.38458251953125,79.60590661549938,79.3488826247445,79.47025355175676,140600
2012-09-10,79.28461456298828,79.4916564836101,79.277473495955,79.44167990845342,123900
2012-09-11,79.38458251953125,79.40600027758762,79.28462935057537,79.35602369310969,106400
2012-09-12,79.27033996582031,79.34887536953899,79.24892220972225,79.34887536953899,121300
2012-09-13,79.2560806274414,79.34889273986346,79.1204275464062,79.34175167058795,125900
2012-09-14,78.94905090332031,79.22749258496054,78.82053893894499,79.191792698786,264400
2012-09-17,79.02758026123047,79.03471588029025,78.84195067196453,78.92048605792175,274600
2012-09-18,79.10614776611328,79.20610094390806,78.99905351932182,79.1918188059147,115600
2012-09-19,79.33464813232422,79.35606590177248,79.10618284647259,79.21327169371392,141900
2012-09-20,79.34172821044922,79.54163996177336,79.33459259032348,79.38456916639495,142100
2012-09-21,79.42028045654297,79.47025704321658,79.29176845551946,79.42742152522189,142900
2012-09-24,79.46316528320312,79.48458305402254,79.40604759632309,79.47744198140192,99200
2012-09-25,79.63446807861328,79.64874476877716,79.37030301074672,79.43456173408264,207000
2012-09-26,79.8058090209961,79.82722677799711,79.56306717893263,79.634461517949,170600
2012-09-27,79.79866027832031,79.87006005750871,79.62731279175263,79.81294241297334,150100
2012-09-28,79.96289825439453,79.96289825439453,79.83438623574693,79.91292166086714,92600
2012-10-01,79.91995239257812,80.67857660274193,79.86985503098076,80.67857660274193,457700
2012-10-02,79.97001647949219,80.07736948401892,79.88413844403131,80.02727214326653,260900
2012-10-03,80.07738494873047,80.09885446174192,79.96287905926881,79.96287905926881,131300
2012-10-04,80.07025146484375,80.08456811809403,79.99868457920252,80.0774097914689,130300
2012-10-05,80.0129623413086,80.04874303663594,79.97717618578054,80.04874303663594,81000
2012-10-08,80.04875183105469,80.07022134264994,79.99149615999977,80.06306847891908,64300
2012-10-09,79.94854736328125,80.06305869139233,79.94138904022414,80.03443085936455,118300
2012-10-10,79.98438262939453,80.00585215154766,79.76967648745537,80.00585215154766,200900
2012-10-11,79.9771957397461,79.99866525423182,79.86984270711542,79.86984270711542,171200
2012-10-12,80.06310272216797,80.06310272216797,79.93428013729724,79.93428013729724,116800
2012-10-15,80.0416030883789,80.04876141316798,79.94140838213983,80.03445022379181,121300
2012-10-16,80.1059799194336,80.1059799194336,79.9843157554852,80.04872426809337,202400
2012-10-17,79.9056625366211,80.07742418507421,79.88419301309,80.07742418507421,184200
2012-10-18,79.91995239257812,80.01299424997529,79.88417168298166,79.99151927197394,127800
2012-10-19,79.94136047363281,80.02008561852703,79.88411029023595,79.91989097233416,309100
2012-10-22,79.99152374267578,80.0487794334736,79.91995685928012,79.99868206907631,218700
2012-10-23,80.04875183105469,80.1131658260418,80.04159350712249,80.07022134264994,310200
2012-10-24,80.02730560302734,80.13465865243883,79.99867775917075,80.02730560302734,89700
2012-10-25,80.05590057373047,80.16325357905987,80.02011441855379,80.07737008275622,124500
2012-10-26,80.15613555908203,80.21339125207305,80.05594082644944,80.0702520195955,243700
2012-10-31,80.33503723144531,80.33503723144531,80.0129835869814,80.0129835869814,192300
2012-11-01,80.13465881347656,80.19191450130481,80.07740312564832,80.13465881347656,200900
2012-11-02,80.16328430175781,80.24200950515754,80.10602861561205,80.15612597593889,79200
2012-11-05,80.27774810791016,80.313534258032,80.07735877170761,80.1489256117514,334200
2012-11-06,80.32073211669922,80.32073211669922,80.17043458036584,80.29210427455013,192200
2012-11-07,80.53536987304688,80.5997838326486,80.44233355384252,80.53536987304688,325000
2012-11-08,80.58550262451172,80.62128878004695,80.47099675516024,80.52109409678914,734500
2012-11-09,80.91471099853516,80.91471099853516,80.66422430125074,80.66422430125074,191100
2012-11-12,81.21529388427734,81.21529388427734,80.79304023448464,80.94333224062102,123700
2012-11-13,81.15093994140625,81.57319390359051,80.98633662918499,81.16525659650624,360800
2012-11-14,80.70003509521484,81.67335981058943,80.67856558034957,81.3656173570489,225300
2012-11-15,81.10081481933594,81.1151260093351,80.62131078143211,80.87179755793395,489400
2012-11-16,80.85029602050781,81.1437217109924,80.84313769824232,81.1437217109924,223600
2012-11-19,81.03640747070312,81.03640747070312,80.88610994238037,80.89326826758676,158900
2012-11-20,81.18670654296875,81.4443516706035,80.929061415334,81.4443516706035,203600
2012-11-21,81.17237854003906,81.17953686486199,81.07218383332615,81.16522567541814,172500
2012-11-23,81.16520690917969,81.54451613406437,80.95050089575025,81.22245711392023,65700
2012-11-26,81.20816802978516,81.20816802978516,81.05787596356065,81.17238186440694,216900
2012-11-27,81.15807342529297,81.2654264648642,81.06503157623678,81.22248197291427,1145300
2012-11-28,81.26539611816406,81.40852981067411,81.17951262653781,81.2725489806493,528600
2012-11-29,81.47295379638672,81.47295379638672,81.25825321687522,81.34413672480066,401500
2012-11-30,81.63756561279297,81.95961922448721,81.50874307607496,81.75922982519288,330200
2012-12-03,81.52497863769531,81.72579587063686,81.47477432945992,81.72579587063686,297000
2012-12-04,81.27395629882812,81.63256006037818,81.23092559843705,81.60387110283108,230500
2012-12-05,81.30261993408203,81.43171746690605,81.19503774475244,81.19503774475244,314500
2012-12-06,81.30261993408203,81.43889107202334,81.26675738035303,81.40302851829433,135400
2012-12-07,81.20223999023438,81.43891979586593,81.12334672169052,81.39588362184058,158800
2012-12-10,81.15923309326172,81.36721852930863,81.15923309326172,81.2954988473758,175400
2012-12-11,80.94405364990234,81.26679489501862,80.93688004147354,81.21659057973697,170600
2012-12-12,80.80772399902344,81.0946079382061,80.49215659059291,81.0946079382061,220800
2012-12-13,80.58541870117188,80.73603158882909,80.34873896120003,80.73603158882909,390400
2012-12-14,79.64590454101562,80.64282264689277,79.61004197300466,80.64282264689277,347900
2012-12-17,79.00035095214844,79.73907327550329,78.97883561796995,79.61714940058852,517500
2012-12-18,78.74223327636719,79.30165440144698,78.29756253680765,79.14386783347874,675600
2012-12-19,79.32308197021484,79.33742917243967,78.68476826757006,78.871243593512,548500
2012-12-20,79.49524688720703,79.5526247789541,79.18685303074463,79.38767018000244,284700
2012-12-21,79.48091125488281,79.5382891510369,79.34464011948118,79.40201801563528,373800
2012-12-24,79.55265045166016,79.5598240584078,79.3446596308483,79.41638475460726,138800
2012-12-26,79.62238311767578,79.71583169490938,79.46424991787937,79.50737665563553,268800
2012-12-27,79.651123046875,79.74457160878944,79.52892698721669,79.55049035255986,250800
2012-12-28,79.37076568603516,79.75173298926852,79.34920232684367,79.56484688689639,242000
2012-12-31,79.52894592285156,79.57926228198932,79.0114030951078,79.0114030951078,466000
2013-01-02,80.36272430419922,80.39866140826166,79.2916965994553,79.60078421155103,985900
2013-01-03,80.37710571289062,80.42023243550524,80.21896708454435,80.39866907419793,323100
2013-01-04,80.19741821289062,80.47775292867406,80.1471018660595,80.47775292867406,212200
2013-01-07,80.33396911621094,80.47053888239424,79.86674290372576,79.97456518107909,246800
2013-01-08,80.4777603149414,80.50651329920822,80.19023595634432,80.34837462777627,180200
2013-01-09,80.67183685302734,80.75090070003199,80.44900260905565,80.54245117345596,369500
2013-01-10,80.62156677246094,80.67188314983306,80.26216251006745,80.29091002507397,236400
2013-01-11,80.80841064453125,80.82278987856431,80.52807590566684,80.57839225664068,276300
2013-01-14,80.80841064453125,80.83716362852643,80.65746159160972,80.82278987856431,181100
2013-01-15,80.73651885986328,80.86590452646844,80.72214511204943,80.86590452646844,157600
2013-01-16,80.79400634765625,80.90901275608398,80.74369001570619,80.77244298883035,169200
2013-01-17,80.80841064453125,80.923422580512,80.76528391057394,80.91623296349546,222800
2013-01-18,80.94499206542969,80.96655543403813,80.80841675214772,80.85154897343597,219800
2013-01-22,80.86589813232422,80.98091004202143,80.84433477027342,80.95215706459713,279200
2013-01-23,80.70056915283203,80.93058748607513,80.4561770730417,80.89465037767225,566400
2013-01-24,80.77245330810547,80.8227696464838,80.59275131617292,80.7005681240768,293900
2013-01-25,80.50650787353516,80.75808961382582,80.4130647940188,80.67902028343866,181900
2013-01-28,80.16148376464844,80.4921403449505,80.14711001440841,80.40588139129721,272100
2013-01-29,80.11116027832031,80.21898258976692,80.09678652936036,80.16147662578598,149600
2013-01-30,80.14714050292969,80.21902024961544,80.046507760755,80.19026725412651,179500
2013-01-31,80.17583465576172,80.27646732408006,80.09676534721599,80.11832870698862,138300
2013-02-01,80.46615600585938,80.53819814504362,80.25004607643733,80.27165651977518,442600
2013-02-04,80.6102294921875,80.63904524675932,80.32207744251245,80.49496647390019,470000
2013-02-05,80.56703186035156,80.60305294043025,80.43016384735196,80.50220051146415,253300
2013-02-06,80.68228912353516,80.68228912353516,80.53821580566104,80.65347336075138,293500
2013-02-07,80.54544830322266,80.74715322850005,80.53824848163919,80.70393231481118,151900
2013-02-08,80.71107482910156,80.77590614918796,80.54538562880953,80.58861200490986,244000
2013-02-11,80.48779296875,80.73992403362112,80.46617702372247,80.68949782064689,163100
2013-02-12,80.43739318847656,80.66070856274011,80.35815118547076,80.5022245567285,157000
2013-02-13,80.43739318847656,80.53104033018941,80.36535100680088,80.5022245567285,103200
2013-02-14,80.27163696289062,80.47334171295988,80.2572318361895,80.47334171295988,202800
2013-02-15,80.26447296142578,80.37253070344643,80.24286251223067,80.27888359158591,156600
2013-02-19,80.28607940673828,80.42295290620818,80.26446895862088,80.32210048429714,205900
2013-02-20,80.30767059326172,80.41572280053785,80.21401801889827,80.21401801889827,122000
2013-02-21,80.40853118896484,80.48056783318059,80.30767878785409,80.3941205624955,167100
2013-02-22,80.38693237304688,80.53101118821324,80.33650616174985,80.52380587344372,115000
2013-02-25,80.35809326171875,80.49496121694234,80.23562493877583,80.49496121694234,122500
2013-02-26,80.4013671875,80.54544054995914,80.35094096103465,80.54544054995914,107000
2013-02-27,80.54544830322266,80.58867471295854,80.45900647584493,80.4950220719033,157500
2013-02-28,80.60304260253906,80.69668970426952,80.50939550080862,80.64626349625397,128500
2013-03-01,80.76403045654297,80.77125274394724,80.5907341217784,80.69904639687793,193100
2013-03-04,80.6845932006836,80.7206991248558,80.61238686132975,80.7206991248558,114100
2013-03-05,80.65577697753906,80.72076659357108,80.52580325447016,80.67744385554651,161700
2013-03-06,80.41028594970703,80.66301114036604,80.33807953937531,80.54025969190252,274800
2013-03-07,80.09252166748047,80.33802992177505,80.07808259793023,80.30192398441059,140800
2013-03-08,79.66649627685547,79.99864994985742,79.6231680523823,79.99142766094651,237000
2013-03-11,79.4498519897461,79.96974648262928,79.44262970262524,79.63037060483104,264800
2013-03-12,79.51487731933594,79.57263911530958,79.37768134728752,79.49321044822823,256000
2013-03-13,79.34158325195312,79.63041429636273,79.291038232356,79.47155694648775,230300
2013-03-14,79.1610107421875,79.40651889124301,79.13934939265118,79.29820663457117,203800
2013-03-15,79.276611328125,79.32715635548078,79.17552127341342,79.18274356560563,240300
2013-03-18,79.29103088378906,79.50765552426833,79.24048586887636,79.38490413219368,417600
2013-03-19,79.42100524902344,79.47877255484697,79.21160289715826,79.30547614636987,198000
2013-03-20,79.34158325195312,79.53654654825205,79.2765991591828,79.38491148946065,716400
2013-03-21,79.276611328125,79.53655875709612,79.247727668351,79.45713006996634,256300
2013-03-22,79.50041198730469,79.50041198730469,79.2115810468538,79.22602562382193,290500
2013-03-25,79.36322784423828,79.52207964052218,79.32712190795097,79.39932827153318,221800
2013-03-26,79.3704605102539,79.40656645376781,79.28381506021019,79.33436007573353,117100
2013-03-27,79.40655517578125,79.42821653521565,79.26213693123067,79.29102058014078,197300
2013-03-28,79.55099487304688,79.63042355722176,79.42102116339657,79.50044984757146,262000
2013-04-01,79.72396850585938,79.73844028952907,79.43448313919872,79.6805421119021,463800
2013-04-02,79.890380859375,79.93380171120205,79.55023612947237,79.68050420642504,403000
2013-04-03,80.01338958740234,80.04233865495497,79.80351298874834,79.99891781436106,98300
2013-04-04,80.07134246826172,80.114763338543,79.91212524859854,80.03515472871142,196800
2013-04-05,80.31013488769531,80.32460666461068,80.10025823285744,80.1943385864862,285400
2013-04-08,80.41871643066406,80.45489864443735,80.15094154567053,80.26673788128066,230800
2013-04-09,80.2450180053711,80.44042293179471,80.2450180053711,80.3897634178095,226000
2013-04-10,80.20881652832031,80.4042158863388,80.08578709840232,80.31013553195532,125100
2013-04-11,80.36803436279297,80.44764294081834,80.12196997940413,80.13644727802964,141900
2013-04-12,80.46937561035156,80.46937561035156,80.23778846157371,80.33910749407195,130800
2013-04-15,80.45490264892578,80.59240942393865,80.34634495925634,80.47661308256498,139400
2013-04-16,80.51278686523438,80.57068502588638,80.33185925430126,80.47659913445875,143700
2013-04-17,80.65751647949219,80.68646555613361,80.38250853360633,80.4621171140023,148200
2013-04-18,80.74437713623047,80.76608756695377,80.62134768114994,80.67924584406056,214000
2013-04-19,80.69371795654297,80.69371795654297,80.54173941938092,80.55621119943184,147800
2013-04-22,80.62138366699219,80.69375364219688,80.55624682427533,80.69375364219688,127400
2013-04-23,80.65751647949219,80.72989193183166,80.58514654862452,80.65028335143568,64500
2013-04-24,80.62138366699219,80.74441317698768,80.58519591865225,80.59967322657829,409000
2013-04-25,80.74437713623047,80.78779799767707,80.60687037968592,80.61410903041794,169100
2013-04-26,80.85289764404297,80.86013629144745,80.66473146181795,80.81670992849078,162500
2013-04-29,80.8891372680664,80.91085322569779,80.73715869349131,80.8891372680664,160900
2013-04-30,80.94700622558594,80.97595530383711,80.81673813419171,80.81673813419171,133700
2013-05-01,81.01448059082031,81.08701460696956,80.95645116430462,81.03624024226602,242200
2013-05-02,81.11601257324219,81.14502728050974,80.97819409721873,81.04347857206811,168600
2013-05-03,80.9636459350586,81.07244411126857,80.8475871684525,81.07244411126857,133800
2013-05-06,80.86944580078125,81.02176896792963,80.81867141173178,81.02176896792963,132900
2013-05-07,80.7315902709961,80.86215370754287,80.70257555909787,80.73883979847781,141800
2013-05-08,80.7315902709961,80.94193724777494,80.70257555909787,80.75334992142214,246300
2013-05-09,80.65910339355469,80.80417704777693,80.65185386133912,80.69537319060876,143800
2013-05-10,80.35438537597656,80.84036923282683,80.33988079048379,80.79684994235939,178500
2013-05-13,80.44142150878906,80.51395549703372,80.22381401006652,80.31085811635324,142000
2013-05-14,80.5067367553711,80.66631492188972,80.40518801922124,80.6155405538148,140300
2013-05-15,80.49947357177734,80.60827181777431,80.45594873938842,80.45594873938842,157000
2013-05-16,80.64456176757812,80.6953361397446,80.44146427891224,80.44871934179073,188000
2013-05-17,80.47045135498047,80.5937597116012,80.4124219398685,80.5720000644316,133400
2013-05-20,80.368896484375,80.5864984733789,80.35438636471456,80.47044518604132,141700
2013-05-21,80.32539367675781,80.5647609108635,80.26736978417914,80.46321218136242,139100
2013-05-22,80.22383880615234,80.51398038279832,80.15130479548841,80.36891236147048,148600
2013-05-23,80.30364227294922,80.45596538284529,80.15131916305313,80.36167170547856,118800
2013-05-24,80.29634857177734,80.31085868992305,80.15853565332482,80.2310696420875,113200
2013-05-28,79.50576782226562,80.27463853950348,79.50576782226562,80.26738900993892,290800
2013-05-29,79.16484832763672,79.56379379598602,79.15034373514756,79.49850929480532,284200
2013-05-30,79.19388580322266,79.33170437443535,79.15036647925797,79.28092998514542,143400
2013-05-31,78.4757308959961,79.23734616864603,78.39594183876764,79.17206723127144,351700
2013-06-03,78.4466552734375,79.00646676895308,78.36668141024857,78.4466552734375,362300
2013-06-04,78.22854614257812,78.54844160520375,78.22854614257812,78.54844160520375,514600
2013-06-05,78.40306091308594,78.88290428363916,78.26492872349785,78.27220059036328,554800
2013-06-06,78.58478546142578,78.67203118641824,78.22854179128527,78.3303256970397,541100
2013-06-07,78.37395477294922,78.66476277540791,78.27217086272726,78.55571254788944,338600
2013-06-10,77.89415740966797,78.25040130502263,77.79237343956663,78.21405305673522,449500
2013-06-11,78.19947052001953,78.26490620936646,77.57422327287497,77.69782278679526,959100
2013-06-12,77.45063018798828,78.25763523601131,77.43609200508314,78.10495935487286,485100
2013-06-13,77.95954895019531,77.95954895019531,77.35611179313888,77.3633836573994,409900
2013-06-14,78.01041412353516,78.20671001671808,77.64689869061432,77.78503078329662,292700
2013-06-17,77.79959869384766,78.14130419451452,77.79232682982301,78.01043837610608,162000
2013-06-18,77.43610382080078,77.85777775108363,77.37793998668987,77.79234759781524,342900
2013-06-19,77.02891540527344,77.95224767979458,77.0143772290439,77.43605644816687,288500
2013-06-20,75.66936492919922,76.63631719803125,75.43671530142355,76.63631719803125,787600
2013-06-21,74.36800384521484,75.88749601748583,74.26621994596256,75.29860266512522,947200
2013-06-24,73.6845703125,74.84055216635758,72.90664758004174,73.38649056947823,964800
2013-06-25,74.75334167480469,74.91328941326907,73.65552309909619,73.76457887957712,591600
2013-06-26,76.31645965576172,76.36007974918476,75.67666870258425,75.79299634745557,866300
2013-06-27,76.98529052734375,77.13069446778907,76.55634502026672,76.55634502026672,431600
2013-06-28,76.36734771728516,76.6581612678182,75.99656030168535,76.2873738522184,659000
2013-07-01,77.01526641845703,77.17560949519057,76.41762758005208,76.41762758005208,880300
2013-07-02,77.02986145019531,77.233932475621,76.83307470387882,76.91324625822726,185700
2013-07-03,76.55615234375,77.14650169593286,76.55615234375,76.92785646500468,181800
2013-07-05,75.37544250488281,75.9949456208149,75.20052522097122,75.89291007515645,320800
2013-07-08,75.72525024414062,75.9293212481726,75.63778885933357,75.76897815628524,256800
2013-07-09,75.95121002197266,76.00222778965116,75.71069530555131,75.8346003646445,210200
2013-07-10,75.84185791015625,76.32288717343003,75.7325381326101,76.27186942373594,467100
2013-07-11,76.53424072265625,76.76746549340791,76.38118748814895,76.42491539500328,226700
2013-07-12,76.88408660888672,76.99341195290684,76.35204512744967,76.57069025497195,389900
2013-07-15,76.39578247070312,76.75290678210011,76.29374695316113,76.71646870327434,510600
2013-07-16,76.45409393310547,76.54154977512187,76.28646096837579,76.34476857006602,315300
2013-07-17,76.61443328857422,76.76019672511025,76.56341552973474,76.60714344859181,229800
2013-07-18,76.55615234375,76.74564932563757,76.46869091506636,76.54886250122955,233500
2013-07-19,76.13339233398438,76.62899572738775,76.009492875763,76.52696022526216,242100
2013-07-22,75.63044738769531,76.0240150098624,75.3243410906256,76.0167307364898,290000
2013-07-23,75.68883514404297,75.87104226069233,75.6159534094872,75.7106991083577,157800
2013-07-24,75.17134094238281,75.55033472450397,75.08387955561994,75.36812767246978,248000
2013-07-25,75.3826904296875,75.52845382514084,74.93081500695476,75.01827638053703,185000
2013-07-26,75.91472625732422,76.01676173128436,75.59404016172589,75.60132999858484,268600
2013-07-29,75.76898956298828,75.94390679841763,75.72526164426061,75.94390679841763,116500
2013-07-30,75.74717712402344,75.87836652995524,75.67429535639964,75.87836652995524,281800
2013-07-31,75.76168060302734,75.83456786320376,75.4337101743025,75.65964511140108,253300
2013-08-01,75.64551544189453,75.93047347531315,75.47746612706537,75.74780778340303,322000
2013-08-02,75.7332534790039,75.88669210573423,75.59442566573989,75.88669210573423,188600
2013-08-05,75.5140151977539,75.79167068802573,75.4920962010516,75.64553475248374,111900
2013-08-06,75.40440368652344,75.56515040501168,75.34595489531283,75.51400422863043,242300
2013-08-07,75.52859497070312,75.54320576991766,75.38976729285544,75.47744881168238,172000
2013-08-08,75.58709716796875,75.75515213754208,75.49942116168457,75.55787554888548,180300
2013-08-09,75.5578384399414,75.75511493170903,75.53591387462104,75.74780674326891,155900
2013-08-12,75.66015625,75.8135948118088,75.55786387546081,75.55786387546081,159400
2013-08-13,75.17788696289062,75.68934863809221,75.14135159701301,75.68934863809221,188900
2013-08-14,75.15596771240234,75.44092572681367,75.00983739842725,75.15596771240234,246900
2013-08-15,74.76872253417969,74.9879180203015,74.60797583298164,74.68834918358067,303800
2013-08-16,74.45451354980469,74.94405611115013,74.4472053635795,74.66640635423319,311200
2013-08-19,74.26456451416016,74.82717797649532,74.26456451416016,74.5202953722604,314800
2013-08-20,74.6445541381836,74.91489595069088,74.41073656593422,74.46188834075208,365500
2013-08-21,74.43260192871094,74.6371865671523,74.35222859582136,74.49835888770424,449400
2013-08-22,74.4253158569336,74.6445169344059,74.41800766781385,74.43262404605332,206600
2013-08-23,74.75411224365234,74.90755076878516,74.41069982213436,74.45454338254017,205500
2013-08-26,74.58604431152344,74.8198561354822,74.50567097442696,74.81254794815155,163800
2013-08-27,74.57868194580078,74.75403929275144,74.46908151351553,74.60060091735592,261500
2013-08-28,74.41802215576172,74.58607709114331,74.37418416153872,74.44724934341575,134700
2013-08-29,74.44723510742188,74.48377047863202,74.26456940040111,74.30110477161126,149200
2013-08-30,74.46186828613281,74.60799865491401,74.33034872442323,74.33034872442323,140800
2013-09-03,74.2823486328125,74.49479388712089,74.15781349412897,74.4435143836014,166300
2013-09-04,74.32632446289062,74.45818688361445,74.26771770055815,74.30434832427807,133000
2013-09-05,74.01133728027344,74.31901447036046,74.01133728027344,74.29703832664707,160800
2013-09-06,74.15787506103516,74.35566599909153,74.14322056840795,74.28241030310959,170700
2013-09-09,74.17984008789062,74.42891053469216,74.15053669608153,74.2823991646972,154000
2013-09-10,74.25306701660156,74.29701929276837,73.98934218150401,74.08457397621488,245400
2013-09-11,74.39225769042969,74.39225769042969,74.14318174764361,74.14318174764361,137300
2013-09-12,74.61933898925781,74.72189800999087,74.27503131006222,74.2970074446411,266100
2013-09-13,74.67796325683594,74.81714733816413,74.54610082938639,74.56074972619246,171500
2013-09-16,75.02960205078125,75.18344063719698,74.93437023701422,74.97832252197601,252600
2013-09-17,75.31523132324219,75.53500371675811,75.13941676185593,75.23464848488929,316600
2013-09-18,76.06251525878906,76.23100272124583,75.31529298035426,75.51308941425413,275100
2013-09-19,75.99659729003906,76.10648359994704,75.8574131806022,75.97462114586745,398600
2013-09-20,76.06251525878906,76.15041981692347,75.94530172921156,76.06983691260112,254200
2013-09-23,76.17973327636719,76.29694682144968,76.12845374765595,76.28961957761966,201100
2013-09-24,76.39217376708984,76.45810777925959,76.12844889650906,76.12844889650906,231000
2013-09-25,76.48005676269531,76.57528853640306,76.29691486699396,76.37017050746508,312900
2013-09-26,76.47274017333984,76.56797196031182,76.37750838636786,76.55332306579609,203800
2013-09-27,76.47274017333984,76.55332306579609,76.40681176444721,76.40681176444721,82700
2013-09-30,76.54597473144531,76.54597473144531,76.37016010046355,76.46539186119401,115700
2013-10-01,76.41744995117188,76.57167959131421,76.27056057728154,76.46885983121932,350900
2013-10-02,76.5497055053711,76.62314744625584,76.46891768941961,76.50563585823151,116500
2013-10-03,76.50559997558594,76.57170161366187,76.42481219752551,76.49091383560145,98200
2013-10-04,76.42488098144531,76.53504674188439,76.32206109923906,76.44691301288046,117400
2013-10-07,76.3880615234375,76.54963701076699,76.35868365271797,76.35868365271797,107600
2013-10-08,76.21180725097656,76.51292627458368,76.18977524500664,76.51292627458368,219700
2013-10-09,76.16044616699219,76.30733563966841,76.10169598118215,76.27061187068423,103300
2013-10-10,76.10169219970703,76.15310211177405,75.99152650148908,76.15310211177405,104800
2013-10-11,75.91806030273438,76.21917380479971,75.91806030273438,76.0943220015838,222200
2013-10-14,75.69038391113281,76.00618916003314,75.64631988676575,75.96212513566608,124300
2013-10-15,75.55818176269531,76.00618466143924,75.55818176269531,75.84460911064528,292100
2013-10-16,75.96943664550781,76.02084651843552,75.60956193175804,75.6315995372321,177800
2013-10-17,76.26321411132812,76.29259198587643,75.94006869781005,75.99147857745542,137500
2013-10-18,76.34400177001953,76.43948126299624,75.94006860281308,76.36603937834568,120600
2013-10-21,76.27791595458984,76.42479974353209,76.16040444083015,76.34401197863664,245000
2013-10-22,76.6378402709961,76.67456404626887,76.49830225213466,76.49830225213466,165500
2013-10-23,76.9536361694336,77.03442398243251,76.68190043776512,76.7112727304368,752500
2013-10-24,77.21064758300781,77.31346736630834,76.99032187733151,77.04173176898178,233300
2013-10-25,77.23269653320312,77.33551633159618,77.13721700379617,77.13721700379617,106700
2013-10-28,77.34282684326172,77.35751858209886,77.15921933059363,77.2987628332635,142100
2013-10-29,77.43099212646484,77.43099212646484,77.25473041114553,77.26941655273093,300700
2013-10-30,77.39424896240234,77.59989411584847,77.31346119579146,77.43097271204638,532400
2013-10-31,77.4750747680664,77.54851670015583,77.2400572234241,77.40163283597698,300600
2013-11-01,77.20037078857422,77.48019260161631,77.19301119623795,77.48019260161631,110000
2013-11-04,77.25928497314453,77.31819542274133,77.20773973424976,77.25928497314453,124100
2013-11-05,77.12674713134766,77.2224780262018,77.03102185450376,77.19302279840132,295800
2013-11-06,77.17830657958984,77.22249223842775,77.09730609273353,77.12676132595504,192700
2013-11-07,77.35502624511719,77.37711626217971,77.11939003309956,77.17829487259613,216600
2013-11-08,76.8248062133789,77.02362188881068,76.76589578435923,76.95735186966934,179800
2013-11-11,76.89846801757812,76.9647380596231,76.84692277887325,76.87637800356313,115400
2013-11-12,76.80274200439453,76.95737771900625,76.75855635878432,76.88374246700204,450800
2013-11-13,76.87639617919922,77.0089419126362,76.8322105227129,76.86166575436678,319300
2013-11-14,77.00895690917969,77.13413745457783,76.84695591254113,76.94268122054933,196100
2013-11-15,77.07518005371094,77.09727006380118,76.97945480398364,76.99417960470758,136000
2013-11-18,77.28141021728516,77.28141021728516,77.09731919188141,77.09731919188141,295100
2013-11-19,77.17095947265625,77.28877480659594,77.08259375869233,77.08259375869233,218300
2013-11-20,77.02362823486328,77.31817478622196,77.01626302612706,77.11935909440956,213100
2013-11-21,77.01630401611328,77.20039500643922,76.91321351097164,76.94266874358514,279000
2013-11-22,77.05315399169922,77.11942969498227,77.00897393485273,77.06051920717807,330800
2013-11-25,77.09732055664062,77.14150622376802,77.00896045841054,77.06050572171554,181900
2013-11-26,77.12674713134766,77.2224780262018,77.06784229375694,77.09729190354717,181700
2013-11-27,77.14884185791016,77.20775231710783,77.03102655752542,77.19302751131372,185300
2013-11-29,77.11199951171875,77.2077247602409,77.11199951171875,77.11199951171875,52100
2013-12-02,76.86176300048828,77.16445263369279,76.84699435540254,77.16445263369279,744300
2013-12-03,77.0684814453125,77.0906287810644,76.9208287852412,76.95036044377305,532300
2013-12-04,76.77313232421875,77.00200115590962,76.75098499947757,76.9650851929509,260200
2013-12-05,76.72888946533203,76.85439481196931,76.69197347745569,76.75103680502227,243600
2013-12-06,76.77313232421875,76.85434293665985,76.73622199384515,76.73622199384515,174200
2013-12-09,76.7657470703125,76.83218903885188,76.72144679203494,76.7657470703125,239700
2013-12-10,76.9798583984375,76.9872427185247,76.85435311988455,76.86912176005895,362000
2013-12-11,76.89126586914062,77.0020081354695,76.86911854239197,76.90602887611118,241800
2013-12-12,76.87649536132812,77.00938495117616,76.87649536132812,76.95032729214354,298000
2013-12-13,76.90608215332031,77.12018251451944,76.86178746913758,76.89870346101623,347600
2013-12-16,76.95771789550781,77.03892852591125,76.86912857694871,76.95033920735214,293300
2013-12-17,77.06107330322266,77.0758419442176,76.92080500928775,76.96509966710022,250200
2013-12-18,77.05370330810547,77.1349139449809,76.84698173895822,76.9134293657594,411000
2013-12-19,76.91343688964844,76.95773155679103,76.82484192277586,76.89128955607714,313000
2013-12-20,76.89126586914062,76.97985517613522,76.83220257608714,76.86911854239197,391300
2013-12-23,76.72147369384766,76.90604229239862,76.58120538910782,76.8100686488833,514800
2013-12-24,76.73625183105469,76.78793081974007,76.6550411870366,76.73625183105469,157300
2013-12-26,76.73997497558594,76.88062109168844,76.71776888305,76.8436071724411,356300
2013-12-27,76.6806869506836,76.8731489945065,76.66588478463237,76.8731489945065,447600
2013-12-30,76.85094451904297,76.85834842598555,76.68809245146373,76.82133453879891,496000
2013-12-31,76.79176330566406,76.88059329121754,76.67332897245521,76.76215331047956,508700
2014-01-02,77.03605651855469,77.03605651855469,76.88060824923866,76.88801216135758,435300
2014-01-03,77.04345703125,77.04345703125,76.86579703341617,76.96203094412532,174000
2014-01-06,77.0878677368164,77.14708773496498,76.97683165217032,77.0878677368164,225000
2014-01-07,77.22107696533203,77.26548912123171,77.05822486366331,77.23587913478944,184900
2014-01-08,77.28030395507812,77.332120024175,77.1470618277536,77.1470618277536,162900
2014-01-09,77.57642364501953,77.57642364501953,77.31733756702333,77.31733756702333,247400
2014-01-10,78.07231903076172,78.08712119515876,77.65779065733835,77.702202798055,285300
2014-01-13,78.0946044921875,78.16122277098668,77.98356837999093,78.07239839925444,292900
2014-01-14,78.15379333496094,78.19080159257895,78.05755944059028,78.0797711721959,234700
2014-01-15,78.13894653320312,78.22037256588287,78.06492440736504,78.22037256588287,172100
2014-01-16,78.29444122314453,78.31665295687026,78.17600688092175,78.17600688092175,263400
2014-01-17,78.4572982788086,78.4572982788086,78.25743784304781,78.29444610650653,128700
2014-01-21,78.35363006591797,78.45726219198409,78.31662181948138,78.39804786818009,251300
2014-01-22,78.27220916748047,78.35363522153695,78.1981870222094,78.3314291427084,270500
2014-01-23,78.53129577636719,78.62012574630889,78.36104539338909,78.42766363519927,271600
2014-01-24,78.66452026367188,78.79776236493518,78.53868207012509,78.59790203680365,222100
2014-01-27,78.49429321289062,78.70155751024657,78.49429321289062,78.67194751812022,187100
2014-01-28,78.57572174072266,78.66454607235558,78.54611174766877,78.64974389959299,237800
2014-01-29,78.5461196899414,78.68676575928674,78.43508361664401,78.68676575928674,262200
2014-01-30,78.6867904663086,78.6941887319966,78.45731433676582,78.61276262917998,342900
2014-01-31,78.7607421875,78.7607421875,78.59789012757291,78.68672006413114,238500
2014-02-03,78.84984588623047,78.88695396081819,78.63463150979568,78.7682126516553,303700
2014-02-04,78.59008026123047,78.87208228403371,78.27839292099075,78.82013439399377,486100
2014-02-05,78.50846862792969,78.68657491959675,78.49362313418422,78.68657491959675,217400
2014-02-06,78.58267974853516,78.62720490633895,78.52330909686546,78.52330909686546,190500
2014-02-07,78.76071166992188,78.79039696772566,78.52323494938327,78.58260554499083,192200
2014-02-10,78.83500671386719,78.84984654668823,78.61236958827057,78.79789863896866,93700
2014-02-11,78.92407989501953,78.93892539403788,78.64950044406844,78.73855079058276,240100
2014-02-12,78.80530548095703,78.92404110525266,78.73851209200012,78.90920127542677,173500
2014-02-13,78.79784393310547,78.88689985389598,78.76815862617529,78.84236906255404,218600
2014-02-14,78.70878601074219,78.82010449342616,78.69394618860116,78.74589405893458,121400
2014-02-18,78.61237335205078,78.82758774059221,78.5901107708047,78.73110900599575,312300
2014-02-19,78.74594116210938,78.82757438744832,78.6717306832276,78.71625583817735,235600
2014-02-20,78.74594116210938,78.84241421846603,78.6865705142453,78.69399326070247,192300
2014-02-21,78.82014465332031,78.88693804172009,78.7978820778191,78.87209255012186,182400
2014-02-24,78.90921783447266,78.92405766741267,78.79047652336308,78.88695525411394,157200
2014-02-25,79.06507873535156,79.06507873535156,78.93149756228217,78.94633739844608,209400
2014-02-26,79.1689453125,79.1689453125,78.98341628858262,79.05762676577028,214900
2014-02-27,79.3990249633789,79.406447712048,79.15413087628166,79.17639346039066,196400
2014-02-28,79.58452606201172,79.58452606201172,79.28767850051145,79.43610511220975,291600
2014-03-03,79.70431518554688,79.72663984079978,79.56295975972363,79.62991669675976,132200
2014-03-04,79.59268951416016,79.64476900379749,79.51828537790225,79.64476900379749,200800
2014-03-05,79.44393157958984,79.62248911926507,79.36209152468831,79.62248911926507,930200
2014-03-06,79.3471908569336,79.43646676250464,79.28022825151513,79.38438725884147,241800
2014-03-07,78.95291900634766,79.25051309695073,78.93803589607144,79.25051309695073,310700
2014-03-10,79.11651611328125,79.11651611328125,78.95284179401307,79.0272402439055,145600
2014-03-11,79.19096374511719,79.27280378783126,78.94544361697496,79.06448006695116,111200
2014-03-12,79.40676879882812,79.4588483398013,79.25052449966434,79.25052449966434,136100
2014-03-13,79.57784271240234,79.62248067352584,79.3844020871318,79.47368368562003,147600
2014-03-14,79.60762786865234,79.67458483104802,79.54810678458307,79.62994685611757,162300
2014-03-17,79.77129364013672,79.77129364013672,79.64481561645802,79.70433101356201,158900
2014-03-18,79.7117691040039,79.76384862185873,79.61505162119973,79.76384862185873,109400
2014-03-19,79.35462951660156,79.69686705338191,79.31742743980892,79.69686705338191,154400
2014-03-20,79.3471908569336,79.40671191147442,79.30998877878554,79.40671191147442,133000
2014-03-21,79.40676879882812,79.4514067835925,79.31748715305514,79.36956669402832,126300
2014-03-24,79.32490539550781,79.3993039069973,79.31746384148609,79.33978282730867,154500
2014-03-25,79.22071838378906,79.3323132735154,79.19095785444853,79.24303736173434,253500
2014-03-26,79.48111724853516,79.48855312381413,79.30999562102731,79.33231459934558,136300
2014-03-27,79.64480590820312,79.6522417842835,79.42904630080537,79.45136528152905,104000
2014-03-28,79.60762786865234,79.68202638561743,79.52578779711784,79.68202638561743,93800
2014-03-31,79.65221405029297,79.66709714975416,79.5406191855306,79.66709714975416,154400
2014-04-01,79.49340057373047,79.62018863538351,79.47102788340962,79.53069218419917,310600
2014-04-02,79.4188232421875,79.5978161450058,79.38153732152603,79.5978161450058,229800
2014-04-03,79.5157699584961,79.53814264628598,79.44864620522618,79.45610566445623,82100
2014-04-04,79.77677917480469,79.82152454199493,79.58287310048166,79.5903325583131,142700
2014-04-07,79.9110336303711,79.9110336303711,79.67983592015045,79.77679181762689,146000
2014-04-08,79.93338775634766,79.96321989557468,79.8066054320569,79.85881025322949,177100
2014-04-09,79.81407928466797,79.92594841244649,79.81407928466797,79.88866249645379,361200
2014-04-10,80.149658203125,80.17203088275508,79.87371521125823,79.92592002702781,214400
2014-04-11,80.39576721191406,80.43305311380823,80.18694226373488,80.23169331186516,620800
2014-04-14,80.31373596191406,80.40322668472986,80.26898491060771,80.40322668472986,173100
2014-04-15,80.4106674194336,80.44049955005914,80.26896622143654,80.35100315818251,187600
2014-04-16,80.380859375,80.44798311149543,80.24661759190795,80.24661759190795,120600
2014-04-17,80.19440460205078,80.44797491757484,80.15711869881665,80.42559654775647,484900
2014-04-21,80.32865142822266,80.4106883863596,80.22424178875721,80.39577516210679,107000
2014-04-22,80.35105895996094,80.3958100319263,80.26902196624236,80.32122680861772,230200
2014-04-23,80.4106674194336,80.45541277042335,80.32117102755697,80.34354939294897,125800
2014-04-24,80.50767517089844,80.5225940918326,80.30631525749662,80.44801655686531,132700
2014-04-25,80.6269760131836,80.63443547108186,80.44798885291982,80.61205709738705,229100
2014-04-28,80.60458374023438,80.64186964086574,80.4628825241008,80.62695641859275,123600
2014-04-29,80.53746795654297,80.60459168813462,80.43305832064345,80.60459168813462,202500
2014-04-30,80.64190673828125,80.66428511683213,80.50766491647829,80.58224813184697,139200
2014-05-01,80.77647399902344,80.78394573431973,80.53724728640334,80.53724728640334,213600
2014-05-02,80.70170593261719,80.76899147134766,80.52976477379978,80.76151403290775,183200
2014-05-05,80.73906707763672,80.74654451419256,80.64188321686244,80.64935494980536,93600
2014-05-06,80.83623504638672,80.83623504638672,80.6792431312554,80.78390440800962,141600
2014-05-07,80.85123443603516,80.90356510322734,80.77647715484848,80.85123443603516,134300
2014-05-08,81.03814697265625,81.05309615048802,80.83629599842253,80.91853073553759,170000
2014-05-09,81.07550811767578,81.08298555704846,80.94842016641569,81.01570571353962,96900
2014-05-12,81.06804656982422,81.10542236415449,80.97085695661075,81.06804656982422,133400
2014-05-13,81.11290740966797,81.18018726794014,81.03815011038232,81.07552590821697,152900
2014-05-14,81.34456634521484,81.40437439962145,81.16514788560502,81.23990510180828,231700
2014-05-15,81.58385467529297,81.61375872515457,81.35210541838354,81.38948690661411,493700
2014-05-16,81.47175598144531,81.56893990677553,81.43437447744776,81.43437447744776,184900
2014-05-19,81.434326171875,81.60627300320414,81.40442212713891,81.49413426134717,179300
2014-05-20,81.47175598144531,81.516609223349,81.41194785649593,81.4867051608743,139800
2014-05-21,81.37448120117188,81.41186266605297,81.3221505725048,81.3670037674735,117200
2014-05-22,81.40441131591797,81.4567419613528,81.30722746114259,81.36702983905913,117900
2014-05-23,81.434326171875,81.46423021661109,81.29976082236931,81.44180360896236,189100
2014-05-27,81.44930267333984,81.47173499212924,81.34464133345037,81.43435349776217,75100
2014-05-28,81.59880065917969,81.59880065917969,81.47171273882903,81.5240433944801,139100
2014-05-29,81.62867736816406,81.67353057123964,81.50158378676363,81.59129589652656,150400
2014-05-30,81.54647827148438,81.6735662047204,81.49414761052752,81.65113959339809,212900
2014-06-02,81.3906021118164,81.58541990708486,81.34563932175284,81.48801100945063,226200
2014-06-03,81.22579956054688,81.41312843143521,81.18833149963983,81.38315512607427,142600
2014-06-04,81.0909194946289,81.35317876064309,81.04596239669026,81.35317876064309,162100
2014-06-05,81.2032699584961,81.22574849417876,81.06089827674607,81.14332338546241,146500
2014-06-06,81.18081665039062,81.26324179052568,81.09839722707761,81.22577945571469,162800
2014-06-09,81.10586547851562,81.16581205903684,81.02344035950411,81.15082827231683,170700
2014-06-10,80.88106536865234,81.06839412430195,80.86607586678122,81.02343133550848,169600
2014-06-11,80.95600128173828,81.02343689432516,80.8211243397442,80.92602799275957,270200
2014-06-12,81.05335235595703,81.05335235595703,80.82856142422374,80.91847551019056,208900
2014-06-13,80.92601013183594,80.93350488163156,80.8061170023823,80.89603684947252,145600
2014-06-16,80.87361907958984,81.00100133772601,80.87361907958984,80.89609762904642,159100
2014-06-17,80.85858917236328,80.92602478227487,80.80613163111636,80.88855674333281,201900
2014-06-18,81.1133804321289,81.1133804321289,80.88858355759744,80.92605160896002,241100
2014-06-19,81.03093719482422,81.15083035894946,80.94101732173029,81.04592669875024,213700
2014-06-20,80.95600128173828,81.06090493475365,80.88107091770165,81.03093164577493,193400
2014-06-23,81.06843566894531,81.09091421645151,80.95603721459142,81.06843566894531,117600
2014-06-24,81.0384750366211,81.1808410986929,81.03098028067296,81.13588399665167,202500
2014-06-25,81.36812591552734,81.39061017119559,81.1807971360366,81.30069029898459,151400
2014-06-26,81.51802062988281,81.51802062988281,81.3231970309612,81.45057927313883,168300
2014-06-27,81.44305419921875,81.51798456047321,81.42806469687578,81.45054323357012,150600
2014-06-30,81.41312408447266,81.57047964159823,81.41312408447266,81.50303827893119,145900
2014-07-01,81.39733123779297,81.5475419710236,81.30721052780817,81.5475419710236,306100
2014-07-02,81.03681945800781,81.37478350745789,81.03681945800781,81.37478350745789,261500
2014-07-03,81.05938720703125,81.1119595442043,81.0293450529388,81.10444757319243,110900
2014-07-07,80.99922943115234,81.17947646226492,80.976699268507,81.1043740101305,171500
2014-07-08,81.11944580078125,81.1945482972278,81.05184954301214,81.18703632859719,160700
2014-07-09,81.14197540283203,81.17201754718882,80.97674647384635,81.04434273113738,177500
2014-07-10,81.24712371826172,81.24712371826172,81.119448896435,81.17202121894914,141900
2014-07-11,81.2170639038086,81.29216638678265,81.14947338811758,81.19453373191159,192500
2014-07-14,81.1494140625,81.21700452877788,81.08932982806546,81.17194421792595,167800
2014-07-15,81.26211547851562,81.2921576144538,81.15697086770777,81.24709727552231,155200
2014-07-16,81.4573974609375,81.47242139590452,81.29968052349774,81.29968052349774,111600
2014-07-17,81.60014343261719,81.60014343261719,81.45744461758215,81.49499874678789,178000
2014-07-18,81.58503723144531,81.67516361269644,81.49491658014404,81.60757312422048,141500
2014-07-21,81.69023132324219,81.78035775911843,81.6226407938,81.66019490790343,145200
2014-07-22,81.77281188964844,81.81036598818302,81.65264908824949,81.70522138822733,136000
2014-07-23,81.89299774169922,81.9155279136048,81.73528080840791,81.78785311950502,111900
2014-07-24,81.75784301757812,81.84796947046921,81.73531283684396,81.84796947046921,170600
2014-07-25,81.91556549072266,82.01319819041798,81.84797494400009,81.85548118477718,149300
2014-07-28,81.94561004638672,81.98316417119246,81.78038106516942,81.86299555577807,95700
2014-07-29,82.005615234375,82.17835028993322,81.93801902093308,82.17835028993322,136900
2014-07-30,81.67517852783203,81.94555199100989,81.64513639526217,81.94555199100989,187800
2014-07-31,81.78032684326172,81.78032684326172,81.55501370372411,81.55501370372411,139200
2014-08-01,82.07621002197266,82.07621002197266,81.78262410826444,81.85037779628071,232500
2014-08-04,81.80519104003906,81.9482221091401,81.74496682743894,81.9482221091401,123100
2014-08-05,81.74492645263672,81.86537481834607,81.74492645263672,81.84279218559911,197900
2014-08-06,81.9933853149414,82.03102688268493,81.85788371168033,81.8729426360965,120300
2014-08-07,82.09873962402344,82.13638117563329,81.94065544519205,82.03099172307903,196200
2014-08-08,82.16653442382812,82.2267586392512,82.0761981006935,82.09878074565283,136500
2014-08-11,82.11383819580078,82.21922769924896,82.05361398145975,82.16653294752487,144100
2014-08-12,82.1740493774414,82.23426783893467,82.12887835220111,82.14393727504664,164600
2014-08-13,82.2041244506836,82.29446072348705,82.13637655355157,82.15142972737176,241000
2014-08-14,82.27193450927734,82.34721191658817,82.20418082238898,82.30957034128375,242100
2014-08-15,82.38480377197266,82.50524640232223,82.27941431668133,82.30952066679778,221100
2014-08-18,82.42244720458984,82.4826713969821,82.26436300703149,82.46761822053159,203200
2014-08-19,82.2192153930664,82.49774229193496,82.2192153930664,82.49021857374133,264600
2014-08-20,82.33963012695312,82.45254903780967,82.25682330854463,82.45254903780967,286000
2014-08-21,82.45258331298828,82.46011277505384,82.33966435519181,82.39988856512284,147100
2014-08-22,82.46012115478516,82.4902332628107,82.35473164834441,82.45259169195444,132200
2014-08-25,82.49022674560547,82.50527992678028,82.36225460408043,82.48269728336962,144700
2014-08-26,82.56553649902344,82.59564861647218,82.39992272470495,82.54295384676168,179300
2014-08-27,82.65581512451172,82.69345093756341,82.52783727890957,82.69345093756341,124200
2014-08-28,82.73111724853516,82.80639464045802,82.66336357549679,82.68594621874395,118800
2014-08-29,82.81395721435547,82.90428782346129,82.73115032714237,82.79137456207901,146800
2014-09-02,82.63434600830078,82.72488973352864,82.58153027437201,82.72488973352864,156100
2014-09-03,82.58905792236328,82.60415141798534,82.5060609658878,82.58151117455226,110300
2014-09-04,82.490966796875,82.57396374688118,82.39287635242326,82.4985077876163,157600
2014-09-05,82.55136108398438,82.6720803036769,82.49099859589624,82.53626758372049,206600
2014-09-08,82.55136108398438,82.68716804745709,82.49853958954449,82.60417682194056,134000
2014-09-09,82.47589111328125,82.54380033998848,82.46835012091145,82.49098461098629,107100
2014-09-10,82.33252716064453,82.47588083207602,82.33252716064453,82.46833984064625,142600
2014-09-11,82.38533782958984,82.50605700636319,82.38533782958984,82.46833478208225,110500
2014-09-12,82.21932983398438,82.37023021821041,82.21178308782888,82.35514248238007,198000
2014-09-15,82.3476333618164,82.4155425952831,82.2420018932978,82.3551801114201,141100
2014-09-16,82.27973175048828,82.38536322140202,82.27973175048828,82.30990723662069,186500
2014-09-17,82.33252716064453,82.4381586054812,82.27971143822619,82.33252716064453,183800
2014-09-18,82.42311096191406,82.43065771402412,82.37029521011415,82.39292970995908,169100
2014-09-19,82.5060806274414,82.5362618693959,82.40044915884235,82.46835839236077,137300
2014-09-22,82.56644439697266,82.60417238912405,82.48344741942631,82.48344741942631,165700
2014-09-23,82.63434600830078,82.69470849178603,82.54380803955618,82.55889578218587,375200
2014-09-24,82.54379272460938,82.67960540901123,82.54379272460938,82.64942417286835,156800
2014-09-25,82.83807373046875,82.83807373046875,82.68716751122709,82.73244225524141,185300
2014-09-26,82.63434600830078,82.77770546745741,82.57398928129881,82.77770546745741,154900
2014-09-29,82.71731567382812,82.76259039973569,82.70222793617985,82.72486242089295,171000
2014-09-30,82.74749755859375,82.77013204348546,82.61923163988645,82.7097753359347,128900
2014-10-01,83.03490447998047,83.04246270308958,82.73997222891812,82.75509444477231,597700
2014-10-02,82.93656921386719,83.00463359233802,82.83826041122543,82.99706960147805,208200
2014-10-03,82.9970703125,83.02732050656458,82.86851131495148,82.98950632157522,198000
2014-10-06,82.9668197631836,82.99706995711864,82.89876115405563,82.92901134799068,149700
2014-10-07,83.1483154296875,83.1785656237217,82.98950623823387,82.98950623823387,185300
2014-10-08,83.20881652832031,83.22394451028389,83.0348851231816,83.18613032500959,210000
2014-10-09,83.29202270507812,83.39033153241868,83.18614988497721,83.25420851091238,250500
2014-10-10,83.35248565673828,83.45835842926944,83.29198528111094,83.43567223081753,198300
2014-10-13,83.70039367675781,83.7079576696905,83.39033343251455,83.46596182256927,226600
2014-10-14,83.7911605834961,83.79871880826303,83.63990954359888,83.67772374598249,240700
2014-10-15,83.980224609375,84.52471107361423,83.92728818495017,84.23734273668484,453900
2014-10-16,83.685302734375,84.07854396929076,83.60967431605735,83.98779332909254,411000
2014-10-17,83.57939147949219,83.82138732259203,83.47351865873826,83.64745587548315,327700
2014-10-20,83.48106384277344,83.70793741877935,83.42812744432335,83.65500102032927,119700
2014-10-21,83.29202270507812,83.36008710064927,83.26177250367272,83.34495911512857,214100
2014-10-22,83.29202270507812,83.34495911512857,83.25420851091238,83.3071506905988,183200
2014-10-23,83.06517791748047,83.22399297240436,83.0500556963457,83.20886498163162,300300
2014-10-24,83.1785888671875,83.20127507664395,83.03490761741791,83.08784402936169,143400
2014-10-27,83.15591430664062,83.23910093272495,83.11054188137172,83.11810587546219,138100
2014-10-28,83.15591430664062,83.27691513354036,83.13322809400617,83.24666492681543,158900
2014-10-29,83.22393035888672,83.26173876809747,83.095365612596,83.21636636919112,123800
2014-10-30,83.30713653564453,83.30713653564453,83.18613575058252,83.19369974205765,126200
2014-10-31,83.20128631591797,83.26178672906535,83.11054146583386,83.1861640974496,127400
2014-11-03,83.07923889160156,83.14744567017891,83.02618724753178,83.1247100773198,236200
2014-11-04,82.98072052001953,83.10198473982705,82.91251373302498,83.03377217063625,233000
2014-11-05,82.92769622802734,82.98074789614633,82.8367538153652,82.86706409812048,134700
2014-11-06,82.82159423828125,82.93527803815533,82.80643909665723,82.88222636917386,157200
2014-11-07,83.01104736328125,83.09441507968452,82.81399587158288,82.81399587158288,192700
2014-11-10,82.96559143066406,83.02622355960327,82.91253976339178,82.99590749513366,185200
2014-11-11,83.02622985839844,83.07928152969549,82.95043680037536,82.98833332938689,112500
2014-11-12,83.02622985839844,83.07928152969549,83.01864939615643,83.06412060521147,187300
2014-11-13,83.02622985839844,83.03380453844194,82.95043680037536,83.03380453844194,272200
2014-11-14,83.0489730834961,83.07928915304743,82.96560533777969,82.99592140733102,202400
2014-11-17,82.92769622802734,83.02622488467556,82.85190895674283,83.02622488467556,153000
2014-11-18,82.92769622802734,82.98832835793422,82.9201215484376,82.98832835793422,145800
2014-11-19,82.79881286621094,82.92007706096518,82.76849681752238,82.85186450586716,323800
2014-11-20,82.9579849243164,83.02619749350717,82.85946208237003,82.95040446502938,160400
2014-11-21,83.01862335205078,83.06409454684088,82.88978444534771,82.94283610000173,197700
2014-11-24,83.0489730834961,83.06412822717225,82.98834094439343,82.99592140733102,232900
2014-11-25,83.06405639648438,83.08679198343724,82.9958496356258,83.03374035314923,294800
2014-11-26,83.19293212890625,83.2156735081359,83.07925414374105,83.11714487806391,251200
2014-11-28,83.29903411865234,83.32934439064847,83.10956311659794,83.20050549697855,141300
2014-12-01,83.27095031738281,83.43045796828056,83.25576159611114,83.25576159611114,338000
2014-12-02,83.24051666259766,83.33926357358949,83.15697005369101,83.33166632005016,163000
2014-12-03,83.3469009399414,83.3469009399414,83.2557512386208,83.29373172959005,174800
2014-12-04,83.40006256103516,83.45323176654821,83.28612689350467,83.3468933555221,164200
2014-12-05,83.32411193847656,83.36209243070847,83.23296802913517,83.31652047603777,186800
2014-12-08,83.3469009399414,83.44564210344842,83.24055672422938,83.32410916835427,236000
2014-12-09,83.52916717529297,83.58993362292705,83.45321201325409,83.49118669676983,311100
2014-12-10,83.65834045410156,83.68112643653785,83.55959926520738,83.57478798849463,205700
2014-12-11,83.58240509033203,83.68114630266764,83.55202184153364,83.66595757577453,255200
2014-12-12,83.74945831298828,83.77984154301306,83.61273667538103,83.65071136665557,265400
2014-12-15,83.59752655029297,83.7114621928553,83.50638267224912,83.61272105997195,265800
2014-12-16,83.72665405273438,83.85577840588162,83.6279071279687,83.75703148111593,357300
2014-12-17,83.54432678222656,83.74941202278646,83.46837164665102,83.67345688721092,319800
2014-12-18,83.52916717529297,83.5519531444039,83.41523153473094,83.5519531444039,269200
2014-12-19,83.58240509033203,83.65076305386926,83.36213088280289,83.41530011944701,234100
2014-12-22,83.5595474243164,83.63550258365123,83.54435291544513,83.6279053292156,283800
2014-12-23,83.56716918945312,83.64313017134246,83.51399997913617,83.62033839977008,392300
2014-12-24,83.5694580078125,83.59990017978917,83.5237976529728,83.5694580078125,156600
2014-12-26,83.61514282226562,83.62274901226867,83.43248974965827,83.52381628596196,203800
2014-12-29,83.80535125732422,83.82056943435245,83.48571147724734,83.69880659938138,307200
2014-12-30,83.8357925415039,83.98799753518922,83.71402390155698,83.82818054994515,394600
2014-12-31,83.97278594970703,83.9880099350722,83.86624127714752,83.91190742699386,266100
2015-01-02,83.75972747802734,84.12502778020018,83.75972747802734,83.88910817632373,619100
2015-01-05,83.94234466552734,84.10216166498815,83.86623635566605,84.04888933183454,601700
2015-01-06,84.17826080322266,84.3380777962941,84.10215830265273,84.10215830265273,474000
2015-01-07,84.38375091552734,84.42180507470002,84.14783138615533,84.30003641034705,390900
2015-01-08,84.34568786621094,84.40657218777895,84.26958536737519,84.26958536737519,232600
2015-01-09,84.4979019165039,84.51312590165115,84.28481257443521,84.33808490995239,166800
2015-01-12,84.59683990478516,84.61205808359401,84.39896874277575,84.47507124931812,205900
2015-01-13,84.62733459472656,84.71104915150104,84.49795966380347,84.56645603127944,192100
2015-01-14,84.84038543701172,84.93931813124946,84.77950109921156,84.92409414367441,289700
2015-01-15,85.01538848876953,85.07627280353695,84.78708101776346,84.82512935980722,401100
2015-01-16,84.870849609375,85.04589068634384,84.7871408752834,84.9621761460003,292200
2015-01-20,84.97736358642578,85.06868427751849,84.89364908209117,84.93930942763753,297000
2015-01-21,84.77186584472656,85.05345147510002,84.74142368417957,84.93929482461087,212900
2015-01-22,84.74144744873047,84.84799213739973,84.62729076622767,84.81754996831565,223800
2015-01-23,85.01538848876953,85.01538848876953,84.72619670299603,84.82512935980722,323700
2015-01-26,84.88606262207031,84.94694697194521,84.77190591761764,84.80996008785226,245800
2015-01-27,85.00020599365234,85.25895573065723,84.95453983528363,85.25895573065723,233300
2015-01-28,85.20570373535156,85.2361459127849,84.99261429956987,85.1600433723274,393000
2015-01-29,85.16004180908203,85.23614434814256,85.00783092470941,85.13721162798902,249700
2015-01-30,85.31222534179688,85.38832786163789,85.0763057884147,85.25895299728316,294700
2015-02-02,85.24585723876953,85.32213089251691,85.04756203184223,85.20009770161136,236000
2015-02-03,84.94842529296875,85.13909782705872,84.88741450439657,85.13909782705872,252400
2015-02-04,84.99419403076172,85.02470233569044,84.77301318417668,84.77301318417668,188400
2015-02-05,84.8492660522461,84.99417902034907,84.8492660522461,84.97129925040926,253400
2015-02-06,84.49844360351562,84.81114354359808,84.49844360351562,84.60521976050613,330300
2015-02-09,84.36878967285156,84.59759323517083,84.36878967285156,84.51369684999449,227900
2015-02-10,84.14754486083984,84.53651236678145,84.05602001416307,84.42973628842181,586500
2015-02-11,83.97981262207031,84.31539814906809,83.91879601373181,84.12472561215827,439900
2015-02-12,83.95692443847656,84.08658035405989,83.94166737848825,84.01031251070873,487500
2015-02-13,83.85774993896484,84.01791993428797,83.78148211477315,84.01791993428797,416000
2015-02-17,83.78150177001953,83.9264147431839,83.71286245780274,83.87302667183862,364400
2015-02-18,83.9721450805664,84.01028189777685,83.81960944944728,83.91112850057422,347800
2015-02-19,83.8653564453125,84.00264082035359,83.85772791923786,83.9034932568252,531700
2015-02-20,83.95692443847656,84.12471718516721,83.93404466735755,84.03319228182774,311800
2015-02-23,84.13236999511719,84.23152346392352,84.05610212448076,84.13236999511719,327600
2015-02-24,84.28486633300781,84.28486633300781,83.97216066665254,84.00266896231129,709900
2015-02-25,84.26202392578125,84.40693112083069,84.22388708458325,84.40693112083069,218600
2015-02-26,84.0865478515625,84.26959176862489,84.07891932451705,84.26959176862489,224500
2015-02-27,84.35350799560547,84.35350799560547,84.13232721003436,84.23148062841672,280300
2015-03-02,84.02484893798828,84.30766004325426,83.96369964525226,84.23122051157547,351300
2015-03-03,83.91783142089844,84.09362832890648,83.8796116592357,84.04776928012471,244700
2015-03-04,84.07071685791016,84.0783619781878,83.97135362037338,84.05543244887302,339500
2015-03-05,83.98664855957031,84.07837251984786,83.94843461642716,84.07072739861168,352200
2015-03-06,83.18408203125,83.78027316742245,83.18408203125,83.7344141051072,638500
2015-03-09,83.46686553955078,83.53565994655956,83.3445727948376,83.40572208295272,196400
2015-03-10,83.78790283203125,83.81083235895908,83.5050917263805,83.56624101919972,329800
2015-03-11,83.66558837890625,83.72673766012828,83.6273744517798,83.67323349693811,215700
2015-03-12,83.91020965576172,83.93313918653425,83.80320129114426,83.83377594268048,351300
2015-03-13,83.91020965576172,84.00193361037033,83.84906035268932,83.87963500422552,322800
2015-03-16,83.94075012207031,84.07068796454256,83.91017548298576,83.96367964350469,171200
2015-03-17,83.98664855957031,84.03251345546852,83.91785996300132,83.91785996300132,215600
2015-03-18,84.49111938476562,84.5216940373921,84.02486613736988,84.04779566896005,498400
2015-03-19,84.46054077148438,84.48347030199929,84.34588728739134,84.46054077148438,289100
2015-03-20,84.43758392333984,84.57516689343633,84.4146544002432,84.48344296953316,362800
2015-03-23,84.54463958740234,84.59049865927146,84.49878051553323,84.54463958740234,210300
2015-03-24,84.67447662353516,84.67447662353516,84.55218396708764,84.59804298431635,412200
2015-03-25,84.52172088623047,84.62872928865559,84.4987913473566,84.62872928865559,211000
2015-03-26,84.44523620605469,84.57517406897097,84.39173203711756,84.55224454392892,331600
2015-03-27,84.529296875,84.529296875,84.42228855271237,84.45286319215401,153500
2015-03-30,84.44523620605469,84.47580501843271,84.39937132445354,84.4605206122437,207700
2015-03-31,84.53697204589844,84.53697204589844,84.42231856511168,84.42231856511168,265800
2015-04-01,84.5806655883789,84.61130590820821,84.50406771082739,84.56534835048599,226500
2015-04-02,84.45039367675781,84.50401274056877,84.38145738501785,84.50401274056877,267000
2015-04-06,84.44273376464844,84.68019463241173,84.41975500029322,84.53465466610903,282800
2015-04-07,84.54234313964844,84.56532191132528,84.45042220889941,84.50404129082594,242900
2015-04-08,84.51930236816406,84.58058294794776,84.48100638882755,84.58058294794776,250200
2015-04-09,84.44273376464844,84.54997189433259,84.35847439931949,84.54997189433259,362900
2015-04-10,84.39679718017578,84.54999287658801,84.3891356421428,84.54999287658801,233700
2015-04-13,84.4274673461914,84.4504461243756,84.36618670833802,84.40448856800721,484500
2015-04-14,84.38917541503906,84.57301735022848,84.38917541503906,84.55769426694071,410800
2015-04-15,84.48106384277344,84.51935984815432,84.42744476000682,84.4351062986997,173900
2015-04-16,84.44273376464844,84.53465466610903,84.38145900771445,84.53465466610903,263600
2015-04-17,84.5040054321289,84.51932265873317,84.38910577845992,84.38910577845992,224300
2015-04-20,84.43511962890625,84.49639441599777,84.3891562335343,84.49639441599777,227300
2015-04-21,84.38146209716797,84.45039839275756,84.35847748793145,84.38911778954015,215900
2015-04-22,84.25123596191406,84.41975469195646,84.22825719764279,84.41975469195646,493900
2015-04-23,84.21292114257812,84.30483617911445,84.15930208991912,84.25121712645544,316100
2015-04-24,84.32015991210938,84.33547713697327,84.19759873704425,84.25887932457681,189000
2015-04-27,84.2588882446289,84.33548606513439,84.20526918587116,84.33548606513439,296300
2015-04-28,84.18231201171875,84.26657138909387,84.1363486323974,84.25890985186687,245500
2015-04-29,84.04444122314453,84.13635630208482,83.90656276069296,84.07508153080501,244500
2015-04-30,83.93721008300781,83.99849070345,83.82231038068913,83.96018885466323,260500
2015-05-01,83.7721176147461,83.91029233402936,83.64162089558914,83.91029233402936,271500
2015-05-04,83.77985382080078,83.81055998604103,83.68006317622162,83.77217581534018,288000
2015-05-05,83.71837615966797,83.82584472584334,83.59555745115223,83.77211044275565,233900
2015-05-06,83.41139221191406,83.70309199910402,83.41139221191406,83.68006383914194,290000
2015-05-07,83.62628173828125,83.62628173828125,83.48810700084536,83.4957791453815,235800
2015-05-08,83.60325622558594,83.74910311215321,83.595578224209,83.72607496462147,319200
2015-05-11,83.31157684326172,83.5879264134291,83.31157684326172,83.5879264134291,685300
2015-05-12,83.45743560791016,83.48814176863861,83.2424983394123,83.34228896932879,242500
2015-05-13,83.31157684326172,83.55722025489929,83.26552053376746,83.55722025489929,342800
2015-05-14,83.41900634765625,83.46506849214902,83.31921577168521,83.40365620389076,292600
2015-05-15,83.46511840820312,83.47279055637509,83.38835007367017,83.44208439388224,275700
2015-05-18,83.18873596191406,83.41902330479732,83.18873596191406,83.41902330479732,287200
2015-05-19,83.09664916992188,83.28088028573885,83.09664916992188,83.13503333665946,259200
2015-05-20,83.10436248779297,83.29627168982498,83.10436248779297,83.12739065498016,247800
2015-05-21,83.3652572631836,83.38061326082172,83.09658587048759,83.18102628770592,286800
2015-05-22,83.22710418701172,83.25781033366727,83.10428545698815,83.24246018863882,200400
2015-05-26,83.34994506835938,83.4343855240204,83.18874215935192,83.2501486080692,316100
2015-05-27,83.41139221191406,83.4267423663547,83.30391770442068,83.4267423663547,162800
2015-05-28,83.4036865234375,83.48812698633951,83.38065837111883,83.4113645264105,411800
2015-05-29,83.5264892578125,83.6109297045089,83.44972681261554,83.48811096351359,203300
2015-06-01,83.41803741455078,83.61035121835124,83.37957230621008,83.59496282743434,249200
2015-06-02,83.12565612792969,83.36412906182565,83.11027361716894,83.36412906182565,429300
2015-06-03,83.04881286621094,83.10266050983309,83.01035361731111,83.10266050983309,741500
2015-06-04,83.2179946899414,83.25645978223133,83.04875767418427,83.10260528202072,222400
2015-06-05,82.99493408203125,83.03339918545156,82.83339121177735,82.94108645861328,266200
2015-06-08,82.98729705810547,83.07191564876389,82.93344939759146,82.98729705810547,288300
2015-06-09,82.80264282226562,83.01803337451622,82.78726029808446,82.97957412958712,317000
2015-06-10,82.8257064819336,82.87955411150482,82.75647633060693,82.81032396017815,208600
2015-06-11,83.02568817138672,83.07184159098057,82.82568023823072,82.96414636596187,343700
2015-06-12,83.14879608154297,83.22572630071086,82.9872531854035,82.9872531854035,157900
2015-06-15,83.17957305908203,83.27958000370995,83.08726617967429,83.19496145161808,469200
2015-06-16,83.32575225830078,83.34113478535805,83.19498023697683,83.2411336871021,140300
2015-06-17,83.30264282226562,83.3257195382666,83.08725231432176,83.3257195382666,148500
2015-06-18,83.27963256835938,83.37193950602965,83.18731976173325,83.2565558339418,239400
2015-06-19,83.42571258544922,83.4487951681846,83.31032901652529,83.31032901652529,190700
2015-06-22,83.17186737060547,83.29494514044212,83.07955464151479,83.2564859050342,234800
2015-06-23,83.14879608154297,83.24880301888054,83.07956592703394,83.14879608154297,439600
2015-06-24,83.37187957763672,83.37187957763672,83.21033668387625,83.30264942414722,158200
2015-06-25,83.27963256835938,83.36425117386102,83.21039649615082,83.34116857048761,169900
2015-06-26,83.17957305908203,83.24880908758999,83.15649633923009,83.23342069505392,206900
2015-06-29,83.53341674804688,83.53341674804688,83.1334066388496,83.32572043285721,354600
2015-06-30,83.24109649658203,83.40263936879975,83.19494306707722,83.37956265404735,272300
2015-07-01,83.25114440917969,83.3436563656833,83.14321673406738,83.14321673406738,212300
2015-07-02,83.37449645996094,83.3899121790828,83.23573146139476,83.25114718051663,204400
2015-07-06,83.50552368164062,83.61345132547962,83.43614414557932,83.52865019366105,251300
2015-07-07,83.49008178710938,83.74447922117695,83.49008178710938,83.59029860164426,349700
2015-07-08,83.79845428466797,83.83700238553696,83.60572554355178,83.7907493697857,180600
2015-07-09,83.66741180419922,83.75221293262928,83.62886957957706,83.68283339934027,189600
2015-07-10,83.57490539550781,83.6442849284944,83.52864649190155,83.54406808697537,250300
2015-07-13,83.53638458251953,83.56722190112717,83.42074610814518,83.5132580639681,262600
2015-07-14,83.61347961425781,83.65973265394737,83.53638925423607,83.57493737505567,311600
2015-07-15,83.56720733642578,83.62888196289195,83.5132435086719,83.59804464965887,248800
2015-07-16,83.63660430908203,83.7136946674216,83.52867663108316,83.52867663108316,185200
2015-07-17,83.7830810546875,83.80620757428922,83.58264141544367,83.59035221585005,134900
2015-07-20,83.79845428466797,83.81387587766133,83.68282174528979,83.77532777679234,212800
2015-07-21,83.86782836914062,83.88324407843871,83.72906345900336,83.80615376872103,185700
2015-07-22,83.92955017089844,83.99121892438643,83.80620090068858,83.86016473600115,577600
2015-07-23,84.02974700927734,84.14538545212697,83.9141085664277,83.95265667458276,216600
2015-07-24,84.09915161132812,84.10686241158041,83.94497089598622,83.99122393426534,113500
2015-07-27,84.16082763671875,84.19937575699798,84.10686379729826,84.10686379729826,269900
2015-07-28,84.08373260498047,84.13769644140201,84.0606060867451,84.12998564145121,144500
2015-07-29,83.99887084960938,84.07596114864971,83.96032864089563,84.03741893993595,110600
2015-07-30,84.00663757324219,84.09143872312859,83.96038453934659,83.97580025677289,162100
2015-07-31,84.17623901367188,84.24561856380699,84.1068535819201,84.1299800986318,172300
2015-08-03,84.28437805175781,84.31528045628464,84.11441777387579,84.11441777387579,365500
2015-08-04,84.10671997070312,84.26895321903838,84.06036340401259,84.26122614225118,168300
2015-08-05,84.06808471679688,84.15306487353156,83.99083163631958,84.10671420405163,163200
2015-08-06,84.10671997070312,84.1994213160189,84.05264222125804,84.06036340401259,191500
2015-08-07,84.12215423583984,84.19168612729212,84.06807649539103,84.0989789033663,272300
2015-08-10,83.90582275390625,84.09123126238242,83.90582275390625,84.09123126238242,337700
2015-08-11,84.27664184570312,84.31527132068389,84.09896040646451,84.10668748026674,201400
2015-08-12,84.06034851074219,84.36163961770293,84.06034851074219,84.27665947019794,187300
2015-08-13,84.14530944824219,84.23801665000069,84.06032932013778,84.12213412131013,260400
2015-08-14,84.1530532836914,84.19940394678775,84.02944365672589,84.0526248823055,159400
2015-08-17,84.16080474853516,84.26896025645755,84.12990233283831,84.22260368589572,204700
2015-08-18,84.03717041015625,84.16078003664849,84.02944333499264,84.12987763002543,162100
2015-08-19,84.2303237915039,84.25349912785,83.99856453401021,84.02173987035631,328200
2015-08-20,84.20708465576172,84.34614246251401,84.1066563096738,84.1066563096738,716100
2015-08-21,84.39254760742188,84.39254760742188,84.22258730117001,84.28439212054013,319400
2015-08-24,84.13761138916016,84.59340866148858,84.10670898008217,84.58568158571113,641900
2015-08-25,83.9985580444336,84.20714194946636,83.93675322293048,84.01400630279328,406200
2015-08-26,83.92127990722656,84.12214258422885,83.68952072056007,83.81312444130936,304100
2015-08-27,84.1298828125,84.2071358868008,83.97537076986663,84.12215573686039,266000
2015-08-28,84.14530944824219,84.20711424941452,84.075783467446,84.12213412131013,188400
2015-08-31,84.08353424072266,84.20714388657241,84.02173531183011,84.14533906364754,349300
2015-09-01,84.34518432617188,84.40711887757847,84.12068191352984,84.2987363658189,372500
2015-09-02,84.2213363647461,84.35294288048875,84.19036908344106,84.24456034912363,138600
2015-09-03,84.29105377197266,84.42266626509256,84.24460577817044,84.42266626509256,280900
2015-09-04,84.38385009765625,84.38385009765625,84.19030915706529,84.32191557913096,125700
2015-09-08,84.15164947509766,84.22907062325486,84.10520151132681,84.19810334527284,255200
2015-09-09,84.16710662841797,84.19807389556865,83.99678961229034,84.12839606787904,298400
2015-09-10,84.07421875,84.13615329455799,84.02777079478314,84.12840999988742,169100
2015-09-11,84.1052017211914,84.18261696313743,84.05101046118874,84.09745842507549,247100
2015-09-14,84.07421875,84.12067261162012,84.02777079478314,84.105186022279,187500
2015-09-15,83.74908447265625,84.05875133793191,83.74908447265625,84.04326474614582,264700
2015-09-16,83.7568130493164,83.94261077326846,83.7413264602519,83.8342282754295,232000
2015-09-17,84.15164947509766,84.15164947509766,83.7877972482188,83.83424521198964,280000
2015-09-18,84.34518432617188,84.34518432617188,84.12841930265272,84.16712987388281,216300
2015-09-21,84.2522964477539,84.26003383761537,84.11294664698943,84.26003383761537,206800
2015-09-22,84.48448944091797,84.50771931521516,84.3219157592424,84.3219157592424,327700
2015-09-23,84.46906280517578,84.50777338070282,84.39938495050804,84.49228678793017,128100
2015-09-24,84.50005340576172,84.6626272363163,84.4923101072383,84.5387580855664,571600
2015-09-25,84.46128845214844,84.53870366833215,84.46128845214844,84.4999990134415,240200
2015-09-28,84.68580627441406,84.72451684007746,84.56194309581672,84.59290446066375,273700
2015-09-29,84.83293914794922,84.84841983763775,84.7090700048176,84.7168133028648,361800
2015-09-30,84.80972290039062,84.83294689024589,84.61618177638827,84.82520359149201,367500
2015-10-01,84.79650115966797,85.05251536755878,84.79650115966797,84.92838816358037,1520600
2015-10-02,85.07579803466797,85.18441156194275,84.97493838863188,85.03700495250128,425700
2015-10-05,84.94390106201172,85.03700090338278,84.83528753990868,85.03700090338278,262800
2015-10-06,84.99819946289062,85.0525062186007,84.89734575056977,84.99044558278379,363100
2015-10-07,84.8896255493164,84.95945193579644,84.81204527911264,84.95945193579644,300700
2015-10-08,84.80422973632812,84.95163629612465,84.74216911235341,84.95163629612465,226400
2015-10-09,84.8120346069336,84.86634138114215,84.734454346492,84.7422141482345,238100
2015-10-12,84.9671630859375,84.99044248238613,84.84303589983932,84.9438896084811,149400
2015-10-13,84.9128646850586,84.99045084286833,84.87407752514653,84.94389796438392,269800
2015-10-14,85.02926635742188,85.04478596175626,84.92065280306034,84.9827193824083,313400
2015-10-15,84.89735412597656,85.05251460931458,84.85856104564553,85.05251460931458,208200
2015-10-16,84.9206314086914,85.03700473590177,84.9206314086914,85.03700473590177,144300
2015-10-19,84.99048614501953,85.06806641606066,84.91289995498313,84.96720673661144,311500
2015-10-20,84.9671630859375,85.0059561610263,84.92061613102472,85.0059561610263,243400
2015-10-21,85.06805419921875,85.14563445911838,84.99822782201299,85.06805419921875,210400
2015-10-22,85.09130096435547,85.12233424236892,84.96716785230163,85.10681464386592,230100
2015-10-23,84.9671630859375,85.04474923611512,84.92837592984093,85.01371595984251,171600
2015-10-26,85.05254364013672,85.10685041974077,85.02927015159142,85.08357693119547,213500
2015-10-27,85.12236785888672,85.16891483479294,85.07582088298048,85.12236785888672,181600
2015-10-28,85.02153015136719,85.21548382641164,84.99825665740128,85.16117703415905,185600
2015-10-29,84.95941925048828,85.14561301114452,84.95941925048828,85.14561301114452,216900
2015-10-30,85.11459350585938,85.13011310783824,84.974946683019,85.00597996798285,192000
2015-11-02,85.0640869140625,85.13405680461152,84.93970456476154,85.13405680461152,373200
2015-11-03,84.9319076538086,85.0873870344873,84.9319076538086,85.01742309252934,291200
2015-11-04,84.9630126953125,85.04075239295263,84.91637006296017,84.97078844442413,234500
2015-11-05,84.95525360107422,85.03299331395466,84.91638671021394,84.97857492182236,317300
2015-11-06,84.6675796508789,84.85415606776886,84.6598039035876,84.84638032047755,267400
2015-11-09,84.61314392089844,84.73753213612679,84.58982261333226,84.72198657480152,387200
2015-11-10,84.6598129272461,84.73755261497318,84.56652174327878,84.56652174327878,211300
2015-11-11,84.69867706298828,84.69867706298828,84.60539181319955,84.65981018596224,174700
2015-11-12,84.7686538696289,84.77642961813366,84.65981711519545,84.71423549241217,463300
2015-11-13,84.85417938232422,84.86972495002078,84.70646979899138,84.72202129784694,293000
2015-11-16,84.80745697021484,84.93184512811145,84.78413567339769,84.9007480886373,235000
2015-11-17,84.9630126953125,84.97078844442413,84.78420605269734,84.78420605269734,317500
2015-11-18,85.11847686767578,85.12625261539677,84.8930276330285,84.98631881220734,262400
2015-11-19,85.26617431640625,85.27395006302359,85.0873677311483,85.0873677311483,262000
2015-11-20,85.28173065185547,85.32060345869604,85.25063952377212,85.28173065185547,224200
2015-11-23,85.35948944091797,85.39058057380029,85.28174381523665,85.3439379433183,290700
2015-11-24,85.42164611816406,85.4371976100254,85.33613070639569,85.38277925082336,225200
2015-11-25,85.46833801269531,85.48388358128514,85.35950123908853,85.42946519448175,257600
2015-11-27,85.4839096069336,85.49946111141742,85.40616987799788,85.49946111141742,118400
2015-11-30,85.53825378417969,85.54602952967416,85.42164132638642,85.4760596825358,212700
2015-12-01,85.65196990966797,85.722083755158,85.51953991007409,85.55849270683103,760900
2015-12-02,85.69097137451172,85.7455017549245,85.60527992766795,85.69876312696088,376000
2015-12-03,85.41832733154297,85.65981818939481,85.3248441236489,85.65981818939481,330200
2015-12-04,85.55852508544922,85.64421651605355,85.4183032847662,85.47283365484489,450900
2015-12-07,85.64424896240234,85.67541003473336,85.49623535467177,85.49623535467177,311000
2015-12-08,85.69879150390625,85.77669122409533,85.63646935040792,85.7221608256262,220200
2015-12-09,85.7922592163086,85.81563447878753,85.64425154747741,85.75331233224439,472200
2015-12-10,85.83116149902344,85.89348360886599,85.7376783342596,85.82336974945224,413300
2015-12-11,85.98698425292969,86.06488988313596,85.87792350267907,85.92466806947586,1575000
2015-12-14,85.78445434570312,85.95583129556925,85.69097114665875,85.95583129556925,500300
2015-12-15,85.69879150390625,85.8078523008445,85.69099974887705,85.8078523008445,285700
2015-12-16,85.7065200805664,85.76105044262005,85.57409005034528,85.65198971851278,373900
2015-12-17,85.96359252929688,85.9713842789591,85.74547108566294,85.82337075219455,468800
2015-12-18,86.11942291259766,86.15836978553607,85.89350965343975,86.02593971948791,459000
2015-12-21,86.15837860107422,86.17396210653631,85.97920989182168,86.16617035380526,380500
2015-12-22,86.135009765625,86.16617083335667,86.05711006797878,86.11943220344213,568300
2015-12-23,86.17395782470703,86.17395782470703,86.02594424700136,86.13500500635324,321400
2015-12-24,86.16300201416016,86.2020310301321,86.084949937208,86.2020310301321,201800
2015-12-28,86.20208740234375,86.28794652963659,86.13183631865161,86.28794652963659,435800
2015-12-29,86.2254409790039,86.28007802515144,86.17080393285637,86.28007802515144,345800
2015-12-30,86.28009796142578,86.2879049569626,86.19423887549904,86.27229096588896,657000
2015-12-31,86.41280364990234,86.42841764396451,86.27230747831256,86.34255854160442,519500
2016-01-04,86.2254409790039,86.44398916359405,86.2254409790039,86.35032310377339,1653700
2016-01-05,86.32694244384766,86.36597147305804,86.25669733726153,86.25669733726153,389100
2016-01-06,86.7093734741211,86.73279445696032,86.45960325209568,86.45960325209568,351200
2016-01-07,86.83429718017578,86.83429718017578,86.67819296050126,86.79526814776001,1011900
2016-01-08,86.87333679199219,86.95919590976735,86.63917447896995,86.67820351613865,638300
2016-01-11,86.7327880859375,86.85767021028099,86.71717409852495,86.77961813819238,498100
2016-01-12,86.76403045654297,86.8342755514015,86.71719443831117,86.73280842938603,745100
2016-01-13,86.80305480957031,86.84208383284259,86.66255866278009,86.70158768605238,490200
2016-01-14,86.64696502685547,86.84209826566156,86.57671396428846,86.8030692359028,473000
2016-01-15,86.9123764038086,86.92018340372613,86.72505009076069,86.74846513551716,549300
2016-01-19,86.904541015625,86.92796200772689,86.76405079297875,86.8577109414096,858300
2016-01-20,87.03722381591797,87.19332801117562,86.9357507295065,87.1152759135468,513000
2016-01-21,86.98258209228516,87.14649327502272,86.91233103968734,87.06844118157527,706300
2016-01-22,86.87333679199219,86.99821899194106,86.81089271452026,86.88894483386268,504800
2016-01-25,86.92018127441406,86.92798827414035,86.81090709823003,86.85773718659577,329400
2016-01-26,86.89673614501953,86.92015118109569,86.81087704274432,86.87332110894337,317200
2016-01-27,86.94355773925781,86.959171731782,86.83428361156183,86.83428361156183,294200
2016-01-28,86.95915222167969,86.96695326119821,86.83426412947934,86.94353823265864,261000
2016-01-29,87.07625579833984,87.09967083452538,86.9357596262327,86.95137362035236,431700
2016-02-01,86.87600708007812,87.10281767762295,86.87600708007812,87.07934957417542,788100
2016-02-02,87.10281372070312,87.13409855690597,86.97767437589181,87.02459864670986,723600
2016-02-03,87.18103790283203,87.3531015482142,87.12629092175348,87.17321520068555,356100
2016-02-04,87.2514419555664,87.29837221095694,87.19669496342297,87.29054950722941,464600
2016-02-05,87.32186126708984,87.32186126708984,87.16543697920366,87.26711425807379,363900
2016-02-08,87.54865264892578,87.55646938635917,87.38441165819762,87.40787380444806,402800
2016-02-09,87.55645751953125,87.6424893554394,87.43914680417862,87.6424893554394,259100
2016-02-10,87.57987976074219,87.59551919227349,87.46256313985829,87.52513279992587,365400
2016-02-11,87.7129135131836,87.80676211944903,87.63470435230356,87.76766052249727,408000
2016-02-12,87.49390411376953,87.67378454317709,87.43915711782267,87.67378454317709,458600
2016-02-16,87.54081726074219,87.66595067827231,87.4704248652149,87.66595067827231,325700
2016-02-17,87.42353820800781,87.48610792719103,87.32186688956773,87.40007605505832,455200
2016-02-18,87.41570281982422,87.45481038038453,87.27492395557344,87.29839207209523,551000
2016-02-19,87.35310363769531,87.42349005777706,87.2905339529736,87.40785062008341,824800
2016-02-22,87.26705932617188,87.36090787285238,87.26705932617188,87.33744573618226,368300
2016-02-23,87.29833984375,87.29833984375,87.18102319923254,87.26705500741384,509500
2016-02-24,87.18103790283203,87.33745614392123,87.14193035907303,87.32181670660168,384000
2016-02-25,87.24361419677734,87.29053847926502,87.20450665005504,87.29053847926502,408800
2016-02-26,87.10281372070312,87.20448496313305,87.05588348291269,87.20448496313305,427900
2016-02-29,87.09500885009766,87.18104067552488,87.06372400749015,87.11847099030987,457000
2016-03-01,86.93122100830078,87.19761993427419,86.93122100830078,87.0957648619156,439300
2016-03-02,86.83724975585938,86.93126803420046,86.83724975585938,86.92343716284829,323900
2016-03-03,86.89212036132812,86.95480321649029,86.83727435750275,86.89212036132812,353500
2016-03-04,86.7353744506836,86.90774923644095,86.67269760130553,86.89208151853728,367400
2016-03-07,86.7589111328125,86.7589111328125,86.65705001357814,86.71973285960463,332900
2016-03-08,86.83724975585938,86.86859117456119,86.77456691845572,86.84508062721153,408400
2016-03-09,86.8137435913086,86.86858957858804,86.79023304439087,86.8137435913086,340600
2016-03-10,86.86860656738281,86.89211114113301,86.78241914512178,86.87643744012259,384600
2016-03-11,86.79808044433594,86.91560928215394,86.77457587232534,86.91560928215394,263500
2016-03-14,86.86076354980469,86.89994182178368,86.7980807057443,86.86860039975349,323100
2016-03-15,86.8450698852539,86.87641130007908,86.78239303336721,86.83723901487035,209500
2016-03-16,86.8763656616211,86.9468853023728,86.79017831056929,86.85286110729069,271300
2016-03-17,86.98611450195312,87.02529276998744,86.86859165337899,86.92343764196839,303000
2016-03-18,87.0174789428711,87.08016179720413,86.97830664223744,87.08016179720413,346000
2016-03-21,87.03309631347656,87.0566008741967,86.9939180604349,87.04876402803595,355200
2016-03-22,87.04879760742188,87.15065871351864,87.02529303763477,87.15065871351864,291900
2016-03-23,87.13495635986328,87.13495635986328,87.0174275718139,87.0174275718139,735500
2016-03-24,87.02527618408203,87.16630955325627,87.02527618408203,87.16630955325627,341000
2016-03-28,87.12715911865234,87.15066966915938,87.04097170008873,87.14283281899037,515600
2016-03-29,87.24468994140625,87.32304051158013,87.12716109726276,87.189843944508,313700
2016-03-30,87.33869171142578,87.33869171142578,87.20549517866874,87.28384572865737,295300
2016-03-31,87.47975158691406,87.47975158691406,87.34655501381667,87.47191473621257,411000
2016-04-01,87.41851043701172,87.49698891534496,87.32433267049737,87.42636008110226,461400
2016-04-04,87.56758880615234,87.56758880615234,87.44201850089024,87.49695401256199,847400
2016-04-05,87.66963958740234,87.70103217424497,87.6068544137171,87.69318253065339,425300
2016-04-06,87.71675109863281,87.81877853255757,87.67751484426022,87.81092888667287,304500
2016-04-07,88.01497650146484,88.01497650146484,87.81092762407472,87.8972557649888,393700
2016-04-08,88.0306167602539,88.0306167602539,87.94428867135916,88.0070738246502,409000
2016-04-11,88.01497650146484,88.05421275527327,87.98358390590288,88.03851945125497,276200
2016-04-12,87.97569274902344,88.04632755259037,87.96784310695544,88.03062826845435,302000
2016-04-13,88.0306167602539,88.0541596958576,87.95213831240099,88.0070738246502,334100
2016-04-14,88.01497650146484,88.04636909702681,87.96004095611273,87.98358390590288,324200
2016-04-15,88.10127258300781,88.13266516714627,88.03848741473091,88.05418071303853,366200
2016-04-18,88.14045715332031,88.14830679163416,88.03058616700531,88.08552166016281,1008900
2016-04-19,88.0777359008789,88.21114990230576,87.95216555540166,88.21114990230576,910600
2016-04-20,87.9835433959961,88.17189289512154,87.97569375383844,88.06202185500482,326000
2016-04-21,88.00714111328125,88.08561962113738,87.93651225246863,88.03853371392897,378400
2016-04-22,87.93647766113281,87.9914131937749,87.89723542887819,87.98356354981918,427700
2016-04-25,87.90507507324219,87.96001059963511,87.89722543017939,87.92861801490726,286000
2016-04-26,87.89724731445312,87.96003249954083,87.85016141939974,87.89724731445312,237300
2016-04-27,87.9285888671875,87.97567473490899,87.88150299946601,87.95213180104825,217500
2016-04-28,88.0306167602539,88.0541596958576,87.94428867135916,88.02277310673387,535700
2016-04-29,88.06205749511719,88.11699303740883,87.94433676519935,88.03066490130409,319300
2016-05-02,88.03056335449219,88.11704558717074,88.00697838161857,88.11704558717074,429500
2016-05-03,88.28217315673828,88.3057581367613,88.15637859899597,88.15637859899597,459100
2016-05-04,88.2978744506836,88.37649903054718,88.19567089435954,88.32145942535735,310000
2016-05-05,88.35294342041016,88.36867074196296,88.26646114651683,88.32935843629664,430500
2016-05-06,88.32930755615234,88.3764834954204,88.27427395884982,88.36861983917369,691100
2016-05-09,88.41582489013672,88.41582489013672,88.33720629108684,88.41582489013672,325100
2016-05-10,88.43155670166016,88.43941436321413,88.35293210040112,88.4079657223535,464400
2016-05-11,88.50231170654297,88.59665762919053,88.45514174432665,88.46299940588608,546100
2016-05-12,88.5809326171875,88.58879627716671,88.51017767201985,88.54948397548574,367900
2016-05-13,88.66742706298828,88.69101204795082,88.60452977094425,88.61239343200373,364900
2016-05-16,88.53375244140625,88.60450737841234,88.53375244140625,88.60450737841234,280700
2016-05-17,88.70672607421875,88.71458373588456,88.62810747005545,88.63596513172126,280500
2016-05-18,88.47080993652344,88.753841536283,88.43150365768598,88.753841536283,581600
2016-05-19,88.45518493652344,88.55738857063592,88.43159994389885,88.51807625078304,354400
2016-05-20,88.38436126708984,88.52587712067431,88.36863994923095,88.52587712067431,292400
2016-05-23,88.42372131347656,88.47875495302476,88.33723902301271,88.4630276284585,278300
2016-05-24,88.3215103149414,88.42371992837046,88.29006766273513,88.37654995184428,333100
2016-05-25,88.30572509765625,88.40792863892199,88.29000378292784,88.40007098066398,283500
2016-05-26,88.34510040283203,88.39227037887842,88.32150941659214,88.39227037887842,304600
2016-05-27,88.23499298095703,88.36078152592104,88.23499298095703,88.34506020713077,244400
2016-05-31,88.30572509765625,88.32144641238467,88.18779424344969,88.21924287111894,337300
2016-06-01,88.30970001220703,88.42784053733827,88.30970001220703,88.40421243231202,307600
2016-06-02,88.41998291015625,88.4278549403256,88.34909257434865,88.36484865305404,330000
2016-06-03,88.53021240234375,88.6168527694844,88.4908282321232,88.53021240234375,309000
2016-06-06,88.53021240234375,88.56171853668404,88.49870626800345,88.5538405008038,330700
2016-06-07,88.58540344238281,88.60115351506269,88.5696473605184,88.60115351506269,287600
2016-06-08,88.67986297607422,88.695619048536,88.64048481328167,88.6562348765625,271000
2016-06-09,88.82958221435547,88.83746025649255,88.71931366117812,88.750819820541,525900
2016-06-10,88.97917938232422,89.01855755003855,88.8610328608178,88.93979520542818,263600
2016-06-13,89.03433227539062,89.11309463650015,88.9870760605615,89.08158849021974,281900
2016-06-14,89.1839828491211,89.1839828491211,89.0973424512041,89.1524767035892,393100
2016-06-15,89.2312240600586,89.27060222846553,89.13670563935464,89.18396785429752,313600
2016-06-16,89.36512756347656,89.4281398488212,89.25485906871457,89.30999331609557,290700
2016-06-17,89.38087463378906,89.40450273611707,89.34936849429116,89.39662469894718,256400
2016-06-20,89.19973754882812,89.30212802023608,89.19973754882812,89.23912173508364,372300
2016-06-21,89.1681900024414,89.24695232920135,89.14456190533146,89.23908030295159,238800
2016-06-22,89.13672637939453,89.20761671371247,89.11309827101628,89.1997386745253,430100
2016-06-23,88.9240493774414,89.07369603657733,88.9240493774414,89.06582400816838,729500
2016-06-24,89.5856704711914,89.78257936901487,89.52266419086673,89.78257936901487,519000
2016-06-27,89.86921691894531,89.9322292064573,89.7904545641466,89.84558881342394,517200
2016-06-28,89.86921691894531,89.86921691894531,89.80620463143335,89.83771077518934,279400
2016-06-29,89.64080810546875,89.79046079640128,89.64080810546875,89.75895465045849,351600
2016-06-30,89.72743225097656,89.77469446592094,89.67229800785961,89.72743225097656,728900
2016-07-01,89.8237075805664,89.94207438176512,89.72901293553032,89.79214269888772,456800
2016-07-05,89.97361755371094,90.03674730605994,89.92627324964145,89.9815102778507,321800
2016-07-06,90.02099609375,90.07623313927238,89.9736457544548,90.03677552659077,423800
2016-07-07,90.89688110351562,90.89688110351562,89.93417337234074,89.97362495551599,272500
2016-07-08,89.94210815429688,90.00523192097113,89.87897836723475,89.91054326076582,373700
2016-07-11,89.8079605102539,89.94999952831766,89.80007380175293,89.93422009092754,371400
2016-07-12,89.7053451538086,89.85527684399736,89.6658875446897,89.8473841180964,427300
2016-07-13,89.68954467773438,89.76845385707114,89.65008707787376,89.76056113302211,338600
2016-07-14,89.58699035644531,89.6580128583031,89.56331819595495,89.65012013134407,365900
2016-07-15,89.4923324584961,89.57124169403453,89.43708937119156,89.57124169403453,414600
2016-07-18,89.46859741210938,89.51594773965228,89.42125310495143,89.500162290343,366400
2016-07-19,89.4843978881836,89.50017731975771,89.41337539513519,89.42916084709526,278400
2016-07-20,89.42127990722656,89.48440968261569,89.37393558587807,89.48440968261569,367100
2016-07-21,89.43706512451172,89.44495785204244,89.2950321512814,89.35815591036584,537500
2016-07-22,89.40545654296875,89.40545654296875,89.32654135231502,89.32654135231502,259200
2016-07-25,89.35814666748047,89.43705587346427,89.35814666748047,89.42127644042212,486000
2016-07-26,89.4133529663086,89.43702511792472,89.34233651146022,89.43702511792472,412400
2016-07-27,89.5238265991211,89.58695635005638,89.43702469668118,89.43702469668118,542000
2016-07-28,89.56333923339844,89.57123196221137,89.50810217248412,89.52388160972187,328700
2016-07-29,89.68954467773438,89.68954467773438,89.58695732625057,89.6264149261112,306000
2016-08-01,89.50931549072266,89.55674408951826,89.47769441449104,89.55674408951826,396600
2016-08-02,89.4539794921875,89.48559453709535,89.42235841617608,89.4539794921875,350700
2016-08-03,89.47769927978516,89.50141358047242,89.38283604593221,89.39074282319594,383100
2016-08-04,89.5963363647461,89.62005671389979,89.5331001936613,89.58052882975198,394700
2016-08-05,89.42236328125,89.50931973723641,89.39864294962324,89.50931973723641,270800
2016-08-08,89.4539794921875,89.51721561310676,89.43025916185125,89.46978701464143,389700
2016-08-09,89.525146484375,89.5567675688968,89.50143217875994,89.50143217875994,549000
2016-08-10,89.57255554199219,89.5883690963536,89.55674801873465,89.5804623191729,415900
2016-08-11,89.50931549072266,89.61998624198148,89.46188086082344,89.61998624198148,726100
2016-08-12,89.69117736816406,89.73070524248406,89.63584196278016,89.6516555249509,335100
2016-08-15,89.58838653564453,89.67534300824764,89.58838653564453,89.6674362295278,343300
2016-08-16,89.6516342163086,89.75439822156581,89.59629279297154,89.71487035664089,457900
2016-08-17,89.6832504272461,89.73858582019119,89.65163537222503,89.71487151337264,300400
2016-08-18,89.81761169433594,89.81761169433594,89.71484169081056,89.76227631978516,372600
2016-08-19,89.7385482788086,89.76226860680943,89.69902646101315,89.76226860680943,458200
2016-08-22,89.87300109863281,89.89671541182491,89.80975890938248,89.84928678544073,243100
2016-08-23,89.84130859375,89.88083040728725,89.80178074911042,89.86502288809282,294500
2016-08-24,89.81761169433594,89.87294706888673,89.80179814097657,89.87294706888673,233500
2016-08-25,89.81761169433594,89.8413259932715,89.7938913642969,89.8334192165918,230100
2016-08-26,89.74649810791016,89.88878998866042,89.70697627115533,89.85716890059304,411700
2016-08-29,89.86507415771484,89.91250277345935,89.78602445443876,89.84926662950194,275600
2016-08-30,89.82552337646484,89.87295801121476,89.76228724863866,89.87295801121476,337300
2016-08-31,89.80178833007812,89.8413161780546,89.78598080954923,89.82550262642287,313500
2016-09-01,89.76385498046875,89.81137833644803,89.71633766687421,89.75593945645949,454800
2016-09-02,89.6529312133789,89.74797183418082,89.63709413110274,89.69253298264178,304400
2016-09-06,89.73216247558594,89.76383664992433,89.65295891258943,89.65295891258943,359700
2016-09-07,89.73216247558594,89.74007799797879,89.66880204214213,89.70048225886403,370500
2016-09-08,89.61332702636719,89.73212628055867,89.60540546478613,89.70044607661555,313600
2016-09-09,89.4549560546875,89.56583378454191,89.43119740434486,89.56583378454191,538500
2016-09-12,89.38362884521484,89.45490475536849,89.35987020849696,89.45490475536849,346200
2016-09-13,89.20146179199219,89.42322314842907,89.1697815982155,89.42322314842907,420300
2016-09-14,89.16191101074219,89.26486716061228,89.05103329784141,89.24903007693311,376400
2016-09-15,89.16191101074219,89.20150674113123,89.10647215429181,89.19359122048272,419100
2016-09-16,89.18566131591797,89.2014983981159,89.0985422578753,89.17773975362819,528200
2016-09-19,89.09851837158203,89.17771584610298,89.09059681141594,89.09059681141594,348200
2016-09-20,89.1698226928711,89.20150290124788,89.14606404718398,89.1698226928711,217900
2016-09-21,89.14602661132812,89.19354992512739,89.0747507041983,89.15394817069124,490900
2016-09-22,89.26487731933594,89.28863596874963,89.18567980716269,89.18567980716269,370000
2016-09-23,89.24901580810547,89.25693132748846,89.16981227522584,89.19357696051846,403800
2016-09-26,89.28067779541016,89.32819507153725,89.25691311496664,89.29651487332586,307000
2016-09-27,89.39154815673828,89.42322835235859,89.29650756987736,89.36778347823845,315100
2016-09-28,89.40740203857422,89.4390822401492,89.37572183699923,89.41532359956312,301900
2016-09-29,89.39949798583984,89.4232626734607,89.33614361266298,89.3757393406008,561500
2016-09-30,89.29654693603516,89.3519857922159,89.25694516345656,89.30446849902731,508500
2016-10-03,89.25291442871094,89.3322561961856,89.23704849657155,89.3322561961856,579600
2016-10-04,89.07041931152344,89.25290475159053,89.04661738920062,89.21323689884855,449800
2016-10-05,88.91171264648438,89.14180794034785,88.89584671911555,89.14180794034785,599100
2016-10-06,88.8323745727539,88.86411248218973,88.70542898839787,88.85617649148396,473900
2016-10-07,88.84823608398438,88.85616602036839,88.72922045097206,88.82442811467267,422600
2016-10-10,88.7530746459961,88.76101064044127,88.68166280276965,88.76101064044127,216600
2016-10-11,88.65780639648438,88.73714813201386,88.6260684915953,88.7292181958314,402100
2016-10-12,88.5546875,88.57848942197373,88.49914766426525,88.57055343018645,284300
2016-10-13,88.51502227783203,88.6181720210214,88.50709233865491,88.6102360284556,419300
2016-10-14,88.39602661132812,88.50710631123071,88.39602661132812,88.47536838934573,319800
2016-10-17,88.42771911621094,88.46739301425372,88.39598726184104,88.43565510649688,373900
2016-10-18,88.4118881225586,88.44362604285581,88.34841228196419,88.34841228196419,359400
2016-10-19,88.3880844116211,88.44362425767284,88.33254456556935,88.37221242509818,351200
2016-10-20,88.5070571899414,88.5070571899414,88.40390748771577,88.43564539198624,402800
2016-10-21,88.51502227783203,88.57056211901528,88.49122035352332,88.57056211901528,524300
2016-10-24,88.35633850097656,88.54675994830512,88.35633850097656,88.54675994830512,361100
2016-10-25,88.49119567871094,88.52293358673569,88.40391794498963,88.40391794498963,437700
2016-10-26,88.42771911621094,88.48325894143866,88.42771911621094,88.47532900453966,249700
2016-10-27,88.27700805664062,88.43569160753309,88.26113606951772,88.41982567379962,472400
2016-10-28,88.37215423583984,88.41182812263435,88.26901060491346,88.29281251563606,327200
2016-10-31,88.43566131591797,88.44359730676113,88.3721854959474,88.38805747763372,452900
2016-11-01,88.34667205810547,88.41820491317432,88.29897742389755,88.38641051175638,352000
2016-11-02,88.52942657470703,88.56122095611686,88.4419935418696,88.50558230468923,539400
2016-11-03,88.56124877929688,88.57714900707623,88.48176583288038,88.53740450178793,420400
2016-11-04,88.60099792480469,88.6645867109322,88.56125341743488,88.57715364604698,486300
2016-11-07,88.52942657470703,88.57712117890085,88.46584387604561,88.51353241608123,380400
2016-11-08,88.48970794677734,88.61687943671465,88.4817578336064,88.56919088600812,286800
2016-11-09,87.75845336914062,88.26715144657774,87.70280864226649,88.26715144657774,900300
2016-11-10,87.29741668701172,87.6948373153993,87.10665041919226,87.55971575714533,1483500
2016-11-11,87.13052368164062,87.31333382288233,87.11462345639231,87.25769516283148,422100
2016-11-14,86.16879272460938,86.93184003879972,85.97008229703394,86.88414541255214,2206300
2016-11-15,86.48670196533203,86.52644646612946,86.3038918156465,86.3038918156465,942700
2016-11-16,86.28800201416016,86.42312969470059,86.27210785041666,86.40722946679693,795700
2016-11-17,86.16879272460938,86.28007007891874,86.09725381731849,86.25621973371445,584200
2016-11-18,86.16879272460938,86.25621973371445,86.10520393238659,86.23237545267115,675500
2016-11-21,86.11312866210938,86.31978915838454,86.01775155933595,86.22441205561111,693800
2016-11-22,85.92237091064453,86.14492557585142,85.87468235786014,86.0654426331575,952900
2016-11-23,85.62034606933594,85.81905648777975,85.54880716533259,85.76341781318192,1127900
2016-11-25,85.66797637939453,85.72361501616095,85.59644358819054,85.63618200636279,306300
2016-11-28,85.56474304199219,85.7555034252062,85.50910434421462,85.72370901731,893800
2016-11-29,85.10368347167969,85.55674290705409,85.0400946930616,85.50905435517038,1435600
2016-11-30,84.8095932006836,84.92087053549164,84.53139986366345,84.79369903749384,1213700
2016-12-01,84.82473754882812,84.94419900605659,84.6574939391331,84.8326971901978,1349600
2016-12-02,85.03974151611328,85.15123722733468,84.75303652266956,84.76100223805982,1279100
2016-12-05,84.99199676513672,85.05571036416623,84.87253528597219,84.87253528597219,1228800
2016-12-06,85.49369049072266,85.54943834660352,85.13531228521144,85.13531228521144,2292900
2016-12-07,86.1387939453125,86.2343582419461,85.64502280047972,85.64502280047972,2364400
2016-12-08,86.05120849609375,86.13084745308447,85.88395878753143,86.0432427775758,1899900
2016-12-09,85.939697265625,86.11490050902991,85.86801796399683,85.97951369891899,1437900
2016-12-12,85.77244567871094,85.93172963652835,85.61316779695524,85.82023390408702,1280800
2016-12-13,85.83612823486328,85.89187608093292,85.75648932277232,85.78834610282061,1491600
2016-12-14,85.69281768798828,86.01137956826844,85.6768923282024,85.8680270259455,1488400
2016-12-15,85.40613555908203,85.72469752498631,85.39021019501568,85.72469752498631,2051300
2016-12-16,85.46184539794922,85.52555897797623,85.35831538745137,85.37424074442742,1431700
2016-12-19,85.65296936035156,85.72464256679656,85.4618286577111,85.58925579280474,1901800
2016-12-20,85.68486022949219,85.68486022949219,85.57336447205608,85.65300950685022,2594300
2016-12-21,85.7803955078125,85.7803955078125,85.65297444122056,85.7087222971159,1389700
2016-12-22,85.90241241455078,85.95025807890077,85.70304736757461,85.7668456428002,1950200
2016-12-23,85.99014282226562,86.03001218548991,85.86254625801416,85.91836823383942,1136600
2016-12-27,85.96625518798828,85.99017803254632,85.88650426060609,85.95030256885522,1774300
2016-12-28,86.1814956665039,86.19744218831976,85.95820785626293,86.00605350584699,2711000
2016-12-29,86.32508850097656,86.35698764714763,86.1097768694969,86.13369970809019,2324900
2016-12-30,86.26922607421875,86.42074542646583,86.19745150794591,86.33302433665301,1382200
2017-01-03,86.18952178955078,86.23736746679104,85.99812691230964,86.07787781989681,1113900
2017-01-04,86.36495971679688,86.37292993984352,86.21344030095437,86.22141660814074,765700
2017-01-05,86.53240966796875,86.55633250096619,86.41278941884298,86.48455791783528,655600
2017-01-06,86.40483856201172,86.5005360063259,86.39686225395043,86.43673771011645,720800
2017-01-09,86.62015533447266,86.66800101403138,86.46863590368295,86.63610186627878,2183700
2017-01-10,86.59620666503906,86.64405841782704,86.57228383071455,86.58823644302352,921600
2017-01-11,86.859375,86.87532761322528,86.6759625368844,86.81152932860277,1329300
2017-01-12,87.1304931640625,87.17833882365159,86.99492032166377,87.03479576074653,1164100
2017-01-13,87.0507583618164,87.07468119435684,86.94708464195654,87.07468119435684,859700
2017-01-17,87.1065673828125,87.23415783210615,86.98694715375511,87.18631217413822,1626400
2017-01-18,86.9151611328125,87.0985796044227,86.89921461030312,87.08262699777653,754700
2017-01-19,86.55634307861328,86.88329864309827,86.5244439360056,86.8673521138641,1285000
2017-01-20,86.38884735107422,86.50846757356615,86.22138147324043,86.50846757356615,1096800
2017-01-23,86.48455810546875,86.62013096631267,86.30114566266477,86.43671243937007,1443600
2017-01-24,86.37291717529297,86.54038309661969,86.34899434140898,86.52443656874331,931000
2017-01-25,86.23733520507812,86.42872392657998,86.1974597662021,86.34100282836293,862000
2017-01-26,86.24535369873047,86.38889683110898,86.18155539897542,86.34902137272688,1266500
2017-01-27,86.37291717529297,86.42873914906855,86.30912497964863,86.42873914906855,579400
2017-01-30,86.37291717529297,86.49253742885172,86.37291717529297,86.48456112284411,1129700
2017-01-31,86.49253845214844,86.55633673268642,86.43671647771244,86.43671647771244,901700
2017-02-01,86.36151885986328,86.42543855526095,86.24167705063974,86.42543855526095,1536400
2017-02-02,86.48937225341797,86.58525181203751,86.4174671562423,86.58525181203751,680400
2017-02-03,86.45738220214844,86.66511812540544,86.401454003085,86.56923860027533,1627900
2017-02-06,86.60124206542969,86.68913015047484,86.45742575314851,86.67315326943007,1471200
2017-02-07,86.66512298583984,86.71305970323507,86.56125197052769,86.6331631423374,751600
2017-02-08,86.84088134765625,86.88881805526464,86.74500183672384,86.87284118463371,727000
2017-02-09,86.63316345214844,86.78497118539872,86.6091950933651,86.73702837211516,502700
2017-02-10,86.649169921875,86.6731443845639,86.56128184583926,86.56128184583926,458300
2017-02-13,86.58522033691406,86.665116892194,86.4973322973912,86.60918869392641,613700
2017-02-14,86.35348510742188,86.61714913148387,86.3375021446649,86.56121485754868,492300
2017-02-15,86.20172119140625,86.35352893607623,86.13780149936443,86.29760072946897,788000
2017-02-16,86.41744232177734,86.43341919576322,86.2576431033342,86.37749099323734,570200
2017-02-17,86.52928161621094,86.54525848703747,86.44139358737573,86.50530716639759,405200
2017-02-21,86.52928161621094,86.57721832440625,86.39345078346473,86.44937897493115,508300
2017-02-22,86.649169921875,86.649169921875,86.5772648209652,86.649169921875,473400
2017-02-23,86.72100830078125,86.79291334131398,86.63312029854313,86.76095351361704,473100
2017-02-24,86.97672271728516,86.99269959097165,86.84888334492607,86.84888334492607,669800
2017-02-27,86.8648452758789,87.00866148709255,86.84087692329585,86.93675033362808,1103000
2017-02-28,86.94478607177734,86.98473741022809,86.89684934221117,86.92081770699426,556200
2017-03-01,86.65890502929688,86.81102442924256,86.56283476257885,86.75498140424651,897000
2017-03-02,86.61891174316406,86.66694689535339,86.53084322532762,86.62691352970629,445200
2017-03-03,86.51480865478516,86.65091840349768,86.4507638351805,86.65091840349768,477800
2017-03-06,86.49080657958984,86.55485751890254,86.45077932369473,86.48279868511732,513400
2017-03-07,86.47480010986328,86.49881768593893,86.44277463901777,86.49080979116906,423100
2017-03-08,86.33069610595703,86.40274884049428,86.25063547594857,86.33069610595703,837700
2017-03-09,86.17053985595703,86.30664960040954,86.16253807140231,86.25860835191881,527600
2017-03-10,86.25862121582031,86.30666247147553,86.22659574812798,86.25061943007228,554900
2017-03-13,86.25862121582031,86.35469761889735,86.21859396237994,86.29865457749409,467200
2017-03-14,86.29061126708984,86.3386463947965,86.22656035799369,86.25858581254177,530700
2017-03-15,86.5628662109375,86.58688378634261,86.28264487592101,86.37872128577527,705200
2017-03-16,86.50682067871094,86.57086550853882,86.49080489007873,86.57086550853882,354500
2017-03-17,86.55486297607422,86.62691570616852,86.4667944560251,86.48280413774577,388600
2017-03-20,86.66697692871094,86.67498482626219,86.54688289838651,86.54688289838651,341900
2017-03-21,86.86710357666016,86.86710357666016,86.61891380679033,86.61891380679033,537400
2017-03-22,86.97119903564453,87.00322451363309,86.87512870991421,86.94718145421194,408500
2017-03-23,87.03528594970703,87.08332113241762,86.97123496726765,87.01927625821612,1096600
2017-03-24,87.09125518798828,87.10727097413735,87.00318668886649,87.0272042598574,612200
2017-03-27,87.22733306884766,87.22733306884766,87.16328826786338,87.20331550494969,439600
2017-03-28,87.17134094238281,87.26741736229654,87.15533125984776,87.26741736229654,467900
2017-03-29,87.34747314453125,87.34747314453125,87.29943799135708,87.33146346288457,402400
2017-03-30,87.19538116455078,87.31546907692372,87.19538116455078,87.24341632949995,550100
2017-03-31,87.22733306884766,87.25935852345523,87.16328826786338,87.21933128636893,347600
2017-04-03,87.28192901611328,87.28995222872301,87.19369203716046,87.24984228559242,1884500
2017-04-04,87.330078125,87.3862283836893,87.30600848277383,87.3862283836893,559800
2017-04-05,87.41027069091797,87.45839772385112,87.32203371726206,87.36214365798483,528400
2017-04-06,87.47450256347656,87.50658319357693,87.4343925959684,87.49054287852674,595800
2017-04-07,87.53060150146484,87.61883848228642,87.51455507590553,87.53060150146484,686400
2017-04-10,87.61080932617188,87.6348728429602,87.54663586812444,87.59476290170112,514500
2017-04-11,87.73912811279297,87.77121483376766,87.65891437031438,87.65891437031438,541300
2017-04-12,87.883544921875,87.89156813480227,87.74718090170283,87.78729084642092,554200
2017-04-13,87.9477310180664,87.97179454038636,87.8514708088674,87.89960397342651,338800
2017-04-17,87.93167877197266,87.95574229102567,87.87552852087616,87.89156882693871,449200
2017-04-18,88.19642639160156,88.20444960848464,88.02797555658503,88.07610873796214,927400
2017-04-19,88.13220977783203,88.18033681239977,88.08407662334636,88.18033681239977,462900
2017-04-20,88.02792358398438,88.14022407435868,87.99583685531775,88.13220698213033,950100
2017-04-21,88.04398345947266,88.1161740200634,87.41830745467824,88.1161740200634,538900
2017-04-24,87.83543395996094,87.89960743528769,87.77126048463417,87.85949748322861,638100
2017-04-25,87.61882019042969,87.82737471981588,87.59475055711565,87.80331120641878,446500
2017-04-26,87.68296813964844,87.76318799313101,87.62681791415999,87.75516478379964,473700
2017-04-27,87.73111724853516,87.79528457512205,87.67496701282369,87.72309403774304,352600
2017-04-28,87.69905853271484,87.73916235964957,87.63488506571692,87.69905853271484,519500
2017-05-01,87.54075622558594,87.7095358709262,87.53272347952252,87.66131486707677,546600
2017-05-02,87.66930389404297,87.66930389404297,87.56481693596012,87.57285580931966,420800
2017-05-03,87.74165344238281,87.78988056061603,87.6934324560146,87.74165344238281,397300
2017-05-04,87.71754455566406,87.72558343082765,87.64521307478707,87.6934340620384,450400
2017-05-05,87.7737808227539,87.78985856875907,87.71752097546275,87.74967033560962,293600
2017-05-08,87.7496566772461,87.77376716063756,87.71750732210332,87.75769554899742,428600
2017-05-09,87.7094955444336,87.74164490950754,87.69342392782882,87.71753441866818,463100
2017-05-10,87.79791259765625,87.83810084054987,87.75773048662758,87.79791259765625,511100
2017-05-11,87.87830352783203,87.90242015833397,87.81401090875937,87.83008253056094,411000
2017-05-12,88.02295684814453,88.03903459892594,87.95866424061477,87.95866424061477,320300
2017-05-15,88.03095245361328,88.07114067894776,88.02291358217393,88.04703019649197,448600
2017-05-16,88.14347839355469,88.15955613757656,88.05506919702252,88.08721855320356,438500
2017-05-17,88.4248046875,88.47303180247906,88.32032384679712,88.32032384679712,813800
2017-05-18,88.521240234375,88.53731798104326,88.448908769959,88.46498038476355,326200
2017-05-19,88.53730773925781,88.53730773925781,88.46497015134594,88.46497015134594,340500
2017-05-22,88.5614242553711,88.5935736153142,88.47301504849342,88.49712553548488,377100
2017-05-23,88.6498794555664,88.73024983119019,88.6096912018212,88.6498794555664,614600
2017-05-24,88.68196105957031,88.70607767417451,88.60962961134477,88.64981783715608,281500
2017-05-25,88.69806671142578,88.77039818241037,88.67395622109758,88.69806671142578,339800
2017-05-26,88.7784194946289,88.83467933822033,88.73019852351143,88.74627013659624,258800
2017-05-30,88.87487030029297,88.92309127289252,88.8105715822514,88.84272094127218,432900
2017-05-31,89.04365539550781,89.0516942687307,88.89094746359089,88.89094746359089,418500
2017-06-01,88.96797943115234,89.00018868718158,88.91161476892304,88.91161476892304,344100
2017-06-02,89.19343566894531,89.20954336816821,89.06460479159843,89.08070634753406,353900
2017-06-05,89.12094116210938,89.1853596519777,89.09678576423008,89.14509655998867,411100
2017-06-06,89.29007720947266,89.33034032045417,89.26592180019904,89.31423261874627,410100
2017-06-07,89.28199768066406,89.32226078006569,89.22563302747365,89.22563302747365,448700
2017-06-08,89.1773452758789,89.27397305345,89.15318986730814,89.27397305345,451200
2017-06-09,89.09679412841797,89.14510492871186,89.04847718483819,89.09679412841797,323400
2017-06-12,89.0807113647461,89.1209744717838,89.02434670086589,89.02434670086589,389500
2017-06-13,89.05653381347656,89.07264150960143,89.00016916361172,89.04043226063779,468500
2017-06-14,89.18537902832031,89.25784523770214,89.11290667565183,89.2095344314476,541000
2017-06-15,89.0807113647461,89.18539298572905,89.0807113647461,89.18539298572905,394600
2017-06-16,89.13704681396484,89.15315450881566,89.10484371083439,89.15315450881566,327600
2017-06-19,89.0807113647461,89.1209744717838,89.03240055093096,89.1209744717838,372400
2017-06-20,89.1531753540039,89.1773307586424,89.09681069541841,89.12901994936541,637000
2017-06-21,89.14512634277344,89.14512634277344,89.10486938062014,89.13707249302783,395500
2017-06-22,89.1773452758789,89.20955453506927,89.15318986730814,89.19344683383007,292600
2017-06-23,89.22565460205078,89.22565460205078,89.16124222803442,89.17734378571653,322500
2017-06-26,89.25787353515625,89.27398123787218,89.23371812437098,89.2498196837983,512100
2017-06-27,89.14512634277344,89.18538944821411,89.11291708707837,89.16123404226465,657200
2017-06-28,89.03241729736328,89.14514664632736,89.00826188591223,89.14514664632736,494700
2017-06-29,88.73445892333984,88.87134978493035,88.62172960905605,88.78277587466638,660600
2017-06-30,88.67002868652344,88.75860257893292,88.65392099156591,88.70223793315286,442600
2017-07-03,88.63133239746094,88.80075255544067,88.21987992514592,88.7604117846723,388000
2017-07-05,88.7361831665039,88.7361831665039,88.49415707990545,88.49415707990545,437900
2017-07-06,88.67971801757812,88.69585678459535,88.55063865712111,88.63938341030737,379500
2017-07-07,88.62325286865234,88.64745486628827,88.47803472770002,88.47803472770002,306600
2017-07-10,88.6554946899414,88.67969667950761,88.61515393724127,88.66356407150838,406200
2017-07-11,88.68782043457031,88.68782043457031,88.59100626181512,88.63134703924773,248600
2017-07-12,88.81690216064453,88.83304093409407,88.76042876384838,88.8249715473693,310600
2017-07-13,88.80879974365234,88.82493235484502,88.75232637177412,88.82493235484502,281600
2017-07-14,89.03470611572266,89.05083872924995,88.92175935562123,88.93789196914852,347100
2017-07-17,89.04281616210938,89.05087939498675,88.98634275626968,89.03474677409238,258700
2017-07-18,89.20414733886719,89.22027995620735,89.13960455923005,89.16380656280941,296800
2017-07-19,89.32514953613281,89.34935153592554,89.22026599684793,89.22026599684793,365700
2017-07-20,89.43003845214844,89.45424045506199,89.34129367137339,89.38163444632136,606200
2017-07-21,89.49454498291016,89.55908773463054,89.38966762771622,89.39773085532958,814600
2017-07-24,89.50262451171875,89.51068774024615,89.45421436487287,89.47842251586394,379900
2017-07-25,89.37354278564453,89.45421816029557,89.37354278564453,89.45421816029557,328200
2017-07-26,89.47034454345703,89.510679147631,89.35739780355281,89.38966917997341,452100
2017-07-27,89.38966369628906,89.45420029003549,89.38159431389502,89.41386568833589,493600
2017-07-28,89.40583038330078,89.43003238457229,89.38162838202928,89.39776099783107,393900
2017-07-31,89.44618225097656,89.44618225097656,89.38970885595852,89.38970885595852,344700
2017-08-01,89.49061584472656,89.49061584472656,89.37745985249937,89.39362235144364,403900
2017-08-02,89.53101348876953,89.57951331234979,89.45827300320656,89.52293532362138,740400
2017-08-03,89.71695709228516,89.71695709228516,89.6038010631497,89.6038010631497,452200
2017-08-04,89.61993408203125,89.61993408203125,89.49869992394488,89.57144041879671,370300
2017-08-07,89.68461608886719,89.68461608886719,89.62803808049978,89.62803808049978,365300
2017-08-08,89.62802124023438,89.6845992379713,89.61993690726074,89.64418990618164,336800
2017-08-09,89.71695709228516,89.81395061720458,89.684625917312,89.79778194644746,348300
2017-08-10,89.86236572265625,89.86236572265625,89.75729412077173,89.75729412077173,330100
2017-08-11,89.92707824707031,89.92707824707031,89.7896692551934,89.8139222536699,298400
2017-08-14,89.87049865722656,89.90282982141628,89.79775199616495,89.80583632884714,331800
2017-08-15,89.75736236572266,89.80585603938107,89.68461568869463,89.69270002315118,321600
2017-08-16,89.77351379394531,89.77351379394531,89.69268895897143,89.71693579280964,357500
2017-08-17,89.80586242675781,89.81394676178934,89.67653773241672,89.68462206744825,347400
2017-08-18,89.82199096679688,89.8462439627209,89.78158164000048,89.83007529877155,284900
2017-08-21,89.86236572265625,89.87852821274014,89.82195024764297,89.84620323257236,247000
2017-08-22,89.83818054199219,89.87051171087799,89.81393370696281,89.83818054199219,249500
2017-08-23,89.96744537353516,89.97552970256822,89.89470491184635,89.94319855297222,366500
2017-08-24,89.94327545166016,89.9756066288983,89.91094427442201,89.92711294631185,348200
2017-08-25,89.96744537353516,89.97552970256822,89.91086740337622,89.95128288200529,261400
2017-08-28,89.98363494873047,89.99171311310509,89.91088830359509,89.93513512979432,275100
2017-08-29,90.1048355102539,90.17757595677324,90.07250436740033,90.1048355102539,249800
2017-08-30,90.09676361083984,90.1210104296909,90.06443246352651,90.1210104296909,283700
2017-08-31,90.16149139404297,90.169569561837,90.1129915545773,90.12916022324596,204900
2017-09-01,90.07562255859375,90.11611209566144,90.01894091340058,90.11611209566144,232000
2017-09-05,90.27806854248047,90.32665722826312,90.17280438265206,90.22948603453455,411600
2017-09-06,90.25376892089844,90.3428409624324,90.22947766917757,90.26996720726979,359600
2017-09-07,90.39141845703125,90.41571588524187,90.33473681354471,90.33473681354471,403600
2017-09-08,90.41570281982422,90.41570281982422,90.33472375982885,90.35901500669348,274400
2017-09-11,90.25376892089844,90.3428409624324,90.22947766917757,90.28615931580498,368600
2017-09-12,90.19708251953125,90.23757205548907,90.12420876821018,90.20518166228999,398100
2017-09-13,90.09184265136719,90.18091471220728,90.01086973546823,90.17281556726614,381100
2017-09-14,90.09184265136719,90.108034763412,90.04325395955783,90.08374350642605,413700
2017-09-15,90.06752014160156,90.08371224802781,90.01083850235666,90.08371224802781,374500
2017-09-18,90.04325866699219,90.06755610308588,89.97038489222456,90.002775295845,508200
2017-09-19,90.04325866699219,90.06755610308588,89.98657700511588,90.04325866699219,421600
2017-09-20,89.86511993408203,90.09184657962,89.80843827269753,90.07564828903142,554700
2017-09-21,89.92987823486328,89.96226863232172,89.89748783740482,89.89748783740482,456000
2017-09-22,90.0351333618164,90.0351333618164,89.9865446849183,89.9865446849183,424500
2017-09-25,90.0837631225586,90.10805438483406,90.02708145130289,90.02708145130289,535500
2017-09-26,90.0594253540039,90.0594253540039,90.00274371201836,90.02703496174993,374000
2017-09-27,89.8165283203125,89.90560038214075,89.76794580580166,89.90560038214075,607200
2017-09-28,89.78412628173828,89.78412628173828,89.66267001120227,89.71935166339799,432400
2017-09-29,89.77604675292969,89.79223886547913,89.73555720479952,89.77604675292969,406300
2017-10-02,89.77525329589844,89.81581313285636,89.72657282623963,89.76713885270419,702300
2017-10-03,89.79955291748047,89.80766116778042,89.74276421786053,89.7752157875725,447700
2017-10-04,89.84828186035156,89.85639630509415,89.75904153670662,89.82394471563164,465300
2017-10-05,89.84828186035156,89.88073344981407,89.80771582614648,89.84828186035156,342100
2017-10-06,89.80762481689453,89.8157392534141,89.68593921660865,89.74272789324257,401400
2017-10-09,89.88069915771484,89.88069915771484,89.81579600355226,89.86447027442146,295600
2017-10-10,89.87257385253906,89.94559143952218,89.84823672004626,89.87257385253906,416500
2017-10-11,89.93746948242188,89.95369217289306,89.90501791197535,89.94558392240955,355400
2017-10-12,90.00243377685547,90.00243377685547,89.93753059186294,89.95375329335687,225200
2017-10-13,90.08351135253906,90.14030006157526,90.05105977744623,90.10784848648242,301500
2017-10-16,90.16462707519531,90.17274151543401,90.05104966987115,90.07538680108284,265900
2017-10-17,90.27820587158203,90.34310901548287,90.09161706974768,90.13217689255737,1023400
2017-10-18,90.22953796386719,90.23765240480246,90.16463481539479,90.18897194869571,356600
2017-10-19,90.25384521484375,90.35119990531899,90.23762252784931,90.30251946532994,513700
2017-10-20,90.12405395507812,90.14839727387415,90.04292812760305,90.13216839467681,379300
2017-10-23,90.1565170288086,90.18896860184054,90.10784276401301,90.12406545577664,316200
2017-10-24,90.0672836303711,90.0672836303711,90.0104949206034,90.05917537862224,582500
2017-10-25,89.84828186035156,89.96185932871644,89.77527042619178,89.96185932871644,1363700
2017-10-26,89.75894165039062,89.8400674390139,89.71026741511685,89.8400674390139,493100
2017-10-27,89.77525329589844,89.80769868966212,89.69412124296932,89.7184583830454,524600
2017-10-30,89.88069915771484,89.88069915771484,89.7184412723084,89.7184412723084,351600
2017-10-31,89.85633087158203,89.85633087158203,89.79142773991957,89.79142773991957,319700
2017-11-01,89.82630157470703,89.85881274382177,89.75315609485246,89.85881274382177,536100
2017-11-02,89.87504577636719,89.90755693620248,89.84253461653189,89.87504577636719,359000
2017-11-03,90.00505828857422,90.00505828857422,89.85063807492496,89.89127236236196,363400
2017-11-06,90.09449768066406,90.09449768066406,90.02947535426243,90.06198651746325,292100
2017-11-07,90.32205963134766,90.32205963134766,90.13512821470803,90.1595100341941,454300
2017-11-08,90.346435546875,90.41145165650362,90.31392439162627,90.37894050125489,339700
2017-11-09,90.26512908935547,90.38704433692169,90.26512908935547,90.37891500018605,412500
2017-11-10,90.00505828857422,90.07820992734948,89.9075310380311,90.03756943904457,490700
2017-11-13,90.00505828857422,90.0538281147137,89.95629466330266,90.0538281147137,410900
2017-11-14,89.95631408691406,90.02133640189454,89.89129177193357,89.94818474732418,518400
2017-11-15,90.07820129394531,90.09445376718882,89.95628604158325,90.06194261983447,501100
2017-11-16,89.98883056640625,90.02946486502026,89.9400669277216,90.01321238574859,397800
2017-11-17,89.94009399414062,89.9563464783033,89.89132413990964,89.91570596658939,367700
2017-11-20,89.85063171386719,89.92377714659614,89.79373875478885,89.89939533568648,319000
2017-11-21,89.82630157470703,89.92383508205126,89.79379660646376,89.91570573955471,502800
2017-11-22,89.67998504638672,89.79377721414892,89.57432842023555,89.79377721414892,403700
2017-11-24,89.52552795410156,89.64744321158865,89.50114614277766,89.50114614277766,259200
2017-11-27,89.4930648803711,89.62310334424342,89.4199132062353,89.60685086158597,437200
2017-11-28,89.3630142211914,89.37114356241027,89.24110510726086,89.37114356241027,452900
2017-11-29,89.20045471191406,89.22483653199683,89.11917991134824,89.22483653199683,598400
2017-11-30,89.4361343383789,89.46051615256339,89.15979264226205,89.19230379479747,1158000
2017-12-01,89.69265747070312,89.87996101550863,89.55421923189475,89.56236448506223,1043300
2017-12-04,89.7252426147461,89.79039222158148,89.58680435997724,89.64380871270609,701100
2017-12-05,90.0672607421875,90.08355124895563,89.82295905773695,89.85552764525735,621000
2017-12-06,90.58843994140625,90.59658519432426,90.27084342068699,90.30341821935147,805200
2017-12-07,90.50701904296875,90.56402339556233,90.43373039520921,90.45001469037517,788300
2017-12-08,90.03466796875,90.40112974178385,89.97766363245674,90.40112974178385,640300
2017-12-11,89.9288101196289,90.0346735470163,89.87995103206657,89.99395971171671,715500
2017-12-12,89.90435028076172,89.95320935186,89.68447203480952,89.69261728432755,852600
2017-12-13,90.22198486328125,90.38485264456024,89.92881788657299,89.92881788657299,1032600
2017-12-14,90.2871322631836,90.36856615184078,90.18940786899049,90.34413660654437,899800
2017-12-15,90.19755554199219,90.23013034093061,90.09983114517689,90.23013034093061,682400
2017-12-18,90.04285430908203,90.18943784258359,89.9858499467764,90.16500828916824,870300
2017-12-19,89.76593780517578,89.89623076974415,89.74150204962538,89.87994647905063,903500
2017-12-20,89.57051849365234,89.66824290896989,89.45650978228628,89.63566810386403,878300
2017-12-21,89.71491241455078,89.73122592788509,89.58437941125163,89.61701266207642,1043700
2017-12-22,89.74757385253906,89.74757385253906,89.64151419800913,89.69862084884905,763600
2017-12-26,89.8862075805664,89.95147406425754,89.77199434618414,89.77199434618414,893600
2017-12-27,90.31864929199219,90.39207569270883,90.06574927385887,90.09022266604484,880100
2017-12-28,90.29417419433594,90.39207398538943,90.25338105869066,90.34312097778337,1033700
2017-12-29,90.34307098388672,90.35939071877729,90.27781071678997,90.32675747315132,554100
2018-01-02,90.22071075439453,90.26150387329197,90.15545047797714,90.22887062300524,966900
2018-01-03,90.32679748535156,90.33495735641144,90.25337109412854,90.26153096518841,585000
2018-01-04,90.13916015625,90.31048010804587,90.13916015625,90.26153332872079,944500
2018-01-05,90.13093566894531,90.1717225449396,90.04119582794341,90.13093566894531,772100
2018-01-08,90.13916015625,90.22074019651116,90.09837324819847,90.22074019651116,730900
2018-01-09,90.04937744140625,90.22069731176839,89.96779743992263,90.1146439322552,671500
2018-01-10,89.87808990478516,89.91072316194948,89.7638766167887,89.8373030014478,737800
2018-01-11,89.91072845458984,89.9188883254006,89.77204177159564,89.89441493712607,703500
2018-01-12,89.7801513671875,89.78830500927462,89.68225164475363,89.73935826013482,532900
2018-01-16,89.8046646118164,89.95151114858469,89.7801912263812,89.82913799725162,1208000
2018-01-17,89.86177825927734,89.92704477496488,89.78835187308947,89.82098513093324,742800
2018-01-18,89.8291244506836,89.85359783242812,89.75569808129391,89.82096458205005,660500
2018-01-19,89.77204895019531,89.86994873527973,89.72310216973221,89.78836246896358,553500
2018-01-22,89.75572204589844,89.86994156479612,89.69861539852847,89.80467504661394,674900
2018-01-23,89.73941040039062,89.87809708630243,89.70677714061881,89.86178356849547,663000
2018-01-24,89.649658203125,89.73123822929283,89.55991830709328,89.73123822929283,852400
2018-01-25,89.73941040039062,89.74757027137305,89.58440397251398,89.6170372322858,508700
2018-01-26,89.53543090820312,89.64964417179364,89.4701644078211,89.60885105301585,650200
2018-01-29,89.26620483398438,89.42937107318946,89.23357158614336,89.41305133719115,843600
2018-01-30,89.22541046142578,89.31515032942566,89.13567059342589,89.22541046142578,1161700
2018-01-31,89.3070297241211,89.3070297241211,89.12754990921668,89.20912994576655,833100
2018-02-01,88.94083404541016,89.18603273787787,88.89996551811161,89.17785778528581,941800
2018-02-02,88.83458709716797,88.87544938995137,88.70381279467236,88.80189352154406,835100
2018-02-05,88.74467468261719,89.06342922652135,88.597556721149,88.79371192455275,836200
2018-02-06,88.95719146728516,89.12065936608892,88.93267284138028,89.02257862680666,1413200
2018-02-07,88.8018569946289,89.10426153235336,88.79368204517004,89.0960928185539,1182400
2018-02-08,88.81009674072266,88.90817126314744,88.67932239660436,88.81009674072266,730600
2018-02-09,88.77740478515625,88.96538511369877,88.72019256746974,88.77740478515625,869600
2018-02-12,88.8018569946289,88.81003194408777,88.65473908266641,88.69560135864192,887900
2018-02-13,88.8264389038086,88.89999479437503,88.78557036305135,88.8427825787132,889000
2018-02-14,88.58120727539062,88.81006228881837,88.58120727539062,88.81006228881837,492900
2018-02-15,88.69561767578125,88.7201425286696,88.58936825590717,88.62206182409778,630700
2018-02-16,88.78553771972656,88.81006257656227,88.6711133304727,88.77736900310953,460700
2018-02-20,88.70382690429688,88.74469543924297,88.55670890841904,88.72017681254049,517000
2018-02-21,88.51582336425781,88.80188432677004,88.4994734603078,88.7610158025563,603000
2018-02-22,88.58120727539062,88.70380661652582,88.58120727539062,88.62207580098953,507000
2018-02-23,88.77740478515625,88.85096067832575,88.66298034978323,88.66298034978323,438800
2018-02-26,88.69561767578125,88.87542918299931,88.6792740095162,88.87542918299931,490400
2018-02-27,88.67928314208984,88.81005742831996,88.51582151996337,88.77736385676243,665000
2018-02-28,88.76924896240234,88.78559264140794,88.68751809604352,88.70386177504913,298500
2018-03-01,89.01898193359375,89.03536427047314,88.7814942811202,88.82243762725699,456500
2018-03-02,88.75689697265625,88.9862058912549,88.75689697265625,88.97801472501195,520000
2018-03-05,88.78150939941406,88.92891296824435,88.6832341054953,88.92072804644171,389800
2018-03-06,88.71597290039062,88.8879499406591,88.69959056434762,88.82243309254811,417500
2018-03-07,88.84700012207031,88.8797585460423,88.77329835415624,88.85519129007093,414500
2018-03-08,88.90436553955078,88.96988241677879,88.87160710093677,88.89618061592225,265000
2018-03-09,88.71597290039062,88.79786583651412,88.70778173236913,88.74054015642463,347400
2018-03-12,88.63409423828125,88.797880136905,88.61771189959995,88.72417210890224,417500
2018-03-13,88.75689697265625,88.78147047138512,88.65862796985742,88.69957130501388,462600
2018-03-14,88.80607604980469,88.88796900349087,88.72417684808666,88.72417684808666,466100
2018-03-15,88.78968048095703,88.90433184864146,88.78149556043024,88.79787164951476,426600
2018-03-16,88.86339569091797,88.89615411976808,88.75692923514724,88.75692923514724,493400
2018-03-19,88.83881378173828,88.93708280405258,88.74053851139357,88.78148810271146,696500
2018-03-20,88.75689697265625,88.81422264029862,88.69957130501388,88.81422264029862,426700
2018-03-21,88.75689697265625,88.81422264029862,88.65862796985742,88.74871205444246,376900
2018-03-22,89.00263214111328,89.10090744733311,88.8961719120663,88.93711527030005,485500
2018-03-23,88.92070770263672,88.9534661264483,88.87975811086461,88.88794927882513,427900
2018-03-26,88.85521697998047,88.92891876920328,88.7897001130942,88.81426737616847,520900
2018-03-27,89.05994415283203,89.11726984397465,88.89615824900503,88.91253434017504,428700
2018-03-28,89.19097137451172,89.25648198244939,89.06812883157778,89.23191472346885,534200
2018-03-29,89.20735168457031,89.23191894471303,89.10089147460799,89.10089147460799,428700
2018-04-02,89.14823913574219,89.1728533862068,88.97593312250761,88.99234053615658,528500
2018-04-03,89.0169906616211,89.09083970275935,88.97596898097525,89.09083970275935,563600
2018-04-04,89.02521514892578,89.14829273523026,88.95137235313473,89.14829273523026,706500
2018-04-05,88.87747955322266,88.95952915038006,88.86107213778438,88.95952915038006,369700
2018-04-06,89.0580062866211,89.09902796159413,88.97595667669101,89.06621312560928,438300
2018-04-09,89.02521514892578,89.02521514892578,88.90213756262129,88.9677797766485,459400
2018-04-10,89.0169906616211,89.0169906616211,88.9185336200832,88.95135472059077,696300
2018-04-11,89.0580062866211,89.14826273553936,89.04159260864469,89.10723480058233,444900
2018-04-12,88.93492126464844,89.07440621580095,88.92671442635022,89.0169708676803,372700
2018-04-13,89.00059509277344,89.09085156619172,88.9759808291113,88.9759808291113,438300
2018-04-16,88.94316864013672,89.04162570465486,88.9349617980981,88.9349617980981,529900
2018-04-17,89.0580062866211,89.06621312560928,88.97595667669101,89.01697835166406,999000
2018-04-18,88.97598266601562,89.05803229991189,88.9349547190746,88.95136840184533,455500
2018-04-19,88.80367279052734,88.87751557990644,88.75443800428909,88.85290131678008,878500
2018-04-20,88.75440979003906,88.84466623280102,88.70518127943565,88.77902404534076,627500
2018-04-23,88.6723403930664,88.77900422889311,88.63131247006574,88.75438997908559,891500
2018-04-24,88.56565856933594,88.69693662830728,88.5164238197384,88.66411554856923,1216200
2018-04-25,88.27851104736328,88.54107979044198,88.2538967926955,88.54107979044198,956000
2018-04-26,88.4508285522461,88.51646448189277,88.37697952391594,88.47544280836156,950300
2018-04-27,88.54107666015625,88.55748407602691,88.50004873050486,88.54107666015625,449800
2018-04-30,88.59030151367188,88.63132318164809,88.50825191773654,88.59850835126028,675200
2018-05-01,88.61335754394531,88.65445840858776,88.52292686083608,88.64624199890035,541200
2018-05-02,88.7448959350586,88.77778039254943,88.63802615226506,88.75311861744854,742600
2018-05-03,88.94219970703125,89.00796234774582,88.88465347636304,88.9175379327547,567000
2018-05-04,88.99153900146484,89.0490852423151,88.94221544418458,88.99153900146484,364000
2018-05-07,89.00796508789062,89.07373400269866,88.98330331285486,89.0244104526271,447800
2018-05-08,89.0325927734375,89.081916301149,89.00792473751567,89.01614741615627,402700
2018-05-09,89.0325927734375,89.05725453729325,88.99148565230054,89.0243700947969,428900
2018-05-10,89.10657501220703,89.1723438949465,89.0901359275551,89.13945945357676,336600
2018-05-11,89.2216796875,89.24634145390142,89.15591079571838,89.1887952416092,337900
2018-05-14,89.19703674316406,89.22992119599404,89.14771319995313,89.18881406193955,395300
2018-05-15,88.95037078857422,89.01613966784215,88.91749262100579,88.94215438271489,463600
2018-05-16,88.92572784423828,89.04082027127883,88.92572784423828,88.99971941708827,235500
2018-05-17,88.89286041259766,88.95862931837159,88.82709777889178,88.95040663713283,870700
2018-05-18,89.02436065673828,89.04902241797947,88.88460649499459,88.88460649499459,1562700
2018-05-21,89.02436065673828,89.03258333450715,88.93393001747697,88.96681445648703,339600
2018-05-22,89.05729675292969,89.05729675292969,89.0079669297684,89.02441229484519,291000
2018-05-23,89.25457763671875,89.25457763671875,89.15592428412106,89.20525409645374,469200
2018-05-24,89.41899871826172,89.41899871826172,89.2956898605673,89.31212895090387,316200
2018-05-25,89.48475646972656,89.59984890394078,89.41898757244208,89.46831738143908,1542100
2018-05-29,89.84649658203125,89.95336635682354,89.62452807860389,89.62452807860389,813400
2018-05-30,89.63272094726562,89.67382807039594,89.52585120801973,89.53407388705907,1158400
2018-05-31,89.69851684570312,89.7642857536896,89.64097061923204,89.7642857536896,630200
2018-06-01,89.54198455810547,89.56670243721423,89.44313818062703,89.45961048196038,308300
2018-06-04,89.50080108642578,89.59141445603642,89.47608949193909,89.59141445603642,693900
2018-06-05,89.67379760742188,89.69026991050025,89.54199404383566,89.66555831351279,728400
2018-06-06,89.53374481201172,89.56669569693788,89.46784304215937,89.5255055195955,340700
2018-06-07,89.67379760742188,89.67379760742188,89.50081014376984,89.56671192556294,601000
2018-06-08,89.6490707397461,89.69025463279672,89.58316896917859,89.62435914696798,581000
2018-06-11,89.59138488769531,89.64080806035729,89.53372242467732,89.5584340110083,480900
2018-06-12,89.58316802978516,89.67378139218059,89.3772297124753,89.50079395980896,1319000
2018-06-13,89.50904083251953,89.70673987415277,89.45137206543981,89.5172738408973,2808300
2018-06-14,89.63258361816406,89.69024609073419,89.54197026344842,89.59963273601855,1083600
2018-06-15,89.62435150146484,89.6902469816723,89.59963362605656,89.62435150146484,779500
2018-06-18,89.64086151123047,89.64086151123047,89.58319901382959,89.64086151123047,430100
2018-06-19,89.73149108886719,89.797392893423,89.69854018658927,89.75620269439011,550900
2018-06-20,89.69025421142578,89.77263456661751,89.67378191123068,89.73144438902165,435600
2018-06-21,89.80557250976562,89.80557250976562,89.69024756273265,89.69024756273265,596600
2018-06-22,89.7149658203125,89.76438900218328,89.62435246372387,89.6325854708768,847400
2018-06-25,89.74790954589844,89.79733901202697,89.70672565631926,89.71496494813039,478700
2018-06-26,89.73149108886719,89.73973038562215,89.68206787782131,89.68206787782131,343400
2018-06-27,89.86323547363281,89.88795334933612,89.81381229170279,89.83029087550499,700000
2018-06-28,89.7808609008789,89.82205107541307,89.7643886019082,89.81381178355859,419900
2018-06-29,89.82207489013672,89.88797667296878,89.77265169538265,89.78088470468171,434800
2018-07-02,89.79149627685547,89.84103158787991,89.74196726402695,89.82451771813979,434200
2018-07-03,89.98138427734375,89.98138427734375,89.81628333923295,89.84104785012987,246600
2018-07-05,89.92359924316406,90.01440664951718,89.87407022086133,89.89883473201269,650000
2018-07-06,89.98138427734375,90.02266266096998,89.92359831918526,90.02266266096998,522600
2018-07-09,89.92359924316406,89.94836375431544,89.89883473201269,89.92359924316406,367700
2018-07-10,89.96491241455078,89.98967693527801,89.89886949381177,89.92363401453902,340600
2018-07-11,90.09696197509766,90.12172648758369,90.0309190763366,90.08045439950614,491000
2018-07-12,90.1135025024414,90.1135025024414,90.02269506433552,90.07222410395715,332800
2018-07-13,90.1960220336914,90.1960220336914,90.08870075375931,90.08870075375931,342400
2018-07-16,90.13823699951172,90.14648763790102,90.0887016781897,90.10521555136278,494400
2018-07-17,90.15473937988281,90.22078227237537,90.10521035961183,90.17950389001831,626000
2018-07-18,90.20427703857422,90.21253397547574,90.14649107665858,90.1547480135601,391000
2018-07-19,90.31159973144531,90.31159973144531,90.19602780581252,90.19602780581252,385600
2018-07-20,90.1712646484375,90.22905061212258,90.1712646484375,90.21253673781388,428800
2018-07-23,90.01441192626953,90.17126223701915,89.99789805240246,90.17126223701915,322500
2018-07-24,89.96491241455078,89.99792757672071,89.93189095418128,89.97316305599348,366100
2018-07-25,89.98965454101562,90.11348341203609,89.98139760342814,90.11348341203609,326800
2018-07-26,89.99786376953125,90.08042051102325,89.95659169698035,90.02263457089592,276600
2018-07-27,89.9731216430664,90.04742146924887,89.94010019789606,90.04742146924887,405900
2018-07-30,89.90708923339844,89.94836131813386,89.75023893609175,89.8905753609467,2853200
2018-07-31,89.95660400390625,90.02264688685712,89.94009013407056,89.94009013407056,342400
2018-08-01,89.81517028808594,89.84826128053197,89.75726262917074,89.8399869545551,763200
2018-08-02,89.9061508178711,89.9226931550291,89.84824317062782,89.91442514218019,669500
2018-08-03,89.94752502441406,89.94752502441406,89.89788538510997,89.93925069928659,297800
2018-08-06,89.97232055664062,89.98058856836539,89.89786427090236,89.92268092899533,550700
2018-08-07,89.84828186035156,89.90618953253056,89.79864851604468,89.89791520465845,405500
2018-08-08,89.89788818359375,89.90616250897881,89.79862152481707,89.90616250897881,508400
2018-08-09,89.92269897460938,89.94752194914314,89.86479132361846,89.92269897460938,672500
2018-08-10,90.04678344726562,90.10469109494198,89.9392424762839,89.9392424762839,625900
2018-08-13,90.03852081298828,90.06334378932408,89.98061315779353,90.0219784735588,373900
2018-08-14,90.03021240234375,90.06330337781581,90.00539574860427,90.0384804126181,384000
2018-08-15,90.15435791015625,90.19571692155989,90.07990159129027,90.07990159129027,512900
2018-08-16,90.15435791015625,90.15435791015625,90.08817591815584,90.14608358329066,358400
2018-08-17,90.14608001708984,90.16262235870445,90.08817235424587,90.10471469586048,353200
2018-08-20,90.20396423339844,90.24532323241554,90.14605658560627,90.23705521948827,537600
2018-08-21,90.12126922607422,90.18744490831011,90.11299489899636,90.17917689269456,403100
2018-08-22,90.22049713134766,90.22877145486947,90.17086381313594,90.22877145486947,295800
2018-08-23,90.17091369628906,90.19573036912367,90.12954836725599,90.18745604102445,318700
2018-08-24,90.18742370605469,90.18742370605469,90.07988272517376,90.16260704211761,339000
2018-08-27,90.15435791015625,90.17917457929086,90.09645024502143,90.17917457929086,360600
2018-08-28,90.08818054199219,90.11299721240053,89.9971818761866,90.10472288511026,878200
2018-08-29,90.11296844482422,90.15433375660768,90.07160313304075,90.08815178233831,374000
2018-08-30,90.11296844482422,90.16260176979601,90.0964261069871,90.15433375660768,416300
2018-08-31,90.09646606445312,90.19573275842116,90.09646606445312,90.18745843010274,380400
2018-09-04,89.95469665527344,90.04588706483261,89.92982769353209,90.02930354049747,612600
2018-09-05,89.97953033447266,90.02926823845225,89.91320891266061,89.99610752754622,561000
2018-09-06,89.98783111572266,90.08730693365544,89.96295583647994,90.0209855051939,705200
2018-09-07,89.71421813964844,89.83856917884808,89.71421813964844,89.83856917884808,683000
2018-09-10,89.73085021972656,89.79717165783954,89.71427302257854,89.72256478353277,665700
2018-09-11,89.6396484375,89.78058305677872,89.6396484375,89.73913058203328,1026800
2018-09-12,89.68109893798828,89.75570580117609,89.63964646415538,89.75570580117609,725600
2018-09-13,89.69770812988281,89.7888985450373,89.68942269196825,89.7888985450373,1037800
2018-09-14,89.58161163330078,89.63135586398555,89.55674268033798,89.58161163330078,595100
2018-09-17,89.55674743652344,89.67280677301966,89.52358672255889,89.58161639080699,493600
2018-09-18,89.4406967163086,89.5816250206647,89.43240495582879,89.5650478244652,1143900
2018-09-19,89.33293151855469,89.4738598266803,89.3246397578531,89.41583015128974,2083800
2018-09-20,89.38267517089844,89.41583589107317,89.28319301037426,89.32464549178283,1245200
2018-09-21,89.39925384521484,89.42412912932726,89.37438488586321,89.41583736795646,664500
2018-09-24,89.34122467041016,89.38267715273784,89.30807027426098,89.30807027426098,673700
2018-09-25,89.28316497802734,89.32461744642104,89.24171883439234,89.27487954415555,856100
2018-09-26,89.41580963134766,89.46554753462233,89.3246192588382,89.39094067971031,776600
2018-09-27,89.5401611328125,89.56503008456608,89.34948862810366,89.41581004928577,974800
2018-09-28,89.48208618164062,89.56498475378206,89.48208618164062,89.55669299914123,439500
2018-10-01,89.45468139648438,89.51283873376347,89.44637773306904,89.44637773306904,556100
2018-10-02,89.54613494873047,89.5793686416276,89.45474387793305,89.45474387793305,610000
2018-10-03,89.1722412109375,89.51287537194612,89.15562119995545,89.44641434404878,2832300
2018-10-04,89.04763793945312,89.15564268215257,89.01440424815826,89.14733901333771,986900
2018-10-05,88.98946380615234,89.08916486126155,88.91468643015111,89.08916486126155,1268100
2018-10-08,88.9395980834961,89.08914646594219,88.93128807928353,89.08083646172965,539600
2018-10-09,88.84822845458984,89.1057815991336,88.84822845458984,89.1057815991336,827800
2018-10-10,88.81497955322266,88.86482690461354,88.72358851655507,88.7318985213457,924400
2018-10-11,88.90638732910156,89.00608205065376,88.8814636487135,88.92300100313439,1653200
2018-10-12,88.80667114257812,88.94790953317194,88.80667114257812,88.84821482860056,869800
2018-10-15,88.8565444946289,88.88977818543584,88.81500713512902,88.83993081856462,805500
2018-10-16,88.8980484008789,88.90635840453056,88.83158104901668,88.86481472494779,1502200
2018-10-17,88.7568359375,88.93961803913169,88.7568359375,88.9063843535007,627300
2018-10-18,88.93126678466797,88.95619045266169,88.76509843358582,88.77340843580853,1174600
2018-10-19,88.8814468383789,88.9063705140531,88.83159314835412,88.88975050448602,645900
2018-10-22,88.8897476196289,88.96452498290103,88.8897476196289,88.92298129900804,455200
2018-10-23,89.85354614257812,89.85354614257812,89.06426016062726,89.09749385511057,1131900
2018-10-24,89.16395568847656,89.19718938088917,89.10579831142418,89.1722656962494,1381800
2018-10-25,89.13069152832031,89.16392520937258,89.08915418101239,89.14731153818471,1484200
2018-10-26,89.1722412109375,89.24701224432587,89.14731753314138,89.20547489422465,1059600
2018-10-29,89.23041534423828,89.23041534423828,89.10579059315558,89.14733428974253,902800
2018-10-30,89.13069152832031,89.14731153818471,89.0642241662158,89.07253417114799,927700
2018-10-31,88.98113250732422,89.0475998614916,88.94789883024053,89.0475998614916,1358100
2018-11-01,88.95365905761719,88.95365905761719,88.82874626385876,88.92034855572636,1286800
2018-11-02,88.77050018310547,88.97035694403094,88.67057497930868,88.96203407926913,1569800
2018-11-05,88.74551391601562,88.80380573274574,88.6872220992855,88.78715365082208,1208200
2018-11-06,88.62057495117188,88.75381698062498,88.62057495117188,88.71217725808847,1349400
2018-11-07,88.87873840332031,88.97866358175881,88.84542789273073,88.97033436577885,1159600
2018-11-08,88.86209106445312,88.94536417465736,88.85376184743339,88.91205365990945,1701400
2018-11-09,89.02027130126953,89.08689229849527,88.97030237668623,88.97030237668623,2087000
2018-11-12,89.11189270019531,89.17850735838309,89.02029039769162,89.02029039769162,674900
2018-11-13,89.12024688720703,89.18686792214129,89.0286509058369,89.036973770205,772500
2018-11-14,89.23680877685547,89.34506315953871,89.06192702688546,89.10356674894109,1220000
2018-11-15,89.29511260986328,89.36172727946843,89.19518107545993,89.3034354727324,1723300
2018-11-16,89.40339660644531,89.42837790998425,89.28681295437525,89.36175686499206,739100
2018-11-19,89.41168975830078,89.46165234522462,89.35339795577963,89.35339795577963,1345400
2018-11-20,89.5198974609375,89.56986002180466,89.43662440838335,89.46993490007034,1282600
2018-11-21,89.50330352783203,89.56159533781552,89.46999301450849,89.51995560782841,784500
2018-11-23,89.58654022216797,89.63650279518068,89.55322972238343,89.60319229539614,651600
2018-11-26,89.55326843261719,89.55326843261719,89.47831818737198,89.54493921573862,1061600
2018-11-27,89.59489440917969,89.65319256918288,89.51995052345633,89.55326103488797,1155300
2018-11-28,89.69481658935547,89.71979788199133,89.56158091085427,89.60321428080412,2915700
2018-11-29,89.778076171875,89.8696784666411,89.73644280819056,89.74476566893016,1360500
2018-11-30,89.96961975097656,90.0029302575407,89.86136536964024,89.91965716779511,1550400
2018-12-03,90.01216125488281,90.02050831490669,89.85359894913553,89.9620916286221,1962700
2018-12-04,90.32929229736328,90.37102123645359,90.15404221367996,90.20411184703457,2176400
2018-12-06,90.49618530273438,90.62970642315383,90.45445637119896,90.4794911833438,2314000
2018-12-07,90.63811492919922,90.65480269296191,90.43782992932019,90.46286475843691,2353800
2018-12-10,90.60469818115234,90.67146194441129,90.51289959840702,90.51289959840702,1552400
2018-12-11,90.51285552978516,90.57961926053838,90.43775110789262,90.54623739516177,1642800
2018-12-12,90.45450592041016,90.504575572127,90.37940144283489,90.4461588561425,1797100
2018-12-13,90.46280670166016,90.52957044775431,90.44611258166599,90.51287632776014,2787500
2018-12-14,90.43778228759766,90.51288673538352,90.3960533497553,90.45447004256941,1832600
2018-12-17,90.4795150756836,90.49620919948248,90.40441061941675,90.41275131437348,2532100
2018-12-18,90.63841247558594,90.65514054559976,90.50461981492236,90.5297055400537,1714100
2018-12-19,90.8390884399414,90.85581650696894,90.63839629482887,90.6969317696487,3013700
2018-12-20,90.86418914794922,90.93944631703735,90.82237535630767,90.92272462831406,2903500
2018-12-21,90.89762115478516,90.97288469434724,90.82236399511113,90.8725354348938,2262600
2018-12-24,91.04816436767578,91.04816436767578,90.88928597578176,90.92273573720409,929200
2018-12-26,90.8390884399414,91.0397869649422,90.82236675280214,90.96452342309483,2119500
2018-12-27,91.03141784667969,91.14012475673354,90.9645183420829,90.98124640817605,1611000
2018-12-28,91.09832763671875,91.13177739279378,91.00634240248456,91.07324191463462,1938400
2018-12-31,91.18193054199219,91.18193054199219,91.07322364147602,91.13175910789047,1917700
2019-01-02,91.15685272216797,91.21538819365355,90.98124630771125,91.14848868913063,3337800
2019-01-03,91.41609954833984,91.41609954833984,91.12342212937406,91.14850785387267,1065500
2019-01-04,91.17359924316406,91.19868496922129,91.0398065775623,91.19868496922129,1894500
2019-01-07,91.16523742675781,91.40774341769621,91.16523742675781,91.3575719643606,1661900
2019-01-08,91.09832763671875,91.29065575928941,91.08996360272783,91.24884834911208,922000
2019-01-09,90.99800109863281,91.18197161305469,90.90601584142189,91.18197161305469,1140200
2019-01-10,91.08158111572266,91.16520229902439,90.96451018312278,91.16520229902439,1022300
2019-01-11,91.08995056152344,91.2655569708596,91.0481367774439,91.2655569708596,1854900
2019-01-14,91.15685272216797,91.2906453513259,91.14012465609329,91.22374584680298,2117900
2019-01-15,91.16523742675781,91.240500986651,91.14851573560921,91.240500986651,1295400
2019-01-16,91.23213958740234,91.26558935055591,91.12343264207071,91.20705386000967,1181700
2019-01-17,91.23213958740234,91.2739533863168,91.12343264207071,91.18196813261697,1418200
2019-01-18,91.12340545654297,91.29901187579176,91.08159167010312,91.29901187579176,1573900
2019-01-22,91.12340545654297,91.24884043597442,91.0983197366343,91.23211236944324,2568500
2019-01-23,91.13175964355469,91.17356704558941,91.03977442723597,91.08994586163259,2611800
2019-01-24,91.13175964355469,91.22373847998603,91.1150315788309,91.22373847998603,993000
2019-01-25,91.13175964355469,91.17356704558941,91.09830989399448,91.09830989399448,1262200
2019-01-28,91.12340545654297,91.19866261626899,91.1066773900118,91.19030496289147,1554200
2019-01-29,91.24884796142578,91.2822977173587,91.17358441560457,91.18194844955995,666900
2019-01-30,91.3240966796875,91.3240966796875,91.21538976787758,91.25719717401002,677800
2019-01-31,91.5248031616211,91.54153123060628,91.44118195636219,91.44118195636219,1158300
2019-02-01,91.41081237792969,91.55327360331653,91.39404847285095,91.54489165077716,2092900
2019-02-04,91.42759704589844,91.46950042748522,91.36893614781197,91.43597900092747,1325200
2019-02-05,91.43595886230469,91.51137726028006,91.43595886230469,91.46948028147939,945300
2019-02-06,91.49464416503906,91.51140168232008,91.46112273691834,91.51140168232008,978000
2019-02-07,91.6622314453125,91.75441376071163,91.57843108410175,91.57843108410175,897700
2019-02-08,91.7627944946289,91.83821290064832,91.74603698003268,91.7627944946289,531600
2019-02-11,91.77117919921875,91.83821565317041,91.7208938668077,91.74603972979214,1094100
2019-02-12,91.8549575805664,91.8549575805664,91.77115723801221,91.79629670142283,909300
2019-02-13,91.74603271484375,91.77117218234818,91.72088685378198,91.74603271484375,633200
2019-02-14,91.93035888671875,91.93874083748338,91.88007996924118,91.92198332950923,391500
2019-02-15,91.86335754394531,91.90525452665874,91.81307221370862,91.81307221370862,511100
2019-02-19,91.9722900390625,91.9974295053979,91.93876861942962,91.95553252602458,503800
2019-02-20,92.0225830078125,92.03096496238848,91.97230406747273,91.98906158306664,362600
2019-02-21,91.92202758789062,91.93878510393314,91.85498473660417,91.93878510393314,531600
2019-02-22,92.05609893798828,92.06448089206395,91.95554106331075,91.98068053198013,748500
2019-02-25,91.98904418945312,92.01419004842637,91.90524384021275,91.91362579320383,609300
2019-02-26,92.19854736328125,92.20692931619088,92.09798950259284,92.09798950259284,607400
2019-02-27,92.0393295288086,92.0644689942291,91.97228669198266,92.04770508824421,1708800
2019-02-28,92.0225830078125,92.0980078118802,91.95554655187881,92.0980078118802,472500
2019-03-01,92.03685760498047,92.07884904038896,91.99485976160076,92.01166146214113,1747800
2019-03-04,92.10404968261719,92.1124441247422,92.03685569779054,92.08724798242498,596300
2019-03-05,92.12925720214844,92.1376516453101,92.03686706359514,92.0452615067568,534700
2019-03-06,92.22161102294922,92.24680715845548,92.12922092078004,92.15441705628629,2470000
2019-03-07,92.40638732910156,92.4483851613989,92.3056027843392,92.33919976858316,1531300
2019-03-08,92.431640625,92.4904337777163,92.35604576695158,92.4904337777163,722200
2019-03-11,92.39796447753906,92.44835673442512,92.37276834909603,92.43995588895493,598700
2019-03-12,92.50717163085938,92.52397332575813,92.43158322772217,92.45677936210123,477700
2019-03-13,92.49042510986328,92.49042510986328,92.44002640656316,92.465222554227,415500
2019-03-14,92.41480255126953,92.47359568084872,92.35600942169035,92.47359568084872,418900
2019-03-15,92.53240966796875,92.56600666501139,92.46521567388346,92.46521567388346,431300
2019-03-18,92.53240966796875,92.55760581375773,92.51561437343341,92.53240966796875,1054500
2019-03-19,92.58280944824219,92.61640003770496,92.48201845593772,92.49881375066911,408900
2019-03-20,92.7171859741211,92.80957611003579,92.60800054439086,92.60800054439086,648200
2019-03-21,92.8431625366211,92.89355482030288,92.79277025293932,92.8599578285247,571400
2019-03-22,93.22950744628906,93.22950744628906,93.02793192712335,93.07832420492221,1416800
2019-03-25,93.2967300415039,93.38071933292315,93.1035489040647,93.12874505069324,695500
2019-03-26,93.36392211914062,93.38911826525138,93.25473027536462,93.25473027536462,454900
2019-03-27,93.47306823730469,93.50666522064446,93.33868030394561,93.38907898293994,630100
2019-03-28,93.53186798095703,93.54026882937934,93.47307485794049,93.47307485794049,382800
2019-03-29,93.38912200927734,93.4059173047005,93.30512630824464,93.36392586215645,384600
2019-04-01,93.216552734375,93.26705174642545,93.09871742522878,93.26705174642545,1760100
2019-04-02,93.29235076904297,93.33443758245184,93.24185173018924,93.24185173018924,477500
2019-04-03,93.16607666015625,93.2754933537186,93.12398985872379,93.21657568463975,546500
2019-04-04,93.15766143798828,93.21657910923166,93.13241192481891,93.18291095115765,544100
2019-04-05,93.20814514160156,93.25865058118212,93.14081525806662,93.14922748004382,705300
2019-04-08,93.14921569824219,93.25863878554033,93.14921569824219,93.18288384652294,547900
2019-04-09,93.27545928955078,93.30912743409229,93.25020978653014,93.25020978653014,436100
2019-04-10,93.34281921386719,93.36806872328123,93.27548290773402,93.27548290773402,579600
2019-04-11,93.31758880615234,93.34283832073484,93.27550200081822,93.33441967535904,361800
2019-04-12,93.14921569824219,93.25022014308448,93.14921569824219,93.22497063725957,409300
2019-04-15,93.27545928955078,93.30070879257141,93.20812300046775,93.2333725034884,495700
2019-04-16,93.22500610351562,93.30917329546652,93.216587457857,93.25025561894638,517700
2019-04-17,93.25867462158203,93.33442316816425,93.25025597589118,93.25025597589118,402300
2019-04-18,93.31758880615234,93.33441967535904,93.26708335544242,93.26708335544242,597200
2019-04-22,93.34281921386719,93.3596500796287,93.25865204197252,93.26706426408147,1828500
2019-04-23,93.46906280517578,93.49431231178653,93.34280885057919,93.36805835718994,1000400
2019-04-24,93.67949676513672,93.68790898746497,93.59532316950411,93.60374181337613,1303100
2019-04-25,93.7047348022461,93.71314702354437,93.62897985976073,93.637398502602,493100
2019-04-26,93.8393783569336,93.84779699774526,93.76362985425288,93.83096613766335,620600
2019-04-29,93.80570983886719,93.81412847964508,93.72996133649039,93.74679219650476,491300
2019-04-30,93.88150787353516,93.93200689830904,93.84783971650445,93.84783971650445,432000
2019-05-01,93.94475555419922,94.04597326807499,93.8857134965471,93.89414991481215,629900
2019-05-02,93.9110107421875,93.96162281367215,93.84353870537674,93.88570792399581,416100
2019-05-03,94.0122299194336,94.02066633732977,93.91944862787973,93.9447514464669,456900
2019-05-06,94.13029479980469,94.206209675159,94.13029479980469,94.15559761322278,2342900
2019-05-07,94.2821044921875,94.2821044921875,94.18089325313962,94.20619606290158,1185700
2019-05-08,94.1893539428711,94.29057165001953,94.16405112485928,94.2821352323152,1042300
2019-05-09,94.3664779663086,94.40865361877366,94.30743591391816,94.40865361877366,1136800
2019-05-10,94.37493896484375,94.42554461290177,94.34119972110415,94.40867820858335,1497200
2019-05-13,94.59423065185547,94.63639987566486,94.49301293152921,94.59423065185547,932600
2019-05-14,94.63642120361328,94.66173046572527,94.6111183766048,94.63642120361328,618500
2019-05-15,94.81353759765625,94.82196758181057,94.73762269455047,94.82196758181057,466800
2019-05-16,94.7882308959961,94.7882308959961,94.72918882981162,94.73762524929586,430300
2019-05-17,94.83038330078125,94.87255895275608,94.80508048363674,94.87255895275608,578000
2019-05-20,94.79669189453125,94.83886756778523,94.76295264294893,94.83886756778523,347200
2019-05-21,94.68697357177734,94.75444558954284,94.65323434534487,94.72071279820982,457900
2019-05-22,94.77134704589844,94.77978346382963,94.6532629352673,94.70386857265169,319500
2019-05-23,94.82196807861328,94.91474938561623,94.77136243301257,94.77136243301257,625800
2019-05-24,94.88941192626953,94.90627832361238,94.82193346669794,94.84723628026227,431400
2019-05-28,94.93158721923828,94.97375642998863,94.91471438685808,94.97375642998863,725800
2019-05-29,94.97380065917969,95.07501839529763,94.96536423906075,95.05814555505978,582400
2019-05-30,95.03280639648438,95.04124281337786,94.89785590169164,94.90628588348451,439200
2019-05-31,95.20152282714844,95.34490976936156,95.20152282714844,95.26899487135923,423300
2019-06-03,95.38745880126953,95.41281553465863,95.26912307957826,95.28603186771312,534000
2019-06-04,95.28602600097656,95.36209619646026,95.2606628203359,95.32828507108547,505500
2019-06-05,95.23534393310547,95.31986855572443,95.19308484620366,95.26915507191612,505000
2019-06-06,95.1423568725586,95.29450375994004,95.1423568725586,95.24379028041781,2178700
2019-06-07,95.41278076171875,95.49731177395955,95.39587842855708,95.42968954369124,1730900
2019-06-10,95.28602600097656,95.35364180291336,95.25221487560178,95.31138273280446,987100
2019-06-11,95.24374389648438,95.27755501597136,95.23528950440972,95.26064623182204,425900
2019-06-12,95.26915740966797,95.30296854930829,95.21844392461523,95.22689832172918,438400
2019-06-13,95.30296325683594,95.34522879124307,95.2606977224288,95.27760651571771,485000
2019-06-14,95.32830047607422,95.33675487098733,95.24377587338452,95.25223026829764,460100
2019-06-17,95.28602600097656,95.32828507108547,95.22685814377388,95.27757160742968,371100
2019-06-18,95.39590454101562,95.48888352088274,95.37899575441475,95.48888352088274,983700
2019-06-19,95.4043960571289,95.43820719467433,95.27760590353729,95.31141704108272,1074900
2019-06-20,95.4888916015625,95.51424833479703,95.45508047431207,95.4804372075466,662900
2019-06-21,95.38745880126953,95.43817871686092,95.37900440720212,95.42126992872606,510400
2019-06-24,95.49736022949219,95.5396193082441,95.48045143894015,95.50580817595412,553700
2019-06-25,95.51425170898438,95.69175529670984,95.44662945209467,95.53115404880012,877300
2019-06-26,95.42974090576172,95.52271991022099,95.42974090576172,95.52271991022099,470000
2019-06-27,95.58187103271484,95.63258449941918,95.53115111719734,95.57341663865974,646100
2019-06-28,95.59034729003906,95.59034729003906,95.50582267089283,95.5649905491767,556200
2019-07-01,95.48786163330078,95.58102930457855,95.43704525329464,95.53868447520671,907000
2019-07-02,95.70803833007812,95.75038960436359,95.61487069616786,95.64027887598026,418300
2019-07-03,95.76731872558594,95.7927269034055,95.69955927680269,95.70803082337477,257800
2019-07-05,95.65724182128906,95.69958664246474,95.57253925514061,95.69958664246474,441600
2019-07-08,95.71654510498047,95.75042484449855,95.65725717629873,95.67419381510797,1144900
2019-07-09,95.90287780761719,95.9452226344272,95.74195066480071,95.77583040338835,1436400
2019-07-10,95.95369720458984,96.09768125169454,95.89440927567028,95.96216875497824,605000
2019-07-11,95.8266372680664,95.98756439490842,95.8097006314035,95.98756439490842,474200
2019-07-12,95.97907257080078,95.99600920388596,95.81814547795335,95.9113131146653,560300
2019-07-15,95.95369720458984,96.0129851335094,95.93675410381304,95.95369720458984,698100
2019-07-16,95.88590240478516,95.98754158630732,95.88590240478516,95.92825367922703,1231100
2019-07-17,96.0553207397461,96.08072892486305,95.96215308638486,95.97061817349147,565500
2019-07-18,96.12309265136719,96.17391549349539,96.03839653035328,96.05533963169596,422600
2019-07-19,96.08072662353516,96.15695117706031,96.04684689022451,96.13154299255193,858800
2019-07-22,96.08072662353516,96.1146063568458,96.05531843902678,96.08072662353516,393900
2019-07-23,96.02989959716797,96.10613060926106,96.02989959716797,96.08072242586273,379300
2019-07-24,96.12309265136719,96.1823805822669,96.11462756259567,96.16544394282404,582800
2019-07-25,96.17391204833984,96.19084868717599,96.11462411956396,96.19084868717599,469500
2019-07-26,96.16541290283203,96.19929263268196,96.1484698069582,96.19929263268196,326300
2019-07-29,96.15692901611328,96.23316001396815,96.14845746926343,96.23316001396815,543900
2019-07-30,96.29244995117188,96.31785813036097,96.19081077251842,96.19928231954714,2100300
2019-07-31,96.29244995117188,96.33479476252135,96.19081077251842,96.30091503630355,612100
2019-08-01,96.5521469116211,96.70490613129473,96.3399816884504,96.3399816884504,2350200
2019-08-02,96.65403747558594,96.721931935313,96.62009024572241,96.62009024572241,504900
2019-08-05,96.91707611083984,97.00194738408834,96.85767010442734,96.85767010442734,1389800
2019-08-06,96.97650909423828,97.0189447426673,96.89164427215113,96.93407992058015,616400
2019-08-07,97.22260284423828,97.32444449594742,97.17168525576852,97.27352690747767,1013900
2019-08-08,97.27352905273438,97.33293506551577,97.16319897559052,97.23958183474933,669500
2019-08-09,97.2311019897461,97.32445522874859,97.18866634482846,97.28201958383096,385500
2019-08-12,97.54508972167969,97.56206009144316,97.39233049473211,97.40081244222931,680000
2019-08-13,97.40931701660156,97.51964710005049,97.29899340792278,97.51964710005049,722400
2019-08-14,97.72332763671875,97.84213967355993,97.70635078872978,97.75727485792629,801600
2019-08-15,97.8930435180664,97.9524495281429,97.75726112707845,97.7827199207156,436300
2019-08-16,97.8505859375,97.85906788306954,97.72328553151318,97.81663873091901,486900
2019-08-19,97.70636749267578,97.74031471968696,97.59604386096808,97.63847951342493,567600
2019-08-20,97.79967498779297,97.85908098857358,97.79119304108751,97.83362219892025,486300
2019-08-21,97.67239379882812,97.72331786293147,97.62147620949453,97.65542342730684,1156500
2019-08-22,97.59601593017578,97.6214747244553,97.53660991860038,97.5875275071594,465900
2019-08-23,97.72332763671875,97.78273365513934,97.56207995467554,97.60451559987757,2193500
2019-08-26,97.65543365478516,97.74029847081897,97.60451606011895,97.70635124945136,1346600
2019-08-27,97.78272247314453,97.79121089616832,97.70633961546977,97.74028683279526,597900
2019-08-28,97.87603759765625,97.89300796232737,97.79117282476635,97.79965476971834,531600
2019-08-29,97.77422332763672,97.842117754842,97.70632890043144,97.8336293327491,638000
2019-08-30,97.76577758789062,97.8336720447371,97.73183683423916,97.78275443948813,324900
2019-09-03,97.80145263671875,97.92050054352951,97.70792565331234,97.72492879013056,1288100
2019-09-04,97.80145263671875,97.89498610739597,97.79295431194505,97.80145263671875,398300
2019-09-05,97.55487823486328,97.69092280065135,97.48685270833361,97.66541485002054,1144600
2019-09-06,97.55487823486328,97.59738932349087,97.49535752096763,97.59738932349087,413700
2019-09-09,97.28278350830078,97.31678978460626,97.22325630658788,97.30829145916556,456100
2019-09-10,97.08721923828125,97.2062606763588,97.02769851924248,97.16374309678604,1462900
2019-09-11,96.80661010742188,97.0106801990858,96.78960696947956,97.00218187375026,1135200
2019-09-12,96.75560760498047,96.92566495703795,96.61105820700438,96.90015700295655,1177500
2019-09-13,96.39848327636719,96.63656616416412,96.3474608809306,96.63656616416412,1247000
2019-09-16,96.24539947509766,96.46647266735869,96.21138671768746,96.44946953228866,877100
2019-09-17,96.35591888427734,96.36442369393043,96.25388063024727,96.33891575224015,897200
2019-09-18,96.51750183105469,96.63654324672238,96.44947631145297,96.47498425948596,1785700
2019-09-19,96.75560760498047,96.78962037284639,96.65356930138267,96.67907725546408,727100
2019-09-20,96.92568969726562,96.93419451322099,96.70461638061647,96.73012434120876,604900
2019-09-23,97.0191879272461,97.16373730954896,96.9851751630681,97.03619755297082,1419400
2019-09-24,97.19773864746094,97.2487610313656,97.08720204233039,97.12121480250995,1001400
2019-09-25,96.98518371582031,97.16374587804789,96.94267262230251,97.11272997091773,495200
2019-09-26,96.9766845703125,97.05320843036135,96.85764312983301,96.99368771012159,587800
2019-09-27,97.0191879272461,97.04469587856173,96.93415926043684,96.97667683747719,474000
2019-09-30,97.0191879272461,97.06170550428645,96.9426640732992,96.9851751630681,1217500
2019-10-01,97.06689453125,97.10949648804991,96.7687003340885,96.8283391735208,804400
2019-10-02,97.2373046875,97.27138495828345,97.14358556788225,97.1691506460801,550700
2019-10-03,97.4417724609375,97.50141130129418,97.29692970566035,97.32249478022413,767500
2019-10-04,97.4417724609375,97.51844818419062,97.4162073863737,97.43325076941623,749800
2019-10-07,97.36509704589844,97.45029446663035,97.34806016181068,97.39917731422052,567000
2019-10-08,97.64624786376953,97.68884982136386,97.50992679958456,97.52697018268074,1690500
2019-10-09,97.6207275390625,97.68036640297463,97.55256698026332,97.64628612357504,630100
2019-10-10,97.45027923583984,97.63771743224271,97.45027923583984,97.63771743224271,646900
2019-10-11,97.17764282226562,97.3991612798182,97.06688684356207,97.3991612798182,1206400
2019-10-14,97.34803771972656,97.35655290973413,97.23727524817777,97.2628403186356,335400
2019-10-15,97.27989959716797,97.34806013379249,97.16914360026301,97.32250155759493,388200
2019-10-16,97.27989959716797,97.29693648125082,97.18618048434587,97.2543410209704,584600
2019-10-17,97.08395385742188,97.16063609735967,97.04988008428006,97.13507751742958,554300
2019-10-18,97.1180419921875,97.1180419921875,97.05840313414048,97.09248341018849,370900
2019-10-21,96.87947845458984,96.99023446736851,96.8709567612538,96.96467588750785,378100
2019-10-22,96.9390869140625,96.9390869140625,96.84536781719245,96.93056522339829,668800
2019-10-23,96.8965072631836,96.99874156724508,96.87946387907569,96.91354414714502,451200
2019-10-24,96.95616149902344,96.99023527235546,96.87947925865757,96.87947925865757,498900
2019-10-25,96.9476318359375,97.02430756985264,96.88799298728783,96.99022729917469,507300
2019-10-28,96.8965072631836,96.91354414714502,96.76870788296026,96.91354414714502,767000
2019-10-29,96.85391235351562,96.922072894616,96.80279519776383,96.91355120194171,681000
2019-10-30,97.00726318359375,97.00726318359375,96.85390522747473,96.87094211142285,870500
2019-10-31,97.30545043945312,97.38213266209759,97.11801222870668,97.169135877185,678600
2019-11-01,97.26533508300781,97.33362245059125,97.19704120256148,97.28240529668795,926400
2019-11-04,97.17145538330078,97.20560233152122,97.12023170453793,97.20560233152122,691600
2019-11-05,97.01776123046875,97.03483144178753,96.88117348847041,97.03483144178753,766400
2019-11-06,97.04338073730469,97.04338073730469,96.93240806907475,96.97508685861115,714100
2019-11-07,96.63362121582031,96.88118163436098,96.52264855076244,96.88118163436098,822400
2019-11-08,96.61654663085938,96.7531278652989,96.58239969403392,96.65069356768481,565800
2019-11-11,96.67630767822266,96.71899297991439,96.65069910235268,96.68484604113353,387100
2019-11-12,96.70195007324219,96.72755865806815,96.61658595286734,96.6421945376933,529000
2019-11-13,96.84703826904297,96.85557663216629,96.74460396301423,96.81289784227525,639700
2019-11-14,96.97509002685547,97.10313942537361,96.94948144972443,96.95801981305576,652700
2019-11-15,96.9579849243164,97.00920206014884,96.8896910679661,97.0006636998899,691000
2019-11-18,96.99217224121094,97.03485103455638,96.94948693500216,96.99217224121094,588500
2019-11-19,97.00924682617188,97.04339377010453,96.97509988223922,96.97509988223922,735500
2019-11-20,97.21410369873047,97.27385921116148,97.16288654889313,97.20557184899917,563300
2019-11-21,97.2311782836914,97.26532522045213,97.09459053664852,97.14581419822073,1164600
2019-11-22,97.21410369873047,97.2567889988365,97.20557184899917,97.23971878651152,637700
2019-11-25,97.26533508300781,97.29948202323098,97.22264977951313,97.2567967197363,740400
2019-11-26,97.35923767089844,97.41045482487038,97.34216094433252,97.37630788460145,521900
2019-11-27,97.35923767089844,97.39337809830445,97.34216094433252,97.3677695213185,410900
2019-11-29,97.35923767089844,97.42752503857339,97.35923767089844,97.41045482487038,203900
2019-12-02,97.1984634399414,97.30110408266398,97.1813599289378,97.27544555337508,800300
2019-12-03,97.48925018310547,97.53201221236704,97.3951645829386,97.42937812168704,574300
2019-12-04,97.42940521240234,97.52348431316307,97.40374015703077,97.52348431316307,646200
2019-12-05,97.4635238647461,97.49773738198631,97.39510335582685,97.43786535820624,538500
2019-12-06,97.41227722167969,97.4807043055914,97.37806367972382,97.4379357467551,717900
2019-12-09,97.48070526123047,97.5320223118844,97.45504673590351,97.5320223118844,473400
2019-12-10,97.49778747558594,97.52344599530896,97.43791542104407,97.49778747558594,376900
2019-12-11,97.66886901855469,97.66886901855469,97.53201485984611,97.56622839952325,618100
2019-12-12,97.50636291503906,97.703089150064,97.43793583106813,97.703089150064,916200
2019-12-13,97.6346435546875,97.64319856995331,97.42936886726042,97.53200294819163,893800
2019-12-16,97.514892578125,97.60042314806783,97.514892578125,97.60042314806783,898700
2019-12-17,97.58333587646484,97.62610443419256,97.54912886096155,97.55767735205451,1065100
2019-12-18,97.54912567138672,97.62610124210084,97.52346062224983,97.60044271852946,747600
2019-12-19,97.5808334350586,97.64081963332319,97.53798334858162,97.55511946036926,843400
2019-12-20,97.50371551513672,97.55513039426741,97.44372931014891,97.50371551513672,772000
2019-12-23,97.51227569580078,97.55511924417755,97.46086082254656,97.50370437092333,804600
2019-12-24,97.63221740722656,97.64078872941013,97.52081637085293,97.5293811550333,371500
2019-12-26,97.66651153564453,97.66651153564453,97.52083172560238,97.53796783466443,670800
2019-12-27,97.67509460449219,97.70936682673747,97.60653708399161,97.62367319511425,596800
2019-12-30,97.69222259521484,97.72650135261581,97.60652897071468,97.62366508041292,748000
2019-12-31,97.61514282226562,97.71797260126358,97.60657149468003,97.6922651565141,674700
2020-01-02,97.70075988769531,97.76931084061493,97.65790982136863,97.70075988769531,2286200
2020-01-03,98.05217742919922,98.10359885406773,97.94077632833023,97.95791244461509,1757400
2020-01-06,98.14639282226562,98.1635354678956,98.06927053094176,98.10354928419804,2040600
2020-01-07,98.19783020019531,98.22354417453657,98.163557977084,98.20640152497573,1762100
2020-01-08,98.21495056152344,98.34349425203817,98.21495056152344,98.28350806819846,986900
2020-01-09,98.33492279052734,98.33492279052734,98.19780777737068,98.22352174584032,832100
2020-01-10,98.34349822998047,98.34349822998047,98.28351204371435,98.33492690679847,750400
2020-01-13,98.30924224853516,98.3606571235295,98.26639216070289,98.30924224853516,870200
2020-01-14,98.42921447753906,98.42921447753906,98.36065695232895,98.37779960263421,633100
2020-01-15,98.53202819824219,98.54916430661724,98.51488555186316,98.54059298342773,1332000
2020-01-16,98.592041015625,98.63488456713726,98.56632703911077,98.60060580312403,1844000
2020-01-17,98.48063659667969,98.59204421784263,98.44635783155309,98.58347289205949,1247700
2020-01-21,98.61770629882812,98.66054983202642,98.56628490578608,98.59199887130858,2010200
2020-01-22,98.66060638427734,98.69488515328632,98.60919149976722,98.6434702687762,1006200
2020-01-23,98.79769897460938,98.83197773581672,98.74628410180092,98.77199153820516,2658600
2020-01-24,98.90910339355469,98.98623224338371,98.83198108173109,98.83198108173109,1059100
2020-01-27,99.05476379394531,99.13189262864039,99.04619900853795,99.11475651982155,622800
2020-01-28,98.99478912353516,99.10619672683364,98.96051690191013,99.08905407801623,906600
2020-01-29,99.20904541015625,99.24332417633117,99.12335176372198,99.12335176372198,623000
2020-01-30,99.14047241210938,99.34613842550633,99.11476497768534,99.34613842550633,1552300
2020-01-31,99.2347640991211,99.28617898182117,99.18334267841458,99.277607655369,995300
2020-02-03,99.26477813720703,99.34204388968634,99.14458259990666,99.22184835238596,675200
2020-02-04,99.09305572509766,99.13598550566314,99.05013249469704,99.1102302573898,743100
2020-02-05,99.00721740722656,99.04155992674255,98.94711963561502,99.01580467464701,655400
2020-02-06,98.96429443359375,99.02439220934276,98.93853917972507,99.0158114914974,836500
2020-02-07,99.15315246582031,99.19608224594333,99.1102292358621,99.17890771382821,550200
2020-02-10,99.21328735351562,99.23904261116112,99.16177683822461,99.17894482659919,671700
2020-02-11,99.24761962890625,99.25620689729017,99.16176659556677,99.18752185055196,619300
2020-02-12,99.17891693115234,99.19609146486361,99.14458096406065,99.17891693115234,1110600
2020-02-13,99.17891693115234,99.2218467152651,99.14458096406065,99.21325944840946,685300
2020-02-14,99.3077163696289,99.3163036379231,99.23903132360837,99.26479312849095,883500
2020-02-18,99.40219116210938,99.40219116210938,99.31633809987665,99.36784862718254,795200
2020-02-19,99.47941589355469,99.48799661055318,99.37638833808192,99.40214358940871,751400
2020-02-20,99.60818481445312,99.62535934751658,99.52233179963137,99.53950633269481,671900
2020-02-21,99.87434387207031,99.90009912309824,99.71980581573715,99.74556106676508,2148500
2020-02-24,100.30363464355469,100.31221536208933,100.2177816070405,100.29504737485321,969400
2020-02-25,100.39806365966797,100.4495741657511,100.25210630882228,100.3036233650715,1245900
2020-02-26,100.35511779785156,100.46672605987807,100.29502003365806,100.31218801621405,777000
2020-02-27,100.39806365966797,100.58694424886092,100.33796588584894,100.56976971338915,1230100
2020-02-28,100.20060729980469,100.55261326553834,100.16626477508676,100.53543872809597,2819300
2020-03-02,100.34513092041016,100.60319418263728,100.29351301757411,100.51717309522824,1423300
2020-03-03,100.45696258544922,100.64621292478768,100.42255283620689,100.49997641274926,2641100
2020-03-04,100.34513092041016,100.5773885127134,100.31072117284889,100.51717309522824,1440700
2020-03-05,100.45696258544922,100.56019183317618,100.38814308696458,100.56019183317618,1301400
2020-03-06,100.4741439819336,100.85263799681628,100.39672042601171,100.85263799681628,3133900
2020-03-09,101.17092895507812,101.63545062820943,100.42253183231315,100.80963650808286,9894400
2020-03-10,100.0784683227539,101.17095660152351,99.88922453427172,101.17095660152351,2384700
2020-03-11,98.58164978027344,100.07843740949218,98.35798974644034,100.07843740949218,2711700
2020-03-12,93.807373046875,97.25686447366698,92.60305886320657,96.8783706055881,5585400
2020-03-13,95.92354583740234,96.67193624994935,94.6418078095715,95.50203150251174,6374100
2020-03-16,94.62466430664062,95.37306174156045,92.43108991797251,93.60099538353019,2403300
2020-03-17,95.24398803710938,95.91496160634034,94.19451386452258,94.51279905943429,2436600
2020-03-18,89.3858642578125,94.10849140180063,88.12133413615202,93.58375432324782,4731300
2020-03-19,87.3299331665039,88.4224212664113,86.04820130909734,87.81166304492243,5028500
2020-03-20,88.00090789794922,90.74501768555842,87.14068399498974,87.4847683057835,5300600
2020-03-23,89.66972351074219,90.29768974749996,86.90840601003988,88.14713033296671,4528400
2020-03-24,91.63105010986328,92.38805136836046,90.16006797753955,90.51276293897351,3934900
2020-03-25,95.64830017089844,96.31927378126811,92.4740717924706,92.8181626745285,4505800
2020-03-26,98.92572021484375,99.39884584976117,96.21601439201395,96.2590281999103,4672500
2020-03-27,97.63541412353516,99.77736982922552,97.03326000964232,98.18595690280507,4354400
2020-03-30,97.91069793701172,98.23758070274761,97.66123218303365,98.23758070274761,1806000
2020-03-31,97.2138900756836,98.09991950861777,97.2138900756836,97.85045382778416,1688600
2020-04-01,94.8667984008789,96.94411383455399,93.63420205639794,96.3321263594896,4262500
2020-04-02,94.87544250488281,95.10816759852122,94.573759392315,94.73753304322265,1972300
2020-04-03,94.75473022460938,95.3925751964425,94.5995780340342,94.5995780340342,2344900
2020-04-06,95.84941101074219,96.15110057722438,95.41843343142015,96.02180598818859,1371100
2020-04-07,96.4786376953125,96.84927866322832,96.23729131177583,96.40105831420672,1398900
2020-04-08,96.82340240478516,96.96993316995531,96.58205606775327,96.84926000143936,1455600
2020-04-09,97.50439453125,97.80607759770545,97.06479544801626,97.2802842920841,2559800
2020-04-13,97.40094757080078,97.66815160577127,97.23717396165269,97.40094757080078,1367100
2020-04-14,97.60777282714844,97.90945573244979,97.59053662235728,97.7974039608219,1237200
2020-04-15,98.15087127685547,98.21120789642508,97.77160876744745,97.78023016344262,1650800
2020-04-16,97.91809844970703,98.02153542956519,97.67675207290021,97.88361945642097,1318000
2020-04-17,97.84053039550781,98.06463399845036,97.77157240558893,98.06463399845036,905200
2020-04-20,97.47853088378906,97.78022052810671,97.3664790516867,97.77159913296109,1379900
2020-04-21,96.99581146240234,97.46988942286404,96.90099587031001,97.43541042790358,1337400
2020-04-22,96.90100860595703,97.07340360341719,96.71999879077141,97.02168181608077,958600
2020-04-23,96.435546875,96.7889516689482,96.39245306006246,96.67689985867497,1494400
2020-04-24,96.40107727050781,96.40969866481393,95.86666919507513,96.3752196637865,1813400
2020-04-27,96.36660766601562,96.40108009185492,96.0218242218476,96.33212866397909,1765200
2020-04-28,95.94420623779297,96.4958568961282,95.90111243472606,96.46999929904914,1383000
2020-04-29,95.9269790649414,96.06488845441442,95.80630588307933,96.06488845441442,1273300
2020-04-30,95.87531280517578,96.11665929209452,95.78911199453462,95.78911199453462,1821800
2020-05-01,96.35894012451172,96.41939630825959,96.07392957717322,96.07392957717322,1556600
2020-05-04,96.6180419921875,96.70440702780543,96.37621066753552,96.37621066753552,1310100
2020-05-05,96.84254455566406,96.85982150825976,96.58344956976968,96.67845304136566,1439500
2020-05-06,96.9289779663086,96.97215719688613,96.77351823992132,96.83397443411465,1889600
2020-05-07,97.26577758789062,97.29168643644184,96.98076707536924,97.01531440318054,1450100
2020-05-08,97.25714111328125,97.36078309885139,97.1880464562345,97.19668493567264,1110100
2020-05-11,97.2744140625,97.31759987160675,97.13623133397127,97.28305254216723,823400
2020-05-12,97.45577239990234,97.57669133489932,97.291680838776,97.34349853289709,1127300
2020-05-13,97.53350830078125,97.723515303594,97.44714327838331,97.59396447538268,1469000
2020-05-14,97.74076080322266,97.7666696444269,97.54212196117196,97.54212196117196,1323000
2020-05-15,98.01715087890625,98.02578935731374,97.68032270252598,97.76668771891583,789400
2020-05-18,97.99126434326172,98.09490634006346,97.89626082683428,97.98262586288745,1138800
2020-05-19,98.31942749023438,98.34534292433909,97.99123780641688,97.99123780641688,857500
2020-05-20,98.423095703125,98.50082884771025,98.31082181564615,98.31082181564615,712300
2020-05-21,98.63034057617188,98.65625600863939,98.37124555454598,98.50942824823426,1236600
2020-05-22,98.93263244628906,99.2608221241716,98.77717279061251,98.82035200155,741600
2020-05-26,98.9844741821289,99.04493036351086,98.94128837147198,98.9844741821289,786000
2020-05-27,99.1744613647461,99.21764057753472,99.07945787169156,99.12263708448019,987100
2020-05-28,99.07946014404297,99.18309552849512,98.99309512725671,99.07082166559582,1047800
2020-05-29,99.48541259765625,99.56313915914218,99.286767069586,99.32131440443433,1364500
2020-06-01,99.45768737792969,99.58747254768305,99.39712184553117,99.55286272900562,1010500
2020-06-02,99.3625259399414,99.51826684522324,99.20679163580844,99.47500951668037,1296400
2020-06-03,99.1981201171875,99.82108362896476,99.07698905669167,99.34520689048277,1762500
2020-06-04,99.11161041259766,99.31926274031548,99.08564809562802,99.25004309736005,1762700
2020-06-05,99.0077896118164,99.12892069701373,98.70496189882311,99.12892069701373,1916000
2020-06-08,99.07695770263672,99.18078052097852,99.0250396923202,99.08560520340146,1362900
2020-06-09,99.37982177734375,99.48365123498559,99.15486125302712,99.22408089145502,3125800
2020-06-10,99.423095703125,99.49230874736733,99.3019580231163,99.4403973138984,1458600
2020-06-11,99.57017517089844,99.7172619556681,99.47499981577731,99.49230142527742,951100
2020-06-12,99.423095703125,99.56152839275839,99.37983177446841,99.53557267602392,812800
2020-06-15,99.59614562988281,99.63940956176017,99.46636043539992,99.50097026067198,753000
2020-06-16,99.43174743652344,99.51826869636743,99.34522617667945,99.42309993134334,968400
2020-06-17,99.61343383789062,99.67399937367966,99.43173723052348,99.49230276631253,963300
2020-06-18,99.62211608886719,99.6480718113744,99.46637515267376,99.50963909095256,616100
2020-06-19,99.65672302246094,99.68267874421367,99.51828370491306,99.54424602781577,993800
2020-06-22,99.82975769042969,99.85572001128365,99.65671515830005,99.66536926525137,1021900
2020-06-23,99.79515838623047,99.8470764322632,99.70863711104279,99.83842232439939,967800
2020-06-24,99.69995880126953,99.8037816589578,99.50960809397684,99.8037816589578,885300
2020-06-25,99.81245422363281,99.84706404964574,99.70862474559401,99.72593295917514,1007600
2020-06-26,99.88166046142578,99.95952760863523,99.78648510295972,99.84705064006098,816900
2020-06-29,99.88166046142578,100.00279153562833,99.7345670703383,99.87300635579747,1187000
2020-06-30,99.8470458984375,99.95086875645299,99.76917215377773,99.79512786828161,819900
2020-07-01,99.90423583984375,99.93023796604743,99.82622284828099,99.89556626012528,895800
2020-07-02,100.07762908935547,100.09496825595363,99.88693793450257,99.9302792380435,968900
2020-07-06,100.0342788696289,100.07761355348816,99.92159414309727,99.97359840890975,824300
2020-07-07,100.06896209716797,100.10363381830757,99.99095568431983,100.02562740545945,1028600
2020-07-08,100.05162811279297,100.0776302500373,99.93028039701639,100.01695639214901,1052900
2020-07-09,100.13829040527344,100.15562956970004,100.05161442200132,100.0689469734743,795700
2020-07-10,100.20763397216797,100.25097527033927,100.14696012250032,100.21630355439295,860100
2020-07-13,100.19893646240234,100.2942820014415,100.15560178926296,100.2856124216329,706700
2020-07-14,100.38967895507812,100.46769198740628,100.25099867187444,100.30300295145642,812200
2020-07-15,100.45033264160156,100.48500435867683,100.3983283724656,100.42433050703359,649900
2020-07-16,100.580322265625,100.64099610058163,100.4676441758347,100.52831801079134,652200
2020-07-17,100.59770965576172,100.69305525023768,100.56303792931995,100.64105096705285,1014400
2020-07-20,100.81437683105469,100.87505068334768,100.70169870906884,100.77104214396195,914000
2020-07-21,100.81437683105469,100.87505068334768,100.74504000911551,100.84904854850124,764400
2020-07-22,100.95310974121094,101.02245320772862,100.81442280817559,100.97044230136189,1463700
2020-07-23,101.04837799072266,101.06571053760362,100.96170203041406,101.05704095768719,762000
2020-07-24,101.08306884765625,101.09173181626198,100.9790537078091,101.0310579712561,664700
2020-07-27,101.04837799072266,101.10038224431743,101.00503670409242,101.10038224431743,753100
2020-07-28,101.04837799072266,101.1523864979122,101.02237586392526,101.12638437111482,889700
2020-07-29,101.13509368896484,101.1870979629931,101.07441983161371,101.14376327228771,740800
2020-07-30,101.19574737548828,101.29109293417169,101.16107566206222,101.21307992572474,1209100
2020-07-31,101.29109191894531,101.3430961820866,101.20441594272546,101.27375275592948,724100
2020-08-03,101.35536193847656,101.36404593844529,101.29458718659785,101.32063256255285,880500
2020-08-04,101.43347930908203,101.48557004795761,101.36402057461493,101.39006594405271,684600
2020-08-05,101.54634094238281,101.55502493985,101.36401673926747,101.36401673926747,795300
2020-08-06,101.72871398925781,101.73739799089451,101.5116603160074,101.57243507955941,681700
2020-08-07,101.72871398925781,101.77212737348887,101.69398460666346,101.77212737348887,652700
2020-08-10,101.7720718383789,101.8068012020221,101.7286584778377,101.78943320822609,736400
2020-08-11,101.67658233642578,101.7720864441636,101.64185296779841,101.71999570319743,1562300
2020-08-12,101.59841918945312,101.72865263965384,101.4160950087515,101.72865263965384,2300600
2020-08-13,101.4942626953125,101.5723988102848,101.40744258180437,101.56372143569902,916300
2020-08-14,101.42479705810547,101.55503053148689,101.41611306016014,101.55503053148689,836800
2020-08-17,101.4074478149414,101.41612518997496,101.32930507198648,101.39876381595744,790300
2020-08-18,101.38138580322266,101.41611517177746,101.33797906049148,101.38138580322266,1565400
2020-08-19,101.16435241699219,101.4508647968143,101.10357766587396,101.4508647968143,1391700
2020-08-20,100.90387725830078,101.22511234261265,100.8170571442692,101.20775096938638,1358000
2020-08-21,100.91255950927734,100.98201162492977,100.77364203007251,100.98201162492977,1531600
2020-08-24,101.07754516601562,101.1035905449625,100.97336365022811,100.99072502820871,780700
2020-08-25,100.92122650146484,100.96463986523769,100.76494766541163,100.88649713523643,1914800
2020-08-26,100.8083724975586,100.921237982679,100.62604827207944,100.921237982679,1812600
2020-08-27,100.46109771728516,100.77365546321002,100.41769096721002,100.77365546321002,1735500
2020-08-28,100.59134674072266,100.669482877288,100.51320398020542,100.58266273978698,848300
2020-08-31,100.69548797607422,100.70416534901607,100.58261588834208,100.61734525195591,887700
2020-09-01,100.7598648071289,100.80335091716273,100.57723508807472,100.59462555105895,938200
2020-09-02,100.75116729736328,100.7685643955758,100.61202368690766,100.62941415007127,1250700
2020-09-03,100.90769958496094,100.9685761535266,100.6641933106983,100.70767941755163,1911200
2020-09-04,100.75116729736328,100.85552998149167,100.69898927282354,100.83813288327916,1185200
2020-09-08,100.74246215820312,100.86422193257914,100.67289367505057,100.83812628696741,735500
2020-09-09,100.81202697753906,100.87290354098374,100.67288339040027,100.75984896174299,789100
2020-09-10,100.71637725830078,100.83813040259759,100.65550068615238,100.80334947712599,964900
2020-09-11,100.82942962646484,100.96857322126758,100.67288893540668,100.69027939661396,1063200
2020-09-14,100.75116729736328,100.96858457967743,100.71637973598715,100.79465340784567,1665100
2020-09-15,100.8642349243164,100.89901585284838,100.73378321964888,100.77726269783851,926000
2020-09-16,100.81202697753906,100.85551308073431,100.75115041409438,100.81202697753906,968900
2020-09-17,100.838134765625,100.88162087691914,100.77725819084262,100.80335383864852,570600
2020-09-18,100.84683990478516,100.87292891924683,100.78596332602476,100.81205234048643,680300
2020-09-21,100.8033218383789,100.94246540726046,100.7685342873968,100.94246540726046,1098000
2020-09-22,100.8642349243164,100.89901585284838,100.75987223357252,100.89901585284838,1034000
2020-09-23,100.60331726074219,100.83812498783492,100.57722825051503,100.81203597760776,2117700
2020-09-24,100.66419982910156,100.6902888408836,100.54244668408626,100.6902888408836,1931500
2020-09-25,100.838134765625,100.838134765625,100.57723800300721,100.6381145777896,1189000
2020-09-28,100.951171875,100.96856233433216,100.82072020734279,100.83811066667495,1098100
2020-09-29,100.97728729248047,101.0033763058261,100.9424997296699,100.9859858419454,1468000
2020-09-30,100.82073974609375,100.93379434128101,100.79465073451583,100.89900678082753,1153800
2020-10-01,100.81028747558594,100.81900165963866,100.69702967079989,100.81028747558594,1264000
2020-10-02,100.7928466796875,100.88868274520624,100.70571814959875,100.74928241464313,966800
2020-10-05,100.66215515136719,100.75799121176371,100.6011691717488,100.75799121176371,1057900
2020-10-06,100.60989379882812,100.67087978477798,100.55761534874686,100.59246543314306,1347700
2020-10-07,100.4443588256836,100.53148071428518,100.40079455789578,100.53148071428518,850400
2020-10-08,100.36591339111328,100.43561353919898,100.33977749732414,100.3920559318744,914400
2020-10-09,100.41818237304688,100.44431826437578,100.3223463401933,100.35719641095564,845300
2020-10-12,100.41818237304688,100.50530422646702,100.37461812285113,100.38333230228454,732100
2020-10-13,100.46178436279297,100.59247052414926,100.4007983737566,100.41822674032373,2620000
2020-10-14,100.4792251586914,100.51407524916235,100.42694669949744,100.43566088385896,1261500
2020-10-15,100.4269027709961,100.49660292144989,100.41819523741852,100.47918120732254,1283700
2020-10-16,100.46178436279297,100.49663444895293,100.44436264320014,100.49663444895293,730000
2020-10-19,100.46178436279297,100.48792026566937,100.38337665416377,100.43564845991656,663300
2020-10-20,100.43563079833984,100.45305916184219,100.40078071830825,100.44434498009102,738600
2020-10-21,100.33108520507812,100.38335700059689,100.27880676258637,100.38335700059689,1227200
2020-10-22,100.41818237304688,100.46173997627128,100.3659039434177,100.43560408494237,1150300
2020-10-23,100.40950775146484,100.42692947022388,100.35723594821376,100.42692947022388,759300
2020-10-26,100.41818237304688,100.4530324438092,100.3659039434177,100.43560408494237,687600
2020-10-27,100.55760955810547,100.59245964049481,100.38336579313233,100.38336579313233,1566100
2020-10-28,100.4269027709961,100.51403128254944,100.41819523741852,100.48788874090012,1482300
2020-10-29,100.33979797363281,100.52275591446498,100.30494789247811,100.52275591446498,1022300
2020-10-30,100.29624938964844,100.39208545971108,100.1132914323399,100.33980700978441,1302200
2020-11-02,100.4419937133789,100.47690353902641,100.37218072045233,100.40709054609984,1028000
2020-11-03,100.43329620361328,100.49438674908237,100.40711549246511,100.49438674908237,641500
2020-11-04,101.02672576904297,101.07908717874413,100.76490540380019,101.05290647389354,1854300
2020-11-05,101.12271118164062,101.20998240436829,100.97434277879935,101.07907224109306,2064400
2020-11-06,101.23619842529297,101.35837951141252,101.1227464620019,101.14892717211754,3066800
2020-11-09,101.16634368896484,101.33216367337369,101.00925282435844,101.05289176500314,1746900
2020-11-10,101.12271118164062,101.18380170338675,101.04416242032849,101.06162065989452,1010900
2020-11-11,101.19255065917969,101.27109944105759,101.14891836557574,101.19255065917969,864300
2020-11-12,101.19255065917969,101.31473173466155,101.13146012143876,101.14018924350725,1901100
2020-11-13,101.31472778320312,101.35836673347433,101.27109549130091,101.29727619811604,999500
2020-11-16,101.29729461669922,101.40202412137134,101.2623847818085,101.31474620495948,3516200
2020-11-17,101.4543685913086,101.50673000570988,101.34963910413695,101.41072964039482,1516900
2020-11-18,101.58525848388672,101.59398760399877,101.51543883972573,101.55907778191829,1255100
2020-11-19,101.84708404541016,101.84708404541016,101.71618052029423,101.73363210418684,1286800
2020-11-20,101.9518051147461,101.96925669719928,101.89944370901857,101.9518051147461,876300
2020-11-23,102.0041732788086,102.01290239979753,101.9081729230356,101.99545081618808,923000
2020-11-24,101.92559814453125,101.98668865492566,101.86450763413684,101.97795953676467,1516100
2020-11-25,101.94308471679688,101.97799454305819,101.8907233065892,101.95181383795435,775100
2020-11-27,102.0129165649414,102.03909727317514,101.8907354876044,102.00418744274037,629000
2020-11-30,101.92559814453125,102.05650828348107,101.90813990820928,102.05650828348107,724500
2020-12-01,101.87669372558594,101.9903344520969,101.85046945557941,101.91166164207733,1382400
2020-12-02,101.87669372558594,101.91166164207733,101.7455657061052,101.90291799559246,1122300
2020-12-03,102.01654052734375,102.05150843759859,101.92912408643012,101.99031626201436,1099100
2020-12-04,102.05152130126953,102.05152130126953,101.91165631206701,102.02529703263454,981700
2020-12-07,102.10393524169922,102.17386437331406,102.07770431421794,102.10393524169922,719500
2020-12-08,102.235107421875,102.31378690459329,102.0253065837069,102.06027450164298,1745400
2020-12-09,102.24384307861328,102.31377890902013,102.16517027149148,102.19139454053207,1105200
2020-12-10,102.35747528076172,102.37496257163174,102.24383456789587,102.27005883475358,810900
2020-12-11,102.39241790771484,102.39241790771484,102.27877722291204,102.27877722291204,754300
2020-12-14,102.35747528076172,102.37496257163174,102.22635394647318,102.33999465933903,737200
2020-12-15,102.35747528076172,102.38370621706675,102.30502674704631,102.35747528076172,870000
2020-12-16,102.38370513916016,102.41867305108472,102.2962820246251,102.34873722723559,943600
2020-12-17,102.39508056640625,102.49139114061077,102.29876999220173,102.40383789493879,1166100
2020-12-18,102.36882781982422,102.50016104438706,102.36882781982422,102.40385045836666,1738900
2020-12-21,102.49137115478516,102.50012848161002,102.38630995241951,102.43008322677747,972800
2020-12-22,102.54393005371094,102.5526807024974,102.39508218584153,102.43010482064112,1504100
2020-12-23,102.46513366699219,102.51766428243374,102.39508839314679,102.49139897471296,1204300
2020-12-24,102.59644317626953,102.61395115074244,102.48262464248702,102.50013261695995,548600
2020-12-28,102.56144714355469,102.63149241937725,102.48265121816817,102.5264245056434,1023300
2020-12-29,102.57893371582031,102.58768436298828,102.52639643339579,102.52639643339579,917600
2020-12-30,102.56144714355469,102.62273508992813,102.53518183509252,102.55268981410558,780200
2020-12-31,102.61393737792969,102.63145202993522,102.56140678167816,102.57892143368369,836400
2021-01-04,102.55266571044922,102.57893769262168,102.48262713097347,102.52640040816037,1412700
2021-01-05,102.64026641845703,102.64901706944215,102.53519848765927,102.5789784621299,1183400
2021-01-06,102.53515625,102.63146681025283,102.36880043140265,102.63146681025283,1736100
2021-01-07,102.53515625,102.60520150834452,102.4476030170111,102.51764159547213,1382600
2021-01-08,102.36005401611328,102.55266846469912,102.29875940261498,102.54391781695689,1522900
2021-01-11,102.26373291015625,102.40381673831322,102.05359714809617,102.38630876474976,2148300
2021-01-12,102.47389221191406,102.47389221191406,102.2812710464965,102.29877902522307,1701600
2021-01-13,102.50889587402344,102.5351611771939,102.44760793999775,102.45635858779869,1781900
2021-01-14,102.48265075683594,102.5351813735238,102.42136281073837,102.46513609801656,1854100
2021-01-15,102.52642822265625,102.53518555242286,102.45638294429426,102.50016291324185,872500
2021-01-19,102.52642822265625,102.61398148066606,102.50016291324185,102.51767089288965,2638200
2021-01-20,102.58772277832031,102.59648010865092,102.5176774954471,102.55270013688371,861200
2021-01-21,102.56144714355469,102.64024974882636,102.5176671761943,102.56144714355469,1263700
2021-01-22,102.51765441894531,102.61396499124521,102.5089037704703,102.56143438085775,1067000
2021-01-25,102.73651885986328,102.73651885986328,102.57892706246123,102.59643503554494,1295000
2021-01-26,102.9116439819336,102.97293191469251,102.71026552864933,102.73653083127692,1049300
2021-01-27,102.99920654296875,103.02547184797442,102.86787333805613,102.92916127636411,1237000
2021-01-28,102.99043273925781,103.04297002074902,102.97292476534955,103.02545536695754,1244200
2021-01-29,102.96417999267578,103.03422525661573,102.9291573607058,102.9379146886693,1393300
2021-02-01,103.05365753173828,103.07119934166211,102.8958146936251,103.00981638740922,2005100
2021-02-02,103.01856231689453,103.03609743232695,102.91333155358413,103.02732652949143,976700
2021-02-03,102.97470092773438,103.0360838590196,102.9483949129318,103.01854874589714,1023700
2021-02-04,102.98348236083984,103.0536295107409,102.9484054407701,103.01855928090959,970900
2021-02-05,103.07992553710938,103.1149957612653,103.02730682040081,103.05361283363642,946700
2021-02-08,103.15008544921875,103.17639815595014,103.08870251398852,103.13255033496934,893800
2021-02-09,103.22899627685547,103.25530228980344,103.1237655348263,103.15007154777427,1131900
2021-02-10,103.3429946899414,103.38684250648103,103.24653484574422,103.25530574709964,1343300
2021-02-11,103.36054992675781,103.43069707600598,103.30793120202374,103.36931413901486,835700
2021-02-12,103.31671142578125,103.37809436831036,103.22902246363095,103.36055925197589,1870300
2021-02-16,103.07115173339844,103.27283562268349,103.04484572090362,103.22899449860451,1981500
2021-02-17,102.7642593383789,103.0624031314773,102.7642593383789,103.04486801609917,1010900
2021-02-18,102.53626251220703,102.69410531128007,102.5011855912754,102.69410531128007,1915100
2021-02-19,102.39593505859375,102.50993670217056,102.15917425081558,102.50116580107144,1527500
2021-02-22,101.8785629272461,102.36962633198388,101.7996381999206,102.35209122048772,1383100
2021-02-23,101.79087829589844,101.87856723756343,101.51026966842801,101.5541107941418,2293300
2021-02-24,101.5453872680664,101.59799931609734,101.2823136474316,101.44015648176446,1876800
2021-02-25,101.10693359375,101.36122961411091,100.96662588159506,101.33492359064185,2631900
2021-02-26,101.36119842529297,101.37874022903469,100.9490597006927,101.00167173144213,1845500
2021-03-01,101.3480224609375,101.41829484405116,101.23383486453525,101.28653580109886,1284100
2021-03-02,101.51490020751953,101.53246494950042,101.24260314679168,101.29530407427652,1230700
2021-03-03,101.40953063964844,101.43588781506648,101.23385634612988,101.41831636478778,1111200
2021-03-04,101.4271011352539,101.59399640360697,101.31290681415143,101.4095296851406,1057900
2021-03-05,101.45346069335938,101.54129784715713,101.41832449153122,101.48859689518753,867100
2021-03-08,101.55884552001953,101.62033218343609,101.48857313281668,101.51492360263182,745200
2021-03-09,101.83113861083984,101.84870335617312,101.68181482010502,101.68181482010502,1288800
2021-03-10,102.00682830810547,102.03318548240944,101.82236829724441,101.83993974678037,1006100
2021-03-11,102.14738464355469,102.1649493935315,102.05076176481923,102.11224844205587,2100100
2021-03-12,101.73452758789062,101.99804570933706,101.59398950425162,101.95412378858126,2117400
2021-03-15,102.03317260742188,102.09465926995026,101.88384211138704,101.88384211138704,1189200
2021-03-16,102.09465789794922,102.13857311256871,101.94532740392117,102.11222264348831,1117600
2021-03-17,101.89263916015625,101.94534010488283,101.75209437215958,101.88385343552038,1977900
2021-03-18,101.50614166259766,101.55884930573637,101.35681786038317,101.55884930573637,1417100
2021-03-19,101.56763458251953,101.62034222890381,101.38317457403542,101.47101171595008,702100
2021-03-22,101.64669036865234,101.66425511601444,101.59398942502185,101.60276844793079,1204600
2021-03-23,101.7169418334961,101.8311294217168,101.69058466555947,101.7520713209926,1383800
2021-03-24,101.8663101196289,101.93658252841198,101.76090150645429,101.76090150645429,1538000
2021-03-25,101.84871673583984,101.98047579855034,101.83993771279165,101.91898912949135,921300
2021-03-26,101.8663101196289,101.92779680192766,101.82238818875305,101.82238818875305,584800
2021-03-29,101.81356811523438,101.96289189753563,101.80478239229222,101.96289189753563,1009300
2021-03-30,101.95411682128906,101.98046729132415,101.82235776956993,101.83114349342955,1383400
2021-03-31,101.93656158447266,101.98926252945911,101.90142538730022,101.97169108010071,1365900
2021-04-01,102.05268096923828,102.07907283004045,101.85033218297106,101.98229819905225,3012700
2021-04-05,101.97351837158203,102.07028630282173,101.94711979534803,102.00870304908487,1038000
2021-04-06,102.14944458007812,102.16703691469152,102.01747857823376,102.01747857823376,1573300
2021-04-07,102.19344329833984,102.21983515831268,102.08786914637831,102.13185334230964,1275900
2021-04-08,102.32542419433594,102.43979789445078,102.17586581487826,102.21105720629271,1431200
2021-04-09,102.33423614501953,102.43101080514114,102.27265288058508,102.3694275407067,929700
2021-04-12,102.41336822509766,102.43976008089858,102.35177827880337,102.35177827880337,882300
2021-04-13,102.48375701904297,102.54534026092921,102.41338096550865,102.46616468367688,917700
2021-04-14,102.60691833496094,102.65970876254029,102.50135090394146,102.5189432384215,841900
2021-04-15,102.95880889892578,103.02039212782064,102.84444196299779,102.84444196299779,1190400
2021-04-16,102.89722442626953,102.93241580122245,102.85324024162975,102.8884249045142,926300
2021-04-19,102.8796615600586,102.89725389653934,102.79167974144367,102.81807831427038,876000
2021-04-20,102.90603637695312,102.94122775615642,102.84445314136467,102.86204547493168,1025300
2021-04-21,102.93245697021484,102.95884883396813,102.82688280313056,102.84448185368018,934700
2021-04-22,103.0028305053711,103.02922236675612,102.87086448637541,102.89725634776043,845400
2021-04-23,103.0028305053711,103.03802189124131,102.92364820914547,102.95883959501568,1244800
2021-04-26,103.01160430908203,103.03800287766629,102.94122826239861,102.98521245256708,950300
2021-04-27,102.94122314453125,103.09078146539332,102.89723224448053,103.00280637736087,1093300
2021-04-28,102.91485595703125,102.92364876949377,102.69491482819785,102.87086504643634,6900500
2021-04-29,102.7213134765625,102.79168954126531,102.61573931140174,102.79168954126531,1690500
2021-04-30,102.71249389648438,102.76527761272304,102.66850299157234,102.74768527800006,1166600
2021-05-03,102.61735534667969,102.76714722928388,102.59092227593202,102.67022148817505,1516300
2021-05-04,102.6085205078125,102.74069255631147,102.59971396778231,102.61733377039234,1388900
2021-05-05,102.7054672241211,102.71428048850258,102.64378781855271,102.6526010829342,911600
2021-05-06,102.79357147216797,102.82881107946652,102.70545228627148,102.70545228627148,885900
2021-05-07,102.96099090576172,102.98742397450543,102.82001229827839,102.89931150450954,1066800
2021-05-10,102.86405181884766,103.02265693327139,102.84643201615599,102.99622386795906,1670200
2021-05-11,102.75834655761719,102.84645903932667,102.7231002204231,102.82002596706897,781700
2021-05-12,102.57328796386719,102.6966467582785,102.52922837048453,102.65258716489585,2325500
2021-05-13,102.56450653076172,102.58212634005288,102.48520058257098,102.57331979668339,1296100
2021-05-14,102.80240631103516,102.8200328420865,102.5821217307565,102.5821217307565,1190400
2021-05-17,102.80240631103516,102.8640857246111,102.75835342851056,102.79359976806137,1175800
2021-05-18,102.82880401611328,102.8552438035961,102.77593788624682,102.8552438035961,843400
2021-05-19,102.6878433227539,102.87288153207983,102.65259698918457,102.8640682680498,661300
2021-05-20,102.79357147216797,102.80237801271758,102.64377288967395,102.70545228627148,1655400
2021-05-21,102.8199691772461,102.85521549497282,102.77590959945074,102.79353611958797,889500
2021-05-24,102.86405181884766,102.88167834408901,102.75831955759828,102.79356588553131,792000
2021-05-25,103.00505828857422,103.0314913593161,102.84645314157181,102.86407294788273,689600
2021-05-26,103.09317016601562,103.1372297653634,103.03149076045938,103.04030402483913,1394700
2021-05-27,103.09317016601562,103.11078997222413,103.04030402483913,103.06673709542738,773400
2021-05-28,103.06671905517578,103.1812645818591,103.06671905517578,103.11077192426174,921200
2021-06-01,103.090576171875,103.15234906085065,103.06410303841972,103.14352243878557,808600
2021-06-02,103.1964340209961,103.28468000800989,103.16113427964312,103.18760740247355,995600
2021-06-03,103.17880249023438,103.26704849581297,103.15232936183467,103.26704849581297,933700
2021-06-04,103.35530853271484,103.35530853271484,103.24940927889912,103.29353565117378,879600
2021-06-07,103.35530853271484,103.36412842097847,103.28470903017103,103.32000878144294,972200
2021-06-08,103.4612045288086,103.50533090256536,103.40825826649196,103.45238464024872,771400
2021-06-09,103.74358367919922,103.75241029946585,103.59356479835925,103.6023914186259,921200
2021-06-10,103.77883911132812,103.80531222808477,103.6994197610582,103.70823964481994,901700
2021-06-11,103.71707916259766,103.79650525548303,103.69943266014343,103.78767863788765,724500
2021-06-14,103.77006530761719,103.77889192860685,103.68181929593783,103.75241879837697,1710700
2021-06-15,103.699462890625,103.79653551426324,103.66416314268942,103.77005565375768,1162600
2021-06-16,103.4258804321289,103.68179852765398,103.38176080149631,103.68179852765398,960900
2021-06-17,103.54942321777344,103.59354957988563,103.40823097794204,103.47883046422653,1389500
2021-06-18,103.54060363769531,103.61120312418855,103.47000415120208,103.6023765051925,1064200
2021-06-21,103.3994369506836,103.54063596775879,103.3994369506836,103.51416283524212,1068500
2021-06-22,103.40823364257812,103.43470676743257,103.26703466637072,103.39058713692107,1141400
2021-06-23,103.16116333007812,103.39060834711607,103.16116333007812,103.37295510509976,1048000
2021-06-24,103.2229232788086,103.27586953274556,103.16997702487163,103.20527003900408,708800
2021-06-25,103.20526123046875,103.23174108791548,103.15231498105074,103.20526123046875,665800
2021-06-28,103.33760833740234,103.35526157138679,103.28466210092111,103.29348871791335,737500
2021-06-29,103.34644317626953,103.38174291431069,103.2934969355761,103.30231682053393,594000
2021-06-30,103.4258804321289,103.44353367057217,103.38176080149631,103.4258804321289,1068900
2021-07-01,103.46833038330078,103.47717043061205,103.371110091818,103.41530358539396,916800
2021-07-02,103.5655288696289,103.58320221755002,103.50366203743654,103.50366203743654,757800
2021-07-06,103.68927001953125,103.74229681010168,103.60088978758738,103.60088978758738,1119100
2021-07-07,103.83949279785156,103.84833284187192,103.77762597566489,103.82181945278876,952200
2021-07-08,104.02510070800781,104.09580757927434,103.98975401535293,104.01626740633328,1730000
2021-07-09,103.94558715820312,103.96326050905716,103.91023371351494,103.93674711128605,1077200
2021-07-12,103.92790222167969,104.01628920077167,103.91022887164917,104.01628920077167,630000
2021-07-13,103.86605072021484,104.06049131416297,103.8218639671235,104.01630456107162,1121500
2021-07-14,103.94558715820312,103.96326050905716,103.85720691797272,103.88372031574383,1079300
2021-07-15,104.05162048339844,104.06929382966497,103.98975365699802,104.01626704788701,823900
2021-07-16,104.06930541992188,104.07814546552885,104.01627863223828,104.01627863223828,1311100
2021-07-19,104.23724365234375,104.29911049221096,104.15769671938314,104.21073025568349,1141600
2021-07-20,104.19303894042969,104.3256126524319,104.14001215282043,104.30793256124275,715800
2021-07-21,104.03395080566406,104.17536456186218,104.02511076015692,104.17536456186218,1145200
2021-07-22,104.12235260009766,104.21957289187769,103.90139861750312,104.0604857546904,1374500
2021-07-23,104.04279327392578,104.10466010795834,103.94557300002045,104.07814671379856,2538900
2021-07-26,104.14002227783203,104.18420902414276,104.04280199577677,104.04280199577677,1568400
2021-07-27,104.1135025024414,104.18420264080274,104.10466245652898,104.10466245652898,958000
2021-07-28,104.05162048339844,104.09580722055395,103.9544002214866,104.03394039415355,1166800
2021-07-29,104.0074234008789,104.06045018082024,103.97206996659197,103.99858335656263,882400
2021-07-30,103.90139770507812,104.07816493538971,103.87488430627647,103.97210459720276,2757900
2021-08-02,104.00848388671875,104.02618298033079,103.84031210979606,103.84031210979606,1572600
2021-08-03,104.0970230102539,104.10587593602494,103.98196198644561,103.99966108518389,974100
2021-08-04,104.11470794677734,104.13241379591098,103.94654289682511,104.11470794677734,999100
2021-08-05,104.10585021972656,104.1235493140928,104.04389326024155,104.11469639050861,649600
2021-08-06,103.91996002197266,104.03502099596801,103.89340125615753,104.00846898295377,1074400
2021-08-09,103.85798645019531,103.99960617654578,103.84914028189857,103.96420124495816,824700
2021-08-10,103.88456726074219,103.94652421596949,103.84030939866484,103.94652421596949,1154200
2021-08-11,103.79603576660156,103.8756985556771,103.77833667614068,103.8579927124156,957300
2021-08-12,103.68096160888672,103.79602256424882,103.65440960017237,103.79602256424882,938600
2021-08-13,103.7429428100586,103.76949482498289,103.69869170278523,103.7163907951343,891000
2021-08-16,103.73410034179688,103.7960573004647,103.68984923006388,103.68984923006388,1036300
2021-08-17,103.75180053710938,103.76065346009455,103.68099065883133,103.68099065883133,639900
2021-08-18,103.75180053710938,103.76065346009455,103.6898435818165,103.7429476141242,749100
2021-08-19,103.69869995117188,103.76950307900135,103.68984702789248,103.75180398524445,749000
2021-08-20,103.66332244873047,103.75183144654552,103.66332244873047,103.75183144654552,821400
2021-08-23,103.77836608886719,103.77836608886719,103.72526204963324,103.72526204963324,1124600
2021-08-24,103.69869995117188,103.76065690852386,103.62789007054052,103.75180398524445,1835200
2021-08-25,103.63671875,103.73408063123566,103.58361472488991,103.70752861868061,1322000
2021-08-26,103.6544189453125,103.67211803511783,103.53050505827403,103.59246200179327,1103800
2021-08-27,103.7429428100586,103.75179573263381,103.60132981286192,103.66328676528572,642100
2021-08-30,103.70756530761719,103.7341173295656,103.66331418863751,103.68101328566875,678800
2021-08-31,103.69869995117188,103.73409813868567,103.6721411813337,103.69869995117188,605300
2021-09-01,103.70311737060547,103.70311737060547,103.6322076332061,103.685393317418,1559400
2021-09-02,103.67654418945312,103.69426824542371,103.64995472433435,103.65881337115673,682400
2021-09-03,103.60562133789062,103.62335215394461,103.54357700635163,103.57016646810763,616200
2021-09-07,103.37516784667969,103.45494299410385,103.33085433128845,103.45494299410385,925400
2021-09-08,103.64109802246094,103.64109802246094,103.28655601233051,103.4106447015272,1472600
2021-09-09,103.64109802246094,103.67655289970662,103.56132285807657,103.58791908775561,1104000
2021-09-10,103.57904052734375,103.64108486406488,103.5701751185763,103.63221945529743,736800
2021-09-13,103.63220977783203,103.65879923932587,103.6056203163382,103.64107518577161,904800
2021-09-14,103.64993286132812,103.6942463730704,103.63220204677171,103.64106745404992,1537700
2021-09-15,103.63220977783203,103.6853954631446,103.6056203163382,103.6499405937112,807100
2021-09-16,103.57015991210938,103.61448018711388,103.54357045203648,103.57902531957518,1646000
2021-09-17,103.57904052734375,103.61449540008805,103.4904067266458,103.55245106336692,1086700
2021-09-20,103.72970581054688,103.77402608656644,103.63220661316359,103.73857121821572,2218300
2021-09-21,103.72084045410156,103.72084045410156,103.65879612503835,103.68539234805803,808500
2021-09-22,103.68539428710938,103.72084239381583,103.63220860240006,103.66766347143133,782500
2021-09-23,103.43721771240234,103.55244773569973,103.43721771240234,103.50812745561223,720700
2021-09-24,103.42835998535156,103.45494944871022,103.35745024151154,103.45494944871022,945300
2021-09-27,103.31314849853516,103.35746878696891,103.25996956227591,103.3308793188393,1498600
2021-09-28,103.0383529663086,103.19789649300748,102.90539890033874,103.17130703227845,2459100
2021-09-29,102.92314910888672,103.05609643758233,102.90541829017666,103.00291750610408,1851900
2021-09-30,102.96745300292969,103.02949733796144,102.94086353967684,103.0029078747086,1798300
2021-10-01,103.00647735595703,103.02422799147033,102.93546126897019,102.97984801645366,1519200
2021-10-04,102.93548583984375,103.01538064989167,102.92660713373432,102.97987259792241,1046000
2021-10-05,102.96212768554688,103.0065144490142,102.89999028017417,102.98875703463958,1144900
2021-10-06,102.91773986816406,102.95324792174385,102.84672376100445,102.92661180220746,1132600
2021-10-07,102.82009887695312,102.89998692162375,102.8112201700556,102.83784951827914,984900
2021-10-08,102.76680755615234,102.82007301166907,102.74017821462763,102.82007301166907,585800
2021-10-11,102.66033935546875,102.70471935510831,102.65146064655261,102.6869687097466,502600
2021-10-12,102.89997100830078,102.90884971382523,102.77569622083047,102.87334166419542,2226900
2021-10-13,102.89997100830078,102.95323646897947,102.89109907524431,102.93547905793058,1490600
2021-10-14,102.91773986816406,102.91773986816406,102.85560246751659,102.87335310807212,1410000
2021-10-15,102.87335205078125,102.89998139757522,102.83784399756638,102.86447334436036,872400
2021-10-18,102.88225555419922,102.95327167774548,102.83786878386525,102.8644981370775,1347900
2021-10-19,102.82009887695312,102.88223628029773,102.78459082183205,102.88223628029773,926700
2021-10-20,102.78460693359375,102.83786563838927,102.76684951701517,102.81123628599151,1057000
2021-10-21,102.4295425415039,102.82899640923358,102.3940344775436,102.78461640863624,1956200
2021-10-22,102.55378723144531,102.55378723144531,102.4295124303526,102.47389919037231,1060100
2021-10-25,102.61593627929688,102.62481498680232,102.50941887910939,102.53604822915626,808000
2021-10-26,102.59819793701172,102.60706987311131,102.50943116872362,102.56268987520242,950600
2021-10-27,102.81122589111328,102.82897653342705,102.65144302041169,102.713580427214,1866900
2021-10-28,102.84672546386719,102.87335481137576,102.77570935553175,102.79346676885004,1344600
2021-10-29,102.91773986816406,102.9354905087196,102.79346506686913,102.84672376100445,1322200
2021-11-01,102.838623046875,102.84750731776575,102.74972608287814,102.75861713565506,1015400
2021-11-02,102.90971374511719,102.95416221960961,102.82971462929284,102.86527205250978,2073500
2021-11-03,102.96308898925781,103.0164217516421,102.883083063794,102.89197411815385,2286400
2021-11-04,103.11421203613281,103.14976947479941,102.99865544688234,102.99865544688234,1684900
2021-11-05,103.35421752929688,103.37199963979086,103.18532817093231,103.18532817093231,1422100
2021-11-08,103.24752807617188,103.30975188471032,103.21197064530898,103.28308550703477,857100
2021-11-09,103.45195770263672,103.49640617932974,103.38973390439772,103.45195770263672,1868100
2021-11-10,103.34532165527344,103.53199310317785,103.3097642201649,103.52310204892889,1682200
2021-11-11,103.26531982421875,103.42532489760613,103.25643555150492,103.42532489760613,1058700
2021-11-12,103.21197509765625,103.34531377367246,103.21197509765625,103.34531377367246,1452500
2021-11-15,103.13199615478516,103.28311697747071,103.06977232728705,103.2653348656778,1256000
2021-11-16,103.00751495361328,103.22974380543216,102.97195752349589,103.15863572708375,1462300
2021-11-17,103.03421020507812,103.06087658791235,102.963095329595,103.03421020507812,2204700
2021-11-18,103.20309448242188,103.2208765913622,102.97197453940994,102.98975664835027,2136400
2021-11-19,103.33642578125,103.38087426853436,103.27420196818409,103.29197729396564,1782500
2021-11-22,103.24752807617188,103.33641826238588,103.20307959212163,103.32752720919852,1162100
2021-11-23,103.20309448242188,103.25643402735538,102.9808655938801,103.21198553689204,1651900
2021-11-24,103.27418518066406,103.28307623305307,103.14084652237254,103.25640985777193,1110900
2021-11-26,103.45195770263672,103.55862997756874,103.30084373289705,103.30084373289705,878000
2021-11-29,103.44313049316406,103.48757221248624,103.35423349074146,103.35423349074146,867800
2021-11-30,103.66533660888672,103.7275604277477,103.51421580717778,103.63866344489976,2539500
2021-12-01,103.66444396972656,103.6733479278031,103.50420668299891,103.50420668299891,1321100
2021-12-02,103.52198028564453,103.60209550658826,103.46857013834872,103.51307633051931,1380000
2021-12-03,103.6466293334961,103.67333441251431,103.49529602457343,103.50419318976007,1953800
2021-12-06,103.51310729980469,103.63773554193334,103.49530617595623,103.55762029702056,1538000
2021-12-07,103.48639678955078,103.58431994490505,103.48639678955078,103.54871090734628,990600
2021-12-08,103.43299865722656,103.54872294895299,103.42409469886906,103.54872294895299,1701600
2021-12-09,103.46857452392578,103.53088862898805,103.43296549364334,103.48637564320298,1531900
2021-12-10,103.61102294921875,103.62883086350607,103.54870883267176,103.61992690636241,1211700
2021-12-13,103.75345611572266,103.7890583598158,103.65553296514372,103.69114200096598,1772700
2021-12-14,103.73564147949219,103.77125051300685,103.68223132508453,103.73564147949219,1614700
2021-12-15,103.70892333984375,103.7178272950331,103.61990416313365,103.65551319216326,1110700
2021-12-16,103.7562026977539,103.77403556448785,103.7027177000439,103.7027177000439,1598800
2021-12-17,103.76509857177734,103.82749999049051,103.72052321502028,103.72052321502028,1582900
2021-12-20,103.76509857177734,103.8007574969341,103.72052321502028,103.7472657085767,1372200
2021-12-21,103.6938247680664,103.75622621328618,103.63142332284663,103.75622621328618,2790000
2021-12-22,103.85425567626953,103.85425567626953,103.7383692557229,103.75619531994337,1639800
2021-12-23,103.80077362060547,103.84534218304096,103.72945575921398,103.84534218304096,1308100
2021-12-27,103.7918701171875,103.80078655128358,103.73838511510394,103.74729474795357,1339200
2021-12-28,103.81859588623047,103.83642875154858,103.74727802744876,103.79185338949867,1143100
2021-12-29,103.6938247680664,103.80080158897778,103.6849083326786,103.80080158897778,1389300
2021-12-30,103.73835754394531,103.76510003787958,103.67595612435048,103.729441112219,1330600
2021-12-31,103.65813446044922,103.73836875216543,103.64921802775956,103.71161945409645,1035100
2022-01-03,103.56007385253906,103.67596707348648,103.52441492311259,103.64921777548258,1537700
2022-01-04,103.5689697265625,103.57788615746053,103.47090939041618,103.5065683127643,1760500
2022-01-05,103.3818130493164,103.53335843808625,103.3194116068084,103.50661593433242,3854600
2022-01-06,103.35502624511719,103.37285230623002,103.2837083981774,103.32828375282583,1552600
2022-01-07,103.21243286132812,103.2837507375034,103.18569035807415,103.25700823424943,1980500
2022-01-10,103.01628875732422,103.15892447735122,102.98062982731746,103.15000804453817,2334400
2022-01-11,102.96278381347656,102.98060987440333,102.86472347526896,102.96278381347656,2716600
2022-01-12,102.93602752685547,103.00734536349344,102.91819466707436,102.98951250371232,2250300
2022-01-13,102.8914566040039,102.93603195413064,102.87363054469934,102.91819909358253,1712500
2022-01-14,102.71318817138672,102.85581707644494,102.69535530747643,102.85581707644494,1133200
2022-01-18,102.35663604736328,102.69538574837773,102.32989354481566,102.6597336124788,1810100
2022-01-19,102.45467376708984,102.49924912897623,102.34769697930972,102.38335590856975,1790200
2022-01-20,102.40116119384766,102.48138866214087,102.32092692431094,102.4546461727098,2257900
2022-01-21,102.24073791503906,102.41010934556137,102.16050361532129,102.40119971322854,3287900
2022-01-24,102.06243896484375,102.20507469113332,102.0356964664759,102.18724182472424,2346400
2022-01-25,101.78608703613281,102.06243524418744,101.68802667819494,102.00895024940151,3285100
2022-01-26,101.5364761352539,101.78608183315653,101.29578006852982,101.67910504780747,3904000
2022-01-27,101.47409057617188,101.6434620112325,101.22448483924359,101.54540844422174,6331700
2022-01-28,101.28685760498047,101.39382757553197,101.10856298532079,101.37600151418816,6459000
2022-01-31,101.16204833984375,101.23335938192928,101.05507157484963,101.09073049651434,4598800
2022-02-01,101.39239501953125,101.51737189212227,101.26741814694023,101.28526906699805,3950000
2022-02-02,101.62450408935547,101.65129068897654,101.49952720070901,101.57987337811295,2750200
2022-02-03,101.67805480957031,101.7137634594995,101.54414907501797,101.57985772494717,2965500
2022-02-04,101.3388442993164,101.58880489385737,101.21386740741083,101.58880489385737,3525400
2022-02-07,101.49950408935547,101.52629068287725,101.28525901627775,101.37452722916612,2256500
2022-02-08,101.18707275390625,101.41917558080598,101.15136410278869,101.41917558080598,2566800
2022-02-09,101.21382904052734,101.2941751895699,101.13348970221199,101.19597812447745,1702200
2022-02-10,100.68714141845703,101.07100081366742,100.65143277579477,101.07100081366742,2933300
2022-02-11,100.53541564941406,100.78536941403333,100.41043876710442,100.76751168185807,3397200
2022-02-14,100.249755859375,100.49078076422546,100.249755859375,100.48185189790377,2271300
2022-02-15,100.24078369140625,100.29434324474113,100.1158068598072,100.24971255387089,2037800
2022-02-16,100.249755859375,100.32116635776029,100.13370102938116,100.22296926040987,4001400
2022-02-17,100.58898162841797,100.59791049507405,100.30331919199097,100.31224805864704,2731000
2022-02-18,100.58003997802734,100.66038614626059,100.53540927187896,100.57111792323498,2364500
2022-02-22,100.62467193603516,100.66930263971798,100.49969506855768,100.52647485291308,2062500
2022-02-23,100.58003997802734,100.64252841521817,100.54433132667133,100.62467749490457,2242000
2022-02-24,100.53541564941406,100.8924885641677,100.50862905115119,100.83892898910051,2902400
2022-02-25,100.41934204101562,100.72286213466394,100.33900269344072,100.67822462330366,2092800
2022-02-28,100.62467193603516,100.64252285536259,100.53540371794104,100.54432577224051,3006700
2022-03-01,101.03058624267578,101.07529277040157,100.62825477817735,100.62825477817735,4730600
2022-03-02,100.78024291992188,101.08422547096364,100.75342173262504,101.02164042685162,3952600
2022-03-03,100.66399383544922,100.80704924161417,100.62823680516519,100.80704924161417,3249000
2022-03-04,100.63719177246094,100.65507711225825,100.53884286735125,100.59249206548468,2744400
2022-03-07,100.4136734008789,100.52990764651179,100.37790954231946,100.52990764651179,3111500
2022-03-08,99.95771026611328,100.07393770294553,99.8593613498478,100.05605918237876,4005700
2022-03-09,100.02918243408203,100.03812510063807,99.90401238732127,99.95766156540157,2190000
2022-03-10,99.91297912597656,99.9845068331462,99.77886638034789,99.94874297956139,4419100
2022-03-11,99.65370178222656,99.81463572157733,99.53747436762912,99.78781453522853,3429300
2022-03-14,98.87583923339844,99.30499861782096,98.74173332069483,99.30499861782096,4166100
2022-03-15,98.67021179199219,98.93843727669204,98.57186290235273,98.70597564470266,4413300
2022-03-16,98.95633697509766,99.03680054497725,98.58082667314176,98.68811143298122,4560000
2022-03-17,99.17982482910156,99.27817370889737,99.06359743536868,99.14406097997066,3682800
2022-03-18,99.13513946533203,99.32289459738897,99.04573323405609,99.26030955336999,4723200
2022-03-21,98.63442993164062,98.99206157219531,98.49138136817247,98.8668915211896,3844300
2022-03-22,98.37515258789062,98.59867152290674,98.27680371078301,98.58972885555426,6514600
2022-03-23,98.45562744140625,98.48244862343026,98.23210849619704,98.45562744140625,4965400
2022-03-24,98.19635009765625,98.30363483170804,98.05329469057752,98.2231712811692,3956800
2022-03-25,97.7672119140625,98.06225863924729,97.63309914613679,98.04438012011127,5151200
2022-03-28,97.7672119140625,97.93708854151897,97.68674834606232,97.78509725445724,2678300
2022-03-29,97.74934387207031,97.88345665437073,97.68675881649804,97.70463733755035,4259500
2022-03-30,97.92813873291016,97.97284525937944,97.6777985557019,97.77614745692775,4110500
2022-03-31,98.02647399902344,98.1605867385185,97.85659740757922,97.88342541248406,5932300
2022-04-01,97.96826934814453,97.99513095487062,97.82499833688827,97.86977223579031,2860600
2022-04-04,98.05782318115234,98.15632030643096,97.90559600383351,97.91455215109667,3905300
2022-04-05,97.77129364013672,98.10259596122026,97.69070197315753,98.09364664497522,10146100
2022-04-06,97.60115814208984,97.67279365919467,97.32357905273231,97.55638423601461,4098400
2022-04-07,97.37728881835938,97.5205598327706,97.26088624280375,97.5205598327706,4023800
2022-04-08,97.2340316772461,97.2519439723722,97.09076747393199,97.12658523264525,4548900
2022-04-11,96.91166687011719,97.19820205316684,96.87584911829377,97.15342815550316,5172900
2022-04-12,96.84002685546875,97.0638826702842,96.76839135515885,97.01015262928311,4110700
2022-04-13,96.88481903076172,97.0101777730267,96.81319034342394,96.82213965962923,5048900
2022-04-14,96.53559875488281,96.80422851914926,96.46397007174528,96.77736690903036,3718500
2022-04-18,96.3206787109375,96.57139612784391,96.27590481583111,96.4460374193907,4873900
2022-04-19,95.7745132446289,96.20431960457283,95.74765162804623,96.16850183861581,6139200
2022-04-20,96.00728607177734,96.07892157441573,95.81924800100474,95.82819731518138,3815600
2022-04-21,95.71180725097656,95.9714808583117,95.62226627674958,95.95357539608166,4957500
2022-04-22,95.61332702636719,95.79241583800761,95.56855994711182,95.63123932330106,4276700
2022-04-25,95.62223815917969,95.86399940165684,95.58642041371336,95.73864070829292,11319000
2022-04-26,95.70284271240234,95.87297533059244,95.62225789212566,95.82820143163573,7183700
2022-04-27,95.66703796386719,95.72972416354284,95.57749698532001,95.68495025849988,5502700
2022-04-28,95.57749938964844,95.68495266553137,95.46109679776278,95.64913490690373,5966700
2022-04-29,95.5595932006836,95.62227256992142,95.43423446220793,95.5327315898015,5919800
2022-05-02,95.40892028808594,95.52551763553436,95.3640809443166,95.42686149964754,8827100
2022-05-03,95.42683410644531,95.66002189183601,95.2743680647752,95.64208068542459,6566000
2022-05-04,95.40892028808594,95.53448139874783,95.14882746098134,95.48964205497849,8141000
2022-05-05,95.18470001220703,95.28335614495404,94.8618266400472,95.19367061770234,9666600
2022-05-06,94.88873291015625,95.05913334920422,94.8349161228972,94.87079170021433,8159800
2022-05-09,94.81698608398438,95.00532774157219,94.70935934711974,95.00532774157219,9096000
2022-05-10,94.6555404663086,94.95150883282732,94.61069428620586,94.95150883282732,7525400
2022-05-11,94.58380126953125,94.64658182407003,94.46721076612131,94.59277187519886,7361700
2022-05-12,94.45823669433594,94.65554895637955,94.41339051021075,94.63760774570268,6886200
2022-05-13,94.23401641845703,94.35957751887602,94.09052095050681,94.35060691382702,6909900
2022-05-16,94.35958099365234,94.53895888840415,94.2788660729393,94.32370541470198,11495400
2022-05-17,93.97390747070312,94.16224908898023,93.94700250274434,94.1174097565708,6499700
2022-05-18,93.92911529541016,94.03673522127588,93.85736411645364,93.92014468739832,4582400
2022-05-19,94.20711517333984,94.35061064696771,94.00083230445142,94.12639340983844,8969500
2022-05-20,94.70037078857422,94.7183119959339,94.29678257633589,94.29678257633589,6533200
2022-05-23,94.97842407226562,95.02326341464969,94.75420683264392,94.76317743814758,7764600
2022-05-24,95.57035064697266,95.67797738150911,95.27438910148943,95.39097959864543,5292700
2022-05-25,96.2698974609375,96.38649478872559,96.0277458862255,96.18918255022223,6389900
2022-05-26,96.75421905517578,96.81699960744913,96.40444071500036,96.40444071500036,5600500
2022-05-27,97.11294555664062,97.30128716993252,97.02326005163002,97.30128716993252,3409700
2022-05-31,96.95152282714844,97.13986446747515,96.87977167581452,97.13986446747515,5903200
2022-06-01,96.95333099365234,97.0611124097276,96.74673852478021,97.0611124097276,5404100
2022-06-02,96.9623031616211,97.22278632496932,96.89045117225733,97.22278632496932,7985500
2022-06-03,96.99825286865234,97.0341822972666,96.63896543534769,96.87250329492139,5257400
2022-06-06,96.75570678710938,96.99822178649667,96.6389344683222,96.9712764368798,8367200
2022-06-07,96.728759765625,97.08804022475401,96.692830349145,96.92636812984725,3798900
2022-06-08,96.43236541748047,96.79165279724772,96.40542006324436,96.67488045844222,4367400
2022-06-09,96.05510711669922,96.32456748486607,96.00120956079697,96.32456748486607,8053900
2022-06-10,95.71379089355469,96.05511698895035,95.56109598394968,95.8664926559965,12232200
2022-06-13,94.4922103881836,95.18383974012147,93.60297950281401,94.8604818085623,15053300
2022-06-14,94.36647033691406,94.47425860922357,93.9712603774531,94.42036789948729,6777900
2022-06-15,94.55508422851562,94.89641029337163,94.16885152811912,94.42035746905793,14262400
2022-06-16,94.45631408691406,94.57307959634423,93.84552747443676,94.13295606543561,7213000
2022-06-17,94.6898193359375,94.85149830267581,94.32155476621134,94.68084212038937,5438000
2022-06-21,94.5191421508789,94.6448916689734,94.38440856639629,94.62692353619717,10005700
2022-06-22,94.8155517578125,95.01316010956317,94.59998212537315,94.90537871976103,6906900
2022-06-23,95.05810546875,95.34553402600476,94.97726254645225,95.00420790293904,5968800
2022-06-24,95.14791107177734,95.22874712888802,94.99521617312188,95.13892700337517,5000200
2022-06-27,94.9503173828125,95.1479258012335,94.91438795647801,94.93235609606394,8468200
2022-06-28,94.8155517578125,95.0041760428013,94.71674758193716,94.91435593368783,5446900
2022-06-29,95.15689086914062,95.32754704410439,94.8694623686987,94.87843958386165,3663800
2022-06-30,95.53414916992188,95.71378943108448,95.48025846214043,95.52516510101273,3970800
2022-07-01,95.90846252441406,96.24138677409694,95.6205304501734,95.92646214052782,3269600
2022-07-05,96.14239501953125,96.33134977125265,96.07941010229078,96.18738718820634,6620500
2022-07-06,96.31336212158203,96.58329455339968,96.16039972373456,96.58329455339968,4241500
2022-07-07,96.14239501953125,96.53830413638055,96.14239501953125,96.51131158111193,3430200
2022-07-08,95.96245574951172,96.26838057898215,95.91746357348737,96.24138801930442,3452300
2022-07-11,96.14239501953125,96.42133410860285,96.12440227096587,96.25037210544681,5913900
2022-07-12,96.3763656616211,96.66429776342528,96.34037329079023,96.59231302176353,3778600
2022-07-13,96.48432159423828,96.52930689926977,96.06141991086281,96.26836741665849,3868700
2022-07-14,96.53832244873047,96.61930012989696,96.13341344837076,96.37636022155506,4919300
2022-07-15,96.68225860595703,96.90720570077298,96.48431092898505,96.4933038700925,3924200
2022-07-18,96.50230407714844,96.76324353200037,96.46631171804742,96.71825136691396,4610100
2022-07-19,96.44832611083984,96.65527360994,96.41233374907438,96.54730338948464,2780600
2022-07-20,96.61029815673828,96.89823021537853,96.59229854159976,96.80824586936951,1985200
2022-07-21,96.70025634765625,96.75424145261903,96.5922792728903,96.73624870591158,3835600
2022-07-22,97.15016174316406,97.24013921676875,96.97919973792632,97.15916154997689,2946900
2022-07-25,96.8172607421875,97.00621554149356,96.73628305598898,96.9072382373557,7595900
2022-07-26,97.01519012451172,97.22214448794472,96.9701979562051,97.1771523196381,4735600
2022-07-27,97.04216766357422,97.31210690196235,97.02417491794034,97.19513002840216,4597500
2022-07-28,97.60906219482422,97.64504769475704,97.3301230840325,97.33912289143652,7791400
2022-07-29,97.69003295898438,97.7980100456724,97.6270480412933,97.65404059675502,3076800
2022-08-01,97.79459381103516,97.84867157022713,97.70446192017437,97.83064794270396,5302000
2022-08-02,97.65938568115234,98.08301310274591,97.63234680345437,98.001896469652,3441700
2022-08-03,97.85768127441406,97.87570490091541,97.49714685478834,97.81261189322755,3471200
2022-08-04,97.87570190429688,97.95682541262444,97.77656164664168,97.9117560328178,3151800
2022-08-05,97.19969177246094,97.56022614138027,97.08252102512614,97.56022614138027,2547200
2022-08-08,97.26282501220703,97.56025960772067,97.19972511512628,97.39801942988437,4548500
2022-08-09,97.2538070678711,97.38900835843098,97.19071404915958,97.2538070678711,3509600
2022-08-10,97.45208740234375,97.63235117949128,97.40701801974572,97.59629704873731,3039600
2022-08-11,97.15464782714844,97.51518226491639,97.12760894772477,97.50616701290102,2211500
2022-08-12,97.38899993896484,97.45209295222185,97.20872927492863,97.39800831469962,1815200
2022-08-15,97.37096405029297,97.52418894878443,97.30787104052459,97.44307231192036,4313900
2022-08-16,97.18168640136719,97.44307369601249,97.10056976335093,97.41603481667374,4196000
2022-08-17,96.72197723388672,96.99237970338983,96.37947339892052,96.99237970338983,5201800
2022-08-18,96.61383056640625,96.82113318554373,96.56876119183494,96.65889306435649,11431800
2022-08-19,96.33443450927734,96.44259690662594,96.13614709573888,96.25331786873288,3626700
2022-08-22,96.10909271240234,96.21725510004252,96.00994557622101,96.1361384667789,3201200
2022-08-23,95.99193572998047,96.19924528356215,95.95588159559135,96.07305237488873,3306300
2022-08-24,95.8116683959961,96.06404045077593,95.730544877461,96.04600994593581,2909800
2022-08-25,95.9198226928711,96.0370003429664,95.77561303910652,95.90179906488402,9311000
2022-08-26,95.68547058105469,95.94685097943224,95.63138594981976,95.9288273534352,2901300
2022-08-29,95.35198974609375,95.77561722685085,95.3159356119205,95.75758672145274,3081600
2022-08-30,95.22579956054688,95.4871868644327,95.16270654765187,95.3970480946204,3916300
2022-08-31,95.306884765625,95.37899300704176,95.19872928012025,95.288861143581,2345200
2022-09-01,94.86351776123047,94.96285183596333,94.655817362356,94.88157537046024,5225100
2022-09-02,95.26988983154297,95.36922391713156,95.02607418756361,95.1073437723606,2975600
2022-09-06,94.76419830322266,95.08929043620297,94.65583196236632,95.07122593459923,5273500
2022-09-07,95.04409790039062,95.07118775232777,94.719005897973,94.719005897973,3914700
2022-09-08,94.8996353149414,95.07121360999079,94.80030812735198,94.83642334670024,3540700
2022-09-09,95.12541198730469,95.15250874151259,94.8364419487229,94.89062856754954,2741100
2022-09-12,95.21571350097656,95.3872849270796,95.1163794118486,95.3240729512335,4094700
2022-09-13,94.9086685180664,95.01703484596332,94.80933443989122,94.81836668961293,3720000
2022-09-14,94.73707580566406,94.88155732077992,94.71901131028312,94.79125551263421,4569000
2022-09-15,94.50231170654297,94.77321720583912,94.37588776228712,94.72806973408389,4746100
2022-09-16,94.48426055908203,94.61068452120465,94.37590109988506,94.45717069428278,5079700
2022-09-19,94.39396667480469,94.48426852828167,94.27657495424359,94.31269707355234,4947500
2022-09-20,93.84310913085938,94.21335565785441,93.81601926587716,94.19529115480675,8351200
2022-09-21,94.05079650878906,94.1140084814932,93.74376200594874,93.89728270216305,4882100
2022-09-22,93.59024810791016,93.82503838754833,93.56315824671888,93.78891627609721,8342600
2022-09-23,93.33739471435547,93.52703062110211,93.09357219883272,93.44576104231979,10795500
2022-09-26,92.60597229003906,93.16584795004512,92.60597229003906,93.12972582849791,13896400
2022-09-27,92.64208221435547,92.72335870557774,92.2989324137021,92.52469049324533,6681800
2022-09-28,92.75043487548828,92.81364685284171,92.54274133115082,92.79558924056451,6659900
2022-09-29,92.63302612304688,92.68720583949577,92.40726811839308,92.65108373200066,11008900
2022-09-30,92.63302612304688,92.71429569772022,92.51562755129086,92.64205148273,6246700
2022-10-03,93.06009674072266,93.14153357131934,92.76150653383712,92.8067499845221,9858600
2022-10-04,93.71160125732422,93.8201814404913,93.38586761100709,93.44920432539186,5530200
2022-10-05,93.52155303955078,93.60298296638614,93.27724945268207,93.57583965744102,7411800
2022-10-06,93.53966522216797,93.63015214121957,93.41299181931498,93.51252190772557,6864100
2022-10-07,93.65730285644531,93.69349624628941,93.3768058109494,93.5396726136562,8336100
2022-10-10,93.45823669433594,93.57586002642871,93.1867897394353,93.48538000918944,3958600
2022-10-11,93.66632080078125,93.82014439198747,93.4039308756478,93.5034540419369,9251400
2022-10-12,93.69344329833984,93.91964667964615,93.6753431620549,93.85631000900756,5660800
2022-10-13,93.37679290771484,93.40394312373361,92.88819947029383,93.02391603447616,4665100
2022-10-14,93.3948974609375,93.60300080462993,93.16869397237805,93.575857490512,6324500
2022-10-17,93.43109893798828,93.75683254197483,93.39490554830275,93.69349583582095,6397400
2022-10-18,93.56682586669922,93.67539913656799,93.37680883806189,93.61206242808338,4148800
2022-10-19,93.16869354248047,93.42204034398885,93.15059339769697,93.30441701562643,4113700
2022-10-20,92.68008422851562,93.27725778821741,92.64389084562734,93.23202123699352,7382000
2022-10-21,92.39958953857422,92.58959961188867,92.19147932312606,92.55340623080284,10196200
2022-10-24,91.87480163574219,92.30910842967597,91.82051501229597,92.2186284228716,9649600
2022-10-25,91.94715881347656,92.28193542123842,91.85667193260923,92.04668885988679,7329800
2022-10-26,92.0557632446289,92.164343396585,91.78432321951189,91.97433330804844,8429300
2022-10-27,92.02861785888672,92.22767801473002,91.947187924141,91.99242447571686,6179700
2022-10-28,92.1281509399414,92.1643443242911,91.90194746514258,91.93814084949226,6790400
2022-10-31,91.84765625,92.16433971825525,91.70288271983654,92.01956618809179,8574900
2022-11-01,92.20846557617188,92.38978614817164,92.1178087485083,92.32631876046729,8690100
2022-11-02,92.34446716308594,92.7342978014473,92.18128208384924,92.23567480470362,10237700
2022-11-03,92.15408325195312,92.26286869074438,91.92743769890684,92.00902677800029,13241500
2022-11-04,92.37166595458984,92.38073371386207,92.13595263022799,92.27194135261651,6109400
2022-11-07,92.2538070678711,92.42605298339063,92.1631502307545,92.38979578188265,9605100
2022-11-08,92.44420623779297,92.62551994681425,92.40794211265379,92.4351384773395,7578900
2022-11-09,92.71617126464844,92.77057090744599,92.48952568356898,92.48952568356898,8437200
2022-11-10,94.04884338378906,94.1304393853066,93.28731759188598,93.53209176309086,6895100
2022-11-11,94.13948059082031,94.20294797691365,93.83124600125375,93.97630245517148,4828300
2022-11-14,93.64994049072266,94.14855653189241,93.61367637409109,94.13948877356627,15417400
2022-11-15,94.36614227294922,94.37521003204006,93.8584584306401,94.01257575181629,7737600
2022-11-16,94.8919677734375,94.96449601750992,94.61092947349941,94.61092947349941,8657000
2022-11-17,95.00077056884766,95.15488791691521,94.819449938761,94.85571406477833,6776600
2022-11-18,95.07327270507812,95.1911258947551,94.90101988298086,95.17299729506361,6490400
2022-11-21,95.16394805908203,95.34526175797852,95.01889156662544,95.29086903164442,6519100
2022-11-22,95.39058685302734,95.48124369602444,95.27272673212475,95.28179449142658,4678500
2022-11-23,95.72600555419922,95.78947294447693,95.48123141791568,95.54469189152051,4697200
2022-11-25,95.59909057617188,95.75321480741242,95.54469785730657,95.65349021171048,2927800
2022-11-28,95.67162322998047,95.75321922871935,95.61723050860364,95.70788734978956,5629200
2022-11-29,95.88920593261719,96.03426241926675,95.61723539516024,95.61723539516024,4826700
2022-11-30,96.2971420288086,96.46939482372149,95.88917597506831,96.00703606281792,6682400
2022-12-01,96.65232849121094,96.76133043968296,96.29805829779835,96.32530878491636,7084800
2022-12-02,96.50701141357422,96.62510613271658,96.34350151282742,96.47067511002591,4877800
2022-12-05,96.44341278076172,96.57967216973772,96.37074018258247,96.39799760473,8360500
2022-12-06,96.51608276367188,96.73409362186186,96.49791807983948,96.64325634181938,6779400
2022-12-07,96.94303131103516,96.99753229618143,96.63417622417813,96.66143364719191,6047000
2022-12-08,96.69773864746094,96.92483526892556,96.65232348143134,96.86124849213302,5804500
2022-12-09,96.4979248046875,96.73410036316872,96.41616639564346,96.6250983916976,4723200
2022-12-12,96.37983703613281,96.81586574474152,96.37983703613281,96.68869214857257,7945000
2022-12-13,96.91577911376953,97.17921208807726,96.83402070704757,97.01570220507386,5685800
2022-12-14,96.90670013427734,97.0338737266361,96.63418133325656,96.89761432612572,5401400
2022-12-15,96.82662963867188,97.04508163714753,96.7720201111745,96.99046516540707,6266300
2022-12-16,96.71736907958984,96.80838723444144,96.2622713610918,96.62635092473826,5492000
2022-12-19,96.3805923461914,96.47161049922813,96.25316554309198,96.40789709767843,7913900
2022-12-20,96.08023834228516,96.26228161562094,96.01652493267784,96.23497686068077,6944700
2022-12-21,96.21675109863281,96.28046449634554,95.88908021204172,96.28046449634554,9244800
2022-12-22,96.29869079589844,96.39881286071939,96.15305617643492,96.27137909656838,5181900
2022-12-23,96.24410247802734,96.27140724109897,96.08937085779289,96.27140724109897,3963900
2022-12-27,95.91638946533203,96.13484136280915,95.87998081575252,96.09843271322964,5855600
2022-12-28,95.93462371826172,96.13486787405076,95.36119600954916,96.0438427528799,5865700
2022-12-29,96.1530532836914,96.18035803795914,95.9528091600738,96.01652256811207,5137100
2022-12-30,96.0438232421875,96.21676260419046,95.97101288198027,96.09843969264338,5843600
2023-01-03,96.3988265991211,96.45343611708222,96.2622958599764,96.43522831493394,8494700
2023-01-04,96.70829010009766,96.83571693857255,96.63547277975718,96.70829010009766,5487200
2023-01-05,96.67184448242188,96.83567991843296,96.48070429778214,96.59902718991934,3358200
2023-01-06,97.04505157470703,97.16337449571185,96.6263624570274,96.65366721231766,3947400
2023-01-09,97.27259826660156,97.40912203997289,97.19067705833801,97.19067705833801,5382800
2023-01-10,97.33631896972656,97.40003238348795,97.09966617108084,97.34541592580585,3519400
2023-01-11,97.65487670898438,97.76410266967231,97.48193734062197,97.48193734062197,4451000
2023-01-12,98.02806091308594,98.04626871340989,97.73679860607332,97.8278237192107,3929600
2023-01-13,97.89152526855469,98.11907413533957,97.87331747043731,98.02804903323336,3588300
2023-01-17,97.90061950683594,98.09175971632267,97.82780914910775,97.92792425901402,5194000
2023-01-18,98.49224853515625,98.54685803984634,98.33751697570754,98.41943123274268,2737300
2023-01-19,98.49224853515625,98.58326669105313,98.40123037925937,98.48314463629451,2752000
2023-01-20,98.27381134033203,98.48315242101846,98.24650658582866,98.4012381575083,3994200
2023-01-23,98.05538940429688,98.24652967498162,98.03718160085508,98.21012101234037,4655200
2023-01-24,98.24649810791016,98.30110761220455,98.02804620225238,98.19188165937565,2615400
2023-01-25,98.39213562011719,98.4012395198246,98.23740404629535,98.31022135547298,1724000
2023-01-26,98.483154296875,98.51046599613932,98.33752662200287,98.34663052175765,2297100
2023-01-27,98.27381134033203,98.38303035834556,98.22829878666592,98.26470744075067,3492600
2023-01-30,98.20100402832031,98.32843085846771,98.16459537052941,98.27382134390209,4306200
2023-01-31,98.41035461425781,98.5559823049382,98.28292778082186,98.5559823049382,2891500
2023-02-01,98.86091613769531,98.91563902395791,98.43223497221702,98.54168770340019,3190300
2023-02-02,98.9521255493164,99.10718532839908,98.86091841722303,99.01597123764758,3496800
2023-02-03,98.39574432373047,98.63288841319554,98.35014424103248,98.53255848913946,3763600
2023-02-06,98.0491714477539,98.25895413219615,98.02181000166551,98.213347082943,3284500
2023-02-07,97.96707153320312,98.08564010028726,97.86674160772516,98.07651730015537,2801300
2023-02-08,97.95795440673828,98.03092289470447,97.90322456143463,97.97619304940082,1722200
2023-02-09,97.93058013916016,98.14947861573543,97.89409589995476,98.04914869758487,2940500
2023-02-10,97.72994232177734,97.96708645071332,97.7116967187353,97.92147940176686,1289400
2023-02-13,97.91233825683594,97.94882249742622,97.78464689409863,97.83025393450083,2177100
2023-02-14,97.73904418945312,97.80288986910843,97.54750019183001,97.62046867105242,2332100
2023-02-15,97.41070556640625,97.67520416008165,97.31037563418809,97.67520416008165,2623400
2023-02-16,96.8999252319336,97.30124492820096,96.8269637078775,97.28300628685132,2665400
2023-02-17,96.58070373535156,96.65367222329107,96.40740531615972,96.62631077997825,3602300
2023-02-21,95.95136260986328,96.30707528989495,95.94224676787336,96.19762951675168,4613600
2023-02-22,96.08818817138672,96.22500236268628,96.00610383180228,96.12467241964386,2156000
2023-02-23,96.31620025634766,96.43477579146322,96.13378599123502,96.15202463428301,1860700
2023-02-24,95.96961975097656,96.10643394251481,95.90577405607988,96.04258824761814,1545700
2023-02-27,96.1520004272461,96.22496889838402,96.0607933176519,96.14288458734616,1773400
2023-02-28,96.17940521240234,96.19765081773834,96.06083661235655,96.13380511638144,1978000
2023-03-01,95.98101806640625,96.16386065493953,95.88045638639585,96.07243587330709,2646500
2023-03-02,96.08155822753906,96.11812673705566,95.69759933970981,95.79816099719795,2941000
2023-03-03,96.39238739013672,96.39238739013672,96.17297633231085,96.18212020340277,2964400
2023-03-06,96.2552719116211,96.44725138546804,96.17299100869748,96.41068287024989,1939900
2023-03-07,96.32840728759766,96.40153734204681,96.12728394471773,96.28269490067731,2035800
2023-03-08,96.2643814086914,96.44721694476159,96.21866903730954,96.28266217240697,1623300
2023-03-09,96.53866577148438,96.73064523854083,96.4289672044412,96.4472479740381,1901800
2023-03-10,97.04148864746094,97.33402982792343,96.95007083632865,96.97749548219514,3200700
2023-03-13,97.33403015136719,97.77283843615314,97.23346846636791,97.48029725471852,4435900
2023-03-14,97.13289642333984,97.27917048582478,96.91349230434362,97.27002661323668,3588200
2023-03-15,97.70885467529297,98.02882750821499,97.55344368341991,97.77284784693086,3266800
2023-03-16,97.64482879638672,97.89166450054707,97.55341100677299,97.77281509679199,2029900
2023-03-17,97.946533203125,98.03795101086777,97.82769075053257,98.01052636601811,1628600
2023-03-20,97.66311645507812,97.85509590552077,97.62654794431806,97.73625347659825,2251000
2023-03-21,97.34315490722656,97.60826441590544,97.27916175431605,97.59912751886863,1621900
2023-03-22,97.90078735351562,97.98306823467613,97.39798609540088,97.47112310649261,2073200
2023-03-23,97.946533203125,98.12023192014843,97.79112223248913,97.87339616703812,2004800
2023-03-24,98.1567611694336,98.25732281013929,98.01048715577846,98.20246656765417,1532100
2023-03-27,97.87337493896484,98.0470736183142,97.7911010222605,98.01964897941275,3191400
2023-03-28,97.98307800292969,98.07449578854344,97.78195468974144,97.80024243170217,1996300
2023-03-29,98.07450866699219,98.1110771809856,97.79111140195684,97.79111140195684,1590800
2023-03-30,98.35791015625,98.38534177397135,98.02880746563692,98.03794436347951,1339400
2023-03-31,98.49503326416016,98.54988952092751,98.32134154613382,98.38533470008683,1849200
2023-04-03,98.5848388671875,98.6947770826722,98.45658111055045,98.49322718237867,1505700
2023-04-04,98.85964965820312,98.93293478916813,98.53899837845586,98.5573249033381,1510300
2023-04-05,99.16197204589844,99.3177195565722,99.07036038578082,99.11616971060045,1438700
2023-04-06,99.24443054199219,99.25358681562567,99.10700955274953,99.14365561584903,1284700
2023-04-10,98.95128631591797,99.14367293866357,98.88715744166943,99.13450967390719,2281900
2023-04-11,99.22608184814453,99.2810544252736,99.00621250818917,99.05202182421,1681000
2023-04-12,99.47345733642578,99.52842293307728,99.29022703171837,99.40016521454282,1624200
2023-04-13,99.26274871826172,99.52842742995023,99.25358545523198,99.42765250518832,1208400
2023-04-14,98.88713073730469,99.40016159274951,98.88713073730469,99.34519599810076,2983100
2023-04-17,98.71308135986328,99.05205222971688,98.64895249146097,98.99707963571315,3004600
2023-04-18,97.99849700927734,98.3466241409746,97.94353140677836,98.30997807613454,2596700
2023-04-19,97.8702163696289,97.88853590299998,97.65034003205275,97.67782981639019,3031000
2023-04-20,98.04430389404297,98.1817248961842,97.88856335339341,97.88856335339341,3580300
2023-04-21,97.93436431884766,98.1542337097799,97.92520105561492,98.08094158296184,3786100
2023-04-24,98.33744049072266,98.45654192414207,98.10840787509547,98.14505393233831,1457300
2023-04-25,98.54817962646484,98.67643736596295,98.27333761924173,98.456567953898,2851400
2023-04-26,98.07176208496094,98.5389835563594,98.07176208496094,98.5389835563594,2072100
2023-04-27,97.8519058227539,98.10842126895278,97.83358628639185,98.09010173259074,2019300
2023-04-28,98.29165649414062,98.30997603141854,98.05346057239552,98.13591596395123,1910600
2023-05-01,97.79954528808594,98.13925709348825,97.79036899955103,98.11171421828274,2413600
2023-05-02,98.3687515258789,98.41466096961533,97.94641126173481,98.05658972382365,1831300
2023-05-03,98.56156921386719,98.66256439714469,98.29530982202637,98.44221445399306,1663500
2023-05-04,98.57992553710938,98.6809207098774,98.35039232714529,98.44220421017138,1890100
2023-05-05,98.6625747680664,98.6625747680664,98.4514080934155,98.57994615749843,1527000
2023-05-08,98.40548706054688,98.45139650865968,98.32285145490349,98.4146703511291,2953000
2023-05-09,98.31367492675781,98.45139626595842,98.31367492675781,98.45139626595842,1454900
2023-05-10,98.58911895751953,98.68093786130206,98.45140461144351,98.54321651042714,2233100
2023-05-11,98.6625747680664,98.70848422158137,98.48812725046851,98.54321999564628,1600300
2023-05-12,98.24024963378906,98.62586388577898,98.19434017316159,98.58913771823705,1774500
2023-05-15,98.21269226074219,98.27696129325282,98.13923993650168,98.23105183940271,2749100
2023-05-16,98.27696990966797,98.28615320220297,98.0198937570863,98.09333908296692,2708600
2023-05-17,97.9280776977539,98.23105629057636,97.90052782131596,98.20351341893792,2159900
2023-05-18,97.39553833007812,97.91887379545453,97.35881217402388,97.91887379545453,3047100
2023-05-19,97.09257507324219,97.34965121980765,96.92731083547874,97.32210834764702,3270900
2023-05-22,96.92730712890625,97.0558451972736,96.87222138669149,97.03748561813514,3051100
2023-05-23,96.72530364990234,96.98237975186115,96.67940120586594,96.88138456826327,2433100
2023-05-24,96.55087280273438,96.72531331518115,96.49578005766776,96.67941086655794,3152600
2023-05-25,96.8263168334961,96.89976916336722,96.5141549387434,96.5141549387434,2859500
2023-05-26,97.07421875,97.12012120354109,96.79877600955393,96.79877600955393,2495100
2023-05-30,97.53325653076172,97.55161610580002,97.15681869689757,97.19354485177196,1946300
2023-05-31,97.66182708740234,97.87299379224181,97.57000816724592,97.65264379442668,2486100
2023-06-01,97.75474548339844,97.92957267348093,97.75474548339844,97.82835767080628,2517200
2023-06-02,97.49711608886719,97.80996439535546,97.42350389674701,97.77315829929537,2331900
2023-06-05,97.69954681396484,97.7087500930577,97.37750224616555,97.46951397695891,2430200
2023-06-06,97.85597229003906,97.86517556958634,97.69034835841515,97.80076665284624,1300700
2023-06-07,97.54312896728516,97.86517354432115,97.50632286990314,97.80076462891395,1986200
2023-06-08,97.92035675048828,97.96636611668809,97.62591505892303,97.64432161342042,1512400
2023-06-09,97.82835388183594,97.85595669603366,97.62592388432694,97.73634216116211,1348100
2023-06-12,97.84676361083984,97.87437344795804,97.67194342936149,97.84676361083984,1222000
2023-06-13,97.75474548339844,98.03078767615557,97.6535304807238,97.93877595191805,1971800
2023-06-14,97.99396514892578,98.0215679595636,97.80073845441761,97.92035297386265,1628600
2023-06-15,98.27921295166016,98.28841622943409,98.04918014762009,98.10439279421968,2450500
2023-06-16,98.21480560302734,98.25161169466205,98.04918170069331,98.18720278931237,1401600
2023-06-20,98.33442687988281,98.44483813443286,98.2240086052886,98.23321188318249,2261600
2023-06-21,98.42643737792969,98.42643737792969,98.10439285607934,98.24240692255515,1587800
2023-06-22,98.12279510498047,98.2884190093755,98.095192290922,98.15960119707317,1751000
2023-06-23,98.40802001953125,98.52764155740414,98.30680503519726,98.47242891683076,1316700
2023-06-26,98.41722106933594,98.4448238789764,98.26080046801133,98.37121872661625,1508300
2023-06-27,98.40802001953125,98.5000387471391,98.27920222493222,98.4172232963007,1292200
2023-06-28,98.55526733398438,98.56447061289846,98.44484904715019,98.48165514276158,1192800
2023-06-29,98.02155303955078,98.44481245167371,97.97555070217096,98.44481245167371,2640200
2023-06-30,98.2055892944336,98.25159163455149,98.12277385015298,98.24238835851081,1295500
2023-07-03,98.24250030517578,98.45461055696086,98.15950523004206,98.29783035526494,1199300
2023-07-05,98.02117156982422,98.33471789668873,98.02117156982422,98.27016382728334,2042800
2023-07-06,97.7906265258789,97.91051065213908,97.60618129024826,97.86440462013117,4039700
2023-07-07,97.76295471191406,97.92895189452346,97.71684164724141,97.71684164724141,1192600
2023-07-10,97.85515594482422,97.92893402048813,97.75371284975247,97.77215385073617,1933700
2023-07-11,97.95658874511719,98.04880781207301,97.89203469466173,97.91047569370737,1416000
2023-07-12,98.27938842773438,98.38083154252266,98.21483435794784,98.25172340294957,1875100
2023-07-13,98.6851577758789,98.70359877986547,98.42694150487287,98.50071255668482,2656600
2023-07-14,98.4084701538086,98.61135632892913,98.36236413683103,98.57446729382868,2229900
2023-07-17,98.51915740966797,98.5837114753313,98.44537932437689,98.52837439343025,1496800
2023-07-18,98.76813507080078,98.80502410800011,98.6851400140006,98.72202905119993,2776000
2023-07-19,99.03557586669922,99.05402390333413,98.92490875448316,98.95258080943552,2958300
2023-07-20,98.74046325683594,98.98945544596599,98.61135515345534,98.98945544596599,2269800
2023-07-21,98.94336700439453,98.96180800706851,98.80503485881145,98.8603649026986,1810600
2023-07-24,98.87882232666016,99.11859759937225,98.86037428636992,99.06326051436739,1441900
2023-07-25,98.75891876220703,98.85114488033726,98.68514771791381,98.80503182127215,1772600
2023-07-26,98.87882232666016,98.93415237579916,98.7404901679468,98.82349227752117,1679100
2023-07-27,98.41770935058594,98.68514961941379,98.36237930733365,98.63903655946015,2891300
2023-07-28,98.36238098144531,98.54681915266875,98.2793788792891,98.54681915266875,2022300
2023-07-31,98.23326110839844,98.43614730853524,98.15026604608697,98.33470420846685,2867100
2023-08-01,98.10017395019531,98.16487135247725,98.01699459789911,98.14638940246297,2038200
2023-08-02,97.82288360595703,97.97076739428488,97.63803592203438,97.95228544648747,2467600
2023-08-03,97.30530548095703,97.35152092817103,97.15742874254923,97.28682353296377,1979500
2023-08-04,97.73046112060547,97.74895012014667,97.37924769568231,97.41621864327747,2413900
2023-08-07,97.49017333984375,97.65653910012374,97.49017333984375,97.57335269423966,2092100
2023-08-08,97.85062408447266,97.88759503419172,97.72122928619976,97.74895573561714,3894000
2023-08-09,97.91532897949219,98.00775283512151,97.85986902492405,97.87835802694282,3144900
2023-08-10,97.75820922851562,98.09094077910747,97.68427436843095,98.00776141720391,1712700
2023-08-11,97.6750259399414,97.80442075424874,97.41623631132674,97.4532072656272,2868300
2023-08-14,97.6750259399414,97.77669430139552,97.49017821992766,97.73972334709508,2695100
2023-08-15,97.7674331665039,97.94304340668188,97.60106742620039,97.62879387433642,1784700
2023-08-16,97.55488586425781,97.86912843155476,97.50867040366037,97.82291297095732,1287500
2023-08-17,97.28684997558594,97.64730799706871,97.20366355828807,97.6288189925629,3589100
2023-08-18,97.21290588378906,97.37002716112457,97.15745297449159,97.22215038583496,1755700
2023-08-21,96.90789794921875,97.00956631428727,96.76925862853543,96.90789794921875,3770200
2023-08-22,96.81546783447266,96.96335164738291,96.78774138242407,96.9078916917974,2573800
2023-08-23,97.22217559814453,97.22217559814453,96.98186784305562,97.02808331378108,2550400
2023-08-24,97.17593383789062,97.1851783398329,97.01881256231623,97.01881256231623,2545400
2023-08-25,97.0557861328125,97.15745450244943,96.9171468058995,97.0557861328125,2394600
2023-08-28,97.19441986083984,97.19441986083984,97.05578054191317,97.1297154007172,2961000
2023-08-29,97.37926483154297,97.49017769384582,97.06501524742913,97.11123070292744,4387700
2023-08-30,97.36077117919922,97.4809285371612,97.35153372973149,97.43471308386995,2682400
2023-08-31,97.47168731689453,97.49941376920724,97.34229250510965,97.39774540973507,2213500
2023-09-01,97.3642578125,97.5680467521558,97.1604688728442,97.51246345314092,2352600
2023-09-05,97.11410522460938,97.34568217190251,97.09558217837966,97.3271591256728,3394600
2023-09-06,97.2530746459961,97.28086275516468,97.07708093220533,97.20676348643818,5661200
2023-09-07,97.06781768798828,97.31791774235002,97.05855262903583,97.31791774235002,6335200
2023-09-08,97.18824005126953,97.29939956275604,97.09561065861558,97.2067701701021,5785900
2023-09-11,97.18824005126953,97.30866462217233,97.16045194019031,97.1697169996066,5415300
2023-09-12,97.2067642211914,97.2438173894193,97.0492864894305,97.21602221287147,2956100
2023-09-13,97.2530746459961,97.31791592311251,97.16044525971108,97.16044525971108,2625700
2023-09-14,97.0492935180664,97.19750620171209,96.94740613202217,97.08634668897783,3783800
2023-09-15,96.99371337890625,97.05855465859067,96.84550776841449,96.99371337890625,2096100
2023-09-18,97.09561157226562,97.12339968360632,96.98445205973312,97.02150523057729,2829100
2023-09-19,96.91959381103516,97.0400183619899,96.82696443372507,96.95664697539289,3634400
2023-09-20,96.8547592163086,97.08633620913042,96.8362361664372,96.91034250026074,3331200
2023-09-21,96.23413848876953,96.35455598575751,96.06740276446426,96.23413848876953,6985300
2023-09-22,96.2989730834961,96.3545492986844,96.21560876071364,96.30823814175041,4370600
2023-09-25,95.59498596191406,95.94698753664413,95.54867480067077,95.88214625716797,6017500
2023-09-26,95.49308776855469,95.56719410424132,95.45604166788051,95.53940599515113,10918300
2023-09-27,95.24297332763672,95.55792167312929,95.19665510803931,95.46528523393448,5939400
2023-09-28,95.02067565917969,95.26151064910212,94.87246298799437,95.2522526575299,8228100
2023-09-29,94.98362731933594,95.44678133957817,94.95583920886853,95.02993848105847,10869400
2023-10-02,94.65121459960938,94.99475478402178,94.58621993629727,94.94833407244856,11671700
2023-10-03,94.28909301757812,94.66048701638339,94.14052975094687,94.47479001698076,7549300
2023-10-04,94.56765747070312,94.61408527180245,94.43766812829047,94.47480895239235,7179500
2023-10-05,94.68836975097656,94.72550349230079,94.39125023316616,94.63265497121405,3833200
2023-10-06,94.29838562011719,94.4283749539987,93.88056377319626,94.1498294173472,6933100
2023-10-09,94.90191650390625,94.97619815109262,94.31696447106111,94.42837985795289,4540900
2023-10-10,95.14334106445312,95.16190793679378,94.68837831127557,94.70694518361623,9482500
2023-10-11,95.59827423095703,95.6075612061975,95.36614943715112,95.54256654728731,10301000
2023-10-12,95.14334106445312,95.68187245288541,95.05049253497242,95.40331978055458,9230500
2023-10-13,95.31047058105469,95.57973627337793,95.23618892443683,95.5518824231184,4507400
2023-10-16,94.9390640258789,95.20832970301156,94.81836165360079,95.20832970301156,6751200
2023-10-17,94.47482299804688,94.77194255114709,94.34483363630858,94.67909401903245,5731900
2023-10-18,94.29838562011719,94.39124121622176,94.15911639373515,94.29838562011719,6517700
2023-10-19,93.87126922607422,94.21481648584673,93.73199292703742,94.16838869153885,10430800
2023-10-20,94.13125610351562,94.16839692543208,93.87127743398791,93.87127743398791,5693500
2023-10-23,94.0848388671875,94.20554122996253,93.83414008095542,93.98270337411336,8571300
2023-10-24,94.15911865234375,94.17768552167759,93.95484767023368,94.1126908531778,10028000
2023-10-25,93.75057983398438,93.94556384602656,93.68558516330364,93.94556384602656,6798800
2023-10-26,94.0941162109375,94.1219771405656,93.83413753884207,93.89913220686593,9402200
2023-10-27,93.98269653320312,94.05697817437519,93.81556638250954,93.9734095570848,7191400
2023-10-30,93.75989532470703,94.0291539823501,93.68561365451379,93.9827332513968,10539500
2023-10-31,93.7969970703125,93.9177065141603,93.74128937862125,93.7969970703125,7848200
2023-11-01,94.19910430908203,94.37596261280473,93.8081611023709,93.9012418037399,9128100
2023-11-02,94.99961853027344,95.13924314401375,94.7948367103347,94.80414691167816,6713700
2023-11-03,95.65121459960938,96.09800492062229,95.51158996119129,95.58605738189482,6762800
2023-11-06,95.4464111328125,95.61395924065768,95.26955282408635,95.55811223857678,6967000
2023-11-07,96.07007598876953,96.09799949455567,95.76290322191475,95.76290322191475,5971700
2023-11-08,96.50755310058594,96.59132360919196,96.06075574987821,96.06075574987821,6869200
2023-11-09,96.09799194335938,96.54478930564001,95.99560102912014,96.48894229845611,5598500
2023-11-10,96.42376708984375,96.47031099163857,96.22829548518973,96.42376708984375,5170100
2023-11-13,96.54476928710938,96.63784998031667,96.18174961247978,96.27483030568706,8406300
2023-11-14,97.35457611083984,97.53143439357055,97.18703512922312,97.27080562003148,6012900
2023-11-15,97.1405258178711,97.29876375791366,97.01021138470615,97.28015045386323,6882300
2023-11-16,97.49422454833984,97.5966154632224,97.40114383524747,97.40114383524747,5385300
2023-11-17,97.55938720703125,97.60593111697882,97.43838298341255,97.50354019637702,4655900
2023-11-20,97.90377807617188,97.95962507792726,97.55006856238367,97.56868186243464,4864600
2023-11-21,98.10856628417969,98.14579998831277,97.92239776351421,98.0340988759135,4056000
2023-11-22,98.30401611328125,98.33193960979044,98.0899241373752,98.16439152913395,3997200
2023-11-24,98.0899429321289,98.11787353559116,97.83862431379035,98.09925313328299,1709300
2023-11-27,98.39712524414062,98.41574564826327,98.18304030795409,98.26681082169576,4764000
2023-11-28,98.65775299072266,98.68567649499235,98.29473323200992,98.29473323200992,4826400
2023-11-29,99.2720947265625,99.3186315313795,99.04869959927298,99.05800269927454,5127700
2023-11-30,99.15107727050781,99.30932228157471,98.94630255910836,99.30932228157471,5524300
2023-12-01,99.7024917602539,99.77713504919248,99.03071639655835,99.13334913925493,4029600
2023-12-04,99.55320739746094,99.6465150698982,99.31062738057683,99.59052904276065,4100300
2023-12-05,99.84244537353516,100.01971428542048,99.74914482227302,99.7584698945362,4823300
2023-12-06,100.01041412353516,100.10371469803638,99.78648420267913,99.87045970259453,2913000
2023-12-07,100.00106048583984,100.15033994935406,99.93574938585687,100.01039267680198,3918000
2023-12-08,99.93573760986328,99.97305925093802,99.70248269192753,99.83310487650154,4640100
2023-12-11,99.86112213134766,99.917101049358,99.6838460664787,99.86112213134766,5658800
2023-12-12,99.95439910888672,100.00105294180187,99.7864552761178,99.91707746622969,3246800
2023-12-13,100.54220581054688,100.61684197728339,99.86109829105723,99.97306321872519,5074700
2023-12-14,101.0416259765625,101.13514697188599,100.68624334025542,100.8452297458248,5277000
2023-12-15,101.06033325195312,101.22867390749177,100.94811090505736,101.17256273404388,2886300
2023-12-18,100.93875122070312,101.12579321223872,100.76105633410808,101.11644610729817,6253900
2023-12-19,101.0416259765625,101.08838290662695,100.8452297458248,100.96680632622588,5097200
2023-12-20,101.19127655029297,101.26609621424043,101.07905418956764,101.07905418956764,4227500
2023-12-21,101.19127655029297,101.40638130034297,101.15387385351511,101.37832571016163,3111700
2023-12-22,101.27543640136719,101.35025605493144,101.17256116151506,101.25672792037868,3033600
2023-12-26,101.3128433227539,101.38766297417251,101.21932232607799,101.2660792568186,2567000
2023-12-27,101.72432708740234,101.77109114871855,101.47181970779916,101.54663935182751,3407100
2023-12-28,101.46247863769531,101.57470811830451,101.35025629228102,101.52794405091862,3381600
2023-12-29,101.38764190673828,101.49050998707045,101.34087785052012,101.35957919189147,3543400
2024-01-02,101.24735260009766,101.3689291518632,101.17253296738367,101.24735260009766,6226400
2024-01-03,101.29414367675781,101.47183858057615,101.06033759707906,101.17256708399516,5199200
2024-01-04,101.20061492919922,101.22867051498292,101.09773969119578,101.09773969119578,6194500
2024-01-05,101.0696792602539,101.3128395507138,101.04162367581515,101.05097791569287,7720600
2024-01-08,101.4250717163086,101.54665544091691,101.14450870954077,101.14450870954077,5396200
2024-01-09,101.4063491821289,101.62145386404927,101.34088378070855,101.4063491821289,3086000
2024-01-10,101.28479766845703,101.51860375066936,101.24738783907962,101.45313833305772,3878100
2024-01-11,101.54666137695312,101.64018238467595,101.26609121858912,101.35026512017653,5794800
2024-01-12,101.56533813476562,101.69626894091745,101.4905184926235,101.58404661289805,4006800
2024-01-16,101.30350494384766,101.39702595516637,101.13516426939563,101.3409147754143,4791000
2024-01-17,100.98551177978516,101.28478323696764,100.94810195573805,101.23801917311016,4817000
2024-01-18,100.62078857421875,101.03228958858662,100.53662180411395,100.95746992502959,5181300
2024-01-19,100.5272445678711,100.61141845391788,100.38695951458926,100.61141845391788,3331400
2024-01-22,100.54595184326172,100.77975788420072,100.54595184326172,100.61141724931687,4377500
2024-01-23,100.48049926757812,100.53661044130622,100.36826978492692,100.40567961247733,3939600
2024-01-24,100.54595184326172,100.77040364470881,100.45243085392494,100.67688265537203,3462800
2024-01-25,100.8545913696289,100.88265409394094,100.71431342404672,100.79848019139602,5196600
2024-01-26,100.68622589111328,100.80780245044488,100.63010759548895,100.76103839329016,2185600
2024-01-29,101.07901000976562,101.14447540330696,100.82649553811137,100.84520401351905,5943100
2024-01-30,101.15384674072266,101.20995790604556,100.9574433917046,101.13513826215238,3610200
2024-01-31,101.43444061279297,101.61213553738999,101.3596209460999,101.37832943037124,4884100
2024-02-01,101.95752716064453,102.00439558224613,101.69504111260869,101.81690759142293,4759100
2024-02-02,101.19816589355469,101.4606590459315,101.16067402399365,101.43252941545009,4729800
2024-02-05,100.69195556640625,101.04818557526917,100.65445654144052,101.01068655030343,7851400
2024-02-06,101.08570098876953,101.10444692818774,100.6638422536669,100.70134128471217,3189900
2024-02-07,100.97319030761719,101.17005482995603,100.95444437072163,101.07631084106247,2599100
2024-02-08,100.88880920410156,101.00129911466085,100.80443461897516,100.96380009373878,3636000
2024-02-09,100.97319030761719,101.00131278906446,100.81382481127733,100.86069322962017,3561300
2024-02-12,101.11381530761719,101.21693584661101,101.0950622175047,101.15131433563387,2077100
2024-02-13,100.710693359375,100.72006990291018,100.56069727164068,100.710693359375,4082800
2024-02-14,100.90758514404297,101.02008224026099,100.6450990717433,100.65447561781373,2792600
2024-02-15,101.23568725585938,101.27318628590272,101.03882271228832,101.14194325685536,3899500
2024-02-16,101.14192962646484,101.16068271506359,100.81382209806381,101.0200631594038,3859400
2024-02-20,101.11381530761719,101.26380426747565,101.11381530761719,101.18881336365055,2569000
2024-02-21,101.11381530761719,101.28255735758813,101.05757034169629,101.15131433563387,2670900
2024-02-22,100.90758514404297,101.15132527641083,100.8700861119703,101.13257218426996,3120200
2024-02-23,101.2169418334961,101.36693080222626,100.95445577406177,100.95445577406177,3146400
2024-02-26,101.02007293701172,101.32005801375752,100.95445142498009,101.3106814685506,2840700
2024-02-27,100.99195098876953,101.11381746827166,100.95445195995154,100.98257444351292,2196600
2024-02-28,101.10443878173828,101.16069089987812,101.01069478778292,101.06693975371448,2981200
2024-02-29,101.2169418334961,101.32943177199154,101.16069686424837,101.2356877725091,3063100
2024-03-01,101.37481689453125,101.49698661202908,101.00830057203267,101.1962550866455,2287200
2024-03-04,101.14926147460938,101.24324590062159,101.0552842186022,101.12106901480772,2521500
2024-03-05,101.50637817382812,101.58155567151198,101.20564667307907,101.28082417076293,3300600
2024-03-06,101.47819519042969,101.63795724668027,101.44060285307569,101.51578035777847,3069000
2024-03-07,101.66616821289062,101.68496079998572,101.51579883610378,101.60978328159882,2262600
2024-03-08,101.65675354003906,101.68494600158206,101.5533764010444,101.61916120131323,1352900
2024-03-11,101.6285400390625,101.72251728141889,101.52516292146927,101.67553224524269,1656900
2024-03-12,101.57217407226562,101.58156677925034,101.42180472044625,101.54398161130082,2061000
2024-03-13,101.51577758789062,101.6943393929487,101.47819242156737,101.52517746447396,1945900
2024-03-14,101.22445678710938,101.44061095165037,101.16807186157946,101.44061095165037,3008700
2024-03-15,101.1680679321289,101.26204519436388,101.11167583878351,101.23385273269393,3195200
2024-03-18,101.1774673461914,101.26204473081405,101.15866759182717,101.25264485363194,2835600
2024-03-19,101.29963684082031,101.31842942513664,101.13047490195149,101.30903671798121,1505900
2024-03-20,101.31842041015625,101.42179753971156,101.13046590369467,101.27143536854327,2385300
2024-03-21,101.29963684082031,101.4030139795738,101.25264462502129,101.36542164093566,3315600
2024-03-22,101.44058227539062,101.5345595147093,101.42178252552463,101.5345595147093,2143300
2024-03-25,101.07408905029297,101.43120550906565,101.07408905029297,101.38421329369841,2457100
2024-03-26,101.05531311035156,101.13049780465465,100.96133582747625,101.07411286893088,2692600
2024-03-27,101.20563507080078,101.21502777568163,100.98948096847782,100.9988808433624,3166500
2024-03-28,101.12107849121094,101.17747058610396,101.02710122639682,101.12107849121094,1945600
2024-04-01,100.81961822509766,100.89498501931597,100.68772992890216,100.88556237319541,4200600
2024-04-02,100.60295867919922,100.73484698981976,100.49933112265823,100.58411338489692,4435100
2024-04-03,100.53699493408203,100.54641757939716,100.23553497035024,100.33916250669921,4550300
2024-04-04,100.65947723388672,100.70658328088643,100.53701157401062,100.61237837426069,4818100
2024-04-05,100.27322387695312,100.52757781546536,100.27322387695312,100.29206198124658,2484800
2024-04-08,100.44279479980469,100.5087389453886,100.21669442576885,100.23553971729159,3165100
2024-04-09,100.6971435546875,100.7442495936975,100.49931112811585,100.49931112811585,3633100
2024-04-10,100.00943756103516,100.179002045295,100.00001491611889,100.06595905578843,7100600
2024-04-11,100.06596374511719,100.20727467599473,99.97175885365633,100.06596374511719,6154600
2024-04-12,100.40509796142578,100.51814094593617,100.32973118017097,100.35799192629855,4106700
2024-04-15,100.24495697021484,100.26379507335132,100.04711735673338,100.20727357656943,6234600
2024-04-16,100.05651092529297,100.21665991121687,100.01882754259847,100.12245504816578,4638200
2024-04-17,100.19786071777344,100.30148826357662,100.01886637731828,100.12249392312145,3440800
2024-04-18,100.22611236572266,100.32031725679474,100.12248482933161,100.25437311430703,2247500
2024-04-19,100.30147552490234,100.42394116012834,100.29205287992427,100.38625776758829,1696800
2024-04-22,100.39568328857422,100.41452139169778,100.31090104345952,100.3297391465831,5622300
2024-04-23,100.34854888916016,100.49928242103802,100.27318931059162,100.31087269356108,2935600
2024-04-24,100.27322387695312,100.32032273137317,100.20727973086679,100.27322387695312,2276600
2024-04-25,99.981201171875,100.02830722394685,99.85873549881238,100.02830722394685,3228200
2024-04-26,99.97175598144531,100.16016575895397,99.96233333635818,100.06596087019965,3049000
2024-04-29,100.21670532226562,100.27323401560731,100.11307776974171,100.16018381629753,2373100
2024-04-30,100.16958618164062,100.19784692890269,99.99059186581802,100.03769790283623,2725800
2024-05-01,100.29328918457031,100.35939558605409,100.05719386426289,100.3216266752554,4388200
2024-05-02,100.44439697265625,100.47272725922167,100.26496221766504,100.28385387874707,3293800
2024-05-03,100.73716735839844,100.93548659792938,100.63328482268338,100.7277287315579,7096600
2024-05-06,100.85993957519531,100.87882403356379,100.68995062964493,100.74661120980889,3227700
2024-05-07,101.13380432128906,101.19047210677597,101.03936761888896,101.06769790910313,3164100
2024-05-08,101.06771850585938,101.1432707651998,101.02994958124917,101.04883404355428,1936200
2024-05-09,101.09602355957031,101.12435384646521,100.98269520693304,101.03935578072283,3324900
2024-05-10,100.85993957519531,101.07714326919616,100.81271762168633,101.04881297911417,2359700
2024-05-13,100.85993957519531,101.0015910256052,100.8504937434818,100.94493044544124,2530500
2024-05-14,100.9166030883789,100.9921553341657,100.87882696548552,100.94493337928428,2991000
2024-05-15,101.19991302490234,101.32268001155585,101.11491495332824,101.1715755310055,3896300
2024-05-16,101.04881286621094,101.25657793332466,101.02992840786357,101.17157985811518,2804000
2024-05-17,100.68050384521484,101.05825785453648,100.68050384521484,101.02048173309848,4720500
2024-05-20,100.54830169677734,100.78439707703463,100.51997140395595,100.78439707703463,4304900
2024-05-21,100.54830169677734,100.70884482613809,100.54830169677734,100.63329257524154,3139700
2024-05-22,100.3216323852539,100.4821754829868,100.25552598000755,100.26496460571575,4810300
2024-05-23,99.97222137451172,100.28386898378793,99.95332971058417,100.24609286099152,2421500
2024-05-24,99.87777709960938,99.98165962816078,99.80222485974322,99.98165962816078,2191900
2024-05-28,99.89665222167969,100.1421933757697,99.87776776600698,99.87776776600698,6506500
2024-05-29,99.50946044921875,99.89665303665652,99.50946044921875,99.89665303665652,5802400
2024-05-30,99.70779418945312,99.8116767242839,99.53780524200809,99.63224194502008,3481900
2024-05-31,99.85888671875,100.11387373030632,99.79278030928322,99.83055642970113,2982800
2024-06-03,100.06531524658203,100.22628156298751,99.92328316926185,99.9422246323987,4492000
2024-06-04,100.43458557128906,100.43458557128906,100.24521430071286,100.25467780740604,4308100
2024-06-05,100.82280731201172,100.83227081882173,100.5387431785894,100.61449457737548,4517600
2024-06-06,101.02165985107422,101.10687476555717,100.82281782656227,100.82281782656227,3664300
2024-06-07,100.51980590820312,100.66183074657835,100.49139371647729,100.51980590820312,4536800
2024-06-10,100.42510223388672,100.51032435178347,100.33988734003998,100.41563872838154,4241600
2024-06-11,100.51980590820312,100.60502081122826,100.37777384577711,100.38723735230161,4237400
2024-06-12,100.9932632446289,101.30572518099864,100.9932632446289,101.11635387265018,4148100
2024-06-13,101.28678131103516,101.38146695620817,101.24890560815561,101.32465701391469,4073800
2024-06-14,101.41934967041016,101.45722537590811,101.25838334008294,101.25838334008294,2807000
2024-06-17,101.1826171875,101.31517852540354,101.05005584959646,101.24889785645176,2605700
2024-06-18,101.42880249023438,101.50454666380153,101.22048975881017,101.27729969499826,2828600
2024-06-20,101.17316436767578,101.29626222041534,101.09741295430565,101.26785002236225,2493100
2024-06-21,101.13525390625,101.28675668092691,101.11631967144034,101.26781522206734,3683700
2024-06-24,101.15420532226562,101.19208101966316,101.05951969079709,101.12580035523013,2792800
2024-06-25,101.22049713134766,101.22996786275245,101.11634075804918,101.14474572821214,1404800
2024-06-26,100.89857482910156,101.05954839477513,100.88911132010222,101.05954839477513,2629800
2024-06-27,101.14473724365234,101.15420797426269,100.93642451452979,100.93642451452979,1807700
2024-06-28,100.88908386230469,101.28676785362428,100.88908386230469,101.17314076008267,2603500
2024-07-01,100.73721313476562,100.86061207877172,100.56635918606045,100.86061207877172,3545300
2024-07-02,101.02198791503906,101.07893682626532,100.8511339396371,100.88910229436233,3064700
2024-07-03,101.28775024414062,101.32571859552505,101.11689628377201,101.11689628377201,2812000
2024-07-05,101.53453826904297,101.59148717377857,101.41113931981931,101.50606381667515,2700300
2024-07-08,101.59148406982422,101.59148406982422,101.44910457061297,101.47758626383295,3394000
2024-07-09,101.53453826904297,101.60098107180863,101.44910767021717,101.54403216707303,2446500
2024-07-10,101.43012237548828,101.62945077446957,101.43012237548828,101.62945077446957,1864700
2024-07-11,101.75285339355469,101.93320125843535,101.70539838397539,101.80980954346178,3011200
2024-07-12,101.8857192993164,101.92368764466929,101.79080205679489,101.79080205679489,2015500
2024-07-15,101.79080963134766,101.83827187700092,101.68639848428803,101.77182907811952,2382400
2024-07-16,101.95219421386719,101.99015532676214,101.80032079539473,101.80032079539473,2464400
2024-07-17,102.03760528564453,102.04709918358591,101.84777077715087,102.04709918358591,1613600
2024-07-18,101.90471649169922,102.03760209182988,101.8477675892781,101.90471649169922,2187100
2024-07-19,101.73387908935547,101.94270142115985,101.68641683513692,101.94270142115985,3339800
2024-07-22,101.78131103515625,101.88571492824582,101.69588045134702,101.78131103515625,2705900
2024-07-23,101.86675262451172,101.95218322362403,101.6484364194224,101.7528475729361,2430800
2024-07-24,101.5820083618164,102.02812749309206,101.5820083618164,101.79083069915595,4520000
2024-07-25,101.61996459960938,101.85726136524771,101.59149014640839,101.81929301373886,3287100
2024-07-26,101.83827209472656,101.92369544701873,101.7338609474437,101.86674654549061,2243000
2024-07-29,101.86675262451172,101.97116377802543,101.84777207011031,101.94268932556213,1620900
2024-07-30,101.95219421386719,101.96168087122933,101.80032079539473,101.92371251661122,2186600
2024-07-31,102.20844268798828,102.22742323907495,101.99012652102536,101.99012652102536,3619800
2024-08-01,102.364501953125,102.61189187457717,102.29789585742326,102.29789585742326,3230800
2024-08-02,103.01155090332031,103.04009534004302,102.84027702346305,102.95445477035386,4648800
2024-08-05,102.9544448852539,103.38263317354539,102.8497771209729,103.24942097528235,5879500
2024-08-06,102.78317260742188,102.86881317020945,102.70705653546905,102.85929593889517,6026300
2024-08-07,102.42160034179688,102.73560364766827,102.34547700833944,102.68802474937722,7365600
2024-08-08,102.26934814453125,102.30740254698021,102.06952260431567,102.26934814453125,3130000
2024-08-09,102.46916198730469,102.54527804842577,102.35497700634393,102.44061755694435,3336600
2024-08-12,102.57384490966797,102.62141654746488,102.3359649421219,102.40257104265399,1678500
2024-08-13,102.68804168701172,102.76416503302514,102.60240836738802,102.7451378262827,2710300
2024-08-14,102.83074951171875,102.87832840784763,102.63093121511397,102.70705454511207,1867500
2024-08-15,102.49771881103516,102.50723604214583,102.27886605261129,102.46917437722341,3266700
2024-08-16,102.56432342529297,102.6309295230631,102.46917289412423,102.5738406562659,2370600
2024-08-19,102.62142181396484,102.73560681767427,102.54529847815856,102.55481571001455,2859100
2024-08-20,102.6784896850586,102.74509577067667,102.65945522658551,102.70703411324936,2900000
2024-08-21,102.78317260742188,102.85929593889517,102.63093320399575,102.78317260742188,2693000
2024-08-22,102.58335876464844,102.68802653509238,102.46918102199743,102.61190320031119,2650400
2024-08-23,102.87832641601562,102.93541528264875,102.64995643044281,102.69753532565053,2400300
2024-08-26,102.78317260742188,103.03056980494985,102.76414540431378,103.03056980494985,1560000
2024-08-27,102.7451171875,102.76414439042037,102.5548088606944,102.66899385677776,1860600
2024-08-28,102.61189270019531,102.76413935417852,102.61189270019531,102.75462212342457,1728600
2024-08-29,102.61189270019531,102.64995436369111,102.46917053648609,102.60238272896139,1670000
2024-08-30,102.45013427734375,102.68801422537855,102.44062430627669,102.65946979313756,3349500
2024-09-03,102.73440551757812,102.80117782248018,102.61994286782343,102.80117782248018,3079300
2024-09-04,102.89656829833984,103.0873442241791,102.7248670540305,102.83932969848001,3844700
2024-09-05,103.15411376953125,103.16365474885878,102.83932695043656,102.98241252981005,5527800
2024-09-06,103.16366577148438,103.34490073226246,103.09689346432704,103.23997905898865,5341500
2024-09-09,103.19226837158203,103.26858164942566,103.03964181589475,103.11595509373839,2861600
2024-09-10,103.42120361328125,103.4975168931067,103.16365539091399,103.1731963703009,2862400
2024-09-11,103.37351989746094,103.53568016925769,103.32582227510406,103.383053599824,1749100
2024-09-12,103.36396789550781,103.4021245337975,103.19226666202154,103.37350887448889,2790000
2024-09-13,103.4402847290039,103.51659073057253,103.36397144980042,103.4402847290039,2911500
2024-09-16,103.62152099609375,103.63106197552499,103.4402860527098,103.55474869534493,1475900
2024-09-17,103.57383728027344,103.63106860525234,103.53568063774236,103.6024529427629,1829500
2024-09-18,103.5356674194336,103.74552528774441,103.46889512293782,103.47843610176136,2085800
2024-09-19,103.40213012695312,103.4307457878096,103.30674216488657,103.39258914745596,3216100
2024-09-20,103.36396789550781,103.52612815001302,103.3067365768906,103.42119921412504,2162300
2024-09-23,103.42120361328125,103.46890123258089,103.23996867073944,103.29719999179108,2307100
2024-09-24,103.47843933105469,103.47843933105469,103.24949949795217,103.36396941450343,2093600
2024-09-25,103.36396789550781,103.49751249070441,103.34488593754567,103.42119921412504,3919000
2024-09-26,103.37351989746094,103.49752352689927,103.28766563274564,103.47844884453775,4372600
2024-09-27,103.68828582763672,103.72644246497813,103.5165845984176,103.61197983058834,1950100
2024-09-30,103.62152099609375,103.7932222376814,103.55474869534493,103.74553189579508,2416900
2024-10-01,103.95240020751953,104.00021931877858,103.8089574660864,103.8089574660864,2891900
2024-10-02,103.90459442138672,103.95240623924799,103.75157909341684,103.80896348949175,2593600
2024-10-03,103.74202728271484,103.88547004100941,103.74202728271484,103.79940438603266,1874100
2024-10-04,103.3021240234375,103.51251648865372,103.26387748082884,103.51251648865372,2997800
2024-10-07,103.14910125732422,103.26386275730847,103.05347032209033,103.17778980827711,3662500
2024-10-08,103.21604919433594,103.26386831261175,103.07259913568159,103.11085297106762,2744700
2024-10-09,102.99607849121094,103.11083998291333,102.96738994232837,103.09171671571568,2907800
2024-10-10,103.10128021240234,103.15866460940704,102.90045306331726,102.93870689592954,5657500
2024-10-11,103.08214569091797,103.14908806663837,103.02476859634955,103.03432658132978,2719800
2024-10-14,102.9195785522461,102.94826710124741,102.56573609016155,102.56573609016155,1457500
2024-10-15,103.3116683959961,103.3116683959961,103.05346415669499,103.10127597336513,3999900
2024-10-16,103.32123565673828,103.38817803829646,103.27341654298,103.36904747432419,2441400
2024-10-17,103.14910125732422,103.2160436416052,103.05347032209033,103.2160436416052,3268700
2024-10-18,103.19692993164062,103.30211886282014,103.14911081150811,103.27343030920997,1333100
2024-10-21,102.83350372314453,103.0821499702161,102.81438045621843,103.06301940711795,4554500
2024-10-22,102.56573486328125,102.88132349086496,102.4987924843549,102.88132349086496,4076000
2024-10-23,101.98237609863281,102.3553418212604,101.83892606004405,102.3457765397086,6864700
2024-10-24,102.20233154296875,102.2883971865204,101.94412001997004,102.2883971865204,6502700
2024-10-25,102.31709289550781,102.59442770442682,102.29796962765964,102.33622345952837,3555400
2024-10-28,102.41273498535156,102.5657503294981,102.3362346094515,102.38404643236738,3383000
2024-10-29,102.27885437011719,102.28841965355896,102.04933864072916,102.23104254525532,5690200
2024-10-30,102.34577941894531,102.42228708116794,102.14495227774009,102.33622143329667,5045400
2024-10-31,102.3553466796875,102.43185434338932,102.1832080844446,102.32665812984241,3180900
2024-11-01,102.35343933105469,102.62188104607978,102.25756833490118,102.59312047868254,4461700
2024-11-04,102.73692321777344,102.74650519655576,102.55476321808275,102.68898406591138,4214900
2024-11-05,102.87114715576172,102.89031842838986,102.5643555922966,102.66980856348313,4330200
2024-11-06,101.55767822265625,101.8548804525701,101.4234573888573,101.62478863955573,6817000
2024-11-07,102.17125701904297,102.22877814128329,101.85487621774809,101.89322607073716,8638000
2024-11-08,103.01495361328125,103.01495361328125,102.52600934192833,102.52600934192833,4025800
2024-11-11,102.93824768066406,102.94782965881258,102.66979868827576,102.75608769302235,1611200
2024-11-12,102.650634765625,102.88072660394157,102.52600321038845,102.88072660394157,6453600
2024-11-13,102.66980743408203,102.9670170152076,102.56435446405553,102.9574277217551,5306400
2024-11-14,102.71774291992188,102.89031362346753,102.65063249712564,102.71774291992188,3374700
2024-11-15,102.99577331542969,103.03412317316366,102.57393219484347,102.63146063868815,3714100
2024-11-18,103.05329132080078,103.07246990633011,102.87113864519556,102.91907048004441,3116100
2024-11-19,103.14918518066406,103.25464548100189,103.12042461047899,103.14918518066406,2444100
2024-11-20,103.14918518066406,103.14918518066406,102.97662175955365,102.97662175955365,2777700
2024-11-21,103.10124206542969,103.16835249335546,103.0245423436608,103.12041333862788,2441300
2024-11-22,103.16834259033203,103.24504230473859,103.10123216884813,103.18751386169,2340600
2024-11-25,103.55183410644531,103.65729438539583,103.41761326314236,103.4559631204414,3648300
2024-11-26,103.62853240966797,103.62853240966797,103.35050872876545,103.5039008522121,3178000
2024-11-27,103.82029724121094,103.88740767672671,103.71483694047345,103.82029724121094,2035700
2024-11-29,104.05996704101562,104.07913831428695,103.95450675180314,104.00244590671358,1463900
2024-12-02,104.1464614868164,104.2329583499143,103.96384722108313,104.08879691141782,2829600
2024-12-03,104.12724304199219,104.28102503179501,104.08880487727035,104.2137472444385,4593600
2024-12-04,104.29061889648438,104.30983797528071,104.0118945912086,104.03111367000494,2739800
2024-12-05,104.19452667236328,104.26180445875791,104.11763567856121,104.21374575444942,2651000
2024-12-06,104.33868408203125,104.37712957744448,104.2137417214846,104.35791049610211,2709300
2024-12-09,104.17530822753906,104.29064472706605,104.16569501939614,104.28103151892313,2039000
2024-12-10,103.99267578125,104.13684454730716,103.99267578125,104.10801226064135,2322900
2024-12-11,103.69474792480469,104.13686016300912,103.6755288417215,104.13686016300912,4198100
2024-12-12,103.42561340332031,103.69472450207236,103.22378007925629,103.66589221759571,5241700
2024-12-13,103.0892562866211,103.30070288155616,103.01236528251202,103.21419866875102,4010300
2024-12-16,103.3006820678711,103.42562442482684,103.19495879170536,103.3006820678711,4643300
2024-12-17,103.0123519897461,103.31029542630978,102.95468741047023,103.12768848102661,5208100
2024-12-18,102.4361343383789,102.96609565707172,102.4265040245006,102.87937137247442,4637400
2024-12-19,101.92544555664062,102.16633572191965,101.72309869997237,102.16633572191965,8692300
2024-12-20,102.33013916015625,102.57102932517675,102.09888666012421,102.12779230370515,8870600
2024-12-23,102.2434310913086,102.39759698756406,102.16634446748833,102.2530687571324,5434000
2024-12-24,102.28197479248047,102.32051810453729,102.05072227152463,102.05072227152463,2302400
2024-12-26,102.28197479248047,102.37832939692997,102.13743921011366,102.16634485631,3798000
2024-12-27,102.29158782958984,102.37830474730002,102.12777695494283,102.12777695494283,4560400
2024-12-30,102.6963119506836,102.6963119506836,102.54213869383487,102.5517763602343,5972400
2024-12-31,102.66738891601562,102.82155479537064,102.59993996541326,102.61920794356354,4595800
2025-01-02,102.79264831542969,102.94681419352936,102.69629372269436,102.79264831542969,4360800
2025-01-03,102.6963119506836,102.93720215097059,102.68667428428418,102.89865883675841,2105100
2025-01-06,102.75410461425781,102.80228558613292,102.62884437932037,102.62884437932037,4851300
2025-01-07,102.55176544189453,102.73484432706421,102.44577317694204,102.62885206211173,4663100
2025-01-08,102.23379516601562,102.51322866858264,102.08925958173818,102.45541737542574,4045500
2025-01-10,101.8001937866211,101.97363501410709,101.56894126710147,101.56894126710147,4574400
2025-01-13,101.62675476074219,101.79055832597614,101.17388002630756,101.17388002630756,7430600
2025-01-14,101.51112365722656,101.62675359385621,101.41476905239443,101.5400293035377,3769600
2025-01-15,102.06997680664062,102.15669373380682,101.87726762312633,101.87726762312633,5784500
2025-01-16,102.1277847290039,102.2819579518467,101.90616991039724,102.0121621632557,6242700
2025-01-17,102.35906982421875,102.43614910327848,102.28198319377333,102.33015682426245,3174100
2025-01-21,102.49395751953125,102.58067445658587,102.39759556540172,102.39759556540172,7197000
2025-01-22,102.4361343383789,102.68666217552321,102.39759102871174,102.65775653111899,7001900
2025-01-23,102.1567153930664,102.38797528397622,102.1567153930664,102.31088865367295,4521400
2025-01-24,102.4168472290039,102.43611520454614,102.17595710211793,102.27231168259567,2710500
2025-01-27,102.93717956542969,102.95644754261542,102.69628941799662,102.90827392395914,4785400
2025-01-28,102.79264831542969,102.88900290816501,102.6577504153234,102.79264831542969,3236200
2025-01-29,102.64812469482422,102.75411696458164,102.43614015530936,102.67703034086986,3218300
2025-01-30,102.82157135009766,102.9179259591311,102.7348544073832,102.76376005495467,3726000
2025-01-31,102.65776824951172,102.9468320779352,102.56141364003722,102.9468320779352,3815700
2025-02-03,102.81328582763672,103.0644525463383,102.6973610258979,102.90022390134204,3205400
2025-02-04,103.06444549560547,103.07410036749108,102.68769912839252,102.7263333561974,5107100
2025-02-05,103.42186737060547,103.50881280848762,103.11274195727233,103.26730834900451,6013200
2025-02-06,103.30594635009766,103.44118825308894,103.23832539860202,103.42186376972964,2278300
2025-02-07,103.08377838134766,103.21902030975043,103.04513677749938,103.1610615890442,1947900
2025-02-10,103.09342956542969,103.29629243627161,103.05478796572672,103.19969212207997,2872600
2025-02-11,102.96783447265625,103.03546279444716,102.9292002461057,102.99682119776563,2936100
2025-02-12,102.52348327636719,102.75533289288877,102.36892423548493,102.75533289288877,4724200
2025-02-13,102.91954803466797,103.10309379426037,102.59109811593062,102.66838131682549,6768700
2025-02-14,103.07408905029297,103.23831766602243,103.04510969755555,103.07408905029297,3451700
2025-02-18,102.88090515136719,103.01614706618099,102.83260130887729,102.91954675133279,3766200
2025-02-19,103.08377838134766,103.1610615890442,102.78431516418897,102.87125324524833,3182500
2025-02-20,103.20934295654297,103.276971280976,103.17070872848304,103.17070872848304,2616800
2025-02-21,103.44119262695312,103.53779293744137,103.12240496922378,103.17070880953354,3908000
2025-02-24,103.46051025390625,103.5377934507325,103.35424770080301,103.38322705708002,3451300
2025-02-25,103.80828094482422,103.92420574416788,103.75032223021816,103.80828094482422,4330300
2025-02-26,103.94351959228516,104.05944438798558,103.7309944852334,103.78896056814926,2505300
2025-02-27,103.76000213623047,103.8179608607031,103.63441507302936,103.69237379750199,2764400
2025-02-28,104.02078247070312,104.04009958114759,103.7985951648774,103.85656123647057,2274600
2025-03-03,103.93557739257812,103.96463284424367,103.69343877605307,103.74186945515174,2541000
2025-03-04,103.5965576171875,103.98398077984058,103.48032845154691,103.7805852820812,4668000
2025-03-05,103.45128631591797,103.79028624527618,103.31568929996794,103.62562639206558,3588400
2025-03-06,103.1123046875,103.51909577839714,103.08324923664792,103.47067249013831,4277700
2025-03-07,103.06388854980469,103.36413808208616,102.8604856007601,103.3350826292182,5360000
2025-03-10,103.16072082519531,103.40285940081296,103.13166537843846,103.34474111781634,3704300
2025-03-11,102.85078430175781,103.23820011326073,102.79266601844603,103.23820011326073,4878500
2025-03-12,102.41494750976562,102.85080145462001,102.33746876823335,102.8120583891118,6206800
2025-03-13,102.48272705078125,102.54084533302418,102.12436669278341,102.35681765330672,9506500
2025-03-14,102.53117370605469,102.56022915696461,102.31809054673671,102.39557667548578,4984200
2025-03-17,102.53117370605469,102.67645835008821,102.52148609259007,102.58928460787452,3435800
2025-03-18,102.61832427978516,102.67644256215243,102.46335943559897,102.48272727006618,3130500
2025-03-19,102.61832427978516,102.70549800859467,102.20184563865324,102.28901936746276,5195400
2025-03-20,102.69581604003906,103.04449619547243,102.66676059200014,103.04449619547243,5447700
2025-03-21,102.50210571289062,103.01543832144445,102.39556414626817,102.821730412758,4503700
2025-03-24,102.22123718261719,102.52148669643334,102.01784163556586,102.31809114938201,5388300
2025-03-25,102.03720092773438,102.21154100910405,102.01783309179702,102.20185339639369,4993200
2025-03-26,101.54322814941406,101.94033895500287,101.41731875201124,101.94033895500287,4817800
2025-03-27,101.41732788085938,101.45607094265903,101.2914184721231,101.43670310650093,9406800
2025-03-28,101.88223266601562,102.01782968149442,101.61103863505802,101.64009408273446,5545300
2025-03-31,102.12438201904297,102.15343746978351,101.86286818341026,102.07595134148613,6167900
2025-04-01,102.46134948730469,102.62643565399833,102.20885996774844,102.42250437591547,6060900
2025-04-02,102.23799133300781,102.60701618450814,102.17972737074876,102.56817107335299,5183100
2025-04-03,102.74297332763672,103.07314566854205,102.63615112112085,103.06343253823673,7388100
2025-04-04,102.68470764160156,103.52957221021316,102.4807763475811,103.45188198136309,8246200
2025-04-07,100.82018280029297,102.58759469075748,100.26665290627243,102.50019874330843,14429500
2025-04-08,99.41207885742188,100.68422477032506,99.03334828168815,100.53855745451652,13970000
2025-04-09,100.33462524414062,100.51913766971434,97.39217660971438,97.76119405191443,26211700
2025-04-10,99.98502349853516,101.37370468916538,99.66455689863268,100.69393378841512,15589200
2025-04-11,99.35380554199219,99.70340412951423,97.93599234101828,99.50918598486746,14563000
2025-04-14,100.2278060913086,100.4026053921861,99.92676573216583,100.14041014534364,8255400
2025-04-15,100.43173217773438,100.54826750860559,100.08213359406794,100.21808777561074,9585000
2025-04-16,100.66480255126953,100.75219849246231,100.47057700037357,100.49970898077116,7534900
2025-04-17,100.60652923583984,100.80075478297955,100.35403972903173,100.70363830493616,6186300
2025-04-21,99.99473571777344,100.60652952287816,99.71311423032765,100.53855243342208,8407400
2025-04-22,100.15011596679688,100.30549641615333,99.42178678057061,100.21809306115341,25919900
2025-04-23,100.49971771240234,101.2280469214098,100.44145374654506,100.95613853547867,6775300
2025-04-24,100.88814544677734,101.02409961819222,100.52883376006851,100.80074951184493,6632300
2025-04-25,101.01439666748047,101.19890909396958,100.88815561243116,100.91728759367736,6566100
2025-04-28,101.23775482177734,101.24746795190103,100.87844309667561,100.97555958001755,6007600
2025-04-29,101.36398315429688,101.46109962544867,101.01438460320075,101.07265596768113,6381000
2025-04-30,101.7038803100586,101.75243113875241,101.2765915274506,101.31543663577378,7777300
2025-05-01,101.65032958984375,101.84507770579975,101.45558147388776,101.69902033341496,4931200
2025-05-02,101.51400756835938,101.56269831343931,101.20240611567584,101.20240611567584,6873000
2025-05-05,101.27055358886719,101.46530168179575,101.26081395547169,101.3971391063544,5718500
2025-05-06,101.66004180908203,101.69899290760193,101.15368495748586,101.27053825304553,5058500
2025-05-07,101.78665924072266,101.86456146220254,101.5821714812115,101.6016433219991,2944800
2025-05-08,101.45558166503906,101.82560605771837,101.42637019050706,101.76718310865438,5617400
2025-05-09,101.543212890625,101.71848916146122,101.50426178275426,101.64058694571975,4647200
2025-05-12,101.47505950927734,101.54322209693999,101.17319768236636,101.54322209693999,7434400
2025-05-13,101.68927001953125,101.72822112446471,101.43609155204555,101.49452192402757,6199300
2025-05-14,101.29003143310547,101.59190065295851,101.26081996035028,101.55294954623025,4611100
2025-05-15,101.6697998046875,101.85480826962035,101.28029617829851,101.43609317135585,5293100
2025-05-16,101.76719665527344,101.83535924797627,101.65034331242623,101.69903406257059,4529300
2025-05-19,101.69901275634766,101.75743570094879,101.22186727822562,101.29002985664822,4996700
2025-05-20,101.44584655761719,101.6892854284668,101.3484724951103,101.57243209595967,3312200
2025-05-21,100.95895385742188,101.35818968329714,100.87131201373572,101.29002710672509,8060100
2025-05-22,100.97843170166016,101.16344760443079,100.71552101329084,100.88105764778871,9234600
2025-05-23,101.02713012695312,101.17319493345153,100.95896754114248,101.11476455335337,6861400
2025-05-27,101.33871459960938,101.38740533667148,101.12448724319756,101.16343834701458,5922200
2025-05-28,101.1634521484375,101.29003768123988,101.0952895647494,101.19266362299463,3863000
2025-05-29,101.26083374023438,101.37768707632092,101.10503672128397,101.1245085627159,3660600
2025-05-30,101.12449645996094,101.25108941619509,101.05633387935951,101.21213830882796,6744100
2025-06-02,100.83647918701172,101.14890795297197,100.77790112117209,101.11961892005216,10931900
2025-06-03,100.85600280761719,100.98292442396153,100.75836277316436,100.94386989995817,9137500
2025-06-04,101.10009765625,101.28559735187979,101.0610431285149,101.16844121756402,6660700
2025-06-05,101.09033203125,101.2758391755292,101.0024574817374,101.1879646260166,7434900
2025-06-06,100.75837707519531,100.98293875786764,100.73885353486679,100.96341521753911,4819300
2025-06-09,101.02198028564453,101.10008933468555,100.77789509405802,100.85600414309904,6370300
2025-06-10,100.99269104003906,101.20748720000134,100.96340200893309,101.1879562133381,4020600
2025-06-11,101.1879653930664,101.32465251655371,101.09033279755971,101.09033279755971,5764900
2025-06-12,101.6370849609375,101.66637399575798,101.4125307280539,101.43205426830428,4463000
2025-06-13,101.42228698730469,101.53945057341276,101.344185378789,101.51016153910817,3539600
2025-06-16,101.50039672851562,101.59802932648525,101.41252962500988,101.5101622229795,5927100
2025-06-17,101.60778045654297,101.69565499651554,101.50038237929245,101.66635851726555,4328200
2025-06-18,101.51016235351562,101.744482078722,101.43205329548358,101.64684948062683,4180700
2025-06-20,101.50039672851562,101.56874029198333,101.40276413054599,101.53945125748142,3734700
2025-06-23,101.61756134033203,101.7542484686461,101.52968678705024,101.55897582184755,4705500
2025-06-24,101.74447631835938,101.81281987804564,101.56873467218193,101.59802370506328,4252800
2025-06-25,101.72496032714844,101.7640148568511,101.62732027844683,101.74448386755483,4736100
2025-06-26,101.88116455078125,101.92021907801283,101.63707934225093,101.73471193588517,2528600
2025-06-27,101.85187530517578,101.95927339261631,101.63707913029472,101.82258627203554,5260700
2025-06-30,102.00808715820312,102.05689972748034,101.92997810869284,101.95926714003696,4395900
2025-07-01,102.09717559814453,102.16570346343886,101.97969605664976,101.9992797147208,5714700
2025-07-02,102.16569519042969,102.1754870186723,101.9111599389576,101.9894796269454,4252000
2025-07-03,102.07759857177734,102.1559182711954,102.00907070203094,102.04823055173998,2358000
2025-07-07,102.09717559814453,102.09717559814453,101.93075184942647,102.06780758001513,4249700
2025-07-08,101.94053649902344,102.05801604085188,101.89159229166113,102.0090643645124,3601300
2025-07-09,102.06780242919922,102.10696227438795,101.93074670552703,102.04821877211647,3356500
2025-07-10,102.06780242919922,102.1363302910353,101.99927456736312,102.03843441255185,3312800
2025-07-11,101.76432037353516,101.98948762691789,101.67621631937048,101.90137610377609,3813700
2025-07-14,101.6468505859375,101.85243418591959,101.56853089004605,101.75453830054393,6058100
2025-07-15,101.47062683105469,101.78389812040872,101.34335546823866,101.7643144635247,9134100
2025-07-16,101.23567199707031,101.54894327641615,101.22588016894113,101.52935962015778,9429900
2025-07-17,101.08883666992188,101.5000038733291,101.01051697337458,101.31399646127363,6589600
2025-07-18,101.06924438476562,101.15735590310511,100.97134850692586,101.15735590310511,6738800
2025-07-21,101.37274932861328,101.59790914075559,101.2944296248342,101.34337383796259,9175900
2025-07-22,101.4412612915039,101.49999732563668,101.37273342869005,101.39230961707536,4785400
2025-07-23,101.3629379272461,101.43146578757693,101.20629854993184,101.40209777157465,5941800
2025-07-24,101.31399536132812,101.3727388675895,101.1671477991406,101.26505115325047,6103000
2025-07-25,101.4412612915039,101.45104565120812,101.25525389144764,101.31398992558042,4318800
2025-07-28,101.4510498046875,101.46084163376948,101.3237859025306,101.39231376815003,6692900
2025-07-29,101.67622375488281,101.75454345474141,101.47064014448723,101.47064014448723,9540700
2025-07-30,101.4510498046875,101.67621705970976,101.40210559723201,101.55873751765765,4919400
2025-07-31,101.68600463867188,101.70558082704042,101.47062922173353,101.65662915265376,6085800
2025-08-01,102.1944808959961,102.25337455961697,102.02761052305605,102.06687546181041,7062700
2025-08-04,102.17483520507812,102.24355445829032,102.13557775898633,102.21410014019054,5478100
2025-08-05,102.26318359375,102.31226663509361,102.1355781708855,102.19447182928133,4748700
2025-08-06,102.1159439086914,102.26318554651326,101.95889165363002,102.17483756821183,3547900
2025-08-07,102.16503143310547,102.27300813964386,102.12576649536231,102.24356130859178,5286400
2025-08-08,102.10613250732422,102.15521555282818,101.98834518054876,102.14539744592312,4923500
2025-08-11,102.2337417602539,102.31227163463284,102.16502999242759,102.25337048433813,3460700
2025-08-12,102.2337417602539,102.24355986680652,102.14539377932236,102.19447682306445,4649900
2025-08-13,102.30245208740234,102.40061068448318,102.28281587457364,102.3318989176245,2890000
2025-08-14,102.13557434082031,102.50857997837396,102.09630940702198,102.24355103651065,4580400
2025-08-15,102.14540100097656,102.17484783369528,102.08650733553911,102.16503721547008,4169300
2025-08-18,102.12577056884766,102.2043004474663,102.05705879731171,102.17484612621824,4693900
2025-08-19,102.18465423583984,102.2337372774297,102.11594247102646,102.19447234196195,3774700
2025-08-20,102.13557434082031,102.24355103651065,102.07667319561263,102.22391482510129,4008700
2025-08-21,101.99816131591797,102.14539547154138,101.91963144023805,102.0668730848826,6840200
2025-08-22,102.31227111816406,102.43987654661991,102.01778783524013,102.09631770922265,4393300
2025-08-25,102.33190155029297,102.38098459460659,102.21410673735295,102.21410673735295,5425000
2025-08-26,102.41043853759766,102.44970347797113,102.30246182382601,102.31227993117479,4358500
2025-08-27,102.51840209960938,102.5380308227672,102.25336565834452,102.273001870523,6200000
2025-08-28,102.61656951904297,102.62638762597662,102.40061610063044,102.4300629324101,3390300
2025-08-29,102.53802490234375,102.60673666295978,102.49875996927456,102.50857807479692,2800200
2025-09-02,102.33134460449219,102.4494484954569,102.22307769834207,102.41992252271572,5261100
2025-09-03,102.58724212646484,102.65613856137254,102.3510193417971,102.36086383511197,2990000
2025-09-04,102.90221405029297,102.91205103596239,102.73488767497093,102.77425814509675,3896700
2025-09-05,103.59117126464844,103.59117126464844,103.3155855021778,103.34511147542125,5909700
2025-09-08,104.16202545166016,104.19155142311037,103.66006140956137,103.67974288747871,6803100
2025-09-09,104.00455474853516,104.4080964260393,103.88645085006503,104.09314018153695,8065900
2025-09-10,104.41793060302734,104.49667153932239,104.1226633556444,104.1226633556444,4586600
2025-09-11,104.80178833007812,104.8214698091154,104.58525451492413,104.59509149986836,3969900
2025-09-12,104.75257873535156,104.78210470999451,104.5950968583902,104.67383779687088,2972600
2025-09-15,104.94941711425781,104.99863207506706,104.85099470178807,104.9002096625973,4691900
2025-09-16,104.9986343383789,105.08721225876641,104.8313154826588,104.9986343383789,10565500
2025-09-17,104.97895812988281,105.3824923027124,104.94942464578861,105.03801007977269,7131200
2025-09-18,104.90021514892578,104.9887930720366,104.73289628806148,104.87068917455551,5471000
2025-09-19,104.79194641113281,104.8903688270354,104.70336098041619,104.8214723849887,3824400
2025-09-22,104.80178833007812,104.89036624946905,104.75257336876174,104.8214698091154,5676600
2025-09-23,104.75257873535156,104.88052712852077,104.72305276070861,104.85100115387782,3429300
2025-09-24,104.67383575439453,104.73289521167722,104.61478380626089,104.72305071727193,4048100
2025-09-25,104.5754165649414,104.61478703462848,104.4474681703204,104.51636461498545,2941400
2025-09-26,104.58525085449219,104.6935177582799,104.53603589489829,104.62462132033758,3034600
2025-09-29,104.74274444580078,104.8313298875097,104.61479604016561,104.64432201768527,3094400
2025-09-30,104.81163024902344,104.90021568173333,104.683681856386,104.72305232546272,4751800
2025-10-01,104.99617767333984,105.10473715914591,104.93696614633339,104.99617767333984,2982400
2025-10-02,104.9665756225586,105.03565824965673,104.87775079946576,104.95670452456125,3126700
2025-10-03,104.9863052368164,105.07513005563469,104.97644166873538,104.99617633433871,3287800
2025-10-06,105.06526184082031,105.09486760475828,104.84814286601988,104.90736192333732,3257700
2025-10-07,105.14421081542969,105.21329343797865,105.0652570955334,105.12446862073503,2859900
2025-10-08,105.17382049560547,105.28237998214625,105.13434363418686,105.22316845473907,2041800
2025-10-09,105.16395568847656,105.20343255225654,105.05539619544209,105.14422102130752,2398700
2025-10-10,105.45014953613281,105.48962639700486,105.26264385879227,105.41067267526077,5147800
2025-10-13,105.60806274414062,105.62779741093318,105.44028419391609,105.49950325317722,1515100
2025-10-14,105.54883575439453,105.63766057189146,105.4994953263995,105.58831261445525,2496000
2025-10-15,105.6968765258789,105.72648228980462,105.55871127459793,105.61792280244936,4306100
2025-10-16,106.01268768310547,106.03242987938994,105.68700920938745,105.6968803075297,4972100
2025-10-17,106.01268768310547,106.03242987938994,105.90412819186612,105.90412819186612,2733000
2025-10-20,106.10151672363281,106.21007621918595,106.07191095747142,106.11138029272524,2674600
2025-10-21,106.17058563232422,106.2396682542528,106.11136657821324,106.1903202974005,4872100
2025-10-22,106.19032287597656,106.2791476945794,106.13111134986885,106.25940549958264,2694800
2025-10-23,106.12124633789062,106.1409885340195,106.01268684750697,106.09164057313903,3325000
2025-10-24,106.19032287597656,106.21992863903041,106.12124025237047,106.21992863903041,3218700
2025-10-27,106.2001953125,106.26927793697712,106.10150692459574,106.14098378564572,4089900
2025-10-28,106.14098358154297,106.2495430668613,106.12124138633526,106.20019510828338,3806900
2025-10-29,105.99295043945312,106.20019831875113,105.90412561721594,106.1212445944162,4391300
2025-10-30,105.95347595214844,106.03242967825304,105.66727434210053,105.7264858719581,4914300
2025-10-31,106.07190704345703,106.20020120190307,106.0422937489463,106.0817706121855,3177700
2025-11-03,105.92842864990234,106.03726661058597,105.88885052340324,105.97790319521518,6832900
2025-11-04,106.09662628173828,106.15598969079039,105.94821021035301,105.96799549711874,3697600
2025-11-05,105.85916900634766,106.0174815126292,105.81959087977727,105.99768867496611,4818900
2025-11-06,106.09662628173828,106.11641156850399,105.95809907935839,106.09662628173828,4507500
2025-11-07,106.08674621582031,106.1757913431236,105.9976935397609,105.9976935397609,4652700
2025-11-10,106.13619995117188,106.1559927872699,106.04715483499632,106.07683654038817,2480500
2025-11-11,106.40335845947266,106.42314374831464,106.18568253843203,106.25494237251262,2279100
2025-11-12,106.23515319824219,106.33409473634495,106.17578223637614,106.32419831790803,4034300
2025-11-13,106.05705261230469,106.22525397751768,106.01747448835658,106.10651960567337,4548600
2025-11-14,105.83938598632812,106.20547045462936,105.7998078589093,106.17578874625424,5522200
2025-11-17,105.9581069946289,106.07684137035778,105.92842528788556,105.9581069946289,3619900
2025-11-18,106.07683563232422,106.17577716570179,106.0174722220487,106.15599187852833,4102100
2025-11-19,105.91853332519531,106.19557264505065,105.89874048877404,106.17577980862937,3600000
2025-11-20,105.98779296875,106.12631262843405,105.91853313890799,106.03725996220557,5981000
2025-11-21,106.02738189697266,106.15600515157018,106.0075890585693,106.15600515157018,4864200
2025-11-24,106.06695556640625,106.14611182481366,106.04717027618254,106.07685198589625,5399100
2025-11-25,106.11641693115234,106.1658914736993,106.07683880686584,106.11641693115234,4736400
2025-11-26,106.26483154296875,106.294513248585,106.04715563677584,106.06694092426827,4033900
2025-11-28,106.29451751708984,106.36377734922749,106.18567955962274,106.18567955962274,2748800
2025-12-01,106.0246810913086,106.06436560710489,105.95523508092694,106.0246810913086,3424300
2025-12-02,105.96514129638672,106.02467184941577,105.86593380006737,106.02467184941577,2706400
2025-12-03,106.0246810913086,106.18341158544632,105.9849965755123,106.01475807009766,4043900
2025-12-04,106.0147476196289,106.03458609104773,105.89569408397578,105.93537859586016,2995400
2025-12-05,106.06436157226562,106.06436157226562,105.97506952285889,106.00483101631208,3249700
2025-12-08,106.00482940673828,106.05443694110514,105.95522944141848,106.01475242742107,2656000
2025-12-09,105.94530487060547,106.13380441558503,105.91554337803963,106.0941199024816,2983500
2025-12-10,106.12388610839844,106.14372458130778,105.9254635340686,105.93538655504692,4505500
2025-12-11,106.12388610839844,106.30246264077165,106.05444009964481,106.1635706232644,3353900
2025-12-12,106.00482940673828,106.08419843410643,105.91554492773442,105.93538340005293,3220500
2025-12-15,105.99490356445312,106.20324914801007,105.91554210824465,106.14371859454515,3690800
2025-12-16,106.14372253417969,106.15364555496662,105.94530753272383,105.94530753272383,2898700
2025-12-17,106.11396026611328,106.17348325230603,106.01475276610968,106.06436030063502,2847300
2025-12-18,106.17347717285156,106.31237674775976,106.13380023035968,106.29253070746717,3062800
2025-12-19,106.14862060546875,106.18841108473605,106.08893868119678,106.10883012620145,2995700
2025-12-22,106.16851806640625,106.19835902810003,106.12872758772862,106.14861903243853,3058500
2025-12-23,106.22820281982422,106.27793522755283,106.00935897589592,106.02925042113577,3407100
2025-12-24,106.39730072021484,106.40725023690769,106.21824736603155,106.23814639941723,2426900
2025-12-26,106.32767486572266,106.46693774970561,106.28788438611925,106.38735679049879,2952100
2025-12-29,106.47688293457031,106.48683245138083,106.35751150061708,106.3674610174276,5592500
2025-12-30,106.53656768798828,106.57635816703008,106.38735528889603,106.38735528889603,3766900
