Date,Close,High,Low,Open,Volume
2011-01-03,63.43881607055664,63.45629803851076,62.972609510095516,63.065852600617845,2447900
2011-01-04,63.520355224609375,63.6310802023311,63.374666336479535,63.50870206983068,962500
2011-01-05,63.054195404052734,63.27564552245538,62.93764598621209,63.23485278160362,1209200
2011-01-06,63.14738464355469,63.310555467810815,63.0541416319389,63.124073890650735,1089700
2011-01-07,63.467926025390625,63.55533582436433,63.05416556190685,63.08913392756953,1118600
2011-01-10,63.5786247253418,63.636899386644934,63.39214314152878,63.39214314152878,909200
2011-01-11,63.54950714111328,63.61943497553055,63.275611266784615,63.46209290201881,845000
2011-01-12,63.50873565673828,63.53204197862134,63.32807831658678,63.40966378140061,1291600
2011-01-13,63.78260803222656,63.788436833984996,63.3863339880406,63.432955509962014,971000
2011-01-14,63.479591369628906,63.77096927833994,63.45628060340314,63.74765851211417,1629900
2011-01-18,63.444583892822266,63.56696199694755,63.17068813527334,63.40379119144716,1422700
2011-01-19,63.397979736328125,63.502875917999525,63.333876267191584,63.42129049292979,1685300
2011-01-20,63.124141693115234,63.374726998400234,62.7628313041231,63.27565952670242,1699200
2011-01-21,63.21731948852539,63.25811219625828,63.0191803037716,63.042491057629206,1056600
2011-01-24,63.246456146240234,63.415455781295684,63.20566343750766,63.258113746490565,727200
2011-01-25,63.56119918823242,63.625302706385405,63.18240688443997,63.41551018262576,1302200
2011-01-26,63.2056884765625,63.51454831447478,63.20568847656249,63.421309705894444,1647100
2011-01-27,63.310546875,63.39796107500766,63.1357184749847,63.228961473945105,1094300
2011-01-28,63.39218521118164,63.532045380340435,63.135771195995,63.15325760745514,1388100
2011-01-31,63.21731948852539,63.52035039653088,63.19400873466779,63.35717956559934,1849900
2011-02-01,63.13368606567383,63.25069601948637,63.02252348500137,63.16293632230516,989200
2011-02-02,63.010826110839844,63.2741052287044,62.92891824225373,63.25655418024224,1975700
2011-02-03,62.85869598388672,63.051761925130656,62.84699231251267,62.89964990641031,1645800
2011-02-04,62.66558837890625,62.858658669180905,62.53102301984328,62.77675087275653,1367700
2011-02-07,62.73586654663086,62.80607075648306,62.53109236484172,62.56034709471019,1709500
2011-02-08,62.507633209228516,62.87622283375755,62.478382969333886,62.753361113461565,1263200
2011-02-09,62.911319732666016,62.98738017014646,62.49592886574303,62.571984839582775,2124900
2011-02-10,62.601295471191406,62.829468060209784,62.566193369386944,62.7183054529694,690600
2011-02-11,62.9464225769043,62.98738094444539,62.735805688017386,62.80600982976611,817300
2011-02-14,62.9874153137207,63.10442525624257,62.79434489128076,62.79434489128076,785400
2011-02-15,63.12782287597656,63.12782287597656,62.91134959034595,63.00496110747578,621800
2011-02-16,63.05177307128906,63.285797440069715,62.98156888520537,63.12198172101633,1892600
2011-02-17,63.16877746582031,63.30333844356177,63.127823542554275,63.25653714814549,585600
2011-02-18,63.26235580444336,63.26235580444336,62.98738213798253,63.01663237638517,505900
2011-02-22,63.43791580200195,63.58418047880601,63.18048854246082,63.18048854246082,1225300
2011-02-23,63.36185836791992,63.62513299485499,63.33260364775221,63.56662801816315,1293600
2011-02-24,63.43204116821289,63.625111543481,63.396939086761265,63.53150004142054,718900
2011-02-25,63.730384826660156,63.747935857079355,63.50221250393157,63.601671318733366,722900
2011-02-28,63.90009689331055,63.90009689331055,63.736281210037255,63.736281210037255,718600
2011-03-01,63.901275634765625,63.90715070838288,63.660446911507705,63.68981779822584,1332300
2011-03-02,63.56058883666992,63.91889212021775,63.56058883666992,63.83665902052164,837100
2011-03-03,63.29039764404297,63.52535129259145,63.255156165239526,63.484234740198076,1024200
2011-03-04,63.53125762939453,63.59586554520448,63.3315453613727,63.34916610944544,1385200
2011-03-07,63.372623443603516,63.601701992155235,63.28451527538342,63.28451527538342,451800
2011-03-08,63.29039764404297,63.4431181878047,63.23753542583781,63.390251488231435,745900
2011-03-09,63.61935043334961,63.666342074379095,63.31978880486812,63.3785261154702,1745300
2011-03-10,63.87779235839844,63.93065458722412,63.513613905912884,63.730946858723954,965400
2011-03-11,63.81904983520508,64.02463262166145,63.74856238783348,63.85429131820656,1541500
2011-03-14,63.88950729370117,64.08334433555831,63.84839075282542,63.989365591285264,1095700
2011-03-15,63.883644104003906,64.06573102306729,63.801411012725765,64.04223521393534,1659400
2011-03-16,64.26543426513672,64.60611224697888,64.05984708402899,64.17732611342866,2000100
2011-03-17,64.22433471679688,64.29482215800368,64.007006282137,64.06574357579188,1117800
2011-03-18,64.26543426513672,64.31242139552984,63.98348907594426,63.989364147755936,693500
2011-03-21,64.05984497070312,64.2360612683059,63.9893620367553,64.08334077580794,870400
2011-03-22,64.17738342285156,64.19500417265489,63.92480888580551,63.92480888580551,463300
2011-03-23,64.13619232177734,64.30653350756249,64.02458839420918,64.25954190844269,537800
2011-03-24,63.92478561401367,64.10687260418698,63.89541472078675,64.07750171096006,516800
2011-03-25,63.830810546875,64.0716393544631,63.76032756425971,63.948289653516646,420200
2011-03-28,63.85433578491211,63.94244403514104,63.64875285529246,63.73098602714032,573000
2011-03-29,63.54296112060547,63.87189348326932,63.50771964785359,63.67218582918551,625000
2011-03-30,63.760276794433594,63.760276794433594,63.5488190522239,63.55468964185418,754700
2011-03-31,63.55473327636719,63.79556205753767,63.501871045204425,63.79556205753767,832900
2011-04-01,63.85487365722656,63.919743209825405,63.40668524814525,63.548221271564216,2873600
2011-04-04,64.0022964477539,64.06716599306249,63.86666339789451,63.86666339789451,767300
2011-04-05,64.03770446777344,64.04950138950792,63.8372017903609,64.04950138950792,1901800
2011-04-06,63.83127212524414,64.02588074586137,63.79589037575197,64.01998228787762,1253300
2011-04-07,63.73698806762695,63.89031214700432,63.68980935126006,63.8667272880309,641400
2011-04-08,63.70155334472656,63.82539850582545,63.630789823191904,63.689760924206325,572200
2011-04-11,63.707427978515625,63.79588684655765,63.630766025788496,63.630766025788496,667500
2011-04-12,63.931583404541016,64.03183478125364,63.83722599172273,63.943375831538766,625100
2011-04-13,64.0435791015625,64.08485931386038,63.8312795814004,63.8312795814004,673700
2011-04-14,63.88435745239258,64.13793718779523,63.84307723961567,64.13793718779523,1076400
2011-04-15,64.22050476074219,64.27947585710011,64.1202534470131,64.1202534470131,662600
2011-04-18,64.30899810791016,64.37386769841912,64.0200319322944,64.16746200177681,822800
2011-04-19,64.444580078125,64.53893740728664,64.32663791587805,64.3915074548754,467300
2011-04-20,64.47408294677734,64.53305404169232,64.40331493335567,64.52126162239179,515400
2011-04-21,64.53305053710938,64.69227293465359,64.43279923127761,64.5035627416502,624800
2011-04-25,64.59793853759766,64.63921876350703,64.47999182128004,64.52127654639659,687000
2011-04-26,64.898681640625,64.91637251907304,64.63920342550408,64.64510188472212,953600
2011-04-27,64.81612396240234,64.8691966000015,64.68048638986066,64.78073770479659,716100
2011-04-28,65.02253723144531,65.0402281139588,64.78074983920858,64.83972094732259,508700
2011-04-29,65.1463851928711,65.15228365410421,64.96357338751363,64.9812642720053,756000
2011-05-02,65.29853057861328,65.37549004726775,65.09724536700543,65.15052847350914,1771000
2011-05-03,65.2689437866211,65.3577459740179,65.17422024895333,65.31630555545497,661300
2011-05-04,65.36366271972656,65.47021991709603,65.30445825452145,65.39326043566255,720600
2011-05-05,65.58863830566406,65.64191691570075,65.422876607771,65.422876607771,771600
2011-05-06,65.58863830566406,65.73071911576274,65.3695934810668,65.45247433001333,857100
2011-05-09,65.65374755859375,65.712947508872,65.55310719145405,65.60046444167664,485200
2011-05-10,65.3873291015625,65.61229519499123,65.35773139014589,65.59453566480809,974700
2011-05-11,65.4939193725586,65.57680022734917,65.3044767735133,65.38735762830387,538900
2011-05-12,65.33995819091797,65.53531749872943,65.22747516773492,65.45835804514702,595000
2011-05-13,65.53534698486328,65.67151094348898,65.44654931257146,65.49982791594655,1062900
2011-05-16,65.72481536865234,65.76033896819243,65.4761727552153,65.49985364935246,614900
2011-05-17,65.8135757446289,65.92013744215399,65.70701404710384,65.7425376240561,1227800
2011-05-18,65.6478042602539,65.92604890186836,65.63596608082284,65.85500627528641,477800
2011-05-19,65.76026916503906,65.77210734120729,65.41690333952906,65.47018190728203,430800
2011-05-20,65.71290588378906,65.7661844502908,65.59450605823156,65.6892250153448,585600
2011-05-23,65.67152404785156,65.9201666132177,65.6537645098494,65.88464753721335,1200000
2011-05-24,65.75434875488281,65.82539136289559,65.60042536252045,65.63002757835845,590500
2011-05-25,65.62410736083984,65.84315201848297,65.58266696795212,65.84315201848297,675300
2011-05-26,65.90831756591797,65.91423439983177,65.70111546225712,65.77215360255964,1042600
2011-05-27,65.97933197021484,65.97933197021484,65.77805128954546,65.78397263799617,510300
2011-05-31,65.97344207763672,66.05632292312784,65.8905612321456,65.96752072676811,1022400
2011-06-01,66.30323791503906,66.49934968322644,66.14872520065293,66.19032425445418,1467600
2011-06-02,65.7030029296875,66.11305388329014,65.69111943179506,66.11305388329014,1448900
2011-06-03,65.84568786621094,66.10716584686534,65.68523103807618,65.98236861051583,684700
2011-06-06,65.73271942138672,65.8337450237714,65.63763330105587,65.6851763612213,445500
2011-06-07,65.95858001708984,65.98235156081765,65.64955901654517,65.6852140651577,405200
2011-06-08,66.00013732910156,66.10710694122149,65.91099976396455,65.98230981607416,450600
2011-06-09,65.82185363769531,66.11304691188965,65.70299600152553,66.05362036078238,1355700
2011-06-10,65.74464416503906,65.95858353604478,65.68521756952828,65.85755787028059,1379300
2011-06-13,65.81590270996094,65.88721728417286,65.65545058542753,65.7208166110117,908900
2011-06-14,65.61981964111328,65.69707826368243,65.55444905307326,65.61981964111328,690200
2011-06-15,65.98231506347656,65.99420309574393,65.54849709879102,65.5782081115477,1024100
2011-06-16,65.85753631591797,66.01798852467891,65.80405375765004,65.96450596641098,1002000
2011-06-17,65.88128662109375,65.99420025299052,65.82186006418438,65.833743561984,556100
2011-06-20,65.89313507080078,65.96444962153372,65.7386270118093,65.95850560881766,619400
2011-06-21,65.8753433227539,66.00014045380962,65.75649020764057,65.8753433227539,692800
2011-06-22,65.9644775390625,66.02390408951386,65.78619335375323,66.01796007428217,703200
2011-06-23,66.13680267333984,66.22000073184822,65.96446254244275,66.00011755781658,796100
2011-06-24,66.17247009277344,66.29726720392927,66.07738852263542,66.14869856675018,716900
2011-06-27,65.95858001708984,66.21411844471575,65.91104146359261,66.1962909204095,995100
2011-06-28,65.50096893310547,65.85753290496228,65.44748184365066,65.80998983299287,863400
2011-06-29,65.35238647460938,65.57226520175085,65.25136086841161,65.48312762802102,1041200
2011-06-30,65.447509765625,65.4950528578778,65.11471718777308,65.4712813117514,1004100
2011-07-01,65.45108032226562,65.60022598097598,65.26017406117894,65.60022598097598,1495800
2011-07-05,65.68370056152344,65.85074285245726,65.45700095976481,65.45700095976481,1116100
2011-07-06,65.82099151611328,65.82695406790099,65.63008517288276,65.73150317206886,1343800
2011-07-07,65.8388442993164,65.88060489176877,65.6240742376862,65.66583483013856,1463800
2011-07-08,66.26237487792969,66.31010253917783,65.92829035231324,66.10129971066756,1044300
2011-07-11,66.48313903808594,66.51893252285396,66.22064134562143,66.43541135735383,1397100
2011-07-12,66.53684997558594,66.6680988626709,66.42349783645555,66.6680988626709,694400
2011-07-13,66.70389556884766,66.72775941779011,66.4652661825507,66.6144118247682,1014400
2011-07-14,66.29224395751953,66.60843193003483,66.26241301418065,66.57860098669595,761200
2011-07-15,66.4414291381836,66.44739168915186,66.20279510405034,66.26245247469225,531400
2011-07-18,66.18484497070312,66.42347426081899,66.11325345273119,66.4055775192165,1163600
2011-07-19,66.50700378417969,66.5606940120629,66.1788816641305,66.20871260288487,1230200
2011-07-20,66.35188293457031,66.57261546857983,66.29222561596129,66.47119757178834,1019800
2011-07-21,66.25050354003906,66.37578534739549,66.1311842819156,66.25050354003906,931400
2011-07-22,66.51896667480469,66.5368634263772,66.32806040542388,66.41754871485087,1121000
2011-07-25,66.20278930664062,66.48318393082549,66.11330098273149,66.23261571356686,1166900
2011-07-26,66.49506378173828,66.62631261829738,66.27432668829236,66.27432668829236,900200
2011-07-27,66.29817962646484,66.477156110812,66.21465848085245,66.41153170332213,762400
2011-07-28,66.4414291381836,66.53688002089753,66.39370142104383,66.49511940629162,890200
2011-07-29,67.0379867553711,67.07974735428368,66.54282211714765,66.63827296399188,1680200
2011-08-01,67.23619079589844,67.5655469637677,67.14636597114497,67.21223720471882,2151200
2011-08-02,67.799072265625,67.81104677396021,67.27809206379807,67.42180900721682,1427300
2011-08-03,67.77516174316406,68.09253895551315,67.75719768490765,67.88894020369757,2093400
2011-08-04,68.26612854003906,68.36792781067759,67.84096284912748,67.91282357652508,2160900
2011-08-05,67.42181396484375,68.21825360373637,67.29606105902064,68.18232550740966,2470900
2011-08-08,66.78108978271484,67.34997736254685,66.77510481070591,67.34997736254685,2548400
2011-08-09,67.3799057006836,68.0505925270314,66.79904826500513,66.87689400743291,2109000
2011-08-10,67.98473358154297,68.11048652758144,67.54160349997674,67.7751453381455,1264900
2011-08-11,66.58946228027344,67.84700077897938,66.35592046049793,67.18828839635029,1858300
2011-08-12,67.34994506835938,67.44575483005178,66.78105776130789,66.93076422600375,1962400
2011-08-15,67.47571563720703,67.55356137452947,67.24816339594764,67.38589082110887,1884300
2011-08-16,67.72123718261719,67.85297964729273,67.31403984624593,67.37990650990342,1692300
2011-08-17,67.90687561035156,68.1044893051583,67.65536976351402,67.89489653078012,1050200
2011-08-18,67.99665832519531,68.26612805583952,67.79305521668495,68.22421044065759,1358100
2011-08-19,67.912841796875,68.03260513932489,67.77510984124682,67.93679081042204,1749300
2011-08-22,67.6613540649414,68.05658145064312,67.61345145317044,67.99669975941927,1464200
2011-08-23,66.88885498046875,67.36791755499823,66.73914849701319,67.34396396940383,2340100
2011-08-24,66.09837341308594,66.84092050640812,65.99058461364737,66.75708528114225,1513600
2011-08-25,66.46369171142578,66.57747010527298,66.272067587866,66.41578910704546,1480200
2011-08-26,66.49362182617188,66.84094190987736,66.4037970364303,66.55350349644006,1134400
2011-08-29,66.7092056274414,66.75112325735098,66.37984955766696,66.43973123344077,1186200
2011-08-30,67.0625,67.1643038581002,66.86489095838046,66.93075759313479,1420000
2011-08-31,67.26611328125,67.51162952029483,67.18826299164051,67.33796946405387,1332700
2011-09-01,67.31600952148438,67.65258810171925,67.03352196212758,67.54440147442386,2821200
2011-09-02,67.73068237304688,67.91700188429589,67.46622532311693,67.79679663552936,1386300
2011-09-06,68.12740325927734,68.49403544392015,67.62253541615289,67.82087373421521,4665100
2011-09-07,68.25962829589844,68.40988722977032,68.07330868526971,68.25962829589844,826700
2011-09-08,68.1995620727539,68.36183979038985,68.00723071807296,68.36183979038985,1397100
2011-09-09,68.27162170410156,68.4579458312517,67.96509689413237,68.15742807482438,1029500
2011-09-12,67.8569564819336,68.22959581866877,67.80887250766449,67.94711278730314,1749500
2011-09-13,67.84493255615234,67.9050398161923,67.61654055883693,67.7307388502647,1536800
2011-09-14,67.81489562988281,67.98318498277092,67.72473930925248,67.72473930925248,954900
2011-09-15,67.58047485351562,67.69466855092459,67.46627657056688,67.56845156818429,1326900
2011-09-16,67.58047485351562,67.80886683387334,67.49633019835544,67.49633019835544,1528700
2011-09-19,67.953125,68.03726966858426,67.86898033141576,67.91706430933262,903300
2011-09-20,67.983154296875,68.10937125456991,67.91703999729117,67.97714265540223,889200
2011-09-21,68.13944244384766,68.24762909055539,67.76679853062319,67.98317182403868,1006500
2011-09-22,68.27162170410156,68.40385025061552,67.85691031839706,68.32571728473775,1304000
2011-09-23,67.85091400146484,68.22956480927715,67.85091400146484,68.18749249729801,686500
2011-09-26,67.7247085571289,67.92905851126248,67.58646831686177,67.73672725450311,811500
2011-09-27,67.50833892822266,67.64657917587837,67.34004964275596,67.40616394569489,1298700
2011-09-28,67.23788452148438,67.42420417407153,67.11166753887309,67.42420417407153,1238500
2011-09-29,67.1657485961914,67.47828518499733,67.1657485961914,67.37611020265108,864500
2011-09-30,67.5022964477539,67.57442235951967,67.25587427391063,67.5143197258167,1483800
2011-10-03,67.62781524658203,67.68211294286992,67.3804723712057,67.579551650475,3575400
2011-10-04,67.03658294677734,67.65796160855513,66.81336733123827,67.65192751011664,1753300
2011-10-05,67.31407928466797,67.32614287666215,66.77715968890733,67.12102959408737,4530500
2011-10-06,67.04261016845703,67.45887549589148,67.01244888262468,67.3502847410246,1410900
2011-10-07,66.9822769165039,67.25978557539106,66.93401334034928,67.05467228073584,2117800
2011-10-10,67.10899353027344,67.18138892490344,66.75305986268314,66.98230504167334,953700
2011-10-11,67.28997039794922,67.41665886900691,67.04865705193346,67.28997039794922,2097300
2011-10-12,67.39252471923828,67.49508139184383,67.09088419792614,67.28996804663274,1613100
2011-10-13,67.45287322998047,67.57353223825632,67.36238472711176,67.55543453768257,1494400
2011-10-14,67.41063690185547,67.51922769697273,67.0124737215389,67.04866911902128,1051900
2011-10-17,67.36235809326172,67.53730553141722,67.34425579717475,67.53730553141722,979000
2011-10-18,67.59761810302734,67.73637011491557,67.44679789717738,67.47695917674692,835100
2011-10-19,67.77259063720703,67.86911781404596,67.56747729042797,67.736395247227,1839700
2011-10-20,67.9234390258789,67.95963903351837,67.60973477658676,67.74849150008413,937600
2011-10-21,68.14665985107422,68.18285525874526,67.9536100057097,67.95964410787866,850600
2011-10-24,68.49649810791016,68.49649810791016,68.29138025592815,68.3034484486331,1341200
2011-10-25,68.83441162109375,68.89473884476759,68.4302141595397,68.46038007271268,1546300
2011-10-26,68.78609466552734,68.96104670039716,68.63527442195011,68.90675362199026,1035800
2011-10-27,68.7740249633789,69.16012438443354,68.71369779183941,68.75592727218387,2364200
2011-10-28,69.03945922851562,69.20837712343788,68.79814597748349,68.92483439867519,2102500
2011-10-31,69.19635009765625,69.34717039394815,68.98520260338162,69.16015469940065,1548300
2011-11-01,69.54264068603516,69.61528608621904,69.23388387867936,69.43971867101116,1530900
2011-11-02,69.79689025878906,69.81505160400421,69.37916084341317,69.46391686698846,1871200
2011-11-03,69.8332290649414,69.94220178023728,69.53658291396962,69.72425634964553,1868200
2011-11-04,69.97248840332031,70.03302778695016,69.63345954104717,69.8029762816132,1489300
2011-11-07,69.69401550292969,70.03303980452,69.66374349649068,69.86352765372484,757000
2011-11-08,69.26410675048828,69.76658734786558,69.23989009464947,69.68788668053054,4358700
2011-11-09,69.08251190185547,69.54867001222706,69.05223991517848,69.3912686143054,1252300
2011-11-10,68.7374038696289,68.937187813226,68.44680862268268,68.88269918367463,1487800
2011-11-11,68.61636352539062,68.76166354920517,68.3984227273841,68.75560822683182,1114200
2011-11-14,68.61027526855469,68.77978725136623,68.53156997735282,68.6587085833166,821400
2011-11-15,68.54369354248047,68.74347753941028,68.41655953139495,68.56791020442856,1425200
2011-11-16,68.32577514648438,68.63453193450368,68.25918045458104,68.63453193450368,2641800
2011-11-17,67.78694152832031,68.36812757008983,67.74456352378053,68.2470488767922,4230700
2011-11-18,67.89593505859375,67.92620243178875,67.67193432643471,67.78696235360523,1280400
2011-11-21,67.61747741699219,67.87780094899118,67.55088270283947,67.87780094899118,1355300
2011-11-22,67.44190979003906,67.63563860741401,67.44190979003906,67.50850450402976,1391700
2011-11-23,67.09680938720703,67.32080552040182,66.98783667254058,67.32080552040182,1796600
2011-11-25,66.83041381835938,67.09679252478979,66.79409112888496,66.96360317157459,660100
2011-11-28,66.86071014404297,67.08470630248303,66.47930329029533,66.67303206944105,2416000
2011-11-29,66.70929718017578,66.85459247432301,66.55189125051803,66.83037582215611,1460500
2011-11-30,67.0120620727539,67.13919615328076,66.86071131705168,67.07865677477157,1759300
2011-12-01,67.16757202148438,67.2161748513313,66.89418921488215,67.00961977701334,1661300
2011-12-02,67.73866271972656,67.76904065567257,67.17366741029566,67.34377272753986,1882200
2011-12-05,68.242919921875,68.242919921875,67.7082978105093,67.73867575229986,1826300
2011-12-06,67.87840270996094,68.26721623362928,67.84194825553885,68.07888135167978,1166900
2011-12-07,68.30364227294922,68.32794368909575,68.03633133035864,68.13961350773667,1560000
2011-12-08,68.07279968261719,68.24897687439382,68.0181203263586,68.2246800883035,1110300
2011-12-09,67.8115463256836,68.30971373228063,67.73864208263737,68.2732592932471,1018000
2011-12-12,67.817626953125,68.01811017110367,67.72042591820961,67.9877368755145,574500
2011-12-13,68.04846954345703,68.21857478443377,67.82976148076689,67.84798638015437,1206100
2011-12-14,68.16393280029297,68.21861216343603,67.98167907153574,68.13355949634479,1085400
2011-12-15,68.27327728271484,68.34618154497076,68.15785132792058,68.16392320684201,912600
2011-12-16,68.65595245361328,68.68025385085807,68.31573752720391,68.3461154325143,1464900
2011-12-19,68.89898681640625,68.94758499352996,68.57092478696998,68.72887697390578,1061800
2011-12-20,68.85039520263672,69.00227553902212,68.7714144613035,68.8443186913757,1127900
2011-12-21,68.55880737304688,68.91724750498638,68.55880737304688,68.88079305943656,1159500
2011-12-22,68.91727447509766,68.95372429989008,68.71679116869234,68.7653940250979,1762800
2011-12-23,68.70463562011719,68.86259258013683,68.61958294203507,68.86259258013683,830600
2011-12-27,68.96549987792969,68.97159730868836,68.53877274436132,68.77652138320326,872900
2011-12-28,69.09353637695312,69.19107669110173,68.91675269677057,69.05696108463648,501500
2011-12-29,69.05696105957031,69.19107666598688,68.89846037462544,69.18497923361026,971600
2011-12-30,69.34954833984375,69.40441125534794,69.08741466904596,69.16056522305152,807100
2012-01-03,69.29470825195312,69.49588165719553,69.19107515869906,69.37396091818816,2509400
2012-01-04,69.34954833984375,69.46537160067798,69.15447244420187,69.34345091001788,1641400
2012-01-05,69.05086517333984,69.34957890376651,69.00819244770436,69.3129989596659,1454800
2012-01-06,69.319091796875,69.38614959713941,69.12401582819072,69.1849761963462,781000
2012-01-09,69.2154312133789,69.4531798104355,69.2154312133789,69.39221946649363,1184400
2012-01-10,69.4105453491211,69.44712064544363,69.25814207980561,69.31300502428942,1946400
2012-01-11,69.3983154296875,69.52633820410897,69.38002779076338,69.42879792854524,2382700
2012-01-12,69.55685424804688,69.72754517303932,69.5019913011474,69.60562441261011,1820800
2012-01-13,69.80679321289062,69.99577177428748,69.70925289024801,69.76412048447912,3220100
2012-01-17,70.02011108398438,70.0383987197809,69.8677079177126,69.97134095454328,1689000
2012-01-18,69.87991333007812,70.12985680961846,69.85552826005151,70.10547173959185,1643200
2012-01-19,69.86163330078125,70.06280666218348,69.75190279919613,69.96526637145135,1268300
2012-01-20,69.68482971191406,69.86771539139352,69.62386936907959,69.81894525673552,1140300
2012-01-23,69.5811996459961,69.7397002649393,69.5811996459961,69.64215999144311,1129000
2012-01-24,69.83121490478516,69.84340512601732,69.59346605741962,69.64223159332923,1321300
2012-01-25,70.06893920898438,70.42860874661342,69.73365010527986,69.86776574676168,1697600
2012-01-26,70.61756134033203,70.63585363550949,70.4163926031567,70.48954317995585,1342800
2012-01-27,70.7212142944336,70.8431350493204,70.56271359229783,70.6602539169902,1148400
2012-01-30,70.6297378540039,70.96502674715005,70.61754299372052,70.95892931700836,1325500
2012-01-31,70.83700561523438,70.94673610545254,70.68460241498562,70.80043033548718,1504000
2012-02-01,71.1190414428711,71.14962688376649,70.79485630278549,71.00282703417137,3195600
2012-02-02,71.26580047607422,71.30249924838043,71.07617926357189,71.12511407110024,2860600
2012-02-03,71.16181945800781,71.19240488222603,70.89268732494585,71.0150196884576,2148400
2012-02-06,71.34534454345703,71.46767694447422,71.10067507474069,71.10067507474069,1141700
2012-02-07,71.21074676513672,71.29638034390608,71.07617837944773,71.22298280020665,1061100
2012-02-08,71.2842025756836,71.35148681912061,71.14963408880958,71.241385754104,1651200
2012-02-09,71.05783081054688,71.26580141193337,70.94161647449104,71.25968339424195,2439000
2012-02-10,70.99056243896484,71.10678146760472,70.84988066746719,71.0639646675818,1776500
2012-02-13,71.2352294921875,71.2780462907826,71.13124650512523,71.25969690091055,1061300
2012-02-14,71.29027557373047,71.40648992080243,71.1985239663827,71.27192151891643,1972900
2012-02-15,71.1923828125,71.47986891098017,71.16791541404648,71.35141856910843,1025100
2012-02-16,71.07006072998047,71.2168604751803,70.96607310489583,71.2168604751803,1821400
2012-02-17,70.95997619628906,71.03949177113827,70.84987519520814,70.92939077005737,1858600
2012-02-21,70.84375762939453,71.13736185638038,70.84375762939453,71.0578416143421,1887500
2012-02-22,71.2842025756836,71.30866999754102,70.91720058118943,71.05788242351515,2834500
2012-02-23,71.38206481933594,71.39430086313038,71.08846510183642,71.22914693868896,1590800
2012-02-24,71.43707275390625,71.55940511481163,71.27803695138493,71.46154015942341,2175100
2012-02-27,71.70008087158203,71.74901567534215,71.54716310984148,71.67561346970197,1160200
2012-02-28,71.92644500732422,72.0549001210801,71.81634862413273,71.87139681572847,2136700
2012-02-29,71.99369049072266,72.09767813001451,71.8101919508225,71.93252431075594,1769800
2012-03-01,71.82371520996094,71.92806018000266,71.68255004068939,71.77461692827143,2300600
2012-03-02,71.84823608398438,72.03850881931989,71.8175502563405,71.82982365085516,1880600
2012-03-05,71.71930694580078,72.00164169945838,71.62110579278213,71.92185296996122,1646400
2012-03-06,71.60884857177734,71.7561573682641,71.50450835296756,71.70091539890323,1682900
2012-03-07,71.57817077636719,71.71933586876904,71.51678976292581,71.61499563826091,1410400
2012-03-08,71.5904769897461,71.7070953494912,71.52296159017958,71.63957994992467,1202400
2012-03-09,71.55363464355469,71.56590803924519,71.36336188999044,71.52294413025614,1659400
2012-03-12,71.41244506835938,71.67636748843205,71.40630603085621,71.65795505863618,2027900
2012-03-13,71.21604919433594,71.44314679047352,71.14853381934137,71.36335333854485,2230100
2012-03-14,70.36904907226562,71.03805914438762,70.33835856065569,71.03805914438762,3067800
2012-03-15,70.21564483642578,70.65756222558987,70.14812941959698,70.41205204464124,2035800
2012-03-16,70.31993865966797,70.33221205337989,69.97008840495178,70.09284107292746,3390500
2012-03-19,70.22174835205078,70.35677443467866,70.06830515192766,70.30153713033746,1961200
2012-03-20,70.17877960205078,70.27698549761082,70.00078961109917,70.08057838920557,1825900
2012-03-21,70.49794006347656,70.52249153596782,70.25243002127856,70.32608443875233,2112500
2012-03-22,70.38130950927734,70.48564973719749,70.33834561056236,70.47337634444196,3073000
2012-03-23,70.43653869628906,70.64521911424514,70.43653869628906,70.53473986864695,2235200
2012-03-26,70.59000396728516,70.75572054628874,70.47338564849952,70.59613832311592,1600200
2012-03-27,71.13626861572266,71.1669544461624,70.59614555357653,70.59614555357653,2904800
2012-03-28,71.00121307373047,71.19762011432353,70.90300721207734,71.03190357617538,1666400
2012-03-29,71.14242553710938,71.22221433556612,70.96443081804492,71.11787405695745,1632100
2012-03-30,70.97057342529297,71.30815046322513,70.87851121741745,71.25904749721381,4285000
2012-04-02,71.15345001220703,71.19656192979703,70.92557474730849,71.09186222977084,6107600
2012-04-03,70.47599029541016,71.31975766424091,70.45135423732229,71.13498957800573,2724100
2012-04-04,70.61148834228516,70.8208877939194,70.6053281528701,70.71002787868721,1620100
2012-04-05,70.728515625,70.90712355724679,70.5807039461521,70.75315168794941,1646300
2012-04-09,71.19041442871094,71.28279846825224,71.0672388418875,71.22737086383593,1026600
2012-04-10,71.14730834960938,71.32591625437277,71.1165167997971,71.32591625437277,2263600
2012-04-11,71.07337951660156,71.18423939384336,70.82086352444396,71.14728296886533,1311400
2012-04-12,71.10416412353516,71.25813589920226,71.06721240100566,71.19654812870456,1400700
2012-04-13,71.44293212890625,71.4675681866055,71.25816404558557,71.25816404558557,1012800
2012-04-16,71.44293212890625,71.62154002309022,71.38134433408187,71.42445626034369,2396800
2012-04-17,71.53530883789062,71.54762451605407,71.32590471833552,71.42444893903135,2229300
2012-04-18,71.52304077148438,71.61542487124294,71.47377332395024,71.58463330389041,2663500
2012-04-19,71.57225799560547,71.68927807875887,71.52298588703067,71.6831178904753,1141800
2012-04-20,71.55379486083984,71.6092224687133,71.39982301828329,71.49220706358678,663400
2012-04-23,71.56610107421875,71.69544153984354,71.53530952908909,71.68928135127875,976400
2012-04-24,71.43679809570312,71.57229411323591,71.40600653644066,71.54150255397344,1988800
2012-04-25,71.5599594116211,71.58459547179338,71.28896744857398,71.35055524958068,1709800
2012-04-26,71.67697143554688,71.7755156715776,71.59074757844388,71.59690776790775,1116300
2012-04-27,71.78166961669922,71.8124611636444,71.6092172186472,71.73239750297007,1601000
2012-04-30,71.73854064941406,71.91098830765135,71.70158422347302,71.86171620562747,1733000
2012-05-01,71.60196685791016,71.99745502568827,71.57724825810017,71.9232992262583,2430700
2012-05-02,71.83679962158203,71.8615182259125,71.7193874296602,71.76264380859061,2046500
2012-05-03,71.88005828857422,71.96039021926158,71.75028914765224,71.83680190826689,1356300
2012-05-04,71.96036529541016,72.04070191286436,71.95418918221385,71.97890777876975,686400
2012-05-07,72.0839614868164,72.1148561979438,71.92947378740814,71.99126792425336,787200
2012-05-08,72.26322174072266,72.30029730759495,72.06547752641384,72.14580949283513,1570700
2012-05-09,72.13961029052734,72.29409806594839,72.03455973474328,72.08399695438028,2175700
2012-05-10,71.99129486083984,72.10252623461625,71.86770654090704,72.06545068155485,1600000
2012-05-11,72.20757293701172,72.30026652932668,72.14577878033239,72.164316555877,2977200
2012-05-14,72.22610473632812,72.4114919056185,72.15195364028523,72.33733609498404,1925800
2012-05-15,72.1334457397461,72.33736605290756,72.06547073049444,72.33736605290756,2455300
2012-05-16,72.17051696777344,72.24467280466432,71.81828499307989,71.87389833480313,2700500
2012-05-17,71.63286590576172,71.96037912252574,71.6205089624045,71.92330357786298,2367900
2012-05-18,71.35475158691406,71.54013392530193,71.30531441084186,71.52777698857818,1969000
2012-05-21,71.43515014648438,71.4722304204471,71.218868192506,71.35481819631897,1387000
2012-05-22,71.24353790283203,71.4351011142127,71.20028154172704,71.29915120371425,1728300
2012-05-23,71.4166488647461,71.55877977262196,71.29306046062436,71.30541741519836,1870700
2012-05-24,71.42893981933594,71.45983924911316,71.33007013031272,71.42893981933594,1212900
2012-05-25,71.6081771850586,71.6267196797185,71.43515161831093,71.48458884155114,594000
2012-05-29,71.71321105957031,71.86151797043419,71.65141219166797,71.66995468079368,2514200
2012-05-30,71.77498626708984,72.03452447124162,71.7626246109357,71.97891116231929,1919500
2012-05-31,72.28174591064453,72.30028369058928,71.83682033359833,71.98512728774938,4629800
2012-06-01,72.72565460205078,72.73185642572801,72.13040725538288,72.29161682614756,3800200
2012-06-04,72.17384338378906,72.49007030666854,72.14904080840562,72.39086000513477,2643900
2012-06-05,72.01884460449219,72.22965943964469,71.96923944424155,72.09324761425968,2430900
2012-06-06,71.80802917480469,72.09325176676168,71.65921841608989,72.09325176676168,2499400
2012-06-07,71.95683288574219,71.98783255965381,71.75841699639761,71.85762257576593,2929700
2012-06-08,72.22345733642578,72.34126367059476,72.04983928758284,72.27305776262993,1713000
2012-06-11,72.21102905273438,72.37844521722272,72.09941985327764,72.21102905273438,1354200
2012-06-12,72.00019073486328,72.19240467577062,71.88237974883364,72.14279955211552,926300
2012-06-13,72.26068115234375,72.2668829815124,71.95065592244556,72.04366443753693,1333000
2012-06-14,72.17384338378906,72.27304895471529,72.03122975798614,72.22344853455596,1574900
2012-06-15,72.47148895263672,72.52109411991697,72.31027925488961,72.39088410376316,1347100
2012-06-18,72.44046783447266,72.54587523579418,72.35985827884393,72.52107265949364,996800
2012-06-19,72.37228393554688,72.73811140333463,72.34127952309302,72.52729653659779,2159200
2012-06-20,72.40323638916016,72.53345105204068,72.22342605216645,72.33503524134542,2579000
2012-06-21,72.51486206054688,72.71327791634091,72.49626131322356,72.53346753847735,2229400
2012-06-22,72.45906829833984,72.62028267835389,72.42186679933957,72.50867345074535,1245600
2012-06-25,72.64508819580078,72.75669269732023,72.521075309766,72.62028561859383,1702300
2012-06-26,72.7195053100586,72.80631198182624,72.55829089222918,72.601694228113,1642300
2012-06-27,72.81866455078125,72.92407190246155,72.74425685692167,72.84966420860195,2352100
2012-06-28,72.93030548095703,73.0791162028646,72.92410365445035,72.96750697878203,2286500
2012-06-29,72.91168975830078,73.04810153863846,72.79388345486932,72.85588751940276,2348600
2012-07-02,73.2986831665039,73.41066572781037,73.06849547203183,73.14937466690583,2310500
2012-07-03,73.3608627319336,73.40441122313963,73.24888021934241,73.32353680987971,808800
2012-07-05,73.54755401611328,73.6222059131856,73.36713735413363,73.39824547553572,1982300
2012-07-06,73.73416900634766,73.76527711952325,73.42310686031838,73.65329455709544,1533100
2012-07-09,73.783935546875,73.88347770576397,73.64706745161837,73.66573516623359,1119500
2012-07-10,73.76524353027344,73.94566006238894,73.76524353027344,73.88966643345609,1385600
2012-07-11,73.8896484375,74.10117301710874,73.87720804878342,73.90831614021741,1210000
2012-07-12,74.26296997070312,74.28785550911527,73.92079975057507,74.00167419059119,1716700
2012-07-13,74.28785705566406,74.35628635468314,74.06389195172332,74.23186340646326,1634700
2012-07-16,74.49314880371094,74.56780541484733,74.39982922639814,74.54914244867095,750100
2012-07-17,74.49314880371094,74.5926909518928,74.36250329404538,74.51181176988732,2479000
2012-07-18,74.90377044677734,74.9597593583137,74.69846827828007,74.7295763934216,2351900
2012-07-19,75.03438568115234,75.19613927098,74.9099627637034,74.9099627637034,3499900
2012-07-20,75.09033966064453,75.22720765406659,75.06545888586584,75.15255583687481,1144600
2012-07-23,74.84777069091797,75.15261500588666,74.8104447529347,75.1028439242879,1328000
2012-07-24,74.96591186523438,75.04678624400992,74.7606098886185,74.79171797468547,1333100
2012-07-25,75.10905456542969,75.18992900035751,74.99084945201677,75.08416902858325,2551400
2012-07-26,75.22721099853516,75.2583190880333,75.10901070058391,75.10901070058391,1094600
2012-07-27,74.87264251708984,75.05928166568218,74.49314639566796,75.0032880225322,2952200
2012-07-30,75.06549072265625,75.14014257150939,74.79175461971514,74.79175461971514,2581500
2012-07-31,75.45123291015625,75.45745548203884,75.17749670450215,75.30814698187825,1563500
2012-08-01,75.36695098876953,75.49801251930249,75.142272718843,75.30454141635553,2583100
2012-08-02,75.41687774658203,75.5541816663825,75.01745075891446,75.51673687427157,1500000
2012-08-03,75.23588562011719,75.31701758396197,75.0112073616525,75.22964323473069,2259800
2012-08-06,75.33573150634766,75.38566106073473,75.26707955945153,75.34197389103214,1596300
2012-08-07,74.94258117675781,75.1048451602434,74.89265159958691,75.0361979435666,4136600
2012-08-08,74.73037719726562,75.0611522882758,74.70541241057008,75.03619226312645,2310300
2012-08-09,74.68042755126953,74.74907473992168,74.45574930727005,74.63049799448196,2496100
2012-08-10,74.8926773071289,74.95508691924186,74.76161569322721,74.94884452956612,1482700
2012-08-13,74.73658752441406,74.93630097076074,74.72410751719295,74.86764902718431,1127000
2012-08-14,74.39957427978516,74.5618429518424,74.38085188715249,74.5618429518424,1593600
2012-08-15,74.0500717163086,74.31219471783537,74.0500717163086,74.28722994223128,3995300
2012-08-16,73.83161926269531,74.2060812893795,73.72551779987467,74.1124645923227,1895700
2012-08-17,73.93153381347656,74.13748976248624,73.89408900876457,73.9003313967322,1734500
2012-08-20,74.13749694824219,74.15621935241285,73.806721777101,73.81295940412633,1813900
2012-08-21,74.2623062133789,74.2623062133789,73.94401586197347,74.11876462624626,2010000
2012-08-22,74.68669128417969,74.70541368413399,74.38712336181852,74.54938733578655,2281400
2012-08-23,74.74287414550781,74.83649092047787,74.717909354746,74.79279896548447,883300
2012-08-24,74.82402801513672,74.86147283145095,74.72417358444932,74.86147283145095,1335300
2012-08-27,74.91758728027344,75.05489118337313,74.8926225013876,74.98623923182329,1879300
2012-08-28,75.02368927001953,75.06737644574106,74.93007253303195,75.01120926047554,908300
2012-08-29,74.86769104003906,75.01123739212723,74.8177614600478,75.01123739212723,1777000
2012-08-30,74.8926773071289,74.97380932672094,74.86147012029832,74.93012212208704,1888000
2012-08-31,75.41063690185547,75.41063690185547,74.91759319342067,74.91759319342067,1766500
2012-09-04,75.232177734375,75.48887624855222,75.16330635274514,75.4826139111048,3788800
2012-09-05,75.26351165771484,75.63291329491693,75.1695956633912,75.22594717069175,817600
2012-09-06,74.931640625,75.08190327233365,74.88781382049588,75.03807646782953,2078500
2012-09-07,75.08822631835938,75.52023715258512,75.06944406935257,75.50771246873572,2192700
2012-09-10,75.08192443847656,75.13827593258972,74.95670632652588,75.08818677710353,1075900
2012-09-11,75.14458465576172,75.20719853113178,75.0068465495445,75.13206474674854,2641500
2012-09-12,74.99424743652344,75.02555434313825,74.86276702691512,74.99424743652344,1334800
2012-09-13,75.39498901367188,75.50142490700244,74.91289393538507,75.14454796477915,3618500
2012-09-14,74.94416809082031,75.1946090461782,74.73129638366267,75.1946090461782,3164800
2012-09-17,75.20092010498047,75.34492052329085,75.08195949934118,75.15083092610423,898100
2012-09-18,75.43257141113281,75.53900732299728,75.33239306342519,75.43882897528965,1563000
2012-09-19,75.5577621459961,75.72054951355554,75.53897990680939,75.65167811869442,1237400
2012-09-20,75.4951400756836,75.79566540439492,75.47635783973463,75.74558103411903,1165200
2012-09-21,75.63285064697266,75.67041510288048,75.4137119161451,75.4638010418635,1305900
2012-09-24,75.74557495117188,75.77687708298502,75.65791656250973,75.73931261410381,1191700
2012-09-25,75.8958740234375,75.8958740234375,75.65169530500897,75.76439354249644,3287800
2012-09-26,76.10871124267578,76.11497357990402,75.88331487009667,75.92088411670233,1162900
2012-09-27,76.07120513916016,76.22146791058215,76.02737829846343,76.08372504645891,1720200
2012-09-28,76.24024963378906,76.32790809134497,76.10876911260623,76.2277297265767,2519100
2012-10-01,76.4437255859375,76.47513154761515,76.2490220407916,76.41860177497078,3318000
2012-10-02,76.46890258789062,76.49402641633323,76.34956560075834,76.36840727412022,2188900
2012-10-03,76.51912689208984,76.51912689208984,76.33070063221582,76.4060720945412,6193600
2012-10-04,76.45629119873047,76.57562331302297,76.41860308569547,76.45629119873047,1710500
2012-10-05,76.33697509765625,76.43118821810528,76.31185127941129,76.35581676337038,1711500
2012-10-08,76.53794860839844,76.59447359649884,76.45629980607197,76.53794860839844,715300
2012-10-09,76.61962127685547,76.76408205568373,76.40607597723354,76.40607597723354,3132200
2012-10-10,76.75772094726562,76.85193398508031,76.47508662569575,76.55673536946892,2418400
2012-10-11,77.00899505615234,77.05924267528215,76.64470700527635,76.66354866448086,2165200
2012-10-12,77.09691619873047,77.22881258828157,77.04039122829832,77.10319834829274,1712000
2012-10-15,77.33563232421875,77.34819663100394,77.084403691063,77.12208702766056,2144800
2012-10-16,77.28539276123047,77.37960110673295,77.21002129294925,77.29167012301114,2177900
2012-10-17,77.13459014892578,77.34814008123514,77.10318898867844,77.2664865224659,6454900
2012-10-18,76.99011993408203,77.25391263204398,76.93987233679177,77.22878883339884,1541400
2012-10-19,77.12834930419922,77.26024574017848,77.0027302281158,77.06553737021862,1716000
2012-10-22,76.94617462158203,77.07178885580689,76.91476866708788,76.96501627752818,2030300
2012-10-23,77.078125,77.09696666914513,76.85829754017462,76.87713920931975,1188600
2012-10-24,76.87083435058594,77.10322604912022,76.85827483882525,77.00901293934265,2842400
2012-10-25,76.6509780883789,76.8959292064235,76.62585428244151,76.77659232618987,1511200
2012-10-26,77.02784729003906,77.04041159248474,76.76405444120816,76.8582675420413,1206500
2012-10-31,77.26651763916016,77.36701289292427,77.05925456405723,77.21627480415555,1286500
2012-11-01,76.9273681640625,77.10950744946433,76.87083837848277,76.99645267018295,1953700
2012-11-02,76.77661895751953,76.93363920518651,76.64472252450459,76.87083206449525,1940300
2012-11-05,76.81431579589844,76.94621224388712,76.78919197839419,76.78919197839419,2073200
2012-11-06,76.4437255859375,76.77033033662795,76.40604226542591,76.69495890372778,1459400
2012-11-07,76.60075378417969,76.90851211477288,76.60075378417969,76.8833930930684,1585400
2012-11-08,76.525390625,76.62588589020335,76.37465251907298,76.56307874539026,3176500
2012-11-09,76.33697509765625,76.51911918602346,76.23647982467641,76.43118821810528,2850300
2012-11-12,76.3494644165039,76.48764289387319,76.31178111972099,76.33690491486759,991500
2012-11-13,76.38094329833984,76.61333503146271,76.34325996557126,76.53168142129273,1849500
2012-11-14,76.53794860839844,76.58191408532463,76.23646762956344,76.23646762956344,2445600
2012-11-15,76.3871841430664,76.44370911165218,76.32437223324762,76.33065438260468,2218400
2012-11-16,76.41232299804688,76.53165510807798,76.37463488635773,76.39347654626386,2181100
2012-11-19,76.6509780883789,76.66981974486295,76.3432198514288,76.3557793584595,2385000
2012-11-20,76.41232299804688,76.65099200998598,76.39347654626386,76.61330869017372,3229500
2012-11-21,76.46890258789062,76.50030857141395,76.34328823755791,76.39981325764354,2263700
2012-11-23,76.50021362304688,76.58814451752025,76.46880767850308,76.50021362304688,929000
2012-11-26,76.6258773803711,76.73893214523035,76.5693523938802,76.6258773803711,2412300
2012-11-27,76.66987609863281,76.72012374744055,76.6070689335629,76.6070689335629,2243300
2012-11-28,76.65733337402344,76.814353717033,76.63848690768259,76.72642270829809,1479700
2012-11-29,76.71380615234375,76.75777162676901,76.65728116745868,76.71380615234375,1052700
2012-11-30,76.70751190185547,76.85825475485981,76.68867024319906,76.80172498701404,2129200
2012-12-03,76.79258728027344,76.85558786760866,76.56578132055725,76.69178730186442,3859100
2012-12-04,76.8619155883789,76.92491619720565,76.79261347667799,76.88711679323727,2387600
2012-12-05,77.0194091796875,77.05720857858414,76.8745034728542,76.93120737783687,1943900
2012-12-06,77.00678253173828,77.16428637780066,76.98787803263662,77.06978310883605,2737400
2012-12-07,76.82406616210938,76.91856461049971,76.81776466333827,76.89336822868577,1947300
2012-12-10,76.89336395263672,76.95636451693855,76.84296157854126,76.92486183147015,2290200
2012-12-11,76.60984802246094,76.87445325516133,76.58464683744644,76.86185506597135,2365400
2012-12-12,76.37677764892578,76.73588627505826,76.32637525766312,76.60357879633462,2390900
2012-12-13,76.25703430175781,76.37043722097701,76.1499328798936,76.25073280440282,3635100
2012-12-14,76.31375122070312,76.41455597544171,76.29485153084846,76.33265571719306,2844200
2012-12-17,76.0680160522461,76.35782239944484,76.0680160522461,76.32002303443778,1983300
2012-12-18,75.87904357910156,76.16254853886561,75.79084182243562,76.14995034789986,2278500
2012-12-19,76.17515563964844,76.20035202293714,76.01135030845893,76.01135030845893,3112200
2012-12-20,76.25077819824219,76.38938238276148,76.19407910819538,76.30748209492599,2545200
2012-12-21,76.38306427001953,76.43976815437149,76.28856100052357,76.35156638461152,2649700
2012-12-24,76.33269500732422,76.40829380565528,76.26968959986469,76.28229260401169,1902500
2012-12-26,76.44136810302734,76.54879054229376,76.42872733308943,76.53615459339701,1642000
2012-12-27,76.68782043457031,76.72573310741811,76.44137841897592,76.46033475539983,1556900
2012-12-28,76.85843658447266,76.85843658447266,76.71942183590407,76.7762908483582,1894500
2012-12-31,76.4539566040039,76.77622854283985,76.39708763770012,76.71935957653606,1867700
2013-01-02,76.63089752197266,76.65617422802868,76.34022263388655,76.43500907633694,4058400
2013-01-03,76.21385955810547,76.57404425646925,76.18226246379437,76.54876754522833,3207900
2013-01-04,76.1759262084961,76.23911555891311,75.99267371755984,76.18856215016413,4663300
2013-01-07,76.30235290527344,76.33395001087646,76.1506974046701,76.26444023538296,3832600
2013-01-08,76.37185668945312,76.42241012603552,76.30866730424567,76.33394402253687,2534900
2013-01-09,76.34661102294922,76.4603538910007,76.32765468178114,76.44771793723632,1867600
2013-01-10,76.38447570800781,76.44134951681758,76.22649986948286,76.23282025291506,1439900
2013-01-11,76.52349090576172,76.5298112888378,76.24545672393012,76.30232570849576,758200
2013-01-14,76.37185668945312,76.58038599957466,76.35290035599499,76.58038599957466,1569400
2013-01-15,76.30864715576172,76.54876868456493,76.25177334936319,76.45398222126057,3042900
2013-01-16,76.30864715576172,76.422389947519,76.27705006098034,76.35919575795623,4199900
2013-01-17,76.1759262084961,76.21383885453862,76.01795042193433,76.18856215016413,2225700
2013-01-18,76.25179290771484,76.32762306201649,76.13173452303852,76.18228313819858,2704400
2013-01-22,76.25179290771484,76.32130267723109,76.06854031726664,76.15700642009804,1730300
2013-01-23,76.34661102294922,76.42244120866454,76.30869834061306,76.3655673641173,2446600
2013-01-24,76.2391586303711,76.33394512006565,76.1949255779858,76.30866840141103,1873600
2013-01-25,75.89158630371094,76.10643593530678,75.84735326500586,76.10643593530678,2434600
2013-01-28,75.82838439941406,75.8473407241477,75.19648119608561,75.63881150999998,2434200
2013-01-29,75.6577377319336,75.859946470817,75.58822802597025,75.68300960588698,1424100
2013-01-30,75.40501403808594,75.57562578993591,75.33550429669248,75.44292668937724,3009300
2013-01-31,75.46192932128906,75.49984681688706,75.34818647657919,75.46824970739574,2804100
2013-02-01,75.26602935791016,75.84285573133414,75.25969411402886,75.70974306886646,4589000
2013-02-04,75.51959991455078,75.62102187702574,75.41184270647015,75.41818278814118,2581400
2013-02-05,75.36743927001953,75.48153651051425,75.34842386928095,75.38011459182417,2814700
2013-02-06,75.56394958496094,75.6083204720617,75.40548144016333,75.48154789064921,1970200
2013-02-07,75.58931732177734,75.74778549226325,75.50057553319043,75.506915614108,1680000
2013-02-08,75.7541275024414,75.7541275024414,75.53860827033819,75.68440111876669,1496700
2013-02-11,75.71607971191406,75.76045060022322,75.69072906379235,75.73509995210152,749100
2013-02-12,75.63999938964844,75.71606098733176,75.53224223555512,75.53857747798678,1520200
2013-02-13,75.4625244140625,75.53858602034732,75.3864579717142,75.3864579717142,2317800
2013-02-14,75.6717300415039,75.7224410240946,75.47523102904677,75.48157111088697,3180500
2013-02-15,75.63999938964844,75.69704558791092,75.5575928774076,75.67169010999551,1363600
2013-02-19,75.6209945678711,75.81115342474118,75.56394352556555,75.6653654514138,1842300
2013-02-20,75.74778747558594,75.76046280168819,75.53227307939333,75.53227307939333,1369800
2013-02-21,75.86820983886719,75.95061153240562,75.81749887235249,75.86186975903686,3578100
2013-02-22,75.91893768310547,75.96964866412415,75.85555137486476,75.91260243752713,1914300
2013-02-25,76.3689956665039,76.40068640428132,75.69075197642778,75.69708722234391,2643500
2013-02-26,76.27392578125,76.43872925017855,76.22955487252825,76.26758569827079,1574100
2013-02-27,76.24855041503906,76.43237408500082,76.17248394731055,76.39433843310401,941400
2013-02-28,76.27392578125,76.31195660699254,76.13447297210557,76.31195660699254,2231100
2013-03-01,76.44813537597656,76.48628476758878,76.29552810724087,76.37819159059188,1363700
2013-03-04,76.39090728759766,76.44813622679631,76.3273233504885,76.42270168172395,1733400
2013-03-05,76.26371765136719,76.39724533653705,76.20648872849893,76.3908854892979,1395400
2013-03-06,76.0411148071289,76.18100224415106,76.009325294894,76.07290917050258,1014700
2013-03-07,75.79320526123047,75.92037798265753,75.79320526123047,75.85043419865846,1964000
2013-03-08,75.52616119384766,75.6851234812067,75.4435025508328,75.5833901398918,2526900
2013-03-11,75.57707214355469,75.64065612348138,75.52620301915465,75.52620301915465,2632500
2013-03-12,75.72958374023438,75.77409295785736,75.63420545928773,75.65963999094956,3172900
2013-03-13,75.65967559814453,75.73597922904027,75.59609166463632,75.59609166463632,1958600
2013-03-14,75.69144439697266,75.74866846243796,75.55155687986878,75.5579167264121,1669600
2013-03-15,75.79320526123047,75.85043419865846,75.65332254437564,75.65332254437564,1188500
2013-03-18,75.97760009765625,75.99667479258957,75.87586677429742,75.92673586154842,1665700
2013-03-19,76.10474395751953,76.18740255460159,76.0284403555767,76.04115519699651,1354600
2013-03-20,75.8822021484375,76.03480937072571,75.87584715253193,75.93943106958106,1905100
2013-03-21,75.95850372314453,76.04752217485513,75.86948527143394,76.03480733224295,1854000
2013-03-22,75.96487426757812,76.0602525795971,75.88221079996187,75.92036503545494,997900
2013-03-25,75.96487426757812,76.03481803964922,75.82498672343596,75.90129034327964,1089700
2013-03-26,76.01573944091797,76.02845428466725,75.83134267412902,75.8440575178783,918000
2013-03-27,76.28280639648438,76.33367548148574,76.0793349076219,76.0793349076219,1847200
2013-03-28,76.23827362060547,76.26370815525298,76.13018048670956,76.13653548201536,1874300
2013-04-01,76.1285629272461,76.39006098871432,76.08391667938196,76.16682974939363,5877400
2013-04-02,76.12220001220703,76.19873853917913,76.07755375465925,76.1732256968551,1319200
2013-04-03,76.42832946777344,76.42832946777344,76.21147279719892,76.2306062074693,1421000
2013-04-04,76.83654022216797,76.84929420949852,76.51125758535557,76.51125758535557,2660900
2013-04-05,77.07252502441406,77.20646865400973,77.00874535598747,77.07252502441406,3268500
2013-04-08,77.1426773071289,77.2000824098972,77.1044104826676,77.17456957156422,2276800
2013-04-09,77.21923065185547,77.28938975422594,77.16183040413996,77.18733838129533,3157000
2013-04-10,77.01514434814453,77.14270371740383,76.95774409180126,77.04703662349837,2181600
2013-04-11,77.0661392211914,77.1618111429128,77.02149297319825,77.0980266177145,1496900
2013-04-12,77.44884490966797,77.49349117084347,77.20648018701209,77.3021472709042,1358900
2013-04-15,77.47438049316406,77.5126473379524,77.37870851511425,77.42973421888468,1024800
2013-04-16,77.3340072631836,77.41054576442711,77.32125327934742,77.3340072631836,1629800
2013-04-17,77.4424819946289,77.57642080671432,77.37870230307566,77.37870230307566,1373200
2013-04-18,77.51261138916016,77.59552933585115,77.46158570905442,77.46158570905442,1656700
2013-04-19,77.62745666503906,77.66572351176308,77.47438441206386,77.57005639495306,877900
2013-04-22,77.65292358398438,77.6911904080723,77.60189790781625,77.65292358398438,1271500
2013-04-23,77.75495147705078,77.8697519146784,77.69116696804676,77.75495147705078,1659700
2013-04-24,77.786865234375,77.83789091244543,77.69119330451207,77.72308556982522,1366900
2013-04-25,77.74224090576172,77.82515400645015,77.70397406945595,77.75499976191554,1067100
2013-04-26,78.0228500366211,78.03560402223258,77.90804470181311,77.90804470181311,1294500
2013-04-29,78.02922821044922,78.1631718289925,78.00372023804479,78.1567924028532,875700
2013-04-30,77.8952865600586,78.17592290683052,77.8761531484289,78.01647132181488,2347500
2013-05-01,78.24199676513672,78.29317412701661,78.01170351721902,78.01170351721902,4063500
2013-05-02,78.24199676513672,78.29957251738706,78.10126146023792,78.10126146023792,1799000
2013-05-03,77.50639343261719,77.97337374255973,77.49999503807763,77.97337374255973,2882200
2013-05-06,77.4935531616211,77.65987716250955,77.45517257700926,77.5959078946424,1839300
2013-05-07,77.4360122680664,77.57034924676566,77.39762678804935,77.4360122680664,3886100
2013-05-08,77.50639343261719,77.57675625037227,77.37844994455105,77.41683055069838,2379000
2013-05-09,77.34004211425781,77.66629179330337,77.34004211425781,77.49996775763695,825800
2013-05-10,76.9370346069336,77.31446170360147,76.79630412534853,77.31446170360147,2808200
2013-05-13,76.73870086669922,76.86664427760593,76.70032028369825,76.78347984038105,2498400
2013-05-14,76.53396606445312,76.96256534050546,76.5147757805314,76.91139287689425,2325000
2013-05-15,76.80266571044922,76.86024146217821,76.55318217422118,76.84744468155318,2081600
2013-05-16,77.15451049804688,77.24406844783287,76.94340752474751,76.94340752474751,2916500
2013-05-17,76.82190704345703,77.11617462685041,76.78992483172823,77.08418753457656,909500
2013-05-20,76.73226928710938,76.96256244659098,76.68109682542233,76.91138998490395,2097100
2013-05-21,77.02020263671875,77.02660102998709,76.59160301807749,76.70674969418722,2007700
2013-05-22,76.41246795654297,77.14812686814825,76.40607444500799,77.03298021345749,2886300
2013-05-23,76.48925018310547,76.64277746162124,76.27175361192013,76.59160495581212,2568500
2013-05-24,76.43807220458984,76.64277686787311,76.41888190499206,76.5340285831229,1090900
2013-05-28,75.70240020751953,76.43805914317447,75.69600669577552,76.33570926929404,1683700
2013-05-29,75.67042541503906,75.85593976518584,75.58086743642252,75.74719148837201,3574100
2013-05-30,75.76636505126953,75.8687149125626,75.64482001547523,75.6895989948927,1759000
2013-05-31,75.38894653320312,75.77276709723522,75.15225970699736,75.68960752053364,4297500
2013-06-03,75.19065856933594,75.55640914389248,75.03024156478415,75.2355751347889,10863900
2013-06-04,74.8955307006836,75.23561414337561,74.88911264642309,75.04311167988831,3726500
2013-06-05,74.78642272949219,75.075171430625,74.74150615608175,74.95325291899414,4575200
2013-06-06,75.10726928710938,75.37035071925716,74.70301516364157,74.79926637854058,2500000
2013-06-07,74.81206512451172,75.20348297184879,74.68373349069611,75.00456747077317,3159800
2013-06-10,74.58110809326172,74.74152516703619,74.47843881618658,74.57469003955937,2911100
2013-06-11,74.43994140625,74.46560872590538,73.93944091182175,74.11268920006974,3983700
2013-06-12,74.18324279785156,74.49765876797991,74.1126589215213,74.30516129251994,3469000
2013-06-13,74.97892761230469,75.01743103297467,74.29876089212605,74.33084136455459,2474400
2013-06-14,74.92756652832031,75.17140348949668,74.90831727255124,75.03023575313944,1283900
2013-06-17,74.81851196289062,75.14576411923716,74.78643148986208,75.01743243604318,1868600
2013-06-18,74.67091369628906,74.7928272983826,74.53616399152962,74.61316102537,1748400
2013-06-19,73.61216735839844,74.79283434691308,73.58008199424867,74.75433582636477,2823000
2013-06-20,72.59833526611328,73.07958638634766,72.37375238911181,73.0667551771788,6649600
2013-06-21,72.0015869140625,72.81650825575139,71.99516886142014,72.67534047085789,4107600
2013-06-24,71.53314208984375,71.93097306829092,71.16739157017001,71.50105673553259,6063600
2013-06-25,71.77056121826172,72.16839712068554,71.64864763334741,71.98873087299029,3653200
2013-06-26,72.31597900390625,72.50848135509966,72.19406541731938,72.3480643609512,2010000
2013-06-27,72.97048950195312,73.01540606844522,72.66248669205122,72.66248669205122,1544800
2013-06-28,72.9255599975586,72.95764045619657,72.43147295826418,72.5918899380672,2960300
2013-07-01,73.11416625976562,73.34590727098707,72.79230428987184,72.79230428987184,2849900
2013-07-02,73.34593200683594,73.4939858126327,73.1656900287048,73.2622447232568,2214800
2013-07-03,73.1335220336914,73.43607325669547,73.10777247096479,73.32020268003916,2132000
2013-07-05,72.2065658569336,72.3739355785983,71.90401459857995,72.21300447617425,2500100
2013-07-08,72.79878234863281,72.79878234863281,72.44473691276826,72.44473691276826,3096700
2013-07-09,72.8631362915039,73.06912781791355,72.77301530565127,72.77301530565127,4037000
2013-07-10,72.65071868896484,73.03051363615431,72.61209680585438,72.90820936922911,2908800
2013-07-11,73.50686645507812,73.51330016086293,73.12706663106596,73.29443629476077,2179100
2013-07-12,73.30085754394531,73.70640191745902,73.21717027631378,73.59053139485158,2008800
2013-07-15,73.77080535888672,73.78368259544615,73.35238357278678,73.44250458379578,3308200
2013-07-16,73.6613998413086,73.77083183520507,73.57127879795519,73.72577131352837,1625900
2013-07-17,73.93817138671875,74.12485201775327,73.86092270487553,73.9510437114127,1248400
2013-07-18,73.74502563476562,73.99607762149823,73.65490466061674,73.99607762149823,1119900
2013-07-19,74.15061950683594,74.1634918346422,73.85450685501465,73.8802515106272,2734900
2013-07-22,74.31793975830078,74.33081698961267,74.21494646392937,74.23425739967246,2235900
2013-07-23,74.20201110839844,74.27282109147245,74.0346465222425,74.11189020470803,827300
2013-07-24,73.84159851074219,73.95103044029504,73.57123553964959,73.84803712754695,1960700
2013-07-25,73.75146484375,73.75146484375,73.46822468773206,73.50041285499766,2109200
2013-07-26,73.82869720458984,73.89306861368959,73.69994947516663,73.81581997603567,1022700
2013-07-29,73.7064437866211,73.82231437504916,73.66782189422088,73.73219335196372,2211900
2013-07-30,73.72573852539062,73.88666958998328,73.61630658016195,73.84804770607347,1331900
2013-07-31,73.73217010498047,73.80298015954013,73.19143922572715,73.30730977762245,2282100
2013-08-01,73.14459228515625,73.57720831117499,73.04128327468415,73.57720831117499,1845700
2013-08-02,73.5062026977539,73.59014652747214,73.36415338261743,73.38352351985053,1772000
2013-08-05,73.22854614257812,73.49973787435906,73.20917108206777,73.40288227692864,3111500
2013-08-06,73.27375030517578,73.3512308479546,73.14460785674326,73.19626483611627,1047200
2013-08-07,73.43516540527344,73.51910429145302,73.34476323963689,73.35767994599071,946000
2013-08-08,73.59012603759766,73.71926353404969,73.53846906850495,73.55138577391799,960900
2013-08-09,73.59012603759766,73.6611531385302,73.44807183573258,73.62240794857081,539600
2013-08-12,73.5513687133789,73.72570478577917,73.51262353240664,73.66113605253014,1042800
2013-08-13,73.02838134765625,73.22855090904966,72.96381258725994,73.14460708688188,1221600
2013-08-14,72.90567779541016,73.06064375378466,72.87984931463457,72.97669995969427,1723700
2013-08-15,72.38915252685547,72.58931719039863,72.31166704760585,72.3762358171732,1793800
2013-08-16,72.02754211425781,72.45369980803711,71.90485804006867,72.36330257219666,2469000
2013-08-19,71.6336669921875,71.95651567352776,71.62720863920232,71.87903021654533,4884400
2013-08-20,72.07276916503906,72.15024972559434,71.85968777094841,71.85968777094841,2100500
2013-08-21,71.64009094238281,72.09854021638213,71.60135069297134,71.93711594213046,2310800
2013-08-22,71.96942901611328,71.99525750233498,71.70469565333084,71.70469565333084,2507700
2013-08-23,72.45366668701172,72.46012503698509,71.91773694360646,71.95002376719574,2327600
2013-08-26,72.60222625732422,72.62159639352721,72.48600051382542,72.5247407862314,1385700
2013-08-27,72.91220092773438,72.94448779114107,72.60872214633274,72.64746736767752,2398500
2013-08-28,72.925048828125,72.925048828125,72.67322729529118,72.79590642264672,2488300
2013-08-29,72.99608612060547,73.00899789981816,72.65386239297233,72.73780619983393,2273100
2013-08-30,72.99608612060547,73.15105210255649,72.84111521237469,72.96379928315412,1668800
2013-09-03,72.70848083496094,72.72791388655656,72.23559343852853,72.55301147991428,5473600
2013-09-04,72.44287109375,72.7926807698077,72.41695871675158,72.7278973561714,2335000
2013-09-05,71.84689331054688,72.17726496063929,71.73029009807897,72.15783191560797,2703800
2013-09-06,71.95055389404297,72.32627598928565,71.8987291342272,72.17080665211945,1960600
2013-09-09,72.13835906982422,72.29382828657805,72.08005502461823,72.20313749828188,1615600
2013-09-10,71.82097625732422,72.11248179836261,71.78858455619564,71.93110013351387,2115900
2013-09-11,72.15782165527344,72.15782165527344,71.78857902534207,71.97644000439898,2301300
2013-09-12,72.10600280761719,72.39751329230148,72.05418300476018,72.29386380202803,1860200
2013-09-13,72.1513442993164,72.25499378395178,72.11247821371788,72.12543192815757,1255400
2013-09-16,72.23553466796875,72.83798348869135,72.19018927037791,72.82502483664959,2311100
2013-09-17,72.4299087524414,72.44934179863228,72.26796011114374,72.34569723818754,1020100
2013-09-18,73.49227142333984,73.66069934824509,72.17724960500347,72.35863124308035,5100000
2013-09-19,73.02590942382812,73.56357534760909,72.9805639858639,73.45993075038317,5030300
2013-09-20,73.09068298339844,73.25910606031219,73.0388582171411,73.15546147007925,1089700
2013-09-23,73.5246810913086,73.53763480764651,73.1295260222196,73.1295260222196,3719000
2013-09-24,73.71253967285156,73.80323051106762,73.45990020320968,73.6024157896292,2576200
2013-09-25,73.93926239013672,73.96517476270407,73.60888581775262,73.6671898915991,1931100
2013-09-26,73.7579116821289,73.81621083816499,73.67370014264952,73.67370014264952,921300
2013-09-27,73.6996078491211,73.75143261619426,73.62835497224775,73.68665412849371,1194100
2013-09-30,73.53765869140625,73.70608671218281,73.47288020411736,73.58948345815008,1800800
2013-10-01,73.46356964111328,73.5545538487199,73.39208134109845,73.48306554870507,3172400
2013-10-02,73.68448638916016,73.80146672394642,73.5610107278546,73.56750605437391,910300
2013-10-03,73.72352600097656,73.84700173406844,73.62604150560175,73.62604150560175,1411600
2013-10-04,73.6520004272461,73.71698840518393,73.56101626648015,73.62600424441798,569300
2013-10-07,73.781982421875,73.88596716169816,73.71699443861817,73.73649033776869,1374600
2013-10-08,73.76898956298828,73.84047783471969,73.61951273347749,73.74949366310982,1667900
2013-10-09,73.61304473876953,73.78201754228095,73.57405292190829,73.71702952808968,1017300
2013-10-10,73.7170181274414,73.75600993827238,73.45056086471799,73.49605296344309,1978400
2013-10-11,73.814453125,73.96392493848558,73.78195666558301,73.8794410855704,3275900
2013-10-14,73.58700561523438,73.85345778751335,73.5090170739929,73.76897391986674,525100
2013-10-15,73.59999084472656,73.81445558419118,73.56749438422693,73.80795530043851,1430400
2013-10-16,74.14592742919922,74.18492419014903,73.57402617068236,73.60652264509623,1395200
2013-10-17,74.69181823730469,74.7373103148179,74.30838076260933,74.35387779838713,2697900
2013-10-18,74.78933715820312,74.91281287794385,74.73084448399595,74.80233277565647,1071200
2013-10-21,74.59432220458984,74.85427901780703,74.56832602744174,74.74379898362545,1031400
2013-10-22,75.04930877685547,75.0558041077162,74.90633216563386,74.93882369474106,1372100
2013-10-23,75.02976989746094,75.17274643624695,75.00377867065014,75.04277046913165,1514800
2013-10-24,74.95181274414062,75.15327705172726,74.91281597363538,75.10128466323165,1500200
2013-10-25,74.94528198242188,75.08175822802978,74.93228636971567,74.93878169693625,708700
2013-10-28,75.01677703857422,75.0752647384441,74.89979668056895,74.906296966643,2958700
2013-10-29,75.1207275390625,75.12722782260245,74.90626776487997,74.96475544194878,1584300
2013-10-30,74.97130584716797,75.22476253377376,74.789337452504,75.12077776067042,1436200
2013-10-31,74.86734771728516,75.06231675710457,74.79585939990261,75.02982026437846,1072800
2013-11-01,74.66523742675781,74.93909353031283,74.52178757022534,74.86084679729163,1965300
2013-11-04,74.68473052978516,74.84774067893136,74.67168693203548,74.76297719225832,772400
2013-11-05,74.3652572631836,74.54782789622725,74.28048877307286,74.54782789622725,1264700
2013-11-06,74.45002746582031,74.48914832650738,74.38482437311619,74.48263149951093,1060000
2013-11-07,74.59999084472656,74.6521503283422,74.4695796989961,74.57390861558048,1337000
2013-11-08,73.86967468261719,74.01312439990721,73.86315288419274,73.9935639793085,1634000
2013-11-11,73.74578094482422,73.86314843602301,73.68709968656198,73.82402759718153,1241500
2013-11-12,73.79795837402344,73.8240405960684,73.68059086215865,73.70667308420362,2301900
2013-11-13,73.96747589111328,74.05223936520674,73.87619061911286,73.89575103815949,4339700
2013-11-14,74.37176513671875,74.42392958978785,74.11095282072536,74.16311229911841,1355100
2013-11-15,74.37176513671875,74.4304513900905,74.2870016314885,74.38480873732405,1451200
2013-11-18,74.70429229736328,74.70429229736328,74.41087601348487,74.41087601348487,3003900
2013-11-19,74.44351196289062,74.63260443000587,74.44351196289062,74.56740133178484,914200
2013-11-20,74.12396240234375,74.61951456297373,74.01963353708518,74.42390042795098,1881300
2013-11-21,74.26741790771484,74.28697832781067,73.89575500187053,74.06528195915074,3320600
2013-11-22,74.52823638916016,74.52823638916016,74.33262223551266,74.35218265594249,1190900
2013-11-25,74.65866088867188,74.68474311389102,74.50868933733072,74.50868933733072,1189200
2013-11-26,74.80863189697266,74.84123094725311,74.67169897189719,74.67169897189719,1044500
2013-11-27,74.82164764404297,74.86076848228788,74.51518781199312,74.72384057375642,2387900
2013-11-29,74.76300048828125,74.82168177241488,74.55434265666872,74.57390805938978,741200
2013-12-02,74.40841674804688,74.70277771912515,74.40187395137868,74.63736472451792,5714000
2013-12-03,74.59811401367188,74.66352700484858,74.49999203156116,74.49999203156116,1164500
2013-12-04,74.35610961914062,74.38881862290316,74.19257458171451,74.19257458171451,1705000
2013-12-05,74.192626953125,74.30382965930461,74.07488144343576,74.17300353329293,1234400
2013-12-06,74.34953308105469,74.36915647681275,74.14020355112689,74.19907872909175,737400
2013-12-09,74.46075439453125,74.47383499809912,74.3495517967825,74.3495517967825,590100
2013-12-10,74.76167297363281,74.77475357978842,74.56542894644808,74.68317436462034,1171600
2013-12-11,74.55236053466797,74.76168520224712,74.53273712687833,74.70280998818444,1087800
2013-12-12,74.42807006835938,74.51964929576377,74.38228045465718,74.48040248136006,877300
2013-12-13,74.63082885742188,74.65699505583265,74.45421325651424,74.56541585674098,904000
2013-12-16,74.68974304199219,74.80094570027033,74.61124440578104,74.75515607682082,1593500
2013-12-17,74.91212463378906,74.91212463378906,74.6308441814826,74.6308441814826,1500800
2013-12-18,74.91212463378906,75.16070107438593,74.59814016977302,74.7878414041837,1946900
2013-12-19,74.8009033203125,74.89902531230979,74.68315792805411,74.69624352202273,2493300
2013-12-20,75.14759826660156,75.14759826660156,74.90556967074708,75.00369166478978,1269700
2013-12-23,75.02984619140625,75.25225635747962,75.0233083855596,75.10834477778947,1204900
2013-12-24,75.0102310180664,75.22609841127354,74.90557121543667,74.91210902200025,1003500
2013-12-26,74.95642852783203,75.05484921116411,74.91049954306158,74.91049954306158,2268000
2013-12-27,74.89083099365234,74.95644312669134,74.82521886061333,74.8514647150059,2463600
2013-12-30,75.1139144897461,75.12047219860204,74.9301935182027,74.9301935182027,2790000
2013-12-31,74.92364501953125,75.12048143298315,74.81209887876807,74.99581987289585,1658600
2014-01-02,75.06794738769531,75.10075093297512,74.87110609248816,74.98920986843603,1887700
2014-01-03,75.17950439453125,75.28448276992287,74.94329679254618,74.94329679254618,1695800
2014-01-06,75.34354400634766,75.38291027495428,75.22544019464415,75.28448959755411,1171700
2014-01-07,75.28450012207031,75.4157293789105,75.23201342521854,75.40260395028433,1086500
2014-01-08,74.96302795410156,75.14674398315667,74.8974158017085,75.12706083802739,1067000
2014-01-09,75.13363647460938,75.13363647460938,74.91711182918215,75.0614615928003,1216000
2014-01-10,75.5404052734375,75.61914284250717,75.38293514118341,75.39606057230431,1736900
2014-01-13,75.68474578857422,75.75035791855441,75.56664195225599,75.60601323495183,2109900
2014-01-14,75.46166229248047,75.65194097038288,75.45509957782603,75.58632383560756,1529100
2014-01-15,75.48131561279297,75.51411916133752,75.28447429799533,75.32384556448442,1495000
2014-01-16,75.65852355957031,75.66508627638291,75.56666554773868,75.59947412591549,1372300
2014-01-17,75.74380493164062,75.74380493164062,75.52728038391137,75.57977209352178,1766000
2014-01-21,75.6388168334961,75.71755439304111,75.6322541187295,75.6322541187295,1114100
2014-01-22,75.455078125,75.6453567488038,75.44851541221142,75.56006150608478,1687800
2014-01-23,75.74380493164062,75.84878334497651,75.58632980280937,75.59945523315446,1597600
2014-01-24,75.69135284423828,75.86850619955186,75.63229838854205,75.7766481625911,1681100
2014-01-27,75.54694366455078,75.84220069319663,75.54694366455078,75.63223891583247,1979600
2014-01-28,75.91439056396484,75.91439056396484,75.6519420446749,75.71755417449738,2420900
2014-01-29,76.06529235839844,76.10465862962427,75.8356474331079,75.92750540322412,2105500
2014-01-30,76.10465240478516,76.12433553878812,75.89469063228096,75.99967402147482,1821900
2014-01-31,76.33432006835938,76.33432006835938,76.1178005238936,76.14404637901657,1427400
2014-02-03,76.82656860351562,76.83315100731342,76.22770040139456,76.26718478237531,6064600
2014-02-04,76.45803833007812,76.56333169184296,76.4053891387441,76.55675430860364,2015000
2014-02-05,76.21454620361328,76.34616919337732,76.1948040103746,76.3395867886632,3226900
2014-02-06,76.14217376708984,76.22772998695827,76.08952957898418,76.17508077794768,853500
2014-02-07,76.3790512084961,76.4514425787162,76.19478409190033,76.22769108596488,1076900
2014-02-10,76.4119644165039,76.41854682003259,76.26059926076108,76.29350625750166,1048800
2014-02-11,76.25402069091797,76.29350506966972,76.14872231970972,76.25402069091797,2288900
2014-02-12,76.023681640625,76.15530460443016,75.9841972619348,76.14213979759829,971500
2014-02-13,76.33960723876953,76.40541624082884,76.24089122522805,76.36593184377426,1125500
2014-02-14,76.48439025878906,76.48439025878906,76.3264476492466,76.41858125655513,1063900
2014-02-18,76.64228820800781,76.76732875402328,76.53041246731088,76.56989684146224,1034400
2014-02-19,76.55674743652344,76.8002411380056,76.51068065346713,76.8002411380056,1556900
2014-02-20,76.45803833007812,76.54358950031852,76.33958016002816,76.46462073422069,1148800
2014-02-21,76.53700256347656,76.56332213495504,76.36589522345075,76.37905500918998,711000
2014-02-24,76.57648468017578,76.64229364873378,76.49093352314064,76.609391674906,703600
2014-02-25,76.87266540527344,76.87266540527344,76.63574898507261,76.75420719517302,787300
2014-02-26,77.12273406982422,77.12931145421545,76.85949308795541,76.86607549325076,898200
2014-02-27,77.25432586669922,77.28723286111878,77.16877471047174,77.1885168987625,964900
2014-02-28,77.20826721191406,77.23459180603945,77.01741767018224,77.14904064080916,1791900
2014-03-03,77.4102554321289,77.41685730737214,77.19904074614342,77.26504439130977,1292700
2014-03-04,76.99444580078125,77.25186360168854,76.99444580078125,77.21226241255096,1075900
2014-03-05,76.95480346679688,77.12641693212863,76.92840604359581,76.94160475519634,2869300
2014-03-06,76.72378540039062,76.81619148542995,76.6445830622163,76.65778177332737,1271000
2014-03-07,76.44658660888672,76.5653951821513,76.32777803562213,76.53239084233967,1473800
2014-03-10,76.3277816772461,76.4267896656495,76.31458296214487,76.36738285830526,1851400
2014-03-11,76.35419464111328,76.43999889045716,76.30799157827332,76.36079651744932,943800
2014-03-12,76.62481689453125,76.65782124293314,76.51921204400698,76.5654151103157,1303800
2014-03-13,76.89543914794922,76.93504033778503,76.4466071987026,76.4466071987026,1696400
2014-03-14,76.80963897705078,77.07365363767508,76.80963897705078,77.02745056849014,797800
2014-03-17,76.71060180664062,76.84921096151534,76.67759746872785,76.80300790989044,635800
2014-03-18,76.94821166992188,76.94821166992188,76.69079397293729,76.73039514608739,963500
2014-03-19,76.39372253417969,76.92176134781798,76.36072325567189,76.91515947781589,1286700
2014-03-20,76.4993667602539,76.53896792659694,76.3739563524962,76.38716009844627,2003400
2014-03-21,76.76335906982422,76.82276079827811,76.57194510744198,76.61154625974457,636100
2014-03-24,76.90861511230469,77.00102625417574,76.7304047750111,76.75680723900925,1061300
2014-03-25,76.93498992919922,76.96139238370945,76.75017778338079,76.75017778338079,1352800
2014-03-26,77.23204803466797,77.24524674990292,76.96142653267403,76.9746302836645,955000
2014-03-27,77.25181579589844,77.39702678055058,77.10000293855664,77.13960913894121,665500
2014-03-28,77.19246673583984,77.29807663483331,77.1132643473519,77.2386698077102,816300
2014-03-31,77.18585205078125,77.2056526433259,76.94163299263326,77.02084039856786,1695700
2014-04-01,76.99382781982422,77.13946221465288,76.98721174764967,77.07988726246121,3416600
2014-04-02,76.88796997070312,76.96078722007341,76.84163218023478,76.84163218023478,1236800
2014-04-03,77.03358459472656,77.12626015175287,76.95414623851583,76.95414623851583,1012200
2014-04-04,77.338134765625,77.47052705094085,77.2653174935687,77.27855470192351,989900
2014-04-07,77.52344512939453,77.5830201112573,77.4241484425173,77.44400676980489,1024500
2014-04-08,77.72868347167969,77.72868347167969,77.47051502009688,77.51685281780556,992600
2014-04-09,77.79483032226562,77.84116809062006,77.53666203422834,77.57638372884497,1675600
2014-04-10,77.9007568359375,78.13906682858757,77.70878461683392,77.76836464021571,1401500
2014-04-11,77.95366668701172,78.11253823200576,77.95366668701172,78.11253823200576,1258200
2014-04-14,78.00666809082031,78.06624811306284,77.91399254549945,78.01328921561137,908600
2014-04-15,78.17214965820312,78.26483024068456,77.96031914918352,78.00665691520538,1152500
2014-04-16,78.20527648925781,78.21189761532374,77.94710812752028,77.96034532921271,956300
2014-04-17,77.75511932373047,78.19202264317038,77.72863987554275,78.19202264317038,1510500
2014-04-21,77.86105346679688,77.97358735739734,77.78823623159909,77.92062844990086,652500
2014-04-22,77.9007568359375,77.94047348456634,77.71540574175157,77.74850126546275,1385000
2014-04-23,78.07292175292969,78.11925955675883,77.95376667873444,77.9603827575373,1778900
2014-04-24,78.0860824584961,78.11918302184843,77.91396861985035,77.94044806044484,1161000
2014-04-25,78.07292175292969,78.2913685135861,78.07292175292969,78.13911789405107,1051500
2014-04-28,77.98017883300781,78.16552988832996,77.91397769858922,78.07285436066888,1015500
2014-04-29,77.99343872070312,78.02653929754257,77.84780426331191,77.8544253887676,1359500
2014-04-30,78.21186828613281,78.29792269096207,77.9735583415191,78.08609219024292,2123200
2014-05-01,78.53987884521484,78.55315470221596,78.22120256012323,78.2610351963143,2193800
2014-05-02,78.7058334350586,78.79213914497969,78.30085152702226,78.36724092428359,862700
2014-05-05,78.50667572021484,78.76559796642381,78.50003525961817,78.67265177881994,1879800
2014-05-06,78.6394271850586,78.70582163755414,78.58631871432195,78.61287548228306,2251100
2014-05-07,78.6527328491211,78.72576271769604,78.53322988828819,78.65937330949713,1869200
2014-05-08,78.67263793945312,78.89172751391659,78.586332227628,78.72575148450846,3351200
2014-05-09,78.58633422851562,78.65936408852953,78.49338805489549,78.56641284972282,1148100
2014-05-12,78.38715362548828,78.47345933143309,78.32076423128564,78.42035085518265,1634400
2014-05-13,78.67926025390625,78.68589564661809,78.5398410291786,78.57303318829359,961600
2014-05-14,79.07096862792969,79.15063893466203,78.89835216260252,78.91163307965078,1359000
2014-05-15,79.21040344238281,79.37637948182469,79.07098417707404,79.19712758790963,755100
2014-05-16,79.11743927001953,79.24358265216344,79.0510498823806,79.07096619215372,821100
2014-05-19,79.04441833496094,79.30998098063993,78.9846693989059,79.23695112644855,726700
2014-05-20,79.04441833496094,79.2170348144302,78.97138848076955,78.97138848076955,1200100
2014-05-21,78.89836120605469,78.93155843729471,78.78549872413673,78.85852858071571,1397200
2014-05-22,78.87181091308594,78.91828399854322,78.79214059579355,78.90500307973461,605800
2014-05-23,78.95811462402344,79.03114448006114,78.89172522722178,78.96475508325949,582500
2014-05-27,79.23695373535156,79.23695373535156,78.87844491165882,79.04442093752473,1062700
2014-05-28,79.61537170410156,79.61537170410156,79.34317368008382,79.34317368008382,1430800
2014-05-29,79.38299560546875,79.754780198982,79.38299560546875,79.5755283600196,1325700
2014-05-30,79.39629364013672,79.46268810625995,79.23031760520189,79.31662838508743,1045400
2014-06-02,78.95556640625,79.28180523287674,78.92893943385288,79.15530425604005,2652700
2014-06-03,78.59602355957031,78.88896588669418,78.59602355957031,78.86899312342926,1431100
2014-06-04,78.55606079101562,78.71585303148115,78.54274731074796,78.70253447167121,1263600
2014-06-05,78.72254180908203,78.7957786815776,78.50283627113981,78.58938662975072,801000
2014-06-06,78.8889389038086,79.06870387079279,78.80904787807457,78.85565266959985,1112700
2014-06-09,78.72916412353516,78.78242820207458,78.6359545258622,78.75579616280487,1215400
2014-06-10,78.58270263671875,78.67591224884997,78.56272987405391,78.60933468011952,758800
2014-06-11,78.64263153076172,78.74915463230762,78.58270815901325,78.63597224955784,507500
2014-06-12,78.89562225341797,78.9621998216895,78.60267485757181,78.68257098722337,964800
2014-06-13,78.88233184814453,78.95556363898673,78.61601641760655,78.64930267170857,474700
2014-06-16,78.87565612792969,78.97552502851192,78.81573275576302,78.82905131826374,732400
2014-06-17,78.60932159423828,78.81571354680803,78.60266231461091,78.80905934672272,605200
2014-06-18,79.06207275390625,79.06207275390625,78.67591572683892,78.78909810663838,791400
2014-06-19,78.78244018554688,79.16193791366643,78.70254405558485,79.15527863295056,610700
2014-06-20,78.9355697631836,78.96886108792785,78.68257296557344,78.72251849163214,1151900
2014-06-23,78.92887878417969,79.08200661574865,78.88892819719335,79.02874255279396,833300
2014-06-24,79.2618179321289,79.26847213423595,78.95555193072236,79.14863046224231,777600
2014-06-25,79.34169006347656,79.51479578828655,79.32171730283356,79.51479578828655,827100
2014-06-26,79.48816680908203,79.57471713504933,79.38829792247817,79.38829792247817,698700
2014-06-27,79.4748306274414,79.63461775264173,79.4748306274414,79.5746944059784,729300
2014-06-30,79.40162658691406,79.53478173296806,79.34170321550951,79.52146825017995,857200
2014-07-01,79.0945053100586,79.34820409007536,79.08782755190006,79.25473585040407,5448400
2014-07-02,78.81410217285156,78.99436089765341,78.76069029378542,78.99436089765341,3278000
2014-07-03,78.7339859008789,78.78072002257053,78.55372717253613,78.6204894758617,648400
2014-07-07,78.87420654296875,78.9276184354609,78.7473545717095,78.79408870423052,1219200
2014-07-08,79.16796112060547,79.22137300922678,79.08784328767351,79.10787147249698,1296400
2014-07-09,79.29483032226562,79.3615977486662,79.02778099122128,79.12792194354316,836700
2014-07-10,79.2347183227539,79.42833258628663,79.21469013922254,79.40830440275526,524000
2014-07-11,79.4817123413086,79.52176869217871,79.34150492599187,79.34150492599187,1259300
2014-07-14,79.3148193359375,79.4016098107199,79.26808521972595,79.35487569450835,690900
2014-07-15,79.22804260253906,79.47506875760418,79.11454616384883,79.25474854581404,791400
2014-07-16,79.41497802734375,79.44168397025402,79.2413970388836,79.30815934934041,963800
2014-07-17,79.71538543701172,79.77546996524615,79.48838755630923,79.56850535425761,847900
2014-07-18,79.60858917236328,79.70873518094142,79.49509273967227,79.68202923907808,539300
2014-07-21,79.60858917236328,79.7621470646681,79.58856098937517,79.69538475682853,852600
2014-07-22,79.66864013671875,79.71537423888131,79.56849417676037,79.65528462545224,1017500
2014-07-23,79.76214599609375,79.81555787910487,79.72208963065417,79.75546823730798,1597800
2014-07-24,79.44837188720703,79.56186833885839,79.43502146086388,79.52181196619048,813400
2014-07-25,79.7554702758789,79.7554702758789,79.59523971638752,79.69538572618376,655400
2014-07-28,79.6619873046875,79.78883923323156,79.60190276609508,79.72207693691664,1290600
2014-07-29,79.73545837402344,79.8155762169474,79.63531234377814,79.8022206963074,787500
2014-07-30,79.36823272705078,79.5685247238615,79.24805854769177,79.50176242280362,1305800
2014-07-31,79.14789581298828,79.26806995920184,79.02104391041962,79.02772166677472,2121700
2014-08-01,79.5556869506836,79.59585819291173,79.0602228996364,79.09369723207804,2763600
2014-08-04,79.57575988769531,79.68288999422147,79.48872050732628,79.5891537051334,1779300
2014-08-05,79.65609741210938,79.66948611961269,79.34140914921959,79.45523104185172,2416200
2014-08-06,79.5155029296875,79.75654056081066,79.50210911226696,79.7498436521004,1799500
2014-08-07,79.72303771972656,79.75651714520406,79.53556519683603,79.63599836502543,1839200
2014-08-08,79.7029800415039,79.95071459542966,79.67619751338397,79.85697319288741,1048300
2014-08-11,79.73645782470703,79.86367356172659,79.68958967552801,79.76993726336853,770900
2014-08-12,79.6962890625,79.8168078938849,79.66281473104299,79.81011098429538,1927400
2014-08-13,79.85698699951172,79.89716335276026,79.67621128875362,79.70299382150405,2260600
2014-08-14,79.94400787353516,80.01096163149424,79.80340344934778,79.98417910666174,1694200
2014-08-15,80.22520446777344,80.46624204620389,80.01764631733082,80.05781754432138,1729500
2014-08-18,80.04442596435547,80.17163654800639,79.9841640177896,80.13146532245803,1624200
2014-08-19,79.99089050292969,80.19844872266921,79.87706858295931,80.17166619298585,1559000
2014-08-20,79.81008911132812,79.99086986298286,79.74983226627248,79.96408734021017,746700
2014-08-21,80.08463287353516,80.10471849525896,79.93063459324325,79.93733150323305,1817900
2014-08-22,80.18508911132812,80.2654316212895,79.90387500172211,80.08465586562934,1014500
2014-08-25,80.31224822998047,80.31224822998047,80.15825511258238,80.26538009317534,793300
2014-08-26,80.3658218383789,80.40599307185154,80.24530302971667,80.37921565503267,730100
2014-08-27,80.499755859375,80.53992710352458,80.35914628836011,80.41271135272333,1412400
2014-08-28,80.67378997802734,80.7474406236767,80.55996811047574,80.68048688442533,1100200
2014-08-29,80.73410034179688,80.80105412120575,80.60688458514785,80.63366711856058,1257900
2014-09-02,80.34999084472656,80.49099046679522,80.28956463066945,80.39699071874945,3493400
2014-09-03,80.45745086669922,80.45745086669922,80.17545152157976,80.20901994498698,838300
2014-09-04,79.8867416381836,80.34331423156719,79.8665944357043,80.25602505530294,4901900
2014-09-05,79.90018463134766,80.16875770504971,79.82632690801445,80.07475789764479,1557300
2014-09-08,79.76586151123047,80.10157640795686,79.74571431444053,80.04114506279265,1133000
2014-09-09,79.551025390625,79.70545141563173,79.54430965657127,79.69202507012842,1853400
2014-09-10,79.42344665527344,79.5040200906262,79.36301529810792,79.38987310989218,1894800
2014-09-11,79.36299133300781,79.59799583450517,79.36299133300781,79.49056461980896,1300200
2014-09-12,78.98030853271484,79.24888155545675,78.96016645246496,79.13473968563784,1296900
2014-09-15,79.00045776367188,79.18845734763623,78.96688421399061,79.15488379795497,3575600
2014-09-16,78.98699951171875,79.17499903193594,78.94671536384442,79.00714158565592,1567600
2014-09-17,78.77218627929688,79.16833273802007,78.73190210887287,79.10118562383927,1763300
2014-09-18,78.91313934326172,78.94671288050273,78.77885543950282,78.8325710500474,1521200
2014-09-19,79.22203063964844,79.24217272165231,78.89303134750732,79.00717322726581,739000
2014-09-22,79.29582977294922,79.3428296371038,79.16826164030165,79.26226136861081,1729400
2014-09-23,79.42344665527344,79.42344665527344,79.26901551816495,79.34287321992069,904400
2014-09-24,79.2354736328125,79.38989969903733,79.18847372709988,79.37647334995037,786700
2014-09-25,79.47042846679688,79.5241440781458,79.26228687607309,79.26899748553973,1375200
2014-09-26,79.29582977294922,79.32268756998054,78.82583113140343,79.1481144505774,3295000
2014-09-29,79.26229858398438,79.38315616607012,79.14815161235649,79.30929847020641,3628200
2014-09-30,79.37648010253906,79.51076409525429,79.26233819647052,79.32276445641058,1716100
2014-10-01,79.85787200927734,79.99927234844802,79.6222047773262,79.66260340647202,1973500
2014-10-02,79.85114288330078,79.98581355198584,79.7030128534883,79.85787770102522,1891200
2014-10-03,80.08009338378906,80.09355788425161,79.70302572489888,79.83769127817064,2535800
2014-10-06,80.12049865722656,80.22823521849503,80.0397013734372,80.06663551375432,1858400
2014-10-07,80.4100341796875,80.55143456336747,80.23496997350964,80.3157672572342,1887900
2014-10-08,80.82077026367188,80.8544392230962,80.2821028730165,80.5312346789734,2297900
2014-10-09,80.4841079711914,80.7601790775814,80.47064346858909,80.61877868302642,1786200
2014-10-10,80.55144500732422,80.5783791511119,80.40331492223595,80.53124568377413,1371400
2014-10-13,80.76013946533203,80.92173910310824,80.66587258186591,80.74666983217409,1748200
2014-10-14,80.94197082519531,80.96890496513586,80.72650284283277,80.86116840537365,2826400
2014-10-15,81.00259399414062,82.43680262548222,80.88812258674052,81.33926312107029,3497900
2014-10-16,80.82077026367188,81.33250865138214,80.69283438245382,81.29883969195782,2229900
2014-10-17,80.78710174560547,80.93523180184121,80.63223173328227,80.8409648855268,1537800
2014-10-20,80.93526458740234,80.99586770796047,80.78039964950753,80.9891328863065,1735300
2014-10-21,80.88809967041016,80.96216726832371,80.7668986135663,80.80056757158583,1150000
2014-10-22,80.75341033935547,80.81400828135688,80.65240863219292,80.75341033935547,957000
2014-10-23,80.59854125976562,80.69954296804309,80.43020679168995,80.59854125976562,1408400
2014-10-24,80.6322250366211,80.76689058098269,80.53122330976927,80.58509158237841,1727800
2014-10-27,80.73322296142578,80.73995777947506,80.57162328836999,80.63222123933055,1946500
2014-10-28,80.46391296386719,80.6322475098167,80.42351431673136,80.60531336600526,2212700
2014-10-29,80.31576538085938,80.46390058044291,80.03296462010637,80.42350193952444,3574000
2014-10-30,80.36959838867188,80.5985307696216,80.32919976548301,80.43019632345518,2542000
2014-10-31,80.356201171875,80.42353912075313,80.14746791441267,80.33600184207727,1893700
2014-11-03,80.197509765625,80.33255960583332,80.10297745329149,80.20426354554158,6621700
2014-11-04,80.312255859375,80.4405466920724,80.19746227526882,80.21772360302046,2155400
2014-11-05,80.16370391845703,80.25148239913476,80.08942783802911,80.22447244701354,1725300
2014-11-06,79.9206314086914,80.15696208543686,79.90037522948785,80.07593221700026,1458700
2014-11-07,80.42711639404297,80.43387017601488,80.01522327140185,80.01522327140185,1730000
2014-11-10,80.02190399169922,80.35276688347126,80.01515021589366,80.33926448348161,1710500
2014-11-11,80.01513671875,80.07590523588507,79.9476144269486,80.01513671875,805600
2014-11-12,80.00843048095703,80.33929866512375,79.91389818594475,80.23801259143238,1931400
2014-11-13,79.9206314086914,80.0556760377967,79.8868676756039,80.03541985859314,2128500
2014-11-14,80.02190399169922,80.15694859808167,79.80582953051442,79.84634188210484,1784800
2014-11-17,79.8328628540039,80.13671588313125,79.79234533893005,80.10970592362301,1770100
2014-11-18,79.90036010742188,79.92061628279171,79.78557167924517,79.8193302543211,2002900
2014-11-19,79.47498321533203,79.73157524988024,79.47498321533203,79.58302305127295,1890200
2014-11-20,79.77882385253906,79.88010988856237,79.58975933282716,79.81933620629967,2040100
2014-11-21,80.12319946289062,80.18396799743638,79.88011502146337,79.94088355600913,1820200
2014-11-24,80.25149536132812,80.27850531781198,80.08268699702091,80.09619455107406,1592600
2014-11-25,80.59583282470703,80.6566013381653,80.31898474796516,80.3527484676333,2052800
2014-11-26,80.8726806640625,80.92670055816593,80.7984097491961,80.84567586863143,978200
2014-11-28,81.0887451171875,81.10225266486262,80.96720809783145,80.96720809783145,1037800
2014-12-01,80.80778503417969,81.17343175145162,80.54370771048896,81.11926588543774,6029800
2014-12-02,80.2660903930664,80.55048056290883,80.2660903930664,80.53694038788326,1496200
2014-12-03,80.3472900390625,80.46239952637764,80.27280621408674,80.32020454215947,5153700
2014-12-04,80.4759750366211,80.57754440310883,80.2931543097692,80.31346714986024,2413000
2014-12-05,80.14421844482422,80.44892149934813,80.10359274849692,80.40829580302083,1118600
2014-12-08,80.5234146118164,80.61821135813022,80.18485332754267,80.2593372233657,1842000
2014-12-09,80.5910873413086,80.76036790258897,80.50983597815497,80.66557120155458,1369900
2014-12-10,80.56401824951172,80.7603791819127,80.53016006611377,80.56401824951172,2974000
2014-12-11,80.4827880859375,80.67915424872785,80.36090581820676,80.61144302577415,1915600
2014-12-12,80.61141204833984,81.00413905696787,80.57755386685646,80.67912324527342,3457700
2014-12-15,80.80099487304688,80.90933174073085,80.48274660654533,80.577543303031,4318600
2014-12-16,80.77392578125,80.98383205669677,80.67235639550579,80.80777879914237,2041000
2014-12-17,80.79425048828125,81.1802100779532,80.6655955697125,80.92967291180203,1875200
2014-12-18,80.87547302246094,80.92287136735894,80.49628109724473,80.7468181580097,2056600
2014-12-19,80.83483123779297,80.89577491071653,80.59783954538234,80.70618155678802,1088400
2014-12-22,81.09217071533203,81.12602373180623,80.80100791028052,80.9567431513352,2011400
2014-12-23,80.4759750366211,80.99058937173511,80.42180401902328,80.98381670302723,1285700
2014-12-24,80.73538208007812,80.78969510872436,80.40268693674643,80.463796216569,466200
2014-12-26,80.79644012451172,80.88470327831118,80.70138590347644,80.86433525667026,499100
2014-12-29,80.9526138305664,81.08161304396533,80.87113655362982,80.9797677428114,826200
2014-12-30,81.02054595947266,81.28534075531883,81.00017792595672,81.16991844534887,1052000
2014-12-31,81.07483673095703,81.33284036829257,81.00693640212384,81.19025900186494,1231400
2015-01-02,81.35997009277344,81.63834165623936,81.16986167283262,81.20380664492723,2523600
2015-01-05,81.69268798828125,81.93711466390987,81.5365244866033,81.6044248143306,3218800
2015-01-06,82.02538299560547,82.2698096866036,81.79453844303393,81.91675178853299,5313400
2015-01-07,82.13398742675781,82.18830559919442,81.82166570534633,81.9099288505063,1636600
2015-01-08,81.86917877197266,81.93028282043596,81.72659747882646,81.91670586968806,2156900
2015-01-09,82.08647918701172,82.16795128432551,81.7402072332264,81.76057525755485,1530400
2015-01-12,82.24266815185547,82.28340939576704,82.06614175515888,82.11366888966475,1948000
2015-01-13,82.31731414794922,82.3444732372571,82.09326072627576,82.24262794736919,1468300
2015-01-14,82.45991516113281,82.71113291213484,82.39202001169298,82.63644669373066,2457000
2015-01-15,82.88764953613281,83.01664874284567,82.45990032947012,82.51421851127918,2171300
2015-01-16,82.42597961425781,82.77225165013748,82.3105573289874,82.6364561556413,1322500
2015-01-20,82.6160659790039,82.87406957927908,82.58211581946402,82.63643400270102,1648900
2015-01-21,82.5821533203125,82.90805738766164,82.37167673977478,82.88768935471533,1878000
2015-01-22,82.54135131835938,82.80614589527576,82.32408384037501,82.75182773076337,1938400
2015-01-23,83.02349090576172,83.11175930054122,82.86054144011743,82.89448643958868,1436300
2015-01-26,83.00310516357422,83.15247763357942,82.83336466221722,83.07100032810322,2347900
2015-01-27,83.06417846679688,83.3968734557805,82.96912423567787,83.29502815670524,1268000
2015-01-28,83.62772369384766,83.74314595667434,83.08455736168636,83.09813431846173,1367900
2015-01-29,83.4308090209961,83.532654308579,83.30180982478649,83.41723206668274,1674500
2015-01-30,84.11658477783203,84.12337584687985,83.80426294251525,83.88574023088535,3499000
2015-02-02,84.19485473632812,84.2288969433424,83.77276045637574,83.9021094159846,5684700
2015-02-03,83.51405334472656,83.8680736039425,83.41193191633306,83.77956594208271,2828500
2015-02-04,83.62976837158203,83.65019680762353,83.18725094544659,83.23490690798936,3209500
2015-02-05,83.3642349243164,83.52763120699424,83.30296521389401,83.45954682549062,1789300
2015-02-06,82.49287414550781,83.11921147580213,82.47245089253718,83.0307089815583,2578400
2015-02-09,82.54731750488281,82.79921634364393,82.45200555380818,82.7583646545321,2426900
2015-02-10,82.32267761230469,82.58138601399659,82.30225435830026,82.53373002328178,2580300
2015-02-11,82.37712097167969,82.41116318195742,82.13203160119366,82.39754422020151,2239600
2015-02-12,82.58816528320312,82.67667294922757,82.3090389061792,82.37711813027441,4045600
2015-02-13,82.26139068603516,82.62221528246131,82.25458120475004,82.57455930169017,2068700
2015-02-17,81.8801498413086,82.22736072099183,81.73718187770095,82.14566770985209,2970300
2015-02-18,82.1728744506836,82.37711731505986,81.83928262004002,81.92778509107679,3221900
2015-02-19,82.1592788696289,82.43160101770528,82.06396689691911,82.13204613540996,2765500
2015-02-20,82.28182220458984,82.59499085171636,82.01630954302361,82.39074794553639,1621100
2015-02-23,82.56094360351562,82.56775308507,82.41797565554936,82.4792506013135,2191400
2015-02-24,83.09881591796875,83.12604866237676,82.2410078426331,82.41801289011289,1891700
2015-02-25,83.17366790771484,83.19409115846602,82.88092252735191,83.00346722597158,2024500
2015-02-26,82.7243423461914,83.16005568402242,82.67668636218217,83.05793423425612,1192200
2015-02-27,82.92176818847656,82.96261468700638,82.58817113677564,82.74475803799365,2892800
2015-03-02,82.20297241210938,82.8446515014067,82.18932199255019,82.8446515014067,4540700
2015-03-03,82.15518188476562,82.44188754657243,82.1483540714572,82.25757825200965,4737600
2015-03-04,82.10055541992188,82.37361061539957,82.05277115132037,82.36678801138126,2703200
2015-03-05,82.20979309082031,82.312189456963,82.00500035853494,82.25757736727415,1307600
2015-03-06,81.33598327636719,81.78651978993746,81.30867724401547,81.71142950299355,3372800
2015-03-09,81.66365051269531,81.6977843573586,81.4929917055658,81.63634447858337,6241000
2015-03-10,81.79338073730469,82.04595773281557,81.77290250676778,81.92990574628095,3356900
2015-03-11,82.20979309082031,82.21662090405529,81.83434148432899,81.96404389531608,1712200
2015-03-12,82.12784576416016,82.40772871826012,81.97084257223054,82.34628883717495,2970700
2015-03-13,81.8957290649414,82.12099988491308,81.8479448190164,81.91620728346751,1845300
2015-03-16,81.9776611328125,82.20293200552776,81.85479179288791,82.20293200552776,1588300
2015-03-17,82.1142349243164,82.16884702091298,81.83435183533113,81.9845324969236,2528800
2015-03-18,83.1244888305664,83.20640693225721,82.16197587414332,82.2848504226328,3382500
2015-03-19,82.70127868652344,83.01529034150796,82.63301618902153,82.92654961556497,2503000
2015-03-20,82.93338012695312,83.08356076063315,82.84463939254911,82.91972970938913,3669300
2015-03-23,83.1244888305664,83.16545048545854,82.97431345627344,82.98796386917518,2946600
2015-03-24,83.24742126464844,83.28155513277774,83.07676234019603,83.20646478937091,2782100
2015-03-25,82.97434997558594,83.48632661827834,82.8992596513434,83.28153387796308,3205900
2015-03-26,82.46231842041016,82.85824280228951,82.4077063649467,82.78315252805034,2681800
2015-03-27,82.79003143310547,82.96751811885623,82.61937256052467,82.72176892569225,1009700
2015-03-30,82.93338012695312,83.00164263096353,82.7900273061027,82.88559585333631,981100
2015-03-31,83.08354187011719,83.11767571840906,82.81731451934145,82.91971085612305,1688400
2015-04-01,83.32246398925781,83.62363420915675,83.24032380807853,83.30192502730357,7393500
2015-04-02,83.18551635742188,83.58936549067724,83.16498262936322,83.46615790011572,3013700
2015-04-06,83.29505157470703,83.61676063159929,83.09655013062009,83.51408675055977,3496000
2015-04-07,83.59624481201172,83.60309113189848,83.14448692151326,83.23346819119321,2613500
2015-04-08,83.56885528564453,83.5962353398772,83.30190628464022,83.5962353398772,3933500
2015-04-09,83.14449310302734,83.55518354916266,83.0691992453111,83.55518354916266,1780600
2015-04-10,83.26082611083984,83.438793825093,83.20606601072954,83.37718740691628,1325000
2015-04-13,83.23348236083984,83.40460383165663,83.19241487895192,83.26770874388833,1710100
2015-04-14,83.42510223388672,83.71943124790289,83.40456850164081,83.54146875363126,2245000
2015-04-15,83.4798355102539,83.70571693679808,83.4798355102539,83.60988940230219,1560900
2015-04-16,83.43195343017578,83.60307483851108,83.21291823639505,83.60307483851108,1820500
2015-04-17,83.6578598022461,83.74684108102615,83.26770308419125,83.38406442310651,1625800
2015-04-20,83.45931243896484,83.74679507915238,83.39770603194772,83.63728012098031,1527200
2015-04-21,83.43881225585938,83.57570731416322,83.35667208755002,83.54148616069313,2441600
2015-04-22,82.8979721069336,83.46609586461437,82.88427948359836,83.45924955294677,2106000
2015-04-23,83.1102523803711,83.22661369595592,82.85014969455592,82.91859722006397,1962900
2015-04-24,83.26769256591797,83.39090020985672,83.17186497865582,83.24031250924138,1690200
2015-04-27,83.2060775756836,83.34297784498733,83.04180247473042,83.26768400242311,1564700
2015-04-28,82.71322631835938,83.08284911951573,82.65847144657361,82.97333415373421,1972700
2015-04-29,82.02875518798828,82.24094928386258,81.86448009941698,82.1451217136784,3087100
2015-04-30,82.09717559814453,82.14508936436785,81.5701189474793,81.9055205332513,5716000
2015-05-01,81.6441650390625,82.00108236340924,81.54121315378629,81.8294889057932,3462200
2015-05-04,81.38336944580078,81.78833285111108,81.37650423917022,81.68537569812585,2689600
2015-05-05,81.24610137939453,81.46574087456904,81.02646188422003,81.4314200760717,3307400
2015-05-06,80.89604949951172,81.19805577047367,80.77250195562898,81.19805577047367,2105900
2015-05-07,81.21866607666016,81.27357727332547,80.89606934202635,80.99902652661883,3641200
2015-05-08,81.68534851074219,81.83635158664629,81.56180101560399,81.74025443565738,5393700
2015-05-11,80.86173248291016,81.43828946020245,80.77937094088189,81.41083386732006,3882800
2015-05-12,80.74504852294922,80.97841843946463,80.44304224391237,80.61463576852535,3737200
2015-05-13,80.6695556640625,81.18433629348853,80.64210006876546,81.13629031087355,3263600
2015-05-14,80.94407653808594,81.08821443279038,80.72443709330526,80.82052902310821,3094300
2015-05-15,81.50691986083984,81.55496583571411,81.06077567322522,81.13627723897316,1856500
2015-05-18,80.8823471069336,81.32163148807594,80.82057593190105,81.20494387420258,2820500
2015-05-19,80.44988250732422,80.85484582289202,80.44301730221503,80.51165888007263,3562500
2015-05-20,80.54598236083984,80.77248702218449,80.3812540783245,80.56657274157705,2626800
2015-05-21,80.93035125732422,80.95780160584545,80.59402426683894,80.68325622769387,1606900
2015-05-22,80.87544250488281,80.88916767955375,80.65580305382481,80.86857729923857,2858500
2015-05-26,81.23234558105469,81.27353157370501,80.8617030669038,80.89602385467623,2232300
2015-05-27,81.31475067138672,81.36966186306762,81.05392512921219,81.23924909198035,2282700
2015-05-28,81.14318084716797,81.32849962749486,81.12259045342286,81.28731884000466,2901000
2015-05-29,81.17748260498047,81.38339698061885,81.08139062611458,81.3353509911859,2845800
2015-06-01,80.72250366210938,81.21118804387078,80.68120801755181,81.12171239692057,5315800
2015-06-02,80.30953216552734,80.52289999924353,80.24758344692255,80.44030870940577,7084900
2015-06-03,79.7933120727539,80.14434079273047,79.64188771310809,80.14434079273047,3307900
2015-06-04,80.20628356933594,80.30264356987917,79.92408792523821,79.92408792523821,2849100
2015-06-05,79.80020904541016,79.98604471993627,79.49736027824324,79.77956122059915,5548400
2015-06-08,79.74515533447266,79.97917104857078,79.74515533447266,79.89657973829038,2131100
2015-06-09,79.38721466064453,79.61435118771357,79.31838684217007,79.61435118771357,6152300
2015-06-10,79.17385864257812,79.34593084001092,79.10503081385036,79.27710301128315,1959600
2015-06-11,79.87590789794922,79.88967136178238,79.35280700144416,79.52487918110262,2562600
2015-06-12,79.73824310302734,80.06862398235027,79.65565182161606,79.67629964196888,2437900
2015-06-15,79.72452545166016,80.01360560516451,79.62128103934319,79.9791890506492,1827600
2015-06-16,79.92410278320312,79.92410278320312,79.6074905438131,79.81397404712285,2274100
2015-06-17,79.91722106933594,79.9791645470108,79.47671661289023,79.86904105851303,3824200
2015-06-18,79.77268981933594,79.84151766362797,79.51802101910474,79.73827327157598,1853100
2015-06-19,80.19939422607422,80.26822729466271,79.88278206522543,79.99979513109034,5114500
2015-06-22,79.56617736816406,80.01356609982773,79.52488172411788,79.9034373807361,2547700
2015-06-23,79.38721466064453,79.59370336729383,79.21514248884543,79.21514248884543,1238700
2015-06-24,79.60747528076172,79.64877092326067,79.35969092331568,79.45605092329735,2540000
2015-06-25,79.47671508789062,79.59372293318289,79.33217505819538,79.48359944679818,2567500
2015-06-26,79.11192321777344,79.24269453028764,78.9673831873774,79.16698233561914,2285000
2015-06-29,79.80020904541016,79.9034481694652,79.2564602367364,79.30464024503776,5945700
2015-06-30,79.64877319335938,79.9653853810696,79.5661766547812,79.61435665614522,2668600
2015-07-01,79.39335632324219,79.57972865881798,79.39335632324219,79.40026036765983,4088700
2015-07-02,79.69710540771484,79.8351600243122,79.57285888589979,79.5866669806821,1971000
2015-07-06,80.01459503173828,80.11813464127012,79.78680894401691,79.98698411811357,4845100
2015-07-07,80.34595489501953,80.66347263735885,80.24931928936172,80.51851922887212,3627500
2015-07-08,80.45635223388672,80.55989183456033,80.2285714318962,80.42184254449076,3490600
2015-07-09,79.92486572265625,80.20786837921086,79.8765479390375,80.18026273106595,1427800
2015-07-10,79.41407012939453,79.62804811466265,79.2484046573389,79.48309477629621,2740000
2015-07-13,79.24152374267578,79.43479490406739,79.0896663255126,79.0896663255126,3146100
2015-07-14,79.3105697631836,79.3795944442338,79.14490947541395,79.28986288549308,4364200
2015-07-15,79.51766204833984,79.63500982591592,79.22085111211202,79.28297702568132,1923800
2015-07-16,79.64185333251953,79.6970751581987,79.32433573422908,79.40026442797715,2036600
2015-07-17,79.69710540771484,79.80754910099273,79.64878760846705,79.64878760846705,2268200
2015-07-20,79.51071166992188,79.69017471211872,79.48310075583544,79.55212540792986,2805800
2015-07-21,79.67635345458984,79.71086840577351,79.3795427796337,79.38644682311887,2490900
2015-07-22,79.77991485595703,79.89725729607872,79.61424936446846,79.66257241583533,1292900
2015-07-23,80.01459503173828,80.0836196826784,79.65566368710367,79.74539520670149,2007600
2015-07-24,79.98006439208984,80.14572456420731,79.84200986012368,80.14572456420731,2704700
2015-07-27,79.9870376586914,80.19411701636689,79.9387198440667,80.02155264038626,4836700
2015-07-28,79.92486572265625,79.94557259188666,79.72469054302326,79.81442206510283,2755100
2015-07-29,79.8558349609375,79.93866243152293,79.73848726720308,79.88344587321366,1569200
2015-07-30,79.89725494384766,80.01459738051472,79.79371533127649,79.91105776794355,2157600
2015-07-31,80.31145477294922,80.35287380178002,80.13889040718601,80.14579445636556,3626900
2015-08-03,80.49833679199219,80.56063411300458,80.17991593951679,80.20068171318758,2942800
2015-08-04,80.08992004394531,80.33220147510212,80.04838849859225,80.29066464852508,3823200
2015-08-05,79.77847290039062,79.95845184511346,79.66771500172203,79.95845184511346,2991600
2015-08-06,79.93070220947266,80.01376528972821,79.8337917616923,79.86839961805768,1750800
2015-08-07,80.20758819580078,80.25604341771505,79.98607785544654,80.04837516309784,2907200
2015-08-10,79.88916778564453,80.07606499069657,79.84763096579276,80.00684399924111,1317600
2015-08-11,80.221435546875,80.4429459017681,80.17298032178037,80.221435546875,5011600
2015-08-12,80.09684753417969,80.47757098875182,80.05531598685336,80.22144745738292,5062200
2015-08-13,79.8199691772461,80.06225065314561,79.7576718477119,79.88919547391735,1647500
2015-08-14,79.8960952758789,79.97223995950807,79.7230401369442,79.79918482057337,1693600
2015-08-17,80.15223693847656,80.36682366937126,80.01378962723409,80.15916062434492,3313900
2015-08-18,79.84762573242188,80.04837029134168,79.7991705134566,79.96530193830573,2200900
2015-08-19,80.23526763916016,80.29064125642356,79.60534455163437,79.67456553413044,2600100
2015-08-20,80.28373718261719,80.37372394779904,80.16605568202753,80.26296613106133,1760100
2015-08-21,80.30445861816406,80.49827940922636,80.17293510370588,80.30445861816406,2971100
2015-08-24,80.08297729492188,80.70597141072051,80.04144048097223,80.6436741116296,3966000
2015-08-25,79.67460632324219,79.99302723071641,79.51539851011765,79.8476615086885,2625300
2015-08-26,79.6261215209961,79.76456878668904,79.3838454075624,79.52228739203217,3299400
2015-08-27,79.70223236083984,79.87528740857161,79.39765378684126,79.4737984303409,2957800
2015-08-28,79.84762573242188,80.13143864437762,79.79224683039791,80.09682551030696,1901200
2015-08-31,79.64691925048828,80.17300850877912,79.64691925048828,80.15224273089828,1250200
2015-09-01,80.12940979003906,80.17800651782221,79.72674816175238,79.87948224811257,3856800
2015-09-02,80.01139068603516,80.1571808707766,79.81700377304657,79.81700377304657,1824500
2015-09-03,80.3932113647461,80.49040480366087,80.12939606199582,80.23353340273171,11303000
2015-09-04,80.57367706298828,80.67087046164275,80.37929026567936,80.51119786241455,1648600
2015-09-08,80.19880676269531,80.40708141189292,80.1849242578495,80.36542860071114,1892300
2015-09-09,80.37236022949219,80.42095693720145,79.97664266767556,79.99747436810287,2079100
2015-09-10,80.21268463134766,80.28905164015386,80.08772091663236,80.23351103435958,2566500
2015-09-11,80.26819610595703,80.45563896168076,80.23348191577327,80.24042581313837,2333300
2015-09-14,80.26129913330078,80.4070892833535,80.17104960135714,80.37931897429895,1732500
2015-09-15,79.65728759765625,80.17103024616843,79.5878644901027,80.07383153962115,3090400
2015-09-16,79.80310821533203,79.87253664606652,79.67120584955686,79.70591476827848,2918300
2015-09-17,80.46258544921875,80.49035574293136,79.76140009874064,79.78917039245324,4106700
2015-09-18,80.70562744140625,80.79587698895685,80.53206695228495,80.58760757999875,4692400
2015-09-21,80.2959976196289,80.60146036612124,80.26128341594749,80.49038444829962,3209900
2015-09-22,80.64318084716797,80.77508327056711,80.4904467074604,80.56681377731418,4001000
2015-09-23,80.59452056884766,80.68477538435637,80.48344464537153,80.61535227010327,2435200
2015-09-24,80.60843658447266,80.89307304153279,80.58761017257142,80.85142021773031,2378100
2015-09-25,80.36541748046875,80.49731979650771,80.28905047277289,80.35152968090026,2858800
2015-09-28,80.5042953491211,80.64314691618185,80.32379096026497,80.42098440888465,3099400
2015-09-29,80.60843658447266,80.63620689922296,80.40710577501746,80.46959030736711,2267100
2015-09-30,80.59452056884766,80.62229087387772,80.41402153111845,80.44873043992294,4404200
2015-10-01,80.57646179199219,80.70874477191678,80.46506000686675,80.58342041961541,6459600
2015-10-02,80.93150329589844,81.10556451575226,80.77832857251876,81.00809065758827,3480100
2015-10-05,80.7156753540039,80.81314921974077,80.62516542494174,80.70871141732918,7567200
2015-10-06,80.87584686279297,80.91761987594718,80.52076031519391,80.71570812581946,3241200
2015-10-07,81.16123962402344,81.18212611386916,80.70867953364042,80.93147761187011,5884900
2015-10-08,80.84103393554688,81.16130610334204,80.75052396810354,81.16130610334204,2175000
2015-10-09,80.87584686279297,80.95939288910138,80.75748113897366,80.82710459820714,3798800
2015-10-12,81.20303344726562,81.25177037339071,80.9871992475583,80.9871992475583,860400
2015-10-13,81.14041900634766,81.21004246633083,80.93154331446864,81.18915595952882,2147200
2015-10-14,81.460693359375,81.46765729913918,81.16130769267104,81.34929157086671,1976500
2015-10-15,81.42585754394531,81.42585754394531,81.1891367735566,81.356234100415,4233500
2015-10-16,81.45372009277344,81.4815705367115,81.34232362895023,81.40498314386409,3055300
2015-10-19,81.44673919677734,81.45369782191247,81.21001314399336,81.41888876045408,2510700
2015-10-20,81.29359436035156,81.35625388118525,81.14738349981006,81.21004302064375,4190100
2015-10-21,81.6974105834961,81.71830240186584,81.4955041466199,81.4955041466199,2497700
2015-10-22,81.87141418457031,82.00370238136344,81.61380703745822,81.6764665126177,2396900
2015-10-23,81.5720443725586,81.74610557480943,81.5720443725586,81.70432727415933,3682800
2015-10-26,81.7182846069336,81.7600576107178,81.55118196794027,81.7182846069336,3771900
2015-10-27,81.7391357421875,81.94104735966242,81.7182492493325,81.92016086680742,2809600
2015-10-28,81.41889190673828,81.71131353154131,81.33534059453979,81.66257659407414,4693300
2015-10-29,80.84794616699219,81.20302718196699,80.76439488068426,81.1891046235454,2942100
2015-10-30,81.05681610107422,81.07074397136802,80.82009542534077,80.89668277617832,2664100
2015-11-02,80.7083740234375,80.91086128962878,80.68742798332636,80.85500695835584,6241700
2015-11-03,80.71538543701172,80.79219116175246,80.59668761771132,80.71538543701172,2672700
2015-11-04,80.62462615966797,80.84805956655863,80.61065857525895,80.73634019957699,4176400
2015-11-05,80.64556121826172,80.79917266338991,80.45704147101377,80.68745331163417,3743100
2015-11-06,80.12191009521484,80.21267809740203,80.04510435218211,80.17776978597927,4306200
2015-11-09,79.98922729492188,80.16378479535742,79.89845931244136,79.97526503879878,3253200
2015-11-10,80.19170379638672,80.33833143768649,79.99620027465367,80.08696824486647,2228800
2015-11-11,80.18476104736328,80.22665848565896,80.10796061914856,80.15683652459838,910900
2015-11-12,80.15681457519531,80.43610234296003,80.11491714837244,80.12190094068838,3102000
2015-11-13,80.39420318603516,80.42911681747731,80.28248915415031,80.359289554593,2618900
2015-11-16,80.40819549560547,80.50594730121627,80.3104383629208,80.44310381070997,2558400
2015-11-17,80.4919662475586,80.6455777241267,80.19871087978655,80.26154903270643,3857700
2015-11-18,80.51290130615234,80.5827285692938,80.34532759417178,80.43609557835453,1713300
2015-11-19,80.75029754638672,80.83408173392809,80.60366989111738,80.62461593800272,2890500
2015-11-20,80.736328125,80.82710142886508,80.6315978929585,80.736328125,2344900
2015-11-23,80.76427459716797,80.8201342838098,80.62463070763634,80.6735066016797,1948100
2015-11-24,80.79220581054688,80.8690115492136,80.70143781351938,80.74332991567468,1659500
2015-11-25,80.86902618408203,80.93186967576078,80.77127437664751,80.82015028036477,609600
2015-11-27,80.8969497680664,80.99470156793078,80.8969497680664,80.93186340819234,409200
2015-11-30,80.93185424804688,80.95977876449876,80.85504851012178,80.88995681922312,4925000
2015-12-01,81.54032897949219,81.55433632170093,80.91713580709789,80.97315449146129,5961700
2015-12-02,81.34430694580078,81.4563443668925,81.26028422222028,81.37231630107371,6138300
2015-12-03,80.26591491699219,81.00814895929564,80.21689991495433,80.93112462148835,4515400
2015-12-04,80.7000732421875,80.72107891408714,80.37797380784232,80.37797380784232,3120500
2015-12-07,80.84010314941406,81.10618920169534,80.65805045728345,80.6790561262035,3094600
2015-12-08,80.735107421875,80.95217321139063,80.67908872063309,80.94516953817605,3754100
2015-12-09,80.71408081054688,80.81911451952654,80.47600938961355,80.6440601186392,3394600
2015-12-10,80.5250244140625,80.85412754251257,80.5250244140625,80.72808816017502,4722600
2015-12-11,80.66508483886719,80.81213527150253,80.39200033638033,80.72110354251517,7949600
2015-12-14,80.06986236572266,80.52500476545265,79.95082668429275,80.4199710820942,6442800
2015-12-15,80.07689666748047,80.26595309605693,79.78280651536726,79.87383289323932,3822600
2015-12-16,80.06290435791016,80.2659681702874,79.61476537274592,80.04189867770528,2540900
2015-12-17,80.1539306640625,80.34298711533438,80.06289893302538,80.28697375266277,2327500
2015-12-18,80.1539306640625,80.35699446268059,80.12592131160783,80.18893834795254,2566200
2015-12-21,80.20994567871094,80.45502082361686,80.14692330302799,80.35699076565449,3026000
2015-12-22,80.10491180419922,80.2379495442032,80.0278874241897,80.12591748197683,2204900
2015-12-23,80.17494201660156,80.18894402270091,79.97187820361322,80.02089323831811,1923200
2015-12-24,80.43611907958984,80.43611907958984,80.1903475224451,80.28865400238244,920100
2015-12-28,80.33784484863281,80.44316943562951,80.19740313713135,80.30273308143157,2422500
2015-12-29,79.92353820800781,80.31676423498604,79.91651478401096,80.24654606692604,2965700
2015-12-30,79.92353820800781,80.08504481611833,79.86034346394466,79.8884264453264,1890600
2015-12-31,80.05694580078125,80.23951194192907,80.04992237772107,80.16929378323358,1228200
2016-01-04,80.0147705078125,80.33778351902701,79.97264070517558,80.1552121121013,8333700
2016-01-05,80.05694580078125,80.21142896429255,79.98672764208577,80.11311711335637,4474300
2016-01-06,80.37293243408203,80.42208568226928,80.26058444849781,80.38697928059396,4522400
2016-01-07,80.43611907958984,80.52740213744556,80.22545927555187,80.45016056645174,4820000
2016-01-08,80.49932098388672,80.6959339612918,80.35888467354076,80.41505598329805,4363500
2016-01-11,80.23949432373047,80.47824243963565,80.21141135226016,80.3939774533219,4161500
2016-01-12,80.42208099365234,80.68891748879997,80.26057976929641,80.26057976929641,2616600
2016-01-13,80.66786193847656,80.75212695610328,80.42911909115521,80.55551393894385,5649800
2016-01-14,80.26758575439453,80.69592340943235,80.2324793600495,80.68188192315456,4735300
2016-01-15,80.14822387695312,80.39399009572352,80.0358759015017,80.28866018559285,5977900
2016-01-19,79.79009246826172,80.1341704807105,79.77605098240508,80.077993822682,3374300
2016-01-20,79.90950775146484,80.00781427178387,79.70587128586014,79.93759073672437,6175300
2016-01-21,79.67776489257812,80.04290254857045,79.60052330735434,79.91650771432266,3928300
2016-01-22,79.72691345214844,79.88139661350947,79.59349520237262,79.64967187146792,2932000
2016-01-25,79.64263916015625,79.84627554390099,79.48113795196996,79.48113795196996,2485200
2016-01-26,79.86735534667969,79.89544368318943,79.65670085881023,79.70585410837668,4002200
2016-01-27,79.6496810913086,79.84629409859899,79.49519791206538,79.71989925715478,2535900
2016-01-28,79.74095153808594,79.87436978216856,79.53731513928156,79.53731513928156,4187100
2016-01-29,80.1552505493164,80.20440379506331,79.97970247774862,80.20440379506331,2022700
2016-02-01,79.8996353149414,79.99823293925274,79.66018547680461,79.92780683234001,8696800
2016-02-02,80.04753875732422,80.10387642010302,79.8432992818941,80.03345031175378,5881200
2016-02-03,79.85028839111328,80.24468402389351,79.7516908262093,79.94888595601726,3732100
2016-02-04,79.88551330566406,80.06158117371206,79.81508723307785,79.92776787458281,3367500
2016-02-05,79.8714370727539,79.93481893155382,79.66719768356745,79.77987833471131,4334400
2016-02-08,80.28697967529297,80.34332270497607,79.93484379952415,80.0404856368882,3265200
2016-02-09,80.01228332519531,80.34329178071907,79.99819488661367,80.04749904848443,3346900
2016-02-10,80.11088562011719,80.23765470899211,80.01933225660513,80.10384140041155,3738300
2016-02-11,80.37852478027344,80.6320630145363,80.21654530309613,80.28697139635437,5333600
2016-02-12,79.92780303955078,80.16725823949231,79.70243628422378,80.05457217524517,4180600
2016-02-16,79.5474853515625,79.9559642219147,79.49818654811769,79.9559642219147,4972200
2016-02-17,79.52633666992188,79.68127725997797,79.35026879452451,79.51225360408274,5008100
2016-02-18,80.17424774169922,80.20241924042156,79.63900538546669,79.71647566366214,3810700
2016-02-19,80.117919921875,80.26581627839316,79.98410662985944,80.14609142404484,3587300
2016-02-22,80.27991485595703,80.31513058376547,80.13201847085979,80.19540570628185,4556800
2016-02-23,80.44190216064453,80.49824517760825,79.97004148319655,80.11089365244001,2832100
2016-02-24,80.5193862915039,80.86447792662146,80.47712633494183,80.63911119323515,3402200
2016-02-25,80.97008514404297,81.06868271192668,80.69541972305773,80.69541972305773,4531800
2016-02-26,80.94192504882812,80.96305233447119,80.68838687478102,80.92784198278783,5422500
2016-02-29,80.99826049804688,81.04051506538848,80.83627570129619,80.88557448758297,5231900
2016-03-01,80.55681610107422,81.30552303759637,80.46498989189634,81.30552303759637,8301800
2016-03-02,80.71929931640625,80.73342891803058,80.39438853427954,80.48620938938141,3519600
2016-03-03,81.10067749023438,81.15718509096804,80.71925926857426,80.72632406588133,3614600
2016-03-04,81.0865478515625,81.10067205636886,80.83932846213214,81.0441644594213,2040600
2016-03-07,81.1783676147461,81.19955661611465,80.86758122437789,80.86758122437789,3616900
2016-03-08,81.6092529296875,81.83527799308892,81.5456805177726,81.77170558117402,3279800
2016-03-09,81.5174331665039,81.60925399729041,81.35497512402954,81.36909933304952,3205800
2016-03-10,81.85643005371094,81.99769363375204,81.51033051040815,81.87055964503114,4459000
2016-03-11,82.08956146240234,82.20257130600358,81.91297920332434,82.1460690786344,4603500
2016-03-14,82.32970428466797,82.35795809056589,82.08249021913927,82.23788345714658,2997400
2016-03-15,82.30139923095703,82.52036474310383,82.20957846061103,82.52036474310383,6599400
2016-03-16,82.69696807861328,82.72522187416115,82.11777874203295,82.18134574037032,3975400
2016-03-17,82.9512710571289,83.1278532891893,82.69699221185297,82.69699221185297,3341900
2016-03-18,83.14200592041016,83.28327498767136,82.99367744143382,83.2479563736401,3315200
2016-03-21,83.04309844970703,83.23380490432515,82.93714802431364,83.00072043509468,2948600
2016-03-22,82.88766479492188,83.20551591611775,82.83822200569494,83.20551591611775,3762900
2016-03-23,83.3044204711914,83.3044204711914,82.85942987792099,83.05720107988068,5338700
2016-03-24,83.26910400390625,83.5304476068105,83.2055369968778,83.5304476068105,2601500
2016-03-28,83.31853485107422,83.48099282716163,83.24790305711205,83.30441064782597,3274500
2016-03-29,83.69290161132812,83.77059821378671,83.4244985957466,83.54457320359666,3758500
2016-03-30,83.59400939941406,83.69289499675307,83.48099959768129,83.69289499675307,3877600
2016-03-31,83.92598724365234,83.95424104212823,83.5516338443537,83.61520084927865,7853500
2016-04-01,84.19657897949219,84.26032410943239,83.71492929430735,84.04075034546746,6809800
2016-04-04,84.2036361694336,84.23196913221393,84.04781298008183,84.21780535280381,4138700
2016-04-05,84.47285461425781,84.47993380684352,83.97703553110472,84.06911907435688,6944700
2016-04-06,84.40194702148438,84.41611079755712,84.22487009880146,84.33819651925994,4793600
2016-04-07,84.62863159179688,84.67112833719342,84.4657183945093,84.60029862687901,3591900
2016-04-08,84.43739318847656,84.56488884034218,84.38781184630444,84.55780424747158,2060900
2016-04-11,84.43035888671875,84.52952163012948,84.27453557847632,84.35244453061541,1998600
2016-04-12,84.09738159179688,84.31695526517757,84.01238271631438,84.2036234312009,3553400
2016-04-13,84.3878173828125,84.40198656948328,84.0761601235914,84.12574146901645,2502200
2016-04-14,84.33118438720703,84.45160090510286,84.22494246548051,84.41618332855171,1864000
2016-04-15,84.68527221679688,84.72777435616601,84.38778426100917,84.50111609404786,3789500
2016-04-18,84.77742767333984,84.77742767333984,84.52951542903565,84.52951542903565,2827400
2016-04-19,84.93319702148438,84.94027620914433,84.69236954204496,84.8057013921247,2577100
2016-04-20,84.69949340820312,85.2732213043751,84.67824502745047,85.03947830817076,3040900
2016-04-21,84.6640396118164,84.7773714659552,84.52238019810318,84.75612309429422,3579500
2016-04-22,84.75614929199219,84.93322631584746,84.67823496917892,84.93322631584746,1651800
2016-04-25,84.55779266357422,84.7773717807935,84.50113214025465,84.77028718889346,2923600
2016-04-26,84.52241516113281,84.64282625299361,84.37367109401728,84.64282625299361,3286600
2016-04-27,85.06075286865234,85.06075286865234,84.58618753924092,84.70659866987411,3091100
2016-04-28,85.13862609863281,85.18820744635302,84.8694709830034,84.92613692438694,3503200
2016-04-29,85.23072814941406,85.29447329436942,84.89073783109717,85.05365109703216,2924600
2016-05-02,85.12062072753906,85.2626692382903,85.06380132323856,85.19164227361637,6771200
2016-05-03,85.26979064941406,85.39763163434894,85.15615722869312,85.25558850379824,3732700
2016-05-04,85.12771606445312,85.23425108230087,85.02828482608753,85.22714730281874,4228200
2016-05-05,85.29818725585938,85.31949318030918,84.95728162746786,85.19875599602874,4466000
2016-05-06,85.11354064941406,85.26269298188734,85.00701100993051,85.26269298188734,3045000
2016-05-09,85.02826690673828,85.19161587022977,84.95014160468759,85.19161587022977,6202800
2016-05-10,85.17034149169922,85.20585497617944,84.99278490649208,85.09221616072033,5469900
2016-05-11,85.2626724243164,85.39761174132659,85.04960235952603,85.11352012780505,3416600
2016-05-12,85.08514404296875,85.29820875977835,84.99281112227916,85.29820875977835,2681900
2016-05-13,85.24134826660156,85.2697579655419,85.07089549155559,85.16322836776068,4328100
2016-05-16,84.95726013183594,85.2413462774178,84.9430525733993,85.2413462774178,2968400
2016-05-17,84.92887878417969,85.08512946756623,84.8791631502474,84.950184710351,3386000
2016-05-18,84.2044448852539,84.8365459825614,84.11922118046495,84.8365459825614,7022100
2016-05-19,84.4032974243164,84.46011683317771,84.24705217784341,84.24705217784341,5759900
2016-05-20,84.46011352539062,84.50982915154793,84.29676450455808,84.46721730586934,2977700
2016-05-23,84.46011352539062,84.50273078966607,84.31096664691867,84.46011352539062,2842000
2016-05-24,84.31806182861328,84.50982053320823,84.20442302693013,84.50982053320823,3498100
2016-05-25,84.4671859741211,84.4884918890573,84.30383159528539,84.32514292881645,4793800
2016-05-26,84.70866394042969,84.83650485423419,84.48849558499779,84.48849558499779,4858600
2016-05-27,84.64478302001953,84.8081374770733,84.53824797573206,84.71580457667869,2762800
2016-05-31,84.79391479492188,84.87204011889561,84.45300921630603,84.51692698032282,3170400
2016-06-01,84.85375213623047,85.05317254196004,84.78253133901256,84.95346233909525,5528700
2016-06-02,85.024658203125,85.18134717133503,84.91782975552447,84.95343742679233,2709400
2016-06-03,85.70841979980469,85.70841979980469,85.41641287644138,85.50188110059109,2998800
2016-06-06,85.50190734863281,85.68708040710457,85.48053621068547,85.68708040710457,6401500
2016-06-07,85.6300277709961,85.78671126768761,85.59441467450516,85.69412482412504,3663400
2016-06-08,85.91493225097656,85.92205595881187,85.70126992009051,85.73687759167304,2478800
2016-06-09,86.0360336303711,86.15710952284616,85.98617853148147,86.11437813345454,2885400
2016-06-10,86.13574981689453,86.28531512396219,86.09301299073333,86.10726041071993,4209200
2016-06-13,86.00752258300781,86.28528741175225,85.95054378895847,86.28528741175225,3979900
2016-06-14,85.81523132324219,86.19270637223191,85.7867419226282,86.1214855875957,6301100
2016-06-15,86.13574981689453,86.24257829780099,85.92920569747767,86.10726041071993,5589500
2016-06-16,86.26396942138672,86.36367964920858,86.0787909552319,86.12152235749845,4550700
2016-06-17,86.00752258300781,86.2354323254083,85.95766749666386,86.2354323254083,2673200
2016-06-20,85.90069580078125,85.96479287403558,85.8081093281481,85.95055089124484,4549700
2016-06-21,85.82233428955078,86.01463090497236,85.758237229009,85.97189953127786,4396400
2016-06-22,85.9790267944336,85.98615050160942,85.82233783934436,85.84370352707535,4090400
2016-06-23,85.8935775756836,85.96479836177849,85.8223567895887,85.92919068562988,3942700
2016-06-24,86.29956817626953,86.53460173199915,86.0930240303677,86.0930240303677,5294900
2016-06-27,86.66281127929688,86.88359743848552,86.59870874139699,86.59870874139699,7323900
2016-06-28,87.13994598388672,87.16843538038717,86.7624709894001,86.76959469697441,5555700
2016-06-29,87.11151885986328,87.38216560319351,87.04742174726444,87.26108422306125,5325800
2016-06-30,87.41773986816406,87.48896066619302,87.10436727007689,87.20407747407717,5398300
2016-07-01,87.87548065185547,87.96117450262516,87.66837809834537,87.83262827798062,4396300
2016-07-05,88.17546081542969,88.25401718063446,87.98263866502069,88.1683178417313,4415000
2016-07-06,88.33255004882812,88.37539698263589,88.12544745460544,88.2968406383276,6770300
2016-07-07,88.34680938720703,88.45393214456446,88.16827327444125,88.28967652348443,2597100
2016-07-08,88.83963012695312,88.85391062817507,88.45399121203972,88.58968049186853,3835300
2016-07-11,88.6110610961914,88.89672001886362,88.59677515338787,88.75388783328212,3000200
2016-07-12,88.11116027832031,88.43966614606322,88.10402275511292,88.43252862285583,4363000
2016-07-13,88.45396423339844,88.59679099602906,88.3611273825377,88.47538770294385,3738500
2016-07-14,88.23970031738281,88.32539962626018,87.98975081043707,88.00403675282861,7254900
2016-07-15,87.90403747558594,88.19683931449619,87.83976709055085,88.03258369414584,4442600
2016-07-18,87.90403747558594,88.16112991270575,87.71836384204698,88.1325689294611,4737300
2016-07-19,88.06117248535156,88.13259130706626,87.85406988905942,88.13259130706626,7196300
2016-07-20,88.03263092041016,88.0611973674694,87.79696726703358,87.97550347478435,3676800
2016-07-21,88.1325912475586,88.16115223803584,87.69696258815048,87.75409001759608,3570100
2016-07-22,88.08260345458984,88.27542557205666,87.91121025455725,87.96120016492057,3748200
2016-07-25,88.03263092041016,88.21116712816092,87.98264100017965,88.21116712816092,3295600
2016-07-26,87.94693756103516,88.23973411030575,87.8183912727354,88.23973411030575,4929300
2016-07-27,88.31114196777344,88.3682694066397,87.9826305897093,88.11831983506222,5976800
2016-07-28,88.22544860839844,88.28258149962383,88.01834596407564,88.1183257994739,5276100
2016-07-29,88.54674530029297,88.58245469269977,88.19681613835719,88.19681613835719,4226100
2016-08-01,88.04768371582031,88.38420903431849,88.03336046757178,88.29828593298322,4827700
2016-08-02,87.55370330810547,87.83294677549584,87.43198291723743,87.66110590234551,4526700
2016-08-03,87.6682357788086,87.81859717119498,87.48207171373554,87.73267403437953,6037600
2016-08-04,88.04057312011719,88.23389884449371,87.87589390884128,87.96181159725592,3413100
2016-08-05,87.68258666992188,88.04059168104979,87.64678944644285,87.97615340115378,3888300
2016-08-08,87.73983001708984,87.90450919032443,87.51786875632996,87.59662479827658,4161300
2016-08-09,88.25541687011719,88.29837573311501,87.8902501464632,87.98332950386653,4259100
2016-08-10,88.5059585571289,88.5847200603484,88.26967404747042,88.49879693063974,6338800
2016-08-11,88.21240997314453,88.61337919760534,88.11216903270972,88.57041489261788,4227600
2016-08-12,88.6133804321289,88.8281801091725,88.55609833316197,88.6133804321289,6585200
2016-08-15,88.34127044677734,88.52743448912449,88.34127044677734,88.5131166994302,2980700
2016-08-16,88.18379974365234,88.44871996409749,88.14799705632149,88.44155833408671,4526300
2016-08-17,88.42719268798828,88.54175685527679,88.19806981613145,88.24819027364013,4566900
2016-08-18,88.6419906616211,88.74223156859959,88.4271855965416,88.59902637097335,4237900
2016-08-19,88.37713623046875,88.5704565743645,88.25541581161869,88.45589778683623,5272100
2016-08-22,88.67781066894531,88.76373380961759,88.52744926980965,88.67064904154233,5221000
2016-08-23,88.77802276611328,88.94986899164125,88.7135845285798,88.82098705385495,5398800
2016-08-24,88.72078704833984,88.9642277859696,88.71362541996194,88.90694568439017,3871200
2016-08-25,88.63488006591797,88.83536199529865,88.61340063958758,88.7279594009239,3679300
2016-08-26,88.35562896728516,89.1074361375324,88.29834686020277,88.8210365275653,3388100
2016-08-29,88.85684204101562,88.96424463613904,88.57759857132848,88.64204231349169,2668000
2016-08-30,88.74227142333984,88.8568301701702,88.64918663739788,88.84251237533722,10626500
2016-08-31,88.70646667480469,88.82103088168721,88.6205435196428,88.79238982996658,5300000
2016-09-01,88.70645904541016,88.74952913513553,88.35470719996097,88.44084737941172,10146300
2016-09-02,88.54849243164062,88.72077819804916,88.36902649421253,88.71360350389538,4155700
2016-09-06,88.85719299316406,88.94333863315362,88.42647574695013,88.63465693594136,6387400
2016-09-07,88.73518371582031,89.0438655044234,88.73518371582031,88.97925488608536,2983400
2016-09-08,88.11062622070312,88.58441909171945,88.060375959553,88.47673839586413,4632300
2016-09-09,87.45021057128906,87.8522127428628,87.39996029984235,87.65839183210227,8136000
2016-09-12,87.45738220214844,87.62248787354241,87.25638113599841,87.37841671517974,5164100
2016-09-13,87.17021942138672,87.57222147965383,86.89743309282935,87.57222147965383,13637100
2016-09-14,87.22761535644531,87.37836606867927,87.11275454129651,87.21325501611915,4444000
2016-09-15,87.28511047363281,87.36407597832797,87.0051438576662,87.21332514487436,3441100
2016-09-16,87.3856201171875,87.45022527267895,87.22050892503759,87.39997499278458,6832400
2016-09-19,87.3568344116211,87.51476530012256,87.29940400182686,87.44297454944711,5997100
2016-09-20,87.47174835205078,87.73017989238392,87.44303312791722,87.56507419970214,5026100
2016-09-21,87.91680145263672,87.93833649547967,87.30661817232729,87.49325886154455,4651400
2016-09-22,88.2757568359375,88.37625738042074,88.08193044524204,88.09629079552187,8544300
2016-09-23,88.21113586425781,88.32599674554513,88.182420643936,88.26856630490147,6284600
2016-09-26,88.34754180908203,88.4480423531698,88.22550621652815,88.2613961383487,5027000
2016-09-27,88.56291961669922,88.61316989803093,88.34755813849476,88.54137908738285,4571800
2016-09-28,88.62033081054688,88.66340638560825,88.47676016532643,88.64904603496478,8094600
2016-09-29,88.58442687988281,88.61314209976,88.35471059773353,88.43367608317874,5409100
2016-09-30,88.4264907836914,88.6203116605431,88.18241416731641,88.6203116605431,5224600
2016-10-03,88.176025390625,88.49270968610436,88.176025390625,88.47111819905152,5555900
2016-10-04,87.7657699584961,88.21920765663404,87.7657699584961,88.11844372371449,6890100
2016-10-05,87.67218780517578,87.91690410327759,87.5714238857285,87.83773166782305,4168600
2016-10-06,87.67938232421875,87.9025016357243,87.55702692702032,87.67218333284781,5909300
2016-10-07,87.88809204101562,87.95286647708434,87.5858003569208,87.80172063503693,2545900
2016-10-10,87.88809204101562,87.89529103098563,87.64337580301952,87.88809204101562,2246100
2016-10-11,87.61463928222656,87.81616718308128,87.58584879764396,87.62903177890612,3416600
2016-10-12,87.72977447509766,87.7585649527052,87.50665513766685,87.66500001889727,2327800
2016-10-13,87.94567108154297,88.04643497406799,87.85210068761238,87.880891155651,4204300
2016-10-14,87.53544616699219,87.88092091801593,87.52824717473939,87.70818354250406,2208900
2016-10-17,87.82335662841797,87.85934610528938,87.66501720736407,87.66501720736407,2698800
2016-10-18,88.0393295288086,88.0393295288086,87.74423652750265,87.75143003374042,2944100
2016-10-19,88.1543960571289,88.2191704904785,87.92407780874116,87.98165325242296,5010500
2016-10-20,88.12561798095703,88.36312976118874,88.11121999959695,88.36312976118874,2646800
2016-10-21,88.176025390625,88.22640735748917,88.0248794900325,88.18321889216091,3502500
2016-10-24,87.92411041259766,88.20481071030837,87.82334099354196,88.20481071030837,3816500
2016-10-25,87.85931396484375,88.01765881919557,87.79453951963865,87.87370645559336,6611600
2016-10-26,87.49227905273438,87.7513879248356,87.48508554994854,87.72259744002174,10256000
2016-10-27,87.09640502929688,87.31952437848074,86.89487716665049,87.31952437848074,11643100
2016-10-28,86.99564361572266,87.1899724914065,86.97404663733771,87.05321908441476,5629800
2016-10-31,87.07479858398438,87.23313795513191,87.04600810980624,87.20435297217524,5377300
2016-11-01,86.96515655517578,87.0806165152339,86.72701316132932,86.9074238222985,9303000
2016-11-02,87.0949935913086,87.18158712640698,86.96509778296831,87.0300429342921,4798100
2016-11-03,86.92184448242188,87.03730993519781,86.85689929450727,86.96514678006076,6320500
2016-11-04,87.18160247802734,87.24655314648088,87.05170664681398,87.05170664681398,4242900
2016-11-07,87.12391662597656,87.15277748599271,87.00123319527457,87.08783229241192,4352400
2016-11-08,86.92901611328125,87.15994139004563,86.83520461217765,87.0949962367492,3632400
2016-11-09,85.65171813964844,86.37336037048361,85.52182231787037,86.21459819878895,9216200
2016-11-10,85.57962036132812,85.93322931128091,85.44972993771019,85.52189311939722,9063900
2016-11-11,85.2115478515625,85.62288385696317,85.16824555762351,85.54350274138626,6011900
2016-11-14,84.7713394165039,85.16102699988433,84.5620624454832,84.66309194794907,7148700
2016-11-15,85.03112030029297,85.18988249984416,84.84349174576026,84.90844242089223,4840300
2016-11-16,85.15381622314453,85.19711301194394,84.90124244565565,84.93010880675372,5417800
2016-11-17,84.61258697509766,84.9950566365898,84.5187754278793,84.94454187951905,6106200
2016-11-18,84.13626861572266,84.75688140099562,84.0857538776513,84.7280205555493,9801400
2016-11-21,84.22286987304688,84.39606247872447,84.13627081736124,84.2806025768373,5077200
2016-11-22,84.43936157226562,84.51152469643304,84.27338143155647,84.50430673230827,3693100
2016-11-23,84.12903594970703,84.25893174578907,83.73934856146089,83.92697704595544,6098300
2016-11-25,84.13626861572266,84.3383330737016,84.04245710378828,84.3383330737016,876100
2016-11-28,84.51873016357422,84.55480896747656,84.33831962698456,84.4104827404819,3125200
2016-11-29,84.63421630859375,84.66308266408933,84.39607300502608,84.4610236813147,3926200
2016-11-30,84.3166732788086,84.38162394075002,84.05688714812233,84.11461434066754,11333400
2016-12-01,83.84413146972656,84.05397762758844,83.64875498589998,83.9237284785938,11597800
2016-12-02,84.22767639160156,84.43752263684303,84.05401262751853,84.05401262751853,7533500
2016-12-05,84.4085922241211,84.56778633543037,84.01784454745443,84.14085617140343,4107500
2016-12-06,84.40135955810547,84.50266390383133,84.3796522726889,84.4447741289386,9040100
2016-12-07,84.75591278076172,84.85721711215967,84.56054171897193,84.59672420333064,8069200
2016-12-08,84.4085922241211,84.55331113221727,84.35070245261363,84.53160384807009,5941700
2016-12-09,84.0829849243164,84.44478779493855,83.97444847966871,84.32901374708977,8875100
2016-12-12,84.00334930419922,84.09742154062486,83.84416075153881,83.98164202523058,7302800
2016-12-13,84.19151306152344,84.35070718175798,84.03955654330123,84.35070718175798,6232700
2016-12-14,83.65605926513672,84.56780403484704,83.63435197644637,84.56780403484704,6133700
2016-12-15,83.71391296386719,83.97441135721084,83.61984072586066,83.82244936053434,9352800
2016-12-16,83.64879608154297,83.93823939047209,83.61261911834679,83.8441726613557,7852000
2016-12-19,84.05404663085938,84.09746120927525,83.90208456505631,84.08298600268745,5777400
2016-12-20,84.00334930419922,84.03229418304778,83.8079782728103,83.88757530947609,3750000
2016-12-21,84.27111053466797,84.28558573876357,84.0250872717708,84.0250872717708,4199600
2016-12-22,84.27692413330078,84.32045757821996,84.08826997900265,84.16082756579762,3773400
2016-12-23,84.40750885009766,84.44378486650932,84.32769386388928,84.34220316329642,1291700
2016-12-27,84.25513458251953,84.29141059819376,84.16806218048379,84.2406197476198,2542800
2016-12-28,84.56710815429688,84.66143240570575,84.26235761938814,84.40747823976983,1731700
2016-12-29,84.89366912841797,84.9952508537427,84.64697223428327,84.74129654043085,3309500
2016-12-30,85.0242691040039,85.15487496119977,84.8573816892248,84.89366324680805,2388400
2017-01-03,85.09683227539062,85.18390469783918,84.54538467146075,84.85738726549872,5822600
2017-01-04,85.38705444335938,85.38705444335938,85.1331001717128,85.27821531671428,4999200
2017-01-05,85.84419250488281,85.86595922821992,85.4088414307728,85.47414713657338,7071100
2017-01-06,85.39429473876953,85.60471553188137,85.34350389462439,85.52490055739803,4496000
2017-01-09,85.56120300292969,85.67004214137748,85.52492698063945,85.62650870031378,3561400
2017-01-10,85.51038360595703,85.59745599481455,85.45233534671867,85.56117444884391,4259600
2017-01-11,85.64100646972656,85.90221815251132,85.39430962253418,85.54668218152732,7133600
2017-01-12,85.63378143310547,85.93127478157618,85.62652954835488,85.9240173610357,3922600
2017-01-13,85.45963287353516,85.59749616998569,85.17665439666564,85.48865701677681,4045300
2017-01-17,85.82959747314453,86.0109940341574,85.69173431532396,85.93117910444904,8443000
2017-01-18,85.26371002197266,85.6265034373073,85.19840432860255,85.58296446313118,6026200
2017-01-19,84.97344970703125,85.14758894621261,84.83558647746159,85.1113129366009,3371300
2017-01-20,85.1258316040039,85.15485573636023,84.82108651794331,84.98796835925818,4570600
2017-01-23,85.51766204833984,85.65552531398039,85.12584450582573,85.2854744900857,8747800
2017-01-24,85.26371002197266,85.44510672963999,85.14035605355984,85.37980103626988,5129700
2017-01-25,84.93716430664062,85.07502752995316,84.79204920320684,85.01697927426511,5886400
2017-01-26,85.03878021240234,85.07506177075648,84.76305919059209,84.93719849195706,4033200
2017-01-27,85.14033508300781,85.19838334375291,85.05326822767701,85.14759249954766,3816700
2017-01-30,84.99527740478516,85.14039261892658,84.96625325479876,85.10411658328651,3651000
2017-01-31,85.14761352539062,85.29998609563233,84.9517075167336,85.0242650926885,4982500
2017-02-01,85.04280853271484,85.15921849825811,84.78089166097517,84.96277806908702,3626900
2017-02-02,85.064697265625,85.3338913480605,85.03559475259927,85.22475831189817,7145600
2017-02-03,85.15923309326172,85.43569848270995,84.97734665397729,85.3120170361726,5243200
2017-02-06,85.42841339111328,85.50844386088784,85.24652696903168,85.43569040220181,4494500
2017-02-07,85.5739974975586,85.72678155392248,85.33390588724205,85.42848490763747,3228900
2017-02-08,85.87227630615234,85.95230683147344,85.73404075319102,85.85772782461076,6287200
2017-02-09,85.53028869628906,85.87223613529196,85.47208924661136,85.87223613529196,4692700
2017-02-10,85.50848388671875,85.57396591570094,85.31204890124354,85.37752537949005,4881600
2017-02-13,85.47210693359375,85.47210693359375,85.3120459247059,85.42117893537811,3723500
2017-02-14,85.26835632324219,85.50117073204845,84.98461393596997,85.50117073204845,4404100
2017-02-15,85.2029037475586,85.2029037475586,85.02829427970954,85.08649373516928,3632700
2017-02-16,85.4430160522461,85.53759504730428,85.27567800635025,85.35570852168266,4037700
2017-02-17,85.6612319946289,85.75581649122385,85.58120152092549,85.74853947977809,3104800
2017-02-21,85.6976318359375,85.79221080424132,85.48664285981235,85.53757085055051,3656200
2017-02-22,85.76311492919922,85.97410392162747,85.51575196956719,85.88680195975034,4259100
2017-02-23,85.98135375976562,86.00317924333667,85.88677481404669,85.9668052876294,4247900
2017-02-24,86.41791534423828,86.48339737240319,86.17055236185792,86.30151086745212,5388800
2017-02-27,86.21418762207031,86.40335110692358,86.18508512049792,86.40335110692358,5083400
2017-02-28,86.27236938476562,86.41787630269567,86.21416439730037,86.30147187849826,4290600
2017-03-01,85.76246643066406,85.80624146492217,85.63844922617083,85.79894469824545,6524600
2017-03-02,85.63115692138672,85.70411346035098,85.53632121285668,85.68222315918021,4687900
2017-03-03,85.71868133544922,85.74056606568753,85.44875667564065,85.73326930034104,4926300
2017-03-06,85.56549072265625,85.7186894145648,85.50712772598584,85.70410144829805,3464400
2017-03-07,85.14237976074219,85.44877718923738,85.06213202006928,85.36123824726876,5999600
2017-03-08,84.87974548339844,84.97458675120626,84.74114031366732,84.97458675120626,7933300
2017-03-09,84.42018127441406,84.6390342615403,84.37641179014966,84.6171495194081,5497200
2017-03-10,84.6317367553711,84.67550623637591,84.44935649677927,84.67550623637591,4789100
2017-03-13,84.34718322753906,84.62439908291539,84.34718322753906,84.55144812790068,3171600
2017-03-14,84.42018127441406,84.47854429730275,84.35452148221324,84.41288450510193,3598500
2017-03-15,85.14966583251953,85.21532003074942,84.55875578524324,84.65359148239813,7841600
2017-03-16,85.02565002441406,85.16425518931815,84.98917175871188,85.15696398881926,3116900
2017-03-17,85.2226333618164,85.29558434040763,85.12050087862814,85.17156712022226,4440500
2017-03-20,85.41959381103516,85.44877531298476,85.2226256301282,85.25180713207783,2939600
2017-03-21,85.63115692138672,85.69681669329405,85.37582573241929,85.42689197021278,5032300
2017-03-22,85.85002136230469,85.93756587565348,85.69682263829645,85.87190609919116,3905800
2017-03-23,85.7916488647461,85.92296283734436,85.68221962661381,85.90837486963444,4504900
2017-03-24,85.8791732788086,85.95212423189737,85.7332658068301,85.7332658068301,3158300
2017-03-27,86.06160736083984,86.14914633306795,85.93759010631373,86.14914633306795,3492100
2017-03-28,85.8791732788086,86.14909236181715,85.85728854946206,86.03237195003531,4834900
2017-03-29,86.1563949584961,86.1563949584961,85.95213004970115,86.02508100772772,3457100
2017-03-30,85.93022918701172,86.11260933074021,85.8937509319459,86.03236162223564,2667700
2017-03-31,86.01778411865234,86.0396688480327,85.93023963532997,85.98860262421155,5772300
2017-04-03,86.40399932861328,86.40399932861328,86.03093614530987,86.0528800535892,3713700
2017-04-04,86.17729949951172,86.33822905964826,86.17729949951172,86.30896863227291,3016200
2017-04-05,86.28699493408203,86.36745968638637,86.09680501219417,86.22847409952362,6753900
2017-04-06,86.36746215820312,86.40403907606245,86.17727223087208,86.37477865794582,2012600
2017-04-07,86.15531158447266,86.63810001837712,86.13336767035938,86.56494619686212,2121700
2017-04-10,86.31624603271484,86.42597119045253,86.25041428658425,86.30892953397144,2766200
2017-04-11,86.71855926513672,86.76976358844243,86.50642547405513,86.50642547405513,3534200
2017-04-12,87.00382995605469,87.00382995605469,86.68928755934509,86.90873223884009,2886300
2017-04-13,87.15013885498047,87.20134317892699,86.96726547219247,87.09161803308365,3286700
2017-04-17,86.98191833496094,87.20136309591656,86.9380249180866,87.1867356775278,2933700
2017-04-18,87.49393463134766,87.53051153728813,87.15744830393393,87.25254044618598,3616800
2017-04-19,87.23057556152344,87.36224457805788,87.16474384368169,87.31835676616339,1839400
2017-04-20,87.10626220703125,87.18672695225196,86.97459313129315,87.12088962395617,3264000
2017-04-21,87.10626220703125,87.25987519858347,87.09894570814207,87.25255869969428,3892400
2017-04-24,86.98919677734375,87.06966150057647,86.85752773758584,86.99651327423362,3193400
2017-04-25,86.64543151855469,86.90876971217645,86.6161766800228,86.86488187352428,3541100
2017-04-26,86.85751342773438,86.88677382962122,86.6380687848595,86.66001269106188,3320400
2017-04-27,86.93803405761719,87.00387139942296,86.7624771142261,86.8575692958849,4391000
2017-04-28,87.04039764404297,87.05503063724272,86.75511566601656,86.83558038606009,4478000
2017-05-01,86.77050018310547,87.07122342836347,86.68248075727575,86.96853689622695,3479800
2017-05-02,87.02721405029297,87.04921750712856,86.76316137627367,86.81450464088876,2858200
2017-05-03,86.98326110839844,87.21064337540612,86.91725069268651,87.18863990350215,2854900
2017-05-04,86.81454467773438,86.81454467773438,86.67518192550996,86.73386156813064,1540100
2017-05-05,86.84386444091797,86.84386444091797,86.64582209181427,86.82919173565236,2887300
2017-05-08,86.68983459472656,86.82186096210415,86.62381861303903,86.82186096210415,3886500
2017-05-09,86.70450592041016,86.70450592041016,86.58715225258842,86.63849553151,3012400
2017-05-10,86.82182312011719,86.93917673108253,86.7191366120244,86.93917673108253,4282600
2017-05-11,86.86585235595703,86.8951921652397,86.66047928697472,86.69714985158075,2263500
2017-05-12,87.30596160888672,87.32796507272327,87.12259194891811,87.13726465547444,3165000
2017-05-15,87.29861450195312,87.34262702020261,87.19592795269973,87.25460757970087,3752700
2017-05-16,87.42330932617188,87.54799933543583,87.3206227778372,87.34995699507809,3996400
2017-05-17,87.95873260498047,88.00274511636943,87.71668337832855,87.71668337832855,7304300
2017-05-18,87.9441146850586,87.9807852697299,87.79741555837491,87.95145104039266,4825400
2017-05-19,87.99539947509766,87.99539947509766,87.79735718474646,87.89271295269177,2907800
2017-05-22,87.92205047607422,87.9660573856784,87.87070721620414,87.92938123034449,2852900
2017-05-23,87.65066528320312,88.02474081907303,87.62132547686079,88.02474081907303,5154200
2017-05-24,87.7900161743164,87.84135942952123,87.56263410469923,87.70199676711023,5274800
2017-05-25,87.82669830322266,87.84870175892482,87.68734121844373,87.84870175892482,2806200
2017-05-26,87.89271545410156,87.95139506743088,87.81203238477275,87.88537910343642,2054800
2017-05-30,88.09810638427734,88.1054427364314,87.98808348595472,88.01742329857389,3898300
2017-05-31,88.20082092285156,88.20815727733398,88.03211834574924,88.09813434409322,4428500
2017-06-01,88.21991729736328,88.2272729795722,88.00664739923693,88.02135876365479,9430000
2017-06-02,88.63172149658203,88.67584996702897,88.46993580741011,88.58759863687514,5130100
2017-06-05,88.38170623779297,88.52143614225452,88.37435055578409,88.44054047238113,3198500
2017-06-06,88.63908386230469,88.7346908798674,88.58024963776462,88.7346908798674,1806700
2017-06-07,88.52880096435547,88.6905923310602,88.48467808643322,88.59499089198121,5702400
2017-06-08,88.37437438964844,88.53616577302904,88.24935581548814,88.53616577302904,3895200
2017-06-09,88.28609466552734,88.35227896377461,88.13900909596546,88.21254907537602,6884700
2017-06-12,88.30818176269531,88.45526176426131,88.1905132728486,88.21993039531029,4075100
2017-06-13,88.40372467041016,88.40372467041016,88.21987198481058,88.21987198481058,4822000
2017-06-14,89.00678253173828,89.21269669111521,88.83028548237807,88.97736542172157,6852800
2017-06-15,88.79353332519531,88.8891403576509,88.68322053968419,88.8891403576509,6624700
2017-06-16,88.86708068847656,88.91856485529775,88.80825206062998,88.86708068847656,4314800
2017-06-19,88.75675964355469,88.87442249161442,88.71263116613396,88.87442249161442,7827700
2017-06-20,88.95535278320312,89.04360416165844,88.79356139473995,88.88181277319526,6906500
2017-06-21,88.99943542480469,89.04356389945063,88.85971115219083,88.94795688000156,5462700
2017-06-22,89.072998046875,89.15389371999929,88.97004093757894,89.12447660152303,3520800
2017-06-23,89.11710357666016,89.12445925753319,89.021502168273,89.06562503203007,5495700
2017-06-26,89.27888488769531,89.39654771477684,89.25682345828878,89.31565206645956,3808600
2017-06-27,88.87442779541016,89.09505336345732,88.85236636075369,89.08034199985885,4736500
2017-06-28,88.97001647949219,88.97001647949219,88.71261816626985,88.91853793899574,3933900
2017-06-29,88.69795227050781,88.77149227415454,88.49938808884478,88.52145513960716,6954200
2017-06-30,88.62440490722656,88.75677914709497,88.59498778606223,88.73471770890727,4567700
2017-07-03,88.43264770507812,88.73496601266831,88.43264770507812,88.73496601266831,5759500
2017-07-05,88.58009338378906,88.59484390708198,88.41050174565471,88.50635764435343,5406900
2017-07-06,88.35155487060547,88.40317047646376,88.11559701158488,88.322059435018,11548000
2017-07-07,88.2778091430664,88.31467421413566,88.18932284627893,88.26305861409593,9803900
2017-07-10,88.42532348632812,88.44744366481399,88.29259678973176,88.40320330784226,2234500
2017-07-11,88.46216583251953,88.47691073822125,88.28519883570193,88.41055022404441,4340900
2017-07-12,88.85299682617188,88.9414831636091,88.76451048873466,88.85299682617188,6779600
2017-07-13,88.69813537597656,88.80136660651176,88.57278397113811,88.76449589888628,3977400
2017-07-14,88.90459442138672,89.07419179399596,88.76449248860865,89.01520091433362,5302000
2017-07-17,88.98567962646484,89.0372952247564,88.81608230311923,88.90456859690977,5899000
2017-07-18,89.36911010742188,89.36911010742188,89.16264771165454,89.25850927088821,4775300
2017-07-19,89.33961486816406,89.4428460597696,89.28799364668329,89.36173503412553,4144200
2017-07-20,89.4207534790039,89.56823068298343,89.3617682230922,89.53135997556852,1925200
2017-07-21,89.6271743774414,89.67141470250345,89.53868810164016,89.54606336437622,3634000
2017-07-24,89.52401733398438,89.5903778765286,89.45027589691504,89.56825769568053,2647900
2017-07-25,88.99307250976562,89.20691020950345,88.97095233835816,89.17741477240037,7043100
2017-07-26,89.28803253173828,89.361773951295,88.95621864645484,88.98571408914145,9355500
2017-07-27,89.06681823730469,89.1700494658554,89.00045208999065,89.10368331854136,2769100
2017-07-28,89.30272674560547,89.30272674560547,89.066768978604,89.1036340394523,2312200
2017-07-31,89.30272674560547,89.31010200804589,89.15525525085839,89.15525525085839,3689900
2017-08-01,89.62659454345703,89.62659454345703,89.13864701410732,89.18300382932448,7390500
2017-08-02,89.48609161376953,89.67091913140194,89.45651853408977,89.58219989236264,6728600
2017-08-03,89.61177825927734,89.65613506117002,89.52305901500345,89.53784837596004,6520500
2017-08-04,89.26431274414062,89.39738880691628,89.1460260441674,89.3826050846031,5095700
2017-08-07,89.28648376464844,89.3308462088981,89.153407712877,89.27170004355773,10816400
2017-08-08,88.85770416259766,89.21256993754237,88.8429147983559,89.19778621379042,9992700
2017-08-09,88.94641876220703,89.17560878655087,88.93902972049486,89.13864101603062,7465800
2017-08-10,88.9168472290039,89.04253426667707,88.76159274298524,88.96859872434347,8053400
2017-08-11,89.07945251464844,89.09424187202555,88.78372741246524,88.93898746248898,10910500
2017-08-14,89.02035522460938,89.19778811586535,88.9833874537065,89.02774426639802,3051500
2017-08-15,88.9168472290039,88.97599340667482,88.79856051415204,88.84291732716025,4710000
2017-08-16,89.16824340820312,89.30871421375598,88.93166426439879,88.93905894903098,5190200
2017-08-17,89.25691223144531,89.33823115445016,89.07208470359468,89.16079830705033,8973800
2017-08-18,89.19773864746094,89.48606905102972,89.16816557523762,89.47867437285218,4350900
2017-08-21,89.32347869873047,89.36044647343533,89.24954878981123,89.33826242431812,3666200
2017-08-22,89.2347640991211,89.30130496897812,89.1904072795436,89.2939102855516,2390100
2017-08-23,89.57481384277344,89.58220288257387,89.36041323830466,89.41955375915008,4590000
2017-08-24,89.40479278564453,89.55265258610952,89.37521969745356,89.45654427985626,2929800
2017-08-25,89.61177825927734,89.6709244221266,89.41955605026152,89.46391849264273,5488000
2017-08-28,89.61177825927734,89.64874602118027,89.45652381216445,89.58959985833101,5200500
2017-08-29,89.6783676147461,89.97408730798695,89.62661610437978,89.93712516657763,3499700
2017-08-30,89.7522964477539,89.7522964477539,89.6340040595013,89.67097184095311,2573700
2017-08-31,89.90754699707031,89.9445147768857,89.78925461405409,89.79664929811543,4549400
2017-09-01,89.55171966552734,89.85563932245185,89.54431112904481,89.83340240226154,7946000
2017-09-05,90.10765838623047,90.18178898834553,89.81856713516869,89.85563243622622,7357000
2017-09-06,89.78894805908203,90.13734165398263,89.75188840017378,90.09286780114356,8863700
2017-09-07,90.13728332519531,90.29294736477317,89.95196818445463,89.96679656272069,7698800
2017-09-08,89.8704605102539,90.07801263563412,89.86305197389838,90.07801263563412,6776600
2017-09-11,89.59619903564453,89.83340227629414,89.58137065195754,89.68514671628104,4220300
2017-09-12,89.49980163574219,89.55910383995433,89.35896596995019,89.55910383995433,4615800
2017-09-13,89.41085052490234,89.5739230971212,89.39602214673839,89.55910037432648,5671300
2017-09-14,89.6332778930664,89.6332778930664,89.36642348322569,89.36642348322569,4333500
2017-09-15,89.70738220214844,89.7296247773233,89.5368953800734,89.68514528234485,4631300
2017-09-18,89.61840057373047,89.67770277432273,89.5146245503786,89.6628743964901,4971700
2017-09-19,89.67030334472656,89.73701408984628,89.57393583906023,89.65547496445325,5296800
2017-09-20,89.55912780761719,89.75926573118191,89.35157569269941,89.74444300384677,6603300
2017-09-21,89.55912780761719,89.74444300384677,89.55171361626414,89.58136472630538,3410000
2017-09-22,89.67772674560547,89.78150279669717,89.61842452916144,89.73702330667885,2099200
2017-09-25,90.01129913330078,90.0335360524323,89.74444479298053,89.78151009511377,3489900
2017-09-26,89.99645233154297,90.03351196839162,89.84819681803958,89.9149132129585,10290700
2017-09-27,89.6480712890625,89.69995931209156,89.42569081586919,89.58135488495637,6695500
2017-09-28,89.78148651123047,89.79630923496747,89.50721805145444,89.53686915429805,6350800
2017-09-29,89.86307525634766,89.91496330113628,89.65551742182042,89.84083267540449,7627300
2017-10-02,89.94702911376953,90.0139237567237,89.76121885181121,89.90243646545287,7218100
2017-10-03,90.14773559570312,90.14773559570312,89.87273428053462,89.91733261329334,7569400
2017-10-04,90.09567260742188,90.15513324680576,89.91729635974892,90.15513324680576,5376300
2017-10-05,89.96932220458984,90.04364516792195,89.87269724882734,90.04364516792195,3932800
2017-10-06,89.8950424194336,89.92477275501753,89.6126127371088,89.6943697423442,5901300
2017-10-09,89.96932220458984,89.98418452906482,89.83553860240059,89.94702021215944,1312200
2017-10-10,90.02881622314453,90.22949454871235,89.96936122897729,89.99908589082037,3873400
2017-10-11,89.98420715332031,90.16258344426132,89.93218049885918,90.16258344426132,7170900
2017-10-12,90.0064697265625,90.07336435462852,89.89498246010442,90.01390372312049,10302500
2017-10-13,90.36322021484375,90.41524684540066,90.22943664048636,90.3557862189135,5755800
2017-10-16,90.23686981201172,90.34835139755985,90.14767887309581,90.33348907631257,4886100
2017-10-17,90.22203826904297,90.29636124625989,90.12541896570893,90.13284729409484,4476900
2017-10-18,90.0882339477539,90.14769458406066,89.96188434846086,90.00647699045172,3272500
2017-10-19,90.22203826904297,90.34095956897379,90.15514929069164,90.34095956897379,4143300
2017-10-20,89.97675323486328,90.05108187090717,89.85783762405491,89.91729826469849,7280400
2017-10-23,90.06595611572266,90.1625754166966,90.03622579146617,90.11054876686762,2675800
2017-10-24,89.84295654296875,89.97674012969175,89.82066022359457,89.84295654296875,4686200
2017-10-25,89.60513305664062,89.66459369749661,89.48621744540748,89.62000105209403,8866600
2017-10-26,89.59770202636719,89.78351227057743,89.59026802886477,89.78351227057743,9420100
2017-10-27,89.86527252197266,89.89499717211342,89.69432459602959,89.7166209188746,6915900
2017-10-30,90.16253662109375,90.19226693255773,89.71659329008828,89.71659329008828,5236600
2017-10-31,90.03617095947266,90.19968480806371,90.02130864163533,90.19968480806371,5932800
2017-11-01,90.17857360839844,90.28290337487782,90.05933634068151,90.20838292532767,5967400
2017-11-02,90.16364288330078,90.28288012030522,90.09657620164407,90.28288012030522,13253900
2017-11-03,90.26800537109375,90.31272219396536,90.1040626390527,90.24564980243117,5307500
2017-11-06,90.29032897949219,90.35739565751702,90.20835480487689,90.31268453883379,9576900
2017-11-07,90.21580505371094,90.25306811054595,90.14128462558512,90.18599574535176,7643200
2017-11-08,90.09658813476562,90.25308276490308,90.0816806353934,90.2307272013899,7185500
2017-11-09,89.85809326171875,89.98477854192643,89.80592840013068,89.88044881875028,7232300
2017-11-10,89.34391021728516,89.53766789210323,89.2619360350754,89.49295108373315,5816600
2017-11-13,89.35880279541016,89.5152973847147,89.35880279541016,89.50038988923218,3646400
2017-11-14,89.38121032714844,89.50044193262202,89.33649350024224,89.41101964990358,6112500
2017-11-15,89.76122283935547,89.78358408473031,89.31409458611027,89.47804293892716,7141900
2017-11-16,89.65687561035156,89.81337018417685,89.62706630787869,89.69413865982844,5051200
2017-11-17,89.76868438720703,89.85811231984354,89.70906576544935,89.80594744719176,5521500
2017-11-20,89.76868438720703,89.8730141325106,89.70906576544935,89.7388750763282,3190600
2017-11-21,90.06674194335938,90.12636054534688,89.92514918502475,90.09655124435314,4372100
2017-11-22,90.41703033447266,90.44683964740483,90.15620595324755,90.20837082949258,4111500
2017-11-24,90.31269836425781,90.4468374263861,90.29779086538525,90.35740948978558,1359700
2017-11-27,90.2605209350586,90.3648506704756,90.20090231895054,90.29033024311262,6049200
2017-11-28,90.38722229003906,90.46174273064275,90.29779434998751,90.34995922696463,5176400
2017-11-29,90.0295181274414,90.07423494118947,89.88793099295087,90.0295181274414,7606300
2017-11-30,89.9251708984375,90.12638230734433,89.776130043024,90.1189285589104,6119600
2017-12-01,90.2031021118164,90.69625725537485,89.96399537841596,90.27034820835674,13958300
2017-12-04,90.34513092041016,90.35259891314219,90.09855034206589,90.24799000731574,5766700
2017-12-05,90.51692962646484,90.53934499222493,90.28529657927164,90.41232078574829,4541900
2017-12-06,90.6888198852539,90.81584413321816,90.66639881141657,90.77101338705575,4801500
2017-12-07,90.50946807861328,90.83824202254108,90.36750217617129,90.77846390532602,8295200
2017-12-08,90.39739227294922,90.49452743897298,90.34508784497412,90.42727563114492,5135100
2017-12-11,90.46467590332031,90.57675849568707,90.43478683197202,90.47961758861574,4521500
2017-12-12,90.39739227294922,90.40486026212061,90.24794697819526,90.3749712031698,10153000
2017-12-13,90.71127319335938,90.81588211198938,90.47963427288565,90.5468861210098,7205800
2017-12-14,90.87560272216797,90.90549178010163,90.57671784358614,90.62902226978134,8022200
2017-12-15,91.0026626586914,91.04749341280922,90.77849748658807,90.93541082675755,5846000
2017-12-18,90.7336654663086,90.98771400377387,90.71872378206355,90.95035694278272,6371100
2017-12-19,90.27040100097656,90.55434433221599,90.15085041473696,90.53939694596258,6029200
2017-12-20,90.0312728881836,90.18818620228127,89.9640267681801,90.07610933560878,9805700
2017-12-21,90.27388763427734,90.2963503622655,90.05673840905918,90.07171736958433,6210400
2017-12-22,90.34125518798828,90.35622843134773,90.22144638992097,90.28135078895463,2934900
2017-12-26,90.46107482910156,90.49851651354952,90.30383003745831,90.36373444745544,1873000
2017-12-27,90.9627685546875,90.9702523214558,90.56590611680426,90.66325221278277,3179300
2017-12-28,90.90287780761719,90.96278222756236,90.76809571914053,90.95529274686923,2493200
2017-12-29,91.02264404296875,91.07505896097688,90.79801112841862,90.79801112841862,3003300
2018-01-02,90.4161376953125,90.94777641154624,90.22894072285843,90.84294656399582,8480600
2018-01-03,90.58088684082031,90.64079125292825,90.37871087815581,90.55842411447964,5087600
2018-01-04,90.55094909667969,90.61085351835497,90.40119375529154,90.43862973423855,7710100
2018-01-05,90.52100372314453,90.6707590758441,90.42366331516986,90.6707590758441,5796500
2018-01-08,90.51349639892578,90.62581574770944,90.43112925733773,90.61832626771069,3897200
2018-01-09,90.18404388427734,90.43113962456974,90.16906492256263,90.4011931267404,7621600
2018-01-10,90.24391174316406,90.34125782263217,89.78715639740624,89.89198624237336,6050500
2018-01-11,90.46107482910156,90.56590469019707,90.22146290191199,90.22146290191199,5192600
2018-01-12,90.47608184814453,90.53598627672037,90.26642206092988,90.30385804418923,4463000
2018-01-16,90.55843353271484,90.73814107492939,90.46857690520768,90.73814107492939,7410200
2018-01-17,90.31130981445312,90.61830988530818,90.22145320911102,90.5733844390363,11240700
2018-01-18,89.95938873291016,90.16156468953791,89.86204835074061,89.98185145858012,6399400
2018-01-19,89.68236541748047,89.93695639094716,89.64492943298305,89.84709974511169,6797800
2018-01-22,89.59996032714844,89.85454546381948,89.57749189203203,89.6823217380493,5096700
2018-01-23,89.98936462402344,89.99685410548439,89.78719432698178,89.83211979014648,6144000
2018-01-24,89.92943572998047,89.94441468882691,89.72726548794517,89.80963262320373,5679000
2018-01-25,90.38622283935547,90.38622283935547,89.85458390346271,89.86955715381437,7042100
2018-01-26,90.26641082763672,90.31882576791755,90.10916029399418,90.31882576791755,6391300
2018-01-29,90.02677917480469,90.13909279885307,89.85455542993252,90.00431073719622,5732400
2018-01-30,89.71980285644531,89.9144893901147,89.62994621487466,89.85458496240093,6662600
2018-01-31,89.9070053100586,90.01932469056987,89.63744108195193,89.98188299279911,6751200
2018-02-01,89.50980377197266,90.06539061058601,89.44973878182184,90.02785428782629,12272400
2018-02-02,89.05184936523438,89.34465913440046,88.94673845979602,89.34465913440046,8681500
2018-02-05,89.10440063476562,89.59241880316966,88.75903542909424,88.77404881711715,14486000
2018-02-06,88.92417907714844,89.20947917099537,88.88663702853935,89.03679376675092,10467500
2018-02-07,88.67642974853516,89.23201664415383,88.65390680694583,89.19448031754274,8862300
2018-02-08,88.29353332519531,88.66893100576851,88.26350082337576,88.54880672660438,10957000
2018-02-09,88.00823211669922,88.19593095478189,87.9932130019088,88.18091183999147,8719000
2018-02-12,88.00823211669922,88.30855140325428,87.9932130019088,88.0607875622378,7814800
2018-02-13,87.97821044921875,88.000733396064,87.68540068400115,87.91063588056834,8730500
2018-02-14,87.65536499023438,87.8430638446032,87.58779615215654,87.70041088228626,11013300
2018-02-15,88.06828308105469,88.18840733965985,87.88808810097737,87.97818559101603,4953400
2018-02-16,88.3310775756836,88.41366552570754,88.18842462053057,88.27852212822418,6319800
2018-02-20,87.95561981201172,88.15082808129668,87.94060070693044,88.10577649416308,8786200
2018-02-21,87.47518157958984,88.07581451711434,87.42262612595502,87.99322655738607,6387200
2018-02-22,87.59526824951172,87.89558745333,87.57274531164502,87.72290204949796,7227100
2018-02-23,88.00070190429688,88.0232248430821,87.75293812143406,87.88057765473808,8005600
2018-02-26,88.11334991455078,88.40615966666255,88.09082696871363,88.28602965137854,5072000
2018-02-27,87.73043823242188,88.23346975783102,87.61781778079386,88.22596592833949,7279500
2018-02-28,87.89556121826172,87.96313573980457,87.80546376557481,87.8505153559736,7963400
2018-03-01,87.80525207519531,87.94830251224529,87.61702267627736,87.76007311332734,11679100
2018-03-02,87.52666473388672,87.70736333654482,87.48149151929844,87.6094861235019,5335000
2018-03-05,87.49653625488281,87.77511777958611,87.41371487576303,87.72241378781027,10168400
2018-03-06,87.57183837890625,87.85041994028157,87.5567825554045,87.82030254897302,8363400
2018-03-07,87.541748046875,87.73750827873782,87.51163639056392,87.71492166435111,4070400
2018-03-08,87.71489715576172,87.86547837247014,87.59442758695083,87.70736637163473,6410000
2018-03-09,87.40619659423828,87.61701833579896,87.3685541629027,87.57937016015828,7773800
2018-03-12,87.51915740966797,87.54927480890152,87.41374938450387,87.48151496885596,8555600
2018-03-13,87.52666473388672,87.63960351466241,87.4212567369774,87.60195533963551,8625900
2018-03-14,87.7224349975586,87.86548544164908,87.53420558937657,87.54173062980377,5765700
2018-03-15,87.81275939941406,87.87299417354899,87.66970899122387,87.69982637829133,5268200
2018-03-16,87.91067504882812,87.96337905972759,87.60950681041419,87.64715499433082,10754700
2018-03-19,87.6170425415039,87.79021041095939,87.60951175543424,87.71491978318281,8095300
2018-03-20,87.3083267211914,87.48150030167325,87.27820932700737,87.36103072493708,6445000
2018-03-21,87.2556381225586,87.51163314616645,86.9770564854014,87.15776088240928,7312600
2018-03-22,87.40619659423828,87.55678355249592,87.33090598726201,87.48149294551965,10966600
2018-03-23,87.12760925292969,87.36101182698432,87.12007846993633,87.31583861763293,6120800
2018-03-26,87.43632507324219,87.48902907923922,87.33844784619225,87.38362106724517,5834800
2018-03-27,87.75257110595703,87.80527512171523,87.38363725134276,87.38363725134276,5000200
2018-03-28,87.98592376708984,88.07627591887369,87.83534259175372,87.92568899923394,4771600
2018-03-29,88.38497924804688,88.4452140228517,88.0536937309246,88.17416328053426,5930800
2018-04-02,88.33741760253906,88.3978258022817,88.1335471294614,88.26946269846086,4393500
2018-04-03,88.10334777832031,88.29967155764415,88.06559121123534,88.29967155764415,3773500
2018-04-04,88.10334777832031,88.23926335464553,88.073143676821,88.14110434540527,5259600
2018-04-05,88.13358306884766,88.15623471277735,87.96746333223606,88.05052320054186,5171000
2018-04-06,88.39781188964844,88.39781188964844,88.2014881518051,88.29210043715788,4772500
2018-04-09,88.44313049316406,88.4808870588208,88.23170755150974,88.23170755150974,3611300
2018-04-10,88.46576690673828,88.67718979824728,88.3525029974751,88.50351770259819,5201300
2018-04-11,88.52619171142578,88.64700811473963,88.42803270436566,88.61680401391118,2483800
2018-04-12,88.28455352783203,88.49597644611538,88.26945435974427,88.43557401292189,2588100
2018-04-13,88.31475067138672,88.39025802756535,88.22413838746715,88.22413838746715,4427800
2018-04-16,88.32233428955078,88.33743346177569,88.12601048556265,88.15621459085652,2323600
2018-04-17,88.32990264892578,88.45826579888757,88.2770468953624,88.32990264892578,6702900
2018-04-18,87.87680053710938,88.30719880717643,87.86170137010791,88.29965210409674,6888000
2018-04-19,87.54461669921875,87.64277574254099,87.40870107570201,87.62012409876242,4058600
2018-04-20,87.189697265625,87.46152842436898,87.18214479987004,87.43132432219261,4679700
2018-04-23,87.15193939208984,87.18969595945556,87.02357628039579,87.16704432337347,4380000
2018-04-24,86.89521789550781,87.16704906496625,86.82725722272136,87.0688842888129,5984700
2018-04-25,86.62338256835938,86.71398911326753,86.49501945584389,86.69888994273064,3756100
2018-04-26,86.88011932373047,86.97073164046472,86.77440783462922,86.84991521815238,6027200
2018-04-27,87.07642364501953,87.1141802087546,87.00091627839217,87.0235679122961,3369800
2018-04-30,87.00093841552734,87.18215729371218,86.96318184218522,87.11420237470946,6388500
2018-05-01,86.76542663574219,86.98502912097854,86.69727135126314,86.954738525359,6051500
2018-05-02,86.69729614257812,86.894182181735,86.69729614257812,86.87903976826541,3608100
2018-05-03,86.71244812011719,86.94719309187035,86.68215751451318,86.90932839052977,4122600
2018-05-04,86.83355712890625,86.97743598225874,86.68210996131138,86.97743598225874,3733800
2018-05-07,86.73516082763672,86.89418216707975,86.70487022336062,86.86389156280364,3870900
2018-05-08,86.70484924316406,86.73513984011068,86.52311143882504,86.65184214284265,5069300
2018-05-09,86.689697265625,86.80327976996315,86.53824429760745,86.56853489121096,3906600
2018-05-10,87.12889862060547,87.13647271353182,86.8714372345111,86.9623032402667,5103000
2018-05-11,87.28035736083984,87.29549977035316,87.14405256585785,87.2576408578996,4254000
2018-05-14,87.12132263183594,87.28791222016224,87.12132263183594,87.18189803789113,4808300
2018-05-15,86.46251678466797,86.90172170600857,86.32621200829813,86.71240983756933,5970000
2018-05-16,86.34895324707031,86.59127227700326,86.31866264616103,86.50797456883805,4210800
2018-05-17,86.18231964111328,86.37163147990131,86.11417015227224,86.3261984873406,3272300
2018-05-18,86.53825378417969,86.57611847466991,86.2959347861279,86.31865128948579,4154700
2018-05-21,86.59126281738281,86.59126281738281,86.40195091538708,86.43981560672253,2593300
2018-05-22,86.5003890991211,86.62154570139225,86.42465972319384,86.52310560096316,3230000
2018-05-23,86.8714370727539,86.9320182613716,86.57611099991786,86.63669218853555,5771100
2018-05-24,87.11375427246094,87.14404486615175,87.0001659904554,87.06832127059472,4436900
2018-05-25,87.3712158203125,87.40150641406137,87.25763331542925,87.3712158203125,3997600
2018-05-29,87.83314514160156,87.99974053349081,87.28035764379513,87.40908834576751,6831700
2018-05-30,87.49240112304688,87.70442955751189,87.28794100599737,87.54540823166313,5083900
2018-05-31,87.45458221435547,87.66661075983022,87.35614204034063,87.58331878326048,6303300
2018-06-01,87.28665161132812,87.46135839317479,87.2106860936327,87.25626656332102,4479700
2018-06-04,87.08917236328125,87.33224700966453,87.08917236328125,87.27907461187309,3714900
2018-06-05,87.14994049072266,87.31704959758146,87.11955543619653,87.30185996799668,3901500
2018-06-06,86.83088684082031,86.95242704006328,86.71695014822461,86.90685236302501,4754900
2018-06-07,87.11951446533203,87.40056594565078,86.78528481808395,86.78528481808395,7185200
2018-06-08,86.9751968383789,87.08913930335162,86.92202446077225,87.05115654990921,2935600
2018-06-11,86.89163970947266,86.8992374192576,86.77010532968612,86.8232777074717,2905100
2018-06-12,86.89924621582031,86.9752059352954,86.76251640262312,86.78530373893012,3396500
2018-06-13,86.81568145751953,87.03596868215101,86.58020460841726,86.92962392479163,4906500
2018-06-14,87.21068572998047,87.21828344078939,86.96761114229255,87.11193867088564,4915800
2018-06-15,87.08917236328125,87.40060903738636,87.04359188277665,87.33984472230807,5887100
2018-06-18,86.99798583984375,87.09673868254505,86.91442841695248,87.08154326273504,4723200
2018-06-19,87.04357147216797,87.09674965284651,86.95242212324555,87.02078413493736,4278700
2018-06-20,86.55743408203125,87.05877875080627,86.51945711325978,87.05877875080627,7731500
2018-06-21,86.48906707763672,86.66377387370261,86.48906707763672,86.51945212811682,15921600
2018-06-22,86.59539794921875,86.66375995530305,86.40549576073361,86.4434785165726,6728500
2018-06-25,86.51184844970703,86.6789633181434,86.49665882319255,86.6257909323096,3243900
2018-06-26,86.80045318603516,86.81564860010951,86.5118040674992,86.58017184012891,10345300
2018-06-27,87.09677124023438,87.09677124023438,86.9600413876062,87.04359304637535,9776300
2018-06-28,86.98284912109375,87.02842381753456,86.80053874461426,87.02842381753456,6241300
2018-06-29,87.02839660644531,87.23348847166118,86.98282192425431,87.08156900078694,7855600
2018-07-02,87.0398178100586,87.16934576866203,86.97886997332401,87.16934576866203,4806200
2018-07-03,87.35983276367188,87.4131657606895,87.09316196572306,87.09316196572306,2518100
2018-07-05,87.63408660888672,87.64170726701815,87.42837534221006,87.44361084561393,4730600
2018-07-06,87.75599670410156,87.83218584928419,87.68742240443578,87.8017090286393,2465600
2018-07-09,87.81696319580078,87.8474400209054,87.64172290466426,87.68743523589117,5161600
2018-07-10,87.71788024902344,87.90074113333435,87.70264474842648,87.80169003445145,6624000
2018-07-11,87.8931884765625,87.91604465156993,87.71033326364068,87.82461413867782,4071400
2018-07-12,88.08360290527344,88.08360290527344,87.86265034623341,87.92360397897377,3324800
2018-07-13,88.15217590332031,88.23598569942187,88.09884292515193,88.15979656101827,4273800
2018-07-16,88.00741577148438,88.09884040981495,87.83979618406701,87.999795114004,2653700
2018-07-17,87.94645690917969,88.06074351315736,87.90835943690108,88.0150253838514,6157000
2018-07-18,87.93126678466797,88.03031212570302,87.88554863176928,88.03031212570302,3527600
2018-07-19,88.06838989257812,88.1826765374792,87.9007760679648,87.92363223437297,5098600
2018-07-20,87.80933380126953,87.9159997720948,87.71028848917732,87.87790229128888,5139900
2018-07-23,87.4588394165039,87.71026878246936,87.4055064430741,87.65693580903955,4716300
2018-07-24,87.7331314086914,87.74836691099823,87.47408136660694,87.47408136660694,4446700
2018-07-25,87.84744262695312,87.92363178554484,87.77124765550121,87.92363178554484,7376300
2018-07-26,87.93126678466797,88.03793278666298,87.83221563077178,87.9388816327668,5860900
2018-07-27,88.04554748535156,88.19031097903962,87.96935831446457,88.19031097903962,5497600
2018-07-30,87.92362213134766,87.99219062269319,87.85504782714258,87.86266848602305,6467600
2018-07-31,88.19790649414062,88.27409564330554,88.10647602742704,88.15980901312842,6081600
2018-08-01,87.88687133789062,87.9938542795207,87.76460178738022,87.802812479448,7255900
2018-08-02,87.99385070800781,88.00913148613488,87.78752230742927,87.91743515710691,6751500
2018-08-03,88.26897430419922,88.29954169853329,88.00151689144403,88.100856550429,2711200
2018-08-06,88.35304260253906,88.46002557904919,88.33011268174265,88.33011268174265,3059800
2018-08-07,88.07791900634766,88.33008976834395,88.0320650067846,88.33008976834395,5397700
2018-08-08,87.94037628173828,88.05500254537,87.94037628173828,88.00914854183695,7433200
2018-08-09,88.00917053222656,88.15436422444779,87.94803573232967,88.07030533212344,7273500
2018-08-10,88.1543197631836,88.26130269397781,87.90214321339758,87.9556346787947,4765900
2018-08-13,88.13141632080078,88.16962118781264,88.04735745118734,88.07792484287712,3145700
2018-08-14,88.24606323242188,88.284268108374,88.19257174198076,88.25370070953117,7052500
2018-08-15,88.42943572998047,88.46000311981327,88.29952869579117,88.37594425530644,5208100
2018-08-16,88.54408264160156,88.55936342501622,88.41416974697017,88.50587193786265,5997900
2018-08-17,88.6205062866211,88.69692187092065,88.5593714871273,88.61286297915052,3871900
2018-08-20,88.84976196289062,88.92618338500073,88.78098967915469,88.83448117655017,2686800
2018-08-21,88.62812805175781,88.8115265755262,88.6128414405323,88.8115265755262,5480400
2018-08-22,88.6205062866211,88.82682894724344,88.60521967167996,88.81154816243767,6877700
2018-08-23,88.65103912353516,88.78094614921044,88.59754765236693,88.750378761381,5693800
2018-08-24,88.82682800292969,88.86503870974094,88.52880314623492,88.55937054565686,5152500
2018-08-27,88.68923950195312,88.7656608827297,88.65103464169763,88.65867211566906,3762200
2018-08-28,88.35304260253906,88.62814335074651,88.33775598867479,88.54408446489785,4026900
2018-08-29,88.26131439208984,88.45235619813333,88.19254214037814,88.43707541890848,10473500
2018-08-30,88.34537506103516,88.49820617694414,88.27659697778276,88.44471470336266,5682300
2018-08-31,88.21550750732422,88.52116987593091,88.20786419906827,88.498245781299,4425800
2018-09-04,88.05297088623047,88.13728391523749,87.89967765954229,88.03764390266635,6468700
2018-09-05,87.99933624267578,88.05298946811529,87.97634283859641,88.02232964675514,6103200
2018-09-06,88.24456787109375,88.30588748525805,88.1066016631042,88.13726147018636,6918100
2018-09-07,87.87666320800781,87.96097621681626,87.86133038035518,87.96097621681626,4529100
2018-09-10,88.16795349121094,88.16795349121094,87.9456741944713,87.9456741944713,5512700
2018-09-11,87.96868896484375,88.06066844203963,87.93036856850168,87.9916882199656,5976900
2018-09-12,88.1449966430664,88.2369761360632,88.11433681206748,88.12200323175841,5543100
2018-09-13,88.32893371582031,88.39791978496177,88.24462065784951,88.33660013411686,5584100
2018-09-14,88.22160339355469,88.26759604313277,88.10663054125276,88.15262319083084,7003500
2018-09-17,88.16795349121094,88.2292731277796,88.06064705109695,88.07597988412033,2667100
2018-09-18,87.8077392578125,87.99935880462006,87.77707942859155,87.99935880462006,5160900
2018-09-19,87.67742156982422,87.79239444412072,87.55478812560105,87.78472802643073,5220700
2018-09-20,87.90731811523438,87.9992916849818,87.67737249534578,87.6927053221437,6152400
2018-09-21,87.9227066040039,87.98402625857408,87.83839354091096,87.83839354091096,9404300
2018-09-24,87.72338104248047,87.83835388094703,87.66206726335825,87.74638028838297,10749400
2018-09-25,87.72338104248047,87.73871387308213,87.55476084019251,87.6314074499164,4087100
2018-09-26,88.03765869140625,88.09131191453606,87.78471956189598,87.87669902201682,7433600
2018-09-27,88.15262603759766,88.17561943924814,87.968667128869,88.02998676511189,6323400
2018-09-28,88.0913314819336,88.2522911870764,88.06833807373663,88.2522911870764,12578500
2018-10-01,87.96985626220703,88.13900043344,87.96985626220703,88.03136430006072,7550600
2018-10-02,88.04672241210938,88.22355652244299,88.04672241210938,88.07747642545992,11207800
2018-10-03,87.53160095214844,88.05440741818028,87.38552672912797,87.96215124905746,8400500
2018-10-04,87.17025756835938,87.3855356717083,87.05493734515457,87.3086477019337,9843800
2018-10-05,86.83200073242188,87.07802705732627,86.69361055805503,86.99345495822817,8785800
2018-10-08,86.73969268798828,86.88577275732108,86.72431861708716,86.87808278900694,1355200
2018-10-09,86.98572540283203,87.00878944377614,86.80889717844221,86.8780893012745,8416200
2018-10-10,86.7474136352539,86.885803785694,86.56288952418095,86.7704776827057,12316400
2018-10-11,87.10875701904297,87.25483125971927,86.91654882250116,86.93961286756958,18587600
2018-10-12,87.12415313720703,87.2856073592644,87.00114291047623,87.13952721589958,8956700
2018-10-15,86.96268463134766,87.15489284494966,86.95499466039941,87.07801073265469,6636500
2018-10-16,87.18563079833984,87.24713882313412,86.9242246258282,87.00111258968509,9017800
2018-10-17,86.75505828857422,87.18560848622177,86.75505828857422,87.11641050960499,6880600
2018-10-18,86.75505828857422,86.86270023728105,86.57054012714046,86.67049210828397,10418000
2018-10-19,86.64739990234375,86.77041588878603,86.57051784367985,86.68584386453823,6355700
2018-10-22,86.539794921875,86.76275707806933,86.51673088256648,86.74738300710604,7282900
2018-10-23,86.66284942626953,86.84736768838134,86.61672132717402,86.73204157491278,10277900
2018-10-24,86.7857894897461,86.91649544107274,86.73966142793965,86.83960751709529,7262000
2018-10-25,86.67820739746094,86.76277947390733,86.6628333225292,86.67052329285941,5653100
2018-10-26,86.82427215576172,86.93959822741226,86.81658218679098,86.85502616591704,4955300
2018-10-29,86.72433471679688,86.81659089078452,86.6628266903196,86.77046280379069,6573300
2018-10-30,86.5321044921875,86.62436064267597,86.44753244375522,86.56285263186581,7669600
2018-10-31,86.28609466552734,86.57824897364746,86.28609466552734,86.4091048447308,13156300
2018-11-01,86.5475845336914,86.55529987018402,86.13875997574505,86.16961543663801,14262000
2018-11-02,86.20047760009766,86.53216647414096,86.18505281099051,86.447315421357,7738400
2018-11-05,86.35472869873047,86.42415494606044,86.27759300120108,86.27759300120108,5064000
2018-11-06,86.50132751464844,86.53218298382758,86.40105165362547,86.41647644567554,5787100
2018-11-07,86.72499084472656,86.94097315821179,86.68642005228564,86.87926224433697,13257500
2018-11-08,86.47046661376953,86.74815993385934,86.47046661376953,86.70959501361715,10934400
2018-11-09,86.53215026855469,86.64785676296148,86.46272401787989,86.53215026855469,8836800
2018-11-12,86.52445220947266,86.7095849915202,86.45503183001328,86.7095849915202,2876500
2018-11-13,86.40873718261719,86.4858787767459,86.36245693420184,86.43959264325319,7778400
2018-11-14,86.17733764648438,86.34703975239215,86.14648218313043,86.18505298359233,11595100
2018-11-15,86.01535034179688,86.13876630936589,85.8687883630482,86.07705538304246,15158300
2018-11-16,86.1850357055664,86.20817582717335,85.93819793329774,85.98447817651164,13503700
2018-11-19,86.10020446777344,86.12334459470131,85.94592714645758,85.98449794805606,9773700
2018-11-20,85.89192199707031,86.0847642134468,85.87649720919426,85.9150621214231,16168200
2018-11-21,86.07711791992188,86.17739971932379,85.96912666293683,86.10026394791764,10704600
2018-11-23,86.11559295654297,86.37786134968535,86.10787762245995,86.34700589842885,2924700
2018-11-26,86.1541976928711,86.25447353516394,86.11562689233189,86.21590273462473,5938900
2018-11-27,86.0462417602539,86.13109284813504,86.02309573940244,86.09252203179624,8581300
2018-11-28,86.27762603759766,86.35476176466292,85.84566125796918,86.01536338856,13861300
2018-11-29,86.03076171875,86.29303017219831,85.94591067955292,86.20046379714415,10939100
2018-11-30,85.97677612304688,86.06934250885148,85.81478936169702,86.04620238366974,14854800
2018-12-03,86.29638671875,86.35829372340137,86.08745795777276,86.13388525937283,12740500
2018-12-04,86.31182861328125,86.65231108594003,86.304088765146,86.451116360844,13521500
2018-12-06,86.57494354248047,86.66006417945415,86.35827497701132,86.36601482685683,12752200
2018-12-07,86.58268737792969,86.71423531248061,86.46661324000644,86.66780801882167,11791900
2018-12-10,86.84577941894531,86.85351336450455,86.59815737421945,86.82255987094192,6886500
2018-12-11,87.00051879882812,87.10111319942482,86.86897091256158,86.96182546579738,10241100
2018-12-12,87.09339904785156,87.19399347130839,86.35052703050472,87.01601236420392,10001600
2018-12-13,87.3255615234375,87.3719947250879,87.23270692768958,87.24044087481761,6911200
2018-12-14,87.23265075683594,87.44931921243251,87.21717106499467,87.37193846454412,6037900
2018-12-17,87.3255615234375,87.43389582099438,87.2636545237546,87.2636545237546,6480500
2018-12-18,87.6375732421875,87.668623579804,87.41246273615262,87.48232155410498,5923200
2018-12-19,87.5677261352539,87.95584655024537,87.5677261352539,87.75402819846803,10049200
2018-12-20,87.28053283691406,87.83166319142279,87.14856737673722,87.77732656273174,20942200
2018-12-21,87.19509887695312,87.46678187401807,87.04761128329851,87.38915900660596,11850700
2018-12-24,86.99329376220703,87.25721867598322,86.93119308576011,87.18735393441881,4384800
2018-12-26,86.92344665527344,87.10197872130632,86.7759590094006,87.00106955016805,7659300
2018-12-27,86.92344665527344,87.16407940612092,86.92344665527344,87.06317023498265,7797300
2018-12-28,87.33485412597656,87.35037633619837,87.01659255508012,87.01659255508012,4334500
2018-12-31,87.57549285888672,87.65311575979064,87.27275939978804,87.34261823392724,7008400
2019-01-02,87.84716033935547,87.86268847012141,87.54442693413309,87.57547727341829,9506500
2019-01-03,87.885986328125,87.9480870148808,87.67639799088607,87.71521240067031,11199100
2019-01-04,87.83165740966797,87.87046590060784,87.5677324289362,87.62206905405039,12080700
2019-01-07,87.83940887451172,88.07227755348538,87.83164480853846,88.01794093616681,16150100
2019-01-08,88.03348541259766,88.05677169259368,87.87823367554373,87.87823367554373,7961400
2019-01-09,88.36721801757812,88.40603241250406,88.1032990832663,88.1032990832663,10534900
2019-01-10,88.13441467285156,88.31294680831448,88.04902767858682,88.28190237608146,10337000
2019-01-11,88.29740905761719,88.32845940663694,88.17320766153816,88.32845940663694,6890800
2019-01-14,88.06450653076172,88.32843145277937,88.04122025692858,88.19647195289387,4511400
2019-01-15,88.11885833740234,88.2430597155896,88.06452171500733,88.13438647079958,10536500
2019-01-16,88.28965759277344,88.41385900658167,88.07231104085838,88.11888360991179,17911800
2019-01-17,88.46815490722656,88.47591897257676,88.22752218159006,88.22752218159006,8756200
2019-01-18,88.62339782714844,88.70878477651135,88.46038799352283,88.46038799352283,12589700
2019-01-22,88.77091979980469,88.94169376460587,88.7398694496364,88.7398694496364,9101600
2019-01-23,88.99600219726562,89.065861021322,88.79417794624686,88.84851456126188,11707200
2019-01-24,89.2288818359375,89.35308321252477,89.15902300329284,89.30651065742833,8874700
2019-01-25,89.30651092529297,89.30651092529297,89.17454548171126,89.19007361495505,8529200
2019-01-28,89.29094696044922,89.36081168751497,89.18227376034271,89.22884629688973,7830600
2019-01-29,89.48503112792969,89.48503112792969,89.32202128398573,89.39964417316187,9111300
2019-01-30,89.89642333984375,89.89642333984375,89.39962982216866,89.51606709836504,17275500
2019-01-31,90.52522277832031,90.58731755413673,90.19143892903186,90.20696114242384,12004200
2019-02-01,90.30953979492188,90.55869080540842,90.2550381970101,90.4107612912071,15158400
2019-02-04,90.18497467041016,90.23168863239347,90.01368222283246,90.21611929180875,7375500
2019-02-05,90.55091857910156,90.6910664084265,90.38740782803143,90.39519546861317,9298100
2019-02-06,90.37959289550781,90.6287438404483,90.34844828486187,90.61316856501178,7083600
2019-02-07,90.3640365600586,90.37961183875963,90.14603018007068,90.31732260441214,12973200
2019-02-08,90.58985137939453,90.61320836258068,90.40298957367574,90.43413419800049,5502500
2019-02-11,90.38741302490234,90.53534850331462,90.31734207632576,90.53534850331462,5353800
2019-02-12,90.51195526123047,90.51195526123047,90.34066286857932,90.37959511790085,10689100
2019-02-13,90.27835845947266,90.39514924756392,90.23164452032665,90.3250783388449,9595200
2019-02-14,90.37959289550781,90.50416539786451,90.27058972836055,90.50416539786451,14906100
2019-02-15,90.48863220214844,90.51977682523298,90.34069672755426,90.34069672755426,8298000
2019-02-19,90.5431137084961,90.65990453408021,90.44967985998318,90.65990453408021,6920300
2019-02-20,90.46524047851562,90.49638508963969,90.3095174228953,90.46524047851562,8577400
2019-02-21,90.20828247070312,90.30171628395968,90.11484865744657,90.13042392976895,6311000
2019-02-22,90.6131820678711,90.6910465762026,90.29396015657822,90.29396015657822,4110600
2019-02-25,90.58206176757812,90.66770799755047,90.51199081954415,90.51977846051335,6026200
2019-02-26,90.7221908569336,90.7766924519965,90.63655058488764,90.71440915780201,6360600
2019-02-27,90.46524047851562,90.60538825846034,90.4029512562675,90.60538825846034,7008500
2019-02-28,90.3406753540039,90.60540161747657,90.28617376155778,90.51196777032833,12468400
2019-03-01,90.18292236328125,90.50313228790839,90.14386961116442,90.39379173231733,12714100
2019-03-04,90.38597106933594,90.48749986606717,90.34691832364803,90.44844712037924,9453600
2019-03-05,90.41722869873047,90.43285218435281,90.26102959419032,90.35475263208275,9090400
2019-03-06,90.50311279296875,90.5655947994513,90.39377226093033,90.44844252694955,6278700
2019-03-07,90.79993438720703,90.83117540250527,90.62030003889576,90.67497032601408,7355500
2019-03-08,90.91703796386719,90.93265548383648,90.52653441991163,90.68273345404937,7386600
2019-03-11,91.01860809326172,91.01860809326172,90.83897375963882,90.90145578512625,7813600
2019-03-12,91.26848602294922,91.33096801816818,91.03418152018358,91.04199325923871,7994600
2019-03-13,91.1201400756836,91.15138108951072,91.01861124970601,91.01861124970601,5834000
2019-03-14,90.94048309326172,91.09668215465796,90.86237760395136,91.08887041400446,5395300
2019-03-15,91.26848602294922,91.39344405477613,91.14352203251127,91.19038650823101,8537000
2019-03-18,91.22164154052734,91.29192932700437,91.18258879785436,91.20601806001338,4308300
2019-03-19,91.2372817993164,91.32319308771703,91.0888884905129,91.0888884905129,8074700
2019-03-20,91.854248046875,91.89330078639908,91.20601070588864,91.29192196595245,16202600
2019-03-21,92.02609252929688,92.08857454400233,91.78397621196646,91.78397621196646,14163200
2019-03-22,92.5884017944336,92.6586895791501,92.32285625985477,92.32285625985477,10576900
2019-03-25,92.77586364746094,92.93987447561963,92.44784199114356,92.60404107740521,7096100
2019-03-26,92.81495666503906,92.88525045989498,92.61970473066265,92.73685708301173,7766500
2019-03-27,92.93986511230469,93.11168766504998,92.87738310064955,92.93986511230469,7484100
2019-03-28,93.05704498291016,93.05704498291016,92.86960485098743,92.96332193764162,4621200
2019-03-29,92.98676300048828,93.05705678300689,92.77589357016272,92.80713458921376,8415100
2019-04-01,92.6404800415039,92.92249110827004,92.59347421265392,92.78931489920909,9567400
2019-04-02,92.76583099365234,92.78933092384402,92.58566087779309,92.65616066836814,7733300
2019-04-03,92.56999969482422,92.66400540174313,92.52299982965732,92.55433506529695,6048400
2019-04-04,92.71882629394531,92.71882629394531,92.52298558379024,92.59348537068567,7510600
2019-04-05,92.8676528930664,92.97732319579458,92.64047698696284,92.70314146239089,9326200
2019-04-08,92.73448181152344,92.88332264912722,92.71098188486675,92.84415212031035,8564800
2019-04-09,92.93032836914062,93.08700451771549,92.89116381443488,92.97733420200507,7749000
2019-04-10,93.38468170166016,93.43168155867873,93.11050590807841,93.11834120977619,5765300
2019-04-11,93.29069519042969,93.38470090037727,93.22803069371658,93.26719525708911,7769500
2019-04-12,93.23583984375,93.31418090671224,93.13400482911668,93.21233991549492,11083800
2019-04-15,93.08699798583984,93.28283867537839,93.08699798583984,93.22800352137094,12427300
2019-04-16,92.8284683227539,93.05564419448892,92.82063302329205,93.05564419448892,10302700
2019-04-17,92.81282043457031,93.00082581947579,92.80498513369575,92.92249074048046,6062300
2019-04-18,92.89117431640625,93.0635151110309,92.86767438560918,93.0243445753127,8060000
2019-04-22,92.74232482910156,92.85199514701345,92.70315429702556,92.7971599880575,6581900
2019-04-23,93.12615203857422,93.12615203857422,92.85981159958965,92.87547622328991,7389700
2019-04-24,93.43952941894531,93.53353512220117,93.32202378402171,93.34552969227431,6463200
2019-04-25,93.39250183105469,93.43166638001291,93.24366100589744,93.3533313055134,4404000
2019-04-26,93.72152709960938,93.77636225782487,93.6118567831784,93.70586247294095,3406100
2019-04-29,93.35333251953125,93.55700849714519,93.30633266953694,93.5178379710945,5847500
2019-04-30,93.39250183105469,93.49433683024576,93.29849615570541,93.33766668124672,9753300
2019-05-01,93.36266326904297,93.94406670513104,93.36266326904297,93.4962278702298,12804300
2019-05-02,93.02481842041016,93.29194761963544,92.93839285730024,93.26051959720616,11748200
2019-05-03,93.44123077392578,93.47265879687514,93.22124060756269,93.22124060756269,7481000
2019-05-06,93.56694030761719,93.6769413891209,93.40194767678565,93.51980126860323,8077400
2019-05-07,93.55908966064453,93.7240822947621,93.4962336111856,93.71622379000902,11575500
2019-05-08,93.24484252929688,93.65339498104788,93.21341449542611,93.61411443442283,11843100
2019-05-09,93.33125305175781,93.45695917265603,93.18982991932009,93.44124815540009,11586200
2019-05-10,93.38619995117188,93.43333897165519,93.26834640568326,93.29977441743225,8155600
2019-05-13,93.44123077392578,93.59836489439013,93.32337718643628,93.386233232335,16744900
2019-05-14,93.57476043701172,93.59047743975925,93.43333738368504,93.49619340611473,7993500
2019-05-15,93.83407592773438,93.84978694271385,93.63765527193608,93.8183649127549,10804400
2019-05-16,93.68476867675781,93.76333571872277,93.66119916359644,93.76333571872277,11716300
2019-05-17,93.69264221191406,93.84192381159595,93.67693119871271,93.79477878342786,7746100
2019-05-20,93.47264099121094,93.73977014397123,93.46478248839995,93.66906160151632,2890900
2019-05-21,93.55123138427734,93.58265940908353,93.4412362945971,93.56694239953903,3610100
2019-05-22,93.66903686523438,93.73974538901645,93.5276138233905,93.60618084790826,9526200
2019-05-23,93.87337493896484,93.9755115356193,93.64552622862782,93.7083762911856,9983400
2019-05-24,94.06976318359375,94.08547419524483,93.90476459270958,93.99904864546033,5981700
2019-05-28,94.13264465332031,94.28192628811387,94.1012166252436,94.22692873755047,9039100
2019-05-29,94.17188262939453,94.30544718413847,94.14045461752295,94.18759363819015,8778000
2019-05-30,94.71402740478516,94.74544942969513,94.28975813711946,94.36046668458954,11946400
2019-05-31,94.93402862548828,94.94188113549144,94.58832636831087,94.76903600118519,11611700
2019-06-03,95.22639465332031,95.28944427528137,94.8953931571391,95.16334503135926,12525200
2019-06-04,95.25788879394531,95.30517298882049,94.98993099325713,94.98993099325713,20566100
2019-06-05,95.19486999511719,95.50222938674202,95.10817826796733,95.3367286383858,10423100
2019-06-06,95.37614440917969,95.45495945491827,95.21852634319013,95.32886019193158,14133600
2019-06-07,95.80171203613281,96.03026242077866,95.6992609034612,95.75442782301411,11912900
2019-06-10,95.45494842529297,95.73078301527445,95.44706571908118,95.62832587275054,13072400
2019-06-11,95.5416488647461,95.61257518888834,95.38402478985725,95.51800074395503,17076700
2019-06-12,95.68351745605469,95.6992768588073,95.4786091438051,95.54953547530826,11814400
2019-06-13,95.92781829833984,95.95146040662691,95.71502729826874,95.71502729826874,6665700
2019-06-14,95.96720886230469,96.00661638011765,95.72289908754487,95.79383141705958,4652300
2019-06-17,96.01451110839844,96.09332014114915,95.84901033579881,95.90417725999869,6213200
2019-06-18,96.65287017822266,96.75532131749748,96.41643707190396,96.51101151698018,19575000
2019-06-19,97.26758575439453,97.29122786167922,96.32974809322238,96.42431652236112,17597800
2019-06-20,97.79561614990234,97.85078908574752,97.4882567193734,97.64588079448033,24937900
2019-06-21,97.4409408569336,97.63796637727077,97.3148476505435,97.47246566171656,18566400
2019-06-24,97.68529510498047,97.85867860394751,97.55131913314028,97.68529510498047,15241600
2019-06-25,97.3936767578125,97.71679555123026,97.30698502995196,97.6852707399407,17843700
2019-06-26,97.1966552734375,97.59858310556535,97.15724775448699,97.59858310556535,24436700
2019-06-27,97.76408386230469,97.83501017676167,97.36215004215325,97.44095906246417,10314500
2019-06-28,98.01628875732422,98.07145567980788,97.79561505464592,97.81138046835189,9512100
2019-07-01,98.20201110839844,98.43121572109914,97.95700198411191,98.17039605527198,19129900
2019-07-02,98.4707260131836,98.51815160592332,98.16248679517103,98.25733195069589,15843800
2019-07-03,98.73941802978516,98.76312780327545,98.47069319367257,98.51811877060571,6947300
2019-07-05,97.87008666992188,98.12300112848357,97.4828066943459,98.03606121804458,7889900
2019-07-08,97.73571014404297,98.04394939824179,97.73571014404297,98.00442907131158,9239200
2019-07-09,97.53022003173828,97.7040998307424,97.48279443112907,97.68038401545999,15877100
2019-07-10,97.75154113769531,97.87799536420891,97.59347184706408,97.6487967017807,9551800
2019-07-11,97.174560546875,97.71990975943454,97.09552591475405,97.56973973743563,7101300
2019-07-12,97.26942443847656,97.32474929460157,97.08763932266179,97.13506493502399,6363600
2019-07-15,97.43537902832031,97.48279860100234,97.28520900821943,97.37214891144038,7705000
2019-07-16,97.2298583984375,97.24566893844575,96.98484929789765,97.0954989581385,9867500
2019-07-17,97.74361419677734,97.75151946854358,97.33263051426715,97.33263051426715,6620400
2019-07-18,97.97280883789062,98.07555324054175,97.49859508956658,97.6961846538645,10357300
2019-07-19,97.8226318359375,98.05183643770805,97.72779271103558,97.870057428343,8789300
2019-07-22,98.12300109863281,98.21784025184189,98.07557549207195,98.20203573629249,4464800
2019-07-23,98.17830657958984,98.19411109202136,97.98071700944253,98.19411109202136,7013600
2019-07-24,98.45492553710938,98.4628308078824,98.17830135960185,98.3126608129691,11851200
2019-07-25,98.13878631591797,98.39170072466898,97.90168244956367,98.32847664494759,9943100
2019-07-26,98.27313995361328,98.39169489474337,98.13878050097809,98.34427533027325,7285100
2019-07-29,98.20990753173828,98.40749707351229,98.20200226168014,98.39168653339597,7379600
2019-07-30,98.17830657958984,98.2494359304644,97.941196683431,98.17830657958984,12112000
2019-07-31,98.2652359008789,98.58138038509288,97.85424626241438,98.28104041161008,17422700
2019-08-01,99.06417083740234,99.31779516717098,98.45388937251188,98.52521838078384,16216800
2019-08-02,99.16720581054688,99.19098214570748,98.94527923965946,99.03246316650218,14629500
2019-08-05,99.23851776123047,99.47629316573475,99.17511018044536,99.47629316573475,12715500
2019-08-06,99.85674285888672,99.89637411506737,99.33364534921017,99.53178953635204,14920200
2019-08-07,99.84087371826172,100.38775349876626,99.75368980986595,100.23716201210455,24644100
2019-08-08,100.11040496826172,100.15003623940319,99.49219583850588,99.69034010044726,8353800
2019-08-09,99.81710815429688,100.14206144591977,99.7774769018862,100.11035765336726,6375900
2019-08-12,100.44322204589844,100.52247848615993,100.07071012510282,100.10241391058317,8075100
2019-08-13,100.3639907836914,100.61761509956222,100.22132672808402,100.51458229985494,10955000
2019-08-14,100.65724182128906,100.81575474398775,100.52250523230714,100.73649828263841,9070900
2019-08-15,101.14863586425781,101.44981281918795,100.69686740842256,100.77612386531155,11378300
2019-08-16,101.33091735839844,101.37054860725108,100.71270857632652,100.91085272683057,10842200
2019-08-19,100.998046875,101.14863837965005,100.65723865971003,100.79197524445998,7226200
2019-08-20,101.58454895019531,101.62418020190411,101.22789187233617,101.33092466114702,11402300
2019-08-21,101.766845703125,102.02839747118634,101.34678705717509,101.34678705717509,9344000
2019-08-22,101.3943099975586,101.84607835226548,101.35467875454553,101.64793423095756,7054000
2019-08-23,101.766845703125,102.0125546443421,101.2675245479101,101.28337946851528,7998600
2019-08-26,101.7747573852539,102.0204541800217,101.61624449447712,101.83023145483453,6305900
2019-08-27,102.32170104980469,102.40095149781493,102.04429424735406,102.04429424735406,12644100
2019-08-28,102.32170104980469,102.60702926892657,102.2503599246998,102.55946448760133,8935800
2019-08-29,102.09972381591797,102.32164429728431,101.7272118449618,102.28993446065529,17900500
2019-08-30,102.08387756347656,102.1155753090372,101.78269455872953,101.98083872632411,8653700
2019-09-03,101.98770904541016,102.29765328067727,101.67776481014306,102.01949291178346,22683500
2019-09-04,102.17848205566406,102.28974381430208,101.78111689958222,101.78111689958222,8502600
2019-09-05,101.43141174316406,101.91620370636966,101.26451913122942,101.68572516087067,19042800
2019-09-06,101.79698181152344,101.87645967702174,101.55061740574627,101.59829927439736,8914800
2019-09-09,101.04994201660156,101.37577823237572,101.04994201660156,101.30425542768505,7219000
2019-09-10,100.1995620727539,100.92276323583884,100.19161307485155,100.90687130334297,9863400
2019-09-11,100.12010192871094,100.39030725573059,100.06447106354162,100.13599386305522,8165800
2019-09-12,99.9849853515625,100.7399825347926,99.92141155586732,100.66051074269181,11506000
2019-09-13,99.08696746826172,99.81016884032749,99.08696746826172,99.62738427891651,8984600
2019-09-16,99.58760833740234,99.68297811442622,99.28561313845597,99.44455670352073,11464700
2019-09-17,99.8419418334961,99.98499349625399,99.46842377386506,99.54789557243954,12480700
2019-09-18,100.08832550048828,100.50158254560074,99.76248320102756,100.1916382459388,9162300
2019-09-19,100.37442016601562,100.62078457175501,100.3028912997401,100.46184096740248,9042800
2019-09-20,101.06584167480469,101.11352961155242,100.58105575049082,100.68437456068553,10406200
2019-09-23,100.99431610107422,101.3916812043394,100.97047516500795,101.24068052483935,9526600
2019-09-24,101.31218719482422,101.44728984513355,101.16118654841439,101.25655633509044,12638700
2019-09-25,100.74002838134766,101.21686541426885,100.63670954761831,101.15328552632954,13852300
2019-09-26,100.95457458496094,101.14530813192607,100.93073364950406,101.08173432514445,8377600
2019-09-27,100.97840118408203,101.10556090621213,100.87508845733328,101.04993004360753,8627800
2019-09-30,101.31218719482422,101.33602812566599,100.81945239196145,100.898924182537,10769500
2019-10-01,101.42852783203125,101.72335722640393,100.84683904835882,100.84683904835882,13233900
2019-10-02,101.38868713378906,101.47633895440133,101.17354562458893,101.39665713911731,11377000
2019-10-03,101.787109375,101.93053908422858,101.5400939066248,101.5400939066248,13985000
2019-10-04,102.20941925048828,102.20941925048828,101.95442773513115,102.01817561397043,9168500
2019-10-07,101.69145202636719,101.99424525340416,101.68348202374415,101.92253346778912,6989300
2019-10-08,101.60385131835938,101.98632652592954,101.57994737780297,101.92258471089039,8635500
2019-10-09,101.64363861083984,101.8189421934604,101.42052717089759,101.8189421934604,9929500
2019-10-10,101.0460433959961,101.3568067112672,100.92652372037831,101.30899884102008,7962200
2019-10-11,100.86280822753906,101.01420189171155,100.44048902652973,100.79109031980734,11061500
2019-10-14,101.19744110107422,101.23728504505166,100.95838959587418,101.11775929245164,2276500
2019-10-15,100.92652130126953,101.23728460909193,100.85480341828543,101.23728460909193,13199100
2019-10-16,101.0380859375,101.12573775811819,100.80700441762775,100.9902719848601,7793500
2019-10-17,101.1814956665039,101.34882926938478,100.96634812042022,101.05399992373852,5795300
2019-10-18,101.30897521972656,101.46833880294787,101.23726343107629,101.30897521972656,5978200
2019-10-21,101.07794952392578,101.19747531693864,101.03811164581107,101.11779348137485,6457700
2019-10-22,101.25321197509766,101.40461165654644,101.10181229364888,101.38867164832452,5820000
2019-10-23,101.30897521972656,101.49224881182897,101.26913128425574,101.44443487339777,4986100
2019-10-24,101.53214263916016,101.64369842477815,101.4126168461882,101.4126168461882,9154900
2019-10-25,101.35681915283203,101.57993675981528,101.22135945094924,101.57993675981528,6263000
2019-10-28,101.05403137207031,101.14965320890218,100.97434954771052,101.03809743893176,9081600
2019-10-29,100.79106903076172,101.10183238017963,100.7831051044004,101.01418055554042,9236700
2019-10-30,101.14965057373047,101.20542845726254,100.74326537694918,100.76716931570103,12250700
2019-10-31,101.76322174072266,101.82696963933392,101.40465044986917,101.52417623993173,18082800
2019-11-01,101.86306762695312,102.1347269546912,101.71126391914069,101.77517838231434,11238400
2019-11-04,101.38372039794922,101.61542795470228,101.35176010434851,101.59145925845243,10122100
2019-11-05,100.8004379272461,101.12002859594834,100.6885738782388,100.94425007068135,10409200
2019-11-06,101.36770629882812,101.39167498632916,101.07207826278083,101.08006985721467,8496500
2019-11-07,100.57672882080078,101.02416678679589,100.4648708532525,100.92828591641079,14799000
2019-11-08,100.44086456298828,100.80839861818758,100.44086456298828,100.56071408215756,6256300
2019-11-11,100.47285461425781,100.66461024427173,100.40094853892819,100.64064155249518,3231600
2019-11-12,100.5687026977539,100.64860034290103,100.36096394373173,100.56071110449932,9936600
2019-11-13,100.80844116210938,100.94426782978391,100.76050377253067,100.8563846474904,10280100
2019-11-14,101.33574676513672,101.39966732947846,101.18393694877523,101.18393694877523,10163800
2019-11-15,101.35173034667969,101.46358829353842,101.15198314217469,101.2638410890334,5411900
2019-11-18,101.46360778808594,101.60742604679386,101.39969330317292,101.50355967498339,9148900
2019-11-19,101.66332244873047,101.69528272884503,101.50352714395787,101.53548742407241,3818800
2019-11-20,101.80716705322266,101.91103951447225,101.7192777840738,101.799181552974,5395800
2019-11-21,101.56745910644531,101.71127733520616,101.47956985021364,101.60740488922282,8425700
2019-11-22,101.84709167480469,101.87905195464917,101.65533609153792,101.80713980104908,5276600
2019-11-25,102.1986312866211,102.25456024289268,101.97490936573571,101.98290095828852,6808600
2019-11-26,102.46234893798828,102.53425501862692,102.29455589156076,102.31053908445959,8688800
2019-11-27,102.45433044433594,102.4942823226695,102.25458934007047,102.26257483909654,7264000
2019-11-29,102.24662017822266,102.47832161683027,102.14274771008601,102.41440103579266,5260900
2019-12-02,101.80277252197266,101.8668663932858,101.58646334670078,101.80277252197266,14911500
2019-12-03,102.58788299560547,102.68401766759841,102.15525863465761,102.25940656675881,9376800
2019-12-04,102.45172119140625,102.56388853882497,102.11523748613672,102.4276875142197,11177600
2019-12-05,102.33953094482422,102.42765847774487,102.12322179913626,102.29146360407738,5700600
2019-12-06,102.28345489501953,102.43567629726161,101.98703146411962,102.04311206826236,6149500
2019-12-09,102.26744079589844,102.53983057216493,102.24340712297231,102.53182342274143,4545300
2019-12-10,102.26744079589844,102.49176322631268,102.17129999186614,102.40363568403168,6425500
2019-12-11,102.66800689697266,102.78016810638799,102.41164365744687,102.4516977394795,4417100
2019-12-12,102.1953353881836,102.65199963079225,101.8828854102193,102.61994658324647,10375000
2019-12-13,102.86032104492188,102.9164077797055,102.30752197192376,102.57991182032146,12474100
2019-12-16,102.62796783447266,102.79620355086956,102.5238137650277,102.74012905362261,8062600
2019-12-17,102.54785919189453,102.82826838423534,102.52382551536903,102.7241143028532,10886800
2019-12-18,102.47570037841797,102.63592887312433,102.39558001873952,102.55580851344588,10205500
2019-12-19,102.5769271850586,102.68938378287466,102.41627665344278,102.47250495235082,9307000
2019-12-20,102.54481506347656,102.60104336955784,102.40022711520676,102.52071196507683,8336900
2019-12-23,102.59298706054688,102.70544364865688,102.39217084914694,102.6572497190167,3827500
2019-12-24,102.69739532470703,102.78575493598633,102.41625389264722,102.46444781573645,2638000
2019-12-26,102.88215637207031,102.89822509988115,102.65724321011074,102.85001891644862,3879900
2019-12-27,103.02678680419922,103.13924343828444,103.02678680419922,103.09908998506775,8752100
2019-12-30,103.21149444580078,103.21952268101508,102.6411710675464,102.73756504593246,9993800
2019-12-31,102.78579711914062,103.01874472371259,102.72956880965263,102.82595669538856,5499400
2020-01-02,103.0026626586914,103.27578206101326,102.86610908595577,103.09102229479687,15348700
2020-01-03,103.35611724853516,103.38825471584481,103.03481611655367,103.13923224317877,10110900
2020-01-06,103.01071166992188,103.508732065412,102.93038026432919,103.37217848138573,13894300
2020-01-07,102.74563598632812,102.96250872594838,102.68940154926598,102.95448048787608,8211700
2020-01-08,102.60103607177734,103.07496558511772,102.55283600683195,102.82594315167957,12268500
2020-01-09,103.09103393554688,103.13119963955761,102.5448195829274,102.57694479202478,14415100
2020-01-10,103.38020324707031,103.50070035141232,103.1472617896377,103.19545572863402,8263500
2020-01-13,103.13121795654297,103.25974332946369,103.08302400591123,103.23564635414783,4477400
2020-01-14,103.25973510742188,103.27580384197104,103.07498755909268,103.10711277133781,11066300
2020-01-15,103.48463439941406,103.51675960732419,103.33201208392495,103.46053742926857,8712400
2020-01-16,103.62926483154297,103.70959627427814,103.42042024003173,103.54090514727719,13926100
2020-01-17,103.6131591796875,103.69347832745056,103.29988631265311,103.56495298280787,13727800
2020-01-21,104.1112060546875,104.15940000697603,103.6774482272361,103.91038974891555,16807300
2020-01-22,104.16740417480469,104.32806698777853,104.1593759368967,104.29592952244306,9928600
2020-01-23,104.30394744873047,104.42443227553952,104.21558782345413,104.3521413794541,13623200
2020-01-24,104.48067474365234,104.60115957973798,104.39231511157284,104.5288686780866,11604500
2020-01-27,104.6815185546875,104.78593468785478,104.53692445643954,104.57709016466693,10461200
2020-01-28,104.62527465820312,104.87428486711863,104.52084627761838,104.78592521974356,12055900
2020-01-29,104.96260833740234,105.13129933583159,104.89834568356491,104.90638617582457,11174700
2020-01-30,105.0268783569336,105.18752887436985,104.80196518115307,105.00278139216059,14619200
2020-01-31,105.29998016357422,105.35621458311404,105.04294179998011,105.1955640737617,20194800
2020-02-03,105.21704864501953,105.34590523810046,105.03182497274139,105.1606815658223,11216300
2020-02-04,104.95935821533203,105.09626375096926,104.79829360213778,105.0318354480031,16799300
2020-02-05,104.89493560791016,104.94325376564777,104.76607899498123,104.83050730144569,9587500
2020-02-06,104.84660339355469,105.04793721609752,104.83854217605054,104.92712954950703,11028900
2020-02-07,105.24928283691406,105.41034745531513,105.16069545352705,105.27344191525208,11517200
2020-02-10,105.49893188476562,105.54725004008878,105.3378672708743,105.4183934335988,10405800
2020-02-11,105.34593200683594,105.55532709591066,105.32982185649692,105.41036031974784,10052700
2020-02-12,105.29757690429688,105.34589504991902,105.1767815402415,105.25730768679846,7069100
2020-02-13,105.2251205444336,105.42645438339581,105.20901039655277,105.29759777723383,5437400
2020-02-14,105.48281860351562,105.61167520617798,105.37813336623918,105.5472469048468,8254500
2020-02-18,105.68413543701172,105.78078401768292,105.52307085381307,105.6036092896324,9650900
2020-02-19,105.53916931152344,105.73244187458329,105.5069490253877,105.595536379603,10731500
2020-02-20,105.89351654052734,105.89351654052734,105.61164434063726,105.62775448337227,13706000
2020-02-21,106.10289001464844,106.34449298090816,106.03846173775003,106.12704908243067,12192700
2020-02-24,106.1190414428711,106.43312173467424,106.11098022484916,106.32037527834599,17894700
2020-02-25,106.22371673583984,106.46531977347773,106.10292136124137,106.22371673583984,19930500
2020-02-26,105.8291244506836,106.33647738018237,105.82106323234002,105.9016016851202,23073400
2020-02-27,105.26538848876953,106.2237272282745,105.24927834108477,106.00629553252007,29687900
2020-02-28,106.44923400878906,106.53782139993187,105.30565914304611,105.50699300578488,25073300
2020-03-02,106.34346008300781,106.99750674235209,106.26272073106216,106.4807280701933,15922600
2020-03-03,107.55464172363281,108.19254778935665,106.3838166047017,106.44841546711508,39141000
2020-03-04,107.70803833007812,108.2490398203851,107.59499342644638,107.88568208163808,23702000
2020-03-05,107.66775512695312,108.09571208176148,107.44166512520461,107.97459683831799,22089500
2020-03-06,108.41865539550781,108.62859249198821,107.78883178509143,108.3621267612774,30099900
2020-03-09,105.78631591796875,107.57082456781674,105.25339671589829,106.0124058390839,27166000
2020-03-10,103.40428161621094,106.06892671541289,103.40428161621094,105.70556882028892,30024700
2020-03-11,100.00482940673828,103.57383975220172,99.47997440059775,103.42041898535636,37310300
2020-03-12,95.23269653320312,101.57939008400476,93.44011811894038,98.05075572077193,41021400
2020-03-13,99.3588638305664,100.12595537935853,96.28240891566608,98.09921052537219,33470600
2020-03-16,97.94583129882812,98.55143205419478,93.02834996179644,93.92463957257823,19928900
2020-03-17,93.93267059326172,97.74391715808162,93.1736493752125,96.45196457574598,19074000
2020-03-18,89.23323059082031,92.62459145335319,87.46487488481318,91.0177329353877,23808700
2020-03-19,84.82442474365234,88.82138458582011,84.74367310200424,88.0785163023461,29077100
2020-03-20,86.18907165527344,89.33819586079066,85.43005646106795,87.9089812219301,29390100
2020-03-23,92.55996704101562,92.97177705629443,89.49159524063623,89.68538565233197,36918800
2020-03-24,94.45751953125,95.86251079031037,92.73761038399151,93.29476474555256,43049700
2020-03-25,98.97935485839844,99.80296889152262,94.62710608775593,95.19233080063651,45181000
2020-03-26,99.06007385253906,99.58492875144397,97.90539553914253,98.91472951377287,21893500
2020-03-27,98.85823822021484,99.01165900407617,97.34827190041368,98.17189213320982,27730300
2020-03-30,100.06133270263672,100.93339874632153,99.18926665895192,99.18926665895192,19272700
2020-03-31,99.73031616210938,100.86077193401792,99.310429597449,100.19864264663131,23901400
2020-04-01,98.28126525878906,99.24456475840358,98.20840714564945,99.20409351864737,21859400
2020-04-02,98.54029846191406,99.9731087196525,98.36220772542977,98.48363378903144,22929500
2020-04-03,98.03032684326172,98.953155201449,97.69033874834791,98.77506443478352,10754100
2020-04-06,99.96503448486328,99.97313120452071,98.94507014357676,99.26886481802404,15631800
2020-04-07,100.11883544921875,100.76643711238322,99.94884140223519,100.62072704697057,17457700
2020-04-08,101.9240493774414,102.00499806394402,100.28076077909272,100.64503913233783,15484100
2020-04-09,106.71630859375,106.85392201107203,104.50637866525744,104.7573215057847,53580000
2020-04-13,105.68009948730469,106.4167465596713,105.08106576604368,106.19817836580954,20599800
2020-04-14,105.16203308105469,106.44913371049435,105.10536221400925,106.36817885813693,14791600
2020-04-15,105.86630249023438,105.94725734957431,104.74918966162532,104.74918966162532,13687800
2020-04-16,105.34011840820312,106.10104951376104,105.26725410407214,105.73676504903287,12582100
2020-04-17,105.68819427490234,106.42484137685044,105.1863088151895,106.31151200362577,11187900
2020-04-20,105.08917236328125,105.34011509190007,104.61155853735568,105.25916024629228,12057500
2020-04-21,104.71681213378906,105.34012994734088,104.17444917726156,104.99203888450863,16146000
2020-04-22,104.78156280517578,104.91108562234322,104.35252928128736,104.71680139659206,19956600
2020-04-23,105.22676849365234,105.42914322256792,104.99200689100529,105.17009764060884,5833400
2020-04-24,105.15393829345703,105.3967905172803,104.59539423623389,105.0568023447186,14985500
2020-04-27,104.30393981933594,105.31581345998929,104.27965584011811,105.21866519114482,11794700
2020-04-28,104.58728790283203,104.87870809144951,104.48206141248183,104.74918526273579,9232900
2020-04-29,105.27532196044922,105.42102581626422,104.99199243818026,105.10532177669354,7399100
2020-04-30,104.56298065185547,105.35628618526225,104.51441268988809,105.01629809951649,14583200
2020-05-01,104.14912414550781,104.63603478869179,103.73525876665786,104.4412680548878,15442300
2020-05-04,104.3114242553711,104.6441461176583,104.16535849104136,104.30331361823681,9466700
2020-05-05,104.1734848022461,104.45751811915939,104.0030747182213,104.1897184616093,7268800
2020-05-06,103.0048828125,103.8326196314994,102.82634976355453,103.78393105135974,10662900
2020-05-07,103.28082275390625,103.46747268371557,102.97245133870695,103.29705641284279,11194300
2020-05-08,102.78580474853516,103.12663728082467,102.55046623109907,102.91564305979117,12286700
2020-05-11,101.88499450683594,102.68027014913025,101.860644027263,102.5585425165639,12334800
2020-05-12,102.8669204711914,103.22398035263811,102.40436041843067,103.19963606428091,18760500
2020-05-13,103.10227966308594,103.51614503110972,103.01301312692571,103.29704020046924,13404100
2020-05-14,103.95433044433594,103.97055171235698,103.06166539728477,103.46741998546305,16978300
2020-05-15,104.31952667236328,104.36821525085733,103.8488497758379,103.95434995100814,17987400
2020-05-18,104.91191101074219,105.49619863997543,104.57107862413079,104.57107862413079,15299000
2020-05-19,104.99309539794922,105.22031705072821,104.60356195091263,104.95251744938483,13529000
2020-05-20,106.14541625976562,106.1941048353231,105.21217315853467,105.30143967460634,15068200
2020-05-21,106.06427001953125,106.3077253020966,105.9425485695736,106.2996146663161,11059200
2020-05-22,106.06427001953125,106.29149164788556,105.91820427958207,106.08050367374229,12546900
2020-05-26,105.91824340820312,106.42948606954003,105.87766544901014,106.24284231643782,12864900
2020-05-27,106.35641479492188,106.39699273947271,106.06427092986604,106.25091461561972,10204500
2020-05-28,106.44567108154297,106.6160934792046,105.98311722957392,106.25090439602239,12360900
2020-05-29,107.13548278808594,107.15170406183907,106.4375841544977,106.59988357059112,14092500
2020-06-01,107.08828735351562,107.09641782012885,106.77102537463375,106.89304443846288,15415500
2020-06-02,107.43000030517578,107.63337377611937,107.16154583397845,107.23476971734614,11585400
2020-06-03,107.36489868164062,107.60894928248058,107.05577950597727,107.43812255094305,15198200
2020-06-04,107.03949737548828,107.6252138042869,106.97441639307421,107.49505183945872,9777400
2020-06-05,107.59266662597656,107.74723240690352,106.97441591519686,107.45437419381248,22147400
2020-06-08,107.95055389404297,108.12952340556097,107.63329201688326,107.77972725945351,15872100
2020-06-09,107.72279357910156,108.07260219270685,107.66585549632921,108.00752123173554,17982200
2020-06-10,108.43054962158203,108.60951919529226,107.46250272569219,107.91805712679951,16866200
2020-06-11,107.13713836669922,108.04011704349519,106.67345332344246,107.86114740211715,28279600
2020-06-12,107.6577377319336,108.17024266105945,107.2103137789608,107.97499973260032,16202800
2020-06-15,109.1871337890625,109.68336548067414,107.23475372435459,107.29169183300263,24006200
2020-06-16,108.88610076904297,109.7402589417594,108.58509975860584,109.73212847609746,16299500
2020-06-17,108.67462158203125,109.09764178623725,108.04009748218672,109.00815698174999,20132900
2020-06-18,108.91865539550781,108.94305920997803,108.48750478929801,108.69900865234888,9306600
2020-06-19,109.00003814697266,109.17086489281694,108.70717988402366,108.97563432613777,13741400
2020-06-22,108.89427947998047,109.26034920374852,108.68277556274185,109.00003764506486,10134000
2020-06-23,108.69087219238281,109.06508468183851,108.65019503286624,108.76408363175688,9381300
2020-06-24,108.38988494873047,108.52003448275995,107.95059148098578,108.47122685588309,12357300
2020-06-25,108.5037612915039,108.59324606831129,108.25971077176332,108.49561841266002,19115300
2020-06-26,108.60140991210938,108.6827642480016,108.31668214941544,108.52005557621715,7304900
2020-06-29,109.10575866699219,109.10575866699219,108.3410726898652,108.6095270698945,10954600
2020-06-30,109.4149398803711,109.43934370664061,108.86176993435103,109.26037403870872,11599000
2020-07-01,109.84705352783203,110.02643658638155,109.16214318151833,109.38228493751605,11872500
2020-07-02,110.1161117553711,110.16503213832455,109.90410684043542,110.04273118094089,9733200
2020-07-06,110.40150451660156,110.49119604856605,110.04275083034885,110.20582294984649,12706800
2020-07-07,110.54826354980469,110.62979337799553,110.26287804712783,110.40148995249547,11645100
2020-07-08,110.36885070800781,110.65423613362559,110.26284827421831,110.62161425787487,10033100
2020-07-09,110.98859405517578,111.09459655063021,110.41783531351237,110.59721840969337,9809000
2020-07-10,110.78470611572266,111.23316367545972,110.62978328221327,111.1434721635123,9043100
2020-07-13,110.49115753173828,110.95592597397537,110.4259262183576,110.80100315989634,22457200
2020-07-14,111.13532257080078,111.2494742727812,110.72763614349894,110.7684072745496,12505600
2020-07-15,111.35548400878906,111.36363325889127,111.0864094561778,111.28209099145639,8815600
2020-07-16,111.66533660888672,111.73056794582078,111.37996350660626,111.47780429120466,7761800
2020-07-17,111.96697998046875,112.04036053410594,111.65713438742353,111.96697998046875,6078400
2020-07-20,112.27685546875,112.27685546875,112.03224108945516,112.21162413816442,7244300
2020-07-21,112.42362976074219,112.60301281054888,112.34208748661034,112.4562392054324,7712300
2020-07-22,112.7905044555664,112.79865370340048,112.60297222258458,112.7497333331965,6229900
2020-07-23,112.8720474243164,112.9454404297828,112.6600549815054,112.9046693026573,9544200
2020-07-24,112.61929321289062,112.83944736438197,112.48068132242638,112.66006434340417,9106500
2020-07-27,112.27685546875,112.75792253501389,112.2034748874428,112.67639270298504,6347600
2020-07-28,112.16268920898438,112.5133060102246,112.12191807745376,112.45622393776124,12922600
2020-07-29,112.77421569824219,112.77421569824219,112.17084775825907,112.26868851790991,7625100
2020-07-30,112.65194702148438,112.77424800608502,112.48887489481494,112.7090166670961,8939900
2020-07-31,112.80683898925781,112.89653050059295,112.46437144299469,112.63560521612625,11788700
2020-08-03,112.95799255371094,113.03969658036928,112.60662658770168,112.72102219957262,10915900
2020-08-04,113.37471008300781,113.37471008300781,113.09689396597982,113.16226466437215,10101900
2020-08-05,113.2194595336914,113.41557163458592,113.11323058718362,113.20311374157032,11602000
2020-08-06,113.70161437988281,113.79149758166757,113.5218479763133,113.57088537853545,8067800
2020-08-07,113.38286590576172,113.88948565282483,113.35018679378248,113.8159358315484,7405300
2020-08-10,113.13783264160156,113.57090291666127,113.09697436753666,113.56272378093146,6137100
2020-08-11,112.4268569946289,112.83541452056463,112.34515297035348,112.76187715826089,12870500
2020-08-12,112.1490478515625,112.54125960978708,112.02648557342575,112.3533266272484,11902600
2020-08-13,111.1358642578125,112.13274607190311,110.923418736259,112.06737534184236,20754500
2020-08-14,110.64554595947266,111.22569063157314,110.53931701886883,111.00507855703745,12409100
2020-08-17,110.8743667602539,111.06229977071627,110.77631692317595,110.92339167879288,9522800
2020-08-18,111.19307708740234,111.32381855783004,110.91526081388817,111.0133106826125,12198000
2020-08-19,110.89888000488281,111.41366658956534,110.8008301671105,111.35646253873887,12168600
2020-08-20,111.29107666015625,111.41365140885911,111.1440019235375,111.32376824708524,12065300
2020-08-21,111.49536895751953,111.52806054841206,111.11132380775923,111.35646086669817,6353900
2020-08-24,111.29923248291016,111.67509837656979,111.22568266181621,111.50351121978137,13093400
2020-08-25,110.81716918945312,111.12767698260754,110.49849473212764,110.89071903975098,12191100
2020-08-26,110.85801696777344,110.86618363117255,110.41678024864228,110.63739237411366,6259000
2020-08-27,109.97555541992188,111.03780790193944,109.95104295610687,111.01329543812444,12251100
2020-08-28,110.31057739257812,110.3677814544765,110.00006955528148,110.17166927278525,7907500
2020-08-31,110.80083465576172,110.95607608246056,110.35958543153299,110.40861035240519,11874000
2020-09-01,111.50098419189453,111.53373456384621,110.63295563838841,110.75578515242314,13289900
2020-09-02,111.94320678710938,112.03328594838365,111.36998144053464,111.41092878572756,14236600
2020-09-03,111.69751739501953,112.10696579088892,111.64020111719199,112.08239988676664,16452600
2020-09-04,110.51014709472656,111.4682550804592,110.4446338356111,111.37817591109751,13177800
2020-09-08,110.61654663085938,110.90315292395441,110.54284894080946,110.66567842422597,13932300
2020-09-09,110.6902847290039,111.11611458591534,110.55925823528129,110.64115291770148,11640000
2020-09-10,110.77216339111328,110.89499290160529,110.45279416846171,110.59200511214344,12624700
2020-09-11,110.85405731201172,111.04241257522006,110.69846491865425,110.82130693753453,9773000
2020-09-14,111.13247680664062,111.35356991927453,111.02601623697628,111.0423976697028,13896200
2020-09-15,111.25533294677734,111.361793541927,111.14887235162769,111.1570693176392,9388500
2020-09-16,111.32899475097656,111.5910476712998,111.17340239145601,111.50915300985605,8868200
2020-09-17,111.35359191894531,111.61564491285426,111.19799951573368,111.59107900659711,12190400
2020-09-18,111.14886474609375,111.46823401431439,111.11611437041371,111.41910220310724,9968000
2020-09-21,111.04239654541016,111.34538432323693,110.93593597682373,111.34538432323693,12081100
2020-09-22,111.10794067382812,111.20621681219814,110.97692664829607,111.13251907995321,8295900
2020-09-23,110.30541229248047,111.14887511790837,110.23989903963287,111.0915588312763,17759900
2020-09-24,110.0269546508789,110.39545564516563,109.92049408761139,110.2889950818981,20595000
2020-09-25,109.91233825683594,110.10068103714431,109.76493032349168,109.9614700694925,9793100
2020-09-28,110.4691390991211,110.48552052875081,110.05150635883588,110.15796690837452,8579500
2020-09-29,110.3299789428711,110.69848005916533,110.31361000108053,110.60021642692031,8428600
2020-09-30,110.3135986328125,110.37909938397544,110.07611155219382,110.2644543263791,11634700
2020-10-01,110.62051391601562,110.73540971839142,110.14452596524679,110.18555034111415,12642600
2020-10-02,110.6369400024414,110.70259654084937,110.3004549391147,110.51384181961664,10829600
2020-10-05,110.26761627197266,110.59588639171298,110.23479426907957,110.37430969610433,10078700
2020-10-06,110.17735290527344,110.75183194288309,109.93114402552537,110.34148798420422,22370600
2020-10-07,110.21015930175781,110.57947883042125,110.06244150845409,110.18553966954053,14745500
2020-10-08,110.48102569580078,110.66979297118742,110.39074950578737,110.51386023182731,12101600
2020-10-09,110.73541259765625,110.77644949729388,110.3414859110828,110.3989400751162,9979700
2020-10-12,111.37554168701172,111.4083636875019,110.87492165130162,110.88312402074881,5465400
2020-10-13,111.26887512207031,111.44121258095976,111.11294240603404,111.34273403302294,9228200
2020-10-14,111.37554168701172,111.53146184271691,111.20319174700926,111.44118568799209,12994600
2020-10-15,111.26070404052734,111.41662427770866,111.1950474825367,111.36738498989267,13255900
2020-10-16,111.07186889648438,111.50683237012294,111.05546415903788,111.21138430098162,8742400
2020-10-19,110.8585433959961,111.05551303634658,110.80108922154584,110.99805886189633,8634500
2020-10-20,110.62870788574219,110.80104529535946,110.60408825579687,110.77642566541414,13413100
2020-10-21,110.44817352294922,110.69438238509174,110.41533899588866,110.4563758933629,8890100
2020-10-22,110.20195007324219,110.41532438007953,110.10347155050206,110.38250238006657,9661800
2020-10-23,110.48102569580078,110.57130188581421,110.21019712576053,110.22661439377379,12010800
2020-10-26,110.71080017089844,110.80107634689777,110.56308234982919,110.61232162351894,9776600
2020-10-27,111.16213989257812,111.17035478362108,110.80103532228148,110.85028710043991,7023800
2020-10-28,110.61231994628906,111.18679900179923,110.57949793856172,111.12935735760031,13578300
2020-10-29,110.32505798339844,110.62872099320404,110.03782475910418,110.62872099320404,14744600
2020-10-30,109.75059509277344,110.41535032286016,109.74239272151831,110.19377359463407,19875600
2020-11-02,110.18073272705078,110.41101167296785,110.10671718356203,110.17251296086138,18496400
2020-11-03,110.2876205444336,110.32051214894207,110.0244375113349,110.13135718718846,11661900
2020-11-04,111.94071197509766,112.03939935142026,111.48837391818662,111.52949784140752,20019500
2020-11-05,112.3601303100586,112.52462598015694,112.13808374408973,112.2943345518708,14349900
2020-11-06,112.00653076171875,112.12167024084481,111.8009236526178,112.0723265425425,12029700
2020-11-09,111.15939331054688,112.09696091260547,111.14294123352612,112.00649331287798,21273800
2020-11-10,110.8715591430664,111.33211699160887,110.83866753213917,110.87979145774335,18849800
2020-11-11,111.07716369628906,111.10183554123857,110.78932132212472,111.02782000639002,3763300
2020-11-12,111.52129364013672,111.52129364013672,111.08540760153463,111.17586267628108,16891500
2020-11-13,111.65287017822266,111.80091380935743,111.5377307092338,111.66110249338959,8256800
2020-11-16,112.01472473144531,112.0558486536471,111.62818245141493,111.68575845234926,12742500
2020-11-17,112.37660217285156,112.4752895528801,112.06407540374799,112.17099509828552,11832300
2020-11-18,112.61512756347656,112.73849936702881,112.49176830918721,112.54111201090295,11878400
2020-11-19,113.24012756347656,113.37171907184043,112.76311775760026,112.83713327508357,16107800
2020-11-20,113.1414794921875,113.28951057855397,112.8125006070487,113.00165562271519,18308400
2020-11-23,113.28131866455078,113.33888214031472,113.12505522434748,113.22374263952246,8648500
2020-11-24,113.02632904052734,113.3141840003648,113.00165719245686,113.24838822242306,11204400
2020-11-25,113.09209442138672,113.19079433640135,112.98518729156984,113.16612249496221,6709800
2020-11-27,113.49510955810547,113.55268556485966,113.28950247557268,113.34707848232685,3404800
2020-11-30,113.88988494873047,113.9227891133658,113.45399888677643,113.5773706802661,11856200
2020-12-01,113.45808410644531,113.94429553091497,113.29327242877382,113.76299891317882,18933600
2020-12-02,113.07899475097656,113.30973356611085,112.8812132347233,113.27677626722982,15637700
2020-12-03,113.52399444580078,113.7464970935174,113.29325561643655,113.43334615038461,18888700
2020-12-04,112.89773559570312,113.17791673919716,112.76588120782597,113.01310504151398,12521200
2020-12-07,112.99658966064453,113.30150442226389,112.95539617806526,113.17788625155664,16697300
2020-12-08,112.86474609375,113.26853275175365,112.81529128165705,113.20260557661935,12797700
2020-12-09,112.45272827148438,112.56809770243655,112.1725345897506,112.56809770243655,20824700
2020-12-10,113.01306915283203,113.0295540896633,112.53510657930514,112.54335533488204,13527600
2020-12-11,113.1284408569336,113.15316197552075,112.83177485956502,113.0130714454193,9023000
2020-12-14,113.04600524902344,113.16138721087859,112.79054536050458,112.88119363459064,8004000
2020-12-15,113.26849365234375,113.29321476269521,112.97182775380757,113.03775490618435,12254500
2020-12-16,113.1778793334961,113.40038196771003,112.79881381154,113.03778880804951,12326000
2020-12-17,113.34302520751953,113.60727261876148,113.10356201609032,113.55772937915614,12338800
2020-12-18,113.26049041748047,113.55776254193634,113.1366196822825,113.52472530587805,8781900
2020-12-21,113.03749084472656,113.24392939273724,112.85582391447645,113.23567638682007,11925000
2020-12-22,113.35124969482422,113.36775570203157,113.12003959386632,113.28518786597832,10226800
2020-12-23,113.37605285644531,113.39257146825504,112.83930507270584,113.0622622321056,7553100
2020-12-24,113.76414489746094,113.81368812702966,113.52466915453546,113.52466915453546,3397000
2020-12-28,113.83850860595703,113.87153323984253,113.5412365009359,113.59904536025167,6279200
2020-12-29,113.88802337646484,113.89627638286913,113.62378857142012,113.63204157782441,6581800
2020-12-30,114.0366439819336,114.0448969867667,113.78064963201865,113.86323008037927,5343100
2020-12-31,114.06143951416016,114.13575437326348,113.92106280251721,113.98711205504682,6932300
2021-01-04,113.48340606689453,113.86325858443372,113.44212843238833,113.86325858443372,14891400
2021-01-05,113.12004089355469,113.17783711945546,112.75670713073049,113.17783711945546,16294400
2021-01-06,112.2034912109375,112.28605907570265,111.80712010002924,112.12091074616248,19136500
2021-01-07,112.1869888305664,112.26130369961078,111.92274138505967,111.93926000040676,11886100
2021-01-08,112.10441589355469,112.21176800051335,111.848434038511,112.12093451001276,13341400
2021-01-11,111.62545776367188,111.88145217503391,111.61720475685776,111.88145217503391,7557700
2021-01-12,111.86492919921875,111.92272544468452,111.2621321250248,111.56765716536792,16766200
2021-01-13,112.73196411132812,112.83105058086352,112.07961125352983,112.10438287091368,16490700
2021-01-14,112.24480438232422,112.82284261874841,112.17048950050301,112.75678074601383,22050500
2021-01-15,112.41815185546875,112.72367681107507,112.33557141340987,112.50073229752763,13680700
2021-01-19,112.61637115478516,112.69893902161786,112.34387073421583,112.37689536094688,12807500
2021-01-20,112.58330535888672,112.72368203688947,112.52550912677123,112.59157096347964,12218400
2021-01-21,112.13744354248047,112.24478304025264,111.97229519205202,112.11267191991676,25084300
2021-01-22,112.0548324584961,112.22824636908389,111.97226460584174,112.10437569009031,15998800
2021-01-25,112.53376007080078,112.60807491073437,112.24474111549443,112.26125972437082,14603700
2021-01-26,112.52554321289062,112.67417294050207,112.26956139310815,112.3191046356453,11926900
2021-01-27,112.32735443115234,112.66591671215737,112.28606419688165,112.64939809844701,13822700
2021-01-28,112.14562225341797,112.45114712930067,112.10433204316278,112.33554210058804,16896900
2021-01-29,111.97227478027344,112.2199909607534,111.44379259523419,111.82363247197627,18131600
2021-02-01,112.19318389892578,112.2759146564897,111.95323566479487,112.00287664430675,10682300
2021-02-02,111.89530944824219,111.99459139311502,111.72982270696636,111.87048896202397,12710600
2021-02-03,111.6305923461914,111.76297675044009,111.58922064175474,111.69678454831575,13189600
2021-02-04,111.82088470458984,111.87880761456746,111.39065433706212,111.53957732008216,10689500
2021-02-05,111.52300262451172,112.01116842407015,111.46509235160265,111.8953352533833,12016300
2021-02-08,112.0029067993164,112.03600921114837,111.58921502551395,111.63885601839088,13460300
2021-02-09,111.82914733886719,112.102185385532,111.59748098864297,112.08563418198192,11755100
2021-02-10,112.09393310546875,112.15185602077243,111.93672819235596,112.01120231558535,9414500
2021-02-11,111.79600524902344,112.16005584868765,111.72981308318771,112.14350465101252,9241100
2021-02-12,111.43197631835938,111.64710405537534,111.34097627561225,111.37406605253237,13717100
2021-02-16,110.64594268798828,111.10927522184866,110.62940411525376,110.88589086615042,21429200
2021-02-17,111.2003173828125,111.22513787336608,110.8941895827396,111.15067640170533,16195400
2021-02-18,110.98521423339844,111.15897031089251,110.73699667620808,110.9769449439442,15414100
2021-02-19,110.18266296386719,110.78664940464537,110.1661117583351,110.69563671152504,13678500
2021-02-22,109.49593353271484,110.22403508041991,109.42147204484613,109.99236870158117,17978100
2021-02-23,109.57862854003906,109.60344902503324,109.01600142215203,109.14011647198816,23482500
2021-02-24,109.74415588378906,109.76897638082336,108.6768366367004,108.91677231632237,18120000
2021-02-25,108.00659942626953,109.14012301672656,107.37779272726755,108.99118747296511,35471200
2021-02-26,109.43800354003906,109.47937523413844,108.37895382041111,108.75127381756855,23284400
2021-03-01,109.54491424560547,109.57807144637682,109.13866579525431,109.13866579525431,23890800
2021-03-02,109.42058563232422,109.52836871213104,109.24648812712451,109.52008257160598,13633400
2021-03-03,108.60810852050781,109.31282268183391,108.55836637276188,108.84853311814545,24043300
2021-03-04,107.72100830078125,108.74077302899863,107.6215239958228,108.64957486592061,21771800
2021-03-05,107.58004760742188,107.72098789628222,107.17381167205848,107.43910731856153,23789400
2021-03-08,106.576904296875,107.46400222957439,106.56031936197819,107.3893889984368,15029200
2021-03-09,107.381103515625,107.46400288942066,107.08263793864332,107.12409395084053,21900300
2021-03-10,107.88678741455078,108.01942888239178,107.53857984160626,107.53857984160626,19440400
2021-03-11,107.95314025878906,108.23502083984484,107.82877224907901,108.0194546832525,20622100
2021-03-12,106.70952606201172,107.19037517257374,106.66807006266124,107.057733685485,14352000
2021-03-15,107.0743179321289,107.18210101236778,106.80902227770527,106.80902227770527,10111200
2021-03-16,106.99970245361328,107.27329689340837,106.84217723216193,107.12407046293615,11356900
2021-03-17,107.09918975830078,107.33134085212552,106.3779033561695,106.51884365022984,19086100
2021-03-18,106.48566436767578,106.63489077142508,106.04625864473341,106.12915798550733,21368700
2021-03-19,106.64319610595703,106.71780931241094,106.31985956072893,106.47737211304455,19776100
2021-03-22,107.02458190917969,107.3313462357298,106.89192774908217,106.99971083548603,16677200
2021-03-23,107.3396224975586,107.43910678317701,107.02457205897251,107.02457205897251,32228000
2021-03-24,107.66297912597656,107.712721278049,107.1240889443941,107.1240889443941,13435400
2021-03-25,107.53860473632812,107.79561424366999,107.32303858132197,107.72098837815464,12945900
2021-03-26,107.4639663696289,107.62979036206534,107.22354182154727,107.32302609653354,14315000
2021-03-29,107.20696258544922,107.5385979373392,107.0411512348018,107.50542807685262,11279900
2021-03-30,107.53860473632812,107.60491916030361,106.93337492483722,107.1655133605393,20219000
2021-03-31,107.82044982910156,108.09404417768903,107.63805359670991,107.70438064945158,23764600
2021-04-01,108.49671173095703,108.529933842713,108.11458773129756,108.37211296767536,16390900
2021-04-05,107.96503448486328,108.23916435125749,107.92349735201203,108.14778772912608,17015500
2021-04-06,108.68770599365234,108.72094076199087,108.12284168539995,108.12284168539995,15762000
2021-04-07,108.47174072265625,108.75417290287662,108.33052463254607,108.64617890882414,10976500
2021-04-08,108.87049102783203,108.88710841686031,108.54652165622727,108.61297853698645,7452800
2021-04-09,108.64616394042969,108.90368901964061,108.43849101146421,108.52156525319026,7568300
2021-04-12,108.62125396728516,108.62956899741502,108.42189604978117,108.57141448790915,10579800
2021-04-13,109.10306549072266,109.11138052152045,108.45512685608635,108.49666398401982,9582100
2021-04-14,108.95355224609375,109.06153357345764,108.77079901473648,108.95355224609375,10219300
2021-04-15,109.62641906738281,109.91716632376858,109.36059155578972,109.36890658762289,17234400
2021-04-16,108.8787841796875,109.3854940273589,108.86216679399865,109.05322236569044,21100200
2021-04-19,108.59632110595703,108.7375371722429,108.51325954215027,108.63785822553506,10868200
2021-04-20,108.80403900146484,108.97848990566023,108.52990910936042,108.56314388889979,11996200
2021-04-21,109.17782592773438,109.17782592773438,108.73756025252638,108.87047399324818,10473600
2021-04-22,109.28581237792969,109.37718898394539,109.03660230012767,109.27751002296502,16487100
2021-04-23,109.37720489501953,109.559958133636,109.22768643179856,109.41874202658744,15170600
2021-04-26,109.32734680175781,109.55163713377208,109.31072941688804,109.40210602064565,10915200
2021-04-27,108.83724975585938,109.35227464684033,108.83724975585938,109.31905254998905,10418200
2021-04-28,108.85382843017578,108.91198292994535,108.4717173686994,108.82890869465987,15731100
2021-04-29,108.72095489501953,108.76247934781523,108.28899157791801,108.54650402694041,11697300
2021-04-30,108.94522094726562,109.01999284009412,108.71262826487832,108.78740015770681,11860200
2021-05-03,109.20741271972656,109.39050925585956,108.92441763651567,109.14082638838542,9029900
2021-05-04,109.27400207519531,109.54034743888612,109.10754257291154,109.43214304738098,14006800
2021-05-05,109.40715026855469,109.4487683098218,109.1324864362435,109.1324864362435,5722300
2021-05-06,109.61524963378906,109.66518621325045,109.34058574670573,109.44879013556918,9383600
2021-05-07,109.65685272216797,110.14791261993412,109.47374348909518,109.93151657177715,11267200
2021-05-10,109.06590270996094,109.67349818684878,109.05758418152648,109.46542067559652,9705000
2021-05-11,108.66642761230469,108.85785541978872,108.5499046816561,108.64977785077005,12179400
2021-05-12,108.075439453125,108.45829487334439,108.01717166741656,108.3084851958778,12569900
2021-05-13,108.48332977294922,108.64978930570457,108.30855170857299,108.30855170857299,9508200
2021-05-14,109.07426452636719,109.09923281871589,108.75798255655424,108.88283671834476,8987200
2021-05-17,108.94941711425781,109.08258981506594,108.8828434639015,109.07427128378335,6001600
2021-05-18,108.59151458740234,108.80791067092778,108.57486482711701,108.75797409011776,8835300
2021-05-19,108.40006256103516,108.76626830512397,108.18365382584273,108.49993570032818,20069600
2021-05-20,109.14083862304688,109.17412544242683,108.73300206038054,108.73300206038054,10498100
2021-05-21,109.21573638916016,109.3821958753258,109.10753200813235,109.29897248226534,7826100
2021-05-24,109.51538848876953,109.57364360451658,109.33227921062678,109.44880214216789,5756400
2021-05-25,109.92321014404297,109.95649696279158,109.58195992665458,109.59859698600623,11428000
2021-05-26,109.86495971679688,109.97316411992705,109.64856361058385,109.76508654470584,28568500
2021-05-27,109.53202819824219,109.71513745958028,109.04928675471868,109.70680622949027,15033000
2021-05-28,109.62359619140625,109.9148971790096,109.5819781360208,109.60694642924258,10432400
2021-06-01,109.63776397705078,109.6627810840228,109.33754596851011,109.61274687007875,6390600
2021-06-02,109.8128662109375,109.87958272718055,109.7044630063076,109.7127977990101,8140400
2021-06-03,109.37924194335938,109.5710439990626,109.3542248371753,109.49599268051037,10028100
2021-06-04,110.15476989746094,110.16311741400057,109.69610185832872,109.73780126640851,11427200
2021-06-07,110.06304931640625,110.12143103960243,109.96298090506913,110.05471452375292,5000100
2021-06-08,110.48001861572266,110.52171802897148,110.34659830815048,110.34659830815048,10626800
2021-06-09,110.88033294677734,111.0471178978127,110.73021758343225,110.89700253446762,12152200
2021-06-10,111.38067626953125,111.38902378738833,110.61345539429198,110.6968542236141,16424100
2021-06-11,111.472412109375,111.58082804467553,111.2722625499452,111.472412109375,12707000
2021-06-14,111.06379699707031,111.33899791604125,110.91369434574644,111.3223283269234,8327200
2021-06-15,111.14718627929688,111.18055090441635,110.88033290272155,110.96371901576805,17848200
2021-06-16,110.83026885986328,111.50576880307922,110.52171611194768,111.28060215534057,22698500
2021-06-17,111.44737243652344,111.96440945425462,111.09712032210497,111.09712032210497,22735800
2021-06-18,112.03115844726562,112.2229732303264,111.55582069874265,111.65588912477355,21169700
2021-06-21,111.38067626953125,111.68089424026617,111.30562495806622,111.5391264103184,22492000
2021-06-22,111.56415557861328,111.5724903724969,111.00541899138311,111.0221013040265,12098400
2021-06-23,111.38904571533203,111.58084779068113,111.28896455546867,111.4057153045782,12519100
2021-06-24,111.60585021972656,111.64754963711172,111.44740006858827,111.49743427950023,8241300
2021-06-25,111.31394958496094,111.68921883288826,111.03041395096015,111.61416752827752,10981600
2021-06-28,111.78931427001953,111.84768327278417,111.54746529104753,111.58082991394896,12359900
2021-06-29,111.92273712158203,111.9310719141109,111.55580265232626,111.58915454731583,11194400
2021-06-30,112.04784393310547,112.26466310393818,111.97279261145682,112.10621294165114,17381500
2021-07-01,111.95008087158203,112.0921161576573,111.74120320108054,112.00020947268139,11062700
2021-07-02,112.26758575439453,112.27594902195071,111.91667273688914,111.98351513292114,6896200
2021-07-06,112.67695617675781,112.94431293020693,112.40123615831118,112.40123615831118,11499900
2021-07-07,113.06130981445312,113.21169561536487,112.77722649792918,112.90256074757002,16902400
2021-07-08,113.11978912353516,113.29525197377724,112.92762523908415,113.01953192275742,17494900
2021-07-09,112.64356994628906,112.69369855347574,112.56001376838938,112.62685616093256,13192600
2021-07-12,112.58505249023438,112.80228065497869,112.50149633132045,112.7521520591823,12577200
2021-07-13,112.16735076904297,112.76056918336488,111.98353733073962,112.71042781473906,19922400
2021-07-14,112.6853256225586,112.71038992400244,112.47644794460537,112.4848112110078,14420100
2021-07-15,112.9276351928711,113.03624292032629,112.60178651274111,112.97776379767843,15859100
2021-07-16,112.76885986328125,112.90254461090541,112.62682459976027,112.62682459976027,9624600
2021-07-19,113.57936096191406,113.69633198534906,113.28692702888387,113.33705564622953,21808500
2021-07-20,113.42056274414062,114.08061050161596,113.2701769572019,113.93857523099165,24764800
2021-07-21,113.01957702636719,113.16161236711247,112.81904979590468,112.99451271617014,22385000
2021-07-22,113.48744201660156,113.54592114757408,113.01955797328547,113.11146467814285,6074900
2021-07-23,113.43730163574219,113.44565215390506,113.00283246250235,113.04461055108203,11455300
2021-07-26,113.1866226196289,113.53753554367842,113.11142972494973,113.53753554367842,8684600
2021-07-27,113.67123413085938,113.67123413085938,113.35373598285408,113.57932744322004,10506100
2021-07-28,113.87177276611328,113.88013603423892,113.32034527184832,113.42895301752245,12225700
2021-07-29,113.54591369628906,113.6378203951152,113.43730596050048,113.52921265932662,15828800
2021-07-30,113.63784790039062,113.77988324224913,113.57100548971258,113.59608254899231,11148100
2021-08-02,113.96674346923828,114.25968791507215,113.70727364486888,113.7658574253563,12042700
2021-08-03,114.08391571044922,114.16760864402362,113.9499916906932,113.99184454332914,13121700
2021-08-04,114.10905456542969,114.48570479378425,113.59848028246437,114.35178073917349,14426200
2021-08-05,113.64031982421875,113.95000798896396,113.61521066338533,113.92489882813052,13960900
2021-08-06,112.71127319335938,113.12977634993204,112.6945294910197,112.98748680930167,8641500
2021-08-09,112.2258071899414,112.83681821805511,112.2258071899414,112.73638154814674,14166600
2021-08-10,111.97469329833984,112.36808725123485,111.97469329833984,112.35972178668236,12103500
2021-08-11,112.15044403076172,112.43502301949243,111.79890302614756,111.97466714260533,15902200
2021-08-12,112.30945587158203,112.3345778008557,112.04998606216486,112.15880092612599,14593200
2021-08-13,113.06277465820312,113.09624927943929,112.49360392360192,112.58567509662424,17846600
2021-08-16,113.12974548339844,113.54824852578595,113.10463632259113,113.3389970045922,15203000
2021-08-17,112.92886352539062,113.10464042912305,112.84517057689402,112.94560722376984,15055900
2021-08-18,112.85353088378906,113.08789156359086,112.66102306217313,112.93722382846161,9134600
2021-08-19,113.11296844482422,113.20503959787885,112.86186413906653,113.0292627523398,15681600
2021-08-20,113.1883544921875,113.32227856080445,113.03769949377005,113.23857282499333,10782100
2021-08-23,113.27204132080078,113.3808562048516,113.16322643674997,113.27204132080078,12064300
2021-08-24,113.01258850097656,113.24694923141766,112.92051730175314,113.1632434969593,13782900
2021-08-25,112.7196044921875,113.10463289907744,112.58568045746935,113.01256172167108,15533600
2021-08-26,112.68612670898438,112.87026905863269,112.53545898122734,112.85352536183778,14673700
2021-08-27,113.31388854980469,113.35572863694469,112.6359156603846,112.81167978713087,11670000
2021-08-30,113.50640106201172,113.54825392257953,113.17996918430258,113.20507834630328,9119900
2021-08-31,113.2469253540039,113.64868469695132,113.16321963719439,113.47292057203025,15644700
2021-09-01,113.39280700683594,113.51857030368167,113.09096230058147,113.46826498494337,16028100
2021-09-02,113.5940933227539,113.5940933227539,113.35932650500415,113.50186258764992,11822200
2021-09-03,113.18321990966797,113.2670578629023,113.0406838747246,113.11614187078384,7681300
2021-09-07,112.64659118652344,112.77235449407945,112.45373705650314,112.77235449407945,14271400
2021-09-08,113.00717163085938,113.09102240253529,112.68855405108867,112.83948288133904,16045000
2021-09-09,113.74496459960938,113.80364987743364,113.05742441424276,113.15804785223882,18014200
2021-09-10,113.4179916381836,113.69468376306709,113.26706284559792,113.62760572123216,10776600
2021-09-13,113.69465637207031,113.84557233446942,113.64433825744537,113.66950371167046,13159800
2021-09-14,114.0384521484375,114.2480662517281,113.76175999683437,113.83723079732944,16550300
2021-09-15,113.90425109863281,114.03001437931607,113.7281697118532,113.99648176907489,14194400
2021-09-16,113.74496459960938,113.81204262699823,113.50180515109658,113.56888317848542,16282400
2021-09-17,113.49343872070312,113.52697134148096,113.27544470107952,113.43474064205807,15769600
2021-09-20,113.8455810546875,113.88750642317368,113.51020369445044,113.51020369445044,17519900
2021-09-21,113.83718872070312,113.93779935906934,113.75333799284806,113.86234138029468,15834600
2021-09-22,114.15582275390625,114.20614087987931,113.71983467943129,113.84559800979366,15898200
2021-09-23,113.36766815185547,113.78689625082217,113.1915867210059,113.78689625082217,14735500
2021-09-24,113.12449645996094,113.31733778236608,113.00711311669369,113.24187980322819,10797300
2021-09-27,113.0657958984375,113.15802656952228,112.80586379350902,112.88133455626794,13104100
2021-09-28,111.85844421386719,112.39505566772199,111.8416715076706,112.39505566772199,19987200
2021-09-29,111.83332061767578,112.41185759047438,111.72431718980661,112.16869806581693,14956300
2021-09-30,111.53983306884766,111.83329787165486,111.48952774124115,111.77459979356264,21397100
2021-10-01,112.35047149658203,112.51848219278345,111.88002360146584,111.9220294801148,21381400
2021-10-04,112.1656494140625,112.29165422434535,111.93882793715967,112.09003370949908,12931100
2021-10-05,111.70369720458984,112.15732769246638,111.70369720458984,112.06491982032809,14635200
2021-10-06,111.73725891113281,111.83807562420941,111.54404717353542,111.72886285937628,13855500
2021-10-07,111.24163818359375,111.5776725767092,111.20804115348291,111.49366077382999,15805500
2021-10-08,110.72918701171875,111.14922035161202,110.64518803478025,111.12401937669044,9079400
2021-10-11,110.51913452148438,110.75435209011636,110.5023296041832,110.53593943878555,4337000
2021-10-12,111.2248306274414,111.26683652788704,110.754395306613,110.96441199044006,19870400
2021-10-13,111.78762817382812,111.82122518557829,111.35918615904865,111.40119203753214,18260300
2021-10-14,112.31693267822266,112.31693267822266,111.91370418872083,111.98930712705193,15870000
2021-10-15,111.9136734008789,111.96407534590057,111.72885772353347,111.90527734950831,13131700
2021-10-18,111.8212661743164,111.97247201020907,111.48524466006661,111.72885833513784,11530300
2021-10-19,111.20800018310547,111.58602751998927,111.20800018310547,111.54402163402514,12213200
2021-10-20,110.939208984375,111.31723644466797,110.91400800824887,111.14922566436009,13810200
2021-10-21,110.7039794921875,110.93919712315008,110.60317559846054,110.8887951762866,13131000
2021-10-22,111.14922332763672,111.25843610082123,110.87199977767645,110.9644076276632,13735100
2021-10-25,111.19961547851562,111.42643705729283,111.10720763667301,111.1408174801064,8206800
2021-10-26,111.67845153808594,111.69525645858809,111.22480841331775,111.49363586775794,10100600
2021-10-27,112.35889434814453,112.61931291213868,111.93046504787004,112.1740786927169,15928300
2021-10-28,112.19088745117188,112.46811094380024,111.97246194997489,112.32530117215495,18514400
2021-10-29,112.13207244873047,112.33369302266651,111.68683823071952,111.73724016960415,17367800
2021-11-01,111.93171691894531,112.00748134128456,111.6202851995213,111.6202851995213,11894200
2021-11-02,112.36105346679688,112.42839251576439,111.93176863508029,111.93176863508029,18047600
2021-11-03,112.0748519897461,112.57147583804696,111.87284769962594,112.4788862572054,11847700
2021-11-04,112.6640396118164,112.81554279470288,112.2010918136524,112.2010918136524,20135500
2021-11-05,113.48896026611328,113.6320509371712,112.97551122591199,113.07651338345615,15840400
2021-11-08,113.22801208496094,113.38794070560047,113.07649602828855,113.37110273405708,8494200
2021-11-09,113.53104400634766,113.89297695140459,113.51420603292787,113.80881277152673,18075300
2021-11-10,112.36946868896484,113.3711161951775,112.15903897231884,113.35427822163486,23397300
2021-11-11,112.0495834350586,112.52094382768662,111.9906698077838,112.40310372952962,6168900
2021-11-12,111.93171691894531,112.30207509534378,111.77178835699101,112.20107299036398,11897100
2021-11-15,111.08162689208984,111.86441918176136,111.07321432810521,111.82234351822912,12353400
2021-11-16,110.89643859863281,111.40147495550056,110.83751212476808,111.01427870275421,18709500
2021-11-17,111.3425521850586,111.37622812656087,110.67760004188656,110.77018961560505,14541100
2021-11-18,111.5950927734375,111.68768236574239,111.26682291774041,111.26682291774041,14086100
2021-11-19,112.01591491699219,112.1253424469858,111.85598632503437,111.8643988874928,17682900
2021-11-22,111.0395278930664,111.7465685092422,110.99743938990187,111.56981477700221,13745400
2021-11-23,110.24833679199219,110.85437542124856,110.24833679199219,110.77862380349427,10986900
2021-11-24,110.77861022949219,110.79544820146694,110.10523263020576,110.23149815460228,14019900
2021-11-26,111.67926025390625,111.72977417779109,110.94696890271939,111.12373552728766,14399300
2021-11-29,111.75499725341797,111.83916141865255,111.1489587518524,111.22471035364603,21231700
2021-11-30,111.99909210205078,112.5630421096319,111.75499932166228,112.14218274484523,28873400
2021-12-01,112.01512145996094,112.11631821705265,111.60194532979828,111.95610181281793,18070800
2021-12-02,112.27652740478516,112.343987624001,111.8127593060982,112.04042307089031,17305900
2021-12-03,113.21248626708984,113.46545880371158,112.20904955412914,112.25120092130135,25739900
2021-12-06,112.63910675048828,113.19564382140459,112.58007424294298,113.17034785151922,25332000
2021-12-07,112.68968963623047,113.0522866199865,112.55476922986924,112.68968963623047,17338200
2021-12-08,111.93919372558594,112.45356642987873,111.76210911370455,112.40297450268862,17408000
2021-12-09,111.84647369384766,112.28495864897522,111.80430945199922,112.09944627821818,12348300
2021-12-10,111.97296142578125,112.42831468300929,111.92236947869392,112.39457814047039,12792300
2021-12-13,112.47889709472656,112.74029737699831,112.38614091068949,112.41987745036839,10264200
2021-12-14,111.97296142578125,112.29339424629572,111.82118558451926,112.1753420808516,17725400
2021-12-15,112.11629486083984,112.17531449568779,111.57662611341718,111.61877748114377,20585100
2021-12-16,112.11290740966797,112.4508591083834,111.9608388139004,112.18049774941106,9750200
2021-12-17,112.37482452392578,112.48466044977086,112.23965672081712,112.23965672081712,8753100
2021-12-20,111.88481903076172,112.29036116855812,111.81724156600461,112.17208126791975,12931400
2021-12-21,112.10445404052734,112.1128979979592,111.08216796359888,111.08216796359888,12933300
2021-12-22,112.2818832397461,112.29034008990998,111.99463394805154,112.25653847233421,7850800
2021-12-23,112.11290740966797,112.21429936505217,111.87634766633674,112.17205379127036,8401200
2021-12-27,112.44242858886719,112.53536371633376,112.09603285089705,112.14673528623149,8744200
2021-12-28,112.29879760742188,112.71278367770013,112.15517294423344,112.67053809639967,6864300
2021-12-29,111.68204498291016,111.95239347814778,111.52151952095322,111.84257044486709,7263000
2021-12-30,112.12982177734375,112.15516654636995,111.60601269541456,111.84257246735295,5566900
2021-12-31,111.96086883544922,112.3917428638658,111.90172243798713,112.13828224475027,8514500
2022-01-03,110.76959991455078,111.34409855150042,110.76959991455078,111.3356545920892,18199400
2022-01-04,110.86249542236328,110.87939622668806,110.41472079428023,110.62593572796229,18748000
2022-01-05,110.21199035644531,111.08219517198131,110.18664558640377,111.08219517198131,16107500
2022-01-06,110.068359375,110.23732879608755,109.83179960716933,109.98386821868598,19336300
2022-01-07,109.59525299072266,110.00078222830422,109.3840379661324,109.9247479134218,17750800
2022-01-10,109.49385070800781,109.56142815700348,109.01227436602348,109.32486841090076,14253400
2022-01-11,109.82337188720703,109.8909622439444,109.39248497444906,109.50232091559009,17231000
2022-01-12,109.74730682373047,110.15284889817654,109.73886286484044,110.02611216558454,12733100
2022-01-13,110.09371185302734,110.10216870417523,109.56990274351345,109.9247424201075,13468500
2022-01-14,109.12210845947266,109.60367190187989,109.07141892780233,109.5867839856825,14308300
2022-01-18,108.08294677734375,108.55607278988175,108.03225723683886,108.49692639826517,15266600
2022-01-19,108.25192260742188,108.72504217397992,108.22657783718066,108.37020249906139,16057900
2022-01-20,108.1927719116211,108.56451238242535,108.0829424296882,108.38708610625393,22915800
2022-01-21,108.9024429321289,109.079869194776,108.66588317629268,108.71657271089475,21504700
2022-01-24,108.56451416015625,108.98694417634363,108.48847985121238,108.93625463704771,22567100
2022-01-25,108.26036071777344,108.80951456538484,108.21811513914011,108.54761002601508,17247300
2022-01-26,107.52532958984375,108.66588930308677,107.42395051492365,108.5476094184998,23220800
2022-01-27,107.7703628540039,108.19279294539874,107.56759821495044,107.89709317057668,22292800
2022-01-28,107.88863372802734,107.93087931193733,107.17050392195536,107.17895432789159,21294200
2022-01-31,107.93932342529297,108.04070250753301,107.51689339390413,107.75345318015856,20325100
2022-02-01,108.11878204345703,108.19496065604123,107.54318662458482,108.00027121609754,17587300
2022-02-02,108.12724304199219,108.60126698186231,108.01720511456003,108.29653961266145,22644800
2022-02-03,107.25536346435547,107.44158642276135,107.04374764034925,107.34847494355841,23396800
2022-02-04,106.18880462646484,106.48507190943357,105.90101024164014,106.38349400172987,26115800
2022-02-07,106.38350677490234,106.49354467795874,105.97720155330522,106.08724591436403,12756600
2022-02-08,105.98568725585938,106.38352610859914,105.98568725585938,106.26502174284732,22126100
2022-02-09,106.34119415283203,106.72210655597091,106.31580128422341,106.41737921666109,19616400
2022-02-10,104.89376068115234,105.96877299706554,104.87683425181706,105.7740835406861,39583900
2022-02-11,105.67247772216797,105.77405564540393,104.70751005443546,105.12228173081368,21553500
2022-02-14,104.73289489746094,105.21537866461478,104.67364273160001,105.08840789262656,22793600
2022-02-15,104.20809936523438,104.83448041092882,104.20809936523438,104.61439814049466,15673700
2022-02-16,104.36048889160156,104.52977901359355,103.79335987912376,104.51285258459603,27148800
2022-02-17,104.43663024902344,104.76675038973312,104.19115513911076,104.48742243390316,24384600
2022-02-18,104.6905746459961,105.07994696465107,104.33506163218095,104.75829325567577,19233800
2022-02-22,104.55516815185547,104.56363459505394,104.21658791996403,104.32662584952836,18011000
2022-02-23,103.60710144042969,104.41123893191343,103.5817085766147,104.3096674766535,16579900
2022-02-24,104.09806823730469,104.18271328282864,103.45475426691719,103.66637010972859,29245000
2022-02-25,104.5212631225586,105.02913967488963,104.13188442583737,104.38582593100325,19073700
2022-02-28,105.63863372802734,105.80792382294278,104.91067469548524,104.91067469548524,23474500
2022-03-01,105.99999237060547,106.73792527357053,105.85579932879382,105.88972177404904,28504600
2022-03-02,104.38835906982422,105.43165176828087,104.36291401129928,105.28745231784569,24849900
2022-03-03,104.77008819580078,105.0584807363408,104.53259226316713,104.77857204233165,14144600
2022-03-04,104.87184143066406,105.55888394072072,104.81246746647739,105.45710369998744,17402800
2022-03-07,103.59953308105469,104.57496800588613,103.48078515677362,104.23568544882174,16164900
2022-03-08,102.98031616210938,103.33655982342964,102.4713892501953,102.90397453681247,20045200
2022-03-09,103.1584701538086,103.48078502340226,102.98882563985677,103.10757356398479,27652200
2022-03-10,101.97949981689453,102.57323962111931,101.6062882420798,102.53082686169817,34185900
2022-03-11,101.93709564208984,102.14066266764192,101.84379274052867,102.03888239050542,20701300
2022-03-14,100.46118927001953,101.41965655818414,100.42726036540172,101.02948386199473,18624900
2022-03-15,101.25003814697266,101.33485718933201,100.78352370707897,100.94468441745644,24022000
2022-03-16,102.11522674560547,102.16611688873235,100.65631557735838,101.69960881041683,32561800
2022-03-17,103.11608123779297,103.3790222060887,102.4884125693073,102.64108943150954,23878300
2022-03-18,103.31963348388672,103.47231032429798,102.75982271656349,102.75982271656349,21675100
2022-03-21,101.88619232177734,102.768324613414,101.75047667478175,102.5393060769285,17919300
2022-03-22,101.64018249511719,101.77589163068541,101.43660908485037,101.56384084844805,16780900
2022-03-23,101.92857360839844,102.06428922210762,101.4875108063969,101.8267933693932,16949300
2022-03-24,101.97099304199219,102.12366988178809,100.8004684464646,101.27546665431689,20466500
2022-03-25,101.16521453857422,101.6232451414746,100.80048682540975,101.5978000754154,23247400
2022-03-28,101.72501373291016,101.88617441757751,101.2160930886645,101.34332486754518,18691100
2022-03-29,102.5816879272461,102.64106188709812,102.0303546021765,102.25088922645959,23812400
2022-03-30,102.81919860839844,102.92946270081825,102.1491172668999,102.20000739089717,17696700
2022-03-31,102.5816879272461,103.1075697227137,102.39508220448934,102.86159004010493,19905200
2022-04-01,102.92595672607422,103.18945975298575,101.95696233020941,102.0504623583149,16506800
2022-04-04,103.28294372558594,103.3169443200617,102.66244422506638,102.99394191501713,19647900
2022-04-05,101.47246551513672,103.01096185661741,101.45546845766765,102.96845948551771,22750400
2022-04-06,100.8774642944336,101.35345969026059,100.12947060314103,100.39296712798085,25447400
2022-04-07,100.40998840332031,100.82649096008087,100.22299479910721,100.74998797589839,21292700
2022-04-08,99.61946105957031,99.92545993088578,99.3219639582776,99.66196342473374,16072800
2022-04-11,98.65045928955078,99.10095579222511,98.41246162662472,99.02445932269171,20685500
2022-04-12,98.71846771240234,99.59396195876184,98.7099659424031,99.31346191334072,25029100
2022-04-13,99.22846221923828,99.28796163846329,98.68446567633809,98.72696804076324,21276200
2022-04-14,98.07246398925781,99.19445762436033,97.97896397925344,99.16895880071368,19717700
2022-04-18,97.32447814941406,98.02997592295516,97.23097813195919,97.86847471372391,16576000
2022-04-19,96.55094909667969,97.0439478560032,96.49144969365435,96.83995082919465,19775400
2022-04-20,97.55396270751953,97.82596095800642,97.162965627754,97.17996916619371,21119400
2022-04-21,96.5169677734375,97.39246188454521,96.23646777134977,97.32446070495739,25288700
2022-04-22,96.406494140625,96.65299362938286,95.88799633409147,96.14299759417241,19927300
2022-04-25,97.47745513916016,97.6304545429456,96.91645516363047,96.92495693188218,22261500
2022-04-26,97.42646026611328,97.97895200413097,97.30746144700646,97.95345318360083,22695300
2022-04-27,96.49148559570312,97.58798056081862,96.44898971198683,97.23948578056074,19426200
2022-04-28,96.78047943115234,96.78898120117283,96.06647990329238,96.27897875915123,19645500
2022-04-29,95.70950317382812,96.49149756871104,95.52250310441009,95.97300621934981,20257300
2022-05-02,95.14209747314453,95.34655574755098,94.81837133036672,95.15061846363145,17184100
2022-05-03,95.75550842285156,96.55630628688273,95.66179699733513,96.07923466579068,20914600
2022-05-04,96.69261169433594,96.99930243641917,95.22731292651892,95.74698298951479,34240700
2022-05-05,95.21025848388672,95.83215433734604,94.46908825482036,95.7895623814116,34356900
2022-05-06,94.40092468261719,95.0057849982452,94.27314232690162,94.43500214401173,15550400
2022-05-09,94.73319244384766,94.8354248503021,93.87276072973663,94.06869805092524,17185900
2022-05-10,95.13357543945312,95.72140028398853,95.04838503435222,95.48286454986149,25650800
2022-05-11,95.57659912109375,95.80661392060209,94.59689297584272,94.73319635713321,25053500
2022-05-12,95.61917877197266,96.16440522615545,95.55103033990882,95.80660158427524,22156400
2022-05-13,95.11653137207031,95.55101084835894,94.92058760837601,95.4743349409618,16107900
2022-05-16,95.24435424804688,95.67882737995863,95.19323479164731,95.28694621216466,11980500
2022-05-17,94.6991195678711,94.90357787705062,94.52021123527499,94.70763406019475,16562600
2022-05-18,95.04841613769531,95.09101460399118,94.46911209398377,94.46911209398377,16146400
2022-05-19,95.30398559570312,95.94292353654411,95.16767571517622,95.64474729779471,21212500
2022-05-20,95.77252197265625,95.80659943773067,95.39768285606135,95.56806368182158,13906700
2022-05-23,95.4317626953125,95.84920680658159,95.22730438546614,95.47436115551955,14892400
2022-05-24,96.68408966064453,96.7863220734426,95.7640239439139,95.83217238616629,17210400
2022-05-25,97.68081665039062,97.69785213235998,97.05039332412721,97.13558373319721,25637000
2022-05-26,97.70636749267578,98.2004744366527,97.48486724216883,97.8256353584231,34022300
2022-05-27,98.21752166748047,98.5327333292973,97.8597180511121,98.11528927725597,9246100
2022-05-31,97.49340057373047,97.6808233863759,96.87149819537169,97.3400552269853,20336900
2022-06-01,96.92466735839844,98.12021521916552,96.57453988204887,97.91526620495769,22403900
2022-06-02,96.96737670898438,97.1723257414814,96.40375872560223,97.06131303954807,14823300
2022-06-03,96.65997314453125,96.66850807466216,96.27568628658372,96.27568628658372,11440900
2022-06-06,95.97675323486328,96.65992518879754,95.90843473642774,96.591606690362,12213900
2022-06-07,96.48914337158203,96.74533452142055,96.16464022830327,96.23295873695508,11291400
2022-06-08,95.93406677246094,96.57453813105825,95.92553184529865,96.29273568483623,13730800
2022-06-09,95.3021469116211,95.93407689451982,95.25091128239511,95.69496860451557,24846700
2022-06-10,94.37984466552734,94.90930326751766,93.81623332876028,94.79829059146631,36297900
2022-06-13,92.2022476196289,92.95373158505355,91.45929858042177,92.54383360944405,34771900
2022-06-14,91.72405242919922,92.92813534159299,91.51056195042187,92.62070853093664,27320800
2022-06-15,93.15867614746094,93.24407752726596,92.005829187409,92.7914788812257,31581500
2022-06-16,93.26116180419922,93.49173512489239,91.62155681016132,91.8777414256735,30588300
2022-06-17,93.44903564453125,93.68814389486451,92.88541775570755,93.52588907561929,17319600
2022-06-21,92.50965881347656,93.44047380121613,92.40718107918927,93.03057589448652,17031500
2022-06-22,93.18431091308594,93.65398597859429,93.13306877641843,93.47465478828623,18943300
2022-06-23,93.90164947509766,94.63605722822582,93.58568122751993,93.62838192848338,30742100
2022-06-24,94.01266479492188,94.50796427296008,93.80771575805561,93.83333357326234,18668900
2022-06-27,93.15018463134766,93.6881783926974,93.09894247654275,93.49177076412157,20847000
2022-06-28,93.12454986572266,93.17578549599067,92.67194457590978,92.99645427484023,18998400
2022-06-29,93.67962646484375,93.68816790889103,93.0989320586725,93.1672505806251,10747100
2022-06-30,93.96144104003906,94.70439035099571,93.73940908816468,93.73940908816468,16570800
2022-07-01,95.14907836914062,95.44020811535701,94.59249949407562,94.75519348922356,20179400
2022-07-05,95.12335968017578,95.3031827500918,94.90929144087444,95.2175502280959,16728000
2022-07-06,94.65242767333984,95.54295246637277,94.55823711128909,95.39738760969257,17291300
2022-07-07,94.6438980102539,95.16622530772892,94.47264594311518,95.01209583416502,15165800
2022-07-08,94.48975372314453,94.54113456150904,94.14724310971626,94.29281453009472,14384500
2022-07-11,94.75520324707031,95.18333988231025,94.61819638802716,94.89220357326685,9456900
2022-07-12,94.89219665527344,95.54296612259168,94.85794494300973,95.14051666955073,18053600
2022-07-13,95.60289764404297,95.71421080071717,93.94172565747596,93.9502902180957,25657200
2022-07-14,94.99495697021484,95.2347124362837,94.26711947741748,94.56682034285004,22978600
2022-07-15,95.75704956054688,95.94543074135089,94.92646337219124,94.92646337219124,15192500
2022-07-18,95.089111328125,95.6199963628031,95.0206079259588,95.61143833716532,15665500
2022-07-19,95.35458374023438,95.44877431453175,94.89219542991437,95.22614145411559,15414500
2022-07-20,95.25182342529297,95.85121855030552,95.18332653822083,95.77415056968653,9888100
2022-07-21,96.55335998535156,96.56191801300432,95.48301857265918,95.48301857265918,25141900
2022-07-22,97.29830932617188,97.82063643617587,96.87873733927933,97.36681274157951,16062400
2022-07-25,96.47631072998047,96.7674470478141,96.24511981442309,96.62187562247388,25656700
2022-07-26,96.45919799804688,96.8616475337152,96.41638171571505,96.76745693886315,18514600
2022-07-27,97.10135650634766,97.65793524571949,96.8701591450982,96.89585282189374,16995200
2022-07-28,97.90625762939453,98.05182901319591,97.6065633677651,97.81207360389237,17266700
2022-07-29,98.137451171875,98.5399005358209,97.73500180792911,97.85487950789027,14914000
2022-08-01,98.3314437866211,98.63186807281417,98.073945675247,98.17694230035042,18348900
2022-08-02,97.12976837158203,98.43444243563968,97.05251435769004,98.30569011156318,22706500
2022-08-03,98.18550109863281,98.21125024797564,96.88082732589022,97.1898302152318,19416500
2022-08-04,98.34002685546875,98.39152516688613,97.77352578403152,98.07394351499183,22451000
2022-08-05,97.00959777832031,97.07826655979846,96.40017707708643,96.94951423168078,15893400
2022-08-08,97.3958511352539,97.79927202564373,97.34435282537102,97.49026906911601,11889800
2022-08-09,96.95809173583984,97.17267674938816,96.84650988629609,97.00959004353467,17809000
2022-08-10,97.87651062011719,98.11684477594326,97.45592584742157,97.4730897662886,25548100
2022-08-11,96.93236541748047,98.6919655625522,96.88944578521375,98.2542101981743,24970100
2022-08-12,98.0567626953125,98.0739331630495,97.22417182266496,97.45592729681154,16542900
2022-08-15,97.98809814453125,98.37434852745524,97.97092767720177,98.22843229822747,10750200
2022-08-16,97.61042785644531,97.73918016881773,97.10400384074437,97.68767531469999,15328900
2022-08-17,96.6920394897461,97.14695881689336,96.47745440723384,96.95812289650385,20836800
2022-08-18,96.94092559814453,97.26709245377393,96.88942074301322,97.00100913861876,13914300
2022-08-19,95.79076385498047,96.08260292474104,95.5761788075685,96.08260292474104,17996700
2022-08-22,95.1469955444336,95.53325250548689,95.04399892704475,95.52466727116614,10208500
2022-08-23,95.2500228881836,95.69635695693202,94.94101986035135,95.03543781600102,14517700
2022-08-24,94.96676635742188,95.10410394310243,94.78651568767853,95.04402038652131,14441000
2022-08-25,95.94525909423828,96.16842936260572,95.06116980433312,95.4731759498872,33579200
2022-08-26,95.37015533447266,95.91090716228936,95.28432264652601,95.66198778321409,13942300
2022-08-29,94.66633605957031,94.94958988112775,94.54616896229425,94.94958988112775,18371900
2022-08-30,94.7864990234375,95.10408722302681,94.28866018579438,94.91525135022319,19251300
2022-08-31,93.79084014892578,94.7350197022087,93.7393418273346,94.58909687667254,19484300
2022-09-01,93.22620391845703,93.32088529194928,92.39989912270478,93.12291992329223,26706500
2022-09-02,93.29505157470703,94.03528408461413,93.28644238732136,93.69098882493174,14458700
2022-09-06,92.02977752685547,92.9077308366067,92.02977752685547,92.83887046586418,16455700
2022-09-07,93.28643035888672,93.38111170726323,92.43430479038317,92.45152316293436,21874300
2022-09-08,93.07123565673828,93.53603315734406,93.00238187533628,93.25198914582649,16871100
2022-09-09,93.28643035888672,93.81147908465282,93.26060936694495,93.4327602580318,11911700
2022-09-12,93.07986450195312,93.83730879243345,92.89050178761163,93.64795264497761,11084600
2022-09-13,92.40850067138672,92.5462148425165,92.02117258776755,92.15027757104978,19563400
2022-09-14,92.84745025634766,93.01098537647428,92.35683176219914,92.38265275133048,19360500
2022-09-15,92.39986419677734,92.75276855856194,92.27075268473702,92.63226623182679,12947800
2022-09-16,92.1847152709961,93.09709881751958,91.86624753042156,91.88345934063366,13980900
2022-09-19,92.33963012695312,92.43431148218411,91.69407901413395,91.77154856245271,13679600
2022-09-20,91.41864776611328,91.79737320207865,91.28953622504456,91.53054093270042,30310500
2022-09-21,91.76294708251953,92.01256098846706,90.89360300551415,91.78015889087733,23883200
2022-09-22,90.47183227539062,90.91941146673388,90.21360921742152,90.91080884718401,20982600
2022-09-23,90.21359252929688,90.43738536701285,89.80044359323469,90.2738436894261,18671200
2022-09-26,88.64704895019531,90.02422290880888,88.60401616307568,89.85207862656347,27606500
2022-09-27,87.31293487548828,88.88807447235854,87.27850469756694,88.70732096343524,34683500
2022-09-28,89.06883239746094,89.14629537074975,88.02733759942257,88.216700289975,39921300
2022-09-29,88.40608215332031,88.46633333457333,87.57116823675241,88.24254041839654,30873000
2022-09-30,88.1822738647461,89.14629916362688,88.17367124527121,88.7073225956588,24058300
2022-10-03,89.8136215209961,90.53903607071082,89.28682955997982,89.4768209673874,27200900
2022-10-04,90.2281494140625,90.78084809992329,90.12451593970557,90.51312993833993,21918800
2022-10-05,89.54589080810547,89.71860663863472,88.90682774003666,89.52861527184058,24999500
2022-10-06,89.33863067626953,89.76179569390631,89.12273257740112,89.53725982625078,22017200
2022-10-07,88.44912719726562,88.87229219401495,88.40595153283536,88.81183440417638,20895500
2022-10-10,87.6546401977539,88.47505045082912,87.30056410433559,88.42323700835345,6179400
2022-10-11,87.47325134277344,88.23321007743053,87.25735330113031,87.88777189306445,30332900
2022-10-12,87.36964416503906,87.63736229743067,87.07602590274242,87.36964416503906,18941200
2022-10-13,87.52507781982422,87.77552037612907,85.65108412011725,85.66835306700301,20727700
2022-10-14,86.68738555908203,88.07776957461009,86.5923898868147,88.07776957461009,20681900
2022-10-17,87.10191345214844,87.80142105494578,87.04146225917442,87.44735166429392,16585700
2022-10-18,87.62010192871094,87.74964213278712,86.7996916173759,87.6287396992996,23532600
2022-10-19,86.4197006225586,87.08466394400463,86.30743597025125,86.82559014898278,16461800
2022-10-20,85.6683349609375,86.67874274039251,85.58197706738778,86.20376444284165,21437300
2022-10-21,85.91017150878906,86.04834286129636,84.98612794028537,85.26247723398684,18871700
2022-10-24,85.86700439453125,86.3419829152729,85.34885020106913,85.82382213312273,16517100
2022-10-25,87.01558685302734,87.3869319116674,86.60969730187561,86.60969730187561,23143100
2022-10-26,87.41281127929688,87.8446074175359,87.14509978196827,87.23145769187883,22201400
2022-10-27,87.81871032714844,88.16414200464524,87.3955453214471,87.71507687068726,21002900
2022-10-28,88.00007629394531,88.12961648554383,87.43010208638695,87.47328434648242,19532300
2022-10-31,87.52507781982422,87.81006485858694,87.19691511950391,87.68916246432754,21884100
2022-11-01,88.15483093261719,88.51864680531713,87.65243049559474,88.440683900915,26415300
2022-11-02,87.73039245605469,89.1509867670309,87.50517435054682,88.27611299598887,23174200
2022-11-03,87.41854858398438,87.64376667544683,86.63029517692482,86.90748413229936,52723900
2022-11-04,87.5917739868164,87.96424717236022,87.19331537579116,87.66973026326066,16698200
2022-11-07,87.27129364013672,87.68708037870945,87.08938900723177,87.63510290594661,13428300
2022-11-08,87.63509368896484,87.9122826159581,87.35790476197158,87.48783851715396,19206000
2022-11-09,87.4098892211914,87.85165477196092,87.18467113477375,87.36657576309753,12204000
2022-11-10,90.33768463134766,90.42430492609753,89.28089985276655,89.30688528032103,28447600
2022-11-11,90.5802230834961,90.72747824378864,90.06915872411442,90.19042845714412,8578600
2022-11-14,90.12115478515625,90.47630007158887,90.09516935062541,90.26840998663546,22576600
2022-11-15,91.37715911865234,91.41180856501742,90.79679576162597,91.05666330501106,25504400
2022-11-16,92.15676879882812,92.33867346267564,91.45513557988666,91.64570425878611,24648800
2022-11-17,91.66299438476562,91.74095727620069,91.14326600711642,91.40312689158858,24106600
2022-11-18,91.65433502197266,92.07012171040633,91.48109442353666,91.93152394469337,14214100
2022-11-21,91.51575469970703,92.13076748828423,91.50709068614792,91.99216970616239,9664100
2022-11-22,92.32998657226562,92.4512629268241,91.8708930188643,91.9835053605174,15050400
2022-11-23,93.25682830810547,93.29147113637501,92.6158236371448,92.6504730741187,12511500
2022-11-25,93.35211181640625,93.36943984032523,93.11823636313824,93.30880497401836,4413900
2022-11-28,92.67646789550781,93.44739977239969,92.58984759864339,93.42141434421087,18815800
2022-11-29,92.21739959716797,92.52057402346882,92.02683092671977,92.26071306179959,23040000
2022-11-30,93.34345245361328,93.36077386846387,91.8102461955039,92.16539798263481,20930100
2022-12-01,94.51139068603516,94.55483622486084,93.51205047486326,93.78143535714077,30830200
2022-12-02,95.08489990234375,95.08489990234375,93.66844835531448,93.85093548984939,16908900
2022-12-05,94.27677917480469,94.46795814900341,93.86835257172044,94.46795814900341,19612000
2022-12-06,94.56352233886719,94.70256396649641,94.3115143611915,94.60697450496875,18220800
2022-12-07,95.61500549316406,95.65845766185933,94.96326274195569,95.0588522091892,22116700
2022-12-08,95.31086730957031,95.61501262350804,95.07624281878138,95.36300461199662,18285600
2022-12-09,94.5982894897461,95.06754507164369,94.5635290803607,94.9806473631153,15568800
2022-12-12,94.47663879394531,95.3630060983606,94.41580973020966,95.25873149188276,13988400
2022-12-13,95.30216979980469,96.36233908431865,95.13706614212495,96.24937272591987,19976000
2022-12-14,95.38905334472656,95.52809496199045,94.52006312643496,95.29347052019418,19894900
2022-12-15,95.46924591064453,95.6348570674454,95.14674837369407,95.46924591064453,16931200
2022-12-16,95.05961608886719,95.18164330810957,94.55407760199934,94.55407760199934,16643900
2022-12-19,94.1008071899414,94.52790236308958,93.87418241133935,94.51047275703553,14746200
2022-12-20,92.99384307861328,93.28147479952256,92.84566150422488,93.20303159836088,18678000
2022-12-21,93.63011932373047,93.71728064586551,93.27275590798202,93.58654198765426,15087800
2022-12-22,93.60394287109375,93.73468813917036,93.38603630762627,93.5865132720078,13957300
2022-12-23,93.31632232666016,93.53422893149542,93.11585197420155,93.22916101472242,5992400
2022-12-27,92.11349487304688,92.86309424458052,92.07862901274497,92.67133533791151,10456200
2022-12-28,91.82586669921875,92.59290241098151,91.82586669921875,92.45343895430332,10050900
2022-12-29,92.47956085205078,92.51442670647916,92.09604975330228,92.15706333605648,14253300
2022-12-30,91.8956069946289,92.34013849175304,91.66898218139133,92.22682276014211,8528200
2023-01-03,92.53190612792969,93.25535133238907,92.26169729254377,93.22048546169461,15589800
2023-01-04,93.20301818847656,93.35119309156268,92.84564814575833,93.29017950499886,13951700
2023-01-05,93.13329315185547,93.2291726018981,92.4708551288289,92.4708551288289,9848100
2023-01-06,94.65865325927734,94.8068281944063,93.16817247948846,93.29019967900449,20695600
2023-01-09,95.0334701538086,95.26009498669886,94.43204552613183,94.51921352723298,20449600
2023-01-10,94.71092987060547,94.8591047658243,94.35355984686164,94.5801845777728,19225200
2023-01-11,95.52154541015625,95.56512939536238,95.15546387436171,95.28620917999761,19541700
2023-01-12,96.60235595703125,96.61978555912033,95.21646651659876,95.77430688319322,18372500
2023-01-13,96.28857421875,96.65465572880117,96.14911079588363,96.27113796590069,21077700
2023-01-17,95.93993377685547,96.23629026087153,95.80918846478906,95.88763831202203,20745100
2023-01-18,97.0643310546875,97.57858751614756,96.63723591635832,97.34325127869592,27794600
2023-01-19,96.86383056640625,96.95099851840803,96.54133308393155,96.63721251114865,18085800
2023-01-20,96.35832977294922,96.47163884457866,95.9835300437335,96.38447750871111,15440000
2023-01-23,96.07940673828125,96.33217261001496,95.9486614132574,96.00967501160407,18814700
2023-01-24,96.5849380493164,96.69825375935345,95.80919093437157,96.13169515911723,12419700
2023-01-25,96.6285171508789,96.71567847343414,96.16655615635182,96.49777184205475,15450000
2023-01-26,96.59364318847656,96.8202679280944,96.2014139448914,96.68952263023864,13250300
2023-01-27,96.31475830078125,96.45422177628626,96.12299934695412,96.20144921442181,8924900
2023-01-30,95.94865417480469,96.41933331939201,95.88764058106094,96.01838589622125,20019800
2023-01-31,96.63723754882812,96.7243988734314,95.94865177949151,96.46290824963879,27212200
2023-02-01,97.61822509765625,97.8368059838263,96.42039944004304,96.93625380009517,29127300
2023-02-02,97.75813293457031,98.37016354050569,97.66195679178848,98.23901364847949,18958900
2023-02-03,96.64775085449219,96.96250794702479,96.42916991082016,96.78763918975055,16053900
2023-02-06,95.90455627441406,96.18433955508686,95.84335389022188,96.15811091479873,18455400
2023-02-07,95.58981323242188,96.28052976680367,95.4674084461325,95.73844666283603,25191300
2023-02-08,95.68597412109375,95.86083616775758,95.2575507668162,95.67722901759271,16484400
2023-02-09,94.88157653808594,96.14934952527211,94.82911926639494,96.14060442313746,21637500
2023-02-10,94.21709442138672,94.82037305042192,94.1821206838174,94.7591706773152,16092100
2023-02-13,94.56683349609375,94.56683349609375,94.2258411922532,94.3045337763884,32223500
2023-02-14,94.3307876586914,94.7329757781284,93.74499235454799,94.52313994854404,31922200
2023-02-15,93.97228240966797,94.24332053036599,93.73621135504348,94.18211815890004,24279600
2023-02-16,93.22038269042969,93.71000176164557,93.1679187395426,93.51764950636517,27909900
2023-02-17,93.58760070800781,93.58760070800781,92.87065560932028,92.91436778780816,18528900
2023-02-21,92.25862121582031,92.89688036419226,92.22365414271677,92.83567798042175,21136000
2023-02-22,92.52091217041016,92.9143550757715,92.47719332734383,92.625833391434,20971700
2023-02-23,93.24662017822266,93.28159392527932,92.722027313493,92.79196813704615,21144600
2023-02-24,92.54714965820312,92.72201837663202,92.31108522652353,92.54714965820312,26721100
2023-02-27,92.57339477539062,92.93187070905506,92.5034539461299,92.79197570941214,19660700
2023-02-28,92.60836029052734,92.67830778412905,92.04004857849377,92.18868867003742,18239100
2023-03-01,92.03103637695312,92.44341791657978,91.91697610402119,92.35567873016515,27249600
2023-03-02,92.11000061035156,92.11000061035156,91.539685892968,91.62742507393384,23715100
2023-03-03,93.15409088134766,93.2067397353706,92.51358895501288,92.66274620426135,27316900
2023-03-06,92.89966583251953,93.47875651299478,92.84702365941118,93.4436594995656,14688600
2023-03-07,92.63643646240234,93.180423366023,92.425854408675,93.08390826491546,22431700
2023-03-08,92.4872817993164,93.15410490602059,92.25915458172277,92.91720845649388,29396500
2023-03-09,92.39952850341797,92.85578290194665,92.26792309429396,92.5574616884364,24552400
2023-03-10,93.72441101074219,94.00518037047539,93.22429037952773,93.44364165100897,36906000
2023-03-13,93.80339813232422,94.98789387648527,93.42611360850262,94.24210075564837,47445400
2023-03-14,93.5226058959961,94.38246583479106,93.38222456166262,93.74195716982373,49782100
2023-03-15,94.41756439208984,94.84749102151127,93.87357081420066,94.14557095018013,50591500
2023-03-16,94.27719116210938,95.02299097770828,93.99642175068453,94.81240889858655,37961900
2023-03-17,94.7509765625,95.12826102998352,94.41756502842588,94.56672229150617,32011600
2023-03-20,94.47019958496094,95.00541719791602,94.3736844944891,94.82993886655044,24035100
2023-03-21,94.92644500732422,94.97908716295693,94.49651175609506,94.86502692772986,29109400
2023-03-22,95.4792251586914,96.1548241575974,94.59304411066394,94.85626832503085,31434700
2023-03-23,95.751220703125,95.8301906467938,95.09316684685503,95.38271215019061,28703800
2023-03-24,96.04955291748047,96.24258314178121,95.79510459399955,96.01445590451026,26204100
2023-03-27,94.90013122558594,95.62837231274501,94.87380345167685,95.18090056732741,16527900
2023-03-28,94.7422103881836,94.94400982261091,94.53162833390725,94.79485255471768,14138000
2023-03-29,95.1809310913086,95.21602141296906,94.51410118054812,94.54919819627986,17506000
2023-03-30,95.31253051757812,95.50556074488499,95.16337323068495,95.18092508447877,18267200
2023-03-31,96.17237091064453,96.24256492329738,95.5143171036804,95.72489244756946,19187400
2023-04-03,96.7532958984375,96.83250487037905,95.93476961386992,96.08439103747128,20093500
2023-04-04,96.8764877319336,96.99090289828999,96.189983303997,96.30439847035339,20317700
2023-04-05,97.19331359863281,97.32533519878433,96.85886469782682,97.0084860443797,14674800
2023-04-06,97.10530853271484,97.34294205843442,97.0172963644816,97.24612665890844,14191300
2023-04-10,96.65646362304688,96.71807282879449,96.24279893521297,96.62125740334827,10825500
2023-04-11,96.63006591796875,96.7708840895593,96.41883530313285,96.67406865882198,14510100
2023-04-12,96.42762756347656,97.08772908122194,96.27800616436357,97.04372634231217,20049200
2023-04-13,96.59484100341797,96.85888425704063,96.41881664426879,96.7268626302293,18589100
2023-04-14,96.27796936035156,96.43639393264576,95.96112021576316,96.32197879733779,16218900
2023-04-17,95.67068481445312,96.08434939504835,95.56507289763601,95.98753399470061,11891400
2023-04-18,95.9875717163086,96.13719984876445,95.84675353358041,95.8555567684074,10522400
2023-04-19,95.51225280761719,95.75869626248247,95.45944685330912,95.74108980111475,14023700
2023-04-20,95.87312316894531,96.02274453444727,95.71469857167901,95.73229832030933,16076100
2023-04-21,95.93473815917969,96.28679358714726,95.6266921777951,96.24278414056427,18480700
2023-04-24,96.35718536376953,96.38358834010094,96.02272975717878,96.02272975717878,7974300
2023-04-25,96.77964782714844,97.01728804739362,96.73564510425308,96.77084459661039,17038800
2023-04-26,96.35718536376953,96.92926775734298,96.26916648946839,96.87646180468016,19635200
2023-04-27,96.0051498413086,96.2779896062852,95.96114039506777,96.19878066093021,14629500
2023-04-28,96.7532958984375,96.80610187973187,96.38364059957497,96.65648045613051,18882100
2023-05-01,95.19190979003906,96.24282920826083,95.03294724558282,96.20750344974839,20789900
2023-05-02,96.33995056152344,96.35761680668432,95.43033432899063,95.53631158686082,21547100
2023-05-03,96.49893188476562,96.74621220131831,96.11918839218431,96.52543125767104,15750800
2023-05-04,96.23399353027344,96.49010021941726,95.86308318228556,95.96022733119182,17811700
2023-05-05,95.85425567626953,96.10152925608693,95.67762687804301,95.97789246617823,12130800
2023-05-08,95.1654052734375,95.40384569150096,95.04176850293072,95.32436779804604,16424800
2023-05-09,95.13005828857422,95.36849865342347,95.1035656633351,95.18304353905246,15860300
2023-05-10,95.88072204589844,95.89838155203357,95.59812278385132,95.74825216794244,15815700
2023-05-11,96.25165557861328,96.48126964005624,96.13685191674156,96.47243651600472,12261800
2023-05-12,95.65996551513672,96.32230833583911,95.64230600450581,96.25165681791628,10797200
2023-05-15,95.14773559570312,95.24487973155442,95.02409882965573,95.17422822589921,20334800
2023-05-16,94.67086029052734,94.83865595374844,94.57371614210453,94.74151180532563,25934500
2023-05-17,94.6620101928711,94.91811681658909,94.5648660687816,94.84746531948807,25387100
2023-05-18,94.2646484375,94.4324441438882,94.13217849759883,94.4324441438882,21383500
2023-05-19,94.14979553222656,94.40590215210032,94.05265140959521,94.25577277628734,22194600
2023-05-22,94.11448669433594,94.43241174594435,94.05266830861757,94.21163083442177,15526700
2023-05-23,94.30879974365234,94.39711078391554,93.86723780463592,94.00853412151692,15529300
2023-05-24,93.93785095214844,94.39707221651528,93.88485895948084,94.3617464673028,16688900
2023-05-25,93.6287612915039,94.10564884496536,93.59344227660903,94.04383046235175,18743200
2023-05-26,94.02617645263672,94.06150220729549,93.57578150286092,93.64643301217846,15848500
2023-05-30,94.73265838623047,94.73265838623047,94.38824074750025,94.44123274109572,21581400
2023-05-31,95.0417709350586,95.14774146237697,94.55605022585327,94.70617963135352,24052300
2023-06-01,95.33325958251953,95.56362065590962,95.19150360170839,95.34212144370133,26084500
2023-06-02,95.07632446289062,95.47502712067246,94.99658798710617,95.41300760852238,17086600
2023-06-05,94.87255859375,95.23581384189907,94.66877631335865,94.77509838481768,14211100
2023-06-06,95.05859375,95.08517257141713,94.64217418881464,94.89911406187835,25228400
2023-06-07,94.20805358886719,95.08518864197339,94.15488917742861,94.98772844055937,26526700
2023-06-08,94.83711242675781,94.89027007960739,94.27893679297676,94.30551561940156,16579800
2023-06-09,94.58903503417969,94.73079102931804,94.42955531488641,94.6333308253266,12060000
2023-06-12,94.89026641845703,94.8991282801301,94.28778825746664,94.792806218913,14229300
2023-06-13,94.46500396728516,95.14721869311808,94.314379337751,95.04089661808587,19385200
2023-06-14,94.75733947753906,94.99656235959627,94.29662419151555,94.73962251868424,30280100
2023-06-15,95.58133697509766,95.59906069734191,95.04087836017885,95.25352246939309,23426200
2023-06-16,95.41302490234375,95.50162325581397,95.06748659207516,95.28012399232789,13184500
2023-06-20,95.75856018066406,95.8648754976137,95.55477789047583,95.55477789047583,22272700
2023-06-21,95.65221405029297,95.76739120123159,95.07631477636153,95.35983348296512,17521700
2023-06-22,95.15607452392578,95.51047465861335,94.99659480129738,95.2978305220286,16007900
2023-06-23,95.42186737060547,95.79399122129908,95.24467068712865,95.79399122129908,13102800
2023-06-26,95.52818298339844,95.70537965490536,95.4750253338703,95.66994572829975,14642200
2023-06-27,95.42186737060547,95.80284632373879,95.20922999850924,95.62564964026197,15749300
2023-06-28,95.83828735351562,95.85601107769851,95.35984819488088,95.55476860317135,17806000
2023-06-29,95.11176300048828,95.2092231973246,94.81052730817215,95.129486723342,25554500
2023-06-30,95.81169128417969,95.87371078841807,95.19149624179587,95.35983103351776,20938600
2023-07-03,95.54327392578125,96.13881349964724,95.54327392578125,95.8810440563352,11810800
2023-07-05,94.8588638305664,95.44550619450845,94.74330802720284,95.38328644709878,21463300
2023-07-06,93.89888000488281,94.1655398943268,93.64111058680503,94.11220384757239,35240800
2023-07-07,93.80998992919922,94.209972957592,93.79220898754845,93.92553892416014,17148000
2023-07-10,94.29886627197266,94.38775742577914,93.8455539384856,93.93443831084916,16360600
2023-07-11,94.74329376220703,94.80552028169144,94.4055304387589,94.52107944328101,21693900
2023-07-12,95.57881927490234,95.71214921906393,95.21439132773284,95.21439132773284,23217300
2023-07-13,96.25435638427734,96.28991148951619,95.88103795143384,95.98769648570746,21637500
2023-07-14,95.50770568847656,96.2099037068735,95.48104105687607,96.1032451804715,23784000
2023-07-17,95.66771697998047,95.74771767020661,95.41883799962109,95.48994821727908,12260100
2023-07-18,95.90770721435547,96.15658618159758,95.87215210740042,96.058811332832,17403600
2023-07-19,96.44990539550781,96.45878908567299,96.06769649367612,96.22769107540667,20871600
2023-07-20,95.80105590820312,96.08549002401007,95.54328643115242,96.05882538525383,37868000
2023-07-21,95.96992492675781,96.18324878253385,95.88992424243986,96.15658414824225,16517800
2023-07-24,95.85437774658203,96.26325811392583,95.8277131098952,96.13881862175813,17999400
2023-07-25,95.7032699584961,95.89881966198092,95.58772094345663,95.60549510675368,15029800
2023-07-26,96.14769744873047,96.22769813618729,95.72104972043867,96.04992259819623,17816800
2023-07-27,94.97439575195312,96.11213194627233,94.8588467508385,96.0321380489105,29142600
2023-07-28,95.59659576416016,95.64103455584872,95.2321610525253,95.40104609269193,18719300
2023-07-31,95.8632583618164,96.02325294692909,95.62326987486887,95.62326987486887,24906600
2023-08-01,94.90802764892578,95.40749444664446,94.82775231087827,95.25587156944054,22977700
2023-08-02,94.32829284667969,94.43531756609728,93.99828408411642,94.36397002139398,28516700
2023-08-03,93.48096466064453,93.60583135562676,93.25798744750132,93.57016098968143,27632700
2023-08-04,94.45315551757812,94.57802222137698,93.81098000962689,93.81990100410538,19998900
2023-08-07,94.22125244140625,94.41747348147678,94.09638574403859,94.37287531610633,10726300
2023-08-08,94.5958480834961,94.80991110153462,94.47098139200244,94.65828142924292,17616200
2023-08-09,94.68507385253906,94.81885477450716,94.5958774982584,94.72074422857959,11514100
2023-08-10,94.01611328125,95.04180299463994,93.9893503003119,94.80099060399192,22056400
2023-08-11,93.69503021240234,94.01611795236894,93.63259686322688,93.68610921831308,12803100
2023-08-14,93.65933227539062,93.91798660883504,93.39175694983483,93.66824646277881,9829300
2023-08-15,93.16880798339844,93.60584146302638,93.16880798339844,93.44529758003904,17279900
2023-08-16,92.7496109008789,93.34719507602969,92.63366518571027,93.08854066090703,20773700
2023-08-17,92.49986267089844,92.71391888183243,92.22337311491184,92.63365035450379,29797400
2023-08-18,92.84770965576172,92.94582017335617,92.41959721964452,92.51770773723898,17884100
2023-08-21,92.29475402832031,92.4998893048197,92.09853294316352,92.43745594179038,19065100
2023-08-22,92.58014678955078,92.6425801405288,92.25013804596702,92.3839257422699,18361500
2023-08-23,93.88233184814453,93.90016703190008,93.18664400135613,93.18664400135613,22620400
2023-08-24,93.56124114990234,93.84665171405719,93.54339916198508,93.72178501753473,20129900
2023-08-25,93.61478424072266,93.90911589547396,93.21342784222676,93.52559468602655,18521400
2023-08-28,93.9090805053711,94.05178237816158,93.68610330029748,94.04286818936012,15271000
2023-08-29,94.65829467773438,94.69397185240089,93.78422771494337,93.85558206427639,21843300
2023-08-30,94.52450561523438,94.77423901160697,94.48882844364904,94.70288466843631,21533500
2023-08-31,94.68507385253906,94.89913013241446,94.60479849463175,94.68507385253906,20534800
2023-09-01,94.01103973388672,94.70920689646043,93.90363360362967,94.68235536389616,16514200
2023-09-05,93.33970642089844,93.76039856197471,93.31285489342113,93.72459424901349,16272800
2023-09-06,93.25020599365234,93.49187658791021,93.04433288604568,93.46502505843434,17733800
2023-09-07,93.66197967529297,93.67093246472142,93.27709167759934,93.36659908495143,17295600
2023-09-08,93.73356628417969,94.1453057243293,93.73356628417969,93.90363509842821,18608800
2023-09-11,93.55457305908203,93.66198605260459,93.43821410449937,93.61722893139238,13686300
2023-09-12,93.5277099609375,93.58141986555091,93.36659390505136,93.56351428768743,15839800
2023-09-13,93.73356628417969,93.82307367047729,93.37552991001346,93.42923297599685,19975200
2023-09-14,93.56351470947266,93.89469961166965,93.50981163359421,93.80519220887987,16821000
2023-09-15,93.4202880859375,93.51874826068352,93.22336773644544,93.47399115253499,21796400
2023-09-18,93.59931182861328,93.62616336448475,93.24127541604825,93.24127541604825,12182200
2023-09-19,93.28602600097656,93.4739935679008,93.25022167932774,93.37553339061057,14577800
2023-09-20,93.32182312011719,93.78726560767718,93.30391754618667,93.59034526829487,23735800
2023-09-21,92.38198852539062,92.578908886081,92.31037987987115,92.56101013918928,30183800
2023-09-22,92.94587707519531,93.03539128293745,92.48043460822242,92.59679351772182,21849000
2023-09-25,92.04186248779297,92.5162578383142,92.01501095157127,92.24772881814383,25968600
2023-09-26,91.78228759765625,92.30144006878683,91.65697587413877,92.23878420702809,39047500
2023-09-27,91.35264587402344,92.29249066383746,91.03041376488589,92.21192922206457,35741200
2023-09-28,91.51374816894531,91.5316537439702,90.67237052512752,90.95879826474174,34650100
2023-09-29,91.31681060791016,92.1223906078101,91.1019915509284,91.99707892215619,28143000
2023-10-02,90.48023986816406,91.02838765052661,90.39936212110287,90.8756200962531,18787800
2023-10-03,89.43788146972656,90.33648372599757,89.31207770231191,90.1927109300056,30830200
2023-10-04,90.21964263916016,90.2645686259197,89.5636601592101,89.94107135577846,25863600
2023-10-05,90.11183166503906,90.53417581539725,89.96805887143537,90.34547016740996,21155700
2023-10-06,89.84223937988281,90.0399260795104,89.11436702986511,89.24915871363059,21667900
2023-10-09,90.95648193359375,90.98343889263583,90.13875094511373,90.29151847266579,6398600
2023-10-10,90.99244689941406,91.35188909608964,90.37240928154341,90.543145867517,23168100
2023-10-11,91.54959106445312,91.60351185921334,91.145222810601,91.53162203672693,22655800
2023-10-12,90.59706115722656,91.51363225950556,90.39936760329842,91.41479233833125,27899900
2023-10-13,91.10025787353516,91.4147740221979,90.92054023640364,91.34288422502993,20716300
2023-10-16,90.47125244140625,90.7138719723871,90.42631959769639,90.5970561768466,25991800
2023-10-17,89.75238037109375,90.05790866743553,89.46482795701402,89.68049740941657,24273500
2023-10-18,89.03349304199219,89.4738061282687,88.91667038741605,89.41989219895024,32144400
2023-10-19,88.31459045410156,89.16826634182637,88.30560251580454,88.889695100924,41211800
2023-10-20,88.6650619506836,88.74593969957624,88.38649751116456,88.38649751116456,27130800
2023-10-23,89.35698699951172,89.59960652819296,88.27866046280008,88.40446419704803,21103000
2023-10-24,89.86022186279297,89.91413580205757,89.33903093059897,89.4917916623759,24517600
2023-10-25,89.04246520996094,89.4108953055161,88.83579059774274,89.35698138159638,20957000
2023-10-26,89.689453125,89.74337390074366,88.98854474242805,89.1233363981046,28046100
2023-10-27,89.50977325439453,89.69847890964603,89.24018982929738,89.58166308185928,21362800
2023-10-30,89.24015808105469,89.43785160835529,88.97058160765386,89.25813395942139,20961500
2023-10-31,89.11437225341797,89.77035482977337,89.08741528624272,89.35699866957567,28805700
2023-11-01,90.38968658447266,90.42576391607881,89.48777393746103,89.53286544118316,32111800
2023-11-02,91.46297454833984,91.53512233816575,91.12024330221219,91.27356681703343,31295500
2023-11-03,91.91389465332031,92.80678598967258,91.88683150163472,92.51817430110187,38496200
2023-11-06,91.42687225341797,91.7515613026631,91.31864027665416,91.7515613026631,17827700
2023-11-07,92.15740966796875,92.35583149771271,91.7064534662036,91.76958705920889,25518200
2023-11-08,92.62639617919922,92.7075718693568,92.29269301145472,92.30170718065929,26997000
2023-11-09,91.68843078613281,92.500146555493,91.52608625605147,92.500146555493,23864100
2023-11-10,92.14840698242188,92.30173047012848,91.96802721818435,92.27467419359753,18498900
2023-11-13,92.15740966796875,92.22054326097405,91.67939719506498,91.84174170294226,21439200
2023-11-14,93.6004867553711,93.84400700614812,93.49226164928969,93.62754303189145,28387800
2023-11-15,93.11343383789062,93.30283461532831,92.86992051862661,93.27577834441514,23895000
2023-11-16,93.88007354736328,93.92517192705174,93.51931403404221,93.59146180807845,21223000
2023-11-17,94.15064239501953,94.32200796662231,93.93418532844755,94.204754941401,25810200
2023-11-20,94.52943420410156,94.59256779536507,94.01534442351435,94.0333865244727,18529400
2023-11-21,94.55648040771484,94.67373340832492,94.29493190107229,94.54746623924072,20273200
2023-11-22,94.93531036376953,95.04353545840318,94.56552294098135,94.91726826063312,18588000
2023-11-24,94.44827270507812,94.71884231099253,94.43023060272296,94.57453989738069,6391400
2023-11-27,95.21488952636719,95.23292474627786,94.59256778324568,94.75491228662324,17919500
2023-11-28,95.59370422363281,95.62978154946228,94.96236822423297,95.05255809828348,21320800
2023-11-29,96.36932373046875,96.42344314524956,95.96346596535724,96.08973313143835,20661800
2023-11-30,95.86426544189453,96.17993339126323,95.6748646722733,96.15287712146666,41950900
2023-12-01,97.01848602294922,97.06375261304865,95.86878784557037,95.99552600979443,27733500
2023-12-04,96.57490539550781,96.81932703205311,96.36668874409267,96.69258886396115,28914300
2023-12-05,97.34439849853516,97.47113667885877,96.89176016689,97.00945055341394,33315200
2023-12-06,97.70650482177734,97.94187867432477,97.51639756242794,97.63408103534545,22544300
2023-12-07,97.71556854248047,97.9780996124976,97.48019466820423,97.57977565706291,20253300
2023-12-08,97.19050598144531,97.43492764876771,97.02755590099271,97.17239657988779,21624200
2023-12-11,97.16334533691406,97.19050253157336,96.6654404124511,97.06376435202147,17714600
2023-12-12,97.71556854248047,97.75178043903935,96.99134442472885,97.15429450588731,22111100
2023-12-13,99.35411834716797,99.53517092543427,97.88756759904362,98.08672957916444,33623500
2023-12-14,100.41073608398438,100.72872714040281,100.04732961642168,100.15634878407687,28202300
2023-12-15,100.26537322998047,100.45616370176513,100.06549551719637,100.31988281290926,17904100
2023-12-18,99.84745025634766,100.08367000160128,99.79293374188363,99.97464390420716,19714500
2023-12-19,99.9746322631836,100.2744487974564,99.90194820671749,100.03822907970815,18086800
2023-12-20,100.23812103271484,100.31988540922411,99.85654007927006,100.1654369659061,23942000
2023-12-21,100.2017822265625,100.58336319229706,99.96556246759305,100.47433708857247,24168300
2023-12-22,100.02914428710938,100.39255764679811,99.88378310215386,100.33804806888146,11037100
2023-12-26,100.23812103271484,100.30171785828898,100.02006883228859,100.06549810692758,5816000
2023-12-27,101.17389678955078,101.21023881969508,100.59243817030892,100.74688659977208,13646400
2023-12-28,100.9104232788086,101.20115259133696,100.77414239728796,101.03761691981892,14288800
2023-12-29,100.53793334960938,100.85591746400625,100.44707480418127,100.57426844994002,17956700
2024-01-02,99.8565444946289,100.0927573249008,99.74751838959496,99.88379928800379,20622000
2024-01-03,99.62940216064453,99.729334082664,98.95708497646224,99.12062065213716,35384900
2024-01-04,99.07520294189453,99.25690617601043,98.91166725857659,99.02977366759852,43111300
2024-01-05,98.72088623046875,99.54764503580778,98.6482021572532,98.77539581961304,24385500
2024-01-08,99.47494506835938,99.52946158032769,98.79354758679128,98.81172206795858,29182300
2024-01-09,99.6475830078125,99.7475218747018,99.27508233458245,99.32051161281746,55126300
2024-01-10,99.52037048339844,100.08366154168637,99.45677366484443,99.98372269373958,32323500
2024-01-11,100.12001037597656,100.24720403053551,99.38410324152346,99.69300706797684,50960900
2024-01-12,100.33806610107422,100.710559836336,100.05641705764408,100.4380049662374,30479000
2024-01-16,99.32048797607422,99.9292013429649,99.12061028986342,99.80200771201858,27124600
2024-01-17,99.11154174804688,99.25690988600037,98.75721557620312,99.09337419656985,34414000
2024-01-18,98.9207534790039,99.32959617749532,98.81173430463379,99.26599934860126,28325100
2024-01-19,99.02069091796875,99.04794571116899,98.53008384576118,98.88441002043314,25621500
2024-01-22,99.29325103759766,99.54763834522001,99.17514462521136,99.47495427688955,17679900
2024-01-23,98.92981719970703,99.0660980668028,98.72993951883764,99.0660980668028,25439500
2024-01-24,98.73902130126953,99.43858621411596,98.65725001291828,99.38407664290342,26828300
2024-01-25,99.39317321777344,99.42951524583948,99.07518913661193,99.26597958530883,39484000
2024-01-26,99.11154174804688,99.43861312690792,99.08428695506417,99.42953281693657,26642300
2024-01-29,99.52037048339844,99.73841572822171,99.32049278750488,99.5112832431669,27060700
2024-01-30,99.83833312988281,99.85650760644182,99.33863899748826,99.77473632499004,30459200
2024-01-31,100.09272766113281,100.51973778154778,99.82017287662471,100.26535054339394,44733000
2024-02-01,100.8668212890625,101.12211693297878,100.38359527910156,100.75741582633627,42478500
2024-02-02,99.94596099853516,100.02801509679696,99.58125988648291,99.80919721200367,39604900
2024-02-05,98.9886245727539,99.25303271343348,98.76068724003999,99.24391327241823,39266800
2024-02-06,99.54478454589844,99.70889969104256,99.12538072077342,99.15273208561497,26095200
2024-02-07,99.25302124023438,99.66330560925427,99.16184770890713,99.30772396781181,23574200
2024-02-08,98.7424545288086,98.99774322644262,98.64216154672448,98.961272418767,26063900
2024-02-09,98.61482238769531,98.68775705597996,98.4689391389337,98.48717106698082,19029200
2024-02-12,98.6239242553711,98.71509779798286,98.34128418644598,98.66951450472469,30378900
2024-02-13,97.53894805908203,97.9127616736318,97.43865507457211,97.73952707200641,41494100
2024-02-14,97.99481201171875,98.03127586019204,97.63011092213347,97.64834284637011,41932200
2024-02-15,98.35040283203125,98.56010128273263,98.12246549929777,98.54186935679591,33255200
2024-02-16,97.99481201171875,98.09509802916236,97.77598718431075,97.88539959801476,26189800
2024-02-20,98.32305908203125,98.42335207978664,98.12248004261689,98.32305908203125,22386600
2024-02-21,98.0768814086914,98.39599230333658,97.94011760924467,98.39599230333658,23606200
2024-02-22,98.23186492919922,98.40509951737916,98.10422058720188,98.22275244483865,28705900
2024-02-23,98.52363586425781,98.66951910411319,98.22276385522365,98.27746659212154,29856300
2024-02-26,98.2136459350586,98.55098875928212,97.99482802798174,98.55098875928212,26696200
2024-02-27,98.0768814086914,98.32305068281889,98.02217867135103,98.1498230292091,33453800
2024-02-28,98.0677719116211,98.13159409702199,97.92189561188897,97.95836642584612,32713500
2024-02-29,98.15892028808594,98.60567543962802,98.0312690029797,98.21362301306416,45656400
2024-03-01,98.7564926147461,98.85715305440618,97.68583919099572,97.95121607904674,42971500
2024-03-04,98.57347106933594,98.71073593105169,98.41790748412916,98.49110935967413,31472000
2024-03-05,99.11337280273438,99.37874967930799,98.95780921419912,99.09507407885182,33394200
2024-03-06,99.37874603271484,99.70817890316074,99.30553717670892,99.33299573389672,33176900
2024-03-07,99.6258316040039,99.77224234535073,99.37875344195804,99.7356379146187,22875700
2024-03-08,99.7630844116211,100.01931541369619,99.67157683024189,99.82714041674464,29591100
2024-03-11,99.78138732910156,100.01015976694849,99.62582374694504,99.78138732910156,25360200
2024-03-12,99.46112060546875,99.7081917994691,99.36960603283441,99.62583706199622,30852100
2024-03-13,99.36041259765625,99.68984535301387,99.32380818244116,99.48852456011996,31089900
2024-03-14,98.62835693359375,99.05845016684434,98.5551480893001,99.05845016684434,48815400
2024-03-15,98.65583038330078,98.7930952513971,98.49111393790143,98.6741360892236,34525600
2024-03-18,98.49110412597656,98.75648098277031,98.47280540345791,98.71073068568343,18279900
2024-03-19,98.7747802734375,98.99439983730399,98.60091100368733,98.65581414925893,22721000
2024-03-20,98.95781707763672,99.13168638545164,98.39961170351874,98.81140633019909,41915400
2024-03-21,99.10421752929688,99.3329899548201,98.94864697393999,99.25978110307338,26546700
2024-03-22,99.44280242919922,99.67157486893599,99.39705213020035,99.6441232932205,20877600
2024-03-25,99.10421752929688,99.43365038057675,99.04930739969664,99.43365038057675,23291000
2024-03-26,99.0767593383789,99.27808019063322,98.94864733814079,99.27808019063322,27266700
2024-03-27,99.7630844116211,99.7630844116211,99.1499759366414,99.21403194176493,30600500
2024-03-28,99.67157745361328,99.91865560462145,99.56177114790385,99.64412587718591,23066200
2024-04-01,98.71720123291016,99.23159028151649,98.63452755979833,99.22240276049845,20817100
2024-04-02,98.57022857666016,98.61615917356104,97.99154089904495,98.22117986749902,32433900
2024-04-03,98.63452911376953,98.79986945457293,98.0558414249703,98.21199424461092,25198700
2024-04-04,98.74474334716797,99.00193783646277,98.55184748019688,99.00193783646277,31423800
2024-04-05,98.31304168701172,98.63453486620546,98.26711809457016,98.35897228747899,25134900
2024-04-08,98.30384063720703,98.48755600576835,98.15687535038272,98.221173977373,37054400
2024-04-09,98.80903625488281,98.86414735425171,98.64369594875227,98.69880704812118,21967300
2024-04-10,97.4036636352539,98.04664993008241,97.25669133470738,98.04664993008241,45351600
2024-04-11,97.20157623291016,97.73434028846748,97.0086803523859,97.6516666208001,38047900
2024-04-12,97.42202758789062,97.67004158266755,97.38528451429312,97.63329850907004,35119700
2024-04-15,96.3473129272461,96.8984449806201,96.2187156817263,96.8984449806201,27018500
2024-04-16,96.02582550048828,96.13605472090102,95.69514484727476,95.95233935354645,34191600
2024-04-17,96.54938507080078,96.70553784959941,96.27381557219564,96.48508645552938,26726300
2024-04-18,96.35651397705078,96.64126405953883,96.20036115813961,96.61370850420454,25997900
2024-04-19,96.45755767822266,96.71475221069036,96.3657034892021,96.69637716807101,20265600
2024-04-22,96.69635009765625,96.73309316458322,96.37485702207451,96.42078760773909,26642400
2024-04-23,96.86170959472656,97.24750836992106,96.46673030699814,96.60451508328012,26338800
2024-04-24,96.48509216308594,96.70554357019674,96.20952264817954,96.650432470425,24538400
2024-04-25,96.2003402709961,96.24626385057384,95.65838877099824,95.80536104490402,29826400
2024-04-26,96.56775665283203,96.74228447557071,96.50345803519521,96.56775665283203,11784100
2024-04-29,96.9719467163086,97.06380090530372,96.72393970521924,96.84334945011035,18052100
2024-04-30,96.43917083740234,96.81578207674566,96.35650417980477,96.57695560808953,26008100
2024-05-01,96.84034729003906,97.33833676849622,96.50835430440095,96.72045663443626,30342900
2024-05-02,97.43976593017578,97.4950957414869,96.76655607060277,96.91410457937765,28044200
2024-05-03,98.1221694946289,98.48182725463916,97.75328775630624,98.14983439373216,24166800
2024-05-06,98.39884948730469,98.40807346786366,98.16829922417995,98.23285301642144,18519800
2024-05-07,98.4449462890625,98.82305203608523,98.35272760602888,98.67549651456382,28680400
2024-05-08,98.19595336914062,98.35272583105196,98.13139958859864,98.21439429108074,19916700
2024-05-09,98.35274505615234,98.46340468109254,98.02075210966022,98.12219478974592,25583500
2024-05-10,98.03919219970703,98.23285357753775,97.92853257570988,98.15908284015156,16291500
2024-05-13,98.0760726928711,98.35273580085827,98.04840778923939,98.26973405412808,20464200
2024-05-14,98.36196899414062,98.47262861903279,98.2144134465034,98.33429705208182,25440400
2024-05-15,99.23804473876953,99.3948172115845,98.90605183408205,99.13660207145753,33780900
2024-05-16,99.08128356933594,99.39482855073567,99.03517070226626,99.3763876254092,23586600
2024-05-17,98.85073852539062,99.09050574647382,98.82307361802226,98.90606834012735,21862800
2024-05-20,98.80459594726562,98.88759768024977,98.73081819257615,98.77693104821556,17885200
2024-05-21,98.97062683105469,99.11818239180067,98.91529701369313,99.08129350161418,17411900
2024-05-22,98.82305908203125,98.97060757823814,98.67550354998933,98.68472752970071,26735600
2024-05-23,98.3896255493164,98.97983361809851,98.27895889798157,98.95216871422359,24876100
2024-05-24,98.65706634521484,98.66628328943862,98.3250734214413,98.40806813446704,11189500
2024-05-28,98.06686401367188,98.79540374492719,98.00231021651439,98.79540374492719,15989600
2024-05-29,97.54121398925781,97.72565844350062,97.3383356433455,97.71643446182935,30015700
2024-05-30,98.14065551757812,98.16832042939525,97.87321631028394,97.93777011646962,21036300
2024-05-31,98.57406616210938,98.69394976144034,98.37118081259898,98.52795329691686,19901400
2024-06-03,99.25447845458984,99.27298951927742,98.82865334081335,98.8749345338304,20154900
2024-06-04,99.64327239990234,99.79138916484985,99.37481606038205,99.53218482619171,24545200
2024-06-05,99.97650909423828,100.00427921674931,99.44885557874471,99.80988129657743,26584700
2024-06-06,99.9117202758789,100.00428971483149,99.7821216488262,99.81915083692633,22687100
2024-06-07,99.01377868652344,99.23594674534837,98.93046831293731,99.0785779979555,26228700
2024-06-10,98.81011962890625,98.90268906293625,98.72680925705777,98.81937869108778,19415700
2024-06-11,99.23594665527344,99.3007459666467,98.80086960039313,98.86566891176638,19042600
2024-06-12,99.8469009399414,100.49489394526215,99.80987175926678,100.23569674313384,27209400
2024-06-13,100.31903076171875,100.48565857102382,100.03205632966292,100.30051263702083,26782700
2024-06-14,100.40235137939453,100.5134389511309,100.20795342580287,100.37458125210944,28561900
2024-06-17,99.93022918701172,99.98577649926365,99.72657925073908,99.80988962522397,24678700
2024-06-18,100.39309692382812,100.48567343582204,100.10612951191658,100.14315870419489,25576600
2024-06-20,100.05982971191406,100.07834783721489,99.77286233311023,99.82840258382183,21206300
2024-06-21,100.08759307861328,100.30050205200375,99.84690692110735,100.15239238302705,21091200
2024-06-24,100.18943786621094,100.36531768532332,100.13389055153725,100.18943786621094,18597600
2024-06-25,100.15239715576172,100.24496658610784,99.99502135531903,100.1153679711043,16251600
2024-06-26,99.6062240600586,99.69879348905691,99.4118261403837,99.51365463106028,26381300
2024-06-27,99.80064392089844,99.95801975364884,99.77287379235315,99.91173149767585,19939400
2024-06-28,99.16188049316406,100.07832977750404,99.13410331022536,100.05055965715952,27395800
2024-07-01,98.57292938232422,99.12101784727753,98.51719349435555,98.78658834451946,22429100
2024-07-02,99.20463562011719,99.23250356602674,98.85162982614033,99.07458048089026,19845700
2024-07-03,99.93852233886719,99.93852233886719,99.43687804958573,99.5390652430027,14318900
2024-07-05,100.45873260498047,100.51446849114414,100.04998387318604,100.31938580209848,18800300
2024-07-08,100.44945526123047,100.61667003105411,100.31011552593894,100.53306618987921,18136600
2024-07-09,100.2636489868164,100.44015540799614,100.04069835675493,100.28222525287455,20384700
2024-07-10,100.50518035888672,100.52375662446218,100.23577843947089,100.38440982649226,17263200
2024-07-11,101.04397583007812,101.27621812792809,100.96037200483892,101.1275867427898,31411700
2024-07-12,101.41557312011719,101.41557312011719,101.00683146234971,101.09972697150263,20301300
2024-07-15,100.85820007324219,101.22049754565785,100.83962380509395,101.07186613805135,18291500
2024-07-16,101.44343566894531,101.46201902227139,101.0161106795903,101.09972159461229,20090700
2024-07-17,101.4898910522461,101.53634234995941,101.10901025592113,101.1647532306717,21313500
2024-07-18,101.05326843261719,101.48059341408079,101.01610881412394,101.24835111410236,28091700
2024-07-19,100.68168640136719,100.86748450687344,100.61665883630826,100.85819282972987,16576600
2024-07-22,100.6259536743164,101.03470243179676,100.51447480751088,100.99754280952824,22556800
2024-07-23,100.55160522460938,100.85816670367899,100.55160522460938,100.75597954398911,24425700
2024-07-24,99.93852233886719,100.76530447653289,99.93852233886719,100.67240896091933,28026100
2024-07-25,100.33795928955078,100.58877784009708,100.11500159187393,100.13358494374972,29760400
2024-07-26,100.89533233642578,100.94178362541011,100.65379839115616,100.89533233642578,21119900
2024-07-29,101.1090087890625,101.22977932637585,100.90464150951846,101.19261970623889,24734600
2024-07-30,101.19261932373047,101.24835520998882,100.96966869122429,101.18332764686315,14952000
2024-07-31,101.77787017822266,101.80573812211476,101.34125349065157,101.61994710451869,29226900
2024-08-01,102.1153564453125,102.40436869351642,102.0407703448334,102.14332445476164,34564600
2024-08-02,103.1129379272461,103.19684908113324,102.6561104407324,102.6561104407324,46697900
2024-08-05,102.85186767578125,103.16885501397188,102.56285545710378,103.07561884143732,56991100
2024-08-06,102.18061065673828,102.77728519473709,102.161967689329,102.73999214699697,47432500
2024-08-07,101.7144546508789,102.33909717447642,101.56528957808786,102.12467104866656,46819000
2024-08-08,101.76106262207031,101.82632366860217,101.47204331921155,101.65850853281731,23536800
2024-08-09,102.28316497802734,102.47894814438953,102.1899359149389,102.45098013675516,23199700
2024-08-12,102.49761199951172,102.6094840450838,102.13401362555737,102.23656774261347,24281800
2024-08-13,103.21546936035156,103.21546936035156,102.83322806956937,102.98239314724096,31245000
2024-08-14,103.67231750488281,103.80283964132566,103.32736919267941,103.33668712176608,28985600
2024-08-15,103.35533142089844,103.49517859152354,102.96376503348621,103.02902609805491,29546000
2024-08-16,103.6629867553711,103.72824781552141,102.94510798079547,103.46720357492012,21411500
2024-08-19,103.9053955078125,104.01727467503599,103.6257082591384,103.64435123054744,16004100
2024-08-20,104.1757583618164,104.2317014984177,103.90538905916513,104.08252928471109,27114000
2024-08-21,104.4088363647461,104.67920567193863,104.11049904524447,104.25967126145666,23819100
2024-08-22,103.9799575805664,104.25032683749188,103.75620641077069,104.17574074325283,17926300
2024-08-23,104.57666778564453,104.69787200836295,104.14780826684392,104.27833041983003,22650200
2024-08-26,104.44612884521484,104.7910842586191,104.4088357913666,104.7910842586191,15312500
2024-08-27,104.36222839355469,104.40883937777403,103.98930495518513,104.02659801031439,15922700
2024-08-28,104.14778137207031,104.38085760120293,104.08252031243006,104.29695357291777,22104600
2024-08-29,103.97064208984375,104.08252124147798,103.80282691885346,103.94267408016572,20079400
2024-08-30,103.68162536621094,104.2410068744049,103.6443323172751,104.10116683204775,25275500
2024-09-03,103.99510192871094,104.35067016084027,103.83603249372578,104.13546025207702,27734500
2024-09-04,104.64073181152344,104.67816116863135,104.04187637563679,104.06058748473079,31915900
2024-09-05,105.1553955078125,105.18347288680192,104.55653992329528,104.94954470100858,35538500
2024-09-06,105.10860443115234,105.79167067268713,104.92145761647629,105.17410403155871,42004600
2024-09-09,105.34254455566406,105.44547353069196,104.96825802273732,105.08989811189673,35440300
2024-09-10,105.63258361816406,105.65130186597057,105.27701543795884,105.38929636911847,30489500
2024-09-11,105.67940521240234,105.83847467400129,105.33318890869693,105.41740677237536,36948000
2024-09-12,105.60453796386719,105.68874868183619,105.3238212927942,105.60453796386719,30255700
2024-09-13,105.93201446533203,106.08173189653198,105.82908551611207,105.94137358951204,25536600
2024-09-16,106.3998794555664,106.47473817730572,105.94138227802415,106.06302234666008,25722000
2024-09-17,106.40924835205078,106.59638803466345,106.24081978213086,106.57767692197069,31732800
2024-09-18,105.96944427490234,106.7367282657731,105.9413740411627,106.14723194048022,35015500
2024-09-19,106.06302642822266,106.25952522615967,105.86652763028566,106.01624507952579,31216900
2024-09-20,106.1565933227539,106.20338180907508,105.72616637649774,105.90395405781338,29958900
2024-09-23,106.00686645507812,106.22207632512351,105.69807962700996,105.82907880153834,22919400
2024-09-24,106.18468475341797,106.2688954732381,105.64196965150497,105.73553949761232,24719900
2024-09-25,105.55773162841797,105.92265895577097,105.52966139384009,105.885236735614,32881300
2024-09-26,105.55773162841797,105.81973000303856,105.286374129298,105.74487842380431,20877100
2024-09-27,105.97880554199219,106.06301624491387,105.78230676292141,105.85715834143393,25232000
2024-09-30,105.71682739257812,106.03496629414407,105.5764690552725,105.92267819651525,22728400
2024-10-01,106.22486877441406,106.39391226034348,105.99947984816977,106.21547547936666,36591300
2024-10-02,105.99009704589844,106.0088764728676,105.54870527977572,105.59566459467683,29446700
2024-10-03,105.30453491210938,105.77409942424487,105.30453491210938,105.72714727202282,24163200
2024-10-04,104.73165130615234,104.84434935304195,104.6095671290939,104.75983119161339,33618100
2024-10-07,104.19636535644531,104.5532389814643,104.13062660946593,104.35602274052614,27106300
2024-10-08,104.40298461914062,104.40298461914062,103.93342004983803,104.07429085362617,27316000
2024-10-09,104.19636535644531,104.30906342197542,104.00854241221452,104.17758592801665,29951900
2024-10-10,104.08366394042969,104.1400093850092,103.77374966527177,103.98975247780207,25932500
2024-10-11,104.06486511230469,104.26208131012834,103.839476195504,103.93338764708892,20079000
2024-10-14,104.07428741455078,104.09306684410817,103.65168218213788,103.77376638672713,4335400
2024-10-15,104.58139038085938,104.68469512861671,104.2902627271712,104.2902627271712,28673200
2024-10-16,104.91009521484375,104.9852272512066,104.70348569733856,104.87252919666231,20474300
2024-10-17,104.130615234375,104.54383426452651,104.08366308593932,104.5062682467868,31476700
2024-10-18,104.00852966308594,104.3841826704869,103.98975023695921,104.29965734045372,27372400
2024-10-21,102.94731903076172,103.56714041770334,102.90975301261597,103.50140167719461,28320400
2024-10-22,102.93791198730469,103.05999615623467,102.69373648446032,103.04121673216251,26001200
2024-10-23,102.59044647216797,102.79705599155392,102.44018956305982,102.59044647216797,25425800
2024-10-24,102.90036010742188,103.08818303387825,102.61861855275194,102.75010319925384,21021100
2024-10-25,102.65618133544922,103.24783714861078,102.59983589228531,103.19148454046174,16040900
2024-10-28,102.57167053222656,102.82523220964728,102.33688828221322,102.7688867624395,20935200
2024-10-29,102.69375610351562,102.72192882749829,102.04576195695702,102.12088683258222,24075800
2024-10-30,102.56227111816406,103.25722453055342,102.5153189699535,103.00366286825772,25259100
2024-10-31,102.35567474365234,102.66558905456428,102.10211304880649,102.39324076603434,29424400
2024-11-01,101.7948989868164,102.79390224826648,101.74777320677708,102.63368610074798,25142200
2024-11-04,102.54887390136719,102.80334164064378,102.27556016195938,102.63369887792119,24713500
2024-11-05,103.0389404296875,103.05778642693623,102.25669852175511,102.50173962829457,23732500
2024-11-06,101.96453094482422,102.39806075187552,101.70064386143505,101.85143339892154,38097900
2024-11-07,103.17089080810547,103.28398117984939,102.46404722316683,102.56771819085527,24596700
2024-11-08,103.52899932861328,103.74576781032762,103.2839582602369,103.39705579726828,21113600
2024-11-11,103.33112335205078,103.41594833469844,103.16148057714138,103.34054994798628,7971100
2024-11-12,102.39806365966797,103.10490716326846,102.31323870023625,102.88813865839538,36203300
2024-11-13,102.01166534423828,102.96355006293334,101.94569356316347,102.95412346838413,22942500
2024-11-14,101.98338317871094,102.46403879021825,101.87971221955478,102.28496946251502,26889100
2024-11-15,102.030517578125,102.27555151103181,101.40849177062742,101.70065867583907,27276300
2024-11-18,102.21900939941406,102.38865215288975,101.8231787047658,101.90799648631113,19399100
2024-11-19,102.43577575683594,102.64311769449321,102.36037738125422,102.46404835008286,21473200
2024-11-20,102.19072723388672,102.3509433776113,102.03993049363935,102.07762967870119,24792000
2024-11-21,102.0682144165039,102.49231768248447,101.98338944907702,102.22843056672905,22507400
2024-11-22,102.16246795654297,102.34153012094175,101.99282519684893,102.2378663364926,13813000
2024-11-25,103.43477630615234,103.49132149113694,103.12376340796772,103.25570696652156,21678000
2024-11-26,103.17089080810547,103.21800939953718,102.83160531210413,103.18973680660119,25005000
2024-11-27,103.54789733886719,103.651568328429,103.25573037265379,103.47249894820655,23584000
2024-11-29,104.18875885009766,104.20760485068331,103.94371770017074,103.99083629682765,11838900
2024-12-02,104.35234832763672,104.43746819039482,103.85111016318142,104.36180769358364,33409400
2024-12-03,103.9835205078125,104.541507695941,103.92677873848449,104.46584719324855,27394800
2024-12-04,104.48474884033203,104.58877299529486,103.74706988278649,103.79435949308171,22704100
2024-12-05,104.45639038085938,104.5415102523155,104.19158583034314,104.22941608261443,16792500
2024-12-06,104.69282531738281,104.9103474667386,104.44693949770767,104.90088809971019,16668800
2024-12-09,104.42802429199219,104.59825682734056,104.34291163200959,104.54151505401883,21149300
2024-12-10,104.26725769042969,104.4091193480512,104.13485540075189,104.19159717764705,19497500
2024-12-11,103.9835205078125,104.58879009858677,103.96460898983072,104.45638782656631,24516500
2024-12-12,103.39717102050781,103.76600695679258,103.3215105168128,103.73763607175265,24747600
2024-12-13,102.82027435302734,103.26477080185326,102.75407321482238,103.25531143485745,13195000
2024-12-16,102.95265197753906,103.14179597986778,102.80133100337115,103.11342510105659,18893000
2024-12-17,102.96212768554688,103.1039821021195,102.84863693690644,102.93374958685001,29945700
2024-12-18,101.68560791015625,103.06178694683565,101.60019319688176,102.84350007447445,36753900
2024-12-19,101.13512420654297,101.55272652056642,100.91683735402266,101.41985437355694,40479900
2024-12-20,101.53376770019531,101.99882030547123,101.3724167122099,101.63816105808185,27608300
2024-12-23,101.23954010009766,101.62867090448341,101.12565380885502,101.56223482092854,13091800
2024-12-24,101.55272674560547,101.56221968212402,101.00225228335269,101.04021678843795,6215300
2024-12-26,101.64763641357422,101.68560091941607,101.07818330792458,101.07818330792458,12454800
2024-12-27,101.2205581665039,101.59070308295973,101.18259365699691,101.46732385780439,13908400
2024-12-30,101.65711975097656,101.72355581967909,101.5242476135715,101.5811907464627,9141400
2024-12-31,101.40086364746094,101.92286651500693,101.23951993966985,101.82795887754091,10768700
2025-01-02,101.4103775024414,101.84695851763391,101.19209061534019,101.66663614154815,19098100
2025-01-03,101.17310333251953,101.60968434164135,101.1161601872832,101.55274119640502,22610500
2025-01-06,100.91683197021484,101.16359037807446,100.85988159525692,101.09715430811401,24302200
2025-01-07,100.4517822265625,100.8978561296413,100.2904385036159,100.78396985037983,25115700
2025-01-08,100.61312866210938,100.70803630421875,100.2524694847092,100.32839849479228,30143800
2025-01-10,100.03419494628906,100.35688241738198,99.8633582730664,99.98673749889784,24613500
2025-01-13,99.74945831298828,100.00571692679598,99.68302223551764,99.9867310526676,18873300
2025-01-14,99.86334228515625,99.92028542011738,99.59759800068605,99.84435641284342,27585200
2025-01-15,101.05919647216797,101.21104724222003,100.81243082472129,101.0022460975335,32123600
2025-01-16,101.2585220336914,101.46732321416042,100.80295516348724,101.01175634395625,24583300
2025-01-17,101.34391021728516,101.56220427816945,101.27747415370956,101.53373271392103,18912000
2025-01-21,101.932373046875,101.95135168050416,101.66662873012952,101.77102931756374,20670600
2025-01-22,101.60966491699219,102.03676014758712,101.60017922192617,101.93235957395204,18418900
2025-01-23,101.46731567382812,101.47680136969744,101.14462098954102,101.16359962226888,18118300
2025-01-24,101.66661071777344,101.78049698135015,101.32493744506677,101.42933801400426,13020200
2025-01-27,102.36895751953125,102.39742909144022,102.03677711227688,102.16964927517863,18954300
2025-01-28,102.22659301757812,102.2835361617295,102.0083061376713,102.10321379158687,22253100
2025-01-29,102.09371185302734,102.42589223294081,101.77102440996546,102.39742066337526,24969100
2025-01-30,102.32150268554688,102.51132523810426,102.17914482236633,102.36896013393373,22709300
2025-01-31,101.98931121826172,102.52079982585037,101.78051005356926,102.40691354764664,28454600
2025-02-03,102.15028381347656,102.5694033133237,101.94072406355299,102.26459111360654,21155000
2025-02-04,102.3503189086914,102.46462621191549,101.86452922140568,101.9026316558137,25086200
2025-02-05,103.06471252441406,103.28379968273765,102.65512048108386,102.91231006986787,30119200
2025-02-06,102.87422943115234,103.15046666003387,102.76944954201463,102.99805690590735,22557700
2025-02-07,102.42652893066406,102.60751368638361,102.30270146308033,102.53130881373363,23911000
2025-02-10,102.4551010131836,102.73133821817315,102.35032113310837,102.5217784580227,15302300
2025-02-11,102.22649383544922,102.3026987060455,102.1121865295548,102.14076880650074,19478800
2025-02-12,101.67401123046875,101.79784595203174,101.31204902525234,101.51208134397423,31480600
2025-02-13,102.46463012695312,102.64561488048238,102.18839291741247,102.22649535327635,20735100
2025-02-14,102.86470031738281,103.2076149912455,102.86470031738281,102.99805521640754,14409400
2025-02-18,102.44557189941406,102.83610910867615,102.36936703560337,102.73132923776042,17640000
2025-02-19,102.50273132324219,102.6551337975581,102.30269898784829,102.40747886838268,26007400
2025-02-20,102.75039672851562,102.82659433440493,102.59798698214362,102.6646644293572,23814800
2025-02-21,103.11235046386719,103.42669008933997,102.86468828010413,102.89326328836601,30130700
2025-02-24,103.37905883789062,103.52194114457103,103.04567163383365,103.1694990903988,23399500
2025-02-25,104.16968536376953,104.20778780306625,103.88392070269266,104.0268030332311,26835200
2025-02-26,104.38876342773438,104.43639329282277,104.00775357621558,104.20778592845207,22983100
2025-02-27,103.95060729980469,104.2554195736975,103.89345726948036,104.09348964291335,27258200
2025-02-28,104.4078140258789,104.4554438890263,103.96964690065073,104.31256156688092,29596100
2025-03-03,104.7376937866211,104.7376937866211,104.09706878689423,104.16399964813559,42545300
2025-03-04,104.39347839355469,104.74725998013558,104.26918030390478,104.56558736879445,46053300
2025-03-05,104.0588150024414,104.65162908051138,103.96320053451879,104.53689463697077,45483500
2025-03-06,103.73372650146484,104.06838081711888,103.54249754821025,103.9249627496364,40519900
2025-03-07,103.57118225097656,104.25005452556222,103.45644050086686,104.25005452556222,30747100
2025-03-10,103.9249496459961,104.27872389440228,103.79108793661277,104.04924772044744,34294800
2025-03-11,103.2460708618164,103.9153793659324,103.21737995885523,103.84844851552079,42262600
2025-03-12,102.94010162353516,103.32255946258672,102.90185438064685,103.29387585414943,35875600
2025-03-13,103.26519775390625,103.29388136387355,102.48114747016398,102.58632556998809,43907900
2025-03-14,103.21739196777344,103.46599542461861,103.14090476905805,103.26520285002243,31358100
2025-03-17,103.42774200439453,103.80064351994628,103.37993841991526,103.59985095733502,17561400
2025-03-18,103.67634582519531,103.89626565833456,103.28431703848673,103.39905877250496,27948100
2025-03-19,104.28829193115234,104.39347003509519,103.53292522779749,103.69547055392141,27469800
2025-03-20,104.13532257080078,104.842878476174,104.12575893433275,104.83331483970596,26937300
2025-03-21,103.99188995361328,104.31698062169056,103.92495909283757,104.20224617174173,26447400
2025-03-24,103.54247283935547,103.8771270751493,103.4659783583411,103.8771270751493,25243300
2025-03-25,103.64767456054688,103.85803078384377,103.44688197328628,103.54249644889843,22744000
2025-03-26,103.2269515991211,103.47555504632315,103.17914801364279,103.47555504632315,17115600
2025-03-27,103.10264587402344,103.14089311651828,102.9209732959018,103.04527136282336,22028900
2025-03-28,103.72415924072266,103.77196282654532,103.40862493564505,103.55205028294543,27257000
2025-03-31,103.9249496459961,104.04924772044744,103.55204812772597,103.98231686575579,29834300
2025-04-01,104.2964096069336,104.52676957988493,104.12363779646721,104.1716254908675,22059200
2025-04-02,104.53638458251953,104.6323673076769,103.99886814021575,104.6323673076769,24769000
2025-04-03,104.52678680419922,105.14108504863682,104.38280905125012,104.72835272912286,41675700
2025-04-04,104.41159057617188,105.07388376625399,104.14283604193908,104.74753374396286,60793800
2025-04-07,102.3767318725586,103.92207046311681,102.08877639781421,103.44214955388415,62583200
2025-04-08,101.0809326171875,102.6166852796692,100.75458993636757,102.54948932690007,56747700
2025-04-09,102.77025604248047,102.8086505913027,99.60277533325514,99.90992440082155,77380700
2025-04-10,101.02334594726562,102.07917042605517,100.84097366822516,101.70483272287535,55825000
2025-04-11,101.004150390625,101.19611581107073,99.29562592740785,100.33225677304215,41686900
2025-04-14,101.6280517578125,101.82961766619461,101.24412087880589,101.73363494644296,28111900
2025-04-15,102.1751480102539,102.32872620026698,101.62803852360187,101.67603353873375,20502600
2025-04-16,102.60708618164062,102.61668664973745,102.01198165083296,102.27114302836675,24639800
2025-04-17,102.46310424804688,102.70306467954113,102.29033244445056,102.61668243924858,11483700
2025-04-21,101.35928344726562,102.10795881186469,101.27290120812471,101.94478747814667,23506700
2025-04-22,101.60885620117188,101.96400031277899,101.57046164940256,101.91600529231437,20939300
2025-04-23,102.05998229980469,103.34616682131175,102.04078136255156,103.23099048984062,31155900
2025-04-24,103.106201171875,103.16379665772062,102.57829259220243,102.76065754884749,23838700
2025-04-25,103.65330505371094,103.7013000688049,103.32696238470766,103.49973418683032,14575300
2025-04-28,103.89327239990234,103.9988555817294,103.54772877265229,103.55732924091247,18297900
2025-04-29,104.13323974609375,104.14284021499014,103.71091431381024,103.7205074596945,19346200
2025-04-30,103.64371490478516,103.94126350253677,103.4805362425559,103.78768530820602,35129300
2025-05-01,103.27942657470703,103.84801174274962,103.20232903456125,103.84801174274962,28056300
2025-05-02,103.02888488769531,103.15416289348836,102.82650197863613,102.96141901639083,20302100
2025-05-05,102.88433074951172,102.93251120537029,102.44103085250566,102.76868442108207,20005800
2025-05-06,103.0866928100586,103.09633184093893,102.50847594848625,102.59520516913027,29906500
2025-05-07,103.29871368408203,103.40472097296134,103.11560884830381,103.29871368408203,19892000
2025-05-08,102.7782974243164,103.52997998767506,102.7782974243164,103.45288245491382,25149700
2025-05-09,102.73974609375,103.14449710200664,102.71083635779242,103.04812886467295,18254700
2025-05-12,102.72048950195312,102.95178214280114,102.62412124447984,102.72048950195312,28270900
2025-05-13,102.8072280883789,102.94214512196203,102.60485253800422,102.81686712004253,32005700
2025-05-14,102.28681945800781,102.83612656381972,102.24827068800377,102.71084857562616,25340600
2025-05-15,103.01924133300781,103.07706081738513,102.4602951426044,102.5277536585202,30008300
2025-05-16,103.21198272705078,103.50109486745451,103.06742665684891,103.49145583546048,21888400
2025-05-19,103.22161102294922,103.2794305040453,102.20972598920962,102.30610159427158,33615600
2025-05-20,102.97105407714844,103.09633943053683,102.73976878597833,102.92287362405253,23036200
2025-05-21,101.82425689697266,102.67230784619663,101.73752031956444,102.49884204380689,35452800
2025-05-22,102.34463500976562,102.3928228085282,101.56404266630746,101.70859871016937,34010700
2025-05-23,102.42173767089844,102.70121074236641,102.23863284935105,102.54702301297874,21447200
2025-05-27,103.34688568115234,103.43362225242387,102.65302252068473,103.03850287121409,29208400
2025-05-28,103.09634399414062,103.21198296863108,102.7975928210436,103.14452444936926,29079800
2025-05-29,103.55890655517578,103.65527481057681,103.30834320919183,103.4336285583971,31012800
2025-05-30,103.8576431274414,103.8576431274414,103.452892071459,103.54926032015585,29890800
2025-06-02,103.56360626220703,103.57328084240041,103.19605338982572,103.48622437974491,24225900
2025-06-03,103.61196899414062,103.89247277585707,103.48622159363951,103.72803443516655,24080000
2025-06-04,104.3664321899414,104.5115213823199,103.99887191864349,104.10527016775153,28006400
2025-06-05,104.04723358154297,104.45347740149323,103.98920085856224,104.40511925885683,29760700
2025-06-06,103.41851806640625,103.83443646418918,103.40885086566291,103.70869643864273,31093100
2025-06-09,103.72804260253906,103.86345721409315,103.4378715975844,103.48622974197208,18850000
2025-06-10,103.97953796386719,104.16331811335024,103.74739966631303,104.12462716716732,20359000
2025-06-11,104.30839538574219,104.43414280023573,104.0375661538224,104.1536389873065,20584700
2025-06-12,104.88874816894531,104.88874816894531,104.54053706133091,104.68562625276071,26497300
2025-06-13,104.26001739501953,104.64691938678082,103.97951363548114,104.57921209168823,34794500
2025-06-16,104.07625579833984,104.57923069094535,104.05691401610564,104.26971051839696,21286000
2025-06-17,104.43413543701172,104.5018427402179,104.12461528242024,104.34707897315086,27241300
2025-06-18,104.51152038574219,104.86939869338133,104.3180656712346,104.67595135841654,29762000
2025-06-20,104.59857940673828,104.76301039502927,104.19233553700403,104.32775016024878,20437500
2025-06-23,104.85973358154297,105.14023000896769,104.7630025325905,104.8403844199353,34072400
2025-06-24,105.35302734375,105.44975101392554,104.72431241829452,104.73398699917497,38185300
2025-06-25,105.22727966308594,105.28531238506513,104.97579223527198,105.14989778075203,30675200
2025-06-26,105.61418914794922,105.62385634926628,105.13056341854866,105.34335992021178,31026000
2025-06-27,105.44007873535156,105.81730619655168,105.31433132858976,105.43040415493697,24704800
2025-06-30,106.02041625976562,106.12681449380779,105.6625306198473,105.7882780125563,40575000
2025-07-01,106.1485824584961,106.21654641017365,105.84763310316016,106.07092312617927,28691300
2025-07-02,106.12915802001953,106.12915802001953,105.72141879421869,105.79908552485897,24284500
2025-07-03,105.87675476074219,106.09033458664429,105.79909542953871,105.96413169256932,17340500
2025-07-07,105.24571990966797,105.68258229482676,105.12921981716241,105.68258229482676,18303300
2025-07-08,104.94477081298828,105.03214774039185,104.85740129229211,105.00302456682647,29374900
2025-07-09,105.54666900634766,105.56608198503852,105.0903862366903,105.18746594355835,33182900
2025-07-10,105.56609344482422,105.6631731622308,105.30397746715568,105.5078470957218,29758900
2025-07-11,104.92535400390625,105.12922361813176,104.84768727276116,105.10010044562914,23776000
2025-07-14,104.89623260498047,105.03214568342882,104.71177596706889,104.86710202527816,18216500
2025-07-15,104.51762390136719,105.11952260352832,104.47879053240392,105.11952260352832,31329400
2025-07-16,104.68265533447266,104.94477130449617,104.20695214165198,104.76032206881571,41794100
2025-07-17,104.93505859375,105.05155869246988,104.79914551526377,104.8865224409805,19396900
2025-07-18,105.12921905517578,105.26513212542704,105.00301617757299,105.22629876154,17446200
2025-07-21,105.5369644165039,105.80879057284815,105.50784124356805,105.68258768789039,17147100
2025-07-22,105.78937530517578,105.84762164978775,105.54667232701641,105.58550569232676,19568700
2025-07-23,105.62434387207031,105.70200319952367,105.47872059719566,105.58551050498991,20810400
2025-07-24,105.46900939941406,105.68258921296874,105.25542958585939,105.27484997256838,23064800
2025-07-25,105.80879211425781,105.85733567432958,105.43017604716165,105.51755297394935,26008500
2025-07-28,105.59520721435547,105.7602508666252,105.55638125621707,105.68258413693438,21887900
2025-07-29,106.29420471191406,106.30391490587498,105.75055235742778,105.7699653386418,26131300
2025-07-30,105.89616394042969,106.2553596035131,105.7990842316695,105.9058667266108,23313300
2025-07-31,105.92528533935547,106.30390138187765,105.90586495390428,106.21653186746802,31745000
2025-08-01,106.8649673461914,106.93320154567188,106.36783565153509,106.56278838234502,46073800
2025-08-04,107.05018615722656,107.11842036213191,106.81624137426117,107.01119412057058,31779600
2025-08-05,107.12815856933594,107.1574007344022,106.84547191207915,106.86496420980008,25922900
2025-08-06,107.09893035888672,107.14766482802384,106.47507263295414,106.88447787116539,31825300
2025-08-07,106.99169158935547,107.3036204158038,106.9234573909752,107.13790985359029,29018100
2025-08-08,106.65052795410156,106.8747228626858,106.63102821780792,106.8747228626858,16946300
2025-08-11,106.81623077392578,106.9526991701935,106.68950480812732,106.80648090648671,24444300
2025-08-12,106.91371154785156,106.93320384656398,106.51404877303065,106.63102487621559,26380500
2025-08-13,107.47908020019531,107.53756453075016,107.27437760628354,107.28412003672948,27701400
2025-08-14,107.10867309570312,107.28413354643224,106.98195455122071,107.22564920851279,18817700
2025-08-15,106.9721908569336,107.15740115236866,106.86496462662589,107.06966721985792,20932000
2025-08-18,106.77723693847656,107.06966602398337,106.67976057664096,107.05017372640413,19579900
2025-08-19,106.94296264648438,107.01119685313209,106.84548627084058,106.91372047748831,26744200
2025-08-20,106.99169158935547,107.098917820663,106.8259735901721,106.90395765602665,25054700
2025-08-21,106.58229064941406,106.8064930040884,106.43607980611631,106.79674313554499,25157900
2025-08-22,107.42060089111328,107.52782713421294,106.79674316960835,106.88447711258566,34562900
2025-08-25,107.1379165649414,107.36211147210497,107.1086669606863,107.19640089951098,18983100
2025-08-26,107.21588897705078,107.23538871245303,106.89421771261374,107.11841261094955,23246400
2025-08-27,107.2548828125,107.28412497912456,106.82597787008605,106.91371180692988,25171700
2025-08-28,107.42060089111328,107.52782713421294,107.225648142007,107.30363221643778,26892700
2025-08-29,107.03070068359375,107.23540331136532,106.98195877542246,107.2159035733084,32201100
2025-09-02,106.67266082763672,106.71178224100342,106.437887569016,106.50636123701285,31044800
2025-09-03,107.3084945678711,107.43566529393469,106.85852364143024,106.87809181301115,34520600
2025-09-04,108.04214477539062,108.05192886122616,107.57261313827664,107.68021569325501,43026600
2025-09-05,108.74645233154297,108.88339968427847,108.63884977395492,108.78558121276325,36249000
2025-09-08,109.12794494628906,109.19641861974019,108.99099759938683,109.07903944415008,28998000
2025-09-09,108.93230438232422,109.11816468824385,108.69753857589497,109.0105621388241,24412500
2025-09-10,109.25511169433594,109.54856708570173,109.11816435241782,109.14750914524735,30188100
2025-09-11,109.76376342773438,109.88115005275868,109.43117918477017,109.45073989073933,28405600
2025-09-12,109.5681381225586,109.59748291615578,109.27467526044552,109.52900924340548,26728500
2025-09-15,109.91050720214844,109.96919678972506,109.78334394137556,109.78334394137556,21863600
2025-09-16,109.81269073486328,109.94963808374965,109.71487226609743,109.84203552918596,28232600
2025-09-17,109.61705017089844,110.18440775789723,109.38228434502933,110.00833152272764,34969800
2025-09-18,109.39204406738281,109.44094956104983,109.088797169142,109.28444153301824,37159300
2025-09-19,109.30401611328125,109.40183457610208,109.12793989497564,109.30401611328125,26845400
2025-09-22,109.05946350097656,109.26488450669108,109.00077391736389,109.2061949230784,25908600
2025-09-23,109.27466583251953,109.31379470829671,109.05946074728001,109.21597625038874,31575400
2025-09-24,108.8344955444336,109.08882208094728,108.74645369481648,109.05947728543194,34756700
2025-09-25,108.63883972167969,108.6584078920147,108.26712657908779,108.58015013681525,36991200
2025-09-26,108.78557586669922,108.96165209200208,108.57037076209899,108.72688627928848,31962100
2025-09-29,109.14749908447266,109.26487824497127,108.99098358638153,109.03011246090432,31961900
2025-09-30,109.0398941040039,109.4213912932225,108.9518522725314,109.21597030387937,34939700
2025-10-01,109.477783203125,109.477783203125,109.20288727388312,109.40905922081453,30262700
2025-10-02,109.65450286865234,109.6937747856598,109.37960693995241,109.45814328361504,18259400
2025-10-03,109.51705932617188,109.73304364290507,109.44833534122208,109.65450729607144,19971200
2025-10-06,109.16361999511719,109.43851593603928,109.1341679286402,109.21270427579464,19553600
2025-10-07,109.3697738647461,109.45813004956595,109.14396224184306,109.31086225118149,29459500
2025-10-08,109.23234558105469,109.58578536466321,109.22252572863425,109.57596551224277,22462100
2025-10-09,109.0163345336914,109.18323454362526,108.92797085820493,109.14396263122588,29660700
2025-10-10,109.32069396972656,109.51705355233985,109.25196998839996,109.44832957101325,39146400
2025-10-13,109.69377899169922,109.76250297650932,109.30106729691899,109.36979128172908,11235900
2025-10-14,110.05701446533203,110.0864665271693,109.44831854642449,109.4875829686399,43975300
2025-10-15,110.05701446533203,110.44972610064907,109.8704822435788,110.21410211559942,45017200
2025-10-16,110.37120056152344,110.39084026623644,109.93922443242232,110.00794841821246,39858400
2025-10-17,110.15519714355469,110.27301288835912,110.06684095271528,110.24356082474598,35433500
2025-10-20,110.48900604248047,110.50863825501486,110.37119029621823,110.41046221163897,26361100
2025-10-21,110.50865173339844,110.83263945737136,110.49883937111046,110.76391546959101,27353800
2025-10-22,110.61664581298828,110.62646566546685,110.36138957136778,110.4988375446566,41003600
2025-10-23,110.47918701171875,110.63627467456865,110.41046303180993,110.46936716020262,27558500
2025-10-24,110.66571807861328,110.73444205314411,110.49881806766007,110.72462220239643,29474600
2025-10-27,110.8522720336914,110.87190424735772,110.49883226487863,110.65591244526631,23513400
2025-10-28,110.86209106445312,110.87191091705321,110.64609924936833,110.79336707695822,34236300
2025-10-29,110.2337417602539,110.83262535916867,110.14538556878382,110.80317329534532,36236000
2025-10-30,109.64468383789062,109.96867153786415,109.48759616868443,109.58577970711447,46045200
2025-10-31,109.202880859375,109.74285283428185,109.16360894459692,109.74285283428185,57255300
2025-11-03,108.90924835205078,108.9979325512183,108.78115730605474,108.9683661398149,53372100
2025-11-04,109.05705261230469,109.33294565098345,108.83042189194914,108.84027736262239,62636700
2025-11-05,108.73188018798828,109.09645739566281,108.71217676589383,109.02748414205097,43258300
2025-11-06,109.30338287353516,109.30338287353516,109.10631857219994,109.1752918294194,37814800
2025-11-07,109.08661651611328,109.21470757066142,108.96837341516911,109.02749872440211,42671600
2025-11-10,109.1457290649414,109.27382763085808,109.08661127606999,109.1457290649414,45229000
2025-11-11,109.57927703857422,109.65810576693411,109.35265384144112,109.42162709937571,11282600
2025-11-12,109.47089385986328,109.55957806224818,109.37236170417465,109.51030822564306,39067900
2025-11-13,108.92896270751953,109.2836844802662,108.92896270751953,109.16544138351011,34125900
2025-11-14,108.63336181640625,109.10632669937092,108.623506345349,109.01764249489928,31437600
2025-11-17,108.70233154296875,108.95852115947154,108.6333582828551,108.69247607223208,34343300
2025-11-18,108.75160217285156,108.9585219547027,108.64321454652168,108.88954869408566,30566000
2025-11-19,108.7614517211914,109.04720023865887,108.70233393051596,108.97822697703029,29144800
2025-11-20,108.90924835205078,109.18514138497848,108.81071619993679,109.04719486851462,49362200
2025-11-21,109.29353332519531,109.33294769110223,108.9880813863187,109.27382990100267,41000500
2025-11-24,109.72708892822266,109.72708892822266,109.46104382537658,109.54972803216593,28437900
2025-11-25,110.03253173828125,110.2591624545585,109.76649417506317,109.79605306902948,47560900
2025-11-26,110.40696716308594,110.41681511630318,109.90444340070914,110.03253445022727,24585400
2025-11-28,110.2197494506836,110.37739939295707,110.04238856717502,110.33799254552979,25471200
2025-12-01,109.62932586669922,109.66888629487855,109.44142326457263,109.55020501034058,24610100
2025-12-02,109.69854736328125,109.82712063257524,109.53042121384412,109.61942651223566,34955000
2025-12-03,109.94579315185547,110.0446904418825,109.72821458656826,109.77766700427155,20997800
2025-12-04,109.74800109863281,109.83700639809253,109.63921181348445,109.81722995778361,29846500
2025-12-05,109.63921356201172,109.80733971614784,109.48097185549783,109.79744772314575,25470000
2025-12-08,109.41173553466797,109.66887451752932,109.1941645211169,109.65898252520175,28815200
2025-12-09,109.27328491210938,109.65898963873221,109.18427961152557,109.63921319817352,29239900
2025-12-10,109.77767181396484,109.83700868150488,109.21394893619483,109.24361736996484,34019300
2025-12-11,109.61942291259766,110.08424846550216,109.56997804135256,109.96557473821039,41927200
2025-12-12,108.95680236816406,109.19416491260061,108.88757351238158,109.08537563274537,39040100
2025-12-15,109.08538055419922,109.39196442287059,109.00625970248412,109.31284357115548,22151200
2025-12-16,109.33262634277344,109.3721792228121,108.90736120125145,108.96669806668906,31692600
2025-12-17,109.21395111083984,109.36230082802373,109.13483025562442,109.21395111083984,22248000
2025-12-18,109.62932586669922,109.71833871644773,109.42163927779289,109.62932586669922,31844300
2025-12-19,109.34733581542969,109.55584249829035,109.3175502286174,109.49627132466578,28594900
2025-12-22,109.32747650146484,109.42676431155526,109.22818869137443,109.39697872604557,17335000
2025-12-23,109.43669891357422,109.48633903264182,109.06932567163591,109.12890441976145,16137300
2025-12-24,109.86363983154297,109.86363983154297,109.55583777235286,109.64520210410946,6400600
2025-12-26,109.85371398925781,110.01258055317287,109.6849239464791,109.96293285815574,10589300
2025-12-29,110.00265502929688,110.00265502929688,109.80407181441969,109.90336720944582,18943900
2025-12-30,109.87357330322266,109.9728611155573,109.69485221095049,109.78420896949932,21486400
